replicate,log_resource_neutral:count_cross_entropy_nats_per_event,log_resource_neutral:count_total_variation,log_resource_neutral:resource_share_total_variation,linear_resource_neutral:count_cross_entropy_nats_per_event,linear_resource_neutral:count_total_variation,linear_resource_neutral:resource_share_total_variation,historical_count_shape:count_cross_entropy_nats_per_event,historical_count_shape:count_total_variation,historical_count_shape:resource_share_total_variation,linear_resource_neutral:cross_entropy_minus_log_neutral,historical_count_shape:cross_entropy_minus_log_neutral
0,1.3427630043749565,0.12890145808993742,0.0915098201329751,2.448978696705266,0.6470672926814293,0.4872564316328609,1.3179614593198057,0.04343573763273323,0.24928227929237823,1.1062156923303093,-0.024801545055150864
1,1.266668312324089,0.16878235511213263,0.17581104003914794,2.4457091352754623,0.6709489696314807,0.5802152220831859,1.1956864095445487,0.04605559452176157,0.08219023112454185,1.1790408229513734,-0.0709819027795402
2,1.3366238054156612,0.10785303902333644,0.10639472167089402,2.348130464470781,0.6319299277424069,0.5150472867326362,1.3094389773596427,0.028696342326823065,0.19154067993506216,1.01150665905512,-0.027184828056018517
3,1.289129909567436,0.15028025113672142,0.2315511602755218,2.3586800205773404,0.644816147315376,0.6406420693664311,1.2337820793585017,0.03814322181915896,0.06830259176014358,1.0695501110099044,-0.0553478302089343
4,1.3615093702227226,0.16602153601947928,0.12390684134026175,2.5503188747384073,0.6700035736089457,0.5252321594679612,1.305371014195574,0.04059940950364882,0.23319732367115809,1.1888095045156848,-0.05613835602714845
5,1.3767010160358928,0.11550977506959106,0.0287974349234889,2.4500705471748105,0.6355886271885671,0.4024103284379555,1.3756731947338716,0.06922647918743978,0.3145792805201981,1.0733695311389178,-0.0010278213020211702
6,1.3256663428091524,0.09358925939920776,0.04664945972623867,2.2855456139225074,0.5965791308472148,0.43648295860804065,1.3170380646401743,0.05195615364049547,0.20706474114902254,0.959879271113355,-0.008628278168978154
7,1.293939614857562,0.15150738196216523,0.06373342699787415,2.424719329750547,0.6597975031741514,0.3869170197934867,1.2401150133243113,0.02255528009415771,0.23839293960584876,1.130779714892985,-0.05382460153325064
8,1.3633165149530233,0.1383302285285496,0.1050839259532762,2.588401684456831,0.6688799876386224,0.5135436897903878,1.316686804189675,0.039064058047188516,0.2525196440159246,1.2250851695038076,-0.04662971076334821
9,1.3811425106556012,0.11257200844250716,0.0579594288325294,2.39377537374651,0.615843568207942,0.4670503379234387,1.3765627731262884,0.06432092004381162,0.25191752525215594,1.0126328630909087,-0.004579737529312844
10,1.388991963808322,0.1165312868198267,0.03768171751227993,2.547594983127348,0.6578871641087252,0.41460664369306555,1.3655811293644307,0.05331344727507256,0.29864386702396895,1.1586030193190262,-0.02341083444389125
11,1.320596974894187,0.23709060724604092,0.16468043340711716,2.6197924305193836,0.7010492970803407,0.5684416817838096,1.2107407130937147,0.10284984776098269,0.20538700935877569,1.2991954556251966,-0.10985626180047237
12,1.3138985699295396,0.21261212740795682,0.19928573049117312,2.4574321473685847,0.6512189334531244,0.6000394349989324,1.2244501134187706,0.06515033742006149,0.11181528758634529,1.1435335774390452,-0.08944845651076894
13,1.3023645147535319,0.18555402125953296,0.0683011680981413,2.4003821946840196,0.6456903532655297,0.3922332774384952,1.241834670291817,0.06814449917898194,0.29302271772174193,1.0980176799304877,-0.06052984446171483
14,1.3421661812045425,0.1625467619250595,0.10557620616669823,2.470657357008393,0.6460299308925999,0.49042997811097166,1.3025243546929333,0.06414989097915927,0.2450073900080788,1.1284911758038507,-0.03964182651160919
15,1.3172212278678215,0.19566963897553036,0.178737807353748,2.4385438322893744,0.660690742712146,0.5878287164446574,1.2607364060223802,0.10363785648270399,0.1830205096598,1.121322604421553,-0.056484821845441235
16,1.3212374800515718,0.12015837587945168,0.11316736633828872,2.325642229455249,0.6085674165913827,0.511227788436789,1.2972254447118847,0.039950237775146946,0.20190834637471022,1.004404749403677,-0.0240120353396871
17,1.3556770624910053,0.10295318935231484,0.0420582393075728,2.398539668209002,0.6235894039896062,0.3808066616120669,1.3522329923639402,0.0562289562289562,0.30921479395275503,1.0428626057179966,-0.0034440701270650464
18,1.3570337657000207,0.1087466144026967,0.05107345391390432,2.3422911677010787,0.606246390271461,0.45229467576345095,1.3456042906523304,0.06312176838492625,0.24026607869379218,0.985257402001058,-0.011429475047690207
19,1.3186658993094635,0.21225696793826587,0.17911666216984168,2.5925276359242355,0.7072411174969546,0.5870177967920526,1.2135773497216347,0.05869747703213166,0.15992355427474425,1.273861736614772,-0.10508854958782887
20,1.3015250247105745,0.14617518658406678,0.10508376669246072,2.412787063325739,0.645139160285201,0.5106637382468726,1.2522460422289199,0.03537890154216987,0.17103588734294878,1.1112620386151646,-0.04927898248165463
21,1.2791628962682318,0.20966373303088928,0.256066788227515,2.415229045696667,0.6545447448274462,0.6651576973184243,1.20084068833767,0.09897750511247441,0.054407364189222845,1.1360661494284352,-0.07832220793056166
22,1.3721473757967995,0.09882270078622254,0.06289648543230919,2.4385953637479867,0.6252817595705713,0.3608371260137171,1.3779873429993454,0.08342041356979911,0.3303355536762197,1.0664479879511872,0.0058399672025459815
23,1.3041594347826901,0.1741374719554323,0.07893781707788128,2.483135920431968,0.6690254977789271,0.4642751487130339,1.246954515660559,0.05394226626454112,0.2707164043060739,1.1789764856492777,-0.057204919122131104
24,1.3882912682680362,0.15412605125728895,0.04190482658450773,2.772803382376798,0.722761616079369,0.4201467766795179,1.3176414442030646,0.06130594545889705,0.3113702413832904,1.3845121141087617,-0.07064982406497156
25,1.304944044162856,0.21125621096316827,0.18282996430458837,2.626828536096861,0.7099624144689887,0.5919208733954977,1.1966185709535824,0.05359926497155895,0.09091175702123441,1.321884491934005,-0.10832547320927355
26,1.3768445098182815,0.16347618676404885,0.03733408137751087,2.504793343040992,0.6575362774452358,0.4262656135925579,1.3475580030999192,0.04645847102886098,0.34051746632997437,1.1279488332227103,-0.029286506718362304
27,1.260977933815158,0.22601798764244457,0.09242503067534172,2.3743960250891747,0.6570281283804206,0.44580704951289285,1.1916886580723562,0.11544618566899745,0.2938274829137866,1.1134180912740166,-0.06928927574280186
28,1.3404119868129167,0.06782243337185417,0.09910126779473329,2.2536449104606446,0.5953583724527907,0.4996618721712997,1.3419790713192672,0.06837257827966467,0.17755008594800556,0.9132329236477279,0.001567084506350458
29,1.3787458789034424,0.16445526890088083,0.025128358073595453,2.6919717976715196,0.6968171197639228,0.4039563566407464,1.3156324285955205,0.034654530144521606,0.3169159038594375,1.3132259187680773,-0.06311345030792181
30,1.2529025245111418,0.20470006399237317,0.3096140380470732,2.438463130420495,0.6723634120549307,0.713886392335414,1.1605707519639648,0.06854407186405499,0.10725366909181405,1.185560605909353,-0.09233177254717706
31,1.3909809768492594,0.13528039908071007,0.040807871651017506,2.415130217554617,0.6241666177535379,0.384288259580544,1.3876339376376041,0.055746562975516084,0.3479656773733585,1.0241492407053576,-0.003347039211655245
32,1.315715115169799,0.14983204315452797,0.1893591868802611,2.370552158109967,0.6357276594821731,0.5984500959711704,1.282634282666972,0.044038132222267164,0.18834254175994095,1.054837042940168,-0.033080832502826896
33,1.3622217542316712,0.10383914653752752,0.026108794459176382,2.291128232791565,0.6009477712263287,0.4023696953991417,1.3846133745119062,0.07161566032533778,0.3205861512415705,0.9289064785598939,0.022391620280235003
34,1.2941817123428643,0.15985405647294285,0.13775087789149185,2.541506337294483,0.6901672357560794,0.5468417869824012,1.218827127825993,0.03342852383332143,0.11559838652740312,1.2473246249516188,-0.07535458451687127
35,1.3143788354216628,0.1647514703391671,0.07920750203065796,2.61598968416297,0.6935411303357955,0.47803610005055486,1.245440942607435,0.06516380658885003,0.23810154744366574,1.3016108487413074,-0.06893789281422769
36,1.331525302857338,0.12078616667671963,0.11530997841182615,2.400379212535971,0.6372536763047294,0.5244008875027355,1.3006814258418398,0.0419222422180974,0.15200346451732077,1.0688539096786331,-0.030843877015498178
37,1.295473451693561,0.2010790933681845,0.2576803844860912,2.6535189396884116,0.7233358609643625,0.6667712935770005,1.1820912276155395,0.03812681954758457,0.04401435924417382,1.3580454879948505,-0.11338222407802157
38,1.327808519920025,0.17073633412684008,0.09267891526604681,2.586357882315234,0.6869073248140696,0.49049055221430615,1.2587031937349162,0.03688475859695235,0.23787173962934516,1.2585493623952089,-0.06910532618510867
39,1.334827888232855,0.14154930304389873,0.11337590943272377,2.530873884341129,0.6806952345483739,0.5121937548764006,1.2780901800627147,0.027693425849165915,0.16238988430747636,1.196045996108274,-0.056737708170140344
40,1.2683141649068976,0.15437811189328568,0.2105773338470568,2.499695091830658,0.6930652638569212,0.6028271956670399,1.1952864568971977,0.041969939726863484,0.05321970677893898,1.2313809269237606,-0.07302770800969993
41,1.2395542348608237,0.19395669808503566,0.15509723059217068,2.4205736952449954,0.6700694584257616,0.5577910627531726,1.1553277884223399,0.04398171205450521,0.0780171668485107,1.1810194603841717,-0.08422644643848387
42,1.2910196474092965,0.18040110716455815,0.09255428210785688,2.540401743687452,0.6985454137820203,0.4452992267009922,1.2133516607934418,0.03028635189312255,0.24661290580908274,1.2493820962781557,-0.07766798661585472
43,1.344323128523711,0.16258541792955267,0.1444448295257216,2.566272373963451,0.6836680863296676,0.5535357386166309,1.2784211457190082,0.035632408175211,0.1792720151868078,1.22194924543974,-0.06590198280470272
44,1.298221265373125,0.23699339874823047,0.13448195518861644,2.61199065908217,0.712061746162209,0.5317349577611985,1.1789891471751437,0.06653260651242744,0.204330610666072,1.313769393709045,-0.11923211819798141
45,1.3397524722868648,0.12658743214598092,0.14263809169834685,2.336538280100347,0.6183984417145916,0.5517290007892561,1.3341889020257314,0.05561123864334443,0.24331617277520134,0.9967858078134821,-0.00556357026113341
46,1.3559437741828946,0.10593399316584262,0.10234142566210108,2.321635309306097,0.6029214048790529,0.5020216373213774,1.3565755380175166,0.06901130322947208,0.21411268232686198,0.9656915351232023,0.0006317638346220456
47,1.3367457523727309,0.19404374936234453,0.18878895540922197,2.589186904064407,0.6870693379149471,0.5915220457440092,1.2472040016053378,0.03372141879345633,0.17659743423888385,1.2524411516916762,-0.08954175076739301
48,1.3051464279494391,0.1344836572174371,0.12933043141073675,2.4741609744201463,0.6743558706869612,0.538421340501646,1.2700622934758323,0.052179570592062435,0.25460035889259464,1.1690145464707071,-0.03508413447360681
49,1.4221156338602032,0.08724949901838139,0.07497328150157723,2.410622782696292,0.6149905489401759,0.3836387869945925,1.4428012319672465,0.08676351896690881,0.322745982425123,0.9885071488360886,0.02068559810704329
50,1.2602281420330168,0.16826826921461502,0.0951532693563859,2.3666874392240564,0.6521732647045664,0.4630674548755744,1.1956638722524953,0.029128715244487093,0.15922313938038207,1.1064592971910396,-0.06456426978052154
51,1.3141842499224665,0.187027696104567,0.09044173830336069,2.660502354761361,0.7001663705912355,0.4992452281277825,1.2233708078826724,0.04617795969915317,0.22552808515809372,1.3463181048388944,-0.09081344203979413
52,1.2937312161751868,0.18299871766108178,0.10340280664339413,2.496071836201411,0.6824566630233759,0.48627313037550834,1.220643461044216,0.05538806431663577,0.1569897535972815,1.202340620026224,-0.07308775513097077
53,1.3343307791637393,0.12613249544809652,0.07704110683668178,2.4428053798733735,0.649184233610504,0.48383722194361034,1.303675694617656,0.06929262470159564,0.19336738692711308,1.1084746007096342,-0.030655084546083344
54,1.3652684737854195,0.11601646504716548,0.048738753614611836,2.354101291699001,0.6081669955103755,0.44068193699554836,1.3851879319945348,0.0629465139933734,0.3147190196755403,0.9888328179135815,0.019919458209115337
55,1.3644833375709942,0.18307751432670497,0.21424134620044152,2.6689056386390186,0.7042541669165324,0.6233322552913507,1.267171457073551,0.028690228690228733,0.12717082247015107,1.3044223010680245,-0.0973118804974431
56,1.3024622189433335,0.20421950520363677,0.15176955240900886,2.487588117520416,0.6669155249054168,0.5460366469983499,1.2262704670959974,0.07984569318974466,0.1472802548516737,1.1851258985770827,-0.07619175184733606
57,1.3820589231192417,0.11012098312060735,0.06903748730099743,2.2092591172679388,0.5612864440483807,0.4541628630647374,1.3889519064382698,0.05205547396983164,0.2538184502133292,0.827200194148697,0.006892983319028101
58,1.289863298821657,0.14801212285059215,0.043588325025646614,2.360575553592159,0.6458688736677326,0.409858295169934,1.2436406822592823,0.03961566888396157,0.22365168988464668,1.0707122547705021,-0.046222616562374697
59,1.3386129416435808,0.17979293415714503,0.17485553219049138,2.3966861943766786,0.6343984691108742,0.5665902470157991,1.2805684311220338,0.06594614398241438,0.18925812941949893,1.0580732527330978,-0.05804451052154702
60,1.3521647040729095,0.1852456450240792,0.03867568537076191,2.4275752188671236,0.641512102387251,0.4333779378637979,1.3089207023519789,0.061806633203004176,0.3011521171541397,1.0754105147942141,-0.04324400172093057
61,1.289033859686176,0.19666164344162393,0.2522186996741632,2.7063756045628438,0.7334335540172326,0.6613096087650725,1.162552605770524,0.013400852496597178,0.10096935415110506,1.4173417448766679,-0.1264812539156519
62,1.3106215105501646,0.16541389937517575,0.052693806431845756,2.375263802151789,0.6345641253435477,0.4181276907403184,1.2850264682199484,0.08490543767778386,0.2935251927987581,1.0646422916016243,-0.025595042330216256
63,1.3273121149076825,0.19388877939790375,0.2611544798112812,2.5637815016898013,0.6754408131952814,0.6626901538186535,1.2368595295373797,0.05305129702392145,0.10224286596089315,1.2364693867821188,-0.09045258537030287
64,1.2898425017706558,0.18358578561130118,0.13524559583589113,2.5252676450157994,0.6902076438353615,0.5269559102417738,1.206613154769395,0.07324632567224836,0.2091672671101278,1.2354251432451435,-0.08322934700126083
65,1.351904091671253,0.12125207584305331,0.0843828745663616,2.4709829371063807,0.6385845757135957,0.46332135204981706,1.327832314390611,0.04428699917782672,0.2656721251828774,1.1190788454351277,-0.024071777280642026
66,1.2660327958664879,0.1985066718082115,0.16188775334572725,2.397088344752367,0.6573662854228279,0.5602892499683552,1.1808870164276657,0.044430992736077465,0.08951286398500932,1.1310555488858793,-0.08514577943882218
67,1.2949200258462765,0.19164141599430928,0.2687786906371409,2.4605223669082283,0.6735209549586054,0.6778695997280502,1.208441426615337,0.023942437378836143,0.05462171300462973,1.1656023410619518,-0.08647859923093959
68,1.3388184156943175,0.09810518049535678,0.04321887042549756,2.2732592607587194,0.5961592531050237,0.4403572305746072,1.3412075991390107,0.04384998477275572,0.24607764243186145,0.934440845064402,0.002389183444693188
69,1.3053315666971017,0.2281619493578298,0.18036027359024664,2.6689904393963886,0.7201878943395573,0.5835018692568248,1.2026859594715817,0.09220598469032709,0.21242384011229742,1.3636588726992869,-0.10264560722551996
70,1.4232111180601965,0.21787949035537674,0.05710244215937966,2.8382979479260153,0.7179142696162815,0.44340082748153953,1.3714254187435053,0.0674258793524849,0.4082390418244754,1.4150868298658188,-0.05178569931669119
71,1.3920743471073682,0.09654206183193281,0.04686361200950151,2.439463135597684,0.6222238738608525,0.43601576732684655,1.3888061894157109,0.05814843806810646,0.2821253349978142,1.047388788490316,-0.0032681576916573363
72,1.3127617433212408,0.158063999536607,0.16907549118217477,2.49654728961196,0.6697178696885342,0.5764548531940097,1.2434868396311005,0.015089566197453292,0.14992352845616835,1.183785546290719,-0.06927490369014033
73,1.3406895106096977,0.1680323343904266,0.27202761430063893,2.631409843967878,0.714299936136508,0.6811185233915482,1.2429034011227897,0.04116105758215756,0.08736167636539681,1.2907203333581803,-0.09778610948690791
74,1.390222979520766,0.09788867725115541,0.04490083008373232,2.413906141563875,0.621499318680534,0.426532500962378,1.402258977854094,0.06889804701033936,0.30560087799532865,1.0236831620431093,0.012035998333328024
75,1.3068183157186999,0.15498051542797203,0.04446967542385812,2.3405475072238136,0.6204689829760891,0.4349659675026514,1.2596880607259346,0.04309131728486565,0.1683510759275641,1.0337291915051137,-0.04713025499276524
76,1.3215914592172453,0.16810584630443096,0.17072271412059142,2.4599357061209104,0.6539464335810169,0.5798136232115008,1.2680420530287861,0.02968477283545775,0.21503793664695442,1.138344246903665,-0.05354940618845916
77,1.4081618159153744,0.10177959448260765,0.038632076921401734,2.4975756594953435,0.6459456863271161,0.432194979761358,1.422164454364653,0.08254545454545456,0.3567128328073211,1.0894138435799692,0.014002638449278626
78,1.2966211525423614,0.21355917106447503,0.32668481404072736,2.5909904082589743,0.7027003498585778,0.7357757231316366,1.1806888047569244,0.05769005847953218,0.04759347394818457,1.2943692557166129,-0.11593234778543704
79,1.3439989450645058,0.16902184828975794,0.06516900813041547,2.5794341932509166,0.6789664692393114,0.4547084747416774,1.2756045247196834,0.026821405544809808,0.2064380301643931,1.2354352481864108,-0.06839442034482235
80,1.3682232846610736,0.1669813893430837,0.17992996920543258,2.6117635300126434,0.6908322473572097,0.5890208782963419,1.2877899168932079,0.012446326005648007,0.11669129325922849,1.2435402453515698,-0.0804333677678657
81,1.3153981383373987,0.21321825807749015,0.06271147352114737,2.547252674509976,0.6795639306415545,0.4396469843459194,1.2392111762279168,0.0925912027099376,0.2860063500582185,1.2318545361725775,-0.07618696210948195
82,1.3891998263153202,0.14789587177197508,0.04479100259269673,2.552617880926186,0.653600552479685,0.38041203310518223,1.3797167823204441,0.06888981414890796,0.3987279468788391,1.1634180546108657,-0.009483043994876095
83,1.3674112379345327,0.05307731430092778,0.059817385808173446,2.353088434589642,0.6082535364402155,0.43091706039697975,1.3883814289591205,0.10951482479784361,0.2492548884515314,0.9856771966551094,0.02097019102458786
84,1.2871714876806588,0.21644693625320102,0.18966386974270216,2.618076669406303,0.7120923253453709,0.5966290912545336,1.1770830884585988,0.05873354306080884,0.10130237627447244,1.3309051817256443,-0.11008839922206004
85,1.273683262060997,0.21805130191278493,0.2817516036544856,2.531149514191476,0.6964134374227147,0.690842512745395,1.1629147854650272,0.05884969160239679,0.02961719167210347,1.2574662521304791,-0.11076847659596978
86,1.3453679403266308,0.1432280978262415,0.09903799302550806,2.464142704228278,0.649162871122559,0.5015222264288446,1.304014228882763,0.036061641782095095,0.19842266174757456,1.1187747639016474,-0.04135371144386779
87,1.3391693601202648,0.16627188805534196,0.1901073115302347,2.4699100728458605,0.6699308329140596,0.5991982206211439,1.2743351720485547,0.04359087955579183,0.05108442374313233,1.1307407127255957,-0.06483418807171004
88,1.4083866787162802,0.05598024167342409,0.05781809962130419,2.3283535570422966,0.5914734120199061,0.45829100383119875,1.4448099986067806,0.13471939379587966,0.2334093524658456,0.9199668783260164,0.036423319890500405
89,1.3104730095493342,0.12921054371971807,0.22025307514839515,2.333980685067629,0.6236389725398581,0.6293439842393045,1.2744467092941048,0.043201335235685256,0.09441235754708308,1.0235076755182946,-0.03602630025522946
90,1.3921552348006965,0.13152291752713197,0.16615112986503305,2.5753773932579405,0.6777459899201423,0.5752420389559423,1.3357432668213165,0.04361042183622829,0.15023137323760433,1.183222158457244,-0.05641196797937997
91,1.3199595128483348,0.20542607829007933,0.10128726627335952,2.6043088695363794,0.6974665902135135,0.49707604070661016,1.2198991331533462,0.050015831026769805,0.20969567682364224,1.2843493566880446,-0.1000603796949886
92,1.3204201206099064,0.14600694048877932,0.0768722691368876,2.229999985937428,0.5844285946451317,0.4632974788106452,1.3082188386504234,0.05565324257893739,0.25073483352672354,0.9095798653275216,-0.012201281959483001
93,1.4292471924297203,0.21530622522414278,0.37502376783578,2.9997212990278586,0.7858105696715834,0.7841146769266892,1.2557482843038827,0.041121956376193716,0.09014948140334926,1.5704741065981382,-0.17349890812583757
94,1.3766558496750276,0.16431356968869273,0.09699405438348425,2.709576698814751,0.7021276844746001,0.49283942318962315,1.3066261012130438,0.038125530323189626,0.2908051259828413,1.3329208491397235,-0.07002974846198384
95,1.3022857139800157,0.1891629791182392,0.25897111043505383,2.66342546456545,0.7224423674856911,0.6680620195259631,1.1953919718696464,0.02705774617539325,0.06898831308284042,1.3611397505854341,-0.10689374211036928
96,1.3530401013437818,0.17541877502646874,0.07121309879972385,2.5899612102672434,0.6783174889979093,0.44932558060581096,1.2945941622026504,0.03480431108773266,0.291959864549758,1.2369211089234615,-0.05844593914113139
97,1.3368075258601104,0.2230251840801577,0.19007098645996628,2.6462607084683243,0.7049624673037295,0.5867869557701246,1.2290849062676337,0.05945192357036555,0.17085601518580734,1.3094531826082139,-0.10772261959247675
98,1.378353224927159,0.07316239744804517,0.03166971658315688,2.2013560530128067,0.5609549084691119,0.4151215510779102,1.4230035372075833,0.1001706805378469,0.30822125330513095,0.8230028280856476,0.044650312280424265
99,1.3695486732498245,0.11406632722751482,0.09309456137738639,2.438192491408585,0.6441806214904675,0.5012820494219561,1.343003547592313,0.06420006273071634,0.19435810305090487,1.0686438181587603,-0.026545125657511548
100,1.2742665483027706,0.181060315899219,0.22776208537374554,2.4120320503298873,0.647639727020011,0.6368529944646548,1.1986740185114053,0.059862016961435255,0.07001114746412741,1.1377655020271167,-0.07559252979136533
101,1.3843513316381373,0.15227206796727263,0.044610240970134274,2.5603818369824367,0.6661877486188221,0.3910396530112886,1.376221802371648,0.08741177575982001,0.40981792432501274,1.1760305053442994,-0.008129529266489355
102,1.3205414065744152,0.16323301874926413,0.12330632069136967,2.507765639871158,0.6762285592507864,0.5297934247583502,1.2571251332947062,0.037190082644628114,0.2447063807691999,1.1872242332967426,-0.063416273279709
103,1.292143259161114,0.16711763004957442,0.11551082423067754,2.3178849872762415,0.6336111152499668,0.49229307289499424,1.2364236958460373,0.05000000000000002,0.12746989814446258,1.0257417281151275,-0.05571956331507666
104,1.370040817120223,0.11453709755306854,0.07567822756623419,2.3724578280700763,0.6249866336465082,0.47985900381579005,1.3503199317163732,0.03627811188086838,0.18406637926393576,1.0024170109498534,-0.019720885403849753
105,1.3729429025932625,0.13045407612994958,0.02752731580272786,2.4887975920245897,0.652868306539858,0.41064957828380955,1.3461628271883659,0.0387228485469633,0.3010245420983707,1.1158546894313273,-0.026780075404896575
106,1.2602146717314262,0.16908339767171293,0.35010171737431106,2.50457063845346,0.6782701549787937,0.7591926264652202,1.1743108544716996,0.04212008218552624,0.16335872489603068,1.2443559667220339,-0.08590381725972662
107,1.3176933670774735,0.1918683620752979,0.20237085848088296,2.709259978804708,0.729608324726565,0.6114617675717922,1.2046808675710332,0.024781078811627843,0.08662691054418721,1.3915666117272343,-0.11301249950644032
108,1.295279314971429,0.1642896855759149,0.07535882380388151,2.3950276771886245,0.6511747380165358,0.4617401619355189,1.26549586694636,0.06778175187600816,0.297260857845532,1.0997483622171955,-0.029783448025068937
109,1.3825512142442924,0.15400814067298743,0.039587310758735395,2.5616209963114276,0.6578801778715031,0.4025421805440223,1.3436372597860131,0.05006662859318488,0.31668038401084697,1.1790697820671352,-0.038913954458279276
110,1.3072807952646777,0.13638226506782233,0.04424025130931222,2.4724698862922994,0.6613758364247174,0.4198352137325864,1.2751832220239314,0.05739711673594248,0.278925404658517,1.1651890910276217,-0.03209757324074625
111,1.3709583361452489,0.11165552979526605,0.04977035743816945,2.4135608650539737,0.623555368669277,0.37114704293281453,1.3599928655380653,0.060321257689678734,0.28533753132404516,1.0426025289087248,-0.010965470607183558
112,1.2677385760164541,0.18892679324515177,0.0779891455960803,2.3445503192615353,0.649686331066381,0.38013905442004625,1.2145486277943047,0.10948047023132347,0.2742143779329619,1.0768117432450812,-0.0531899482221494
113,1.389763238868682,0.11494602141126892,0.06850860581255061,2.420451432499359,0.6217182377359227,0.45662071378604263,1.3723049081365684,0.059729159261022124,0.243924434874774,1.0306881936306769,-0.01745833073211367
114,1.3226907923051776,0.15959119788085374,0.11398194196562866,2.4006085417390484,0.6479483801845307,0.5009048292404581,1.2818881783999472,0.04175731437996967,0.24425579979261622,1.0779177494338708,-0.040802613905230434
115,1.3477776481076256,0.11394716464245405,0.0691158999567451,2.347151924095012,0.6226663267388304,0.45937074587816246,1.3363169573347495,0.07328045062992636,0.2243292791759577,0.9993742759873863,-0.011460690772876037
116,1.3350147329967097,0.1428432535421355,0.1787841997504109,2.390288088896388,0.6410806460539825,0.5878751088413202,1.2935613764814704,0.025353892821031326,0.16998640860692493,1.0552733558996783,-0.04145335651523929
117,1.3803682193633742,0.1400480920403945,0.03821856717195293,2.567698216697297,0.6725763991040016,0.43649786050494044,1.3721792393659236,0.060354421467425236,0.36012142609592285,1.1873299973339229,-0.008188979997450607
118,1.3159466499263666,0.1621437950064314,0.2546770884474244,2.4204219819099,0.6499253395810871,0.6637679975383337,1.254142564071202,0.03692786397175399,0.096366205115096,1.1044753319835336,-0.0618040858551645
119,1.3245633401817214,0.19055757224115105,0.31779117748513586,2.621787790848475,0.6989554408544549,0.726882086576045,1.2324164019059771,0.06136135987226405,0.13952930500509075,1.2972244506667536,-0.09214693827574427
120,1.3300968301953724,0.18420566594729004,0.05961579055872561,2.626552778511812,0.6938836841301639,0.4591444671051761,1.268679986715691,0.04912232331587172,0.3215107118893076,1.2964559483164397,-0.06141684347968135
121,1.3582523535029138,0.13061311453489127,0.08835246612481659,2.5277769672454697,0.6660313936079403,0.4882814320252098,1.311381715782999,0.03134755550383676,0.2255761510663279,1.169524613742556,-0.04687063771991484
122,1.34474277875255,0.08735603141098915,0.02014583679660681,2.2250855874296813,0.5835786392020414,0.41689567756943713,1.3593035397740676,0.06008903291271828,0.2705998667281851,0.8803428086771312,0.014560761021517488
123,1.234575472506072,0.1679793208389735,0.0812962402424855,2.364608994011543,0.6468033237053901,0.3769305811678183,1.1768344201296919,0.029825748325137808,0.2578012115190171,1.1300335215054709,-0.057741052376380164
124,1.3878791102285306,0.11375255473421819,0.06980031220889782,2.3832790741899075,0.6180437847910261,0.4640605885496589,1.3847975509582233,0.06760676004137764,0.24133244293340717,0.9953999639613769,-0.003081559270307288
125,1.348208735706718,0.1845810778649541,0.3032936661957775,2.532598234727139,0.6872321297951347,0.7123845752866869,1.260237836750599,0.04251523906839085,0.0456218042122276,1.1843894990204211,-0.08797089895611898
126,1.3352342721181902,0.1729523859489808,0.19497282161396912,2.4917364757997342,0.6767467356625109,0.6040637307048784,1.2662724476698588,0.030526542478733702,0.1738070041786568,1.156502203681544,-0.06896182444833143
127,1.2963619670587943,0.1614894120602825,0.28257641167676784,2.4829290970386766,0.6794925858508942,0.6916673207676771,1.216906915627783,0.01638941818734435,0.06353873976993592,1.1865671299798823,-0.07945505143101128
128,1.3298732211978368,0.13361314724994203,0.2971128143810463,2.507674766437306,0.6752629311483753,0.7062037234719556,1.2667787382280045,0.05051927928389402,0.0699377625609915,1.177801545239469,-0.06309448296983233
129,1.4037023689949306,0.17548639946836453,0.05199806277320671,2.7956439002263926,0.7217273608725301,0.43967531442218083,1.3201513740452198,0.029151477634867168,0.31353272290140866,1.391941531231462,-0.08355099494971086
130,1.323810065853349,0.1594521483503038,0.059558518051023704,2.5422720546919475,0.6705147726332237,0.4415585577982069,1.2719281203963642,0.04110900651499701,0.2732340037702407,1.2184619888385986,-0.05188194545698477
131,1.3083686192897792,0.15436585509496614,0.21061023205497692,2.444203463572062,0.6666177152987218,0.6197011411458864,1.242450621881485,0.015036940460669314,0.07330202931423116,1.1358348442822828,-0.06591799740829418
132,1.329002260115683,0.20176745498644316,0.2310990109514962,2.6181648130053223,0.7039968464149553,0.6401899200424055,1.2340697976929311,0.05573742431050348,0.06643997399309531,1.2891625528896393,-0.09493246242275188
133,1.347662831702637,0.12534224180461875,0.0817510046024367,2.450727176907913,0.6574539057280371,0.49084191369334595,1.3167660772638856,0.04550677139251473,0.25168494894197596,1.103064345205276,-0.030896754438751284
134,1.3215270838408486,0.15267805656582828,0.14011011611329544,2.591246185748968,0.6912345272577316,0.5492010252042048,1.2532005515179727,0.023623900565718264,0.15854373292547158,1.2697191019081195,-0.06832653232287589
135,1.3747230697134616,0.14011735869922262,0.14035336859232522,2.6049543381930698,0.6846086338275038,0.5494442776832344,1.3195593138706352,0.04934306226831216,0.19026747595864263,1.2302312684796082,-0.0551637558428264
136,1.3164915303648306,0.1804846193848358,0.24436288899677872,2.561398486834832,0.7030492480816277,0.653453798087688,1.2246075661747646,0.047493403693931416,0.05996497513855942,1.2449069564700015,-0.09188396419006595
137,1.373191193193223,0.11608324813039181,0.06969802933515465,2.469167825203842,0.644879301839157,0.4643189299908554,1.3477115841513894,0.04726401021627008,0.2537330738378497,1.0959766320106188,-0.025479609041833662
138,1.3168083831845028,0.23795997335613756,0.30047297014874125,2.7752886804147696,0.7433044072060561,0.7095638792396506,1.1767567905111282,0.08423366834170855,0.07825302536807362,1.4584802972302668,-0.14005159267337453
139,1.262154204197452,0.24220367384423913,0.18456207660448842,2.594387000329361,0.7190068252905515,0.5887133446384738,1.1401536423662257,0.09980315796926999,0.12792792615108106,1.3322327961319091,-0.12200056183122632
140,1.338239606676808,0.15464711619535698,0.05290714461285879,2.4962296794367833,0.6598042062460994,0.4551595314509126,1.2897073590739425,0.043246515473659305,0.24774905892388496,1.1579900727599752,-0.048532247602865564
141,1.2647972184477587,0.19279283231202293,0.18928089909738938,2.3367436610865786,0.6445259848613806,0.5983718081882987,1.1996744325787576,0.0887827944332544,0.11207202788672266,1.0719464426388199,-0.06512278586900111
142,1.3389138458173488,0.11837100910160112,0.0260670606611334,2.3535642916242328,0.6191043768865986,0.4015886283302765,1.3346760275624328,0.047853400305980134,0.30525627806097627,1.014650445806884,-0.0042378182549160925
143,1.3403793540777866,0.13538799411685093,0.10213671920029596,2.5695400964217243,0.6779718295452251,0.5112276282912052,1.2849438070798014,0.03933209647495362,0.2277757776762007,1.2291607423439377,-0.05543554699798525
144,1.3406569780775612,0.12037748100169574,0.03153208710738817,2.4538559845020744,0.6512031259857991,0.40099702695438405,1.3145923250461808,0.042163265544624275,0.2660462205275529,1.1131990064245132,-0.02606465303138039
145,1.3024921387977026,0.1551880826955562,0.15599883805788134,2.3128415801312032,0.6196543821426796,0.5650897471487906,1.2523295617879406,0.02630394101838954,0.08663443428918235,1.0103494413335006,-0.05016257700976201
146,1.4024442608410932,0.17235714311323094,0.11015189543895981,2.7141007283226513,0.7021200135267043,0.5098538895257307,1.3295192260373268,0.04028759717820419,0.289843386984891,1.311656467481558,-0.07292503480376644
147,1.314085771367993,0.21138610871327285,0.14890436893303957,2.7140328965999023,0.7316825681781638,0.5579952780239488,1.2015589425617321,0.07248755301493638,0.15218186474534864,1.3999471252319093,-0.11252682880626086
148,1.3267346442219408,0.14684296398472438,0.06995253744093843,2.4303387670605545,0.665880339136992,0.4511803642116674,1.2797073788860307,0.034231921266581075,0.2755985333886779,1.1036041228386138,-0.04702726533591006
149,1.267299920415583,0.19354086102473467,0.23126342546875833,2.3665675080867294,0.6510969906251756,0.6381413771383219,1.1893816890312006,0.053891204695677056,0.07272042434357608,1.0992675876711464,-0.07791823138438247
150,1.3184445636001039,0.17471010671162646,0.16097886706998973,2.504971049716203,0.6707292018094073,0.570069776160899,1.2459945155304482,0.025985292902586162,0.1414914403512773,1.1865264861160991,-0.07245004806965571
151,1.376482955067241,0.09176082945954048,0.07481528695561687,2.3924126768157614,0.6222544623304864,0.47691838853487745,1.3757497921995188,0.08479172113657257,0.20234503092973954,1.0159297217485204,-0.0007331628677222923
152,1.3460800956476724,0.15377884144608703,0.06701273500490862,2.5858419571464175,0.68962978131591,0.4687520375387663,1.287344874815728,0.02392345516081654,0.24039843642587072,1.2397618614987451,-0.05873522083194449
153,1.2500441013025236,0.20684045385931343,0.28717548131953846,2.4056823699186074,0.671760376734357,0.6962663904104478,1.1646193257335047,0.09136248533135694,0.09591183328878468,1.1556382686160838,-0.08542477556901895
154,1.3747295796916381,0.08325228516983899,0.021167157993407508,2.31789087960553,0.5965539394837549,0.40245046427517084,1.396730230278647,0.10693125248144644,0.27138658733842247,0.9431612999138919,0.022000650587008952
155,1.2839949144552376,0.19751824064620754,0.18979123138075116,2.45072413712504,0.6763502744110172,0.5988821404716604,1.198463919430646,0.048243178677961296,0.1298484964534682,1.1667292226698023,-0.08553099502459172
156,1.3535533780284108,0.21259852118512912,0.1395012495328714,2.817967243966974,0.7434235777600093,0.5472189011037534,1.2297745760096377,0.028982809107891118,0.1996604444516239,1.4644138659385633,-0.12377880201877312
157,1.3277418487013124,0.2299187974842392,0.16079940187094952,2.5524933542212587,0.6880535465523547,0.5522476003365971,1.2393882596627397,0.09259978928096446,0.20493196795765334,1.2247515055199463,-0.08835358903857271
158,1.4020946372384826,0.1739169155535272,0.04151237164896054,2.728484504506078,0.7011300232922019,0.3753801311039088,1.3402702273314404,0.04925945849022772,0.3781817260784434,1.3263898672675956,-0.06182440990704219
159,1.3089541307302226,0.13262095773834182,0.30377293305840336,2.4614919838003604,0.6672652485429735,0.7128638421493128,1.246766545377013,0.025633213971015582,0.05361348983916474,1.1525378530701378,-0.06218758535320967
160,1.2686133718785433,0.21969598504915333,0.28976590312946165,2.359333320359816,0.634046178413163,0.6988568122203709,1.1745904043909359,0.0855186902347146,0.03287113307125708,1.0907199484812726,-0.09402296748760741
161,1.2684096511382164,0.19952364966739128,0.06611451300149787,2.4889996490841626,0.6774075082161874,0.4170509681948758,1.1985007260666012,0.10566057350775362,0.2826110922570701,1.2205899979459462,-0.06990892507161517
162,1.2993026314960014,0.1914467103671419,0.12694329148819322,2.427927668390796,0.6592908479528395,0.5228589175878193,1.236660326401052,0.06827488413917134,0.22000057761744163,1.1286250368947945,-0.06264230509494939
163,1.3458666267154138,0.126597760132477,0.10404683177250401,2.4581553579344857,0.6381871807362495,0.4940626817257182,1.3155825991095706,0.04302528357752872,0.2418138803267585,1.112288731219072,-0.030284027605843145
164,1.2558192222595448,0.24034957733312615,0.29594678358167925,2.5809310783652584,0.7105875181743606,0.7050376926725886,1.1333752131481822,0.11322989794112447,0.07411405420695606,1.3251118561057136,-0.12244400911136255
165,1.3444220428122362,0.09956572189520915,0.12360085999233558,2.4381598989226867,0.6475445994096196,0.5274265241398933,1.3166554432295297,0.046824908312174646,0.2094444021217839,1.0937378561104505,-0.027766599582706553
166,1.3850287667262304,0.152065665088833,0.03944901011404346,2.6233806563073765,0.6766832465571304,0.4241187826160929,1.3360018785613725,0.03895288049160621,0.3095588313272817,1.238351889581146,-0.049026888164857896
167,1.3094509946391364,0.14504117428149096,0.036681855509682226,2.3592716844174335,0.6342283259069947,0.4218825811735221,1.2824462004750081,0.03775462975871167,0.2876982497385224,1.0498206897782971,-0.027004794164128265
168,1.3485734016910522,0.23501323441797478,0.2371757437839112,2.724377006673451,0.718171610115202,0.6462666528748204,1.217284728427946,0.05445052356272653,0.10614306455725744,1.375803604982399,-0.13128867326310623
169,1.3327377394755233,0.1952752088784796,0.11655594637060226,2.565974406737868,0.6873092792190876,0.5256468554615115,1.2721400261512696,0.08211751523633636,0.2500821107906048,1.2332366672623447,-0.06059771332425368
170,1.3134064103321332,0.25199095730355675,0.26587510438582485,2.6280657296683048,0.705827454275584,0.6717232118528453,1.1909000134311811,0.10835913312693503,0.10920994895024558,1.3146593193361715,-0.12250639690095211
171,1.3067162828890542,0.13841530900737486,0.1327186282745397,2.430020019274056,0.6540809992753491,0.541809537365449,1.2578823519854194,0.04141722080478938,0.14149228652488813,1.1233037363850018,-0.04883393090363475
172,1.3228293643859723,0.2207418332708822,0.14093965535936123,2.659960895646572,0.7209752861377767,0.5424021702286953,1.2069919277368508,0.05904411357724026,0.20477158209724122,1.3371315312605996,-0.1158374366491215
173,1.3338064634107467,0.14513652703243995,0.0632248199326067,2.52264203250359,0.6705460270937236,0.45334256805322914,1.2855954365199702,0.05273329384001324,0.2228283271831123,1.1888355690928432,-0.0482110268907765
174,1.290422604444819,0.1958678939441646,0.19875016483757985,2.668766573230725,0.7266311696045564,0.6078410739284892,1.1699118437965859,0.018224007139669835,0.11367044096354945,1.3783439687859058,-0.12051076064823318
175,1.371127199903527,0.13042417618041363,0.032937660729063636,2.349942447262223,0.6180284518405942,0.3795556963605399,1.3749441706260017,0.08201641783927986,0.32697675836488566,0.9788152473586957,0.0038169707224746663
176,1.3818996853302885,0.10846016671322836,0.03336017146911931,2.512892937679195,0.6553145092500816,0.4204909783508595,1.3623382890581466,0.06078987765734755,0.2988674168549187,1.1309932523489066,-0.01956139627214193
177,1.3277070191884952,0.16517777426603547,0.14306562686619784,2.539301871260381,0.6754173940435862,0.5521565359571071,1.2590196382478833,0.03184496032938698,0.14248199367780043,1.211594852071886,-0.06868738094061189
178,1.228794515785631,0.17415591317860477,0.18242239212222716,2.436560914864851,0.674442268269748,0.5915133012131365,1.1583147368213562,0.06876426324554372,0.08362066798783582,1.20776639907922,-0.07047977896427482
179,1.3340970842195046,0.17165674563570052,0.09056163509892583,2.6432815821090228,0.6980967583484975,0.49965254418983507,1.2512668705528744,0.017378612038256205,0.2147149953707439,1.3091844978895182,-0.08283021366663013
180,1.3875308253821164,0.15344719558139913,0.07786787380848387,2.5731897599279696,0.6788615776855196,0.4807233960885808,1.337727957749797,0.04507799398102415,0.2764702069905234,1.1856589345458532,-0.04980286763231945
181,1.3587728780783377,0.0996883312162139,0.03555635817571146,2.3580844707114053,0.6121776507962952,0.4147976598133052,1.358677175269178,0.06812848101126877,0.2781289710686852,0.9993115926330676,-9.570280915971452e-05
182,1.326810485320601,0.17913206440743754,0.13396085719736195,2.558014684420583,0.6872037101606743,0.5198449850145386,1.2581240224353976,0.04254910183826095,0.19679909171925214,1.2312041990999818,-0.06868646288520353
183,1.3348584184056955,0.15836485688458765,0.07068250303308299,2.5299008325200614,0.667232780847294,0.3584546637288992,1.3061186626943826,0.05029694310823966,0.3959207276893539,1.1950424141143658,-0.02873975571131293
184,1.2967696486742817,0.16351919905458692,0.1365403014564839,2.3162028017644594,0.6250163345013211,0.5353193670604872,1.2615687575652972,0.04433630450493856,0.22945348805383575,1.0194331530901777,-0.0352008911089845
185,1.3183306793730345,0.15704333996628,0.17940225894771003,2.5818512732141494,0.6909970628111508,0.5884931680386194,1.241615678253421,0.028450634463889814,0.21229184559700626,1.263520593841115,-0.0767150011196136
186,1.3553336236792246,0.1920557894112786,0.12732820862914002,2.71903410994802,0.711472636936337,0.5264375229843836,1.2774360013465889,0.07596721693862185,0.24179574119573105,1.3637004862687956,-0.07789762233263575
187,1.3763342295923053,0.14141475254133504,0.045481020136598334,2.583964150864681,0.672097749195085,0.4238207993438149,1.3656220641943833,0.05898384270975278,0.3802403927598668,1.2076299212723758,-0.01071216539792208
188,1.3706454387420908,0.14793433801994443,0.034221727091356506,2.4720933700810797,0.6452108382399431,0.395670860905102,1.355106557014844,0.051264451969128454,0.355847765872991,1.1014479313389889,-0.015538881727246823
189,1.337967715173288,0.12201853964086626,0.17288129355105375,2.4315617266858705,0.6532455650387149,0.581972202641963,1.2943479306003947,0.02442313281022956,0.14436642318337306,1.0935940115125824,-0.043619784572893394
190,1.27340833961394,0.1841509707092719,0.1572184372090608,2.4677896096275878,0.6825936621342945,0.5620830945585618,1.1885593142364432,0.04250500428939094,0.13351815888754165,1.1943812700136478,-0.08484902537749672
191,1.2967360659017113,0.21592666219984719,0.2806062731321239,2.633631288871463,0.7114524604041066,0.6896971822230332,1.1856219468845808,0.07629298405286697,0.05548065891771309,1.3368952229697517,-0.11111411901713053
192,1.3628103797125537,0.17137909083565653,0.03853899266345456,2.573490062698906,0.6673116177493648,0.40085301613340685,1.3385472141488473,0.07894419980734829,0.4012103893901276,1.2106796829863524,-0.024263165563706446
193,1.3714304347091835,0.10813520431364279,0.026659221572443347,2.4638062022718934,0.6438932539968469,0.39659182406347293,1.3542525476542502,0.05506136623455062,0.28071044450603233,1.09237576756271,-0.017177887054933283
194,1.3690069283891027,0.1274506710869109,0.04771430064952494,2.4496260602210187,0.6296297052276396,0.40004924342583004,1.367978900658977,0.06560188355679819,0.3535172353175068,1.080619131831916,-0.001028027730125558
195,1.288367880125931,0.20649227276337934,0.10878068713879245,2.4561719855440707,0.665782439672003,0.4961804637884477,1.2064094852038185,0.07688602341781536,0.16105764621526958,1.1678041054181396,-0.08195839492211254
196,1.323931458727166,0.17533335736134464,0.23138417258912045,2.456857650807183,0.6680087903993908,0.6404750816800298,1.2470722592460293,0.026232460947765837,0.0632826539411499,1.132926192080017,-0.07685919948113673
197,1.401748598311792,0.2729768374109078,0.13744227645709028,2.9100637273364693,0.7447553117701535,0.5330599007163439,1.240103851986984,0.0825530416497218,0.24621374075940672,1.5083151290246772,-0.16164474632480808
198,1.2659418040963877,0.18911142886660104,0.2043434762509672,2.3484272223982434,0.6458922668070785,0.6096435133851381,1.1971851325712661,0.07276480173818575,0.05488246718797597,1.0824854183018557,-0.06875667152512155
199,1.3165426719441269,0.1754154587098645,0.10213359670023263,2.4338479750057553,0.6613535340070013,0.5002110728538134,1.24919539274382,0.023586703913743016,0.1962845338096167,1.1173053030616285,-0.06734727920030692
200,1.3649064689629078,0.11145764792890148,0.05765953562694829,2.367451764362679,0.6128082193669964,0.43355902117707,1.3589156418733443,0.0665656394471223,0.25745423970779724,1.002545295399771,-0.005990827089563444
201,1.3450476661370343,0.0927877737471152,0.03586698429362422,2.3654063969095596,0.6198634200299493,0.3855635071988196,1.3513828663278025,0.08414608338120144,0.27651714425132584,1.0203587307725253,0.006335200190768164
202,1.306929040343714,0.16026754817281877,0.12781566977156694,2.3530961137132835,0.6443776755579673,0.5369065788624763,1.2561038856016427,0.053561879297173445,0.15289140976419782,1.0461670733695696,-0.05082515474207128
203,1.2980766238293329,0.1422352554461166,0.12088409068219141,2.389280295079708,0.6501361404050687,0.5285456308815453,1.2584453156165307,0.03501042752867569,0.19476304631042435,1.0912036712503752,-0.03963130821280214
204,1.3186564897802946,0.14188613996386143,0.09053034925499384,2.375397551734053,0.6400763166566183,0.4920016604985171,1.2879045749170013,0.04336734693877549,0.2601030796856585,1.0567410619537585,-0.030751914863293317
205,1.3397803915405757,0.13279947827762334,0.17162537708647524,2.4669243231268076,0.6593038886416587,0.5807162861773845,1.2908632985805377,0.03158308770328211,0.18061571833318352,1.127143931586232,-0.04891709296003799
206,1.3582721961656632,0.10427528064394326,0.04455291784915032,2.316253807729911,0.6038425677714997,0.37378484077234403,1.3821015137643555,0.06716840142351613,0.3612337507399736,0.9579816115642479,0.023829317598692334
207,1.3454569368935072,0.11860886710095808,0.06712443285093868,2.394876909237019,0.6259387884379536,0.4530496975932726,1.3280612146895248,0.05796339253012277,0.22234328986543328,1.0494199723435118,-0.017395722203982444
208,1.323884005580823,0.19136476944246464,0.07117325242766648,2.4580406699572603,0.6492672921563313,0.362098987331788,1.2757337806066942,0.0838338966682762,0.321296045393948,1.1341566643764374,-0.0481502249741288
209,1.3227385552767572,0.22187479362755225,0.2651548601780567,2.6930061088511295,0.731621891138743,0.6742457692689661,1.1989262079626906,0.06643494665825912,0.07485989012468255,1.3702675535743722,-0.12381234731406665
210,1.378523495716364,0.13916756971529398,0.08428024571576716,2.506634394555361,0.653168388789918,0.4675863251808231,1.348886812313785,0.04577212961434779,0.3026452335185267,1.128110898838997,-0.029636683402578967
211,1.3255464335388358,0.1524867790496834,0.1343761115361593,2.440666458477983,0.6577869932050251,0.5434670206270686,1.281544662837077,0.05928471446770361,0.2070642767595487,1.115120024939147,-0.04400177070175881
212,1.3957765983615975,0.13068369792517134,0.031663826021068806,2.4978893378877665,0.6356315014442028,0.419107271533919,1.385903140184451,0.07153647195796825,0.2902673344536827,1.102112739526169,-0.009873458177146466
213,1.3848574230028095,0.10721286675986637,0.03348188707276248,2.200648742441629,0.5613914336046686,0.37641672898203693,1.4343175275677305,0.07006466630442802,0.3831880652740647,0.8157913194388193,0.049460104564921004
214,1.343097240233554,0.14574737012874692,0.08828452496449299,2.4650611584047235,0.656282963824578,0.48028623862381625,1.3138244826381316,0.042121241121177336,0.281004975075184,1.1219639181711696,-0.02927275759542236
215,1.3462639649109127,0.18536924702662938,0.30745161303842383,2.6668970450550757,0.7140993830009679,0.7165425221293331,1.2422830561816447,0.02276368491321762,0.0581032756540856,1.320633080144163,-0.10398090872926802
216,1.324389334554937,0.18844872449066807,0.1308601905933639,2.683076137435793,0.7107038261637826,0.5399510996842731,1.2374524518571055,0.0739505869338086,0.2516662307362552,1.3586868028808563,-0.0869368826978314
217,1.383904695161687,0.12625155145461064,0.05603201040813694,2.556792095419726,0.6586322259420935,0.44334958276652303,1.3634466791640052,0.05613780395879285,0.304862668574717,1.1728874002580392,-0.02045801599768171
218,1.415520631540039,0.1616233229154958,0.04254647909052271,2.742813398687069,0.7021811835490952,0.4207463965296838,1.3705680290444393,0.05793433294349701,0.3841337675304313,1.32729276714703,-0.044952602495599736
219,1.3408667160228473,0.10361800236781592,0.03536231966871682,2.2782684053349054,0.6049413748092896,0.42882536866826604,1.3315616325327069,0.04016522077024311,0.21307340960610516,0.937401689312058,-0.009305083490140476
220,1.3110321577004433,0.11559334731340551,0.06481345360599917,2.2805138074323477,0.6118274171737477,0.45075418353878116,1.2883250216658002,0.03944574126401881,0.17504760702729166,0.9694816497319043,-0.02270713603464314
221,1.2795567249716018,0.13028218450935353,0.10332055128415923,2.3006273841002414,0.6268299209747277,0.5124114603750685,1.257512041855445,0.07163125449344532,0.20567269658817453,1.0210706591286396,-0.022044683116156705
222,1.3553008827180832,0.13834640231102674,0.07651055720544862,2.508551485850719,0.6633540971789633,0.4856014662963579,1.3175425127496836,0.05642638284147717,0.24391050807614156,1.1532506031326357,-0.03775836996839965
223,1.3291151937923846,0.17105936251127296,0.15004968411820024,2.4437354182743176,0.6510348414699034,0.5443327977589401,1.2811876689402588,0.0669407877484659,0.20976441757278225,1.114620224481933,-0.047927524852125813
224,1.3191328244685117,0.14803980264673233,0.0916814878640382,2.297048585657109,0.6214607219678986,0.4992271625412775,1.2841458089684545,0.043558103482359334,0.21176632459987402,0.9779157611885971,-0.03498701550005712
225,1.3680609431075124,0.1943726373365479,0.03528771798949854,2.6419489762937447,0.6825869190941699,0.42227375584809923,1.3054101649187944,0.04920748071117079,0.3327655036995433,1.2738880331862323,-0.062650778188718
226,1.3638241466963221,0.13909326514506773,0.06983877323531196,2.3699860864858686,0.6252215478411121,0.45684466691257736,1.3428937555044356,0.04353405155829164,0.25155100768266214,1.0061619397895465,-0.020930391191886555
227,1.3645351954537484,0.21366678721597795,0.18976375840065907,2.6827452833860015,0.7090273424208613,0.5871081689380109,1.264893186255398,0.054347456378045576,0.19616695697146974,1.3182100879322531,-0.09964200919835031
228,1.3679512429093261,0.1455343910083453,0.06608168524527126,2.544501785884484,0.6655158430123944,0.4589082454986122,1.32908429537278,0.039937302085463824,0.29229794394068037,1.176550542975158,-0.03886694753654618
229,1.3223592330590561,0.14745779510853854,0.04615964675116908,2.3428551627240712,0.6225901434576152,0.3998904550199234,1.2963895981530142,0.05730787983347711,0.2835377187890209,1.0204959296650151,-0.025969634906041872
230,1.309786271175875,0.17421761882950587,0.11858544407496195,2.456174972258741,0.6595535017793904,0.5276763531658712,1.239863900314131,0.018801031370863773,0.2170666523737515,1.146388701082866,-0.06992237086174402
231,1.381735263442047,0.206885684125084,0.103236972340135,2.828478871903215,0.7238496337690179,0.5064434741442867,1.2736105578828445,0.03304800911466005,0.2811452946798664,1.446743608461168,-0.1081247055592025
232,1.3163165272750759,0.24276597861389165,0.10577748299207576,2.6375038287864028,0.714687171722755,0.4900753771934302,1.19851438604511,0.07220824033161757,0.23195146402530728,1.321187301511327,-0.1178021412299659
233,1.3725872373755155,0.17406267524103292,0.1622752182691211,2.641257026678805,0.6948660954487957,0.5713661273600303,1.2935165759331078,0.037914505736287886,0.1672555648165132,1.2686697893032894,-0.07907066144240771
234,1.3108756885684816,0.1879884612589902,0.150011418546298,2.551783742222918,0.6845955490434934,0.5518619154553746,1.2398026809184666,0.07015873015873013,0.21325611341464287,1.2409080536544366,-0.07107300765001501
235,1.3520625113487221,0.14298771444730532,0.15345502233431413,2.570885783621847,0.692110233328645,0.5625459314252235,1.2874177683622432,0.05234544889717309,0.19953662977888798,1.218823272273125,-0.06464474298647893
236,1.3017431672021509,0.236367523927293,0.2284885433223528,2.537317324715195,0.6927313407701945,0.6371883260645941,1.1944357720455798,0.08828516511912847,0.06559638117639145,1.2355741575130441,-0.10730739515657106
237,1.4321779899608673,0.10688425715602182,0.05606979258471401,2.4768603638881324,0.6289341799900745,0.3706689900071628,1.4722970882708115,0.09756433482715149,0.41162075320818625,1.044682373927265,0.0401190983099442
238,1.3593284694807628,0.10628409403076203,0.06284506167127946,2.3591518558418474,0.6059603293138398,0.35001406671506374,1.3554187661062036,0.05965084379416412,0.27891063900311985,0.9998233863610846,-0.003909703374559204
239,1.365471152541501,0.1564842132193637,0.3464219543829151,2.5021918816868136,0.6553240073194175,0.7555128634738244,1.2955385140148665,0.04933271974229173,0.16983093404859814,1.1367207291453125,-0.06993263852663456
240,1.353245849565604,0.18472070226982729,0.22041893040570756,2.7863812144329763,0.7350084923894706,0.6295098394966169,1.245828268567813,0.05954495500044556,0.14628143376727878,1.4331353648673724,-0.10741758099779086
241,1.3720657950582822,0.15399064509175003,0.12412535850536525,2.605394985977918,0.6902792939059146,0.5332162675962746,1.3120959554755403,0.038014138817480725,0.23719644928363054,1.2333291909196358,-0.059969839582741935
242,1.3163895998164397,0.18899243728261475,0.07413847447320546,2.440600417882606,0.6439636278301387,0.3582779147891057,1.2659904341822594,0.09575912317847804,0.3016730109859802,1.1242108180661665,-0.05039916563418023
243,1.3351317887659218,0.20155217453339533,0.16805704961217852,2.5803224741593187,0.6933285385133467,0.5672159254166933,1.2491144115404973,0.056108257820075176,0.18043467003804958,1.245190685393397,-0.08601737722542446
244,1.391738752932909,0.14479979139960214,0.05874192265696403,2.453020831469717,0.6185751381466452,0.37558927462500313,1.3954785369324534,0.10351682635907646,0.367712384738957,1.061282078536808,0.0037397839995443327
245,1.328258748900267,0.197081232152816,0.15947765675933565,2.7466470658142024,0.7349583568781132,0.5455782645477736,1.2101444568503448,0.040532500371857814,0.18071839886800628,1.4183883169139353,-0.1181142920499223
246,1.3602375715394177,0.13962439292827009,0.050130788780799795,2.351775700559818,0.6138341790966322,0.36717476470467825,1.3492803058961917,0.056513617534175956,0.3109636834632697,0.9915381290204004,-0.010957265643225966
247,1.3325480334951854,0.14659963656039987,0.12732813709415472,2.36448407642157,0.6375390395345099,0.5327525379863833,1.3385851074931272,0.06928031618932634,0.2923328260241398,1.0319360429263846,0.006037073997941844
248,1.2632159632194342,0.18972551124116463,0.08754547326425122,2.278719913424066,0.6182032614625979,0.4819397298792346,1.208238798032142,0.09312368680172738,0.1928778793694707,1.0155039502046317,-0.05497716518729212
249,1.3491535330467646,0.13408401838239176,0.03822923990280531,2.3476463838609845,0.607340303302157,0.3803691678029604,1.3285555628017711,0.055150516239519304,0.26110540564602774,0.9984928508142199,-0.020597970244993435
250,1.3633566347160364,0.1322073286664734,0.17194296965975397,2.5372792904831645,0.6621787912233088,0.5810338787506633,1.3197834789331717,0.0600201112031231,0.173798038932296,1.173922655767128,-0.04357315578286469
251,1.3512773820043207,0.15454713990307628,0.03645098000880835,2.4295482179132613,0.6264612974100844,0.41636041289749326,1.312786359623011,0.0693807689956599,0.2606500684845254,1.0782708359089406,-0.03849102238130975
252,1.2974928124220513,0.16613654608930897,0.08210564664407351,2.4702987674288783,0.6684924920344903,0.47733202951745357,1.2428814411103657,0.0472399979189428,0.22682328576710822,1.172805955006827,-0.054611371311685586
253,1.3559837715538996,0.13126462649481635,0.049254080266220246,2.266881685654733,0.5868979181429199,0.3959519594647587,1.337668471016554,0.04616801456577888,0.21678303611734573,0.9108979141008335,-0.018315300537345536
254,1.361472640772562,0.09650694296557497,0.08208966305762883,2.352325954684471,0.6178376225298983,0.4767941974423813,1.3591423814533146,0.08412676547091379,0.23250239135724277,0.9908533139119091,-0.002330259319247352
255,1.3271392794999368,0.2583217947055224,0.1393366690924774,2.771207304747153,0.7387754219473159,0.5426035178303991,1.1922954913932893,0.10524209683873549,0.2271687525288748,1.444068025247216,-0.13484378810664754
256,1.3099473388273288,0.18305358892276624,0.08310421035751167,2.4701671662667897,0.669759137128239,0.47551034338483134,1.2446660121493787,0.06643665122727413,0.1974631550968416,1.1602198274394608,-0.06528132667795017
257,1.3296376692902578,0.14961899165829798,0.14657212164777528,2.362379303665988,0.6197716005962879,0.5556630307386845,1.2877754044951903,0.043615905061688144,0.15118035904928068,1.0327416343757303,-0.041862264795067494
258,1.369309706826286,0.10605782392877412,0.0668825631909448,2.3949392145293773,0.6250187645572873,0.46401773281851066,1.3620287406211047,0.04565257676205745,0.2517536858819387,1.0256295077030912,-0.007280966205181372
259,1.3555822891031815,0.18786462016623498,0.14629475072406092,2.714413427306561,0.711766781503373,0.5553856598149702,1.2628597078470087,0.04945282460810409,0.21986726603565776,1.3588311382033798,-0.09272258125617272
260,1.382146412818043,0.08568367488087159,0.03110765261076369,2.331033190119771,0.5986368510300077,0.3779832564801456,1.3898200210756926,0.07255747126436783,0.2622324358226389,0.9488867773017282,0.007673608257649622
261,1.3507071436661753,0.10966785867128362,0.14097768751965517,2.396563041332735,0.635428146633088,0.5500685966105645,1.3235923252266486,0.04678116863525124,0.16561210996289094,1.0458558976665597,-0.027114818439526678
262,1.343780492657551,0.0922307159742529,0.07528894983167708,2.3934258812374942,0.6206159785815044,0.4665513718114608,1.3282731813158262,0.04706239330792367,0.21396721190140025,1.0496453885799433,-0.015507311341724783
263,1.2563038394795434,0.18523529399703606,0.2696480411137455,2.4869970974498616,0.6765700008054867,0.6787389502046548,1.1727892177325456,0.07376197894538072,0.08625985887750294,1.2306932579703183,-0.08351462174699775
264,1.3773497667253727,0.1424696416110827,0.09920238517349707,2.6275690794785787,0.6872210850595917,0.5039887340576465,1.3327253116357514,0.060860454629850666,0.24405355841208143,1.250219312753206,-0.04462445508962132
265,1.3618643720347978,0.11690850010952676,0.0963886721602135,2.405465132023142,0.634435581388884,0.5054795812511228,1.339450371354784,0.05144756095893224,0.20252061476586117,1.0436007599883443,-0.022414000680013757
266,1.3568535332622202,0.19022474055849958,0.1865659158514777,2.653605578002896,0.7098831506985135,0.595656824942387,1.2709183904636059,0.04012382187326331,0.21287153512977658,1.2967520447406757,-0.08593514279861436
267,1.365367335857731,0.1483596347633417,0.048932443905498835,2.483015159119773,0.641095596625277,0.4003609715341324,1.3465890068192756,0.05057912154031288,0.3403048612655234,1.117647823262042,-0.018778329038455333
268,1.3164590391001045,0.15492049249003487,0.050118480316542334,2.5098957426860493,0.6694851055040241,0.4522177700545046,1.273728903775015,0.03702768395467031,0.3131086550931374,1.1934367035859448,-0.04273013532508951
269,1.3600496890224858,0.1854647365797168,0.07190107307802736,2.5688301116926535,0.677510288358403,0.44415784722071894,1.316804204270492,0.06534877864517752,0.3525331769595996,1.2087804226701677,-0.04324548475199386
270,1.3730077590095928,0.123421140696286,0.06054590251379457,2.460775838779404,0.6398081300537113,0.446191635724281,1.353316818503031,0.04246177176797675,0.2992876828628256,1.0877680797698113,-0.019690940506561727
271,1.3359293256176343,0.06961011788670782,0.07554141795072211,2.2401041756754863,0.5834658559605784,0.4678607370506919,1.3419573448056765,0.0675322830731355,0.1573915922594683,0.9041748500578519,0.0060280191880421885
272,1.3017161020527652,0.15970731309434547,0.17472450469806056,2.4570764878346094,0.6574736268352066,0.5701295778388036,1.243175381539268,0.03839224433768017,0.19347908316673496,1.1553603857818442,-0.058540720513497124
273,1.3165036776375194,0.21739752233642073,0.21566419991083746,2.702602908963956,0.7223635515298374,0.6247551090017467,1.1946082263616407,0.07845210993532867,0.08106318651230159,1.3860992313264364,-0.12189545127587875
274,1.3718173023684277,0.08692589113783708,0.13613705573619767,2.3031018389623408,0.5880290843708893,0.545227964827107,1.3746565867440927,0.0712785488727326,0.19926863003434983,0.9312845365939131,0.002839284375665052
275,1.3520667319463935,0.18142601105772224,0.036363825230708045,2.6518712433024207,0.6922999691714271,0.40031974305143353,1.3161207069337504,0.07358252076561939,0.3968023646228268,1.2998045113560273,-0.0359460250126431
276,1.3356066862953555,0.13495696013056707,0.04452536403376602,2.559171751215462,0.6731436951894736,0.4368687069153718,1.30835374187047,0.06260149673041988,0.3108611482685104,1.2235650649201064,-0.02725294442488546
277,1.2998662687526985,0.1562852857936813,0.23400320178523765,2.593221066829614,0.7102626286780678,0.643094110876147,1.206780940973501,0.02804957227961862,0.05575781823194728,1.2933547980769156,-0.09308532777919742
278,1.3480291773358952,0.09821168228669355,0.06866339031996929,2.410040595785486,0.6311121824612618,0.4586017857040521,1.3397597738825202,0.07950081208267976,0.22164497133948585,1.0620114184495906,-0.008269403453375013
279,1.3613702522839208,0.08088884800674795,0.055274258572222554,2.2663257070634737,0.5792311550377531,0.3913045598444101,1.3791303186028567,0.06321199576693226,0.2874391381257208,0.9049554547795529,0.017760066318935896
280,1.3643358166807324,0.18177170859587016,0.061274831027384506,2.5294889774211238,0.6639879049923487,0.4461378936881435,1.3264226820395992,0.06682679322452442,0.32983351338426387,1.1651531607403913,-0.03791313464113322
281,1.295014643249839,0.11531357700448155,0.042824362611181076,2.3003275820668754,0.6148243086843541,0.42603822092171856,1.2903225085621097,0.04520737327188939,0.25846405990342775,1.0053129388170363,-0.004692134687729332
282,1.3219585863255878,0.15489310892318264,0.16963057170588158,2.451894026517349,0.6605993120288736,0.5787214807967909,1.2656597608013453,0.02913869283296032,0.1536136075819813,1.1299354401917612,-0.05629882552424248
283,1.323332858530173,0.22295923921030147,0.19520293276907208,2.564796231596853,0.6823007631911964,0.6042938418599814,1.2219876210330194,0.08270177918213402,0.17666557781170567,1.2414633730666802,-0.10134523749715352
284,1.2887944263700306,0.17701340811308014,0.1615781679477804,2.464444352161734,0.6614214217505718,0.5591052331210198,1.2139138116233272,0.0284898780646884,0.14138094512437532,1.1756499257917032,-0.07488061474670338
285,1.362297181271206,0.09845572817870753,0.03789235767452788,2.219069723611232,0.5671042785802483,0.37119855141638136,1.3636681273314846,0.07285714285714288,0.23266871727097693,0.8567725423400261,0.001370946060278655
286,1.3893468580629524,0.12508536832154152,0.06272225259557326,2.5321100857595464,0.6571972735203122,0.45272799273430253,1.3643744566062133,0.056503612544511514,0.2642874015240009,1.142763227696594,-0.02497240145673918
287,1.3004381695990075,0.157716221297363,0.1034246829587426,2.251928026176238,0.5968628474764,0.5046479807951529,1.2588589460765092,0.032401165019946034,0.15515331964588097,0.9514898565772305,-0.04157922352249832
288,1.3434809088152142,0.18788609210127327,0.08193534830321572,2.5300912549751855,0.6572620862179455,0.33588393493511554,1.3069109703336186,0.0874192785683675,0.4055016883339406,1.1866103461599713,-0.03656993848159562
289,1.3490219131878312,0.13967739713715865,0.1736840542872249,2.4738264135391956,0.6532460273598255,0.5827749633781343,1.3166824254261407,0.038466046984149016,0.20863563170179,1.1248045003513645,-0.03233948776169049
290,1.3178175216923387,0.13529109750429147,0.12826521435286703,2.399941516014243,0.6385102250739012,0.5373561234437763,1.278679998817507,0.0417175356579222,0.14573889746940763,1.0821239943219043,-0.03913752287483163
291,1.3736294732749732,0.14819225849624224,0.0554723469415952,2.6335653390003833,0.6948643829671923,0.43229731539216254,1.3242797551202903,0.05877518004383679,0.2981762204996975,1.25993586572541,-0.04934971815468292
292,1.4013808597211648,0.15330765473641517,0.09570912185221873,2.6333707618838567,0.6819713881605687,0.4981225520426561,1.35767228626893,0.06015722175232601,0.2913440889433385,1.2319899021626919,-0.04370857345223467
293,1.3638427908425732,0.15868287068003345,0.04091919062660398,2.3910405034695903,0.6182117686627241,0.4238179948641362,1.341158823662719,0.0614340007415647,0.3018274292274014,1.027197712627017,-0.022683967179854214
294,1.3750376688331727,0.11113581980075879,0.03196193718360643,2.4946941128396465,0.6485640177904933,0.4271362389759761,1.3756513537747255,0.05384581499561496,0.31832785176215456,1.1196564440064738,0.0006136849415527834
295,1.3352397563097922,0.10388951762535015,0.09759476898096694,2.28173205643684,0.6059365624461543,0.503853079647975,1.3442146420097552,0.05519991604575506,0.24972087217946815,0.9464923001270478,0.008974885699962964
296,1.3007273819431326,0.1396088344735655,0.092907716461257,2.3388557576645113,0.638663277488843,0.4589209521587894,1.2594249674167712,0.01897139598752505,0.19131688095818059,1.0381283757213786,-0.04130241452636141
297,1.3513464970669955,0.14023991027922694,0.10542707735776667,2.4763520204434855,0.6717160702082752,0.514517986448676,1.301893931566114,0.04486848030957585,0.17123839894076665,1.12500552337649,-0.04945256550088151
298,1.32392195885103,0.13317679266621638,0.05621895804880651,2.4863519279645057,0.6594826967426775,0.4618452076023412,1.284431528691384,0.04894520643319644,0.19648833347207703,1.1624299691134756,-0.03949043015964593
299,1.4001976265000051,0.2116148981745674,0.2523574389678447,2.749123041290882,0.7192483784691188,0.6614483480587539,1.2800110431116007,0.026571856287425123,0.157573255422467,1.3489254147908767,-0.12018658338840438
300,1.3005352413987337,0.156829881691958,0.11031483006893097,2.3017111250110056,0.6187290952765316,0.5192201686302227,1.2556414554011128,0.05664214240918071,0.119789331270619,1.001175883612272,-0.04489378599762084
301,1.2710197771738805,0.185451437565259,0.17569494016688686,2.4283888351530782,0.6621851511385323,0.5795238812709794,1.1939331700525773,0.03912855644016535,0.12036137179133848,1.1573690579791978,-0.07708660712130322
302,1.3507085983244889,0.12834970719010197,0.09056111351248533,2.393639322595707,0.6329494214273139,0.4916327555062331,1.3239606298773192,0.03216531065088755,0.21305794460710342,1.042930724271218,-0.026747968447169646
303,1.3333010729347525,0.18377545734087,0.11048029970876116,2.5754699027988943,0.6941259374584157,0.5013830597756295,1.2535500700787203,0.020970479906861367,0.22846505047159088,1.2421688298641418,-0.0797510028560322
304,1.2821783204326285,0.15470682032672414,0.13951615589043093,2.370066173263268,0.6417822606326385,0.5408276995641699,1.2284449243428965,0.0408812126398776,0.12430608626657347,1.0878878528306397,-0.05373339608973193
305,1.391279656146815,0.20388069561027394,0.10014354458866562,2.812463489508489,0.7209411708816864,0.49578739486385176,1.3136605312639702,0.07350325167221494,0.32347036725362,1.421183833361674,-0.07761912488284484
306,1.3854209478680293,0.10111154129234726,0.05439922783464705,2.5094929740316245,0.6534626571350485,0.45889757497928657,1.362099092927536,0.06568105253573703,0.22401320927309049,1.1240720261635953,-0.023321854940493214
307,1.3501947004069472,0.20365062113750082,0.09640828798934767,2.6729876128434067,0.7069133982971695,0.4990816325748766,1.2651127167596319,0.05576057397685766,0.2642823505937796,1.3227929124364595,-0.08508198364731534
308,1.3010707224510112,0.20671746111464062,0.08416574465921159,2.509398227761227,0.6753617689290335,0.3476549298170811,1.2517736981719487,0.09843516483516486,0.4077372006742596,1.2083275053102156,-0.04929702427906246
309,1.370109739640927,0.10317239445759657,0.06830205962187766,2.3418600700753105,0.6127160060509078,0.4773929687127869,1.372537068487162,0.08940429547859409,0.20730737261823728,0.9717503304343835,0.0024273288462350884
310,1.3358566400217649,0.14865994321141152,0.22229870145878153,2.4609456349875094,0.6693162991071304,0.6223297055066113,1.2782931465594172,0.0375883729476436,0.10021580285648501,1.1250889949657445,-0.05756349346234768
311,1.3226450808294878,0.16187771557156289,0.08312793884577929,2.415047783856592,0.6471713057937951,0.4643002338473927,1.2898458527817547,0.05972113676731795,0.29150767530134525,1.0924027030271042,-0.032799228047733164
312,1.3007592102610992,0.17233662821530601,0.1502857504201171,2.437505409189666,0.6615617173399131,0.5521978411484338,1.2494087741846007,0.07630499202188284,0.18196682268044806,1.1367461989285668,-0.051350436076498474
313,1.3727777570766602,0.13015613012090388,0.04821201109427745,2.5691078924830135,0.6738873358530408,0.4444034928558624,1.3333380736567353,0.061516828854566524,0.27563934096092313,1.1963301354063534,-0.039439683419924876
314,1.3600735504810568,0.11614014686406793,0.12572614705709667,2.4671874056703924,0.6509476206177909,0.5311875158517497,1.3237734287818173,0.028498902815487046,0.14640809688017173,1.1071138551893356,-0.036300121699239574
315,1.2936140389703163,0.15501182124454735,0.22686224401893937,2.3242495234380947,0.630529396548476,0.630129477553578,1.2402126785990548,0.04152972718221457,0.10373055361923181,1.0306354844677783,-0.05340136037126153
316,1.3373708466995868,0.1769008048092412,0.23088637825175834,2.586056116209552,0.6850063124147479,0.6399772873426677,1.2515026695337217,0.0323732466964481,0.06733674560205838,1.248685269509965,-0.08586817716586514
317,1.307534834331928,0.1451049137619896,0.07110257150220084,2.2464976745612106,0.591057293704673,0.46448519748766415,1.2785183534710842,0.04581470584741369,0.21893709588356747,0.9389628402292827,-0.02901648086084374
318,1.3377716793336512,0.19257484368520492,0.07583764217687838,2.613711273031977,0.697572674921438,0.46763037544054387,1.2599449622131615,0.05693622883072685,0.27637559025900454,1.2759395936983258,-0.07782671712048961
319,1.3430596335124048,0.12597365589293044,0.05558131425442526,2.1841980950952156,0.5530224902455848,0.441261878405107,1.3498580956901844,0.09077186858944919,0.24785075723300307,0.8411384615828108,0.006798462177779685
320,1.3162909926721085,0.22868544627443993,0.1475817752161802,2.6984516594790398,0.7240647495183513,0.5546553736365132,1.2104073969274811,0.10744530244530244,0.22364651560770324,1.3821606668069313,-0.10588359574462736
321,1.3656769902620947,0.1516929359460532,0.13592302333634249,2.521699061958568,0.6668113159632072,0.5450139324272518,1.31170371416809,0.04231429061588609,0.12715029106171138,1.1560220716964733,-0.053973276094004596
322,1.3657723441057859,0.23275868647007608,0.14322460104832685,2.861548271435465,0.7479017624068837,0.5523155101392362,1.2206943051592662,0.03027610835293092,0.20055019066778673,1.4957759273296793,-0.1450780389465196
323,1.2664963426915943,0.2093485714788753,0.18738738487685447,2.494026097277273,0.6891599632675283,0.5910769480940996,1.1696311238815507,0.0715328882482361,0.09049819688385018,1.227529754585679,-0.09686521881004362
324,1.2933605393239944,0.18245916521722755,0.3238409692277056,2.5507592965218993,0.6879722239588539,0.732931878318615,1.2025592994355492,0.035828452694911556,0.08967285056025456,1.2573987571979048,-0.09080123988844524
325,1.3150641200161444,0.21558017396605897,0.17407290563546768,2.521612157058377,0.6860357156241992,0.5776942754474019,1.2174265731755072,0.05802549852893103,0.09248621412655378,1.2065480370422328,-0.09763754684063719
326,1.3962556915101385,0.10729575198579824,0.06882950039575259,2.426484489134256,0.6208313899428815,0.42751373618040656,1.4158866246247062,0.08293365307753797,0.37965996999911067,1.0302287976241176,0.01963093311456765
327,1.3739072497429938,0.19805826182150305,0.11765124485311186,2.667457928791416,0.7099933917289523,0.5127066400072247,1.2951424908205706,0.03685949872390547,0.2927234145495755,1.2935506790484221,-0.07876475892242318
328,1.3267629681146071,0.1693437173067469,0.12776752301256142,2.4683942939496326,0.6577510170954857,0.5366619196900753,1.267766169985344,0.02654534059799889,0.1949135823846463,1.1416313258350255,-0.05899679812926317
329,1.3118429584426805,0.2650453971748243,0.12444083285992275,2.747273045933005,0.733122148898359,0.5035671194545063,1.173155893256883,0.0936291923518964,0.29971450000940203,1.4354300874903243,-0.13868706518579743
330,1.2579941357429703,0.14745249124542156,0.1405031061117666,2.3633438455920603,0.6556287191492238,0.531346011956346,1.2035708972362993,0.04800030389186128,0.13415269413899145,1.10534970984909,-0.05442323850667097
331,1.3275143234321085,0.13713982080704396,0.12388077180231305,2.2873549357202094,0.6110991938279959,0.5297858633304312,1.2998663438805074,0.04429193170405088,0.12773003864452853,0.9598406122881009,-0.027647979551601143
332,1.3691798103422061,0.05510770327487806,0.07109629767445569,2.2361584331051714,0.5637739099214756,0.345112434250212,1.4155628436571182,0.1032080200501253,0.31679681743378535,0.8669786227629652,0.046383033314912
333,1.3151613768442374,0.1385980984776256,0.12016333332219377,2.3694173212978793,0.6453632386706396,0.529254242413103,1.2730715186108634,0.03335538456181888,0.17390564234606973,1.054255944453642,-0.04208985823337397
334,1.3806518137190666,0.1588359116129976,0.05020722514331198,2.5428718656627662,0.6591745608651638,0.3755092892145996,1.3698874565553032,0.07883948281299274,0.3944805722006839,1.1622200519436996,-0.01076435716376345
335,1.3700845640841703,0.18804552429022214,0.15056199096135345,2.6662980697513774,0.7066879726177042,0.5596529000522628,1.274097286280814,0.025537417165023432,0.19130326170012296,1.296213505667207,-0.09598727780335636
336,1.3366342385995942,0.14492455000380972,0.07032485689424797,2.4623894202389227,0.6561199102503641,0.4501765605349701,1.3140079150368282,0.07028882153681587,0.3257335234259356,1.1257551816393285,-0.02262632356276595
337,1.3096972836138459,0.12130421132553801,0.18217474600856315,2.3364056064807803,0.6312505399103439,0.5912656550994725,1.2729227347346457,0.0330902184662411,0.05180828039850528,1.0267083228669345,-0.036774548879200175
338,1.3542694225484215,0.2208677398302043,0.1246772154573336,2.5792512550045554,0.69095642107074,0.525002928274561,1.2642889436078533,0.08505620959181703,0.23120669938334168,1.224981832456134,-0.08998047894056826
339,1.3893879650377605,0.16573355760860306,0.12283019670524184,2.6935226046059473,0.6948444247406435,0.5287637877338012,1.318353259188001,0.03640413745012204,0.23598265546634967,1.3041346395681868,-0.07103470584975957
340,1.393063479419638,0.1379903870560304,0.13664381383291857,2.619606452571782,0.677018773765649,0.5457347229238279,1.3348527722733032,0.03582908782144593,0.18248350766668975,1.226542973152144,-0.058210707146334695
341,1.3193622618531646,0.17905774273981073,0.16155431916977797,2.626661929220471,0.7092634751902598,0.5706452282606873,1.2258134687359388,0.05106981393024412,0.15900885513688914,1.3072996673673065,-0.09354879311722586
342,1.4187313878767,0.06124987676522166,0.06479807249474141,2.3181918518083786,0.5814801982434668,0.3640359449914352,1.4421555153314973,0.07667062079873467,0.2841541661017392,0.8994604639316786,0.023424127454797272
343,1.355363008116997,0.1041372805267275,0.10098543316937704,2.432796605110908,0.6415202394124087,0.5100763422602863,1.3329509037390843,0.044743455497382234,0.20998625500587215,1.0774335969939108,-0.022412104377912634
344,1.2613813572215293,0.18826291688284716,0.09951851934301734,2.3830978351013954,0.6567482411127084,0.45902746392531646,1.1957178137091622,0.08730931515741644,0.19365962405878165,1.121716477879866,-0.06566354351236714
345,1.3800110160315358,0.09005120265819827,0.07325243737660739,2.3140134303452826,0.60948449716938,0.4771264184871503,1.3767534252077438,0.04597029322564562,0.25552264565170657,0.9340024143137469,-0.003257590823791956
346,1.299483659749359,0.18242432528334446,0.16940978000657458,2.567919065913059,0.7007023276909308,0.5785006890974839,1.2062960328318417,0.044932579382340146,0.17627812360493916,1.2684354061636998,-0.09318762691751736
347,1.3520033479906264,0.10191618618723308,0.054988058542707725,2.31114296267177,0.5923326498141676,0.4346538646274928,1.347961561964535,0.05780599647266312,0.24389759880799636,0.9591396146811437,-0.0040417860260912875
348,1.2490373294005286,0.15545391829118294,0.3179948428835623,2.2907196456612393,0.6220485084402382,0.7270857519744716,1.1922800825079851,0.055243968227393594,0.10705804628152475,1.0416823162607107,-0.05675724689254347
349,1.4256154081913708,0.15572923401432281,0.038703322679864434,2.67755817798698,0.6942435147342905,0.43987357058342763,1.3867881343621282,0.06793000121949094,0.34014251085044406,1.2519427697956094,-0.03882727382924256
350,1.3224245404241783,0.15321299471507707,0.11026327471233857,2.3534775118547664,0.6334144689020065,0.5051300234685756,1.2841888923383113,0.051189726047949115,0.2346650880486103,1.031052971430588,-0.03823564808586699
351,1.287362289383402,0.11287280661615948,0.06237324885491416,2.3403812261984798,0.6212464030239424,0.44983099627721757,1.2704386159770071,0.05516787397303623,0.2335463619533773,1.0530189368150777,-0.01692367340639489
352,1.3457662016451617,0.16104821101398623,0.2845694412475226,2.54253141296836,0.6731657238626216,0.6936603503384319,1.2714902624602646,0.030497202167560595,0.10048231176137318,1.1967652113231981,-0.07427593918489706
353,1.3098227730443475,0.19908707453995553,0.1297113326087307,2.5258935221215815,0.6741671613196998,0.5160519079230479,1.2269323271729258,0.05619582633539898,0.1830158511683982,1.216070749077234,-0.08289044587142169
354,1.3495833602129914,0.1214935043065484,0.053215841112586405,2.561827368629586,0.6754081248213915,0.4598348881559603,1.314487703505213,0.07328863796753704,0.24545460331722863,1.2122440084165946,-0.03509565670777848
355,1.3519435392962698,0.18880637207476622,0.0688067756003499,2.66871537276106,0.7049670761888107,0.4745795622706693,1.2673462594900382,0.028515130541057938,0.2559348218029588,1.3167718334647902,-0.08459727980623155
356,1.3314530511339004,0.18027154268797657,0.10509946678789973,2.5091668328144316,0.6710093270872786,0.5075686586723693,1.2809291155380218,0.06411177886697031,0.23260903028233812,1.1777137816805312,-0.050523935595878644
357,1.343716776307167,0.11607648854263052,0.04746751451749712,2.3865948704417765,0.6332592601101367,0.44975211857999065,1.3308290428036296,0.04127398440715116,0.25641506415603865,1.0428780941346096,-0.012887733503537335
358,1.317727445093363,0.1632536553320635,0.12109609571193697,2.4813776697864602,0.6700997464362198,0.5301870048028463,1.2537201158720395,0.0330916282135794,0.1837746092030817,1.1636502246930973,-0.06400732922132346
359,1.2536115197224327,0.14212834797276225,0.12227153584341054,2.246742330597054,0.6120243607784885,0.5260473318857299,1.2229265144291936,0.05392282631321618,0.1584371216895098,0.9931308108746213,-0.03068500529323903
360,1.2950701258149047,0.21481744578698841,0.28138775698717766,2.5695910809774434,0.6924893900242908,0.6790658506437266,1.1938282036107026,0.06869837824802556,0.15453726542050603,1.2745209551625387,-0.10124192220420203
361,1.3573124466874358,0.13756551751523313,0.13379602516745281,2.3293050910263493,0.6144496615099818,0.5428869342583622,1.3564403543682682,0.06866475233309403,0.24317159735944482,0.9719926443389135,-0.0008720923191676277
362,1.360299100668467,0.13885483321752112,0.030598827107878104,2.5093705369001453,0.6509502964530429,0.4152635109695956,1.3386268009189903,0.07968195718654432,0.3027731616529621,1.1490714362316783,-0.02167229974947671
363,1.3737895444037722,0.20822548201851013,0.03144341952813313,2.7259953660514387,0.7174906066627471,0.4025685917038,1.3049017104058793,0.08150183150183149,0.41200466042477535,1.3522058216476665,-0.06888783399789289
364,1.35245275565818,0.12276413805482803,0.07639600438864771,2.3841166190940895,0.6193335391931881,0.4720583965111279,1.329923645067514,0.049742802801071975,0.19950171452142001,1.0316638634359094,-0.02252911059066598
365,1.333441086152007,0.17367782649830577,0.17686365776415236,2.5391688240336507,0.6814722028668616,0.5852982915887336,1.2631452739324134,0.036948416359163586,0.19577594232795875,1.2057277378816438,-0.07029581221959358
366,1.3028597081899869,0.21275076717886637,0.17893451773166197,2.656714990822126,0.7289479241274704,0.5880254268225713,1.1858845030418652,0.043093284729334255,0.14003368823094992,1.3538552826321393,-0.11697520514812165
367,1.4036476923485428,0.1388783442109822,0.038152020169023936,2.636437358831275,0.6781829251040552,0.3802332752823625,1.3827221154690323,0.06250236473704122,0.38928005392215353,1.232789666482732,-0.020925576879510466
368,1.4080932593187896,0.07935337507942243,0.04637912693225673,2.4889391717350335,0.6342174071377371,0.39306778663144926,1.4140331380356639,0.08116959064327485,0.3150214424097732,1.080845912416244,0.005939878716874292
369,1.328673664379179,0.17644806423716292,0.1498709138604658,2.427511508131228,0.6435127240626155,0.5529260772651838,1.2645440564775434,0.04406869332430406,0.1573724652302566,1.0988378437520492,-0.06412960790163558
370,1.4070175452056408,0.052188094081422075,0.06830196722112374,2.200068819833267,0.5370229367488759,0.3728356527653862,1.4831192023581024,0.12860985754707552,0.3289877866275779,0.7930512746276261,0.07610165715246153
371,1.3501274061066741,0.14013893549722223,0.04370305554787458,2.3246891409045762,0.6105119301994948,0.4298579115850425,1.3376178704075503,0.08370513140831165,0.25243989281027335,0.9745617347979021,-0.01250953569912383
372,1.3680210194990572,0.18527069997095919,0.06157316459222486,2.667697701769266,0.6925847991417651,0.4463043543931031,1.3171876679310566,0.07878495378495382,0.32102906702918454,1.2996766822702086,-0.05083335156800062
373,1.3540104418399512,0.13404790521090432,0.15603854035393236,2.5188051567434417,0.6785113095381048,0.5651294494448416,1.2963899857368262,0.01243373718401464,0.13633581661662808,1.1647947149034905,-0.05762045610312505
374,1.3487970259715114,0.17431664950579337,0.0367634699235472,2.5800970564896724,0.6782693859756812,0.4043570736991561,1.2994169789413617,0.040111855018687304,0.3395864419152549,1.231300030518161,-0.049380047030149754
375,1.262636887404617,0.16231908753366675,0.237263071941409,2.3897799489118117,0.6541385606973485,0.6463539810323182,1.197756073182854,0.0317983050891236,0.08629460959064571,1.1271430615071947,-0.06488081422176295
376,1.3433089375685032,0.15969425430885087,0.04208565299072965,2.472757953202131,0.6494553631754711,0.39024845433144656,1.3113976390770885,0.045194340543177794,0.34896547714851167,1.1294490156336279,-0.03191129849141472
377,1.3310408999679084,0.21516212941685214,0.1114646559187854,2.663754689317465,0.7087114741324405,0.49722091852897365,1.2449932864605253,0.07835539619420637,0.2515144896841791,1.3327137893495564,-0.0860476135073831
378,1.289580647554613,0.21823843614137584,0.25696590290750576,2.7564666158182534,0.7537694075485251,0.6660568119984149,1.146282680896088,0.04161082558063889,0.13645322111540992,1.4668859682636404,-0.143297966658525
379,1.3474378257953283,0.2112351470224046,0.14525764870725955,2.717420341011241,0.7169253314048007,0.5543485577981688,1.2422587275337196,0.06988820671316597,0.21774839765189624,1.3699825152159129,-0.10517909826160876
380,1.3440832149277808,0.12641057276439072,0.07171142245645752,2.4449568067420526,0.6414006410198871,0.45824201979801193,1.3259360488151617,0.059029016047981844,0.29698707793268075,1.1008735918142718,-0.01814716611261913
381,1.3613812161357925,0.15020917955142854,0.04363007074397657,2.3320321428957915,0.6046490661091118,0.41933633931377773,1.3608047925258262,0.07607392607392607,0.31433752861998804,0.970650926759999,-0.0005764236099663478
382,1.3070548889694313,0.17188058259310207,0.2184661371719117,2.4231898726587593,0.6524442374447714,0.627557046262821,1.239375410238008,0.03595920881527615,0.023143585794693916,1.116134983689328,-0.06767947873142344
383,1.353398313148452,0.15913830146537358,0.1695524652889644,2.5288743256983772,0.669857904549766,0.5783618295070322,1.2922084638004567,0.03527620926137835,0.17311406915175104,1.1754760125499253,-0.06118984934799521
384,1.3335368910055942,0.12427789900689529,0.07434393588533134,2.363829925670871,0.6316595596647001,0.472066548519775,1.315879830897177,0.036220309176221197,0.25636516951906774,1.0302930346652768,-0.017657060108417166
385,1.4199342604931786,0.1113554196547831,0.02733212998995952,2.573739362697183,0.6623812979944648,0.41864521692844797,1.4290504264745736,0.10185485934762498,0.33672465342685537,1.1538051022040046,0.009116165981394975
386,1.3444263114949142,0.16679735711220725,0.0880608767809928,2.4918865436563995,0.6586859478632459,0.49715178587190206,1.2910083166833126,0.0425474192318225,0.22453039529446184,1.1474602321614853,-0.05341799481160159
387,1.3960974967500857,0.15000542602325528,0.030238031567346016,2.5724512193160773,0.6605605891232076,0.4108073788271198,1.3682938105275761,0.057896849287577754,0.33551404695973025,1.1763537225659917,-0.027803686222509505
388,1.3620163315798517,0.11947458314373566,0.10084340041793738,2.3850109187275894,0.6227551073987281,0.49524137268229995,1.3538103758564506,0.07202697021130815,0.26136480230849035,1.0229945871477377,-0.008205955723401104
389,1.357225205833805,0.13687150014382068,0.07464362896884996,2.506322932521188,0.6576803831150904,0.4772845357407315,1.3249663887844225,0.043131991051454134,0.27077017425774463,1.1490977266873832,-0.03225881704938249
390,1.345128593722248,0.11203407672401929,0.060397366086224064,2.351721291257935,0.6148288032043172,0.44748672006477475,1.3519127263229431,0.06046965392119947,0.29459998400393483,1.0065926975356871,0.006784132600695214
391,1.332369161380993,0.1687916058980868,0.13921366397345053,2.4998953902020027,0.6702687441333006,0.5379994782791693,1.2718691732484213,0.04790190174145018,0.20251746509227136,1.1675262288210098,-0.060499988132571625
392,1.2745714733765063,0.19684891127860188,0.2910897769529266,2.332958107334863,0.6493294689005507,0.7001806860438359,1.194373835531287,0.06866766094954016,0.05858015872234963,1.0583866339583565,-0.08019763784521938
393,1.323060505903965,0.1505307501347539,0.23185238162306626,2.421253674006173,0.6530603679590127,0.6409432907139755,1.2698662553759874,0.03624226409846325,0.09887240337311361,1.0981931681022081,-0.05319425052797766
394,1.4111072587805704,0.1724649120276045,0.1917282216065621,2.760707517984989,0.7198445278071324,0.590748092300017,1.3208099560777122,0.06545757543523738,0.22696180836992907,1.3496002592044187,-0.09029730270285818
395,1.345878455196837,0.13739975277769026,0.03731076539621788,2.4192647771046882,0.6428298189076648,0.4197554824182115,1.3271697425122198,0.07271557271557273,0.29654331984353643,1.0733863219078512,-0.018708712684617268
396,1.3419836398438143,0.12274454124645678,0.044812829318566734,2.3962137309431113,0.6358814175850767,0.4325565469426845,1.3319404423777312,0.04563118404926314,0.29514642523801143,1.054230091099297,-0.010043197466083065
397,1.3058229501013563,0.21229983073636366,0.1750564319744218,2.5554981591196877,0.6935411858345928,0.5841473410653311,1.2112407847277336,0.06382488479262678,0.13161735400499536,1.2496752090183314,-0.09458216537362274
398,1.4440872936587321,0.14188383788783362,0.054474398793005224,2.7283690390095114,0.6831908419829089,0.36578136408068296,1.4590164741593812,0.07773463954060095,0.45002317261469715,1.2842817453507793,0.014929180500649064
399,1.3967381607928457,0.08261204107082593,0.09729070411438545,2.4328416560189976,0.6226501997646664,0.501074847526328,1.3936755362925184,0.06511371294424327,0.24963063972896943,1.0361034952261519,-0.003062624500327349
400,1.2770801838038315,0.20163015978948173,0.27468017496575037,2.638896230094666,0.7184215069769319,0.6837710840566597,1.1608029363941712,0.058759745732949384,0.07770124641176408,1.3618160462908344,-0.11627724740966028
401,1.381140120928825,0.08699014009888174,0.08060562674295477,2.3808513962864044,0.6154312849504817,0.47929952510735574,1.3912547192420581,0.08741074423731252,0.24040473418389874,0.9997112753575794,0.010114598313233136
402,1.2762459720878905,0.24213299985041864,0.205261615023821,2.3751932485365623,0.6465115202127252,0.5907863649073901,1.197784328655653,0.13774686055529983,0.06580375572525415,1.0989472764486719,-0.07846164343223738
403,1.4036208219098238,0.10048352308104841,0.05580332376372999,2.4841458012384163,0.6375420181777869,0.3550541475752715,1.4167236879413871,0.07569956164933125,0.36660723335408396,1.0805249793285925,0.013102866031563298
404,1.3133271428939497,0.19935755460052107,0.10388187978821661,2.5221953344049415,0.6794077459053034,0.499497386242375,1.2413324863853974,0.0638527523717548,0.2700156974631026,1.2088681915109918,-0.0719946565085523
405,1.333828509014308,0.19381072096319207,0.17244713322858674,2.7314399496852073,0.7286435509384304,0.581538042319496,1.217473665243306,0.03034144346759351,0.12731769446433755,1.3976114406708993,-0.11635484377100203
406,1.335795691213486,0.23524688004989946,0.06817271858694485,2.7819110624355603,0.7293765212094445,0.45884593433524395,1.2224016885363236,0.0953446560703498,0.3209283361283325,1.4461153712220742,-0.11339400267716249
407,1.2978476556182525,0.1452345511912903,0.2167914102658989,2.4077948981035346,0.6432283634272961,0.6258823193568082,1.2439892554030219,0.03491236845919023,0.0978461781332164,1.109947242485282,-0.053858400215230695
408,1.36557143319409,0.15294516007577807,0.07098188187891304,2.515018464819721,0.6595536907053015,0.4759523711211468,1.3331108183096623,0.040924137477588225,0.29460166279298233,1.1494470316256309,-0.03246061488442775
409,1.3898955327060714,0.09632163431061805,0.04286153780221254,2.5038615200367578,0.6393444967904423,0.386386316745023,1.4000852121171967,0.0975262118100927,0.3146029259628912,1.1139659873306864,0.010189679411125363
410,1.3167338331700265,0.10420450709988521,0.0531548960765309,2.2165409461232635,0.5764651471634934,0.43450443216520673,1.322629661652328,0.06303022712090853,0.25395629408203796,0.899807112953237,0.005895828482301635
411,1.3943056377102552,0.17674434453874552,0.07599472622359105,2.6651214845667814,0.6793816690003747,0.4509531550633614,1.3439713311107426,0.06129703466217125,0.3535354262516673,1.2708158468565263,-0.050334306599512546
412,1.3314722550094973,0.11169519076870199,0.06267751995932369,2.336455996922794,0.6214482958240393,0.457692366291496,1.3082119288391043,0.03798384851016427,0.17324017799698788,1.0049837419132968,-0.023260326170392975
413,1.3029372647678388,0.1776599042494392,0.0848475760769799,2.480125131384771,0.6680770117180703,0.4749960479110028,1.2420840479376118,0.038291259155510585,0.2629318172902659,1.1771878666169324,-0.06085321683022693
414,1.3258329815094987,0.1746327308140045,0.15562898309649242,2.567828969099288,0.6943919793466047,0.5647198921874017,1.2527115022532955,0.053746320578003735,0.1302378716134364,1.2419959875897892,-0.07312147925620316
415,1.2768163153875405,0.19280013582867253,0.17610291260904576,2.4974256671932626,0.6927926700700293,0.5604015537190205,1.1884332343486517,0.046562684114236114,0.0842591097443437,1.2206093518057222,-0.08838308103888881
416,1.350145864279444,0.20443971634011832,0.36144879254196904,2.789746517830355,0.7562348503535505,0.7705397016328783,1.1982080314838743,0.03872679699842022,0.06628755446325647,1.4396006535509112,-0.1519378327955696
417,1.3365530077570442,0.16415958992047475,0.12703949806799722,2.497257961003719,0.6727099289226361,0.5361304071589065,1.2800163099465696,0.050002371219091214,0.20438677649510334,1.1607049532466749,-0.056536697810474656
418,1.353289048907532,0.14452992652652447,0.09247346291210423,2.5028483775030765,0.6554600485963249,0.48785976939545483,1.3093789025326852,0.0353730920246422,0.2239275901900689,1.1495593285955445,-0.043910146374846803
419,1.36715652504479,0.15555978009268767,0.08868750636317238,2.550468676583268,0.6694988169800096,0.48065556675996024,1.3201476060036312,0.040945974802477046,0.2594853359508268,1.1833121515384781,-0.04700891904115867
420,1.365410840264524,0.13051073658955392,0.19656783390304505,2.4681749264885893,0.6564144434557531,0.6056587429939544,1.322284255095468,0.04526562645119342,0.14594611684426,1.1027640862240653,-0.043126585169055875
421,1.3791262635669752,0.16169766732995206,0.10057321486892706,2.768179337876683,0.7254255112853725,0.4989836645881062,1.2953828044955293,0.03190360086911811,0.2730483874988613,1.3890530743097078,-0.08374345907144587
422,1.260243854684917,0.18552785649178832,0.2693806963094873,2.4110252567605808,0.6604572462645311,0.6784716054003965,1.178732086028774,0.04531055677181301,0.05505254115804603,1.1507814020756637,-0.08151176865614307
423,1.376375612760711,0.1245906028958211,0.11853664792172847,2.5266602394806297,0.6596231382705104,0.5255952582748973,1.3371449048454536,0.03612792930079117,0.20345920587848326,1.1502846267199187,-0.0392307079152574
424,1.2919378514141853,0.22583827474348403,0.26957204307593824,2.6138097433849037,0.7181681890317198,0.6744813489476675,1.1776533529186466,0.0587194906261054,0.1276137363244696,1.3218718919707184,-0.11428449849553868
425,1.3686331432008614,0.18221261683686182,0.06667516770435139,2.434183369202512,0.640390166389295,0.4513183863625631,1.3535984088706319,0.09096234922428315,0.3202189732826247,1.0655502260016507,-0.015034734330229504
426,1.2876768774257852,0.1582296192530059,0.1446271644831909,2.390705541574597,0.6496089375360589,0.5279834335503089,1.2328787308245124,0.03727017208625421,0.1588976479011227,1.1030286641488116,-0.0547981466012728
427,1.300274125993943,0.1982308581698652,0.1276718865297456,2.6107680597509924,0.7137826042006047,0.5367627956206549,1.2072908823976207,0.0806521739130435,0.191219907243469,1.3104939337570494,-0.09298324359632226
428,1.3443372601331838,0.2214897602248898,0.3071157418871595,2.820453460136367,0.7563710734946119,0.7162066509780688,1.1970915813522618,0.04520429222548523,0.08485403647719035,1.476116200003183,-0.14724567878092198
429,1.356926207657185,0.14095510318118953,0.10037721584304166,2.5448183759953364,0.6659754025176524,0.50251937962715,1.3087860393387634,0.03671368661837589,0.20273687773117385,1.1878921683381514,-0.04814016831842172
430,1.3787778703479283,0.19898752240463477,0.031884668629432976,2.698760753614299,0.7043296800305503,0.4218569927456708,1.3081690641660093,0.05350257682763884,0.3721991408021452,1.3199828832663707,-0.070608806181919
431,1.3831275761931527,0.19367948728746537,0.1282280246680187,2.8320008322525183,0.7328735524836,0.5373189337589279,1.2684549906897675,0.027740839795405068,0.2361834550901193,1.4488732560593656,-0.11467258550338522
432,1.3132428653293493,0.20514306168008137,0.23770074083300724,2.6809810201897393,0.7193391394770798,0.6467916499239166,1.201745720282382,0.04232447029497299,0.06262496721596571,1.36773815486039,-0.11149714504696728
433,1.3433103224062966,0.19730925835047525,0.049524087335217244,2.5633838521080676,0.6824407644709469,0.44003399077480754,1.274376201385468,0.07382793751908895,0.27401350567867266,1.220073529701771,-0.06893412102082852
434,1.3150694864626613,0.14465650376614508,0.13959283572886835,2.3267335113529177,0.6334247555625262,0.5331506168447551,1.2769146735271055,0.06218345210882522,0.1370013523073065,1.0116640248902564,-0.03815481293555578
435,1.369390021819561,0.16192041107986277,0.08470374969593791,2.6595054207823363,0.6996745838276223,0.4936331909029149,1.2967066828098759,0.027782192100958124,0.24073648612633314,1.2901153989627754,-0.07268333900968504
436,1.3917221792548051,0.24329223080745593,0.18388405550993137,2.8694759122895515,0.7479174652661378,0.5929749646008406,1.2424649567400867,0.05253621507252294,0.1821939564973531,1.4777537330347463,-0.1492572225147184
437,1.2636116885849646,0.15897966061603858,0.09115948177593106,2.3312372256533145,0.6287786264632289,0.4829182911739289,1.21121589459514,0.05247665448639873,0.1609327384792607,1.0676255370683498,-0.052395793989824746
438,1.3394052239673586,0.10512439293767623,0.03531240227132002,2.3494061106919926,0.6071397725132518,0.4202572001188418,1.3355645599503085,0.06305255243576777,0.2513333455850712,1.010000886724634,-0.003840664017050077
439,1.2764088812253929,0.22020799617787135,0.2747589477560486,2.640150985468809,0.7226910581422586,0.6838498568469579,1.1571434793516304,0.06099174457383412,0.11059110050161672,1.3637421042434161,-0.11926540187376244
440,1.2368680188548025,0.16483283745579974,0.1437904048067421,2.1769765777432886,0.6081048146999272,0.5458099358317734,1.1897638856698833,0.07132324316672367,0.10887639552724357,0.9401085588884861,-0.04710413318491913
441,1.2819978828858534,0.2348316058729465,0.16739126066488386,2.567469573822218,0.6967888013787227,0.5748753915003775,1.1762078610631979,0.10605643510901411,0.12177583096704503,1.2854716909363648,-0.10579002182265551
442,1.265841923508027,0.16693850460947748,0.13942085219050954,2.342905340959095,0.6508275525984069,0.5438326483394522,1.2070837529670846,0.05549957454431453,0.12517301878406722,1.0770634174510683,-0.058758170540942345
443,1.3271067991775771,0.17574331040317737,0.12582223925293395,2.529620063914259,0.6947818123007565,0.5232680285761355,1.2374622771791433,0.012029990716595992,0.15484858075423938,1.202513264736682,-0.08964452199843387
444,1.3677794501284082,0.1980570925008593,0.05967117301242382,2.5959030360788518,0.6860180544742249,0.44332829420770997,1.3041565465895557,0.05509199462830064,0.30782046771224464,1.2281235859504436,-0.06362290353885247
445,1.2918380512998142,0.18931658682526073,0.09852275211257477,2.4889882878511598,0.6913237003087896,0.47257016463925905,1.2071753504773581,0.0377857900617134,0.21900352250367627,1.1971502365513456,-0.08466270082245608
446,1.3703045080790197,0.11672872289098332,0.048712182277096255,2.526625883311131,0.6657923196245621,0.4381858970882582,1.3316976010163406,0.038026282331908155,0.2550935291087072,1.1563213752321113,-0.03860690706267911
447,1.3700906894560365,0.11749784205064928,0.02485925215742287,2.338259477086906,0.6034655639919629,0.4017228983517287,1.3975421761877143,0.06525291523592058,0.3585460844684758,0.9681687876308693,0.027451486731677743
448,1.4000537990635977,0.22100344464012192,0.17549323285519253,2.836516220783929,0.7381895503004055,0.5735221696548998,1.2844930365277836,0.045873494872889345,0.2720685508118091,1.4364624217203312,-0.11556076253581415
449,1.3330956197377208,0.09878595303010856,0.15822726177802146,2.323792468854164,0.6128253577200762,0.5673181708689308,1.3135879736750087,0.045980539013310964,0.138180690325754,0.9906968491164432,-0.01950764606271216
450,1.3572809574231783,0.12735875754483325,0.03660292242896141,2.471490270550609,0.6482209960959622,0.3960788989726386,1.33884216510465,0.04409792085848426,0.3199040943481975,1.1142093131274309,-0.018438792318528296
451,1.3552938930730587,0.13158570880003218,0.06508303787213754,2.423952967098367,0.6450208191441027,0.47064051129483986,1.317193401314691,0.029848957084631998,0.22123442032351043,1.0686590740253084,-0.038100491758367605
452,1.3235994634629904,0.1427001383727393,0.1946962275961211,2.4021216032992903,0.654943445138209,0.5928286622845669,1.272342266542975,0.01575672420714571,0.07351964795658442,1.0785221398362999,-0.05125719692001529
453,1.3991192008080082,0.1202595154905456,0.043624029690490805,2.464018284539121,0.6254708603699148,0.3948500743885214,1.4242522743059993,0.07159028900816526,0.38117939119697275,1.0648990837311127,0.0251330734979911
454,1.370797232056653,0.17754424110663314,0.027486429444619882,2.677976811365215,0.6990244240777137,0.41142711021286554,1.2968839365302705,0.046768888195124876,0.31159395508421955,1.307179579308562,-0.0739132955263826
455,1.3539499381367497,0.20205093077408962,0.28639335271477706,2.6277873423499543,0.7009199164243493,0.6954842618056862,1.249223318472957,0.04433943578280184,0.08068726060286872,1.2738374042132046,-0.1047266196637926
456,1.275604799717577,0.20401023030322846,0.1931241543316632,2.4586295053347618,0.6761607351205591,0.6022150634225725,1.1925599508747076,0.07196831604414544,0.13020608493533192,1.1830247056171848,-0.08304484884286945
457,1.3116887821732244,0.19203771103682435,0.16573409742105205,2.5188655040527,0.681915010105812,0.5680368877068831,1.2397759565324473,0.0887216330254305,0.15672880343180606,1.2071767218794756,-0.07191282564077706
458,1.4180647124009678,0.1270826004197601,0.08527654098994199,2.595684880707591,0.6729830994926684,0.34646095471043303,1.416997951991714,0.08512158693916794,0.39350150682952967,1.1776201683066234,-0.0010667604092537974
459,1.3408395982741381,0.18492422221580126,0.15683761678515043,2.57128877204188,0.6806430659174552,0.5585320409206931,1.2713698455028128,0.05681190418856324,0.22722141095260046,1.230449173767742,-0.06946975277132528
460,1.302309349755715,0.18605025293698038,0.13107014689124147,2.3850146562256365,0.6455644008969466,0.509211977857758,1.24553442332715,0.06181131224271137,0.20882728375547374,1.0827053064699215,-0.056774926428565076
461,1.3181921700575068,0.12154235162425932,0.08956088755231371,2.364531734293169,0.6215911075786136,0.4930688143808877,1.290588124210677,0.03783969728242176,0.18166540892922667,1.046339564235662,-0.02760404584682985
462,1.285873197199037,0.14039458778481512,0.14393083237302803,2.2693233144671296,0.6040081779650837,0.5529682384342495,1.2603938023141468,0.05769471653681388,0.1854099121131999,0.9834501172680927,-0.02547939488489015
463,1.394417329124519,0.16012011104605725,0.06706470042957283,2.7050167888932477,0.7041065591141638,0.46939865266908637,1.3555096841820125,0.06287345154238523,0.35738332322721145,1.3105994597687287,-0.038907644942506536
464,1.3825089317730372,0.07226078101316273,0.03161670500425196,2.3740111896302043,0.6116052676678915,0.39895253508017714,1.3941162134839764,0.08584945181824685,0.27930042564090884,0.9915022578571671,0.011607281710939166
465,1.338873135294555,0.15368218327911568,0.19323612402214707,2.5510440875863964,0.685968267907557,0.6023270331130564,1.271218943972254,0.018162250399973975,0.16415998612042046,1.2121709522918414,-0.067654191322301
466,1.3523577405370275,0.2439405582857351,0.3078953337906536,2.69121005860027,0.7130193879758615,0.716986242881563,1.2174036890512783,0.0776085473971357,0.057135954050680685,1.3388523180632423,-0.13495405148574924
467,1.312121935319947,0.2190936737384568,0.17191547225286036,2.6309640089636512,0.7073807932092155,0.5724892307799179,1.2007512784842904,0.059159061277705344,0.15922286608009223,1.3188420736437043,-0.1113706568356565
468,1.296160062274455,0.12545753323271178,0.11972744277270564,2.4184975329095804,0.6524068659419182,0.5286409583627494,1.2593713414884171,0.050507594239395624,0.1374584172920684,1.1223374706351255,-0.03678872078603779
469,1.3417194535728685,0.17862721608920568,0.22365518731352085,2.6972394290446813,0.7249145050786812,0.6268307006050775,1.2372126184882568,0.03041099624243131,0.1481029586166423,1.3555199754718128,-0.10450683508461167
470,1.3364477955415546,0.18667590180323565,0.1932453210354605,2.739308931980176,0.7228662960703097,0.6023362301263697,1.2286407545598566,0.03538225615795024,0.15503245096476984,1.4028611364386214,-0.10780704098169802
471,1.279503122849736,0.18494244006689065,0.3227593657667924,2.4720309670704603,0.6756037559325204,0.7318502748577016,1.1903121466234836,0.04633333333333333,0.09941666227064545,1.1925278442207243,-0.08919097622625238
472,1.350445634813497,0.15607874691733492,0.16881682834261974,2.4822462389523547,0.654934162031876,0.5779077374335291,1.3078054997028197,0.041045680708356916,0.24024701558652636,1.1318006041388577,-0.042640135110677324
473,1.4161912576375575,0.14327109779430677,0.03626280850547181,2.642041748992919,0.6777778990312464,0.4303789648312685,1.3856648705606416,0.08504215083162452,0.3105521912953087,1.2258504913553616,-0.030526387076915906
474,1.3155475483031114,0.18287700981526148,0.047049457461522816,2.4871533643201387,0.6571278217143837,0.42669529183013355,1.2485446318330184,0.03896442401804334,0.30374742512644626,1.1716058160170273,-0.06700291647009293
475,1.4383780763628549,0.19336668506695198,0.02384377063584358,2.895918298249149,0.7195978284674103,0.411605792534792,1.3782818647166395,0.06833009883795418,0.43769936519479347,1.457540221886294,-0.06009621164621537
476,1.3418033630317834,0.13855430111202013,0.057844942112411785,2.3735062505197915,0.6234995844612148,0.36230956104823775,1.3363311250306356,0.054841283335731184,0.35867150503861034,1.031702887488008,-0.005472238001147822
477,1.2906239432341802,0.1643879384315184,0.2854867176311594,2.4977611264790065,0.6831723156763596,0.6945776267220687,1.2109055300617517,0.029290049149590058,0.07924463308056336,1.2071371832448263,-0.07971841317242845
478,1.3829010477123025,0.18174892021378047,0.15222475518357356,2.697889037533029,0.7083081968108849,0.5519241610376912,1.3023548932678217,0.06076429179237254,0.23531880013902154,1.3149879898207266,-0.08054615444448077
479,1.272653964745467,0.1890293151384032,0.3310185139706808,2.60942522890935,0.7228827573669503,0.7401094230615901,1.1546207506903623,0.028419053185271766,0.10701744240123089,1.336771264163883,-0.11803321405510481
480,1.3564246718074275,0.1867968868695557,0.13146550036820964,2.7271825638958402,0.7168378951335288,0.5405564094591189,1.2592398893129189,0.025195358239770402,0.21931630610144798,1.3707578920884127,-0.09718478249450868
481,1.3822962799288006,0.13840844549927556,0.17055873768192442,2.4787315875186064,0.6611433851099613,0.5796496467728338,1.3402582634692315,0.05247910500828786,0.193859914138297,1.096435307589806,-0.04203801645956906
482,1.3484823843647527,0.15752746439997584,0.06077703023313186,2.4920118931123487,0.6628392497615478,0.4511561753059383,1.2984024180935445,0.04653043783478571,0.28060166193654484,1.143529508747596,-0.05007996627120814
483,1.3416463810439128,0.10908770994057411,0.06781632369749668,2.3268387944166733,0.6035580625431519,0.43943275885666827,1.3644133842593544,0.06847823199723749,0.32827156743651553,0.9851924133727605,0.022767003215441672
484,1.3599953620117007,0.08558657149264859,0.10421493983716329,2.287828465672434,0.6016146034848999,0.5025705608624391,1.3658780273342657,0.0892091007583965,0.20363046306507798,0.9278331036607335,0.005882665322564984
485,1.3644053412569659,0.08019384042787858,0.08478419403304052,2.2852232701579016,0.5855077148496961,0.47884816086047527,1.3739665440626818,0.07391393042768699,0.22856419590641397,0.9208179289009357,0.00956120280571593
486,1.2851681437802656,0.20867299643714432,0.18127396690129222,2.4118554054385086,0.658835416825825,0.5903648759922014,1.1969588734324423,0.06214328373711402,0.1291953933081085,1.126687261658243,-0.08820927034782322
487,1.310284617219656,0.20671191558357818,0.26010684619977437,2.6107139513893407,0.7098316430442981,0.6691977552906836,1.1954050720379747,0.021408319276459822,0.029981071568548207,1.3004293341696846,-0.11487954518168131
488,1.3469755478990484,0.24024041103476074,0.087844688629381,2.8556189961158536,0.7424564595980332,0.4922017239017124,1.2056356644248998,0.06770691898452609,0.27449058947518806,1.5086434482168052,-0.1413398834741486
489,1.3116482246023975,0.16732496739924596,0.15205038444753127,2.496087172348412,0.6670313759885103,0.5611412935384406,1.2457848649928502,0.029040237155642835,0.19266679464175201,1.1844389477460147,-0.06586335960954726
490,1.324777050988907,0.1765238715896114,0.09606480522228072,2.4843410089831393,0.6615494718929968,0.499148568501258,1.2692425422087474,0.06954689146469974,0.1971183047267574,1.1595639579942323,-0.05553450878015953
491,1.3714911618324668,0.22112321796371473,0.1742176924755749,2.7089029192962473,0.7169714473682458,0.5833086015664841,1.2521234826246552,0.04348445965212431,0.17507673797402606,1.3374117574637805,-0.11936767920781155
492,1.3256863509658232,0.15117934951083,0.10958840538471736,2.427038745331875,0.653601080407956,0.5186793144756265,1.2789894838131457,0.029109756761168844,0.20568044146418904,1.1013523943660517,-0.04669686715267751
493,1.2603281298648712,0.23880231959476333,0.20164066324420074,2.595511486528144,0.7137591864042092,0.61073157233511,1.1421658647243182,0.0933333333333333,0.12354966621520755,1.335183356663273,-0.11816226514055295
494,1.3074391803052836,0.1957449097336713,0.12056057622356571,2.3262713222429077,0.6117109583859777,0.5137201627220958,1.2580731052110719,0.08230804283435865,0.2095579732235074,1.018832141937624,-0.04936607509421176
495,1.30669887831856,0.16102348588707888,0.1917181942357466,2.483625063767589,0.6850812938701678,0.6008091033266558,1.2260509026124509,0.020198548528889138,0.07558297856545343,1.176926185449029,-0.08064797570610915
496,1.3245517092087442,0.09827989157130596,0.07127011343059582,2.356741398886569,0.6237223700899124,0.4633609745803731,1.3099262607782367,0.04784808121046138,0.21625153659188678,1.0321896896778249,-0.014625448430507504
497,1.2829092593052445,0.16401952205293502,0.12061614460674008,2.4293994354421287,0.6674729371061847,0.524999287353797,1.2191569697252305,0.04500661512995914,0.16732277840724558,1.1464901761368842,-0.063752289580014
498,1.3762217876417355,0.06768376736428032,0.04586321946494305,2.2770035960862436,0.5822540150786699,0.39758792595246406,1.3975041820439391,0.07056083849167186,0.29827479334679075,0.9007818084445081,0.021282394402203586
499,1.3310067909734946,0.138268034653535,0.09181072932648049,2.3756402568755073,0.6355778403440846,0.4960523196505233,1.2960306271419468,0.026542812142038973,0.18665378196992632,1.0446334659020127,-0.03497616383154778
500,1.3872047595423165,0.12820227108488602,0.040165269861829576,2.597349816223413,0.6810454017531575,0.42174708465584154,1.3993506511804938,0.1048319322054051,0.39346193145961394,1.2101450566810967,0.012145891638177364
501,1.2792777670638635,0.17697701157285706,0.27615796884388455,2.491065720843628,0.6745846667810208,0.6852488779347938,1.1958793028280374,0.040469886569493595,0.08383555575101519,1.2117879537797647,-0.08339846423582609
502,1.3400283652374259,0.1500626004869217,0.07510947213616037,2.4315413866704163,0.6405435857742702,0.4738839464382568,1.312562128719188,0.0454801537556416,0.2756174598717423,1.0915130214329904,-0.027466236518237874
503,1.44208430340408,0.26509285641768476,0.06256763668023421,3.0228313460691405,0.7608589338964691,0.4398512285686076,1.3073914082201066,0.09759991485285507,0.4120366178126716,1.5807470426650605,-0.13469289518397343
504,1.361666932431428,0.1602065635191551,0.09028473150555358,2.473762185271031,0.6543269042052962,0.49649551614153986,1.3268388848173698,0.05775603669260228,0.24354377863033294,1.1120952528396033,-0.03482804761405811
505,1.3694567760326144,0.1620794736320968,0.12519814500757948,2.5957272801577824,0.6803141051511751,0.5285742125189294,1.3043325244163249,0.05605710202607698,0.17625704545044218,1.226270504125168,-0.06512425161628954
506,1.275691534798227,0.24161257787274204,0.28643303483950255,2.602090574009135,0.7152678778185539,0.6955239439304118,1.1442004660144534,0.08357154146627832,0.09014395388416228,1.326399039210908,-0.1314910687837736
507,1.3498903031248988,0.15256205205216267,0.10360542034113507,2.5261072630197514,0.6632895343438769,0.48797955176834684,1.30164874683868,0.042571437321980925,0.24436777887248984,1.1762169598948526,-0.048241556286218845
508,1.3948012761685715,0.21034903313696654,0.06859415524666687,2.761397844255244,0.7191469843262075,0.4619990688294805,1.2941369999459909,0.05482590356463482,0.26696213943851543,1.3665965680866725,-0.10066427622258067
509,1.3976015999986902,0.08755474756867915,0.039522379760300284,2.2788587619589666,0.5849909771937537,0.3898138797266389,1.420113278628377,0.061665157899535646,0.2998695918393103,0.8812571619602765,0.022511678629686838
510,1.3656549988365176,0.07896822118428978,0.039601881045416676,2.217995323072954,0.5663762742986772,0.408064892175098,1.384217007690117,0.05682878351519081,0.26380312845926035,0.8523403242364362,0.018562008853599377
511,1.3551144647036186,0.19166405752839694,0.05977699567822561,2.6665917287513703,0.7085631562451875,0.45783680968529283,1.2960907758577038,0.05374426757209632,0.3621520717550273,1.3114772640477517,-0.0590236888459148
512,1.381706219828422,0.09611259532222063,0.06289937143217517,2.412555999084427,0.6186825283987332,0.46539656160522447,1.3685274674280778,0.054347193105054724,0.20988856616215423,1.030849779256005,-0.013178752400344163
513,1.2719306464664832,0.21291487185495966,0.1443980661787117,2.5013492044503165,0.6873521154776212,0.5269402281340202,1.1818095509684348,0.07610664625590005,0.17328596659987505,1.2294185579838333,-0.09012109549804848
514,1.3368790180514858,0.19782789008596974,0.09613737674889339,2.669486517201493,0.7081095403443171,0.49591003194707284,1.2378998787004283,0.024943374791706434,0.2638268340192451,1.3326074991500074,-0.09897913935105751
515,1.3364269412185976,0.1500818561318653,0.033654021334921125,2.4264644820346946,0.6443122591605736,0.4235857955918677,1.2939707059613696,0.026642718155964674,0.2448121299010958,1.090037540816097,-0.04245623525722797
516,1.3012680847262996,0.18161833415190567,0.17299325687977896,2.441412719617904,0.6649703840090069,0.5820841659706883,1.2281783370781967,0.04526444677670707,0.07310530272051169,1.1401446348916044,-0.07308974764810294
517,1.3550785920409678,0.1696238953900163,0.09104803363995415,2.6523034693820784,0.7026464121067708,0.49228667363768985,1.2900309622692498,0.050890684119030555,0.28112626842188787,1.2972248773411106,-0.06504762977171796
518,1.2940642700902347,0.1801289250070093,0.238130829517076,2.4610687779547065,0.6766651035636511,0.6472217386079853,1.2159413219962794,0.042374688392902114,0.06565138491216878,1.1670045078644717,-0.07812294809395537
519,1.2789946646249806,0.17284205695422716,0.20472787386524416,2.4542900835913963,0.6669176091860018,0.6138187829561534,1.2049608373253922,0.040486392935151175,0.14353178786363652,1.1752954189664158,-0.0740338272995884
520,1.3239486203056523,0.1448664484698043,0.16991169551647592,2.4901142356106485,0.6816563797938965,0.5790026046073852,1.2616517482916976,0.0490619485464846,0.11165275828688787,1.1661656153049962,-0.06229687201395473
521,1.3473177069291462,0.09179241446499961,0.05479542031761044,2.364269520152149,0.6183068809673739,0.4470156204673454,1.3376579987222401,0.04297463222518243,0.235041220149982,1.0169518132230029,-0.009659708206906092
522,1.2975861423189852,0.24616997067671648,0.27706002561574355,2.6143308368069142,0.7122983409158881,0.6861509347066528,1.169474014835416,0.09688347398084357,0.06964823447317925,1.316744694487929,-0.12811212748356926
523,1.34213095347728,0.1412507307883834,0.07781938856453587,2.529806935782965,0.6813778818030115,0.48691029765544513,1.2846423555557407,0.02989878248836612,0.22256928611807064,1.187675982305685,-0.057488597921539375
524,1.2947800274896086,0.17340222437411545,0.05213899533772343,2.538843880953526,0.6890136088537411,0.4061709285104928,1.2293371291642916,0.06317568022402631,0.30191366041635836,1.2440638534639175,-0.06544289832531702
525,1.3375446498575472,0.06990736500827903,0.06954540440796673,2.195647778893466,0.5728230958069396,0.4679206031024121,1.3456852186804151,0.07068119394436417,0.16590412975645238,0.8581031290359187,0.008140568822867955
526,1.3232367250804353,0.1851108186321064,0.08862875388760491,2.6730335601326374,0.7062661098748482,0.48220797653929687,1.2505530903622972,0.07791860527300926,0.2499063536148654,1.349796835052202,-0.0726836347181381
527,1.3227019437384062,0.24101987282931908,0.07586873428349254,2.533999580258134,0.6710665078940476,0.44907272295891754,1.2334136993486329,0.10845641901086123,0.2680565984837797,1.2112976365197279,-0.08928824438977334
528,1.3759703136007873,0.12389650306334708,0.04645912630838891,2.3943012556886,0.6100246493754273,0.364689754231184,1.3564620539362142,0.06738982302583592,0.23443744468747302,1.0183309420878128,-0.019508259664573036
529,1.3094661360481457,0.19309198413382692,0.08622941557830013,2.5500264195102633,0.689119479429067,0.4857771416715348,1.2390290943386741,0.07897809016794471,0.26177637457752684,1.2405602834621177,-0.07043704170947152
530,1.3405975584897483,0.12622056280244046,0.07318672698178447,2.4901878471550596,0.6592420712041889,0.48227739321929186,1.30852000791911,0.038521818031840335,0.2522820583650632,1.1495902886653113,-0.032077550570638325
531,1.3191868741141377,0.20788612222905845,0.14630581125879233,2.5060881908628887,0.6755011693811294,0.5268923746578456,1.2470920310808777,0.09181028623923729,0.21424192014814106,1.186901316748751,-0.07209484303325997
532,1.324028472938706,0.14797599345173404,0.0917585007735204,2.3882987202467985,0.6319322535564742,0.4862333125972853,1.2835574849759923,0.04989753162161105,0.19550575759636024,1.0642702473080925,-0.040470987962713645
533,1.3707660288700065,0.12443092240553219,0.09645628686809143,2.4269948365671077,0.6440872453439033,0.4914017548956541,1.3428101895258013,0.0329143945222015,0.240134746110967,1.0562288076971011,-0.027955839344205202
534,1.312009047524518,0.20976369137908363,0.08631127948417563,2.520034951191885,0.6834210585211193,0.466452428838395,1.2435387946747172,0.10642551892551894,0.2623500887370111,1.208025903667367,-0.0684702528498009
535,1.2828140194697668,0.19194035654078936,0.20092285890356654,2.537998523045864,0.6951496029825928,0.6100137679944759,1.1934322378120115,0.047412008281573506,0.12274854032230235,1.2551845035760971,-0.08938178165775534
536,1.3313461321001208,0.223862321191796,0.13121005079769388,2.576812361570671,0.6941137718808292,0.5343906322752057,1.2486686895298682,0.08638308153664673,0.2620413637483272,1.2454662294705503,-0.08267744257025256
537,1.361653562504158,0.22030166272840368,0.20768127886811222,2.8018721620261857,0.73963887821469,0.6167721879590216,1.226441168323464,0.030306682489060287,0.2098463613400987,1.4402185995220278,-0.13521239418069397
538,1.3325174416915333,0.1444752140088052,0.03975867716586861,2.5057528387191232,0.6592666617034901,0.39937647580514424,1.2933526961775277,0.04193237244979587,0.2849107698287927,1.17323539702759,-0.03916474551400562
539,1.4239455265807934,0.08148287424004595,0.05381840849050843,2.5274822580964345,0.6445583423559096,0.4320236115239573,1.4490281685883484,0.09594672678532527,0.3388454233948084,1.103536731515641,0.025082642007554945
540,1.3220354789926432,0.1802218895328749,0.21268728214547478,2.470136569143572,0.6604048646947991,0.621778191236384,1.253306445879367,0.037978731315535086,0.16025070076610312,1.1481010901509288,-0.06872903311327616
541,1.3125925552277193,0.19778295112428623,0.08747615371241471,2.5754097757828855,0.6974680125729167,0.45977689237690755,1.2247487389854586,0.042713703386410784,0.21437459563642977,1.2628172205551662,-0.08784381624226079
542,1.3624037864995175,0.1475083141828522,0.12955910319364364,2.541396795830285,0.6777998348435412,0.538650012284553,1.3136857304496399,0.03646597305133891,0.21915577610694512,1.1789930093307674,-0.04871805604987767
543,1.3934410691371157,0.13798058491602463,0.04466556317816701,2.62783204874269,0.6805909489460416,0.3886979398567425,1.3518978777703647,0.04315586013002988,0.31872543416427507,1.2343909796055743,-0.041543191366751
544,1.3711894418080202,0.10651698988156433,0.04108376722458824,2.1174256199251547,0.5307579309712487,0.3951183479223608,1.393269040230062,0.07321219382829583,0.2459690537785766,0.7462361781171345,0.02207959842204188
545,1.3361351306961717,0.11291740436555302,0.07648418818197984,2.357935417214672,0.6313715583346179,0.47927959814724297,1.3235966957394862,0.06163444398738513,0.22430064165273098,1.0218002865185003,-0.012538434956685496
546,1.3490013993841021,0.1383870099921884,0.13840917213746476,2.4957712277386506,0.6590949795271516,0.5467242027481207,1.3069175601899827,0.03503316749585408,0.2442018445133342,1.1467698283545484,-0.0420838391941194
547,1.3788698484543747,0.13757720602631582,0.03263539351262909,2.401490439814573,0.6298017392947252,0.395461078722127,1.3811473283237328,0.07167839878621078,0.32552304907331586,1.0226205913601984,0.002277479869358112
548,1.354927639707324,0.17622598549832633,0.07018735803278753,2.619950680200774,0.696624049737707,0.46929355414472784,1.2909852549024037,0.052269625799037565,0.25473035491310203,1.2650230404934502,-0.06394238480492032
549,1.3588672895311378,0.0984048893509134,0.03981798086496246,2.3181184010556035,0.6056037849405995,0.4366875530321124,1.3640193010984611,0.04651983014470566,0.27069929717634444,0.9592511115244657,0.005152011567323367
550,1.3654699186778982,0.13623681968526327,0.059687381665154395,2.598941454634582,0.6804084589805819,0.45629113853930414,1.3395906736132988,0.050103305785123946,0.327253095536561,1.2334715359566837,-0.025879245064599488
551,1.316351240465629,0.13614376494271238,0.087750420950928,2.4592990628499463,0.6535833309625824,0.47520144521795227,1.28188813708105,0.04275848395730762,0.2543208134896292,1.1429478223843172,-0.03446310338457903
552,1.2874373177763296,0.19264183556409964,0.09514431169844348,2.5561625280449687,0.6921977366000789,0.4887211202366586,1.2028938338015753,0.06414887794198137,0.1902606504233969,1.268725210268639,-0.08454348397475431
553,1.3066151943186237,0.18474769522538886,0.1564986349428683,2.417954803553596,0.6437596787956763,0.5655895440337775,1.2414730972273536,0.06001743679163034,0.17020079218171347,1.1113396092349723,-0.06514209709127017
554,1.3709132583345407,0.19534146854150392,0.05447037146378341,2.564923244008874,0.6729942877628694,0.42608966286719396,1.3390708564604732,0.08156987883960856,0.3752056907315328,1.1940099856743331,-0.031842401874067505
555,1.362567778857787,0.1483811717349763,0.032949343419126566,2.5447658417398724,0.6612411239604534,0.3894251070107803,1.3258886775232446,0.04994012293472316,0.2962382875029017,1.1821980628820854,-0.03667910133454244
556,1.3820570293187728,0.16251086590901798,0.036823542375625386,2.6388387376208513,0.6728600319059002,0.41642958949833403,1.3274947513844486,0.05332593327207052,0.30672703452864125,1.2567817083020785,-0.05456227793432422
557,1.2786294540163106,0.14744953112661685,0.15854424399097194,2.3982189425545393,0.6531385026345071,0.5676351530818813,1.2194227266645372,0.011311153516413635,0.07481269299975794,1.1195894885382287,-0.05920672735177335
558,1.412426563535928,0.08068042219616735,0.045128911685951026,2.437217763603269,0.6303790882804932,0.38905848690455364,1.425219143638003,0.10705385503161033,0.282730171861267,1.024791200067341,0.012792580102074957
559,1.3813027150107366,0.10286538981684201,0.0496972014856663,2.473771335730417,0.632443433045033,0.4334158964919882,1.3765475263036144,0.058024918138874886,0.2997255664172805,1.0924686207196803,-0.004755188707122215
560,1.3668678155060823,0.09274117576542716,0.04448649545466463,2.3084850547463254,0.5999389409950714,0.3854020173309144,1.3904646725548009,0.06228794987094363,0.31952434512293737,0.9416172392402431,0.02359685704871861
561,1.3693843323709052,0.13135771030184126,0.08201212415222647,2.4958493664905386,0.6502369001681418,0.48304084525947355,1.339364625786025,0.03934928684306205,0.23395123380235605,1.1264650341196334,-0.03001970658488018
562,1.325013006000849,0.12508925575006102,0.08165919876971398,2.335756072413548,0.6236960192399699,0.4797431945211663,1.297490316433263,0.033156867612191984,0.21583305035698397,1.010743066412699,-0.027522689567585967
563,1.2978705785695195,0.12152107752849556,0.15905425827194364,2.2726375920419417,0.6337967992589628,0.5681451673628528,1.266164728746517,0.04567994505494509,0.168123811835339,0.9747670134724222,-0.03170584982300251
564,1.3101675597185911,0.17217955979726102,0.11231586846035375,2.3890347171700155,0.6598263220657089,0.5214067775512631,1.2473631260460167,0.05985101813337684,0.16364089536253568,1.0788671574514244,-0.06280443367257438
565,1.3486646970608183,0.09234630212766179,0.05060667257828338,2.22248684093301,0.5802378475073628,0.36693175469190453,1.3572371978550102,0.06922736107472842,0.2664391825876801,0.8738221438721916,0.008572500794191917
566,1.3473103010717953,0.10772594510890357,0.03092269985657519,2.3037342246396033,0.6119916238581826,0.42055500794789036,1.3429492899829953,0.058679685094779443,0.25706050476771314,0.956423923567808,-0.004361011088799938
567,1.307514489968667,0.18491795463076557,0.08252034018742335,2.3837390776728125,0.6354389838507919,0.47809108063932876,1.2557629597873907,0.07420649698497503,0.24809379643298082,1.0762245877041454,-0.05175153018127632
568,1.2797140542509315,0.1838046018341613,0.1389834539512534,2.477407955711387,0.6757391334392036,0.5185536476234756,1.2056102873340089,0.06239263476986616,0.16388671558472456,1.1976939014604553,-0.07410376691692266
569,1.3866687795887518,0.18624651814773263,0.11075359726847195,2.7081203491456662,0.7086390448288984,0.513679407424023,1.3029272084572314,0.03467740756138378,0.22264017514657788,1.3214515695569145,-0.08374157113152036
570,1.358115211260078,0.1601786138409293,0.07122853516369285,2.627450021963418,0.6901129096785749,0.4639593336797382,1.2988302181744995,0.04302342749098664,0.2804586355644262,1.2693348107033398,-0.05928499308557855
571,1.3381224286685196,0.13351697065974125,0.05392711671984905,2.3912038945668055,0.6312043277040523,0.4446778165923442,1.3071568653567556,0.03722589254823136,0.24020369724788987,1.0530814658982859,-0.030965563311764033
572,1.3817949761176007,0.23853819047040425,0.25020256199195356,3.017494526532715,0.7826047225054487,0.6592934710828627,1.1964674429216224,0.05028006005122562,0.12231409936686678,1.6356995504151142,-0.18532753319597828
573,1.336910877183055,0.19722698886729698,0.12590261596871796,2.53892499460967,0.6792985339245341,0.5216190701579537,1.2656694856677297,0.08256567724326165,0.19870713595343814,1.202014117426615,-0.07124139151532516
574,1.4217779981936094,0.17677767903511382,0.04359992440742253,2.789846395850692,0.709180544800278,0.41248064378181815,1.3629622639533816,0.05835114939018183,0.38733920157045165,1.3680683976570827,-0.05881573424022779
575,1.3224136760357543,0.22484534263382688,0.0595078544850619,2.600738754872038,0.6908392567515936,0.3940332518283554,1.2295165391258933,0.0678150867613536,0.34102343489826714,1.2783250788362837,-0.09289713690986101
576,1.3136039861300066,0.16858354429259587,0.0501722196232854,2.3311589176981586,0.6226018705114706,0.4268949614470857,1.2832205330908941,0.08813772079261184,0.2663238737336182,1.017554931568152,-0.030383453039112496
577,1.3067132194407989,0.15911901863842987,0.14022426450708286,2.4323958107315655,0.6579662648598528,0.5442158017250778,1.2489680420690306,0.03157181571815714,0.14931432033022315,1.1256825912907666,-0.05774517737176832
578,1.3237099309621017,0.13404404882208146,0.06866110633235945,2.3741378786622716,0.629563601729863,0.3535688485136573,1.3163651029857308,0.05145971461869175,0.3695997682466504,1.05042794770017,-0.007344827976370816
579,1.3890810691296105,0.18172619822764619,0.145815595234914,2.8109712273698335,0.726027291556689,0.5549065043258232,1.284338075846018,0.03372631699726053,0.22045668490732007,1.421890158240223,-0.1047429932835926
580,1.3455572546993104,0.15343573726562015,0.1050220989035334,2.507945404365567,0.6599320814025222,0.5071007410301296,1.2982440897028527,0.040662849800653794,0.2272225074844765,1.1623881496662567,-0.04731316499645777
581,1.3112764469645075,0.17993420125811,0.12932151671853323,2.5122453801191647,0.683731301699781,0.5263558796838419,1.2462411360154069,0.0654213231095521,0.2147184364838136,1.2009689331546571,-0.06503531094910064
582,1.362193065925418,0.12329716043250691,0.07414974696894944,2.396111650087194,0.6297582671571473,0.47331557028746946,1.3392748323761752,0.04656083354348237,0.23939047136249098,1.0339185841617762,-0.022918233549242828
583,1.3513282732665084,0.12550618098097419,0.06771908950955749,2.425606561569708,0.6327621387663491,0.4583745068162043,1.3288275701121353,0.05772390901571908,0.2461318359867582,1.0742782883031998,-0.022500703154373136
584,1.3438536406406714,0.1379340553333652,0.13053572854252948,2.4428979588221833,0.655701910891288,0.5396266376334388,1.3072243823920744,0.03182017469899835,0.21072043817121733,1.099044318181512,-0.036629258248596974
585,1.2805674362297081,0.1743358016773154,0.1787167566423663,2.4870381689745598,0.6768911527739134,0.5878076657332756,1.202985100067151,0.04419600226965534,0.028199607758511942,1.2064707327448516,-0.07758233616255716
586,1.3364600676868117,0.16212026145132338,0.1445110289771226,2.491349670201283,0.6704887808140254,0.5536019380680318,1.2790481997175567,0.04552431219097885,0.1672806565081023,1.1548896025144713,-0.057411867969255015
587,1.318915009511409,0.22691408322243944,0.29613897865202965,2.833699216734991,0.7608192444191221,0.7052298877429389,1.165900634537787,0.0663360242757357,0.07435650438237638,1.514784207223582,-0.15301437497362214
588,1.3118357621125347,0.2043680741451392,0.17402203260264446,2.6277975298948664,0.7136732884830259,0.5617821383952003,1.2177580775842598,0.06805628529420853,0.19445123435096634,1.3159617677823316,-0.09407768452827492
589,1.3181872871322804,0.12180927376524664,0.04544811413346912,2.422342033497471,0.637977292471203,0.4500890372777425,1.295354843658773,0.03863156827144319,0.22029416138612856,1.1041547463651906,-0.022832443473507436
590,1.308320962070874,0.09311580460924851,0.10554075101723362,2.234190269114724,0.5876365805594499,0.5051697008505598,1.3053466891981462,0.07078931924882628,0.16768364921313011,0.9258693070438502,-0.002974272872727779
591,1.3102810539946779,0.17353771090541548,0.09994096154773979,2.477615354373521,0.6699988055611222,0.49348464696256955,1.2463374914619436,0.035994358251057804,0.21917412041754025,1.167334300378843,-0.06394356253273425
592,1.270512370222653,0.18472665193157012,0.1526622993068606,2.4066269377278857,0.6636517743766825,0.5580067605010259,1.190765462351814,0.026492180019150977,0.12186360725092676,1.1361145675052327,-0.07974690787083905
593,1.3243598491459885,0.21406743194925335,0.2035890770141338,2.7592009671039266,0.7425296749217649,0.612679986105043,1.189768513774838,0.035704133265108906,0.16971304462742137,1.4348411179579381,-0.13459133537115053
594,1.3714859202750331,0.1272720123431252,0.0404003505595965,2.5505679369221452,0.6611710698865398,0.3708838663753147,1.366978260403302,0.06066838046272492,0.3813896215095939,1.179082016647112,-0.004507659871731073
595,1.3442374421991081,0.1425331357025188,0.10715698856678868,2.381589193521668,0.6370675261359375,0.5046223803559476,1.3016862767163948,0.024695041103155683,0.1695722443266201,1.0373517513225599,-0.042551165482713316
596,1.3119834300991609,0.12492159576549375,0.05285889064667027,2.2782977473691854,0.601596051327397,0.439464920611413,1.3073971321798177,0.0760277083806496,0.2574478655355763,0.9663143172700246,-0.004586297919343174
597,1.3763787096932967,0.11054081842287675,0.03589489394607816,2.3434102425991306,0.6227317929937778,0.38727859409263177,1.392059178478506,0.05830169625851647,0.372422342489197,0.9670315329058339,0.015680468785209234
598,1.3059493816039092,0.2501160553857258,0.1936771379784652,2.551582460478489,0.6855663142898681,0.6008922323480543,1.1812417485179427,0.07982919402416974,0.05768728261954582,1.2456330788745797,-0.12470763308596644
599,1.373278805431715,0.17406552075648235,0.0507164674598951,2.6388354028022736,0.6992853130724508,0.45852433360871114,1.3049027080628444,0.036309964537625215,0.3147788850449701,1.2655565973705585,-0.06837609736887074
600,1.33541368478341,0.1841438251575518,0.25230165648525704,2.543053483938144,0.686852822041232,0.6613925655761663,1.2504194404277362,0.03377396375601047,0.0659261423625297,1.2076397991547339,-0.08499424435567371
601,1.353655531015871,0.16133361862852144,0.14449059841372583,2.524093823818779,0.671231933447314,0.5535815075046351,1.2939859314941926,0.0336183260119697,0.1702232596870994,1.170438292802908,-0.059669599521678496
602,1.3191908567015673,0.13353404921338052,0.09050158305025573,2.4955755320477366,0.6656358732445529,0.4839401282372321,1.275224222340423,0.033172375798036134,0.22611432354407257,1.1763846753461693,-0.04396663436114423
603,1.4052275772708036,0.10673810744615711,0.050382659220758026,2.4770612990374024,0.6225705972993911,0.3886586462922337,1.4200951010069667,0.08074205952409988,0.3661281038521269,1.0718337217665987,0.014867523736163069
604,1.2324141596467635,0.16626821271206702,0.26624846833213256,2.2872296516024933,0.6493977550008001,0.6753393774230418,1.1675300533463964,0.0658621940550114,0.09249664479543634,1.0548154919557298,-0.06488410630036712
605,1.2793886299245636,0.15142618367176025,0.1709485648655283,2.472987077221431,0.6737247645217969,0.5800394739564376,1.215259891184958,0.048113810741687975,0.12881766036348702,1.1935984472968673,-0.06412873873960567
606,1.314752769150775,0.10946938852315014,0.07642863463550148,2.414302436020391,0.6404428136066157,0.4844805291678287,1.2843904431649829,0.03621495327102802,0.18437736442373862,1.099549666869616,-0.030362325985792138
607,1.3837847303790616,0.1214639599674806,0.03874822719750067,2.5226921455529476,0.6513318173634917,0.4251237143050751,1.3772447408356316,0.07730120011708456,0.32787936884190794,1.138907415173886,-0.006539989543429936
608,1.347413765756686,0.14016538569096837,0.05348756399817628,2.5019856281593,0.6547222125166576,0.4329212588689578,1.3244533439467898,0.04859224958071745,0.3121920744569966,1.154571862402614,-0.022960421809896214
609,1.2846472343055064,0.1999110334434443,0.1864075505412232,2.4173797028525517,0.6591800015088711,0.5954984596321324,1.205524797616258,0.07202385000793488,0.07401975721725393,1.1327324685470452,-0.07912243668924845
610,1.3550410658416623,0.14607656178655298,0.12444724293921243,2.480130633948578,0.6573330792188912,0.5335280379572103,1.3053906864986133,0.017035622841015754,0.16915792062650264,1.1250895681069157,-0.049650379343048945
611,1.3321602590077308,0.14976566001439667,0.10977581080328716,2.5000412048310476,0.6693129395993063,0.5107827201877233,1.2840876608721763,0.04585977157360404,0.2295132770157399,1.1678809458233168,-0.048072598135554534
612,1.3338367479290671,0.1337128860050154,0.04176637433959334,2.425177457359333,0.6357520878955714,0.4151270213537054,1.3168326038435119,0.05474202305026164,0.3017443548821711,1.091340709430266,-0.017004144085555284
613,1.3850589550199737,0.12182620596896376,0.044563318077389516,2.4745982329073635,0.6444349434374659,0.41616704512786706,1.3767462915366684,0.09067223222567797,0.31393440766538394,1.0895392778873898,-0.008312663483305283
614,1.3344197192571383,0.1763822397538085,0.13018718711390193,2.5953220886990995,0.7099053103430673,0.5392780962048113,1.2513172738357032,0.029486980974691178,0.21808855593023496,1.2609023694419612,-0.08310244542143508
615,1.1896460786792844,0.15740634778289644,0.21541444952300487,2.2347405087029397,0.6297223530085885,0.6245053586139142,1.1268954429744658,0.03988603988603988,0.03427224157803466,1.0450944300236553,-0.06275063570481865
616,1.3715915790592634,0.11044093484810408,0.03708737677967381,2.4039113717684915,0.6279235904903107,0.4304357748280506,1.3696739985265196,0.0481059154440741,0.2930219154792827,1.032319792709228,-0.0019175805327438233
617,1.357786398689445,0.1351158395514565,0.0660268606692967,2.5294147314310713,0.6810096034821835,0.47461559136638143,1.3093986525336432,0.027335969748578395,0.26260988930203805,1.1716283327416264,-0.04838774615580177
618,1.4063858979925619,0.04792876614639175,0.05446691802753542,2.291963952745552,0.5784178883796638,0.3962128497660339,1.479615508848637,0.09941690209889444,0.37787006460232864,0.8855780547529903,0.07322961085607504
619,1.3746547228630543,0.10434010783764133,0.03402622251462364,2.364071002406612,0.611838774289599,0.40134824194714624,1.3882785020531814,0.05814876557910613,0.3179126796213194,0.9894162795435575,0.013623779190127028
620,1.331891807874002,0.16588338204188618,0.04815400798893877,2.564654312741394,0.6878897769137797,0.4061963612837677,1.2705867597373708,0.03741235572403808,0.3021483409884136,1.232762504867392,-0.06130504813663129
621,1.3133192712820636,0.14703368282785714,0.06535688720280873,2.3105647132646334,0.615013010972222,0.4602136591210285,1.2876483038510054,0.049198074049477,0.23262122272772429,0.9972454419825698,-0.025670967431058234
622,1.3330446973155552,0.14590380857546834,0.11082230475602371,2.3851169828904824,0.6408626633123701,0.5199132138469329,1.2852815909837823,0.02813018153990052,0.13089476102421893,1.0520722855749272,-0.04776310633177294
623,1.3861299106130345,0.11564851846497182,0.06410300100071689,2.435660457532993,0.6279797228003676,0.45178701119364717,1.3674197308858083,0.05688845954049597,0.25743206373187094,1.0495305469199587,-0.018710179727226217
624,1.2387718589718488,0.19004691675393293,0.2946247941740507,2.5116255053267444,0.7024626078846985,0.7037157032649599,1.1334980328351514,0.05638580615367984,0.06979381880052433,1.2728536463548956,-0.10527382613669745
625,1.3746466303860774,0.13321081915704822,0.030188576392651392,2.4562446752608804,0.6388515804255657,0.4053119775325045,1.3639761586482324,0.0571037950980427,0.3271609500624372,1.081598044874803,-0.010670471737844966
626,1.3750747945112693,0.10829669172914391,0.04447266252663072,2.3274441317643446,0.5948713805403346,0.41691590467149686,1.3766702034877145,0.06126327961263281,0.2971214234430337,0.9523693372530753,0.0015954089764451673
627,1.358452671859033,0.16308966834674787,0.15983662873485932,2.6090887569953005,0.6831944223562629,0.5689275378257685,1.29166520455422,0.036237762237762275,0.2058908299488714,1.2506360851362675,-0.066787467304813
628,1.3801145257518774,0.09217554011504005,0.03649711139910066,2.3523678186767514,0.617574977225986,0.3954446689382121,1.3880495762485126,0.07181617203724795,0.32661003128917054,0.972253292924874,0.007935050496635121
629,1.3104215529814658,0.18383680553971626,0.30970131559583114,2.4533444668294053,0.6614953668114374,0.7187922246867404,1.2283743929100224,0.04581240667843081,0.0973800543351626,1.1429229138479395,-0.08204716007144341
630,1.3085253096255256,0.13748556843405302,0.08285315910469279,2.4357305378760943,0.6559215263749361,0.49109524158420215,1.2647996188796817,0.026277944490016275,0.16155889013157637,1.1272052282505687,-0.04372569074584387
631,1.3438717352755807,0.08973066976158561,0.03755620315265834,2.1672154682264466,0.5679277580817985,0.4217096050332151,1.3322065348331846,0.032676009619371414,0.1710050422747895,0.8233437329508659,-0.011665200442396051
632,1.3371445278075726,0.1573976728276433,0.3089345054789515,2.542639300303925,0.6823194359861924,0.7180254145698608,1.2586399659209537,0.02727169166508453,0.06922605092555165,1.2054947724963525,-0.07850456188661892
633,1.3523244607207983,0.16875819121572472,0.0363972691342294,2.6092556786639647,0.6874245205165703,0.40145359727915714,1.2939897550372412,0.036914857378489346,0.3448179716594343,1.2569312179431664,-0.05833470568355703
634,1.2842777014695619,0.22826329379841614,0.21038551903492786,2.569323565615439,0.7069605843630036,0.6194764281258371,1.165241757999897,0.05709991303142209,0.1702107875674267,1.2850458641458773,-0.11903594346966484
635,1.299381854355175,0.1304978037789974,0.09584615750692717,2.279653788719374,0.6057107859300221,0.4914401507735004,1.2756520397544704,0.045992714025500876,0.1933471735088761,0.980271934364199,-0.023729814600704557
636,1.3031161372027775,0.25315370114809355,0.1225165770786186,2.5266220356379083,0.6891523773452378,0.5155492771135382,1.2115011200040744,0.1358317175374843,0.25029556495339633,1.2235058984351308,-0.09161501719870313
637,1.3991134594023624,0.12145063996079886,0.03571039484823049,2.6227288553514736,0.6800064351863504,0.4023841370723528,1.3850121245641436,0.07438428927269426,0.3664243282040365,1.2236153959491112,-0.014101334838218849
638,1.3242190236186988,0.16532043436303112,0.10293493553589803,2.5686315522913965,0.6955613478498328,0.5010205284595592,1.2546835089800892,0.02352069207117585,0.24524706092586013,1.2444125286726977,-0.06953551463860963
639,1.3823935854413327,0.1238342032811321,0.05116813061184559,2.4896462203689707,0.6386426382879176,0.4354588128562139,1.3806124256624246,0.0773491214667685,0.3370081173120112,1.107252634927638,-0.0017811597789081368
640,1.2391419041902947,0.19240843970527322,0.1453277197817271,2.3301536211568745,0.636079314392908,0.5453591632396484,1.1637252026859493,0.07147539622037058,0.041680576669847355,1.0910117169665798,-0.07541670150434543
641,1.3787001064143123,0.07569899987137073,0.07607544313510542,2.436308523330051,0.6326867318186588,0.48082833737582586,1.3685325403471373,0.06592216337222542,0.20553669609273031,1.057608416915739,-0.010167566067174949
642,1.350752342655355,0.14775337107970996,0.10899714371418559,2.5278713508397725,0.6664061630916818,0.5104417973725308,1.3079466711453298,0.06202492211838005,0.22421101915551228,1.1771190081844176,-0.04280567151002512
643,1.3299096143692841,0.14228298275113455,0.13915196910519295,2.4126879722135532,0.6429275229582107,0.5482428781961022,1.2839837221810944,0.0204234062226065,0.13801670108994707,1.0827783578442691,-0.045925892188189765
644,1.3107361793155787,0.13113756090153617,0.14982812383787497,2.36149431585231,0.6399037542978476,0.5565568399922913,1.2703496411480828,0.031479744936234094,0.1536753911162752,1.0507581365367313,-0.04038653816749593
645,1.3552826204269808,0.16000437087985872,0.10249063399039118,2.5873063013725197,0.6773589197425004,0.5051471471235874,1.2941724648878563,0.03398629722159134,0.22409237159368983,1.232023680945539,-0.06111015553912447
646,1.2927248636211717,0.2311500559940236,0.22846588941475215,2.6812641040509053,0.7274143493128084,0.6375567985056614,1.1625157746775334,0.06508274334361291,0.14895423465190732,1.3885392404297336,-0.13020908894363825
647,1.3250586419809398,0.14565971232369196,0.10755554220609327,2.373114941869729,0.6329220062944936,0.49973614360110163,1.2900608521242571,0.03227295743603491,0.2238026321825186,1.0480562998887892,-0.03499778985668267
648,1.3281976609697157,0.17001994984399996,0.23168465927244658,2.526546627260985,0.6766409897696206,0.6407755683633558,1.2499630999902331,0.03662960118024313,0.07051297195250732,1.1983489662912694,-0.07823456097948256
649,1.302656059161766,0.19850866791962457,0.24274121584020542,2.5740158608323647,0.7008770841473422,0.6518321249311148,1.2008480910867982,0.03370059064061785,0.031372457188264896,1.2713598016705987,-0.10180796807496773
650,1.3509306399579968,0.20717738164421678,0.09519374787673264,2.6205040146695007,0.7029926882134752,0.4992666535755208,1.2605375486571468,0.06002284786344155,0.2654198492135893,1.2695733747115039,-0.09039309130084994
651,1.4103766014561576,0.12428665784127996,0.05430188777616248,2.6600948142997,0.6783807292562554,0.43632525120185317,1.3768288285726755,0.06149659341924238,0.3413446472212204,1.2497182128435425,-0.033547772883482097
652,1.345324248827879,0.11407415096918572,0.09333923356275028,2.4907530529424005,0.6647491970573793,0.5024301426536595,1.3108825350180302,0.05198361782140662,0.19305057590856964,1.1454288041145215,-0.03444171380984873
653,1.35652666501711,0.1477171883158294,0.11166885090750925,2.55285918892528,0.6824561034612397,0.5121597037273151,1.2904270962632909,0.019529943570221954,0.16438566326412407,1.1963325239081701,-0.06609956875381906
654,1.286829278007208,0.2088689810065865,0.12917531203886196,2.6423892527513253,0.7135177495460809,0.5382662211297713,1.1710002534452542,0.04724574362121575,0.20659862363978293,1.3555599747441174,-0.11582902456195376
655,1.299136757178934,0.2130156085425883,0.28455129131860035,2.5316176979357166,0.7000857860198502,0.6936422004095096,1.191789373436328,0.056211502644927414,0.049900437957368454,1.2324809407567825,-0.107347383742606
656,1.3249930969115353,0.13356674104397678,0.09255250447572616,2.4152830766810025,0.6459391825357422,0.4886476158462395,1.2861709518466304,0.031757518239515975,0.2119448949875547,1.0902899797694672,-0.03882214506490489
657,1.3364202633984583,0.12776837515757852,0.03578342506221842,2.323546092524355,0.61805584351618,0.4271295978997273,1.3046488456929906,0.026602391767868723,0.17930284334559699,0.9871258291258969,-0.031771417705467764
658,1.3680113246218788,0.1450583958647386,0.061397203758569795,2.500498102381502,0.6550340225050286,0.451758002186145,1.3419086386717751,0.05204584803524073,0.2931718992548368,1.132486777759623,-0.026102685950103677
659,1.4195469236168665,0.159642052102511,0.03153780092354301,2.712828044217361,0.695441542013421,0.42661953579805567,1.373509112373433,0.04825091312880181,0.3606214232430327,1.2932811206004944,-0.046037811243433424
660,1.3501834686245462,0.12002241567281219,0.05105209918094715,2.364098279012766,0.6211999090198679,0.4371600757556854,1.3486396714175983,0.06057711155822822,0.2660775990750829,1.0139148103882198,-0.0015437972069478612
661,1.2356434370628557,0.20152506449394542,0.15208626122850188,2.4528381076502024,0.6735483005505845,0.5584096170452724,1.1366987132066486,0.04767760021486599,0.1064991085649134,1.2171946705873466,-0.09894472385620712
662,1.3513884315876847,0.10132316392555378,0.05579863274813992,2.3614508786841935,0.6215783142800924,0.3571074171908972,1.3641839635333002,0.0617382008552132,0.3501300521371977,1.0100624470965087,0.012795531945615446
663,1.3039238733580374,0.12965926510835293,0.0374760830487518,2.376044518216978,0.6269456038863638,0.4132753048714834,1.273098641770026,0.04375943433701438,0.25752578731898756,1.0721206448589407,-0.030825231588011315
664,1.3506869378082857,0.26124626576804866,0.16561157317517294,2.810550897775978,0.7404267288529061,0.5540517348067004,1.214924168355381,0.09385527301906933,0.22198845713781268,1.4598639599676924,-0.13576276945290466
665,1.3480229384480595,0.16235214223505579,0.07924043590990369,2.638319279698603,0.6996180273288832,0.488331345000813,1.2728008978119187,0.0461924514774415,0.20577537478921554,1.2902963412505435,-0.0752220406361408
666,1.3488794504770254,0.13298107117750255,0.12638106070113136,2.493537748273104,0.6717395614252896,0.5354719697920407,1.3020245044030165,0.04511601767984891,0.1993764722369262,1.1446582977960784,-0.04685494607400886
667,1.416677618128936,0.08550157630515864,0.05860109070635594,2.461713998533819,0.633847887019382,0.4007250326991819,1.4459422085600193,0.10693512304250558,0.3681848885566307,1.0450363804048828,0.029264590431083315
668,1.3344714645572608,0.1359007804897307,0.0865049381729873,2.3778896686635234,0.6353546064339146,0.48955684851827286,1.3088600949231306,0.0424253034547152,0.25698636620575144,1.0434182041062625,-0.025611369634130243
669,1.2876614209586097,0.2110445617445611,0.32220869987118034,2.611992460017163,0.7126461215867705,0.7312996089620896,1.1854741358067777,0.09739069516595651,0.12168296255933167,1.3243310390585532,-0.10218728515183195
670,1.2692218982903414,0.23897765888083533,0.3137723865805828,2.7180427912409897,0.7366455968248669,0.722863295671492,1.116506240652567,0.05001655081098973,0.09228197930472151,1.4488208929506483,-0.1527156576377744
671,1.3564895649866366,0.2274938586023627,0.17411448001923205,2.7475622323737143,0.7273315959944398,0.5832053891101414,1.2229694780031735,0.04775765661282211,0.192537344897252,1.3910726673870777,-0.13352008698346318
672,1.3448309485107206,0.13767290991348363,0.05852774997071123,2.55384833839268,0.6698153604682322,0.4624275348232456,1.298385899381652,0.04579590266903426,0.2216728599319398,1.2090173898819594,-0.04644504912906866
673,1.2686780439647733,0.18225953225057762,0.16200851774853792,2.435962726969505,0.6708699098137659,0.5710994268394471,1.1912490767660495,0.03872901678657073,0.1091314105558467,1.1672846830047316,-0.07742896719872383
674,1.2433483589824208,0.1933542842036641,0.14222549702124276,2.3794908503233128,0.6429284629293965,0.5297460365510991,1.1716967181576252,0.07083933217145312,0.11789083004003895,1.136142491340892,-0.07165164082479558
675,1.41513563392048,0.1297767999698779,0.05437278034470926,2.6858558009369244,0.6920718634090599,0.4284084597919601,1.3828394347314958,0.0663146087450524,0.3473112433192608,1.2707201670164445,-0.032296199188984076
676,1.3115036646045657,0.19966571166225738,0.10719909741832426,2.5502607592270516,0.69578577645394,0.5120670057716967,1.2233080133010716,0.042690189148799615,0.21485283242852582,1.238757094622486,-0.08819565130349405
677,1.2717146103314105,0.22870194856974319,0.24008255174143756,2.54511819456857,0.7029137793834169,0.6491734608323468,1.1736533146796444,0.10246290545203585,0.12128257595356547,1.2734035842371596,-0.09806129565176613
678,1.3241813518816063,0.13576196063423457,0.10088357073197758,2.244839563709709,0.5916184488105769,0.4914243366793202,1.2937052310270944,0.027607084764142382,0.15562069451323599,0.9206582118281026,-0.0304761208545119
679,1.3168112992487289,0.19295500614840794,0.19621080649911715,2.544583078157626,0.6800622069419667,0.6008820026897763,1.2251356730432237,0.027107508126192996,0.0984458164615307,1.227771778908897,-0.09167562620550518
680,1.3224714776027986,0.10291126611345333,0.059558850037160556,2.140538359593939,0.5574485162026295,0.3563354091233781,1.3461027281777715,0.07168840173880581,0.31995101294394,0.8180668819911403,0.02363125057497295
681,1.306344526761114,0.19226430591311472,0.17464624806751317,2.527441668169176,0.6813889934630311,0.5837371571584224,1.2202989295578708,0.05721801346801351,0.11365072794003613,1.221097141408062,-0.08604559720324323
682,1.2924378549577422,0.20549315035719234,0.3255893840167068,2.610661732335618,0.723451802453814,0.7346802931076161,1.1767163892079102,0.04415549797018867,0.09939016023387821,1.3182238773778756,-0.115721465749832
683,1.2476144890940057,0.19352050922555553,0.2408721011524913,2.44884335118862,0.6776100269552423,0.6465286082850776,1.168689143285265,0.08977015237712471,0.09875767788143229,1.2012288620946143,-0.07892534580874067
684,1.33788029211762,0.18788324978227067,0.27118664704126433,2.612127596913723,0.7043751053573604,0.6802775561321734,1.2433686564624147,0.048766343639440074,0.06798016021737087,1.274247304796103,-0.09451163565520537
685,1.385737580873804,0.09902043194373905,0.13474535694666645,2.525201826711488,0.6641727244425482,0.5438362660375757,1.3652246906147576,0.08363276521338125,0.2051733325506216,1.1394642458376842,-0.020512890259046346
686,1.3937423423221695,0.11341114544588513,0.03804655345081488,2.5571388328268574,0.6546715682805356,0.4148155650146449,1.3863917789427038,0.06268302886626693,0.34831783972870634,1.1633964905046879,-0.007350563379465713
687,1.361631578198751,0.17262706604390798,0.10563144122525422,2.5840127476586963,0.6913463433718983,0.4872503438579726,1.29774145221434,0.03754599746636905,0.22850730557426324,1.2223811694599453,-0.0638901259844109
688,1.2903808560942576,0.18559067767989543,0.14343090579344342,2.431415581862684,0.6556876181681186,0.5277694276165348,1.2215889065887782,0.03813292981026657,0.18248489126543654,1.1410347257684266,-0.0687919495054794
689,1.3335440730235828,0.1562353916145653,0.2995049546040753,2.544746240630247,0.6790261548960577,0.7085958636949845,1.254203155458489,0.0236321184722145,0.05016900831041754,1.211202167606664,-0.07934091756509387
690,1.379504291913479,0.12145387335810687,0.045928939465084556,2.435672964566465,0.629053370991125,0.3631619696258247,1.3845610971648918,0.06515663595499481,0.3615516931671827,1.0561686726529862,0.0050568052514128325
691,1.2889500624697607,0.22558274986761184,0.14569400629122986,2.596868724060006,0.6958375013735825,0.5547849153821391,1.169247983475083,0.06371858116044166,0.12205274517887761,1.3079186615902452,-0.11970207899467766
692,1.3550054267421756,0.17540687339862965,0.1422828507295064,2.570864162234214,0.6828879574968423,0.5473399282173901,1.2860170965399762,0.05361109749522082,0.19632638358053794,1.2158587354920383,-0.06898833020219941
693,1.2957643404044283,0.17925016907489816,0.16680340667019225,2.4646723765331,0.6804034351303005,0.5733145661514927,1.223333668317803,0.046498663377419196,0.0964882118491448,1.1689080361286717,-0.07243067208662524
694,1.4036765406399336,0.17587935926011436,0.04397712579434794,2.696370899905754,0.6936000105168308,0.3849636136327082,1.3442567887826251,0.0532720690615427,0.34061091121802856,1.2926943592658202,-0.05941975185730852
695,1.3430580966363501,0.15910987295029233,0.1265514434456101,2.293784821903439,0.6088817789743858,0.5315498946536348,1.3291688479715313,0.06626565535712325,0.24315785248286703,0.950726725267089,-0.013889248664818776
696,1.3732535033749937,0.21840291757661384,0.2522205220180258,2.7742823899241484,0.7251448005233789,0.661311431108935,1.2429044970872385,0.022182817417445648,0.11504388803785513,1.4010288865491547,-0.13034900628775525
697,1.3489601613702593,0.15263256105458112,0.13392919546025323,2.3809535011116547,0.6378308259581136,0.5430201045511625,1.324015609110317,0.06046111678400601,0.22441273421144012,1.0319933397413954,-0.0249445522599423
698,1.2971204965116283,0.16662403936943523,0.08680571201740389,2.2986217275108864,0.6138717785893277,0.47399307082851083,1.252801183806802,0.05515606260207898,0.1964523726138413,1.0015012309992581,-0.04431931270482625
699,1.4054041858733202,0.14162012814559427,0.07594269292275355,2.727083762555315,0.7009623002275183,0.4704544198491341,1.3487395323216718,0.04705367055638054,0.3259786809853129,1.3216795766819947,-0.0566646535516484
700,1.3741517653269884,0.13051413113920426,0.10383156153677593,2.6456344701516596,0.6994316316918849,0.5129224706276851,1.3177829044251834,0.06595391172433722,0.19896172224248243,1.2714827048246713,-0.05636886090180493
701,1.2981042831574778,0.15384241535166793,0.11153767292279163,2.455479152698799,0.6643570836640582,0.5141089825516347,1.2435479396201314,0.05020664994891797,0.1633154527446574,1.157374869541321,-0.0545563435373464
702,1.378744895937738,0.10030969247045977,0.032452684203698796,2.335074695178421,0.5999032834620939,0.41796620926810035,1.3852893245581366,0.058647287562950234,0.2730501144499927,0.9563297992406832,0.006544428620398612
703,1.3144246131640467,0.15625162912144758,0.04790525189189109,2.450792884383098,0.6545963594524082,0.4413716048724961,1.270144390152229,0.04727698851746732,0.27500955829703083,1.1363682712190515,-0.044280223011817776
704,1.4147373503954412,0.08156227488381892,0.07578825022837807,2.4410832443283366,0.6207476807928403,0.3426239516359632,1.4692135122967913,0.12477466590128601,0.40265511770498397,1.0263458939328953,0.05447616190135007
705,1.3744693752452475,0.0745952738175701,0.0474174783723861,2.405223455792406,0.6171274112957816,0.40673444916621043,1.3973384330692769,0.08046831325913506,0.33116184874352095,1.0307540805471584,0.02286905782402937
706,1.29739646418812,0.17756417298357047,0.16999190333183156,2.4393309130966534,0.6674061695453446,0.5678244445851781,1.224481415347987,0.05672119807388247,0.19426191268048554,1.1419344489085335,-0.07291504884013289
707,1.326352394355641,0.12831278539556745,0.10897152200647044,2.352666915446619,0.6264234408630502,0.5180624310973798,1.2937425307309438,0.024273655280722454,0.16325236191338427,1.026314521090978,-0.0326098636246972
708,1.356934190601427,0.1734585679299159,0.044679804755558654,2.594582794517352,0.6829052111342766,0.4456832645482835,1.2895432450279354,0.03737643278893989,0.26708768493188095,1.237648603915925,-0.06739094557349157
709,1.3342414958995543,0.2155790194550864,0.09005934629442128,2.7318963647479184,0.7208067736431083,0.48234437103671,1.2334583472761032,0.08102494253852047,0.2813090134172406,1.397654868848364,-0.10078314862345117
710,1.3839160997347553,0.16147698066275812,0.0906642206690943,2.6386105968799742,0.6819597505612451,0.489798743923336,1.3322429788843042,0.048905536032963874,0.2784394613667419,1.254694497145219,-0.05167312085045106
711,1.3311786818603526,0.16288635815287766,0.11923333945418123,2.624674122070975,0.703673219280438,0.5279642555583186,1.2536388910644916,0.04960492227979274,0.18250019865223777,1.2934954402106222,-0.07753979079586104
712,1.3157481920918501,0.21225150006755872,0.2086948703846386,2.544239872686373,0.6837987918840898,0.6057125017043166,1.2179756115203308,0.051772981920040706,0.1825107745153618,1.228491680594523,-0.09777258057151927
713,1.4035862568717763,0.2264128401075886,0.1401640183307039,2.867585781039397,0.7414570812396886,0.5492549274216132,1.2648479749349755,0.017055937654045696,0.20354866964238277,1.463999524167621,-0.13873828193680082
714,1.2952978008039162,0.17787635817192723,0.21542566777536848,2.510606426564332,0.6844254277964215,0.6245165768662778,1.2132188327538813,0.03926159290507736,0.10547434585372184,1.2153086257604158,-0.0820789680500349
715,1.349229799433715,0.2072387867184346,0.12230701176303235,2.7298890926816695,0.722497006995118,0.5313979208539417,1.2432521995324164,0.059598112644652784,0.24351709873384098,1.3806592932479544,-0.10597759990129862
716,1.311838223076455,0.14256048619829756,0.03711273840770287,2.389904521927477,0.6369384155636104,0.3966578912141944,1.28208472889889,0.060302717578259404,0.2500082593300097,1.078066298851022,-0.02975349417756501
717,1.3745873570134668,0.16241394190212802,0.08215805015508101,2.577634000123751,0.6614577397152692,0.46948941694570717,1.357968236256776,0.06720760755994658,0.3307864666656373,1.2030466431102842,-0.01661912075669081
718,1.3318575418420002,0.20809886561565633,0.11018439827185131,2.6651684357635004,0.7129712776592256,0.5090593455256636,1.2300893998601041,0.04811123415774582,0.18754663940389785,1.3333108939215002,-0.1017681419818961
719,1.3542981711425446,0.16319302729752194,0.16000889246090003,2.5478586553258524,0.6635976442391532,0.5690998015518093,1.2923571344734621,0.03599616076255198,0.22130278642682796,1.1935604841833078,-0.06194103666908246
720,1.3507953229081666,0.13596618026622367,0.06514474246824618,2.5791129010707063,0.670430863385276,0.47056863071835675,1.3032306195673962,0.03642420270860634,0.2458183859598667,1.2283175781625397,-0.04756470334077045
721,1.3392330272954722,0.094471196200061,0.06725053130444636,2.3348060827951325,0.6264626329353068,0.4758884539168625,1.3152288971008859,0.03324977413567127,0.19477618776065136,0.9955730554996602,-0.02400413019458636
722,1.3209775137484752,0.14395286150811804,0.06998781647896166,2.3923321417903836,0.6316746185842139,0.46840023556797666,1.2823322648024065,0.03617965867158667,0.18659209528556153,1.0713546280419084,-0.03864524894606869
723,1.2952029452313334,0.14147263759825862,0.18755223525820552,2.4131041996206535,0.652075190817665,0.5966431443491147,1.2373555083232883,0.01706434911764086,0.07948949530790643,1.11790125438932,-0.05784743690804506
724,1.3474564430668385,0.16829331139091702,0.05865874135444157,2.5185132177284935,0.6579434796473607,0.43858208700063045,1.3031383023144745,0.05346947738252084,0.29107535207494656,1.171056774661655,-0.044318140752364066
725,1.3770663538296646,0.20552339875571812,0.25590596220432393,2.6053553120687836,0.705717221059027,0.6649968712952332,1.278196249457321,0.06762545824597538,0.12431506493017233,1.228288958239119,-0.09887010437234367
726,1.400211905949833,0.14705841446256812,0.032554002055266616,2.6601181041782267,0.6790703703615397,0.37653690703564263,1.3718621347816327,0.06669002069099353,0.3538845938873987,1.2599061982283937,-0.028349771168200366
727,1.3780138712034118,0.09314012737149865,0.06719352440432858,2.3467207922990716,0.5995123047785306,0.35147019422188897,1.401888445294155,0.08008695652173914,0.3432415205279479,0.9687069210956598,0.023874574090743117
728,1.2893259700665318,0.16698251891317464,0.16738804827576934,2.4925530187472704,0.6751336385525495,0.5764789573666786,1.2134723607287512,0.042768892594557704,0.07053201294917774,1.2032270486807386,-0.07585360933778063
729,1.3494817891537467,0.12527439181882327,0.1559975009780757,2.4897705167993007,0.6600630358540117,0.565088410068985,1.3012192773030375,0.035997855994282596,0.13220984382360665,1.140288727645554,-0.04826251185070918
730,1.300556934150265,0.21012419727532167,0.17175211533816037,2.555189862615646,0.6938787401292721,0.5805704053270435,1.1996183048751234,0.03957526784910417,0.13688510538072354,1.254632928465381,-0.10093862927514152
731,1.368080667969017,0.12560466637546994,0.06156929261393461,2.4758703273582388,0.6400285616210453,0.4593920325482669,1.3451911896423197,0.06448511608033046,0.25775548106477275,1.1077896593892218,-0.0228894783266973
732,1.4108270883842589,0.033806307702233154,0.048867211964653275,2.2568617476318122,0.5648491954868546,0.3880448575825916,1.4648596297631555,0.11423836570917327,0.29855932443430655,0.8460346592475534,0.05403254137889668
733,1.3419065262915901,0.1131930934496771,0.11616658192970666,2.363814268149978,0.6221049254859206,0.5134539123353845,1.3288647662423423,0.06616659202866101,0.2078725286649049,1.0219077418583877,-0.013041760049247841
734,1.3347144840174963,0.1372631867560637,0.12801023770586367,2.465040426678874,0.6524511474658401,0.537101146796773,1.2845395315896506,0.020383535345844007,0.14475031083439027,1.1303259426613779,-0.05017495242784564
735,1.2842263227185828,0.2514195385244756,0.22338496145341386,2.6104586112879025,0.7084561570857497,0.6225388468130701,1.1807232597241417,0.13758222868665498,0.16211028705348512,1.3262322885693196,-0.10350306299444112
736,1.29192882811493,0.167057903412134,0.2501884649853664,2.432733424659056,0.6564257928191921,0.6592793740762758,1.2228659017959145,0.05225335837064859,0.09346674331503521,1.1408045965441262,-0.06906292631901545
737,1.3055467628972193,0.22497074315747867,0.10477034810846349,2.782706467621301,0.7508878981382392,0.48524486137633294,1.1663458175059753,0.06242859348463792,0.2616989630904604,1.4771597047240816,-0.13920094539124395
738,1.3634961154903484,0.16065200065455568,0.1754996234801757,2.5631573465602555,0.6734294950231374,0.584590532571085,1.2957982802404366,0.03301322469040001,0.1435930187760545,1.199661231069907,-0.0676978352499118
739,1.2876299930816169,0.21371712784710106,0.17980586571016957,2.585110900450714,0.7064705303582948,0.5888967748010788,1.1829610273366757,0.06922034898536729,0.1453485783817151,1.297480907369097,-0.10466896574494111
740,1.2819768577210988,0.14335070005998155,0.30578344556476755,2.495024961776463,0.6770185983385348,0.7148743546556768,1.2137134861906058,0.03198932155021633,0.15198718789652638,1.213048104055364,-0.068263371530493
741,1.3757349903743257,0.16343189878190417,0.1250566728226709,2.6355181914976713,0.6881407014847358,0.5341475819135801,1.310751787491695,0.04045795767475196,0.23048098030404163,1.2597832011233456,-0.06498320288263071
742,1.3158602149716627,0.17930693058693373,0.137724873512387,2.568488126602622,0.6870773246816955,0.5449148802604753,1.2294378360814064,0.010020600727383758,0.12199925654630454,1.2526279116309593,-0.08642237889025628
743,1.3224350055420164,0.18179754088056627,0.3038409039765938,2.6479160153313748,0.7079161882572657,0.7129318130675031,1.2337313866127588,0.06786405286021975,0.10836643304436593,1.3254810097893583,-0.0887036189292576
744,1.3656933918789727,0.08544738769636007,0.046878132351097654,2.3469023178860833,0.5998912351457122,0.4289612879573387,1.3713259723919617,0.07459805075495372,0.25193035426141935,0.9812089260071106,0.005632580512989094
745,1.3589432867437097,0.17044254113067403,0.2021281043610107,2.6643958191320056,0.7060302280980275,0.61121901345192,1.2714248397770613,0.039419475655430705,0.1573908600865278,1.305452532388296,-0.08751844696664834
746,1.3065980844538956,0.13599533981785,0.24675568887542232,2.4407858044323225,0.6548794933045039,0.6558465979663315,1.2527514311761592,0.030764367816092007,0.058116397015154045,1.134187719978427,-0.05384665327773641
747,1.3085664191133928,0.14854828478937188,0.09920553690557202,2.4582647282184853,0.6617007768332486,0.49444813660582576,1.250449041380607,0.020617235890941582,0.17496905453076494,1.1496983091050925,-0.05811737773278569
748,1.3445311679995657,0.11171967448307632,0.1147936876849375,2.347928648598183,0.6213410531865777,0.5238845967758468,1.3132437364099252,0.014811962520857404,0.08540098272922807,1.0033974805986174,-0.031287431589640535
749,1.3210240050817608,0.15801993957025579,0.07348118018525647,2.4952506615891847,0.6790363412476086,0.4616159141329135,1.2614939361793054,0.04378098818082761,0.21277750322197114,1.174226656507424,-0.05953006890245538
750,1.3233307456007422,0.20660110789597486,0.07800326657817075,2.5576105801876667,0.683077578126854,0.4605026912418947,1.241302362528584,0.06847205628567635,0.21834439908736733,1.2342798345869246,-0.0820283830721582
751,1.4049453459791585,0.13819784413077663,0.08504260800559195,2.675283712590125,0.691019095033091,0.4802444533318624,1.3577071133947363,0.06777434880047026,0.3029799142059453,1.2703383666109664,-0.04723823258442228
752,1.2997973039123676,0.1597403281583048,0.20103674035404004,2.3933592708312688,0.6398798926747,0.6101276494449495,1.2366569113636545,0.0282272282533819,0.11270614387081208,1.0935619669189012,-0.06314039254871306
753,1.3363185266769155,0.14218083967574488,0.10132463900991756,2.454737328101773,0.6562677401743191,0.5104155481008268,1.300753962917168,0.036235810729236526,0.24571932263099866,1.1184188014248575,-0.03556456375974748
754,1.29364531269393,0.22138790686182905,0.13195991791728306,2.500900236642561,0.6774553275365662,0.5271271435017886,1.2044769558115669,0.0873106909994135,0.20701923271200906,1.2072549239486308,-0.08916835688236313
755,1.3012224343036123,0.1397442871814052,0.2055307382668483,2.4282453566175386,0.6553447467442614,0.6146216473577577,1.2427687389857427,0.01647857998516856,0.08041606165006557,1.1270229223139263,-0.05845369531786959
756,1.348330728169333,0.1283664281127543,0.059038216808689335,2.40479465071555,0.639367469317055,0.46341977677745394,1.3131119697911235,0.03938557852106423,0.1572944543220555,1.0564639225462171,-0.035218758378209536
757,1.3125427670806904,0.19507995665972944,0.30641543015830097,2.5204257595202084,0.6720594687728867,0.7127925657334258,1.2280753482236109,0.06988073048291003,0.11069125153260614,1.207882992439518,-0.08446741885707953
758,1.3375322714646367,0.14508544970677348,0.02830684769357316,2.501933162495022,0.6626711999189647,0.39797725257420646,1.3173431759842167,0.05253368941695852,0.33664991841973524,1.1644008910303854,-0.020189095480420027
759,1.3576227330554123,0.1671933195362101,0.035274639834334515,2.510682317322561,0.6572823088583377,0.402555782843309,1.3446000592931968,0.07021048109965634,0.3648968342613211,1.153059584267149,-0.013022673762215442
760,1.3162776571284764,0.23829244005868255,0.16728046349374337,2.6125390092069214,0.6954923877331942,0.5683219222404825,1.1968970256326117,0.07753808502447337,0.14239481474897633,1.296261352078445,-0.11938063149586475
761,1.333086176916223,0.11053516271807569,0.11694900385874461,2.378405081467169,0.6266254126986468,0.5110146067920149,1.321036039927019,0.05625861771802827,0.19593002160208264,1.045318904550946,-0.012050136989204097
762,1.3417287379147296,0.13138417186082754,0.04185095911575859,2.391300433164701,0.6360247509563207,0.4354525878076783,1.3115933335473984,0.0319470311984815,0.22735629096601323,1.0495716952499716,-0.030135404367331198
763,1.3357190028257735,0.15883607767479796,0.0452358124550428,2.4890058217324635,0.6556089848667264,0.4289704851824683,1.2852059798885629,0.04574598108603054,0.23039539417055332,1.15328681890669,-0.050513022937210605
764,1.3580196916500267,0.1497489059476529,0.22542048648954183,2.4375370047291445,0.6455652105548452,0.6345113955804511,1.3010473875533108,0.03866776654980407,0.11752610188540528,1.0795173130791178,-0.05697230409671583
765,1.2863926873601121,0.15626856675622153,0.2577312530005813,2.3181525166321872,0.6336794022347032,0.6668221620914907,1.2347277534882557,0.03607195187623405,0.045358734940072025,1.031759829272075,-0.051664933871856444
766,1.2945765459055987,0.2127132150637122,0.18958344467119553,2.6643391594796317,0.7294234517776319,0.5973452336905449,1.1781954694604764,0.07567711917502899,0.1458373220119245,1.369762613574033,-0.1163810764451223
767,1.4251668234108055,0.05222201492415498,0.047417475232758674,2.428223047130104,0.6164310177972903,0.3796153230523016,1.4784943657922276,0.12533976090301613,0.34731990136253676,1.0030562237192984,0.05332754238142212
768,1.3257535556047773,0.11266102140532847,0.05571164657373096,2.356254206731412,0.6309879411867123,0.4432003534618931,1.3178177001152227,0.050438282667902325,0.31057224709920683,1.0305006511266346,-0.007935855489554555
769,1.321013860665869,0.18613325768535582,0.0997521573616958,2.6219503408488025,0.6971583288361249,0.5013243044243338,1.243764273474973,0.05541680896406856,0.2588649873744908,1.3009364801829335,-0.07724958719089603
770,1.3631579868716486,0.12551138932838185,0.08083247165394306,2.4793132607279538,0.6464950304177488,0.47738621946989135,1.3303105799231796,0.0413976044405492,0.21521055018480006,1.1161552738563052,-0.03284740694846899
771,1.287996373677532,0.1300484075209816,0.11241118182205366,2.293034143985669,0.6111692605543624,0.521502090912963,1.254456175070265,0.0494072948930989,0.14371438750962587,1.0050377703081372,-0.03354019860726698
772,1.3557612397024648,0.2554234049771748,0.1819813246835073,2.8377745573187516,0.7450263560916,0.5856630378013914,1.2023820577981883,0.05210702341137125,0.23383779119970194,1.4820133176162869,-0.15337918190427646
773,1.2648237443821342,0.18571005324168263,0.10571938273699258,2.355610337659451,0.636573768723252,0.4988356710195743,1.202925099146454,0.07363642073340335,0.19068474885068287,1.0907865932773169,-0.06189864523568023
774,1.2577310862843405,0.15333768876808895,0.12910844164687757,2.39476895584135,0.6568699638262061,0.5241660604522168,1.204121734484715,0.03209877682685671,0.20114280395322806,1.1370378695570096,-0.05360935179962545
775,1.3195446639835593,0.19391618661216697,0.08079458782955395,2.6220225652590337,0.697639393753799,0.48678895328642013,1.2224235537105759,0.032620173172831654,0.21589373596183448,1.3024779012754744,-0.09712111027298342
776,1.3061160161980978,0.13527283833027534,0.05165436275699119,2.288173600777445,0.6101733762205057,0.43019227433864154,1.2981677561132678,0.047651860744297746,0.29359288917047,0.9820575845793473,-0.007948260084829961
777,1.4108966280602375,0.14737366611235236,0.08527974606123864,2.576502749628848,0.6630845628286248,0.4709113117473542,1.4021829703676962,0.08999098609100216,0.3240243053246501,1.1656061215686104,-0.008713657692541288
778,1.3377766897780408,0.10621266739473287,0.048826490277748796,2.3280889841142036,0.6037585326085726,0.44579993221981173,1.3289975794952127,0.06231261377021095,0.21024875164449378,0.9903122943361629,-0.008779110282828073
779,1.2949404107267068,0.23007340307590396,0.29459371793980593,2.427671741654324,0.652795144634909,0.7036846270307152,1.1946476739022294,0.0879112636306527,0.06379761384392472,1.132731330927617,-0.10029273682447748
780,1.367341878825089,0.12816540122050843,0.10213656645206258,2.3820551265986363,0.6264392385383337,0.5068540782161534,1.335364337296031,0.03710725893824489,0.1953028737221359,1.0147132477735472,-0.03197754152905796
781,1.3736344903272923,0.1334990365383266,0.04238311417728004,2.4415984696282367,0.6393474775927583,0.4240676766879912,1.3767602845852052,0.0775299806338821,0.33987439300427835,1.0679639793009443,0.0031257942579128173
782,1.2645056084054753,0.19014270743822703,0.14534436712833915,2.3132033430978036,0.6366745585524611,0.535753763506092,1.1971526601372393,0.06442949689448108,0.1653447121894683,1.0486977346923283,-0.06735294826823601
783,1.3075529728128048,0.14886064769202628,0.0902598559972781,2.3823680264889853,0.6290953300041453,0.4959569819693048,1.2544172085165086,0.02203477902507635,0.139874040254611,1.0748150536761805,-0.053135764296296184
784,1.3755812201649218,0.1838948314884603,0.0478195074536424,2.6739917468612826,0.7035700584904611,0.42934153055578733,1.309784733802621,0.03887537722995425,0.3406559710673871,1.2984105266963608,-0.06579648636230084
785,1.3074018298802708,0.14443431626682873,0.1819569870688924,2.363003153573525,0.6371374395919362,0.5910478961598017,1.2603121515501492,0.02394765245547763,0.12090065269031866,1.0556013236932542,-0.047089678330121565
786,1.3413348883288712,0.1953409144095347,0.1029908523801757,2.528090547619639,0.661693587369564,0.5057373440125499,1.2767088524680603,0.06850215856134033,0.27110571991079463,1.186755659290768,-0.06462603586081084
787,1.335739812203327,0.1739472034741244,0.08055110868803679,2.544765752536768,0.685429847854882,0.45387594354532895,1.275297998131817,0.046328557903488596,0.2556359057887242,1.209025940333441,-0.06044181407150995
788,1.2566351236936137,0.1581886502320302,0.11288139841049502,2.330481782718339,0.6432301150011147,0.5009450387599386,1.2013335420604414,0.02791238612134134,0.13895808390192768,1.073846659024725,-0.055301581633172336
789,1.4027121181270576,0.12204926360069317,0.043227100741300976,2.4873574623686427,0.6465392160984609,0.4362062334868945,1.3945760042242243,0.0688575055263885,0.32320866056721453,1.084645344241585,-0.008136113902833308
790,1.3391439710771318,0.20235310829286313,0.16174790888359347,2.5753862685495066,0.6947022584055886,0.5708388179745028,1.2472331884820456,0.030414230920581656,0.18168027385488922,1.2362422974723748,-0.09191078259508623
791,1.2692989806187958,0.19590491439356972,0.27576208713914696,2.4457099855080884,0.6820258733959399,0.6848529962300562,1.1835180005003691,0.0696916879199935,0.06046729857855192,1.1764110048892926,-0.08578098011842661
792,1.368874343559638,0.24354209744901867,0.27313420357581775,2.863315992474087,0.7517077290234417,0.6822251126667269,1.211427143083992,0.054948503082432,0.07107330543092691,1.494441648914449,-0.15744720047564598
793,1.3722703496182147,0.1325514670771923,0.09324783945830536,2.450795624057055,0.6468211365826724,0.48900141786228163,1.3464405118318874,0.04046209218623009,0.2702913124447287,1.0785252744388405,-0.025829837786327303
794,1.310223148955267,0.14312623577085296,0.1135017591951629,2.418982183498703,0.6480224051129275,0.5164949737868301,1.26138290510728,0.03141638946995415,0.1410207230224642,1.1087590345434362,-0.04884024384798691
795,1.3916010010538526,0.09823521663554804,0.05628214070946461,2.5574002245744287,0.6654291953328509,0.45586755679914326,1.3769444536205486,0.08019311902731792,0.27716152775109537,1.165799223520576,-0.014656547433304024
796,1.4028381013763818,0.10919808736828798,0.02517044406144399,2.4727873800685316,0.6359867008472877,0.40427197716956786,1.395530560780839,0.07425628993869166,0.29790595029938893,1.0699492786921498,-0.0073075405955427275
797,1.324294831821296,0.13287133117653543,0.07357692923403572,2.422987860047636,0.636961871882384,0.4685219529937148,1.286343477838234,0.03464397809461085,0.17956323657610984,1.0986930282263403,-0.03795135398306182
798,1.332830299309516,0.21513009079862308,0.21350515603043974,2.632288507152834,0.7125535564933223,0.6225960651213491,1.2194619685107866,0.04287660989215708,0.11674762758556076,1.299458207843318,-0.11336833079872943
799,1.2974358699618658,0.19011666766137464,0.3214184744113453,2.502448319446345,0.6882927614106218,0.7305093835022546,1.1968492841152896,0.026330938765826623,0.1258196171799552,1.2050124494844794,-0.1005865858465762
800,1.3916802122803635,0.16063739893043918,0.08893404554822625,2.561009550512365,0.6798389030487997,0.49802495463913554,1.3641423454470285,0.047534212953951084,0.3287723024589988,1.1693293382320014,-0.027537866833335034
801,1.327571267212287,0.13799892244798856,0.04210327876533531,2.403008497028706,0.6339641985792941,0.42116179863846415,1.3054023271299444,0.042792739069246,0.2990371226909522,1.075437229816419,-0.022168940082342603
802,1.273300470974391,0.16383510880392277,0.1484944163516706,2.374988247896628,0.639365094396015,0.5575853254425799,1.2143734355004716,0.0656407603056578,0.12067364585656305,1.1016877769222373,-0.05892703547391931
803,1.3516858574258466,0.12399632421853286,0.1773984435278692,2.4746769473919823,0.6538668544118753,0.5864893526187784,1.3128750631472514,0.05710872162485068,0.16333234246589295,1.1229910899661357,-0.03881079427859513
804,1.382373697163028,0.15358861615338942,0.04863517845401157,2.663747013203488,0.6884231849525078,0.4567277696704536,1.325491140255376,0.046477725461789215,0.3050049224188851,1.28137331604046,-0.05688255690765209
805,1.335735055219762,0.12488245080139293,0.08319809617272476,2.278268093533668,0.5937780800213583,0.4852055357938764,1.3346561379423538,0.06530282015718908,0.25748169903912016,0.9425330383139061,-0.0010789172774081646
806,1.3824693158548782,0.24824691374826444,0.134441682285657,2.8454737833348034,0.7379812410352178,0.5435325913765663,1.2287187722321462,0.02647924158221642,0.20512416649996626,1.4630044674799252,-0.153750543622732
807,1.384663754826906,0.1877376138297353,0.17090820758259917,2.716814073124649,0.7015269557445938,0.5799991166735085,1.2903632870871595,0.028730210765521992,0.19871321006330583,1.3321503182977428,-0.09430046773974654
808,1.307819710630369,0.13741706256162667,0.08292829952726033,2.4468405283956405,0.6531693449556577,0.4880108304367462,1.2654474394862567,0.03366255010991851,0.20702975107155835,1.1390208177652714,-0.04237227114411235
809,1.353802377156635,0.19622150141176853,0.10811198641941336,2.5968207524461144,0.6930156298478716,0.4997923311531018,1.2751772003895296,0.04661774461338958,0.24745565259566393,1.2430183752894794,-0.07862517676710534
810,1.3570455027649886,0.10329227129621973,0.031196844822397672,2.30857107122927,0.599951449445671,0.3834853086104483,1.3631934522872218,0.05138784909451021,0.30590345491804594,0.9515255684642816,0.006147949522233187
811,1.3091598306457999,0.16278495904608856,0.24085210552206504,2.4656038396467514,0.6777097107745713,0.6499430146129743,1.2357824058156757,0.011635334736314094,0.07483307710018786,1.1564440090009516,-0.07337742483012422
812,1.297024237791177,0.23657626611753418,0.0810210667233677,2.666880422108687,0.7148673490013746,0.4344788305597893,1.1645486195241936,0.06443852610280743,0.23377008744404104,1.36985618431751,-0.13247561826698329
813,1.268512556449364,0.16643162068071987,0.23240904914625604,2.2662663400287166,0.6169653198515885,0.6414999582371652,1.2064794227474342,0.027612179815486332,0.04105365492697409,0.9977537835793526,-0.062033133701929755
814,1.3077333123743535,0.11757501418727201,0.10366569823408436,2.360587818102111,0.6398223582645493,0.49526121732671646,1.2744260017096116,0.02080858313763414,0.1394802562204006,1.0528545057277576,-0.03330731066474191
815,1.3682703493548654,0.12226803791027256,0.0633491378707112,2.5143717761801305,0.6596429119578806,0.4557521054283419,1.3345150273210873,0.056139406104320666,0.24923071426824694,1.1461014268252652,-0.03375532203377807
816,1.3685778433499045,0.21635256948914444,0.17380212672740863,2.690250482821646,0.7220021738680641,0.582893035818318,1.269536886324899,0.08578126251264916,0.22158678742091448,1.3216726394717415,-0.09904095702500548
817,1.3008117661609273,0.24931343702120118,0.20670112574688657,2.5502807577919446,0.6914406058375525,0.6157920348377959,1.1746731442061031,0.07594664206358356,0.04100910937978196,1.2494689916310173,-0.12613862195482417
818,1.3339586668489674,0.146845691027909,0.0591894920572718,2.3685870444733883,0.6187103410444207,0.3686483570788219,1.3297212344801712,0.07639411699864679,0.3495242323552775,1.034628377624421,-0.004237432368796146
819,1.3004198654974468,0.15903083444193003,0.23144091670352854,2.2973252236391954,0.6194045368255648,0.6405318257944378,1.263734720391825,0.07999196379478067,0.11213063631727499,0.9969053581417486,-0.03668514510562182
820,1.2514576544781593,0.2138332006010132,0.30734515155283504,2.4548165729011027,0.6808538385182483,0.7164360606437443,1.1479802373050436,0.06428777366777702,0.11306469371129411,1.2033589184229434,-0.10347741717311565
821,1.3917004884698065,0.1772314444523818,0.062111090736723155,2.792826399429528,0.7218338169803622,0.44645301199394405,1.296636916411079,0.017467416866304746,0.3051431108881376,1.4011259109597214,-0.09506357205872762
822,1.2769833494170062,0.2084825623924548,0.15896449702434035,2.4121119580179786,0.6623591070565623,0.567798296945452,1.2001925813150724,0.09512850019179128,0.14387739123584065,1.1351286086009724,-0.07679076810193375
823,1.3014713283890291,0.19914359261682968,0.18367424508769534,2.559724922911271,0.6886218556111185,0.5927651541786045,1.2068943800412313,0.052696078431372584,0.1451277851612386,1.258253594522242,-0.09457694834779784
824,1.398316225901194,0.06831131663582797,0.05987352100711645,2.4245953441010966,0.6318363563838215,0.4556467675807479,1.4025950356951749,0.08764186633039095,0.24817865724588506,1.0262791181999025,0.0042788097939807646
825,1.3287787682445107,0.199897185327021,0.1038238751417789,2.5551216379960553,0.6835731253359729,0.47220105304199467,1.2557370874491387,0.05544936406967553,0.24013582202483783,1.2263428697515446,-0.07304168079537199
826,1.301148870938704,0.1734158211069703,0.064326700992506,2.411861121214498,0.6445655515850862,0.44376843348981815,1.248043958799974,0.06463624428448546,0.22996637547575138,1.110712250275794,-0.05310491213872992
827,1.2678582850433184,0.198100625788969,0.31716022749185036,2.404931574157944,0.6660528050305019,0.7262511365827596,1.1824275345676631,0.062351592565299305,0.05746784155606212,1.1370732891146254,-0.08543075047565529
828,1.3158069315663166,0.14663580469044818,0.09028939308566022,2.416710889609182,0.6452225994511119,0.48629760734665445,1.278361713971381,0.05343918780972177,0.1907295262962411,1.1009039580428654,-0.037445217594935576
829,1.3285683522168223,0.20062666767152776,0.09596144546419313,2.5473177868361114,0.687847837508897,0.4855073028124549,1.2449648419184451,0.04862311494769405,0.218460482069735,1.218749434619289,-0.0836035102983772
830,1.391490376563457,0.12104217977055585,0.040070016758494906,2.5493504592070413,0.6515397592380886,0.4067658372464553,1.3832624563299187,0.06422831045733944,0.3438882355596272,1.1578600826435843,-0.008227920233538244
831,1.2795670014637683,0.20280587196335595,0.31094111042384165,2.4694858922437093,0.6721089035867072,0.7200320195147509,1.1818604806719972,0.04613071688558315,0.07391308603888233,1.189918890779941,-0.09770652079177111
832,1.3483855030317922,0.09714995313920338,0.04637943586076256,2.3238797095411523,0.6098624211150327,0.4284887177045882,1.3527221285729274,0.04639999719085834,0.28409850128918007,0.9754942065093601,0.004336625541135231
833,1.267475488477014,0.15027736270875483,0.14383835616079438,2.3042648338144294,0.635276958241169,0.5233821876407923,1.2161513022725705,0.03168089392181646,0.08745297184524806,1.0367893453374153,-0.05132418620444357
834,1.2962559134528986,0.17738460255373312,0.20282993601157503,2.6503388589330115,0.7213861337196572,0.6090493985790664,1.1964760443781102,0.050582617238506225,0.10817300615399716,1.3540829454801129,-0.09977986907478842
835,1.364385352439647,0.15990824998783298,0.08791751487392252,2.576739741546532,0.6859453580085633,0.4926326385760986,1.2953897518175972,0.02263592050993623,0.21501373493528542,1.212354389106885,-0.06899560062204979
836,1.3215032331476606,0.1652206413514967,0.25396385188089293,2.52192570952413,0.6868559691375707,0.6630547609718023,1.2429134337550765,0.015102040816326542,0.06214231518268113,1.2004224763764695,-0.07858979939258415
837,1.3663069473204041,0.17474988708052164,0.13083307955945891,2.5526535006163176,0.6644918775444447,0.530341969204573,1.3031705482172522,0.027508218407257826,0.24259210730648734,1.1863465532959134,-0.06313639910315194
838,1.3246640040372377,0.1642405022527601,0.08257704708695181,2.462529406285139,0.6569829903334361,0.47758217562508215,1.267619605077607,0.044328592618445156,0.2237151561156292,1.1378654022479011,-0.05704439895963076
839,1.263747764931548,0.1540586812630296,0.1715233125365757,2.3261006548040624,0.6243126501226162,0.580614221627485,1.2120387113039568,0.05575220363952757,0.05568434565604154,1.0623528898725143,-0.05170905362759126
840,1.380432136374265,0.12143970469209947,0.03393419506293652,2.5394484353589615,0.6519344880944953,0.4119377014799953,1.3600225087380995,0.05840986394557829,0.3076077304664898,1.1590162989846964,-0.020409627636165606
841,1.3148186151460295,0.15985507431541693,0.28435245184784963,2.481332296440911,0.6828434359363769,0.6934433609387589,1.2380736088850175,0.020668673228666716,0.06827603159150222,1.1665136812948815,-0.076745006261012
842,1.3309481708533082,0.09596618685843566,0.050637796877350844,2.363620720799367,0.6258219021083089,0.4417899942038841,1.3362834175867047,0.07423657423657426,0.29494676058386793,1.0326725499460587,0.00533524673339647
843,1.38624188338208,0.11962551442650865,0.05180142460390977,2.398872704669721,0.6056108336675375,0.4345485867014862,1.3797398702627583,0.0863533913833082,0.25298161010656606,1.0126308212876411,-0.006502013119321637
844,1.3712762558459812,0.12654823454109018,0.082939381980354,2.609969629899882,0.679236186782018,0.48582806653747523,1.3261710252572312,0.037368215222669414,0.2655048999810193,1.2386933740539008,-0.045105230588750045
845,1.3239837001182737,0.22901761273465365,0.3032787210859773,2.631510732780948,0.7100110102403261,0.7123696301768865,1.190567392119863,0.026816493087276985,0.04437559795342497,1.3075270326626742,-0.13341630799841075
846,1.3523841394869014,0.13563133992646728,0.1386597945477093,2.5149248437960168,0.6596056401856586,0.5477507036386187,1.3137378620368811,0.06234049749408116,0.23074821700610493,1.1625407043091154,-0.03864627745002025
847,1.394563608980643,0.11674451157482868,0.19283410216327046,2.5950258832551736,0.6795782438977015,0.6019250112541796,1.3488371118559743,0.08792608920020642,0.15172729533257123,1.2004622742745306,-0.0457264971246687
848,1.4042985984386709,0.14644313555286242,0.07921002860059326,2.6584993412578637,0.6865731410140805,0.47826241857404295,1.3513181285115194,0.03782476202444161,0.267023283040275,1.2542007428191928,-0.05298046992715144
849,1.401247938084293,0.17185426158966674,0.11993095397480173,2.6200630743119837,0.6916223437258948,0.5290218630657111,1.336859656487388,0.057732646217192575,0.23148443400917393,1.2188151362276907,-0.06438828159690502
850,1.3230975614648826,0.11569319838363169,0.1567477742199136,2.369622244040306,0.6207655200830073,0.5650941118913133,1.290618488164402,0.038375526644180064,0.13691256595262383,1.0465246825754233,-0.0324790733004805
851,1.273778833634608,0.15013147715894476,0.17480372103895805,2.1652369543633276,0.5830769666809184,0.5838946301298673,1.2350425812075532,0.04126782019508423,0.07529507940838928,0.8914581207287195,-0.03873625242705492
852,1.3021682889932638,0.19852877218570902,0.14228928315853528,2.4575365941274407,0.6556153519196108,0.5471224637494239,1.2242277904163124,0.07752914726697346,0.16626610233642913,1.155368305134177,-0.0779404985769514
853,1.285558693984657,0.16517474234637808,0.09587069500704579,2.3739570244328108,0.6501727829818629,0.47202396754113407,1.2322792885308085,0.07134503827805427,0.19737542138988146,1.0883983304481537,-0.05327940545384857
854,1.3597588199902635,0.11818320685048853,0.1256374761383353,2.3842072463295776,0.6227525453250682,0.5347283852292446,1.3269800223024493,0.03159392789373813,0.11561355970898134,1.024448426339314,-0.03277879768781422
855,1.3651091569146439,0.08634335429569834,0.17380336168181776,2.283328884124746,0.6061173750719828,0.582894270772727,1.3551985206997226,0.06355382619974057,0.1840568537881475,0.918219727210102,-0.009910636214921276
856,1.3060519811615348,0.20171692468291413,0.20255794599554644,2.533095691692868,0.6746634270224818,0.6116488550864557,1.2084704857630304,0.04677173859674959,0.10897697914022449,1.2270437105313334,-0.09758149539850436
857,1.376161277506212,0.2282203625364258,0.042493633215609034,2.827325804455433,0.724049577464954,0.41825715827123333,1.2879604866258234,0.06079287087618635,0.4145441882621592,1.451164526949221,-0.08820079088038857
858,1.4148714644530958,0.11562140440980789,0.04909459872197777,2.5683066318172347,0.6695440737551325,0.45284908848737626,1.388804693143532,0.08364230193324307,0.24336681112333652,1.153435167364139,-0.026066771309563697
859,1.3221455358539331,0.1567967354900394,0.061984516494940405,2.4277492014733206,0.6516164346162203,0.4576436014264217,1.277313456132258,0.031522959059190926,0.24314864599542974,1.1056036656193875,-0.04483207972167502
860,1.4595040314476475,0.26145476788237065,0.18896257502255784,3.0849449149780326,0.782686960125884,0.598053484113467,1.2603598282021782,0.05636195441930872,0.22243196345008062,1.625440883530385,-0.19914420324546933
861,1.33469622292272,0.12884355707090173,0.055760511662481804,2.374604810767429,0.624594061703948,0.36548966342172745,1.3218297494713624,0.056979684040452394,0.32345837531931776,1.039908587844709,-0.012866473451357496
862,1.4085335392965557,0.2124539763061385,0.08038665313857404,2.885034169283179,0.7386848130093988,0.4807772074254425,1.2967039031888432,0.04087884142213119,0.308044307515529,1.4765006299866235,-0.11182963610771246
863,1.2862376642697095,0.14418469680142154,0.30879320467778526,2.3267261440145317,0.6338406887275548,0.7178841137686947,1.2317926568595978,0.025541781978620493,0.09453676090538149,1.0404884797448222,-0.05444500741011171
864,1.3327732072899887,0.14080497838497671,0.11613061586645562,2.3697003439855955,0.6286024207291013,0.5157904456144405,1.3023138137899175,0.04053855748771005,0.19224626827287267,1.0369271366956068,-0.030459393500071208
865,1.3488432719554424,0.17744207645397592,0.06898353697242256,2.555155756697032,0.6701702968953012,0.4780744460633319,1.2900401601559754,0.04960178664884163,0.2907580936361375,1.2063124847415898,-0.058803111799466956
866,1.3311206255919528,0.1739980640050932,0.08966753836678222,2.5880769901599523,0.6930890462533941,0.49875844745769154,1.2566210606688522,0.04028489116517287,0.21962443490795375,1.2569563645679995,-0.07449956492310061
867,1.3150635058333942,0.21065201907079412,0.1434784313143118,2.574311083034464,0.7090929856695944,0.5329153792731349,1.222856176250168,0.0668179378324306,0.21577395083301934,1.2592475772010698,-0.0922073295832262
868,1.3624383604935812,0.1681634258987217,0.036779819994696275,2.5909156511111595,0.677383053315814,0.4218394188838579,1.3041106292722948,0.029329201883695605,0.2918258850971523,1.2284772906175783,-0.05832773122128643
869,1.3337487558840593,0.17723878068684623,0.2852185888237588,2.6218961039926283,0.7010764263544593,0.694309497914668,1.2442318408977702,0.0451434254843012,0.07262902933785127,1.288147348108569,-0.08951691498628911
870,1.3953475060533638,0.1143528594313897,0.10664962587655771,2.4591164171180955,0.6304824842461592,0.4944930932706544,1.3862404355785243,0.08833652714209547,0.26712730164159987,1.0637689110647317,-0.009107070474839496
871,1.3300746418208265,0.219214375246583,0.1849253723354062,2.6770570355528216,0.7147175308108946,0.5940162814263155,1.212573355457752,0.035876886087264755,0.15576336460040785,1.3469823937319951,-0.11750128636307444
872,1.2815560083067516,0.18666156311227525,0.08892708826842094,2.558843173875117,0.690528743140715,0.484485067970835,1.1982989249406235,0.06711387541111727,0.20780358127629356,1.2772871655683653,-0.08325708336612814
873,1.3687952432638182,0.12223936234980642,0.0317699391497058,2.390260102539064,0.6183430310720479,0.3916017764479266,1.3573477645460583,0.04685533690592718,0.2792855844501705,1.0214648592752458,-0.011447478717759862
874,1.4001412249729175,0.07505925414358336,0.05280356367108815,2.320358890985588,0.5909129672494557,0.39074803867591135,1.4112972357366602,0.06981599925843532,0.281326842101329,0.9202176660126706,0.01115601076374273
875,1.3210816106955479,0.17934582006104144,0.05769450764367784,2.4849336215403057,0.6686710123927506,0.4338806358802215,1.268132833769668,0.06702010997767313,0.30544093999983524,1.1638520108447579,-0.05294877692587985
876,1.3644905057709695,0.2204503667224108,0.14069976021787278,2.671888204328656,0.7006238551899322,0.5405020286055113,1.2680406521789522,0.05085021909327112,0.22681747930498725,1.3073976985576863,-0.0964498535920173
877,1.2587305563325404,0.176642128759316,0.20222113351403614,2.3626990403018664,0.6629560025264923,0.6113120426049454,1.187918561138867,0.04177444821446571,0.06754233495812813,1.103968483969326,-0.07081199519367343
878,1.2987221176232766,0.21473405662361017,0.08038324461113573,2.5868427229643425,0.6955913745629267,0.47406851399467165,1.192959679769916,0.04251117799544184,0.22490590458411658,1.2881206053410659,-0.10576243785336059
879,1.3224528907071056,0.16029239486923996,0.14415114855528527,2.382380461614236,0.6394569716199586,0.5532420576461945,1.2671145134625919,0.023952762923351176,0.08216150654139351,1.0599275709071305,-0.05533837724451374
880,1.2847496903106173,0.17178988360511577,0.10971063904057961,2.338309434471562,0.6243132354210617,0.5073903201253638,1.2296755912065098,0.07133658915858783,0.13436866550384602,1.0535597441609448,-0.05507409910410743
881,1.3916776186617839,0.18749861595861864,0.049575718823910424,2.666340528672662,0.6861588405172886,0.3762980311281586,1.355113780826575,0.06211119389085497,0.3999136172517971,1.2746629100108782,-0.03656383783520889
882,1.3053271030049844,0.173558150241226,0.09468945114796495,2.384746514698364,0.6497295036743942,0.4799360047021368,1.2558804665572625,0.056053224370056054,0.2431439375966307,1.0794194116933797,-0.04944663644772196
883,1.3306674172791881,0.16693165114206,0.038063833170052144,2.5146441671328215,0.6631122142649739,0.40476557277949954,1.2766639284522332,0.040206520855354116,0.29936613315523375,1.1839767498536333,-0.05400348882695494
884,1.3493407293488433,0.13312032240093039,0.07634790809026959,2.330197288067547,0.6099532524411506,0.47615384574997976,1.3190090861323909,0.03321679139929887,0.17126653773692713,0.9808565587187035,-0.03033164321645243
885,1.298492002368881,0.20768805094381587,0.25769807182444854,2.5647555100825326,0.7076792880684777,0.6667889809153579,1.1972178295877267,0.05562200956937802,0.08272863077269171,1.2662635077136515,-0.10127417278115436
886,1.3895774365787872,0.16542578423101975,0.0564816161312444,2.5056504514288545,0.644228872228777,0.4387696098304204,1.3633239518015694,0.07402470043823357,0.3321772381565592,1.1160730148500673,-0.026253484777217784
887,1.3471489109011716,0.13092145744739836,0.0801522529873106,2.425844918194557,0.6426047512345276,0.4860748197543607,1.3136054101013235,0.03845571129748013,0.2374616453701494,1.0786960072933853,-0.033543500799848136
888,1.399900075702888,0.05278641878710616,0.0380878460507331,2.2756259860117636,0.5707627300042304,0.4154599465671953,1.4264452647014576,0.08246826592082618,0.23353844286119893,0.8757259103088755,0.026545188998569502
889,1.343611694568286,0.15517811143312168,0.04812153500709879,2.4673092239511334,0.6416880775036322,0.4102774103018508,1.3312194982737706,0.05996253777823748,0.3593663094566823,1.1236975293828473,-0.01239219629451549
890,1.374545941461352,0.1957876625615554,0.27571213529144434,2.826975395493668,0.7429981036212995,0.6848030443823536,1.2421357931714936,0.02690561529271204,0.16471035870095704,1.4524294540323162,-0.1324101482898583
891,1.2699986067453055,0.2309106994887485,0.128139064449208,2.5617398228144395,0.712040514838508,0.5099375329338766,1.1653003492248968,0.10744514529085124,0.2301215615407936,1.291741216069134,-0.10469825752040873
892,1.297498701016132,0.194815953741845,0.26927719426364016,2.4750734931714176,0.6802855265246104,0.6783681033545494,1.2055544769851054,0.026112434047719145,0.08410074485027566,1.1775747921552855,-0.09194422403102664
893,1.3453139801507572,0.17544310767896498,0.11090159826144805,2.4692167432192846,0.6641594857047063,0.5064115932089204,1.3121270092762145,0.0863537601657823,0.2810224136461529,1.1239027630685274,-0.0331869708745427
894,1.2593017539650675,0.19985323347683825,0.16696406748203943,2.5474583959663732,0.7011835327605669,0.5760549765729488,1.1786249649507399,0.10694917706457262,0.19611672782815537,1.2881566420013058,-0.08067678901432762
895,1.3516020932465607,0.10949284859114919,0.02727512698102459,2.4502500259035767,0.6497923217907311,0.42268136326366557,1.3349229666609737,0.05365177888335136,0.28211396449480935,1.098647932657016,-0.016679126585587012
896,1.3951922453648598,0.06336052287382103,0.06283289146085869,2.2654793144394483,0.5709055519078894,0.3643265069415236,1.5046022619535107,0.13151182930775232,0.41095379529651227,0.8702870690745885,0.1094100165886509
897,1.3913546264986467,0.11988219455459714,0.03802628632242279,2.5226438767200055,0.6458798223446771,0.3920388956424794,1.37946966148206,0.0675385934819897,0.326534269184939,1.1312892502213587,-0.011884965016586646
898,1.3768015832020113,0.256850647615667,0.3093037000119231,2.9602421082837105,0.7838936053198822,0.7183946091028324,1.1871228901951287,0.06370808678500983,0.059355461424930034,1.5834405250816992,-0.18967869300688256
899,1.3906640027143151,0.1419598112535208,0.03755031824295141,2.6093595297456003,0.6680784732149928,0.4176250499332068,1.360532822784127,0.046340997736137285,0.33049674611580027,1.2186955270312851,-0.030131179930188212
900,1.4161595177205286,0.16717489522213777,0.03274114668606392,2.7526795367725554,0.6976523503602337,0.3875990300745257,1.3541804786313494,0.04647435897435899,0.35878277008155013,1.3365200190520268,-0.06197903908917923
901,1.3274520104758198,0.10916120097798802,0.0759287490505465,2.3739951548615843,0.622637673546781,0.4798648165154347,1.3176077175353194,0.07533970411366775,0.20342469725690293,1.0465431443857645,-0.009844292940500488
902,1.3016793733175485,0.19747807695477376,0.21799487063341325,2.569559917288506,0.696830157117184,0.6270857797243226,1.2067062795432153,0.050479024294542756,0.11042424292575855,1.2678805439709575,-0.09497309377433316
903,1.386946102956569,0.16103807204825032,0.11049481883515669,2.6509595098636893,0.6904831897564134,0.5103986128692444,1.3245640937339824,0.025394784425603736,0.2261278710717728,1.2640134069071203,-0.06238200922258663
904,1.2781860726913488,0.18619338087777082,0.23408923360286005,2.669980477229614,0.7241885761786533,0.6431801426937694,1.1629114153096884,0.027594329988153473,0.11518427938377841,1.391794404538265,-0.11527465738166032
905,1.3250542099077722,0.18111084492867968,0.18779764832270218,2.4418009558690508,0.6569837656565678,0.5934420401282503,1.2605051025380116,0.05216291947022606,0.11493326530453224,1.1167467459612785,-0.0645491073697606
906,1.3581206377709583,0.10784120297215921,0.03261771560457781,2.328195968775587,0.6003891039459002,0.40553277019563205,1.3513781239435003,0.06261782775522878,0.23346734599997185,0.9700753310046286,-0.006742513827457941
907,1.3554028064463912,0.16264307020115285,0.14374808870012198,2.5931560195323957,0.6814091818999786,0.5528389977910313,1.2907641524719646,0.025717257349189532,0.17430858816624142,1.2377532130860045,-0.06463865397442659
908,1.3423492943718358,0.1686847304608027,0.12803824565466196,2.5112599092207732,0.6687563122084128,0.5313701049817099,1.2768094160831167,0.029317740580015395,0.1738276028447177,1.1689106148489374,-0.0655398782887191
909,1.432161712838921,0.13380531612702531,0.04606395939255267,2.747725251661527,0.7083488936632861,0.4387014525344456,1.381406263841909,0.05591539552553164,0.3159433968339053,1.3155635388226061,-0.05075544899701212
910,1.3289281278860758,0.14778070893957176,0.10467392297760028,2.4727062063131244,0.6650015618729108,0.5068026938905192,1.2758471295052671,0.020969431776161708,0.15341481984516875,1.1437780784270486,-0.05308099838080871
911,1.303050323622076,0.15180777979050464,0.25744067351041966,2.352774280217221,0.6256835748414618,0.6665315826013289,1.2475388708853261,0.026954845814977983,0.06427289468768105,1.049723956595145,-0.055511452736749956
912,1.325815087999033,0.1676847125746311,0.09501470151275744,2.5962572440568303,0.6929113953095916,0.5041056106036668,1.268207147610413,0.05573366926838588,0.2873656634990812,1.2704421560577974,-0.05760794038861983
913,1.3028493641411536,0.1447053231883417,0.06362602776945613,2.3828539826173385,0.6391894449546831,0.3778090633935101,1.2682445363031003,0.04574805568482168,0.29704691178090503,1.080004618476185,-0.0346048278380533
914,1.3168906232362474,0.18274648976151636,0.16862007802984588,2.5732991313543088,0.6985100216281741,0.5777109871207551,1.2259671573282773,0.01580879773625502,0.1719772821646084,1.2564085081180614,-0.09092346590797007
915,1.314261550917828,0.24387191349122547,0.2712893460460794,2.5466281403398017,0.693789016531297,0.6750033800665332,1.2078906258198157,0.1027527560079347,0.13941990913544106,1.2323665894219737,-0.10637092509801227
916,1.32667596915282,0.19865441276646242,0.26182944394544083,2.533697911594663,0.6845114453942991,0.6709203530363501,1.2316863268840876,0.02700442595198758,0.04827066114335499,1.207021942441843,-0.09498964226873241
917,1.3740402415461634,0.15237851520859697,0.05281728074178128,2.4682031440962424,0.6433707225594512,0.45421930388218257,1.335380788111449,0.03416224175151951,0.25577321111497375,1.094162902550079,-0.03865945343471444
918,1.3484840150200044,0.21815947008762973,0.17755122299271991,2.7079335634957884,0.7242530590183197,0.5845967597338408,1.232242359549118,0.040472132909107686,0.2036349125980213,1.359449548475784,-0.11624165547088627
919,1.3930471736694325,0.11838885441219324,0.04419666305831456,2.4374595276420354,0.6321012215620982,0.37451379044089805,1.4094100604552962,0.07072538313974328,0.37396138208991736,1.044412353972603,0.016362886785863617
920,1.38279843812882,0.1669105088644713,0.07876118730777298,2.6413238255257214,0.685372168478128,0.47089071708130575,1.3199639639909946,0.035192388561816654,0.26113570529111857,1.2585253873969013,-0.0628344741378255
921,1.3178550924298864,0.2213601246131072,0.16303455303200018,2.7455756498555792,0.7366470749303519,0.5721254621229095,1.1965450169873542,0.06572065976666788,0.16627300762317487,1.4277205574256928,-0.12131007544253225
922,1.2779809887148414,0.23083289007513635,0.1538760173431336,2.458776537640065,0.6720976942022295,0.5517634986518668,1.1803875915447088,0.09711781231831323,0.11827471858429328,1.1807955489252238,-0.0975933971701326
923,1.3813019329336669,0.16336030689984268,0.0390446637313645,2.5262689639766647,0.656863898346664,0.4088931706404795,1.3372139649764567,0.04721727724163778,0.3267739561938877,1.1449670310429978,-0.04408796795721015
924,1.42205967545629,0.06756403791606655,0.05494683692390967,2.402874249940003,0.6084599701970006,0.3826157790661795,1.4465638224382733,0.09077855110461128,0.32045453131486573,0.9808145744837131,0.024504146981983332
925,1.3737128670693333,0.1264322767187579,0.04505878249270092,2.4451520801350415,0.6329342950498442,0.43746149703659665,1.351656200238525,0.05391181643827453,0.265506257816594,1.0714392130657082,-0.022056666830808203
926,1.4183885808964534,0.08352987285269413,0.06037791146289339,2.3954800706952635,0.6006746203505391,0.39266025110553904,1.419716078727994,0.06970708194289948,0.26871306327211486,0.9770914897988101,0.001327497831540736
927,1.253676276492935,0.17822024038725515,0.18281115106448337,2.3531445835813423,0.6421656166413681,0.5919020601553927,1.1805625790278635,0.044183147771428254,0.10245324299173253,1.0994683070884073,-0.07311369746507146
928,1.360652268219121,0.21008897157209122,0.10122954628382547,2.6363435047421913,0.6978565186421598,0.4935209471460505,1.2670390653307684,0.047080721094189315,0.26079146025420463,1.2756912365230701,-0.09361320288835273
929,1.4047039930879417,0.1153093064684686,0.1597119972326339,2.6055243523866762,0.6767330398467897,0.5688029063235431,1.3573174249833397,0.05629374814926824,0.18765927963115492,1.2008203592987345,-0.047386568104601956
930,1.2648806028123847,0.20181604827322597,0.12558237703965275,2.271655458462034,0.6161210530379486,0.5066783161954547,1.2189936034807398,0.10729921079636481,0.23948912134913763,1.0067748556496494,-0.04588699933164486
931,1.3325183865040775,0.20841896312395689,0.09607752705183041,2.640105366464783,0.7108074318641534,0.45895409856462055,1.2391496130610018,0.04181344399942092,0.29921153311274246,1.3075869799607056,-0.0933687734430757
932,1.3702546967746598,0.20233361435755332,0.05868282520751956,2.699717115002053,0.7001741127855909,0.44610037122370044,1.314133838045403,0.07432919945334315,0.35014508521948984,1.329462418227393,-0.05612085872925676
933,1.3153231185196148,0.1760059242060217,0.16459670914768199,2.468168400895652,0.6673267700568529,0.5736876182385913,1.245688298234484,0.053555573005067726,0.15724990425712823,1.1528452823760373,-0.0696348202851309
934,1.2840043215834362,0.18262635303869126,0.12302170512235511,2.4677992701629043,0.665448716521049,0.5252876534141824,1.2057976991645303,0.05614213197969543,0.12118596627672013,1.183794948579468,-0.07820662241890597
935,1.3220427955211638,0.18971584141927367,0.13447055187947438,2.5743021212962196,0.6966787441622315,0.5410811782397975,1.251769411414957,0.08611709770114942,0.2021685328651423,1.2522593257750558,-0.07027338410620687
936,1.4186640018643382,0.16234209453416482,0.05007307844864565,2.6944380099636525,0.6951191907660108,0.43300863173441256,1.3865064717480649,0.07125246022779753,0.36452757057048346,1.2757740080993143,-0.032157530116273314
937,1.3642469334505942,0.18089641181001137,0.1711778849290363,2.537433796937592,0.6667733606067741,0.5766514470036181,1.2893614786048904,0.02245205774617538,0.1822762480557314,1.1731868634869977,-0.07488545484570386
938,1.3219964071418686,0.1662981229250048,0.06035835817506305,2.427958557179189,0.6516214069495196,0.44666056123185804,1.2819849639521856,0.056044490789016306,0.2837036209673486,1.1059621500373202,-0.04001144318968297
939,1.4072330687951378,0.10194165460295496,0.03739234745397917,2.4922145362544197,0.642735182475334,0.38915445247529,1.43403475693994,0.0799648353932633,0.3929649568373914,1.084981467459282,0.026801688144802327
940,1.3328739846050237,0.20739365760511339,0.31519553365876585,2.6011882982016283,0.705168761497484,0.7242864427496751,1.216543842601042,0.03092161288455656,0.05251230393168105,1.2683143135966046,-0.11633014200398173
941,1.3274236345908963,0.14658277401248865,0.20259618785540567,2.439087215601414,0.6499020392603134,0.6116870969463151,1.2734992701703216,0.02150623909755222,0.05830352190161952,1.1116635810105175,-0.05392436442057469
942,1.3837177742826354,0.07360322224838514,0.07204614202281374,2.365279046801591,0.6074243376009985,0.33843579971652404,1.414292181631025,0.08129037628672886,0.3586850062952984,0.9815612725189558,0.030574407348389565
943,1.288382823770389,0.18504154890563684,0.19392030556731515,2.5418261746611432,0.6983251163088673,0.6030112146582244,1.2043158014061026,0.06731142643764002,0.10762973794398671,1.2534433508907543,-0.08406702236428631
944,1.3256199276734246,0.1585942968404393,0.17802303600315544,2.5508167199177105,0.6761085723011004,0.5871139450940648,1.256647699291699,0.01410978184377202,0.09629293904613428,1.225196792244286,-0.06897222838172556
945,1.3644406406654785,0.14737978128872953,0.04505426921188729,2.5658152835675105,0.6740941166303938,0.4272705419462811,1.3233911572698862,0.053423986565284354,0.2904695776498908,1.201374642902032,-0.041049483395592334
946,1.3190928237955108,0.18191959765600874,0.15282461537555292,2.453949948685022,0.6654946142006561,0.5508437333826434,1.2500486665189912,0.03345062666578558,0.17983871624050368,1.134857124889511,-0.06904415727651969
947,1.3459688143585689,0.1435694244354601,0.028578356149447467,2.316445115899498,0.6062342641793546,0.405453298896181,1.3184538996406607,0.06259114507379106,0.2422348126639403,0.970476301540929,-0.027514914717908123
948,1.3725338729221805,0.16696132737206337,0.09127112893802944,2.607472615689955,0.6902859205478978,0.4925255850271919,1.31098923366673,0.04555634495316151,0.28336974975519036,1.2349387427677745,-0.06154463925545062
949,1.34336626107708,0.197614828711695,0.09834529202287501,2.474996435213961,0.6545121179499148,0.48434524235138554,1.2849347647855653,0.066510532775593,0.30632632779352076,1.1316301741368808,-0.05843149629151467
950,1.3557687052646354,0.10935031688372487,0.06686493323766482,2.3793425743676506,0.620711558108545,0.4715774010342325,1.3459954907064642,0.053800539083557974,0.2175037340875434,1.0235738691030152,-0.009773214558171262
951,1.347194297453528,0.2146043167927527,0.13479272833907743,2.6620615586194147,0.7105203103899045,0.5437257971894499,1.2527825159298978,0.0865256447406549,0.19779938226105298,1.3148672611658867,-0.09441178152363028
952,1.3894392913181197,0.16686567503777427,0.06993694001112785,2.6827202035600624,0.6941987782916841,0.4765883258445976,1.3239558834657146,0.03761191124951342,0.2783478482328195,1.2932809122419426,-0.06548340785240514
953,1.3351660872269067,0.19189878507750227,0.16295833355729955,2.535161605986932,0.6879212277368517,0.5720492426482089,1.2566924165119406,0.05091443801121223,0.21570952159167217,1.1999955187600255,-0.07847367071496603
954,1.4146548258452158,0.18912829877062995,0.1658988160886889,2.88664587075694,0.7533715415546165,0.5749897251795982,1.3019124176146644,0.03186477676661896,0.24627024479232923,1.4719910449117242,-0.11274240823055148
955,1.2986009625993786,0.17313476658544064,0.1931182186787473,2.4298001511455887,0.6671356349616802,0.6022091277696566,1.2336535450159554,0.06950897636176313,0.10129275663374193,1.13119918854621,-0.06494741758342326
956,1.3405195928664004,0.16647233739895267,0.1098637146981834,2.37958275805486,0.6322321995181424,0.5166748363211408,1.3131815091494412,0.07556228737032217,0.24347355683805894,1.0390631651884594,-0.027338083716959227
957,1.370131470468022,0.1478100990359122,0.06702655218768805,2.5060101402623456,0.6439946333463729,0.45317962134673595,1.3371795155518194,0.050715970918195394,0.2750967633269831,1.1358786697943235,-0.03295195491620273
958,1.3648501262524841,0.16717889167595645,0.2407808506707504,2.5318758905200083,0.6745812964834843,0.6498717597616597,1.300083075333673,0.03629079694800175,0.12972625214410757,1.1670257642675241,-0.06476705091881119
959,1.317787757453698,0.17234616648550793,0.11755376674191598,2.5296969574143273,0.6754059751390901,0.512206480776096,1.2585997386997314,0.06176222596964587,0.22498786000270649,1.2119091999606293,-0.05918801875396662
960,1.3101635053801712,0.10039330581412668,0.16621709905174062,2.4347802629830464,0.6540354229545542,0.5753080081426498,1.274098201890371,0.04340887767539499,0.1512284665976674,1.1246167576028752,-0.03606530348980019
961,1.380279521285084,0.09285735624522393,0.05355559836878172,2.5512966315777494,0.670016463223864,0.4285444978509262,1.3636214677018406,0.07868972553272065,0.2688299466468497,1.1710171102926654,-0.01665805358324346
962,1.3436276271115177,0.12697679845379803,0.08496303919415218,2.4811158189266975,0.6514443577554517,0.49255475125663084,1.30857863772826,0.04488286776560395,0.20253181960747837,1.1374881918151798,-0.035048989383257734
963,1.3288393222880022,0.17850877242515492,0.12927256281004357,2.4864938272929313,0.667027272692521,0.5168680130311425,1.2586366991092572,0.02987822210591387,0.1900651081884328,1.1576545050049292,-0.07020262317874493
964,1.3705338552299904,0.1825072396394546,0.09436499688158193,2.675850520967602,0.6920775963942536,0.49188523543467444,1.293857119713917,0.03645264452644527,0.26609154141945823,1.3053166657376116,-0.07667673551607335
965,1.4192635298125305,0.16514959053726078,0.051134325463876286,2.7722947294144653,0.7084866046206696,0.4387086445713267,1.366631236307346,0.0568912485702804,0.34428436579011196,1.3530311996019349,-0.05263229350518439
966,1.4095538304845743,0.15441199525535773,0.041111906898587375,2.6956104755990586,0.6829744165526934,0.40382086649551985,1.3725927267757363,0.052131653058731464,0.38160424725162195,1.2860566451144844,-0.03696110370883798
967,1.374423101053734,0.13714231486507544,0.029250509133726982,2.545980448624323,0.6604619347526057,0.41145242945000343,1.3652138946090124,0.058501006036217294,0.35761368859520326,1.1715573475705892,-0.009209206444721563
968,1.399827875166926,0.10689509328350463,0.06074989210557622,2.522343583683746,0.6420318052142118,0.3497344279459703,1.4020068624154842,0.09492050274532257,0.35580247891216993,1.12251570851682,0.0021789872485582507
969,1.3667629387340936,0.08452883650134822,0.06075757351824608,2.3668894094372037,0.6070038745787868,0.45842104599763706,1.3691279136747285,0.06529674115137622,0.22373624180484217,1.0001264707031101,0.002364974940634923
970,1.3360176423373806,0.15370704330500845,0.09303152403434053,2.4193731299090553,0.6486384611307097,0.48860723819074753,1.3080953564336288,0.04112821862525769,0.26183446752840955,1.0833554875716747,-0.027922285903751787
971,1.3758298438402674,0.08359968264971708,0.053236359396133456,2.373176600072766,0.6055555386774345,0.45985031279659316,1.3853074317211787,0.08293240736867062,0.25176526895220025,0.9973467562324987,0.009477587880911242
972,1.3936742749667945,0.2295254021712748,0.08053735664694167,2.8046996887712594,0.7247448720357537,0.45651687668816365,1.3026764576465033,0.08617880697969685,0.33597668183332197,1.411025413804465,-0.09099781732029122
973,1.3485898063798636,0.09231140042236796,0.03113850447285494,2.2925932262168844,0.6045307347130973,0.406286815337919,1.359243688810953,0.06453262832309507,0.2793367003915905,0.9440034198370209,0.010653882431089334
974,1.361770273569927,0.06319879155627275,0.08333191133626286,2.284388896100388,0.592473253367499,0.48695196506919625,1.3730740288921353,0.07686288166258383,0.20267359409967317,0.9226186225304609,0.011303755322208175
975,1.4103848180853,0.15061237921633108,0.06587989713956188,2.5227051629129287,0.6593172214291825,0.34447976886179776,1.4200068945096271,0.07135409833801709,0.44111457208559035,1.1123203448276286,0.009622076424327108
976,1.3588543259766583,0.1341321663399305,0.03385910660627685,2.4182992700102273,0.6291291017262236,0.42565557380163865,1.3544059060228044,0.05306122448979594,0.3226738670044253,1.059444944033569,-0.0044484199538539215
977,1.3761792751499784,0.10860915787656192,0.026289469089150905,2.2637010446426915,0.57403080770288,0.4127052883266975,1.4081283044045412,0.07696465089103124,0.3149220265233049,0.8875217694927131,0.03194902925456278
978,1.378409007773792,0.16053144361970295,0.04726064169729029,2.542305157924237,0.6631751732414997,0.4372434777417229,1.3587105187045476,0.07201869692726731,0.332780103299643,1.163896150150445,-0.01969848906924443
979,1.3275895138201839,0.19071861030814757,0.10790918696555976,2.375881827654983,0.6396165721321356,0.4910130506009137,1.2943921287726723,0.10941732846156095,0.2529095752625765,1.048292313834799,-0.033197385047511574
980,1.351864526723412,0.2058566117009099,0.12743747827457919,2.761717709433439,0.7337626902598142,0.5355275289355673,1.2389304716677598,0.041727767458532954,0.21520797525311106,1.4098531827100271,-0.11293405505565213
981,1.3463259919516701,0.1205698986347873,0.1768510963743224,2.4043880111689884,0.6442414715889049,0.5859420054652317,1.3140650101657378,0.04534493645907334,0.18272348341505615,1.0580620192173182,-0.032260981785932286
982,1.332745333149713,0.2138557128780346,0.11344697692830416,2.6173395737093537,0.705393244893697,0.5007617385693608,1.2300480818019262,0.0525267655018638,0.17227317781478893,1.2845942405596407,-0.10269725134778684
983,1.3581821926716955,0.2598639638773186,0.2257263343426419,2.7697094591946874,0.7391949389245109,0.6348172434335512,1.2016150201391176,0.05658323437166955,0.16471783954368965,1.4115272665229919,-0.1565671725325779
984,1.219463076006622,0.181743854333002,0.20839329119680855,2.28494783395196,0.6338532696206569,0.614160274324112,1.149651340145835,0.04460742929506119,0.09636993031068646,1.0654847579453381,-0.06981173586078704
985,1.3511569497723528,0.16131720599006724,0.12702002468884693,2.4644994965735507,0.6488174477113844,0.5324497092495528,1.3200212951137251,0.04343945067356189,0.27988688003593476,1.113342546801198,-0.031135654658627665
986,1.3061020529805862,0.21913489244845033,0.11350253064755349,2.672830218402588,0.7295031516363699,0.5207872752879377,1.1851902218791361,0.07400497512437812,0.18135389340673766,1.3667281654220016,-0.1209118311014501
987,1.2743529054884368,0.19971006313544098,0.21188208213262577,2.481071132170053,0.6856639300617211,0.6209729912235351,1.1837760638220765,0.05322773380594659,0.06988718019079748,1.2067182266816163,-0.09057684166636037
988,1.3650936875732695,0.0834529440328079,0.0355967406657973,2.263407874478613,0.5831531217315644,0.3949754393326943,1.3649956292410135,0.05549753605497537,0.19070651064536268,0.8983141869053435,-9.805833225606797e-05
989,1.3211662787229308,0.1927999132315716,0.07205913976849818,2.5230798702923294,0.6795401090939479,0.4609276888450268,1.2469936633755452,0.056266706266706254,0.20563554542374776,1.2019135915693986,-0.07417261534738562
990,1.3431442373126479,0.13667043522195058,0.04603905589868014,2.383508232730286,0.6268208509649917,0.4294518195641661,1.3339339870216897,0.046186390880244475,0.33220960799823185,1.0403639954176382,-0.009210250290958122
991,1.3533247307460594,0.16524060211347552,0.13408575864946604,2.401808537223653,0.6355420041295976,0.5431766677403753,1.323597373159669,0.052001795348854546,0.24448402297834793,1.0484838064775936,-0.029727357586390335
992,1.4248349421768536,0.0681249253143277,0.04837620561576982,2.320840813575179,0.57693312749891,0.3943004296340686,1.4770794900198845,0.096678838462876,0.3293261504186711,0.8960058713983252,0.0522445478430309
993,1.319166332054787,0.14542012925160153,0.08141459283296276,2.2562718086502764,0.5983844797932756,0.4692652904896442,1.3111590500257406,0.06456267018476175,0.2487855325371941,0.9371054765954894,-0.008007282029046436
994,1.2946576841866504,0.1869485934229834,0.22030683361030906,2.526158667132918,0.6988965812480084,0.6293977427012183,1.2065360481857081,0.06975490352198226,0.1561726357578727,1.2315009829462675,-0.08812163600094225
995,1.415971579849402,0.17624778781412748,0.03582383969945378,2.6771647185145113,0.6843129764654254,0.41197013447798625,1.371864653304058,0.06643744842589584,0.3887009533291509,1.2611931386651094,-0.04410692654534398
996,1.3863310261163053,0.08094047189545713,0.07041613797282752,2.39082165322937,0.6153959813261927,0.46185856557585603,1.3915922076556089,0.06436823488333256,0.2629297560998048,1.0044906271130647,0.00526118153930355
997,1.3721123043847756,0.168104522807221,0.1365568373435559,2.7003296049156447,0.7121865999585758,0.5456477464344651,1.2884234727882862,0.028638784142531522,0.18769995534121636,1.328217300530869,-0.08368883159648943
998,1.3439379758262175,0.16651431994238644,0.05007307874107958,2.3985473821916043,0.6317231103080256,0.4189109000304933,1.3133617103504833,0.07626896912611197,0.3020173148762448,1.0546094063653868,-0.03057626547573422
999,1.367157073179972,0.15571931884443516,0.03130972335931096,2.666424447046588,0.6971585435931329,0.4173876520747517,1.314267109472338,0.04131385399396927,0.32810288492782824,1.2992673738666158,-0.0528899637076341
1000,1.3722919730862404,0.08829823993087041,0.041218203633498825,2.286702474391464,0.5954398396540344,0.4262447247928249,1.3868123843024602,0.05935670261941446,0.2952811322824599,0.9144105013052235,0.01452041121621983
1001,1.3558852067364318,0.14389301884788414,0.16483441467759216,2.511487901769733,0.6730878810402441,0.5739253237685014,1.2988583459297915,0.01923058093195864,0.13686399999612986,1.1556026950333012,-0.05702686080664021
1002,1.3096007397147984,0.17776525680879235,0.09869648365833092,2.4147114214329646,0.6384566857458646,0.3275174812083105,1.2751111727763558,0.08003704081285892,0.39935779793220905,1.1051106817181662,-0.03448956693844263
1003,1.300446547143386,0.1851015844866184,0.18266395689621567,2.3902955514475503,0.6480135247290484,0.591754865987125,1.2401860036173824,0.07864701756893785,0.15556978005743247,1.0898490043041644,-0.06026054352600352
1004,1.332850516959514,0.21690472851718795,0.1966826532977858,2.6306594531170515,0.7035235320710216,0.6057735623886951,1.2214970600528647,0.06742171967048893,0.14419554502249607,1.2978089361575376,-0.11135345690664922
1005,1.3509628703891585,0.21910111703362833,0.07451652894682628,2.7220978208195175,0.724433769853964,0.4679458090129224,1.2437928214860179,0.06778202542002285,0.3159591255897297,1.371134950430359,-0.10717004890314064
1006,1.3593448848172862,0.11012036824682961,0.04263755121248592,2.382555280198826,0.6217089623399676,0.38113291297788554,1.3514566577604468,0.05638809328968902,0.2944718284190535,1.0232103953815397,-0.007888227056839447
1007,1.3867512503982644,0.12315297960443293,0.1269359925880599,2.586943816238979,0.6796914308448634,0.5360269016789692,1.3493143544172936,0.08233590733590734,0.20356617987404424,1.2001925658407144,-0.037436895980970775
1008,1.3038304544859294,0.18183349774469176,0.11025416985922504,2.5124263033136724,0.6773566104053429,0.5027615729008763,1.2423711128466741,0.05209696411489078,0.22752377758237313,1.208595848827743,-0.06145934163925526
1009,1.3013073306892053,0.18113963918258852,0.11012364095757238,2.4962630036963906,0.670135964505582,0.5046229208457409,1.2195964912139745,0.03656865145375374,0.17597106935906542,1.1949556730071853,-0.08171083947523083
1010,1.433614060418568,0.12076510318562597,0.07406687591414383,2.6531352795543413,0.6808666147725,0.3544128007284524,1.4318213769152441,0.08631525836444134,0.39309509487547306,1.2195212191357732,-0.0017926835033239552
1011,1.3349034088812148,0.2036376430524236,0.33176076753155337,2.7001106216862043,0.7257637502910342,0.7408516766224627,1.210827918211748,0.04647384478966741,0.13123137016195702,1.3652072128049895,-0.12407549066946677
1012,1.3653199595965906,0.09388417108051199,0.15369591591765408,2.4367907882399873,0.6365184914908937,0.5627868250085634,1.3517685167906206,0.06709167168641096,0.1569948571171684,1.0714708286433967,-0.013551442805969982
1013,1.3345484793131388,0.16359307620595265,0.06320405727291262,2.466002051251613,0.6560780449668157,0.47144062374969076,1.2781879101121354,0.025643443693236213,0.2243615222913138,1.1314535719384744,-0.05636056920100341
1014,1.3434474104763856,0.31030179596402874,0.15987066426789484,2.9155894402840854,0.7657652438900218,0.5317571292124268,1.1681697343250477,0.13094708227445234,0.2507088082902811,1.5721420298076998,-0.17527767615133794
1015,1.3017068776645853,0.1743977334170071,0.08696692009465815,2.5191733218099857,0.6852606818097656,0.4759255668518428,1.2333169182834984,0.03770101772059231,0.2313848320093979,1.2174664441454004,-0.06838995938108683
1016,1.3791031611862654,0.15151704586441367,0.14266196343573334,2.5344880275715465,0.6665123247273597,0.5488017186930187,1.3359447879587076,0.03545595076635892,0.22547578255903744,1.155384866385281,-0.04315837322755778
1017,1.3993027409866547,0.04271388079805287,0.07490753274862391,2.2995459407659373,0.5785206911336467,0.3525239282422098,1.4589126678655489,0.12342654963598014,0.3479572561535921,0.9002431997792826,0.059609926878894104
1018,1.29070478975238,0.14546008426685358,0.06961326957503726,2.3914263071408586,0.6433010947354866,0.4606790740775343,1.2417173251612472,0.03632596178530827,0.17054480918737638,1.1007215173884786,-0.04898746459113279
1019,1.3930491990653777,0.10346161608656507,0.045352168519597114,2.525070490514668,0.648775756402359,0.43424439669871434,1.3782514923134146,0.05937953811071948,0.2925507720220973,1.1320212914492902,-0.014797706751963124
1020,1.380431992827865,0.11612919041588832,0.053893309070746416,2.3494932160156345,0.6102301218453852,0.4366368618626888,1.383759452853498,0.06578705704407951,0.3234794393052982,0.9690612231877695,0.003327460025633
1021,1.3644387869478294,0.12052647034137885,0.028155374743240168,2.527386805508314,0.6665914000709918,0.4078691039186418,1.3416514367211394,0.05613127767947051,0.315370895355569,1.1629480185604848,-0.022787350226689984
1022,1.351232231608405,0.1278800137691819,0.13837326339403674,2.546017179402577,0.6694712364567825,0.5460214562672006,1.3077641126183082,0.055199691973817785,0.2135062881985909,1.194784947794172,-0.04346811899009695
1023,1.2704953721151304,0.22605667169781551,0.2235309737105225,2.6178578077739667,0.7098955028482907,0.6326218828014318,1.1687712526590703,0.12210748389962245,0.09522817776217705,1.3473624356588363,-0.10172411945606008
1024,1.281882427104279,0.16829350621882905,0.17619131391903423,2.5176057045073703,0.6941448006188673,0.5842150797149802,1.19963092236568,0.04736600657542624,0.05923731953578035,1.2357232774030913,-0.08225150473859899
1025,1.3931424394185932,0.16415549449952124,0.16193161101961562,2.6254866289393375,0.6980830794568814,0.5710225201105248,1.3203060166044223,0.047383380964551566,0.22046111043425343,1.2323441895207443,-0.07283642281417091
1026,1.367619269980643,0.1068178670176508,0.033870269438868755,2.4610574869804385,0.6371128097568157,0.3933196212446564,1.37986791677572,0.06598310372629441,0.35736439277892595,1.0934382169997954,0.012248646795076867
1027,1.3900869390742634,0.1243746663248535,0.061037634992076255,2.427465714012011,0.6207183062994223,0.45647269812814706,1.3699342926213025,0.07835752722879002,0.2458882913960158,1.0373787749377477,-0.020152646452960887
1028,1.3628748480884583,0.08930092092541309,0.02378573073062927,2.4198429287709353,0.6262106946784387,0.3952779003249691,1.3699860379233515,0.07096144333087084,0.30670914798848614,1.056968080682477,0.007111189834893228
1029,1.3332314387716795,0.13637250178772747,0.07733536903022509,2.3935123680437327,0.6360960110577896,0.4708382965142842,1.3182119818932965,0.04255740949484886,0.2893331021286231,1.0602809292720532,-0.01501945687838302
1030,1.3871385883983778,0.1586366113695225,0.10136209270518123,2.544810027547124,0.6552161104322338,0.4916366172496045,1.3382590914531396,0.04538046562627829,0.26367570328833434,1.1576714391487464,-0.04887949694523819
1031,1.3523100819863356,0.12710904866117628,0.10926445475240548,2.2949388937705555,0.6121842605422964,0.5164401965624308,1.340188140326687,0.05147175015442966,0.22513492551050607,0.9426288117842199,-0.012121941659648527
1032,1.3227620951844583,0.22012113471392866,0.15725988135668145,2.6093871725201865,0.6941499212701465,0.5540394664845207,1.2163374115039174,0.053682441491768026,0.15712235310991063,1.2866250773357282,-0.10642468368054092
1033,1.3099298219431874,0.1351930343532894,0.31717079649908,2.34953921383111,0.6297265389983124,0.7262617055899894,1.2573387705916572,0.029766364008670193,0.10644052974734922,1.0396093918879228,-0.052591051351530194
1034,1.3451321638164162,0.20369286522803381,0.07231481801539288,2.649193303108763,0.7048344071631663,0.4690136468966707,1.2524620568456437,0.04136870179166253,0.24196887364451802,1.3040611392923467,-0.09267010697077249
1035,1.3304922415737406,0.10574606829930089,0.06634461128188715,2.4136416908413896,0.6365353244096958,0.4570014435627396,1.329199618087636,0.06563706563706564,0.28646272705298925,1.083149449267649,-0.0012926234861045938
1036,1.2824083798299806,0.18466415132380362,0.19678804209737666,2.4611212925877015,0.6710035369702115,0.6058789511882859,1.1984978278263112,0.04411816568116897,0.10164437581443936,1.178712912757721,-0.08391055200366937
1037,1.2700593086316054,0.1939904735847092,0.17818822713469856,2.531526588019201,0.6968971393682237,0.5779361456940117,1.176370164038461,0.05338114456606954,0.1607244733046776,1.2614672793875954,-0.09368914459314448
1038,1.392262355900051,0.129307117149117,0.02939046409388412,2.633864249383663,0.6818311153112768,0.4107329341122755,1.375060097406593,0.07679387656375036,0.3655766307501525,1.241601893483612,-0.017202258493458134
1039,1.270584489106689,0.18512509107896463,0.09207453460571424,2.3570778478739043,0.6494707754738762,0.4831510074159857,1.221782149911636,0.10197869909554283,0.24153787053876932,1.0864933587672152,-0.04880233919505317
1040,1.3758247874538387,0.1093953555347928,0.05439252566872966,2.4341977437850626,0.6338229920406547,0.4563570676456328,1.3799414612093641,0.0841442115768463,0.2906976294890017,1.0583729563312239,0.00411667375552538
1041,1.3132131440592572,0.23039169072767748,0.07015834711043414,2.634274597328332,0.703772816765752,0.4462431209143153,1.2139797287776373,0.09511542492038785,0.28234626076463387,1.321061453269075,-0.09923341528161989
1042,1.2871518061257765,0.15498958359925957,0.06191767960139338,2.3062559892042205,0.6222577988425669,0.4601037073659645,1.2371864244554414,0.0290816352763938,0.20025616481326108,1.019104183078444,-0.04996538167033515
1043,1.2976593709537843,0.14466430196601188,0.03871930197146743,2.3137016722625554,0.6109056905182015,0.4050260957610923,1.2604555653055758,0.0334334975369458,0.20341468257469547,1.0160423013087712,-0.037203805648208466
1044,1.3570160839927685,0.16571082147947366,0.07122853516369282,2.582744061777826,0.673438523196193,0.46395933367973813,1.3014954007957333,0.05041579245600866,0.26564417138080476,1.2257279777850574,-0.05552068319703518
1045,1.2923941846039435,0.215982114357255,0.09494262058816769,2.6508078434136144,0.7120861625468774,0.48791030939671043,1.1769871116030184,0.052822688850127475,0.1883058462663134,1.358413658809671,-0.11540707300092512
1046,1.3634225115426184,0.12849022220835304,0.14201332858681914,2.3963433026647105,0.617229521547535,0.5462234097677399,1.3459637246153004,0.05862046255337368,0.24971401653111336,1.0329207911220921,-0.01745878692731795
1047,1.3758362508828,0.11994017022736198,0.03335463968180873,2.4959136670348663,0.6455413127756455,0.4142930251753941,1.3555505025514392,0.05484519112057906,0.29147625599007654,1.1200774161520664,-0.020285748331360764
1048,1.3036770073413653,0.13729554146594944,0.13501402345097233,2.4661267304495067,0.6666918410387921,0.5441049325418816,1.2492751776094482,0.025179562610400393,0.1198218943731227,1.1624497231081414,-0.054401829731917095
1049,1.3426085361045952,0.10707120234041578,0.08581740689168693,2.4006660371107253,0.6245448342010753,0.48411359872579535,1.3162308637850642,0.04009160482374765,0.17798945224527252,1.0580575010061302,-0.02637767231953103
1050,1.3730570168059866,0.14819289275772865,0.04131419605318748,2.549578936242427,0.6702457930230498,0.43083333028541326,1.3345176905693328,0.04136957261480574,0.2898092840317287,1.1765219194364405,-0.03853932623665379
1051,1.3558513396302074,0.2329077315915168,0.16894934352002527,2.709874680423745,0.7219791755630478,0.5732828725809025,1.2282664530913763,0.037091114883984165,0.15456301820649682,1.3540233407935376,-0.12758488653883115
1052,1.3203110272108858,0.13505047128398598,0.08859341354118248,2.5118897520768706,0.6762076980335034,0.49596700106406794,1.2715568836878832,0.036432950413862505,0.20205854249302554,1.1915787248659848,-0.04875414352300256
1053,1.3889720106449426,0.1686083413342672,0.17668959693727657,2.7067511727090348,0.7062334680787237,0.5857805060281858,1.3049539322162147,0.0430363234998996,0.22053174282049248,1.3177791620640922,-0.08401807842872788
1054,1.3675352177024536,0.1911001426865251,0.12644560471095995,2.6722266752992683,0.7134341861946873,0.5355365138018693,1.2811563245383013,0.031328698593030724,0.2441964500339904,1.3046914575968147,-0.08637889316415226
1055,1.2546089326452927,0.16366877592708307,0.2247922882163096,2.359671163106506,0.6507709687794796,0.633883197307219,1.1835097769690304,0.026321319234089074,0.025109428116791455,1.1050622304612134,-0.07109915567626235
1056,1.3049752687755505,0.17270765056288043,0.10172742195080572,2.3770113512666455,0.6473156846173425,0.4938153740057083,1.254177192376277,0.05747035573122528,0.17623545133580037,1.072036082491095,-0.05079807639927347
1057,1.2917388513547141,0.2030519215820934,0.15891320629018452,2.61839869449421,0.709375561419687,0.5680041153810937,1.18689611786175,0.04971956435069412,0.1384324209973718,1.326659843139496,-0.10484273349296402
1058,1.3148250990995944,0.1976462338198866,0.123139780396016,2.5164412219757173,0.6693265964676551,0.5147028399755422,1.2352652081252238,0.05181180596142605,0.19717384279069078,1.2016161228761228,-0.07955989097437066
1059,1.326649969274427,0.2246784311131952,0.30991086095160525,2.7765133319250395,0.7499977524086181,0.7190017700425145,1.181122026059819,0.044804608086740416,0.06043369500125209,1.4498633626506126,-0.14552794321460794
1060,1.3661420702128537,0.1599686219938392,0.09873947033087803,2.6178816206555187,0.6974400314315761,0.5061910753387205,1.2977460676222,0.041843574724222427,0.21047556583936938,1.251739550442665,-0.06839600259065381
1061,1.3647804201834908,0.17703660063088672,0.11241611966033804,2.573004789866466,0.6701231991734777,0.49963012455951405,1.3007630142260342,0.030033370411568422,0.24148496190492563,1.2082243696829753,-0.06401740595745653
1062,1.286804259020244,0.16344314334094096,0.08482883485981305,2.4071061009019106,0.6503510660260079,0.47198863851607353,1.2375777582340484,0.05107794627939857,0.2257808958556804,1.1203018418816666,-0.049226500786195615
1063,1.2880867597089694,0.20031642638195263,0.19367972240489814,2.461018370172298,0.6713831381119233,0.5862265464554101,1.2038444990228014,0.0512054508843037,0.16331082475030337,1.1729316104633285,-0.08424226068616791
1064,1.3475629882391313,0.13343617232832397,0.09582140499547885,2.3365436676145777,0.606632523233996,0.49031667787653666,1.3322080548450501,0.04545454545454549,0.2526273866486508,0.9889806793754463,-0.015354933394081227
1065,1.3656908047367322,0.16161204321588013,0.0759189427697147,2.596331970746509,0.693830526028137,0.48039715525659205,1.31744270998187,0.048685378409830615,0.31007269818859146,1.230641166009777,-0.04824809475486225
1066,1.3100708994292947,0.23837069635315666,0.17374471322645083,2.69134197932,0.7307723028273795,0.5828356223173601,1.1671332428669157,0.0672726865387416,0.19805403865482857,1.3812710798907055,-0.142937656562379
1067,1.3427799872218296,0.2560764004610413,0.20580980354818662,2.8175527569458905,0.7391594646360313,0.614900712639096,1.1948358526824605,0.09162406424768049,0.1699539023159357,1.474772769724061,-0.14794413453936905
1068,1.4290029826629147,0.19095332092279554,0.1598834657891085,2.8318615798442233,0.7254619773764837,0.5661154376966979,1.328894213187529,0.03547819416555739,0.305850643295058,1.4028585971813086,-0.10010876947538572
1069,1.2978960084370095,0.2156282127280682,0.19901635231431472,2.561488551439027,0.6938584826000678,0.608107261405224,1.1871337743822927,0.03871227181848565,0.12760175744485713,1.2635925430020176,-0.11076223405471675
1070,1.3493713382429533,0.16718574588819501,0.07899430427071469,2.5114321863497087,0.6677399668277924,0.479673671980767,1.2885522352099406,0.033112582781456984,0.21238918429688852,1.1620608481067554,-0.060819103033012745
1071,1.3234670850865868,0.1551012435555338,0.08091252994968903,2.3518558308350794,0.6203549848769617,0.4627797257678755,1.2831051933328665,0.04752816673560743,0.19176876835122192,1.0283887457484926,-0.04036189175372029
1072,1.3415698039650035,0.2490242842665759,0.21589247312489834,2.7671545722892965,0.732904787248053,0.6210210885072065,1.199266501128954,0.06798783344340514,0.13703607888018954,1.425584768324293,-0.14230330283604942
1073,1.3480361112093733,0.11878852664150058,0.06725736196135682,2.298399526174232,0.5896829731833255,0.4588190127175078,1.357646278802466,0.0723727523476907,0.2832643887195986,0.9503634149648588,0.009610167593092633
1074,1.2573196244199725,0.19208950023039156,0.20432387012522912,2.4006719391717333,0.6667033673453351,0.6028091931429032,1.1946644669693633,0.09353363185516883,0.0770508009097696,1.1433523147517608,-0.06265515745060912
1075,1.3714522518516659,0.1353758599704114,0.034371894693311374,2.5208358481547335,0.6582168823679088,0.38642764309158123,1.3513556849272002,0.05508210351278321,0.3415431391040855,1.1493835963030676,-0.02009656692446571
1076,1.2957996889584376,0.17139782640719203,0.0625894918974311,2.451515957951165,0.6585556139494626,0.4510738449445083,1.2397455610255326,0.05195099818511797,0.23489603471263362,1.1557162689927276,-0.056054127932904985
1077,1.3491887996434904,0.1831284540705404,0.13546205783048818,2.6247896320702755,0.7196970492754331,0.5212939986697792,1.2425529024087785,0.02890250995481184,0.16151891945679503,1.2756008324267851,-0.1066358972347119
1078,1.302492157431345,0.14563023103106884,0.10709337117664547,2.4608462760579957,0.6662650867466149,0.5161842802675548,1.248589434096806,0.02968532634314028,0.16374197769501952,1.1583541186266506,-0.05390272333453905
1079,1.3740088281783176,0.13954939605289757,0.031387580091644454,2.4971386747917963,0.6554613803330112,0.3852146485199085,1.3538396980708476,0.05629655567581333,0.3372467319249182,1.1231298466134787,-0.020169130107470012
1080,1.365708108064178,0.11776977381561082,0.16622755318750232,2.484497058373547,0.6486989501489955,0.5753184622784115,1.3276084291214554,0.04078257433479408,0.18252767059112426,1.118788950309369,-0.03809967894272259
1081,1.3043223122524872,0.2510358762181912,0.20241135502364788,2.6386189246877354,0.7143032273056529,0.6111164385642085,1.1745990820267656,0.0792723858233108,0.16056696320850594,1.3342966124352482,-0.12972323022572163
1082,1.3100555987514297,0.13738540240581185,0.10386936568755471,2.268029586656586,0.6044848605520042,0.49856116074223966,1.2845751776387813,0.04971734148204734,0.15253642647904403,0.9579739879051561,-0.025480421112648477
1083,1.3468525690377837,0.11042467440213488,0.04050356307432307,2.310563114916065,0.5962365945279651,0.3847287277199221,1.3536986584737605,0.06998294044665011,0.28589025397221324,0.9637105458782811,0.006846089435976754
1084,1.2676558514741294,0.1889547658628457,0.2540309176093479,2.502249957368715,0.6937927571932099,0.6631218267002572,1.1884371151308897,0.07093855979617483,0.09643387146634586,1.2345941058945855,-0.07921873634323973
1085,1.322069200208051,0.20058061788279885,0.16607261323534095,2.5672819595428025,0.690940485847849,0.5751635223262501,1.2407393209098951,0.08099702605978124,0.19113710299920555,1.2452127593347515,-0.08132987929815583
1086,1.29377030853668,0.15736439173347497,0.3119002441703459,2.4172669696660214,0.6616128008590731,0.7209911532612553,1.2228474157547837,0.026518834399431427,0.11365452200888707,1.1234966611293413,-0.07092289278189634
1087,1.370721624737763,0.15876025866300408,0.13856493858969327,2.7216802275320937,0.718286106839936,0.5476558476806026,1.290013506343107,0.04929508993680114,0.21994474103126238,1.3509586027943308,-0.08070811839465586
1088,1.3134382942172416,0.16034126136256144,0.15454683485570056,2.4948903520098558,0.6589720674853643,0.5596029909199476,1.254149829508222,0.04251525493846313,0.1578864121613368,1.1814520577926142,-0.059288464709019495
1089,1.4211270677159102,0.17001572866697848,0.022660971011690838,2.711129521578993,0.6929889294790765,0.41303182763668017,1.3620668730589345,0.06372719073059044,0.338384075916603,1.2900024538630828,-0.05906019465697576
1090,1.3682085572472054,0.13722433985775034,0.033153162741166954,2.4132986675470813,0.6314566732949879,0.41587292113072766,1.3484033368185493,0.042752867570385863,0.27446491991432925,1.045090110299876,-0.019805220428656067
1091,1.244707758098793,0.1817199638580655,0.07602153255934392,2.37806498475845,0.6654950568746496,0.41852107515753145,1.2039103309255537,0.11760358234826782,0.29813894783554085,1.133357226659657,-0.04079742717323942
1092,1.3939691004916424,0.2420165543043727,0.1373301798615846,2.720333148239344,0.7007282816518834,0.5237030290682092,1.2831628507766721,0.07669570235712096,0.2664920112772005,1.3263640477477017,-0.11080624971497022
1093,1.285437138407247,0.20826319473960564,0.20293286794162207,2.514140083998766,0.6900046444414907,0.6120237770325314,1.1851950508183782,0.05796238815074257,0.03541020739416928,1.228702945591519,-0.10024208758886877
1094,1.2778231208116622,0.21810039496197253,0.17537664633496194,2.5351733233740985,0.6962916572391872,0.5844675554258711,1.177137224644445,0.07596310363537709,0.12431058087357438,1.2573502025624363,-0.10068589616721724
1095,1.2901958184773092,0.1718026334386416,0.08010695564098638,2.457223312095649,0.6610109884462176,0.483212893429753,1.221114500599699,0.0474508910490077,0.17307962672726385,1.1670274936183396,-0.06908131787761018
1096,1.2771507005769887,0.19089702163383382,0.17347556013704055,2.5626925129247775,0.6987225489010646,0.5740328033571274,1.1841368262020864,0.06837854170035662,0.08815339102296049,1.2855418123477889,-0.09301387437490227
1097,1.3179052075409607,0.15120505968884596,0.11091334027438574,2.412053976889084,0.6398543701935536,0.5104838061883936,1.278695803347128,0.05990325645676772,0.1822275362102569,1.0941487693481233,-0.039209404193832675
1098,1.2578603370190122,0.21454797945493015,0.19481983292010205,2.5298717438447076,0.699905641247246,0.5946980930268881,1.1529068320643283,0.07654942775240295,0.12457893927542779,1.2720114068256954,-0.10495350495468392
1099,1.2791162385822135,0.174304919596485,0.13974113874991057,2.444505314797082,0.6654414417171354,0.5475796619382054,1.2060149718693223,0.04049639254951042,0.12574748708082598,1.1653890762148686,-0.07310126671289119
1100,1.333532601880913,0.121596992580037,0.11757344507614248,2.3832502840667407,0.6425635983993536,0.5266643541670517,1.3007435950365522,0.036083549824198986,0.16724185426708083,1.0497176821858276,-0.03278900684436081
1101,1.3306708969460614,0.11512857368040334,0.10269487567431822,2.39129356404314,0.6506023930852369,0.5117857847652274,1.2912074469305135,0.03740661195475177,0.17058838269750318,1.0606226670970784,-0.03946345001554796
1102,1.355382478966725,0.1325806388074133,0.12623216530919212,2.368769765465136,0.6066984179494734,0.5136322530501165,1.3377783168025679,0.07836617405582927,0.20151053292719678,1.013387286498411,-0.017604162164157167
1103,1.261170310410767,0.1469921287969123,0.13138927606714929,2.2746668089019977,0.6133941343250255,0.5274995470291243,1.2198821682385614,0.05938301510401821,0.0829947439731001,1.0134964984912307,-0.041288142172205555
1104,1.398435911048356,0.07941697227810388,0.06241394838428236,2.198141374218487,0.538247493450753,0.3737389434587217,1.4483454669544695,0.09064665008642095,0.3254980722928623,0.799705463170131,0.04990955590611357
1105,1.290468800469856,0.1338602890950567,0.14559194538970827,2.326552341559432,0.6270381443066146,0.5546828544806175,1.2484371657792435,0.035372128673456016,0.0931432807601992,1.036083541089576,-0.04203163469061244
1106,1.3838542293905047,0.10857892228051731,0.035393543456985976,2.436163796677942,0.6178591467724428,0.37588659596985197,1.3785465363983662,0.06078638635503531,0.30635026327783027,1.0523095672874372,-0.005307692992138513
1107,1.3253135273249057,0.15443219152942275,0.04555518774457371,2.5869442638420197,0.6853167614291145,0.40051375443517967,1.2764946813099227,0.060695620832582495,0.3458120232045371,1.261630736517114,-0.048818846014982986
1108,1.3658603547634525,0.21388624617513363,0.1347408120504118,2.730437552283127,0.7101990033591024,0.5296832564719711,1.2874484207517343,0.0877140153144627,0.2703092697218992,1.3645771975196745,-0.0784119340117182
1109,1.3742992872171627,0.06785505250526946,0.059463195233568654,2.27973424683356,0.5850285089155634,0.44762795081043444,1.3977599057352095,0.08984900328549784,0.25845141605995564,0.9054349596163975,0.023460618518046816
1110,1.267811326554693,0.2175188216984446,0.27925680222622384,2.6245308608801032,0.7251185815163192,0.6883477113171331,1.1486154965761806,0.0803888110183436,0.09919905178305927,1.3567195343254101,-0.11919582997851252
1111,1.3745702044232864,0.14544328011678948,0.07970921097020112,2.498816477210025,0.6425180337291976,0.4802145590834682,1.3237010131911204,0.02899770973165465,0.18755744018281828,1.1242462727867386,-0.05086919123216593
1112,1.300318537236681,0.20594443142401425,0.09231225497611487,2.612655117512221,0.7000119533451781,0.4894214481224415,1.2017803173896677,0.062457482993197255,0.24049644034317147,1.31233658027554,-0.09853821984701328
1113,1.3679079406716652,0.20546535090930337,0.15736839627940902,2.659467339326348,0.7030575921168433,0.5664593053703182,1.27051744471912,0.05281503726990344,0.1598117141366386,1.291559398654683,-0.09739049595254512
1114,1.2788723300945373,0.19641970735534603,0.2464994981955137,2.452579136238384,0.6698265664846681,0.653001058482971,1.192407311566609,0.04935408506837079,0.07643798546693605,1.173706806143847,-0.08646501852792832
1115,1.2770019787820335,0.11931863896406984,0.18393859691606773,2.2959130822708427,0.6140454608514245,0.593029506006977,1.244403330448606,0.034491131577907105,0.11790531837900892,1.0189111034888092,-0.032598648333427516
1116,1.2821947261248972,0.21341548869270832,0.0592765336379266,2.38473002376821,0.6542378481327176,0.4226743294118127,1.2236025742527237,0.12713348308247402,0.26223875013436887,1.1025352976433127,-0.05859215187217348
1117,1.3752423609536915,0.13599296431456975,0.04277391754881762,2.3908501627722014,0.6166540461238271,0.3681955062495892,1.3521772603410618,0.057165674833191654,0.3023695074525857,1.01560780181851,-0.023065100612629674
1118,1.3293011748247783,0.1443095995343005,0.1125742668312908,2.3878442652140537,0.6316674358026191,0.5216651759222,1.2982894126757811,0.038986354775828486,0.20005783462097937,1.0585430903892754,-0.031011762148997146
1119,1.3346051421508478,0.19130938990528495,0.20029887983302436,2.582618486707351,0.6917764892925699,0.6093897889239337,1.2421800858399537,0.018509411796847255,0.1323791175289275,1.2480133445565031,-0.09242505631089415
1120,1.3914630067733142,0.11486117523816872,0.04169266635910842,2.465515751556226,0.6374619377380212,0.3863359180730661,1.3811742284513873,0.059890112399578005,0.3008336551398715,1.0740527447829118,-0.010288778321926983
1121,1.2628186171521376,0.18715937098844,0.07070995348771765,2.3129058391273447,0.6317318845372488,0.44043189373066727,1.206608174489583,0.09065001601024658,0.2268556759882256,1.050087221975207,-0.056210442662554705
1122,1.351296956340791,0.21358992524915976,0.119083344965781,2.693362473521265,0.7107544892454556,0.5281742540566903,1.23794913082827,0.021009771986970717,0.2090692969558689,1.3420655171804738,-0.1133478255125211
1123,1.249639883297326,0.14447357367308525,0.1288873913676403,2.3178061394118137,0.6405745931389949,0.5379783004585496,1.1924184034775451,0.021549418423835297,0.09355647302772682,1.0681662561144878,-0.05722147981978076
1124,1.3694263114654397,0.16091256878174082,0.1022584060261286,2.497353378506845,0.6430208353074275,0.4981983129279006,1.327743544961418,0.05581371966146742,0.24070184310737439,1.1279270670414052,-0.041682766504021584
1125,1.3624478699887976,0.09235627950398545,0.05570816341457564,2.3542709466172886,0.6266926084404285,0.45964489408971343,1.3865177591759588,0.06429271908060939,0.30519700432730507,0.991823076628491,0.02406988918716113
1126,1.2911802377554484,0.1666550151209587,0.22096951110288543,2.46915991181287,0.6826027441958044,0.6300604201937947,1.2158927812834763,0.03361254295532644,0.11556528677621784,1.1779796740574215,-0.0752874564719721
1127,1.2874248402816102,0.20078197010557153,0.12254592196899798,2.478913614935214,0.6729958509906844,0.5180929071023471,1.2095769650261992,0.07986066249913042,0.12373071746216643,1.1914887746536036,-0.07784787525541104
1128,1.2545115722108273,0.1880285226085439,0.18698536291042567,2.3846055120541085,0.6567803056890849,0.5960762720013351,1.1752107241630023,0.073142112125163,0.08623979587380567,1.1300939398432812,-0.079300848047825
1129,1.329153027819613,0.1410041122666338,0.09053034925499384,2.516119012752053,0.6654549106631011,0.4920016604985171,1.2816027660397797,0.03985273148560734,0.2457772334932889,1.1869659849324399,-0.04755026177983335
1130,1.4366695644717788,0.18183478439793663,0.027889856881107053,2.7561409273748674,0.6994626050816328,0.40108690726528484,1.3748324802882568,0.057359937027276764,0.3522841727906696,1.3194713629030885,-0.06183708418352207
1131,1.3701350273534896,0.24478140349337676,0.09832327532652924,2.8940689299707754,0.7518915726497751,0.5059131024290364,1.2301383857746262,0.08983335311170254,0.3011689219087404,1.5239339026172858,-0.13999664157886338
1132,1.4050318325063422,0.1458202873001971,0.06376101866309264,2.6528444982898876,0.6791622158219259,0.45259200229193586,1.3598341888871996,0.05934566508439941,0.29050302470422373,1.2478126657835453,-0.04519764361914258
1133,1.343479579384673,0.09596989701573161,0.08143612380703152,2.421179779464639,0.6467033286364117,0.4771683617896981,1.323921701867454,0.03991084503402535,0.24707894692004206,1.077700200079966,-0.019557877517218936
1134,1.4000042145329288,0.1178244948819622,0.04828671521527217,2.462568323554024,0.6211093843035576,0.44444287432481366,1.4028196369597383,0.06784599535648941,0.30240510171694446,1.0625641090210953,0.002815422426809544
1135,1.368955521726829,0.11996483865773541,0.03510318791865026,2.4260671382453767,0.6250488818563473,0.4177520843022915,1.3678290186840367,0.05548139101125722,0.3232094663434481,1.0571116165185477,-0.0011265030427922706
1136,1.3064900911978383,0.17278342697310065,0.2049890396629429,2.284140172985536,0.6053215796261922,0.5968762216399786,1.2529521777645884,0.058883352672172526,0.08900447840688169,0.9776500817876976,-0.05353791343324987
1137,1.2723703467999792,0.1560920421942455,0.17795900350973254,2.3378886801142658,0.639653276133134,0.5832872393414401,1.224213334176227,0.05262310910846472,0.15724232595432502,1.0655183333142866,-0.04815701262375227
1138,1.389649607232902,0.20871584497779355,0.15865873816023887,2.78115922694267,0.7243321965982408,0.564328563385434,1.2759389069189484,0.043883229579324626,0.1983658445005302,1.391509619709768,-0.1137107003139537
1139,1.3559717903960786,0.1786026965653986,0.18184142521278726,2.581423798959851,0.6782570172642115,0.5909323343036965,1.2708137732396922,0.026993502500778546,0.12487692148791978,1.2254520085637726,-0.08515801715638638
1140,1.3158589643303313,0.2197917194409514,0.29613742100485296,2.6629995707066962,0.7207602738876859,0.7052283300957622,1.1899329112479051,0.05193111283394038,0.016722059671409564,1.347140606376365,-0.12592605308242621
1141,1.3927079573148107,0.1470776471541027,0.17771078176070867,2.635564168884204,0.6922523122053548,0.5868016908516179,1.3275297318231285,0.03367989056087548,0.21925135873098245,1.2428562115693933,-0.06517822549168217
1142,1.3497718801870073,0.16012192009318843,0.15233323905408303,2.644915969545322,0.6985202938208313,0.5565746874641309,1.2759850188532744,0.016659236321135536,0.19348782881235232,1.2951440893583146,-0.07378686133373291
1143,1.3566066365345097,0.15384861282126366,0.03100672772042492,2.5471354132123194,0.6627453638319594,0.3961504336836656,1.3158817544890544,0.044660194174757306,0.33024129080159076,1.1905287766778097,-0.040724882045455324
1144,1.3809654874306472,0.1512441333889878,0.07283759871139747,2.3673203822077764,0.6090622887863967,0.3362533103795118,1.393857454379767,0.07369686209971052,0.40755936780967683,0.9863548947771292,0.01289196694911987
1145,1.346983699015212,0.16774649214074372,0.29901821907311416,2.5589981424546457,0.7044888348788985,0.7081091281640235,1.2523912597964926,0.043505860085899406,0.0637033649385914,1.2120144434394338,-0.0945924392187194
1146,1.3645575912040533,0.16166612159097266,0.07625416918450936,2.566578408897892,0.673414541579231,0.4718913489648264,1.3081096589251868,0.028890082373701755,0.25372894604087554,1.2020208176938385,-0.056447932278866464
1147,1.3909113329119154,0.12958220620130956,0.043831908961221556,2.4720142242351804,0.6316569031392987,0.4232638824266506,1.3744908064777879,0.07598848112101256,0.2907946701466307,1.081102891323265,-0.016420526434127503
1148,1.3627292770721862,0.17303195343789746,0.07279960464597837,2.5931780857245443,0.6881449594549539,0.47213524291847286,1.305497911274291,0.037100752508361194,0.29990596921860696,1.2304488086523582,-0.05723136579789512
1149,1.333649031472182,0.12334548437584691,0.08690552841072299,2.414312147855289,0.6284978392211651,0.49599643750163225,1.312012376855202,0.05208924182265078,0.24227836735367758,1.080663116383107,-0.021636654616980167
1150,1.3847323908840652,0.18795580199335538,0.19642021265225496,2.7829583123139576,0.7268858040440039,0.6055111217431643,1.2705836535104624,0.01744957170489081,0.18865371157537392,1.3982259214298924,-0.11414873737360276
1151,1.3354255654360059,0.13883797064025158,0.09301420155765026,2.315564954954736,0.6152866313884073,0.47647588714047706,1.318228579358947,0.04935749406617426,0.263894840049926,0.98013938951873,-0.017196986077058884
1152,1.2569625110735303,0.14455570762387213,0.15707091702757808,2.3033435847883768,0.629179845945518,0.559919441792804,1.2079252063054806,0.037348272642390226,0.1099174929366323,1.0463810737148465,-0.04903730476804968
1153,1.3188000408510503,0.12877693014520472,0.09306529203230024,2.268854369598898,0.6036174701878521,0.4961101648819968,1.2935421424196407,0.04845538614711363,0.16751742211506798,0.9500543287478476,-0.025257898431409576
1154,1.341725700683008,0.12118410672308494,0.041169028420984174,2.4177575470207393,0.6263094172477486,0.40721940620893404,1.316522950410827,0.04365749637909383,0.24985348015510228,1.0760318463377314,-0.025202750272180996
1155,1.3214011946177846,0.13723326278146192,0.19019638188409582,2.4894876270519863,0.6679799129371786,0.5992872909750051,1.2612841971509758,0.041489593800221915,0.07182639226538733,1.1680864324342017,-0.060116997466808764
1156,1.3734708287076387,0.145609348398609,0.06575792844926023,2.5346190399508752,0.6629547141263666,0.4691065153625727,1.3362379128638255,0.040362878729539385,0.2938120031177813,1.1611482112432365,-0.037232915843813164
1157,1.3177311506154146,0.1625689544526607,0.11049854178788196,2.4435924300379233,0.6592608537597868,0.5195894508787913,1.2620102490863838,0.0663960802703708,0.18754652794473636,1.1258612794225087,-0.05572090152903075
1158,1.3028879000671372,0.1933208053574565,0.074259218145306,2.560772819989311,0.6867277497814562,0.46067894306370916,1.2390270176393343,0.06241111475768519,0.3051342208111885,1.257884919922174,-0.06386088242780286
1159,1.4136631236994832,0.11208442078753729,0.046084427817686874,2.5072997349181727,0.6398810608678023,0.43158559430153237,1.4037376356300344,0.07987094872340779,0.28663305273062056,1.0936366112186895,-0.009925488069448818
1160,1.4170130245305734,0.07698103094592526,0.04725664098101336,2.34321397711099,0.5929070159724381,0.3799286901146106,1.4781951140706129,0.11046929785129908,0.3608256660231802,0.9262009525804165,0.06118208954003945
1161,1.2503594922562378,0.16400711809987953,0.23100226087959758,2.3954969565959052,0.6535183674737115,0.6305528703482982,1.1785566130206018,0.02353680037797165,0.03532473333646532,1.1451374643396675,-0.071802879235636
1162,1.31284378792245,0.20152670982070167,0.10376810885469756,2.3532481324766685,0.6426252795836265,0.48474341962243095,1.2530301668763262,0.09518280996609169,0.2030022489339639,1.0404043445542186,-0.059813621046123755
1163,1.377197987314486,0.1487842863103761,0.06308026439546781,2.631744638684588,0.6840696701230743,0.45261564951376615,1.3206492057505639,0.02972972972972974,0.2673796240883538,1.2545466513701022,-0.05654878156392207
1164,1.3175364117236366,0.09480592563847151,0.05754305552502504,2.2934549620268676,0.6029843906708299,0.45502829353458224,1.309203446367695,0.04696637311366378,0.1622962096856951,0.975918550303231,-0.008332965355941635
1165,1.2500746385619426,0.13106703219549232,0.14509551224413958,2.1861040770315308,0.5881351934042853,0.518822905734089,1.2158549995456938,0.035882698309693775,0.08442020342023937,0.9360294384695882,-0.034219639016248804
1166,1.2387485686518849,0.12007492838485305,0.0713325702321643,2.330628878548099,0.6406060293570628,0.46150802831689264,1.2133611305780718,0.040525059665871103,0.18528111318920565,1.0918803098962142,-0.02538743807381305
1167,1.3023492563492214,0.18310577547202112,0.07935964946453947,2.501739868602944,0.6734754443538903,0.4631424838853414,1.226237549518868,0.028608923884514408,0.20476237671928868,1.1993906122537226,-0.0761117068303534
1168,1.3408950997831384,0.1099232025637929,0.03682354237562537,2.2293287507782438,0.5712223959106311,0.4164295894983341,1.3358002914418332,0.047191679361796725,0.2350373951471434,0.8884336509951054,-0.005094808341305157
1169,1.299342191649927,0.15038415533179764,0.04332298399145224,2.3354271536937734,0.6246566634160239,0.41080578399142686,1.261861176761556,0.03460519438386529,0.2825132430147601,1.0360849620438464,-0.03748101488837108
1170,1.3250534148862594,0.2115859312746491,0.0927051375078887,2.666539233453719,0.7168093938668711,0.49645110304038753,1.219763894038516,0.047615962684633306,0.20108299192624787,1.3414858185674594,-0.10528952084774335
1171,1.2799708809717305,0.16767021486564576,0.25709789586353865,2.1972085350183583,0.602140033734059,0.666188804954448,1.2373580051709472,0.07525164777584732,0.05138932129161623,0.9172376540466278,-0.04261287580078332
1172,1.304044881381382,0.11999746737909195,0.059884977758148175,2.2686424363400857,0.6074021842015653,0.4579748508384507,1.2893150990151385,0.03577712042998282,0.24087836315788086,0.9645975549587036,-0.01472978236624356
1173,1.3364830693329741,0.23819554614970084,0.20447297654388868,2.5930760357321185,0.691898265616607,0.6132219019747209,1.2293335393885405,0.09319032750767074,0.2039961190375177,1.2565929663991444,-0.10714952994443361
1174,1.4194068100464698,0.19262887010032648,0.02247846282524192,2.7987834305457557,0.7099165691792548,0.4094618267674427,1.3372861930787834,0.03919642857142858,0.35899328801165,1.3793766204992859,-0.08212061696768647
1175,1.2848501591008568,0.1844298234902837,0.0878745431012205,2.5245990238315974,0.685324386949204,0.457183610922375,1.2072653943627212,0.04808273272625264,0.22927463854497943,1.2397488647307406,-0.07758476473813558
1176,1.3517480181163797,0.17440789463592668,0.13803792817735316,2.602903784552031,0.6921012399472388,0.546590353170098,1.2893708021541275,0.04637362637362642,0.26379469537958067,1.2511557664356512,-0.06237721596225221
1177,1.2816831852101542,0.2006264497788831,0.16064848368030704,2.4255673649429905,0.665531729343364,0.5624318877503345,1.2010721699966762,0.05758713746226749,0.1435166184420052,1.1438841797328363,-0.08061101521347802
1178,1.2984456777383389,0.17519126885510244,0.13162062243311695,2.2705723693750226,0.613193263676328,0.5407115315240263,1.2444892340084897,0.06376837717048195,0.0923297313127092,0.9721266916366837,-0.0539564437298492
1179,1.3024616429100435,0.22114851869119315,0.18108081762142583,2.474795583984527,0.667198258064954,0.5864432004989771,1.2024062107737359,0.06416677004912297,0.0982525786588108,1.1723339410744833,-0.10005543213630763
1180,1.2695203374634587,0.16169603779937106,0.2142831506444431,2.2018839360309777,0.5978674332139239,0.6233740597353523,1.224769287293647,0.06171546234399243,0.05305423898613948,0.9323635985675189,-0.044751050169811624
1181,1.2865255445873627,0.20450383551894152,0.07053038139510168,2.5080889472846377,0.6723076974934674,0.438563968219811,1.1999819664776366,0.06790890269151138,0.2196077359032516,1.221563402697275,-0.08654357810972613
1182,1.31528592321972,0.12466546903825247,0.0394455269663489,2.366406014994383,0.6255313704109635,0.4358762283249381,1.3134985635297354,0.055521737646349385,0.31009072892957323,1.051120091774663,-0.0017873596899846689
1183,1.3195333380279943,0.18190989419188067,0.0927505398386703,2.4191678058102952,0.6416804427193581,0.478068221040578,1.2588929041286891,0.051017189990989135,0.17770361564867937,1.099634467782301,-0.06064043389930518
1184,1.319993233966664,0.1875022263454508,0.05087882491244364,2.5533316465567437,0.6763400996448814,0.42179301898349597,1.262092739869016,0.07208994708994708,0.3158528357326873,1.2333384125900797,-0.05790049409764797
1185,1.4271780411825858,0.10653187629505415,0.052214232834835395,2.598414698253011,0.6649830983163678,0.447354184604581,1.430506514933476,0.10154300482872605,0.3549668608940148,1.1712366570704251,0.003328473750890071
1186,1.295833804376572,0.1579866099100338,0.1247021937905847,2.495748548403042,0.6694564177794755,0.5336485120439496,1.2272195572117277,0.027941882361629075,0.1690833767931732,1.19991474402647,-0.06861424716484432
1187,1.3937128872847273,0.08579651369133492,0.05269180706700444,2.3418021639852773,0.6023375921048513,0.3844510062001241,1.4082808608463286,0.06477997272341776,0.31538055442896357,0.94808927670055,0.014567973561601333
1188,1.3656272465416235,0.09294456206258259,0.026099166453898343,2.3993063495213454,0.6189674052138427,0.4213480603542521,1.3638680162539623,0.06492531893776174,0.2742133094831609,1.0336791029797219,-0.0017592302876612287
1189,1.3800545993220363,0.1363679095661689,0.0898599090652544,2.5652356388497086,0.6714582760982442,0.4934478777236201,1.3373816889064307,0.04241520813522154,0.2722601723036097,1.1851810395276723,-0.042672910415605614
1190,1.3583340965617132,0.2185370326141091,0.1369424006152934,2.7737568266496666,0.7330121574653192,0.5425264425111059,1.246295368621253,0.06299413229277384,0.2097586585013724,1.4154227300879534,-0.11203872794046021
1191,1.3195964988184141,0.2837198875103736,0.21169178275562317,2.907391886935944,0.7730485537152367,0.6075480146633847,1.1225655309277545,0.06498846234529052,0.18567967476397942,1.5877953881175297,-0.19703096789065966
1192,1.314905858736945,0.11269966178041974,0.128614730113141,2.35855560681765,0.6353064510964195,0.5309835998740386,1.2918533403732517,0.0635345231978913,0.09811167649434305,1.0436497480807048,-0.023052518363693375
1193,1.3502942159950562,0.1375207251967095,0.09107830947755907,2.3220109618162605,0.6184972480122699,0.49605007657154304,1.322504218635538,0.0343028773953265,0.17661153118478456,0.9717167458212044,-0.027789997359518148
1194,1.3326208800120618,0.19151139323730398,0.060309291220368676,2.717813502758858,0.7196725327865803,0.45359948189462546,1.2370283483572364,0.03826109493998964,0.27836042007120504,1.3851926227467963,-0.0955925316548254
1195,1.2919030394714575,0.27457007679657763,0.2910842646359213,2.7323609090662893,0.7464268159767222,0.7001751737268306,1.12072493378852,0.08277542657878129,0.10620287857071918,1.4404578695948318,-0.17117810568293756
1196,1.2487090558835896,0.18790248999067757,0.29475371305204223,2.4035077004446492,0.6663176097798751,0.7038446221429515,1.1730174264481326,0.0826290674945383,0.09744933229936333,1.1547986445610596,-0.07569162943545704
1197,1.3306402315225414,0.12365225670500732,0.06416078848411175,2.4449372144101065,0.637398763113076,0.4719056403943771,1.30442769882026,0.04119093657443642,0.22927798530286486,1.114296982887565,-0.0262125327022813
1198,1.3482738289270852,0.14285844046388063,0.13217199473035585,2.498894719542678,0.6563291178042392,0.5412629038212651,1.2992090547930162,0.028091891209761966,0.21137360143207914,1.1506208906155926,-0.04906477413406907
1199,1.3255665488193973,0.1477744485947773,0.051329400728970354,2.4433862952627226,0.6606531222779105,0.4296199032964147,1.2834234605112007,0.030749447276993164,0.30328141486763294,1.1178197464433253,-0.042143088308196575
1200,1.3625336830875394,0.134364539698495,0.08659672121779344,2.3961844292009986,0.6411661290220525,0.4803738063208983,1.3255870751873926,0.04635733119339673,0.20173546492739833,1.0336507461134592,-0.03694660790014681
1201,1.3761360866959143,0.10632588063230454,0.030855317553671553,2.4759860058767056,0.6445465919975659,0.4162886565608923,1.3914107082046923,0.06865725745156048,0.36422511202545305,1.0998499191807913,0.015274621508778008
1202,1.3682800896192062,0.12401600128210424,0.03993004469568922,2.438830512050113,0.626197490893454,0.4348649085785493,1.3536392852246812,0.06215156905635327,0.27864234221900475,1.0705504224309066,-0.014640804394524976
1203,1.2804944568382517,0.18227310898505428,0.1635738256383571,2.4893962723365384,0.6919057664930107,0.5633644484536384,1.1936779910055915,0.04168220578444136,0.14110466179310877,1.2089018154982867,-0.08681646583266023
1204,1.351268271222024,0.16575993623355817,0.043494205402232804,2.5063250826631216,0.6603530557124178,0.43860501742300706,1.3007568315444171,0.03519491990994582,0.271686682363119,1.1550568114410975,-0.05051143967760696
1205,1.3335614306163412,0.15927615698226663,0.06819199261333009,2.424017431630731,0.6409855427869001,0.46392890462108977,1.3020078426348571,0.04353756834451269,0.2811092886104725,1.0904560010143896,-0.03155358798148411
1206,1.3106450749112981,0.18487104474641364,0.06664172003065744,2.466186630246546,0.654529870242061,0.4513543783195391,1.2462713270662005,0.05666831011956117,0.23854787025347166,1.155541555335248,-0.06437374784509764
1207,1.3980561969124463,0.12399067328965825,0.05423026097451462,2.5575344480765265,0.658492995630355,0.4485506135821351,1.384637151715719,0.06561549444409953,0.3037831656935023,1.1594782511640802,-0.01341904519672732
1208,1.3100657592212097,0.1448275328220688,0.07662080381133309,2.5524321971731334,0.6881543070562215,0.48571171290224235,1.2517015215494838,0.03198205294912565,0.2079744349761008,1.2423664379519237,-0.05836423767172594
1209,1.36150522699315,0.08089869399145128,0.05652481549080331,2.302290917014247,0.5868000336059577,0.37285349571041193,1.3779797564035814,0.07673585951850145,0.2892962884445264,0.9407856900210969,0.01647452941043137
1210,1.3849173270117643,0.11861961122833933,0.08635109133462468,2.4975348013543077,0.6525949667932065,0.495442000425534,1.3536815643006124,0.031105208794451833,0.20659840476781832,1.1126174743425434,-0.031235762711151915
1211,1.3082836718179727,0.1563539179503064,0.08231293505671382,2.5095357842196746,0.6699875395215913,0.3509519280862141,1.2696167293954794,0.04560337822536599,0.367655473670934,1.201252112401702,-0.038666942422493245
1212,1.405592832770061,0.10336940336694028,0.04468075903513371,2.6167811777994854,0.6745252574260783,0.39678907072867287,1.3932266749473967,0.0745058885855169,0.3670211872312905,1.2111883450294243,-0.01236615782266437
1213,1.3909383551928074,0.08805300776063263,0.05132782514110513,2.3385961341701194,0.5899346931978336,0.37618088702150954,1.3951491578418316,0.07574494175352542,0.24961899406024265,0.947657778977312,0.004210802649024181
1214,1.3276533786459073,0.11234552702639504,0.09916810394891457,2.356119709166507,0.6269107443659693,0.5082590130398239,1.3109473217065082,0.06962072963247357,0.14365254556343288,1.0284663305205997,-0.016706056939399083
1215,1.300107788014617,0.11157833913168645,0.12629258686801006,2.2349838565398743,0.6019486097583654,0.5301744257547292,1.281348914365211,0.03823738450604118,0.14438581226789107,0.9348760685252573,-0.018758873649405983
1216,1.3571517914361413,0.17575896721454054,0.05959276332254888,2.641904299994538,0.6899996518640368,0.44676183303336137,1.2908936049345605,0.04449549089671599,0.3006187344982029,1.2847525085583966,-0.06625818650158077
1217,1.3436753200308456,0.11141211128942194,0.029554355545140076,2.40737265473729,0.6264103937669356,0.3966044986785202,1.3424893821062032,0.07791868388900865,0.3043427691498844,1.0636973347064442,-0.0011859379246423885
1218,1.3639141990216639,0.185147810806094,0.07107658196214839,2.483571141871385,0.6516547974246827,0.4565512288832915,1.3133591032264254,0.06723907465045711,0.2724289040244147,1.119656942849721,-0.050555095795238536
1219,1.2971436051345389,0.2148108644183202,0.15916880735260086,2.663680057059956,0.7298532743493973,0.5656682682915418,1.178975965884704,0.041513891513891524,0.1530956526670411,1.3665364519254173,-0.11816763924983475
1220,1.3370145504237039,0.18489006604354283,0.10553897420688749,2.5453542145510144,0.6691177953409473,0.48695841296947073,1.2704387442223672,0.04667872876651047,0.2289622089710996,1.2083396641273105,-0.06657580620133663
1221,1.3621909786557878,0.09091636391744601,0.04506430562497471,2.4304074920866303,0.6240166951452468,0.41964817444087404,1.3801728436822662,0.09476606271175247,0.33032070020675014,1.0682165134308426,0.017981865026478472
1222,1.3149195473160171,0.16114798256988289,0.053150348458315705,2.451351704736982,0.661521027690605,0.426314515077172,1.2685678699034502,0.055873059803039735,0.247819670638007,1.1364321574209648,-0.04635167741256696
1223,1.4071637132097425,0.18177336642899755,0.07515670105461564,2.712366264905828,0.6970350463512156,0.4693880385414064,1.3296065031953794,0.03164954739458749,0.25685292508703644,1.3052025516960857,-0.07755721001436311
1224,1.3279255559897487,0.17207327430178238,0.09518650169969632,2.5479654183295,0.6783047638540927,0.48208825591615834,1.2678615367951567,0.040492610837438464,0.2457977180190573,1.2200398623397513,-0.06006401919459203
1225,1.3683803175425355,0.1119616949630265,0.03909538846876013,2.357424628208011,0.6165086250335297,0.4351847230314468,1.3510701126490459,0.03213592866109127,0.236191139357792,0.9890443106654754,-0.017310204893489667
1226,1.4094022601132314,0.23386355250591973,0.14863129927177152,2.867535320631781,0.7353710006986414,0.5577222083626807,1.2711351960405324,0.046632990379972525,0.2533589433291792,1.4581330605185494,-0.13826706407269906
1227,1.3339995807372165,0.21849949730043539,0.19922556814113265,2.6831634478195188,0.7333030625313035,0.608316477232042,1.2090236944753237,0.04811184355625263,0.11887060357771066,1.3491638670823023,-0.12497588626189282
1228,1.2903859611083242,0.19717982118622648,0.10641710169390906,2.5235467543162917,0.679432048946717,0.5108556992773146,1.1992130117562105,0.05151198349648631,0.1790174189812443,1.2331607932079676,-0.09117294935211362
1229,1.3508448776360773,0.23270268469429517,0.06589806103970959,2.7249248807231945,0.7197915397810548,0.4498368012533212,1.2356261513138862,0.041426491508581964,0.3036312965411696,1.3740800030871172,-0.1152187263221911
1230,1.3648553364364784,0.1933641479153643,0.11055652635272367,2.685239833292452,0.7111439853366126,0.5180159421399451,1.2835806566331445,0.06148083567438408,0.23979804910397742,1.3203844968559737,-0.08127467980333392
1231,1.4248986346740413,0.08826968931615564,0.0788606252396655,2.5433204792864297,0.6607115084666426,0.35394717354764493,1.4545497141198287,0.1032075082508251,0.37672227596282204,1.1184218446123884,0.029651079445787376
1232,1.3257743540755538,0.18464048024700452,0.33557448368587584,2.733066083326794,0.7374412582655949,0.7446653927767851,1.2069827820671284,0.034105120838262684,0.15772651831346998,1.4072917292512401,-0.11879157200842538
1233,1.3429347014657702,0.14674290922489536,0.08810582594370162,2.6298335558084505,0.7001326642011397,0.49719673503461087,1.2770696822975176,0.022260571120066314,0.20258250632181657,1.2868988543426803,-0.0658650191682526
1234,1.3458985938374173,0.17614672677067766,0.06661711232126294,2.583442153371129,0.6865470390739663,0.4697022323594975,1.2794778872662373,0.03532307098393091,0.24993123670718037,1.2375435595337116,-0.06642070657117993
1235,1.3641590047564018,0.07631175537210641,0.044976533907276336,2.3724238761162897,0.615634405544571,0.4419402705250398,1.3560692239680523,0.054422653982796124,0.19047506148086657,1.0082648713598878,-0.008089780788349543
1236,1.2292411202707263,0.1934684655108108,0.20324840286708135,2.409939668576774,0.6736586220816017,0.6123393119579907,1.1432598644575067,0.07877418389172955,0.0963860456570953,1.1806985483060477,-0.08598125581321958
1237,1.3024528336615262,0.15841387338984636,0.16933163437050552,2.5406772314525474,0.6839848658187638,0.5784225434614148,1.2284496899953925,0.00916746677154786,0.09315438594347425,1.2382243977910212,-0.0740031436661337
1238,1.4038147230075828,0.20992411212647252,0.10390992456702924,2.798456239714733,0.7170006019113073,0.4971147787541468,1.3123522336574704,0.05884224513858996,0.2886726580443447,1.39464151670715,-0.09146248935011236
1239,1.2862568486880404,0.2177183597980524,0.17188393607719354,2.593024830531887,0.7096224075230482,0.5809748451681028,1.1836935412415936,0.09650062029886108,0.15786099116158117,1.3067679818438467,-0.1025633074464467
1240,1.3054447177850212,0.16202629086836817,0.11696352604391841,2.2776201438272956,0.6019519537760418,0.5172991189581077,1.255878463413838,0.048941710124816254,0.10225998704438025,0.9721754260422744,-0.04956625437118323
1241,1.374681422242236,0.15410171397232786,0.13619036700250997,2.445092160595182,0.6571787775992792,0.5448529582879027,1.3344055644896475,0.06667465387155405,0.20648421337157297,1.0704107383529458,-0.04027585775258857
1242,1.3365912392582944,0.15005478763469007,0.07798069499881774,2.4765744828051774,0.6682823980673798,0.4696105291426272,1.283173537028985,0.028693716829310024,0.22007873533204497,1.139983243546883,-0.053417702229309416
1243,1.3582806131537752,0.17702547153682302,0.21043695174652155,2.6450036314620218,0.6957634012951128,0.6195278608374308,1.2695046510980432,0.02689822698587598,0.17748628770869873,1.2867230183082465,-0.08877596205573202
1244,1.3187452468101424,0.11787708100765962,0.10579971057373894,2.396318730206881,0.6361879482406532,0.5075248348822097,1.2888738742343584,0.028935721812434107,0.18046583069276298,1.0775734833967388,-0.029871372575783983
1245,1.3353355696042835,0.21040207284369875,0.16678421100731394,2.57683511862027,0.6843216524750804,0.5719837448282227,1.2347297805427042,0.04522670312143997,0.17596161595397009,1.2414995490159866,-0.10060578906157924
1246,1.360655461243108,0.14752336594628182,0.07841688749857204,2.4170021616688597,0.6480953662894982,0.47624773179788066,1.338695755853381,0.05623958607384025,0.26318507699363636,1.0563467004257516,-0.021959705389727135
1247,1.2910241273743583,0.20457693599138066,0.10616024312459452,2.5978277912331875,0.702811208019346,0.5017735577179341,1.1984293217915174,0.06736606267444918,0.20150384684467693,1.3068036638588292,-0.09259480558284094
1248,1.3929275242396684,0.08413392816686298,0.04694200263355803,2.303007156416242,0.5823508467901928,0.4252464095801448,1.428479318340781,0.08935342064291604,0.3301456950820998,0.9100796321765738,0.03555179410111253
1249,1.2738033430047424,0.17665665956281185,0.22596040714031346,2.335604192092254,0.6511624250627115,0.6350513162312228,1.1991105408015823,0.03315557421792987,0.04154792446564707,1.0618008490875117,-0.0746928022031601
1250,1.3155101529767381,0.18273359126172528,0.1585397141808088,2.445455630896604,0.6482852001917732,0.5568703809399582,1.2592297475563818,0.048453917280923596,0.216749376181308,1.1299454779198657,-0.05628040542035628
1251,1.39473939531539,0.04802028554773877,0.08163887570506545,2.314461760925492,0.5894119262927138,0.3550030628541104,1.4513772628034107,0.11143235654354723,0.38870238366497845,0.9197223656101021,0.0566378674880208
1252,1.3817067184192187,0.13361475700911474,0.05349915814596673,2.560836894374589,0.6536159292494549,0.38284619802068287,1.3619485697910687,0.06457772626367798,0.35695931687349824,1.1791301759553705,-0.019758148628149952
1253,1.3482143200226224,0.26068567787732366,0.18923891407675847,2.902502169037825,0.7658329216318216,0.5983298231676678,1.1833537568197574,0.09708655945999597,0.20562750959233006,1.5542878490152028,-0.16486056320286502
1254,1.3455799740095042,0.14795533795740679,0.02911870281229311,2.4936996142526255,0.6682928015068121,0.40827798336009397,1.3021231418744104,0.03375661166029441,0.2908469181017864,1.1481196402431213,-0.04345683213509388
1255,1.3839674023305872,0.23983041791771756,0.1850679124961806,2.763535150629553,0.7102664283290292,0.5903248037531192,1.2746797180849896,0.08065792075944365,0.22517860461263445,1.3795677482989657,-0.10928768424559765
1256,1.372994145958819,0.15390313176150516,0.09464130185795999,2.5258920723986145,0.664462209609707,0.5001478947440898,1.3160822096897866,0.021137252800257255,0.2217933590152018,1.1528979264397954,-0.05691193626903246
1257,1.3211000672449842,0.2007818682660939,0.27725612187249465,2.7003044558896496,0.7217820095539418,0.6863470309634039,1.1992669745623261,0.02946704764794633,0.05890656923210877,1.3792043886446654,-0.12183309268265807
1258,1.4382882901688616,0.19750312323665037,0.1230881893074636,2.9276568837428565,0.7471285224661671,0.5321790983983729,1.3144710404353428,0.0201103470334239,0.2808974945957426,1.4893685935739949,-0.12381724973351882
1259,1.3427947686685717,0.16951274575912753,0.058938144834800005,2.5050809199728503,0.6516925147778414,0.448415984909482,1.317990482121136,0.06936428470677795,0.3257674242423325,1.1622861513042786,-0.024804286547435828
1260,1.3397933327171343,0.26987673975344645,0.16014898017010074,2.731527042013617,0.7327239176338777,0.5519377508216594,1.1963766588573783,0.0982608695652174,0.20652442961515965,1.3917337092964825,-0.14341667385975598
1261,1.3184502601194459,0.1326488462838081,0.07876897996821713,2.4046399496821964,0.655106681900926,0.46302226636169025,1.2840361132303235,0.03850431630657702,0.2357149229157276,1.0861896895627505,-0.034414146889122366
1262,1.331746633624114,0.1813419727527119,0.15111674600334862,2.6323396681214537,0.6984144910742096,0.5602076550942579,1.2490054944900595,0.025778880617590257,0.2059682250814478,1.3005930344973398,-0.08274113913405445
1263,1.316351826500879,0.22160287608630713,0.2696643748089027,2.758312126210454,0.7441139683989859,0.6787552838998121,1.185125382867751,0.06145517967618796,0.10310513463638349,1.4419602997095753,-0.13122644363312785
1264,1.3619869145201093,0.1274135053834499,0.05398971653523082,2.426463592206141,0.633841960053577,0.4496436271399643,1.3422563270857664,0.04100602873609012,0.27080941864204733,1.0644766776860317,-0.019730587434342972
1265,1.3983000140645134,0.1415128797948696,0.027982286000768894,2.4340182924894918,0.6308946523984966,0.41151902647978444,1.3878939671560544,0.06612955465587046,0.30584822371415665,1.0357182784249783,-0.010406046908459032
1266,1.336493395362227,0.09785262010947826,0.027825764628074547,2.2635458867017095,0.5912897654816363,0.41057162021522786,1.330843931925672,0.03919100990509465,0.2367761662581774,0.9270524913394824,-0.005649463436555147
1267,1.2627867734172553,0.19911547590029025,0.22436858243215696,2.4373019663625692,0.6753187351262204,0.6334594915230662,1.17238149831586,0.044222162549230185,0.07313337156105282,1.174515192945314,-0.09040527510139529
1268,1.4154061612905373,0.18958875424986113,0.07369760902716058,2.806227474124276,0.7252680677824159,0.46721884610500847,1.3300529118452258,0.03612260128778194,0.31500554858287555,1.3908213128337388,-0.08535324944531153
1269,1.3331372520338851,0.19548124118765883,0.07305138829072245,2.602362478958693,0.692581196920215,0.4790847860718721,1.250338797846933,0.05235313209996752,0.24889463813378265,1.2692252269248079,-0.0827984541869522
1270,1.3153428601226334,0.14315802741759903,0.07675172614842779,2.337906525888215,0.6106456030111067,0.4634947486141481,1.2784301752611293,0.04364192795056189,0.18738378983225112,1.0225636657655817,-0.03691268486150401
1271,1.3131053632484329,0.17576048112557247,0.20705423397743944,2.512051726492153,0.6867396146430342,0.6161451430683487,1.231877235439855,0.02995595171310439,0.08084612302269792,1.1989463632437203,-0.0812281278085778
1272,1.3872253924540705,0.12951428009311897,0.13768488567455328,2.3383074498026257,0.61285714200624,0.5452120646867304,1.416119124942198,0.06888184685098435,0.2947892403350828,0.9510820573485552,0.028893732488127544
1273,1.259153755973959,0.2091283542822039,0.29472307463559544,2.475481521259092,0.6887674841689093,0.7038139837265047,1.1621875759649414,0.06712856695553088,0.07676680868023239,1.2163277652851332,-0.09696618000901758
1274,1.3045255019227893,0.18763746382440938,0.2788550399602378,2.468365230879436,0.6724201206101086,0.687945949051147,1.2154225989211591,0.021507125995030695,0.031588920990692534,1.1638397289566467,-0.08910290300163015
1275,1.3410179240455857,0.16011964701062634,0.056611814528690234,2.380489655289561,0.6284795426131022,0.46311885174784295,1.3096597696097794,0.06052518474357725,0.26327232078992446,1.0394717312439754,-0.03135815443580636
1276,1.3373844919036513,0.195889491705882,0.19192823700382142,2.5947981754122793,0.6909811171791844,0.6010191460947307,1.242720759158742,0.03871308016877638,0.12720367525362242,1.257413683508628,-0.09466373274490936
1277,1.3251429617700834,0.12991259737698047,0.05438395849999826,2.397371079159542,0.639198725704077,0.43777709308317747,1.3011662435411826,0.03608562691131498,0.27877878112436416,1.0722281173894588,-0.023976718228900795
1278,1.3771641714358036,0.1310449388879726,0.053303793675403915,2.45029939372598,0.6385119312293088,0.4424596213937648,1.3542777957793422,0.044201452032892774,0.29671906617710253,1.0731352222901764,-0.022886375656461455
1279,1.3345768263500275,0.16245796874172788,0.16224565919259687,2.3969790253392,0.6481511391390271,0.5615067036244922,1.2891558283367157,0.06438011977696702,0.21694056548462426,1.0624021989891725,-0.045420998013311786
1280,1.2798646719393847,0.1720357087188715,0.25535755371838653,2.4180626254661277,0.6678673010445647,0.6644484628092958,1.2070338298097512,0.046945778997940994,0.08191452413035198,1.138197953526743,-0.07283084212963353
1281,1.3133806729869384,0.2173202904142112,0.16334006699386155,2.497486231620658,0.6834594263417931,0.5716360126343499,1.2186331753221409,0.07192596876807401,0.14313097523400886,1.1841055586337197,-0.09474749766479751
1282,1.3556240205726418,0.1836413931230077,0.1733515522736873,2.543379408081159,0.6765642732409015,0.5824424613645967,1.2803501324644926,0.03876455718318166,0.16450373508120258,1.1877553875085172,-0.07527388810814917
1283,1.3549737151133483,0.10105498615636477,0.0511054086712235,2.276081097799845,0.5793509579289104,0.38297371533025526,1.3556763284840336,0.05683729872626775,0.27166978797975244,0.9211073826864968,0.0007026133706853344
1284,1.3051911828038052,0.12249408859202093,0.11585737134289434,2.312938865444232,0.6230887362630555,0.5249482804338037,1.2782403430699372,0.030129820190424324,0.19881554693892592,1.007747682640427,-0.026950839733868026
1285,1.339523669411708,0.20060157375471996,0.15129409610800987,2.658789839044407,0.7037005070515547,0.557846472412193,1.2491346436909445,0.06243667868530049,0.22273251514491155,1.3192661696326988,-0.09038902572076357
1286,1.3777005227605188,0.14130061954884438,0.03220704378969979,2.563097847025962,0.6675143299276484,0.4008128045880637,1.3397687833216958,0.042631556080432564,0.317719733823407,1.1853973242654434,-0.037931739438823
1287,1.2988348987381304,0.18624157950526932,0.16745920606016573,2.5534095870284137,0.6941667413403603,0.576550115151075,1.2125976093298148,0.06411966298390387,0.12873629251437907,1.2545746882902833,-0.08623728940831565
1288,1.3892320680920975,0.17914701410411338,0.08127107477892942,2.715515806148197,0.7039717497113309,0.474702560957676,1.3100204271985556,0.034741351422885786,0.2638739174060927,1.3262837380560994,-0.07921164089354193
1289,1.3490228491987373,0.09514805608888968,0.07178975512098885,2.2304683950702313,0.5586729929420826,0.4521825969311308,1.3513558762914215,0.06060229545659414,0.19964724311677204,0.881445545871494,0.0023330270926842367
1290,1.3358101187387013,0.1193877074376998,0.10832360120337733,2.45626558674406,0.6518830601343795,0.5110533184171357,1.3097431223343279,0.057853899038286694,0.18341340237574646,1.120455468005359,-0.026066996404373377
1291,1.2979503999873792,0.17955260448871802,0.2139209947854112,2.395816387081383,0.6480751663136018,0.6230119038763204,1.2297351692810081,0.047109603416073224,0.072312333881064,1.0978659870940037,-0.06821523070637103
1292,1.2410125297021377,0.1550369277597686,0.4017106966620734,2.3556166690188047,0.673116215106154,0.8108016057529827,1.1598849164735494,0.03622162244842573,0.1473465025225306,1.114604139316667,-0.0811276132285883
1293,1.3237472495588856,0.168530961032935,0.20380139830150945,2.5769041277345637,0.6822059038304396,0.6128923073924187,1.242392046940017,0.029722741353268016,0.07812844204224136,1.2531568781756781,-0.08135520261886864
1294,1.3866062643723476,0.13679805858607338,0.11801559668694976,2.575999049179563,0.6779187299896293,0.527106505777859,1.3428427704592591,0.059182837959551315,0.20659631127413747,1.1893927848072154,-0.043763493913088425
1295,1.3984962731704078,0.07399012345617616,0.03843810300137301,2.399298440902581,0.6101487431986348,0.39002626060498585,1.4544995982783782,0.11399804320913699,0.3600075334779198,1.0008021677321732,0.05600332510797035
1296,1.3793401258207232,0.0992721087071157,0.09350607881695253,2.3881975628879717,0.6097224117055964,0.4808594817539651,1.3798030539966004,0.07615566694514063,0.23726357660964084,1.0088574370672485,0.0004629281758772308
1297,1.3597346830547714,0.11599846460409,0.03733792801605355,2.29414623373811,0.5949747059508965,0.4232266246474923,1.3570892723655603,0.053229819846720414,0.2704472339914763,0.9344115506833388,-0.002645410689211092
1298,1.3036396583543357,0.21614557031535672,0.23777706225685596,2.6800965986331247,0.7259373782367329,0.6468679713477652,1.1851305586062377,0.052879655502232475,0.05720390338356306,1.376456940278789,-0.11850909974809798
1299,1.3600238192992231,0.1532957841906079,0.09370788927420065,2.4041086635466087,0.6299048721650399,0.4811205277674532,1.32290550868475,0.042626631957554215,0.22842988106070145,1.0440848442473856,-0.037118310614473016
1300,1.3762955016275535,0.1658981341926154,0.10909904184099574,2.7056673870876526,0.704135898799851,0.518189950931905,1.2931883248134244,0.021917217591261858,0.23650544043510408,1.329371885460099,-0.08310717681412916
1301,1.3672507932982572,0.1177881678606664,0.062409119754457315,2.423515783183766,0.6189364866411562,0.35259688846216386,1.368892263874097,0.08592728017778054,0.3155443697465914,1.0562649898855088,0.001641470575839854
1302,1.338589266745192,0.1577001352653497,0.10836510710755136,2.4700354391579964,0.6586072588506446,0.5174560161984607,1.2902941495602454,0.05240362973963304,0.21511857158566708,1.1314461724128044,-0.04829511718494661
1303,1.3020334719264337,0.149201918136959,0.09491379505416254,2.356117719288393,0.628550297109553,0.48132777410925276,1.2650400512065532,0.0373928133932217,0.2268959563788776,1.0540842473619594,-0.03699342071988054
1304,1.3428642870170326,0.18257790154867093,0.11855527710573714,2.5669543968977884,0.6757713603625671,0.513249808124888,1.290933086440842,0.06200370705815449,0.27513159369709606,1.2240901098807557,-0.05193120057619072
1305,1.3132723005336944,0.22818065261037562,0.18035104607615923,2.7547652435920917,0.7325825141161546,0.5726188633562189,1.184078926522169,0.039095835466803217,0.11980751225993654,1.4414929430583974,-0.12919337401152542
1306,1.3282764921410846,0.1352940198257419,0.07339947222518411,2.2304580448850575,0.5763581683378197,0.4700346424325821,1.3083637723343284,0.04552175142736911,0.20119205852976507,0.9021815527439729,-0.01991271980675613
1307,1.286868632211748,0.15694612523282947,0.26540649132549865,2.3818687323202554,0.6532785218311793,0.6744974004164079,1.222614554625936,0.013405025951234092,0.04869544705109175,1.0950001001085075,-0.06425407758581203
1308,1.2751405220524092,0.16173274662606207,0.09496030302346573,2.429272236811417,0.6646243542161917,0.5001995294671255,1.2169380768944928,0.04098437794089972,0.1911560567148773,1.1541317147590076,-0.058202445157916394
1309,1.3289490847782268,0.14666804344557527,0.04071627778138612,2.3633004772269293,0.6187723030349783,0.42949736514798964,1.295251837730062,0.06098484848484846,0.20606100498008242,1.0343513924487024,-0.0336972470481649
1310,1.3351080686000896,0.15153107719929296,0.06204313446988543,2.3926356128364588,0.635476131881155,0.44830307317386586,1.3138949144477468,0.04656593406593402,0.27959941660710896,1.0575275442363692,-0.021213154152342817
1311,1.3854129742905021,0.09070102704046257,0.03261153984797449,2.3772274166407086,0.6189468012525794,0.38757667429868303,1.402729858833685,0.060039893617021285,0.31784648585862957,0.9918144423502064,0.01731688454318281
1312,1.315159912647617,0.12590869189738557,0.05839726748282461,2.3235065196277382,0.61724598201392,0.4548725927187085,1.2855619981306359,0.025590034327501864,0.17837898793778068,1.0083466069801212,-0.029597914516981128
1313,1.3534763371278022,0.09459125587621496,0.04612469725442175,2.2198196774920245,0.5679828191477763,0.4097382563425787,1.365335401194757,0.061916771752837316,0.28319915231465004,0.8663433403642222,0.011859064066954694
1314,1.3963095293752619,0.12304243819089272,0.1682168745231732,2.648969960124955,0.6920413844629383,0.5773077836140825,1.348481151653881,0.07894190580380936,0.19537350868891518,1.252660430749693,-0.04782837772138082
1315,1.3199402378952754,0.19450477506630812,0.10290086611743895,2.622928752197136,0.7014333367460925,0.49253597643389435,1.2383023244987104,0.057596505435716226,0.2696301545415227,1.3029885143018607,-0.08163791339656501
1316,1.3687554665316188,0.10811690444976593,0.07636674678809552,2.4947775923479907,0.6446692252509088,0.47598905863148755,1.3466366922009438,0.045823720147159734,0.2454429659055236,1.1260221258163718,-0.022118774330674995
1317,1.3293037398228744,0.17258097820676638,0.10230833096898204,2.4890347801559467,0.6719447985801579,0.5113992400598912,1.267164050130073,0.041799318115107606,0.23222792133575937,1.1597310403330723,-0.06213968969280148
1318,1.396287933513025,0.1701927447382646,0.04217674416261916,2.729711885538763,0.6982342488894329,0.37860259547013286,1.3463172396899798,0.059614723082215354,0.38118624653028776,1.3334239520257383,-0.04997069382304509
1319,1.3499593061439785,0.13517445539870032,0.13186660585025067,2.512501813994642,0.6591037504293964,0.537315899769095,1.3061683688971455,0.03364525357960761,0.1960939763617205,1.1625425078506633,-0.04379093724683303
1320,1.3489512848800764,0.14260408944043723,0.05954173401094385,2.5570429572194135,0.6750874386162589,0.4580623892056054,1.3062287903313718,0.05334810874704492,0.29681696823356074,1.2080916723393371,-0.04272249454870458
1321,1.329261300691011,0.16292134973384592,0.06607842816236723,2.544381741180554,0.6670718569170286,0.4662108853572608,1.2665123319899338,0.05120067509310049,0.2027891068331042,1.2151204404895428,-0.06274896870107716
1322,1.2859487042046596,0.21810013562569147,0.16355633658658814,2.5546684765209484,0.6869373363021577,0.558622991015648,1.1923875557365053,0.09047840754082025,0.08279031458934875,1.2687197723162889,-0.09356114846815422
1323,1.3498743659940526,0.1445693986038649,0.04748583139672326,2.422170800073271,0.6428821232271894,0.44098997555343844,1.3080743091127365,0.025269714640826068,0.22587250009984983,1.0722964340792185,-0.04180005688131616
1324,1.417370868101556,0.1036373597574016,0.04315295228803697,2.535879483296311,0.6488197211128586,0.4021449814773228,1.4168120980318828,0.078695279574563,0.33505659092620343,1.118508615194755,-0.0005587700696731979
1325,1.4224688389827564,0.07867882297453613,0.061916166973332125,2.4623915583612552,0.6217518839391769,0.3800548896509205,1.4701938082048556,0.09265681315685856,0.4049909053050488,1.0399227193784988,0.04772496922209912
1326,1.3038431989663266,0.18687314016117862,0.12403761125571401,2.356638250595424,0.6504644394025834,0.5258320581619256,1.2424701350321095,0.07816974631455581,0.1572951104783381,1.0527950516290976,-0.061373063934217154
1327,1.3360861732301705,0.14388036228680845,0.16535010618527168,2.491856926560981,0.6610086108310677,0.5718199307234755,1.2893691761689947,0.03175923175923173,0.20713163937409568,1.1557707533308106,-0.046716997061175825
1328,1.3572270003140763,0.09979985669666827,0.04948619875516471,2.1785707837391444,0.5595604102394063,0.43862362097511454,1.414041104874763,0.07909263412109709,0.3341266663143849,0.8213437834250681,0.056814104560686696
1329,1.300135761308434,0.17027736704237284,0.053417067986763316,2.489482066752187,0.6723915361933462,0.4224416404351296,1.2395346364219657,0.06867873259255666,0.27023975820614643,1.1893463054437532,-0.06060112488646818
1330,1.3899088668610267,0.23698736082670016,0.16447027197400627,2.92104126108419,0.7604324520656951,0.5599086260867822,1.2444401696836422,0.07008262785640326,0.21819356781260407,1.5311323942231634,-0.14546869717738442
1331,1.3835204294699204,0.0905391293751828,0.09490773347241889,2.397791908537746,0.6247089328797479,0.5039986425633282,1.3742008633545169,0.042936503816001226,0.2455142712561721,1.0142714790678258,-0.009319566115403521
1332,1.2657528367760646,0.19604620733620876,0.21421650197908365,2.49023140559004,0.6901347663032666,0.623307411069993,1.1726223640613351,0.05771493721464167,0.09083107752932705,1.2244785688139752,-0.09313047271472952
1333,1.3012595753209455,0.18477479470879082,0.0647344524775765,2.458098464503136,0.6641043254345581,0.4435306093939436,1.232683884351213,0.049876765083440314,0.26765106843351805,1.1568388891821906,-0.0685756909697326
1334,1.3603188915387343,0.13247594493303916,0.04670890036166123,2.544896182234244,0.6669260159886214,0.4324664460509246,1.3606990015258957,0.05509528887430616,0.3852949253260747,1.1845772906955099,0.0003801099871614255
1335,1.3401409693135298,0.20837083975952708,0.18106236950588994,2.6160003664619893,0.7016641022711061,0.5901532785967991,1.2470595157787723,0.047959163533370805,0.14517660100866242,1.2758593971484595,-0.0930814535347575
1336,1.3484152990450056,0.1900954906119423,0.09343304598518792,2.565712075915302,0.6788578138155553,0.4955018766364322,1.2873902513224562,0.05364055726836502,0.27791573776309986,1.2172967768702965,-0.06102504772254935
1337,1.3512594959564128,0.12237093592458831,0.051318058835699905,2.3726540751751917,0.6190365919456443,0.44567783690703644,1.3320770299223341,0.046678459119496876,0.23399276046701983,1.0213945792187789,-0.019182466034078693
1338,1.3603466490577958,0.11509716214702034,0.06435638567251575,2.4492556452793335,0.6383184873312381,0.46787663910719446,1.3549657121329854,0.07561576354679805,0.28931871326470976,1.0889089962215377,-0.005380936924810342
1339,1.3244815029653039,0.13412205274332142,0.07279457150184435,2.426222980976957,0.6483330068502913,0.46598054775862313,1.2988846475162468,0.039757653476065025,0.26629905330157344,1.1017414780116532,-0.0255968554490571
1340,1.3812927247250455,0.2427349193934025,0.21183431588331836,2.820651558440016,0.7401658360741333,0.6193936116940195,1.249934191066135,0.06624975571623995,0.1688265621057678,1.4393588337149703,-0.13135853365891048
1341,1.3170607874460094,0.14219542473902902,0.16442822628906795,2.51326710735856,0.6694853948201736,0.5735191353799771,1.2589044865925474,0.031650688058436016,0.13487209298895558,1.1962063199125508,-0.05815630085346202
1342,1.2532738906377603,0.17538028176620993,0.11720012448729313,2.3233130496151118,0.6290659074144691,0.5209036118864236,1.1865211609079602,0.056964073794368346,0.08312268914601376,1.0700391589773515,-0.06675272972980006
1343,1.2901772212293388,0.2087008795119693,0.05563762615979765,2.589047467650407,0.6962839326434551,0.4074876867081782,1.1994754393470861,0.0733909404425156,0.2937022729663027,1.2988702464210684,-0.09070178188225264
1344,1.3723823050462594,0.1400509400603172,0.12815113675726802,2.479417589945549,0.6578471875764965,0.5372420458481773,1.3321294052495816,0.035003065308287326,0.21746336486236328,1.1070352848992897,-0.04025289979667779
1345,1.3876787772838914,0.17645882109799985,0.10952000231968353,2.7112572093874534,0.7105210787827447,0.5163648377813864,1.311790765095663,0.050552002063891696,0.2591442507147257,1.323578432103562,-0.07588801218822838
1346,1.269654013767551,0.1508398580029297,0.12388093623025354,2.24792853924034,0.6003902234114953,0.5327354980468768,1.2358501801367923,0.06858309963586409,0.14551969918178093,0.9782745254727889,-0.03380383363075867
1347,1.3875351143573114,0.09478686605372308,0.08072728396050122,2.299670075725556,0.5862895874809637,0.4682611857318916,1.3975510924668968,0.08504635641839138,0.23933785820189787,0.9121349613682446,0.010015978109585433
1348,1.341508842196165,0.11664001955733584,0.11852885348403734,2.485722204556876,0.6647598461872583,0.5276197625749466,1.3038040713126544,0.03762751474853807,0.20711613040489774,1.144213362360711,-0.03770477088351054
1349,1.4019995660061415,0.15284730943149388,0.06791048484068855,2.6754907918541666,0.6992521352150076,0.4620345927765289,1.3666333308596492,0.06396435505070605,0.3273850083186576,1.273491225848025,-0.035366235146492286
1350,1.3613269070646372,0.1264238080401628,0.05791057844734986,2.419659853416067,0.6368118547617039,0.45456266637876075,1.3508620877521054,0.06404873477038425,0.27184467657042943,1.0583329463514297,-0.010464819312531848
1351,1.2956111216244617,0.2263384711304156,0.32833225786128306,2.5593221774479336,0.7036181139497333,0.7374231669521925,1.174489692899646,0.061197861769476704,0.04960851186016177,1.2637110558234719,-0.12112142872481568
1352,1.3028576671997885,0.23238729826337468,0.3349046976990208,2.675515220759236,0.7256347735403637,0.74399560678993,1.164044403257804,0.056173266209499584,0.02913530704533754,1.3726575535594476,-0.13881326394198457
1353,1.286431524048648,0.2133175335535737,0.1522904557385828,2.65849974834957,0.7308814640055133,0.5610574348706576,1.1743505108099574,0.06714025026068823,0.13023229779674922,1.372068224300922,-0.11208101323869046
1354,1.3634244806298486,0.14232614927195666,0.08044715714080546,2.599428264347817,0.6954900118938196,0.4895380662317147,1.2977190814229056,0.03994793022650353,0.21607430862056293,1.2360037837179685,-0.06570539920694296
1355,1.314065791524597,0.1632843190929376,0.12682491857032607,2.3196500851078112,0.6208605765869095,0.5328909024050277,1.266332583447622,0.047238963026737496,0.17139425438583675,1.0055842935832142,-0.04773320807697501
1356,1.3434385881847442,0.18968674464898105,0.06470997199268323,2.500775226780382,0.655608467490007,0.4403587942142859,1.2944100863559596,0.09954972547037605,0.28321829944650023,1.1573366385956378,-0.0490285018287846
1357,1.3492793369293095,0.15098394290720035,0.13803957189556504,2.6237816728675405,0.6932311363929613,0.5471304809864743,1.276778338333669,0.01453952552776738,0.1731246222734905,1.274502335938231,-0.07250099859564041
1358,1.3538497335572055,0.10225020074653458,0.06153059136334145,2.3757290651151184,0.619741151757903,0.452069366791103,1.3451438728503737,0.06853170955882351,0.21783555800326682,1.0218793315579129,-0.00870586070683177
1359,1.2960501306983772,0.16007791936067847,0.1587120379155666,2.3264536285140456,0.6283491505713048,0.5634675535571217,1.2512027849213123,0.059859154929577496,0.09053003394377905,1.0304034978156684,-0.04484734577706484
1360,1.3712995387270228,0.13854046268345602,0.10182343915268074,2.4325439185875455,0.6315633113584656,0.4978612813825639,1.3345792590968928,0.041736352615324726,0.1780674886972086,1.0612443798605227,-0.036720279630130026
1361,1.490636172943185,0.1917541377191676,0.0270218421008249,2.9548120358951646,0.7352472576731576,0.39630944066027096,1.396426220548717,0.05939063761097661,0.4108212716341117,1.4641758629519797,-0.09420995239446794
1362,1.313834876469663,0.21757490689425324,0.16249523651033687,2.678501728246915,0.7162028003184946,0.5715861456012461,1.1954700995457097,0.04826746349937455,0.17028694602599814,1.364666851777252,-0.11836477692395331
1363,1.2937193228954589,0.20411849495613238,0.27378544589470494,2.6008199509482495,0.7202768033935714,0.6828763549856143,1.179194565077561,0.05733785095865247,0.05153390221374693,1.3071006280527906,-0.11452475781789784
1364,1.2764808729647337,0.18669647948406431,0.08162198087798243,2.3925373886161574,0.666720316880397,0.4282438435077485,1.2079105520621505,0.048782535684298925,0.2451485576655015,1.1160565156514237,-0.06857032090258319
1365,1.335015351880718,0.15969726768936168,0.06611272813221655,2.5583440729941183,0.6798592533609535,0.4752036372231258,1.2734950333498598,0.027406221922731355,0.21701470259294603,1.2233287211134003,-0.061520318530858153
1366,1.2921851336476768,0.22722121372325063,0.24157197888256493,2.5785025949048714,0.7101419579233781,0.6506628879734743,1.1771635349295935,0.07834302167259102,0.11864113693127101,1.2863174612571946,-0.11502159871808337
1367,1.3484478006494443,0.11188771279714305,0.05740316539790417,2.341683946843911,0.6108102760860078,0.4496986185794508,1.3315546734116248,0.05869723771662197,0.20129483735067646,0.9932361461944668,-0.01689312723781944
1368,1.3951441712810777,0.20226962518444547,0.07709710212129219,2.682411998106777,0.6922952941021218,0.4671585086867686,1.3135384580295595,0.04550091253117193,0.30435906816208363,1.2872678268256992,-0.08160571325151822
1369,1.3518643887882194,0.10773230692907967,0.05441955967473089,2.3488466715463647,0.6124014056277627,0.4454116304035326,1.333958197859378,0.045196954792352764,0.17920045138707136,0.9969822827581454,-0.01790619092884138
1370,1.3585746851581968,0.17893903544717,0.08806027394076049,2.5338076251252555,0.6740353773495074,0.49343541520443557,1.3004102053809055,0.04260132163558039,0.25710195711996253,1.1752329399670587,-0.058164479777291334
1371,1.3470384247857985,0.15450503965218762,0.10590275745061384,2.5658979033078424,0.6800815749626273,0.5149936665415231,1.2841808623555158,0.03898588418564182,0.23948440357875483,1.218859478522044,-0.06285756243028273
1372,1.446014717968401,0.1855559782316756,0.09461410501185341,2.7753525998680475,0.7143090448383371,0.4874457479084474,1.3899943308161067,0.06915794491095696,0.34057820154131124,1.3293378818996464,-0.056020387152294404
1373,1.3625067032474396,0.12277196435150903,0.06658527599706426,2.582967899556767,0.6842126318017892,0.47485307634403096,1.3204797875631198,0.04881643742570896,0.2651365331162402,1.2204611963093273,-0.04202691568431982
1374,1.307633565081999,0.15461400793525518,0.225514024540324,2.491194697454646,0.682766109428361,0.6346049336312332,1.239696997463772,0.036352044005500704,0.043680033982497216,1.1835611323726472,-0.06793656761822708
1375,1.349117819682248,0.11880213749685532,0.04300006842351622,2.382828822291203,0.6191912333739233,0.37099529903471096,1.3404273533039002,0.057890735310090174,0.2898753785354887,1.033711002608955,-0.008690466378347805
1376,1.3049782992289138,0.167347693184339,0.1403917282082608,2.4637078737992217,0.658316754865645,0.5423761700946608,1.241409829772828,0.0388801926550271,0.10110940780697447,1.158729574570308,-0.06356846945608585
1377,1.3441524412903227,0.15367843034413503,0.1078755209919263,2.4648177321309053,0.6666744258913777,0.5090137773145513,1.2922740770819716,0.03321090141742314,0.258748021620652,1.1206652908405825,-0.051878364208351124
1378,1.465138443230797,0.1261145918746298,0.05069065168348335,2.6483739630347456,0.6673199595531862,0.42039252700985796,1.464646489877314,0.07622836160167862,0.39700057988501497,1.1832355198039486,-0.0004919533534830656
1379,1.2884517815182754,0.2068581480261913,0.20541251879362565,2.465991022458091,0.6797699934253856,0.6145034278845349,1.1868735383197384,0.040650447371066704,0.09292846888383095,1.1775392409398158,-0.10157824319853703
1380,1.3931749671974791,0.13202648977901155,0.05746921414794276,2.555567763506406,0.6473227553442271,0.35328166383509735,1.3851933680517594,0.06730285051842863,0.3600000543809638,1.162392796308927,-0.00798159914571972
1381,1.2719358376196122,0.20717086096051265,0.3208824414867031,2.5086100591506533,0.6925617651006313,0.7299733505776124,1.1708326997720881,0.07180884510584783,0.1162378321826294,1.2366742215310411,-0.101103137847524
1382,1.22333543757463,0.17359518470502303,0.1875085705617539,2.34235747479209,0.6469568335350775,0.5965994796526632,1.1607852159715568,0.08025257513757583,0.07292887185699487,1.11902203721746,-0.06255022160307311
1383,1.3329125247962383,0.19400932086350597,0.13084083391326057,2.54476101683352,0.6792587119054645,0.5148845588341662,1.268456315555261,0.07634377729127037,0.25217821405373164,1.2118484920372818,-0.06445620924097728
1384,1.291670817029213,0.16895203120313182,0.09011766371197905,2.4022803374349335,0.6458843359215083,0.4788039768887056,1.2492603657347399,0.08159849336523406,0.2269038103374532,1.1106095204057205,-0.042410451294473184
1385,1.2693136641203502,0.16137021204058377,0.17529980756422714,2.394559973950872,0.6615892885257213,0.5843907166551363,1.2030929228448384,0.055167799603917954,0.07613412098482984,1.1252463098305219,-0.06622074127551181
1386,1.3728655658859372,0.10818763840073803,0.06224864352270117,2.426504359893326,0.6293431684676315,0.4679918138267687,1.3529517257588202,0.05620032692632884,0.22376782363419623,1.0536387940073886,-0.019913840127117055
1387,1.2875224229259077,0.2037711801054651,0.19904352209156784,2.582273519315461,0.7098187275975959,0.6081344311824772,1.1777430986249735,0.04737366193676874,0.11209344189912679,1.2947510963895534,-0.10977932430093418
1388,1.374840509950848,0.09252454807547887,0.06538690437017303,2.319807535468587,0.602597163919725,0.45189803217802943,1.3756028395217184,0.058789189931664446,0.24893794549758344,0.9449670255177391,0.0007623295708703015
1389,1.3323733103088522,0.08568755785379192,0.04080280538380335,2.2956459009800594,0.6037860600832574,0.4322253618260703,1.3301699279397114,0.05826834692999448,0.23337039019534278,0.9632725906712072,-0.0022033823691407495
1390,1.3400950848311786,0.14132392771084487,0.06884197633380106,2.2886347892079963,0.5983097581525579,0.4601333180532676,1.3011680161219785,0.02132233529226202,0.14699256226427315,0.9485397043768178,-0.03892706870920004
1391,1.372993405641386,0.18508692387070408,0.150362306270593,2.6522844512774344,0.6915963854806564,0.5594532153615024,1.287771134128885,0.03230529074987255,0.2059966616550808,1.2792910456360485,-0.08522227151250084
1392,1.2474563550390787,0.16139811216097066,0.17829839790964147,2.350405310757572,0.6517894742001824,0.5804778675034381,1.1876702171852758,0.050345414752194395,0.139961690733247,1.1029489557184933,-0.059786137853802934
1393,1.405278956181979,0.15611647174091137,0.03297815433741017,2.5395490259798397,0.6516820077654306,0.3887503597957388,1.4091652003072581,0.07915050030630999,0.38725551212048537,1.1342700697978607,0.003886244125279159
1394,1.3205188469366316,0.22241146612615925,0.20597423126416148,2.6953744938942714,0.7200982276108766,0.6150651403550706,1.2009315939543053,0.06296977366960091,0.15317185194748878,1.3748556469576398,-0.11958725298232631
1395,1.3935103704710028,0.13750784854402465,0.0209788482172553,2.543627461165283,0.6622370254432,0.4008667007714431,1.3716066444738306,0.052489804790196055,0.34041155407113166,1.1501170906942804,-0.021903725997172163
1396,1.2999289240050405,0.17038874810546673,0.16778079439445087,2.6083236258613054,0.7073558149813839,0.5768717034853601,1.2165286737573755,0.025505747126436763,0.1264594605550185,1.308394701856265,-0.08340025024766495
1397,1.327169551158271,0.13234842397937943,0.057809088204156985,2.4209605899957136,0.6372949206956906,0.3771941289640972,1.3132534917718026,0.06050205718452164,0.3283800175308036,1.0937910388374426,-0.013916059386468449
1398,1.3391935626786104,0.10198931256492583,0.04804012526338797,2.3028734179220254,0.5964174339995156,0.38402085693456667,1.3412122673041968,0.06730920698088962,0.2931887503906485,0.9636798552434149,0.0020187046255863983
1399,1.375445499076615,0.10650641570078395,0.027302574876665167,2.287397020925042,0.5817432482862231,0.4104013509291883,1.3652942789711666,0.04753028692879915,0.21973702844762058,0.9119515218484271,-0.010151220105448333
1400,1.345201452877234,0.15212715535947488,0.07137810810961452,2.6030613601619206,0.6899666878919861,0.4733492554960808,1.2855246699098075,0.029880966989814704,0.2332170480659964,1.2578599072846866,-0.05967678296742651
1401,1.2961733491184262,0.16113763241706697,0.17733820387286484,2.4468825014460744,0.6583728448263171,0.5760652530330275,1.2358714604986774,0.041789991740088114,0.14474446630977983,1.1507091523276483,-0.060301888619748834
1402,1.391628061777388,0.16355196304649877,0.048356729593331704,2.554421342780609,0.6584409522940535,0.43639184685544996,1.3472890000407487,0.044991395340779144,0.3084746605696054,1.1627932810032209,-0.04433906173663926
1403,1.3128676541010318,0.15651947010349332,0.1936983731077281,2.431671874127451,0.6491746979864904,0.6027892821986374,1.2508564840942835,0.04503190832361212,0.09059283495657977,1.1188042200264192,-0.06201117000674827
1404,1.3195340220631024,0.16476203488567287,0.19200749857922503,2.552296069483022,0.684389293247332,0.6010984076701342,1.2447575604484538,0.025123179381666545,0.12754762143883344,1.2327620474199197,-0.07477646161464868
1405,1.36733668680108,0.11891141600076108,0.029203870842191393,2.3579904264298426,0.6210030648151504,0.4169768589407183,1.3631489107810046,0.06628294961628295,0.27979656310819034,0.9906537396287627,-0.004187776020075251
1406,1.2755013484722384,0.23343015763966907,0.29521750423752785,2.4460300043653262,0.6797972914837329,0.7043084133284372,1.17071410265804,0.08709974064415088,0.07982700562512332,1.1705286558930879,-0.1047872458141983
1407,1.3586171771943625,0.11107171024424867,0.07406180285018646,2.48147182812796,0.6430271033277658,0.47179743158302834,1.3298516287467184,0.03786062696391869,0.19375099746136148,1.1228546509335975,-0.028765548447644118
1408,1.2993426298802102,0.16520197479343177,0.11639123729948446,2.2829938260620857,0.6135789213557248,0.5133304640047542,1.2548713797519282,0.05456016025246125,0.15599875527518842,0.9836511961818755,-0.044471250128282014
1409,1.3264396140266381,0.16713886400506478,0.11487223959677025,2.3187485538051433,0.6238430144388483,0.5201454305902724,1.278827385044079,0.05205431077566732,0.17152261611834507,0.9923089397785052,-0.047612228982559124
1410,1.28892416706477,0.1580489420530733,0.2274830755497424,2.465112050558537,0.670199123595117,0.6365739846406516,1.2262853361045665,0.02044755508128804,0.10715691777739458,1.176187883493767,-0.0626388309602035
1411,1.2781166992207318,0.17172547107524472,0.3150403153699911,2.3835608335117597,0.6625254001381389,0.7241312244609004,1.201138905695253,0.04113407588301863,0.12782952751316143,1.105444134291028,-0.07697779352547873
1412,1.3699527570795755,0.07179193383831342,0.044780597865299025,2.2216235860954097,0.5649062973820433,0.436029912320555,1.3888666187188092,0.06688912096589315,0.25468962619417734,0.8516708290158341,0.018913861639233698
1413,1.3067319889275428,0.16502994457422426,0.08231109588126381,2.2749225086805707,0.6180952098721473,0.45257284621812777,1.265815983749913,0.044997799618600516,0.19485757664503578,0.9681905197530278,-0.04091600517762983
1414,1.3355304391885603,0.2084125300075736,0.1757380995805214,2.756153787265935,0.7278321732224411,0.5848290086714307,1.2114784009043151,0.05122259848010988,0.1445099252419887,1.4206233480773747,-0.12405203828424516
1415,1.3825755638455375,0.08207144855323617,0.06266127116995143,2.2859079707903978,0.5792837588866835,0.3553843665299721,1.39820786015864,0.07175847910189165,0.3010075588989878,0.9033324069448603,0.01563229631310259
1416,1.311535070686701,0.1746535381461417,0.1599687810680051,2.525582783150794,0.681183583129461,0.5690596901589143,1.2307445086213766,0.025052113955850146,0.09148174923265909,1.214047712464093,-0.08079056206532442
1417,1.3654859291381558,0.13564385323789976,0.0808337963183105,2.5897966749336008,0.6782222163030347,0.47298439738618336,1.3209125817559118,0.045510698522356605,0.2849076140745232,1.224310745795445,-0.044573347382244055
1418,1.3524951814188917,0.17295428770219118,0.13877188012801206,2.6446078572698015,0.6997710980070844,0.5478627892189214,1.2755865826936694,0.05998928858983209,0.19263955765837382,1.2921126758509098,-0.07690859872522227
1419,1.3292558118259867,0.1796226856031169,0.08772010724443162,2.532855094897978,0.675670689597971,0.490604282468181,1.264029541511936,0.05725926734330098,0.22813739429110397,1.2035992830719913,-0.0652262703140507
1420,1.2847186463521314,0.21443810275263608,0.16926557223991545,2.6011850202097704,0.7150076795637663,0.5783564813308247,1.172009309028136,0.06384994316028798,0.16220920813130418,1.316466373857639,-0.11270933732399535
1421,1.3726937185398813,0.11551761922616642,0.06527850313258673,2.5226250900390808,0.6612121189807916,0.4682075428327749,1.3410583325576946,0.05764705882352945,0.23678074119811382,1.1499313714991994,-0.03163538598218674
1422,1.3022228997412277,0.16870729518188657,0.06959717043505431,2.511779974772659,0.6697449440742163,0.4595289131629341,1.235236441676553,0.03334714780497913,0.21483039515835417,1.209557075031431,-0.06698645806467463
1423,1.3625334273219685,0.1418761231648159,0.07481764369764392,2.431656593844422,0.6349106055182246,0.46000130955363533,1.3442165611703016,0.0454716092526739,0.2827469479125289,1.0691231665224534,-0.018316866151666833
1424,1.3764425263888858,0.13030112846024097,0.03647857578592417,2.4952418606218263,0.6403559468299039,0.411580827039481,1.3654974581844428,0.05570283234399565,0.33137164165984034,1.1187993342329405,-0.010945068204442965
1425,1.395327826522065,0.07441616975202786,0.06601307207297591,2.34891099218781,0.5960288648810166,0.371086927500062,1.4130006924361835,0.07146128524402465,0.3137537752512991,0.9535831656657452,0.01767286591411854
1426,1.265316275565505,0.18477031810349584,0.18231012191582593,2.3813792822326008,0.6491652285875495,0.5914010310067352,1.1880461978892654,0.03786603379439066,0.06666739496668195,1.1160630066670958,-0.07727007767623961
1427,1.3119551034326284,0.21998102094376548,0.15940465349998034,2.6767543810114764,0.7152169416912595,0.5684955625908896,1.1963357574411286,0.06916196864816006,0.19500006979130036,1.364799277578848,-0.11561934599149981
1428,1.3216269878034994,0.22790633869187243,0.12190669366217213,2.69085861367052,0.7252412089794043,0.517307985827854,1.1901531694174583,0.02382685150670665,0.21043706274327795,1.3692316258670207,-0.1314738183860411
1429,1.3755759430709136,0.10718674084353286,0.06726485106453273,2.4809577603323674,0.640187162213247,0.3651166563537438,1.3813714750268304,0.06869632649613994,0.3608929035987356,1.1053818172614538,0.005795531955916866
1430,1.2992630516411905,0.19486504617962563,0.15362569929880937,2.5206932703295233,0.6806340053760156,0.5627166083897187,1.2257390344027317,0.04690215369581752,0.2180771447537213,1.2214302186883328,-0.0735240172384588
1431,1.3017982110728359,0.19936101751701615,0.26058703336008293,2.461323680181115,0.6781620404820721,0.6696779424509922,1.2138962664558222,0.05405854956753163,0.06316348777946651,1.1595254691082792,-0.08790194461701373
1432,1.3269592331129652,0.18423686942958925,0.15643971931436446,2.4778089200232887,0.6683326576930905,0.5655306284052737,1.2518428905421373,0.02403550699897574,0.17081431930561475,1.1508496869103235,-0.07511634257082789
1433,1.3420441658729327,0.11298665023682375,0.08173945647484061,2.391887570755208,0.6315072577861458,0.4908303655657499,1.3133790276846455,0.03312131657956187,0.1718570496573196,1.0498434048822753,-0.028665138188287198
1434,1.298476304883737,0.14377249883363608,0.1963409438930247,2.4109942601637004,0.660364175292526,0.605431852983934,1.245517579253249,0.03124727389041281,0.038669567018612835,1.1125179552799633,-0.0529587256304882
1435,1.3950726334912036,0.1190536321437614,0.05213589134696717,2.5119671886204618,0.6496620835648763,0.36007645846875436,1.429924209733582,0.07687152664269366,0.4372312260903506,1.1168945551292582,0.034851576242378446
1436,1.342998781663621,0.13302442880927798,0.05792362415321232,2.3698677729047217,0.6232995698248693,0.4482428570900804,1.3179661825548004,0.04185650492296267,0.2349892117844567,1.0268689912411006,-0.02503259910882072
1437,1.3948807019905005,0.1857470577955188,0.03657476784649511,2.709407390122392,0.6877637352265703,0.4237952386914971,1.3303040053731499,0.060630682519438865,0.35406806449350914,1.3145266881318913,-0.06457669661735066
1438,1.358361747097488,0.16371849769257485,0.04998524955524595,2.5808504428629897,0.6899847733269279,0.44684756618941973,1.3143376489796865,0.04400998409224739,0.3433672281507153,1.2224886957655017,-0.0440240981178015
1439,1.3090572480522624,0.10683593521948186,0.06644069686994448,2.232190823754051,0.5885785845207436,0.4513807349062309,1.2894058981779355,0.030560087003806413,0.14813602644611124,0.9231335757017884,-0.01965134987432693
1440,1.2803321123188582,0.13067388456702214,0.349925066412765,2.475049386483304,0.6793771711510401,0.7590159755036743,1.2078087583875725,0.016617892976588618,0.1058336442430837,1.1947172741644456,-0.07252335393128573
1441,1.3290946547891935,0.1909670876980754,0.11269400267484489,2.5230067721798157,0.6696244150040597,0.4965003620863759,1.2606076477590595,0.06118119498641142,0.22748445198244566,1.1939121173906222,-0.068487007030134
1442,1.3519835968052096,0.13790675909763567,0.08457264048092245,2.543299310718158,0.6665251479758738,0.47321483346656695,1.3154952167363754,0.048735611881421295,0.24344524019811925,1.1913157139129484,-0.03648838006883426
1443,1.4463555186613322,0.14986045491179706,0.044238727215833176,2.7491412458237714,0.6875108812292633,0.3874347080749478,1.4184544376369344,0.07036024305555552,0.41380888188223885,1.3027857271624392,-0.02790108102439781
1444,1.412038737329741,0.06518733467021609,0.048306973826551164,2.2664627418734336,0.5790432338750988,0.38030925677084987,1.457387123120241,0.15497397021122666,0.26640808920466696,0.8544240045436926,0.045348385790500156
1445,1.2964597829075055,0.2359075087701923,0.19174842042697712,2.7366073878688093,0.7337623592981503,0.6008393295178864,1.1603276081279734,0.07011790913889339,0.1273638498885014,1.4401476049613038,-0.1361321747795321
1446,1.3380748118768333,0.16232370632144855,0.14627661537932757,2.4270602298705795,0.6431087532422692,0.555367524470237,1.290312985830222,0.04600412226802516,0.1945252855239083,1.0889854179937462,-0.04776182604661128
1447,1.3146908358008431,0.18227271444936233,0.08182695991601707,2.486094303995946,0.6624546406194498,0.47648023174954324,1.2416870589452458,0.05055704047117823,0.1891803914996966,1.171403468195103,-0.07300377685559734
1448,1.31183022728343,0.20730337208361357,0.2867646579800477,2.5830895316633393,0.6887569066910066,0.695855567070957,1.2088872964576858,0.06102817375687508,0.07802879762889857,1.2712593043799094,-0.10294293082574413
1449,1.3049993732242333,0.19061301962397342,0.181909240480789,2.423785198928448,0.6672493492285441,0.5780592686116026,1.2286865355246912,0.04845823973861546,0.10928221842664126,1.1187858257042147,-0.07631283769954211
1450,1.270264864890775,0.1305414013596976,0.14676535722342515,2.3537040420885518,0.6340264353035903,0.5558562663143345,1.2337596144817744,0.06625572941362415,0.11651924444896705,1.0834391771977767,-0.036505250409000656
1451,1.2418336484532075,0.1801458265126,0.2759987920967749,2.312517150326146,0.6436374379876106,0.6850897011876842,1.167427605832579,0.04580166748496524,0.06247816016587521,1.0706835018729384,-0.07440604262062855
1452,1.3509843228127216,0.17550185609592672,0.16957812329208796,2.50591681232628,0.6579085029235902,0.5783251074185098,1.2960105404121425,0.05771584917991211,0.17290162109332619,1.1549324895135584,-0.05497378240057915
1453,1.2804089222061867,0.19690859550190692,0.30020973864218836,2.6276614075130085,0.7100330550067095,0.7093006477330976,1.158440801579645,0.02553329023917259,0.06493979492787103,1.3472524853068217,-0.12196812062654172
1454,1.2910399108980906,0.16063221439836553,0.1177124218983576,2.4931917677736193,0.6673204874963218,0.5205322264399526,1.2233851127095057,0.02077093752974862,0.1279858773525428,1.2021518568755287,-0.06765479818858489
1455,1.2810369294741937,0.2626015512614162,0.3040557419935885,2.611293701044723,0.7172682164370363,0.7039431850140658,1.1465165470867877,0.09966632239612293,0.12028869592440924,1.3302567715705294,-0.13452038238740593
1456,1.3283038257466855,0.15860107667288476,0.11625030575838263,2.475098071759826,0.6543557529810773,0.525341214849292,1.2757339545826016,0.043023251240053045,0.16339670891280006,1.1467942460131406,-0.05256987116408385
1457,1.4014364202304432,0.1578104931726626,0.06649085385827577,2.6996620761499686,0.689358484687722,0.44420644974792844,1.3458159833985546,0.043001393362590457,0.32928246924393084,1.2982256559195253,-0.055620436831888664
1458,1.232532054247976,0.1328254321542611,0.19327356955370317,2.3045677777222706,0.650431859207921,0.6023644786446125,1.1763331105933212,0.017941264162194416,0.08869485694496919,1.0720357234742945,-0.05619894365465483
1459,1.3872962569366591,0.15487691730307784,0.030349133012584475,2.6854257593512614,0.6912188579159109,0.3987913742293941,1.3409576482889225,0.048403161547358915,0.341004687624145,1.2981295024146022,-0.046338608647736645
1460,1.3566005977517301,0.13510858735325168,0.0444609685780401,2.3373085504161546,0.6075487963460262,0.4285165863931507,1.3416028776441538,0.04657168557583497,0.26917069666942717,0.9807079526644245,-0.014997720107576384
1461,1.3700766116856677,0.14910821129343774,0.0626932369791508,2.558346325729738,0.6706109237194615,0.45577670507253365,1.3328218275195276,0.05230684358758461,0.3115422712950302,1.1882697140440703,-0.03725478416614014
1462,1.350402002031179,0.1281076812753404,0.10361436123799217,2.4316301780146214,0.6373520479506799,0.49861683003016743,1.3186283263356477,0.0443458081253357,0.20647234482632132,1.0812281759834423,-0.031773675695531356
1463,1.295968360737763,0.18423432521332506,0.19670954200608498,2.3868900337014383,0.653572160461505,0.6058004510969943,1.2406812102478495,0.043863678900175236,0.20232627364421235,1.0909216729636753,-0.055287150489913506
1464,1.29686277287166,0.17468079743374818,0.07063655068906245,2.4203960309961023,0.6582828662152556,0.45255239078238974,1.2311976822364352,0.03298670196004286,0.1523075954975031,1.1235332581244424,-0.06566509063522474
1465,1.3309349829513923,0.17774473909568023,0.11272103406507997,2.3346444579808527,0.6185632223498199,0.49991104328867175,1.2924307068992658,0.07826398581613792,0.20551293996151432,1.0037094750294604,-0.038504276052126585
1466,1.3699250638537563,0.16888464240458675,0.07141035764990494,2.5383787753782787,0.662446229970671,0.46329144180701787,1.3459716865074554,0.05439590388791095,0.3358714637752496,1.1684537115245224,-0.023953377346300986
1467,1.2547612122584564,0.22328578442510216,0.17453825038525342,2.291406284936861,0.6291307414286432,0.5630240195500176,1.1648932426704723,0.08404392764857879,0.08229437514762009,1.0366450726784047,-0.08986796958798404
1468,1.3644836546217172,0.11990783730530502,0.053667376488147574,2.371444517117153,0.6133885167983333,0.4375214263794383,1.3595858446476914,0.059862068965517205,0.3024957901303696,1.0069608624954358,-0.00489780997402578
1469,1.3654204577046094,0.15208945461355017,0.12149870859696982,2.4828928911852004,0.6495926219640689,0.513599218679996,1.3229076811041023,0.04008164681556181,0.24239478550111648,1.117472433480591,-0.04251277660050712
1470,1.3053166954381779,0.21462010531627027,0.17289651361546213,2.748625045893342,0.7404269557979843,0.5819874227063714,1.1837371962332592,0.07223753353176787,0.1840879573082032,1.4433083504551643,-0.12157949920491862
1471,1.3077947580867404,0.14260097444243214,0.07241351022638452,2.2756204483359745,0.6037246197382737,0.47071996142364103,1.2806713072389826,0.06005113454777884,0.175604155532084,0.9678256902492341,-0.027123450847757802
1472,1.3567058480168324,0.09702557707834442,0.046384494054522635,2.461201144266143,0.6412242997628383,0.42623388090344905,1.3424331246377066,0.049393383014724436,0.2742243607259106,1.1044952962493106,-0.014272723379125773
1473,1.3546566790017045,0.14240217521717746,0.15823989099047464,2.5231436064401547,0.6678633143485837,0.5673308000813839,1.300453177260693,0.021221826809015402,0.16852352373204943,1.1684869274384502,-0.054203501741011406
1474,1.3713539754772435,0.11928705166731005,0.04330782936921662,2.3975977801497157,0.622716642615615,0.4271690698362162,1.3655874667451515,0.04773713446342947,0.290812019051931,1.0262438046724722,-0.005766508732091946
1475,1.2627705453944285,0.20384707130507354,0.2142681085656522,2.569007503335685,0.6972788275364097,0.6233590176565615,1.1547479736315687,0.06311615047337114,0.039035805403310225,1.3062369579412567,-0.10802257176285979
1476,1.3909777836882837,0.11443052059554548,0.06819681563386891,2.4363836224666957,0.6187828981014106,0.4662491536049307,1.392256036205981,0.05869262092671304,0.2978862573646354,1.045405838778412,0.0012782525176973092
1477,1.393000800694494,0.08900776601306025,0.06014657131329284,2.2616363435743403,0.5820955148440592,0.45560134897275095,1.4062395708876267,0.05165960656879241,0.2536123175978119,0.8686355428798462,0.013238770193132687
1478,1.333492498823679,0.2402464783713839,0.07194393053174336,2.8370911858586823,0.7530094860373073,0.44229857385531995,1.1961883311105317,0.07555457499298007,0.3245040538944032,1.5035986870350033,-0.13730416771314724
1479,1.3790592359268343,0.1686257307881477,0.13360225163208503,2.6398203986433906,0.6894730630260951,0.5342768329543788,1.3083254366042394,0.04564467302496664,0.23658385152328965,1.2607611627165562,-0.07073379932259494
1480,1.375177762754893,0.15503862537727467,0.1422484544395204,2.6740287295129406,0.6980422323468269,0.5513393635304297,1.3007550738916076,0.024353300669090104,0.18571609304656006,1.2988509667580477,-0.07442268886328529
1481,1.300403650021117,0.15680321738382474,0.051206833024969,2.391225364987057,0.6302611933244544,0.42700259423836795,1.2526233398488793,0.0541237113402062,0.19466489187842148,1.09082171496594,-0.047780310172237606
1482,1.379107357107416,0.10883951534949815,0.03869353530968401,2.3028745834035727,0.5994555607900928,0.40671503750794524,1.3914843819014742,0.057105775470473706,0.32813846231428767,0.9237672262961567,0.012377024794058222
1483,1.3172684385506044,0.19323794708207884,0.06967826546428188,2.5395612087626387,0.6769289011122419,0.4489563856086812,1.2438001937029615,0.05748831321350409,0.21760829302897905,1.2222927702120343,-0.07346824484764292
1484,1.3323597245106262,0.11369006033988889,0.0797281841604433,2.144047080672495,0.5741717738778797,0.4858820014414281,1.3325210603789857,0.04547425260627082,0.24907592158239944,0.8116873561618687,0.0001613358683594246
1485,1.3244461302533481,0.1310200066957854,0.0791938252785982,2.4462055890658276,0.6558616574681899,0.48523949902775804,1.284733584481173,0.0341350202304422,0.19088996449797918,1.1217594588124795,-0.0397125457721752
1486,1.3132183618387945,0.1779134170744908,0.06422711314226726,2.496748950707464,0.6709361308619652,0.4584515816429999,1.238917408416071,0.02191792278218308,0.19186487511255823,1.1835305888686696,-0.07430095342272347
1487,1.371035794610495,0.14400387218915073,0.03566447901362392,2.553897545031495,0.6586420746413815,0.41464330932469434,1.3473342538595874,0.049535965892843266,0.3367607437914344,1.1828617504210002,-0.02370154075090758
1488,1.3337322986840077,0.16696240841156407,0.0785406782951242,2.452638299937977,0.6523909490067666,0.4753582618176308,1.2844984907202641,0.05196116702591694,0.2596188207133186,1.1189060012539693,-0.04923380796374355
1489,1.319504290922761,0.1829739824093365,0.23714125025924024,2.6477898137850264,0.7172799964553392,0.6462321593501494,1.2186074059642555,0.0491172941606086,0.10715484447106456,1.3282855228622654,-0.10089688495850546
1490,1.3595567086901792,0.242992445472354,0.13670590239896974,2.831082225803372,0.7508434236420443,0.5445965716003383,1.2083456960105068,0.03974851439640174,0.22055593419924452,1.4715255171131927,-0.1512110126796724
1491,1.3806700164382482,0.18639442703950415,0.1613781525668171,2.6510277970776492,0.7031630416839996,0.5704690616577264,1.2903141182242372,0.04028369021862278,0.18066375137643065,1.270357780639401,-0.09035589821401091
1492,1.3920179727957744,0.12427398897231766,0.05176809211481949,2.552257411250632,0.6540182741368066,0.43541183607727607,1.3649932514613292,0.04608492914781441,0.2952034824585217,1.1602394384548578,-0.027024721334445223
1493,1.3786359194371238,0.19651649586436598,0.0501381292310609,2.6817639161660622,0.6978125646017439,0.4335629375996697,1.2942251049409914,0.04741863075196405,0.28404356334142944,1.3031279967289384,-0.08441081449613241
1494,1.3521703590801628,0.2555795299043677,0.20479006322508853,2.868921145589038,0.7486764827882595,0.6087122481493257,1.1914038270583878,0.06919461305981968,0.18172120218041352,1.5167507865088752,-0.16076653202177504
1495,1.2830797421988134,0.15326075283200885,0.16928782541892623,2.438294902275545,0.6526057335996995,0.5783787345098355,1.2294270608715847,0.06333032693617685,0.1184240654365369,1.1552151600767315,-0.05365268132722867
1496,1.3131739284175123,0.1580418661659926,0.16830135189604045,2.5171328580936048,0.6839519798678606,0.5773922609869497,1.2450696038844073,0.04177893006625659,0.06873139117136734,1.2039589296760924,-0.068104324533105
1497,1.3474387660133553,0.17185965586536023,0.2629570252742115,2.586926649702181,0.7008877202427028,0.6720479343651208,1.2598941300716042,0.017458333333333357,0.042499254896116806,1.2394878836888257,-0.0875446359417511
1498,1.3344963591385801,0.1802890531290071,0.07242723436297388,2.516651116258028,0.6591087834318674,0.4639440180444737,1.3031525075811972,0.07725657826898018,0.31524700584426013,1.182154757119448,-0.03134385155738295
1499,1.3765305430098453,0.14943603347316614,0.08628974927869601,2.5981797598481196,0.6633451148784568,0.32280115981221325,1.3907302275724525,0.08001713117719635,0.4642795106837371,1.2216492168382742,0.014199684562607118
1500,1.2622415871810775,0.22641178330176379,0.2202436627362201,2.572784087322987,0.7153706670345157,0.6272842759419399,1.139589032740301,0.058205313071931664,0.10731613846166788,1.3105425001419095,-0.12265255444077638
1501,1.3460582278018787,0.10912169545694081,0.18737983953469944,2.316685832914722,0.6053462868710837,0.5964707486256087,1.3196677871440305,0.04526780409133355,0.09969490322983508,0.9706276051128435,-0.026390440657848124
1502,1.3789096495893707,0.10854435316868155,0.03447081338837316,2.4735645528949117,0.6402519650767847,0.3982546640171338,1.3694611994403885,0.07002885148174333,0.3050558362364171,1.094654903305541,-0.009448450148982213
1503,1.3553865995700876,0.18690862837074834,0.14235263229317435,2.6870588254156655,0.7038933794679623,0.538863155512642,1.2639979804462964,0.029265741672403773,0.19989976450425928,1.331672225845578,-0.09138861912379115
1504,1.2865543235564028,0.18778496311484466,0.22645237683038122,2.535025570525039,0.6961027967812222,0.6041922344072013,1.1896871562644507,0.05069113376075402,0.14018932774680326,1.248471246968636,-0.0968671672919521
1505,1.3411706918548927,0.12576484542102276,0.028533829065723867,2.4614685840174646,0.6386996751354979,0.4103129479324075,1.3177135388374088,0.06288875598086122,0.25110968631671937,1.120297892162572,-0.023457153017483856
1506,1.3489952689099873,0.10275288649941866,0.06669580883343229,2.2288692030171133,0.5647851758744538,0.342395100257477,1.3661675911049205,0.07677262209231513,0.2937139692994269,0.879873934107126,0.017172322194933143
1507,1.2600936182246403,0.19825888775899422,0.13270695346100658,2.390999629783168,0.6599091978095128,0.5413907800772769,1.1984793592324263,0.10486957545781075,0.16958243987436467,1.1309060115585279,-0.061614258992213955
1508,1.336766237075218,0.1359637471345177,0.053458775508366606,2.5432945200179358,0.6698536097320689,0.4545671963625081,1.2983816130422416,0.03745355105458731,0.2672339113667539,1.2065282829427177,-0.03838462403297638
1509,1.3122313904449203,0.1686508282053388,0.16049542448887416,2.5029641900210446,0.666930322809443,0.5695863335797835,1.2489098802814484,0.05084126391739752,0.15788758970481448,1.1907327995761243,-0.06332151016347187
1510,1.397377995476477,0.1705299912556249,0.1462383134023537,2.8092099711273564,0.7375336949101302,0.5553292224932629,1.3077201139254164,0.08711978252189277,0.23720030860533747,1.4118319756508795,-0.08965788155106047
1511,1.3650180932695808,0.1940878465739989,0.1191909763146504,2.738826200862954,0.7257399234028512,0.5217640156774817,1.254428334865779,0.027905108254397827,0.20954475455138932,1.373808107593373,-0.11058975840380181
1512,1.3232749273776498,0.125499466372197,0.14893671606580686,2.3887610708955282,0.6391625436838902,0.5580276251567161,1.2912452914707662,0.04578742063153103,0.16430077247735225,1.0654861435178784,-0.03202963590688368
1513,1.3162524071706025,0.10576801866826874,0.12764702573829223,2.2872316652724995,0.6191456950658907,0.5367379348292015,1.3007990000812568,0.06385583655354476,0.16120010974812338,0.970979258101897,-0.015453407089345728
1514,1.3317308821628326,0.1101011494711287,0.09880802680799472,2.3902978677130933,0.6389421952763237,0.5075983042142138,1.306950797054392,0.04101242946542728,0.204670492284307,1.0585669855502606,-0.02478008510844054
1515,1.268700901890983,0.22653936668962185,0.12353503906892516,2.4809602515761164,0.6802088777279134,0.5090797269323719,1.1885354605822687,0.1312183837467915,0.18100352082332968,1.2122593496851335,-0.08016544130871428
1516,1.371225419360137,0.15671488959577365,0.0981406757310101,2.60907339628849,0.67842767641022,0.4984713556329823,1.312471674785578,0.05610051234520226,0.2238628870239457,1.237847976928353,-0.05875374457455895
1517,1.3968284454217545,0.06620944657611233,0.027355609249627023,2.386757566243933,0.6124151081309692,0.4055187029505346,1.4093221447171715,0.08141194020170574,0.2756452145295629,0.9899291208221783,0.012493699295416993
1518,1.41674230503006,0.05276210120740551,0.05162243079193296,2.3572321963708673,0.6023817141818189,0.37507349380911914,1.443202393097196,0.08333945814652657,0.3034973003187169,0.9404898913408073,0.026460088067135956
1519,1.3220790975090844,0.12183739187724435,0.04304988214917827,2.3361274030877848,0.6181784229138452,0.44305053777417197,1.3216598652146432,0.05937064724756726,0.28010280266023735,1.0140483055787004,-0.00041923229444118526
1520,1.3214634201420534,0.15577594644196086,0.16494151822959943,2.483821243618619,0.6660645164437251,0.5740324273205089,1.2615566409833636,0.03326267336926898,0.10357627547892556,1.1623578234765655,-0.059906779158689805
1521,1.2886464888500213,0.14894629962535605,0.1074812144331457,2.3501471244669565,0.6239720301201979,0.5017509037292109,1.2368310671336136,0.022910216718266204,0.134471864737161,1.0615006356169352,-0.05181542171640774
1522,1.29550289276736,0.12582504508495795,0.05709543508067801,2.4253793429658614,0.6463381649835176,0.44464964331916196,1.2651266535194878,0.04302773741075375,0.24371177755057621,1.1298764501985015,-0.03037623924787214
1523,1.3376371969962402,0.11537302868462893,0.056732657911094934,2.2953973017134537,0.6020249655197527,0.44488649225484134,1.3264545002172963,0.039334780090090865,0.2136144776647246,0.9577601047172135,-0.011182696778943901
1524,1.3227016590219023,0.15834122810232973,0.09422172348174,2.325122248581457,0.6167104818574456,0.4953633372498759,1.2740985260918314,0.024149880875027094,0.1727812605960362,1.0024205895595548,-0.0486031329300709
1525,1.3006610357879376,0.1284046397708307,0.2038918801994355,2.3559934252280703,0.6433599288014179,0.6129827892903448,1.2573463810863512,0.02767178925030392,0.10889464158593791,1.0553323894401327,-0.04331465470158635
1526,1.3040373370657583,0.21498771640585657,0.1776974083918643,2.5457300119820094,0.6885590800991539,0.5867883174827737,1.2090191763206448,0.07041448817861959,0.17006515623652113,1.2416926749162511,-0.09501816074511349
1527,1.381085690152507,0.20431837313209214,0.14077931513687858,2.916109594401426,0.761805405212833,0.5498702242277878,1.2371273975606742,0.025174335190684342,0.18075534672868274,1.5350239042489189,-0.1439582925918328
1528,1.3497254436875534,0.07698137427824031,0.05156327713088781,2.3746691767989896,0.6275486563886549,0.4490126466861992,1.3497068216030241,0.07921141045514161,0.24940567203292596,1.0249437331114362,-1.8622084529296146e-05
1529,1.364713902649433,0.09295086181193354,0.05906038913231231,2.13963051903471,0.5394880350943627,0.3565151068683577,1.401506825394429,0.07039304091646513,0.32112749964795606,0.7749166163852768,0.036792922744995904
1530,1.358694724952778,0.14848019453489697,0.081773932273487,2.4043066734854017,0.6359464740157501,0.47521364907747726,1.3201350794871254,0.04539559014267188,0.19694694106777713,1.0456119485326236,-0.038559645465652714
1531,1.2795315308825597,0.11749555622076377,0.03833780010540825,2.161556207467701,0.5681144012915179,0.420669240200201,1.263273436275298,0.04860673578097254,0.18107833118661018,0.8820246765851412,-0.016258094607261686
1532,1.3443801878267048,0.11982416718589761,0.09231397499598572,2.470000250463684,0.655577310001439,0.4963250192568046,1.3073281104018017,0.042283290637195714,0.18591598226861716,1.1256200626369794,-0.03705207742490302
1533,1.353233247981336,0.18970036995359374,0.1470644927742828,2.4740135808496317,0.6605185238934236,0.5473916796299361,1.3101349815619443,0.09810121973126104,0.21956836351009656,1.1207803328682957,-0.04309826641939174
1534,1.3390501670092667,0.15686631306513035,0.13644302141929304,2.4976560192089057,0.6641002796121733,0.5455339305102023,1.2777417122652217,0.025768989328311325,0.1286607337711183,1.158605852199639,-0.061308454744045005
1535,1.330985443136059,0.12073265871315358,0.1531609153524904,2.265147432551351,0.5941003864688035,0.5593790118671503,1.3174550928034146,0.04272715818273454,0.21250606409642425,0.9341619894152919,-0.013530350332644492
1536,1.3719495169626632,0.21028984271158474,0.13464080545450935,2.746098091899239,0.7213633774237778,0.5307044195281289,1.279131494658389,0.08149115649142143,0.22970827675376343,1.3741485749365756,-0.09281802230427427
1537,1.2861988461338068,0.14247042459000725,0.23998532938834882,2.445525220482496,0.6701482908001728,0.6490762384792581,1.2237716284487976,0.031712473572938674,0.06780841985806293,1.1593263743486895,-0.06242721768500914
1538,1.3489324812231698,0.19767399470653493,0.11264963465948968,2.6675492195620105,0.7050421765207566,0.5126693750303619,1.2740447254367444,0.08833079221808866,0.2777693258056664,1.3186167383388407,-0.07488775578642537
1539,1.3198940765852796,0.1389991019103509,0.06253085001127959,2.3955789147774045,0.6433994851277636,0.46167960630581095,1.2791343347561401,0.03832020997375328,0.19933508330333605,1.075684838192125,-0.04075974182913944
1540,1.3388445536608224,0.21366942099656913,0.07945862037201504,2.5405725217133837,0.6757019993991861,0.471819626465244,1.2637145237083471,0.09572865445903418,0.24691041393827598,1.2017279680525612,-0.07513002995247531
1541,1.405579673351191,0.18433767560013767,0.08269393663659264,2.7447088625508327,0.7047366174304291,0.46454717286041836,1.330895883004957,0.046503080846120995,0.3367929861240405,1.3391291891996417,-0.07468379034623385
1542,1.2884768358781575,0.20009240972420655,0.1403527789503488,2.4881919878104335,0.6732932195571333,0.5494436880412581,1.1995953750651955,0.052925047758175095,0.16844716261214093,1.199715151932276,-0.088881460812962
1543,1.3925722116945218,0.21201035317761766,0.25595399650184725,2.7677319662857527,0.7247337780058516,0.6650449055927565,1.2780526188625383,0.042983829750214746,0.17382001903099836,1.3751597545912309,-0.11451959283198354
1544,1.312325961026941,0.16117581405668507,0.12177199604805355,2.4667418367612397,0.6602664887902523,0.5206280677295825,1.2526263720505433,0.024437571358887616,0.16389544958639038,1.1544158757342986,-0.05969958897639782
1545,1.356441032350292,0.16116726696709094,0.06654763067686265,2.4579912443155916,0.6425398143167038,0.46576104891719167,1.3185890720124434,0.03920653063579235,0.25907693548031097,1.1015502119652996,-0.037851960337848656
1546,1.302673132789426,0.12881414097786945,0.10140372071625517,2.279073727905206,0.5906875067339756,0.49899274469424626,1.2765504352870372,0.04526339088092077,0.14654127507696463,0.9764005951157797,-0.026122697502388936
1547,1.3418221536266954,0.17552472147428116,0.1731077563768868,2.524087910156883,0.6888561051621478,0.5821986654677961,1.2631315268143137,0.03897401732178546,0.12077512670552222,1.1822657565301875,-0.0786906268123817
1548,1.3534159930599714,0.13981884958267002,0.02881306654302744,2.4479560876704345,0.6392614405986852,0.414469021193535,1.328459143648933,0.05200049187841663,0.2988661209022745,1.094540094610463,-0.024956849411038373
1549,1.3645666747172984,0.1613816677857056,0.15620679418566513,2.508865673378416,0.6650728508051444,0.5528505363324214,1.3126055993174548,0.04087942287873584,0.2281584612025217,1.1442989986611174,-0.051961075399843626
1550,1.4208519197554157,0.1612721349703557,0.09705517688317351,2.8153967773471176,0.7433994897314304,0.5053135355415849,1.332410146919722,0.05858734162483245,0.2376051530257121,1.3945448575917019,-0.08844177283569365
1551,1.311193014913417,0.16948243018800402,0.10502764499565886,2.4450817862061016,0.655111441591485,0.5129314794011932,1.2494929012327387,0.031158767008749005,0.19747798939461114,1.1338887712926846,-0.06170011368067829
1552,1.3638306326439684,0.0995236406054479,0.034641964151022046,2.360331551483603,0.6143128970599224,0.3789299696800761,1.3706088713340139,0.07754837167204606,0.3044641307288615,0.9965009188396348,0.006778238690045457
1553,1.342015214678547,0.17761355721432937,0.15458177021851,2.5139349137659774,0.6846940251255171,0.5507721400265981,1.2669515859686196,0.029443365766394742,0.16368326378488435,1.1719196990874305,-0.07506362870992733
1554,1.346131833533244,0.14920050229785753,0.062111090736723135,2.4225985074953558,0.6444443953656587,0.44645301199394405,1.3032652956573878,0.03551223711720573,0.24530104425959331,1.0764666739621118,-0.04286653787585615
1555,1.3862301709879603,0.0887843468060854,0.0407349957085929,2.358154625373916,0.5998693133089332,0.3905873921870417,1.3934672335175224,0.07207224235780006,0.2904631816672874,0.9719244543859558,0.007237062529562133
1556,1.3433078139458112,0.161312884934107,0.15471308789141242,2.658670001833709,0.7067947925799094,0.5638039969823216,1.263988660903799,0.03595642331635543,0.19142822939413645,1.3153621878878978,-0.07931915304201231
1557,1.3593033451053262,0.12672581317829273,0.14181186281047778,2.508226346657648,0.662358584337075,0.5509027719013871,1.3220095852143237,0.05639776707530644,0.20980720911562883,1.1489230015523217,-0.03729375989100259
1558,1.361398477141189,0.1876048518048189,0.11549855007179809,2.6031964456552874,0.681861960893326,0.5089046767374636,1.3100734886060308,0.07201511991657979,0.29158097318964216,1.2417979685140985,-0.0513249885351581
1559,1.3082402818296337,0.21408220985085563,0.2821254257489974,2.675343650615049,0.7275667791823202,0.6912163348399067,1.1886197520015735,0.04201010616104956,0.06529860608468224,1.3671033687854155,-0.11962052982806015
1560,1.3380772310821387,0.15711441228612077,0.31727955424321985,2.553084356261356,0.6917372993250677,0.7263704633341291,1.259048359434631,0.03322922502890793,0.08680906375891338,1.2150071251792174,-0.07902887164750783
1561,1.3457382536242792,0.1424173364983542,0.03318916994368665,2.514544918570774,0.6586226117049541,0.4085157219261449,1.317169409256448,0.05150729854782929,0.32510530265537474,1.1688066649464948,-0.028568844367831137
1562,1.3101047930494842,0.14838399656075438,0.12598130700709675,2.408408695431104,0.6411130202548321,0.5300232389185422,1.2629916233455076,0.04886926743346574,0.15062763570693605,1.0983039023816197,-0.04711316970397661
1563,1.336688731449479,0.18112794723137993,0.3347724301370192,2.471994218411007,0.6842730249338614,0.7438633392279286,1.2494253177660228,0.04630536724270801,0.055997482693485354,1.135305486961528,-0.08726341368345625
1564,1.2887443556560645,0.185196581556854,0.1943279879492782,2.4095123239214926,0.65981646760382,0.6034188970401875,1.2162311836914035,0.06021703222029398,0.0632881118586998,1.1207679682654281,-0.072513171964661
1565,1.2598890793329744,0.16108334369664462,0.09182834518408578,2.329204335659218,0.6411543069507373,0.45681206482303294,1.2024655003637656,0.023650967701675123,0.16410566990811204,1.0693152563262436,-0.0574235789692088
1566,1.244444891254037,0.15265975818021824,0.16854958556251615,2.294484548786258,0.6301992216055001,0.5776404946534255,1.1880534978100754,0.043069806353190104,0.05855007552837346,1.050039657532221,-0.05639139344396149
1567,1.3638002197229282,0.17660069499387,0.06233545504747089,2.6388379995183477,0.6882219924884361,0.4613772749795212,1.2930770533257143,0.03403437358661237,0.2672536155463472,1.2750377797954195,-0.07072316639721388
1568,1.3925377372137309,0.111717009361566,0.03304490479118136,2.5625873280533535,0.6595135567537724,0.40808759289488594,1.378981761507187,0.05873203969782256,0.32172038978127615,1.1700495908396227,-0.013555975706543766
1569,1.4131932752925334,0.1688768388784656,0.05418673686456699,2.7813764942938466,0.7067235218379273,0.3600033885004368,1.3755597696547974,0.058947743784290005,0.4515505481414641,1.3681832190013132,-0.03763350563773593
1570,1.3842477762677081,0.13462497776728838,0.0378665986975177,2.612006193362408,0.6793087820815598,0.4385092031061262,1.3420880815356337,0.06275485886776466,0.30471372709194444,1.2277584170946998,-0.04215969473207437
1571,1.3467349812804381,0.10165148644611213,0.07786787380848383,2.2901990415433504,0.6059377510391997,0.4807233960885808,1.3340138482565163,0.0433366018898199,0.17563735665035649,0.9434640602629123,-0.01272113302392186
1572,1.3911999716981998,0.17811742178155882,0.07636830036801953,2.75952264244116,0.7220000701463908,0.4775942581218605,1.3027563825839423,0.043046734287610154,0.2678038494810481,1.36832267074296,-0.08844358911425743
1573,1.3186905209451005,0.08855090509162541,0.04273959868578089,2.3885904267513864,0.6337477417837418,0.4414156362372529,1.3055451604584667,0.06337010862637907,0.2354823108072629,1.069899905806286,-0.01314536048663384
1574,1.3893898899344594,0.10181347245454696,0.03882646764565475,2.5170615737696944,0.6444322714438344,0.3912312537348598,1.3751224424947543,0.05737619831835641,0.29992551451776794,1.127671683835235,-0.014267447439705094
1575,1.3503340189258353,0.0700896322925827,0.04421108882410521,2.186888412082082,0.5691076950160481,0.404553492752731,1.369532205508278,0.07332940874579238,0.2758869678404591,0.8365543931562467,0.019198186582442656
1576,1.4009720172086264,0.08580923574420579,0.042239544919088275,2.464541359027986,0.6300890205843565,0.4192211774599396,1.4148530734839055,0.08868516521227574,0.33555351878170264,1.0635693418193597,0.013881056275279136
1577,1.278987961001139,0.17512940593877652,0.2897455875858488,2.3723737019126645,0.6606158488038594,0.6988364966767581,1.2019122332824206,0.04575137153727618,0.06845962812659416,1.0933857409115255,-0.0770757277187184
1578,1.3315747081079832,0.15731673271800467,0.08105277297345619,2.5744155923833763,0.6858090741303761,0.4901436820643654,1.2673681190915826,0.04703715873928638,0.22727949400338457,1.242840884275393,-0.06420658901640053
1579,1.32890526438454,0.14415412103372308,0.07073077421488844,2.4763375899575673,0.6595653238371724,0.46580749467084626,1.27858055100143,0.020938275660680405,0.22511926144744723,1.1474323255730272,-0.050324713383109954
1580,1.2851752606027649,0.22486573998255655,0.30740285209140883,2.63062549071922,0.7292337078127988,0.7164937611823181,1.1565372216294174,0.054318700585530455,0.09284530591899363,1.3454502301164553,-0.12863803897334747
1581,1.3959069195681613,0.12240148460749932,0.07223988933511072,2.5269430803654944,0.6571086948978646,0.46229473484672945,1.3724064400287634,0.0621162521783033,0.22584913382853838,1.1310361607973332,-0.023500479539397823
1582,1.3120694959781183,0.15522601239810477,0.3015738043937462,2.4192045435996876,0.6626197315638269,0.7106647134846555,1.2421678636450655,0.02052524222335541,0.06138002186956669,1.1071350476215693,-0.0699016323330528
1583,1.3518540349319683,0.09921576259740865,0.025038766232741358,2.376967417124284,0.6212134773841556,0.4023469379608564,1.3399047255815288,0.045678383426727844,0.23119852855253534,1.0251133821923157,-0.011949309350439474
1584,1.3428622544717213,0.15209544250965257,0.1252950856658197,2.4798967054499625,0.6671712115876749,0.5343859947567289,1.2925179611147535,0.040391676866585034,0.19352626558701197,1.1370344509782413,-0.05034429335696777
1585,1.3469668269299406,0.1857939278917246,0.18443269581549057,2.604527927405381,0.6921977779352737,0.5935236049063999,1.2676893222845855,0.0355865185464131,0.1918892100564995,1.2575611004754403,-0.0792775046453551
1586,1.3671749733619922,0.15714533260452512,0.12189247525020151,2.6083686489406563,0.6971390866991575,0.5309833843411107,1.2921517945228058,0.02506676760667044,0.17335082517163686,1.2411936755786641,-0.07502317883918641
1587,1.3741504318557736,0.2294169612749542,0.14039404893865182,2.6996581433854594,0.7242197094511917,0.5391470246483823,1.2549627503327134,0.04598462761728071,0.2139972454121846,1.3255077115296858,-0.11918768152306014
1588,1.355108863305234,0.1768147716603485,0.1528445895475002,2.63258748936992,0.6909775215590055,0.5481409312979773,1.274695537488277,0.012262436522359407,0.19015139795436548,1.2774786260646862,-0.08041332581695704
1589,1.300953009429063,0.20286103039089481,0.25825194620245584,2.5289609829847572,0.6945372573446191,0.6673428552933651,1.2051830857793133,0.06906473530413582,0.10138702942941871,1.2280079735556944,-0.09576992364974957
1590,1.4001029979525246,0.13517305955292017,0.04140020005872607,2.344460741338484,0.5934396748944719,0.39848210050481975,1.4052671022698104,0.09856215213358067,0.31809925467044575,0.9443577433859596,0.005164104317285867
1591,1.406990532186048,0.10269176800374599,0.06348090181986607,2.4614290481336174,0.6267183679226895,0.3714594844915342,1.4134834420215012,0.08206435101341462,0.3436798997576678,1.0544385159475693,0.006492909835453142
1592,1.3603352412572596,0.14853924739285865,0.06258331488652856,2.5338770329206017,0.6691309787310059,0.4665734915366718,1.3060393402135926,0.024739995207284912,0.23191698002663685,1.1735417916633422,-0.054295901043666994
1593,1.3454027485291726,0.20505989383963333,0.088474021170589,2.599517115034757,0.6958503644173162,0.4727752785819027,1.2746185851848622,0.06878306878306875,0.31685868935674977,1.2541143665055843,-0.07078416334431048
1594,1.2936416764200227,0.1845409239049854,0.13102548114965104,2.456165436641187,0.6639021951555967,0.5401163902405604,1.223475174833334,0.06561238873119772,0.14344416407099286,1.1625237602211644,-0.0701665015866888
1595,1.3558283310548616,0.23047940550612847,0.1803231625904137,2.786351410126497,0.7304102765608956,0.5816539702601683,1.2247486833442722,0.04113233970191059,0.20590686555836119,1.4305230790716355,-0.13107964771058933
1596,1.2611618610835724,0.21051399365108758,0.2790751419968871,2.5252615326433654,0.6954786944463616,0.6881660510877964,1.1578099853710389,0.08200954824240983,0.09315136096778436,1.264099671559793,-0.10335187571253357
1597,1.3281600405791147,0.1655201713583919,0.1684910200983366,2.5235443486052054,0.6722207384309442,0.5733366239866791,1.2666454891872796,0.04127062780605732,0.21134026123488345,1.1953843080260906,-0.06151455139183515
1598,1.3084833338628852,0.1748603171089592,0.18209201547751486,2.511647492231313,0.6807775668912035,0.5911829245684241,1.2269558737328912,0.01631838099572039,0.11673228735270219,1.2031641583684278,-0.08152746012999401
1599,1.3569963474640754,0.20413386925797652,0.16470890166620383,2.6380911297812824,0.7093960710990233,0.5582284403370072,1.2816922592460447,0.07303646981705497,0.25304376769400005,1.281094782317207,-0.0753040882180307
1600,1.3333180673081526,0.12532120917821998,0.05039376724628293,2.373930097811586,0.6257557865572362,0.3703246486684616,1.3418887824163366,0.06116362187270399,0.36411112145884394,1.0406120305034334,0.008570715108183968
1601,1.367831142016088,0.12205362120297286,0.03358759859439784,2.417470692495172,0.6290410324961528,0.4052926565840176,1.357225820086072,0.048578751164958085,0.3018138995940525,1.049639550479084,-0.010605321930015954
1602,1.358578972816212,0.1888329197880387,0.10493812691102822,2.751346336046061,0.7151905452612787,0.5083198549527107,1.2594930914149525,0.03119060508695823,0.27085990059423654,1.392767363229849,-0.09908588140125962
1603,1.3963106676621209,0.08467730279612662,0.04613466238831664,2.522992951477616,0.6577882856724747,0.4405987517117168,1.4101934063768242,0.09372471809557903,0.3379408582184037,1.1266822838154953,0.013882738714703358
1604,1.371310771774005,0.11101642210529239,0.036297523354351595,2.2424150189587144,0.5840713567066464,0.3835613314645441,1.3880092039288285,0.06817656293736081,0.3030703607538761,0.8711042471847095,0.016698432154823584
1605,1.3352415039351553,0.1011322342887521,0.07470233386790048,2.418734193300252,0.6413438512805891,0.47523029522056665,1.310475854443499,0.0396671934721769,0.20738525582945733,1.0834926893650967,-0.024765649491656383
1606,1.2954757771361476,0.18501860387792363,0.2954104440960887,2.5643248583168443,0.6979402365882127,0.7045013531869979,1.1973448857408022,0.0356008917111396,0.04369154377710062,1.2688490811806967,-0.09813089139534537
1607,1.4197980407742592,0.1387696447096186,0.03699942990535952,2.670493303833508,0.685512777565227,0.41805511729165445,1.3821528720496172,0.07584851842731677,0.35687362623891117,1.250695263059249,-0.037645168724641964
1608,1.4226440617742604,0.13309323271641296,0.04173256193823241,2.647599389853231,0.6778511721773368,0.4359900206417651,1.4161894345621011,0.06257957241350523,0.3881202234335143,1.2249553280789707,-0.006454627212159281
1609,1.3288297188966474,0.11656947826160804,0.11706908613923797,2.3903883429355033,0.642379830489862,0.5165379774968946,1.297250398103563,0.036286702750376695,0.15353238045434356,1.061558624038856,-0.03157932079308434
1610,1.3602671809609626,0.16753873980530493,0.19993582865710835,2.5319487553274262,0.6686198813460851,0.6090267377480176,1.2997074752356783,0.04692506459948317,0.1905619188652663,1.1716815743664637,-0.06055970572528424
1611,1.3966564758475752,0.09566696393130819,0.044689245601365474,2.454397856529705,0.6292665187052187,0.3894862538432091,1.4031323094597876,0.06301841984559395,0.33128060017177824,1.0577413806821299,0.006475833612212378
1612,1.3466609778248166,0.1334697821633377,0.08269895883672171,2.476995794725006,0.6535953651298363,0.47319656018114975,1.3111293524863155,0.04099498238496847,0.24064004944796263,1.1303348169001892,-0.03553162533850118
1613,1.3555412681320766,0.17361838658235756,0.16222323040947603,2.653839356806682,0.7049525386084722,0.5713141395003853,1.2717753371171479,0.03673641173641173,0.17542624580981855,1.2982980886746054,-0.0837659310149288
1614,1.3001059452824428,0.2598667185806214,0.21318553954748481,2.7269289975821236,0.7416109416247707,0.6135021444629929,1.1514687441517202,0.08419964536781321,0.14565096988549792,1.4268230522996808,-0.14863720113072265
1615,1.264719217071649,0.22282939357317863,0.28899982207539643,2.556443122450032,0.6947029952736135,0.6759810222569449,1.1590131731938849,0.08108342540865954,0.11213198564067456,1.291723905378383,-0.10570604387776417
1616,1.355991076265604,0.11373555198338514,0.08680987159417418,2.377377680254661,0.6223250765423132,0.48445508684075217,1.3457471716114207,0.04847818014276088,0.2667977931429328,1.0213866039890571,-0.010243904654183345
1617,1.2611476897968508,0.19973430524360813,0.266294055531092,2.5120237462552995,0.6942179903642861,0.6753849646220011,1.155283053362749,0.033507162980279295,0.0675401344128495,1.2508760564584487,-0.10586463643410182
1618,1.2985413168487099,0.1719276657472513,0.3706412966340661,2.4833887049278767,0.6836526657485806,0.7797322057249754,1.211277850334782,0.03699175122271698,0.10025678988725897,1.1848473880791668,-0.0872634665139278
1619,1.3289395872494691,0.26077039668456203,0.20808875114289443,2.8143264627340225,0.7554148750008147,0.6171796602338038,1.1709433929865414,0.07101451884389312,0.18208237920729364,1.4853868754845534,-0.15799619426292777
1620,1.3598365963205896,0.1249002630053074,0.07184264964805243,2.479150808404759,0.6422422765902184,0.4664372909743742,1.3299432715908595,0.04092580314628416,0.24845441200402152,1.1193142120841693,-0.029893324729730164
1621,1.3381437820248063,0.15480582312294056,0.19829126405324637,2.5526925823955304,0.6876734722858103,0.6073821731441555,1.2656711565892818,0.036839129545645916,0.06342059898208721,1.214548800370724,-0.07247262543552457
1622,1.3582638400638647,0.09059804548712296,0.05663886210709376,2.3329380279877308,0.6069941208065841,0.45411674592701856,1.3477451270928777,0.047230255839822016,0.19269057108486937,0.9746741879238661,-0.010518712970986943
1623,1.3767640535843775,0.20686226163305982,0.21095655353218062,2.754066415880075,0.7226054961206247,0.6200474626230899,1.2524576374566507,0.006546220133176638,0.13872070682929605,1.3773023622956977,-0.12430641612772675
1624,1.2175157810340282,0.17446158479010862,0.24998268883994454,2.322567938070368,0.646474013594594,0.659073597930854,1.1404432817885346,0.05724056603773585,0.0726844081580225,1.1050521570363396,-0.07707249924549364
1625,1.3221055541759592,0.1607139314950119,0.0914549481234331,2.4008278619853085,0.6358572863497607,0.4879764984358088,1.2668252333733476,0.01982182156763161,0.14852885622775025,1.0787223078093493,-0.05528032080261158
1626,1.3925097369366284,0.11625125959729732,0.0349902085764523,2.5162485925764937,0.6502149791198475,0.4315256749634212,1.3794867880058945,0.05333816468883054,0.32536703995790467,1.1237388556398653,-0.013022948930733858
1627,1.311950518898613,0.15282845456892097,0.10089059504353512,2.2847661918435413,0.6102636929268781,0.5040154077483541,1.2766715599755072,0.047594941591094245,0.1694122545074567,0.9728156729449284,-0.03527895892310573
1628,1.2696207153572976,0.21838226547586995,0.17461289668005564,2.5226731764684858,0.6885451367317393,0.5662376542685209,1.171896170956431,0.0991071887905191,0.15568208845608533,1.2530524611111882,-0.09772454440086653
1629,1.277489272684758,0.2178230631768636,0.23081418138914345,2.421752746670999,0.6731836915914859,0.6368802190742624,1.2009681977047162,0.10931733450296065,0.12304169690719122,1.144263473986241,-0.07652107498004179
1630,1.3501621962553594,0.1165192730548345,0.029102989500650156,2.3886651174789306,0.6149544815870072,0.4142124374194134,1.33487056734714,0.05772165974339634,0.26379181809649127,1.0385029212235712,-0.015291628908219446
1631,1.3236464937649397,0.18106146396462972,0.07369934707660529,2.6069785119076774,0.6990829366781263,0.45326206438420324,1.2702113395272514,0.05382059944653805,0.3210538509943369,1.2833320181427377,-0.0534351542376883
1632,1.3284766754185324,0.12025036476261071,0.10492781699771109,2.415686180008684,0.6498528259514238,0.5140187260886204,1.2933807764891228,0.04333333333333332,0.15817931601239174,1.0872095045901515,-0.035095898929409675
1633,1.3601058502181846,0.13869718613717985,0.13832995314248991,2.496841413487648,0.6581531283652107,0.5460714929152939,1.317987360970759,0.04929488634930241,0.2024825108032157,1.1367355632694633,-0.04211848924742556
1634,1.3206309190822725,0.12215668591487966,0.06230169877723725,2.287003894730048,0.6047452574024756,0.45537484489295343,1.2944800055831673,0.02444139281874412,0.1655170106583019,0.9663729756477757,-0.026150913499105144
1635,1.3363207100893755,0.17299275214027515,0.043744064544650074,2.5503523265281407,0.6779562229009579,0.39300369858066475,1.2896791518226332,0.05561090150018635,0.32888000375236015,1.2140316164387652,-0.04664155826674232
1636,1.3539782375145752,0.15674884738587552,0.05171429926006237,2.567035839779946,0.6740855408762453,0.44058873026189826,1.2986391639217691,0.03436731926434439,0.2565250159855977,1.213057602265371,-0.0553390735928061
1637,1.3970150935886614,0.1798027942450247,0.22797051687087608,2.712997188010811,0.7024056787118818,0.6370614259617853,1.3052115886864786,0.0465623419896021,0.21275121275302164,1.3159820944221496,-0.09180350490218281
1638,1.3689631019764756,0.07692021229857246,0.0669381352503328,2.401017330765473,0.6243970637165985,0.47098487475998807,1.373257637135473,0.10335305719921105,0.19492098707742586,1.0320542287889976,0.004294535158997359
1639,1.2666543490135243,0.15405682601767487,0.056129121625069396,2.3580804601204566,0.6446302951351126,0.4028765241575871,1.217010362149244,0.03327346205657832,0.25799468224840016,1.0914261111069323,-0.049643986864280176
1640,1.364710601243977,0.1649344732554115,0.17444377687651821,2.6487779618219096,0.6994919191254965,0.5835346859674275,1.2865506014078518,0.03752082771119239,0.15749099690371374,1.2840673605779327,-0.0781599998361251
1641,1.2444663444659083,0.18659817839752188,0.17586703752169522,2.36184885542386,0.6444731698616761,0.5702077518642719,1.157983627598971,0.02506875801645089,0.0911415927657126,1.1173825109579516,-0.08648271686693731
1642,1.4152780244152914,0.07753631039833167,0.05937521864847983,2.34828002360557,0.5921402105839215,0.3520828969918841,1.4338502587103927,0.08131487889273357,0.2832267696030615,0.9330019991902785,0.018572234295101353
1643,1.376445509898553,0.1353485526800632,0.07359302186419123,2.3542881351828493,0.6122480824966139,0.46861042664601676,1.3501424852441661,0.036807588276705355,0.198550301415289,0.9778426252842962,-0.02630302465438694
1644,1.3267958080629731,0.19406475445406607,0.3173567833098648,2.7235230977548537,0.7289249545013332,0.7264476924007741,1.2071090061299743,0.036668985392030215,0.07165337825564924,1.3967272896918805,-0.11968680193299885
1645,1.2745236382232423,0.1793209103758446,0.2724562039616807,2.441276129340225,0.6688395926712967,0.6815471130525899,1.1947078605076769,0.02459102348993288,0.0436121325822504,1.1667524911169826,-0.07981577771556547
1646,1.3245624620834349,0.23592968668961278,0.16229069503835492,2.6557295779672674,0.7149042190717285,0.5635400378941453,1.208773159240823,0.0722728835041137,0.16084707007062315,1.3311671158838325,-0.1157893028426118
1647,1.354760322180428,0.24635332266918722,0.3485031517741167,2.7992726123985165,0.7470566259053544,0.757594060865026,1.1976782428480939,0.0661611140653057,0.09979691882734042,1.4445122902180885,-0.1570820793323342
1648,1.2998418799566893,0.18733163842216463,0.28608653562473235,2.355971237405315,0.6548392774288667,0.6951774447156417,1.2228001602785734,0.04758779127010176,0.07098157513901342,1.056129357448626,-0.0770417196781159
1649,1.3792091415903984,0.16594714984916992,0.044715806400510476,2.6938702348086285,0.7095664262708569,0.4520489378734839,1.303985138882331,0.024599513961216114,0.3057979242826476,1.31466109321823,-0.0752240027080675
1650,1.2975685268214434,0.2060240106298723,0.2794523972875788,2.5823408780692088,0.6991837858496632,0.688543306378488,1.1942612888240727,0.060423753410344255,0.10519481698395307,1.2847723512477653,-0.10330723799737074
1651,1.401997440494649,0.2958301970275051,0.27149276952289686,3.0738744584113338,0.7907088246622191,0.6805836786138062,1.1712447043105898,0.0731209579050724,0.14520778648147148,1.6718770179166849,-0.23075273618405912
1652,1.3223581051587823,0.1758338020432564,0.0490102243598456,2.6444901180532976,0.7048353419333052,0.4266871361806119,1.2423382350269772,0.030821861142365455,0.2654747028853496,1.3221320128945153,-0.08001987013180512
1653,1.345080056774591,0.21539702052634785,0.19375834136905967,2.746338574403773,0.7306277651629138,0.602849250459969,1.2199543806183555,0.020598078808301,0.1660011149571609,1.401258517629182,-0.1251256761562356
1654,1.3343069820978974,0.15739757495306636,0.032679350650277446,2.362701740490689,0.6224359751332208,0.40647178313191734,1.334639679125837,0.06141963033512647,0.35636316156831305,1.0283947583927917,0.000332697027939588
1655,1.2954085390513508,0.17303039153733354,0.11465571441818476,2.3058452885512786,0.6137802725770546,0.4959691004821646,1.2460639102367848,0.08001951373872683,0.1633674323191754,1.0104367494999278,-0.04934462881456603
1656,1.2850798107696466,0.20130960195780206,0.17334272479620477,2.461943921193335,0.6650658162554373,0.5655994210870583,1.209886265874347,0.08234051657425867,0.14179827261528416,1.1768641104236885,-0.07519354489529961
1657,1.3406593214266818,0.12921927119660204,0.028836362750143486,2.379796848390572,0.6301721477129971,0.4128778408073015,1.3305777621961163,0.04839759543592295,0.295974596684778,1.03913752696389,-0.010081559230565418
1658,1.303268268811832,0.1696809167286278,0.055030661939720775,2.489910762330095,0.6657016450958989,0.43091896315449185,1.2382868947799475,0.022801634258395903,0.19973566460905257,1.1866424935182631,-0.06498137403188453
1659,1.4088250708570516,0.09747325872684373,0.04423872721583315,2.527545501523415,0.6454676930793358,0.38743470807494773,1.4079933410594687,0.06624518854384133,0.32605232116500454,1.1187204306663636,-0.0008317297975828364
1660,1.3778480998920006,0.15853811363556194,0.12540804056083013,2.576775015817022,0.6747524653751882,0.5344989496517394,1.3126763422575798,0.03997501113010011,0.16448995345246267,1.1989269159250213,-0.06517175763442085
1661,1.292562860649597,0.17003796701077703,0.16760368867005537,2.381064396358054,0.6559581437762587,0.5766945977609645,1.2341450059831365,0.05572612032789026,0.1376668204431022,1.0885015357084569,-0.058417854666460434
1662,1.328896044404798,0.20227939455156246,0.11154701958923861,2.5959114027823036,0.6948548627318185,0.5127129050222343,1.2331043832397313,0.037734329319952756,0.2354494235589789,1.2670153583775057,-0.09579166116506665
1663,1.304359229588934,0.10589887942792739,0.07778160160074364,2.339630457968265,0.6290956063511366,0.4792704584467549,1.2763495481993017,0.027582261930703813,0.19957352706581552,1.0352712283793313,-0.028009681389632224
1664,1.291555681353732,0.1524783672933123,0.17618755569258332,2.3620972224710877,0.649838963559701,0.5852784647834927,1.2346256396130881,0.06497978576176623,0.10873224432500203,1.0705415411173556,-0.05693004174064398
1665,1.344146645804181,0.17323957403981552,0.03267533964048742,2.4886008248035103,0.6570054040512278,0.41853234565909797,1.301306947792198,0.06604981348809888,0.28001265048260704,1.1444541789993292,-0.042839698011983174
1666,1.3182739995257609,0.12001603862620702,0.06877417502365712,2.3528785453900016,0.6191320477716572,0.4766019373197684,1.2905679319199947,0.033727137894542215,0.19495336078633324,1.0346045458642408,-0.027706067605766105
1667,1.3519706867149544,0.1476045390358115,0.1295364511096929,2.36521922749806,0.6209285777062765,0.5305226469240193,1.3205372134702544,0.04268140661960096,0.187660218469559,1.0132485407831058,-0.03143347324469992
1668,1.3587631948667944,0.10313648628259,0.04441411190274489,2.3974603130027097,0.6187896052308413,0.3971534579654755,1.3804683912338467,0.07653597217288229,0.3562552128115983,1.0386971181359153,0.02170519636705226
1669,1.3134176868378185,0.20023834887685488,0.2762586348523457,2.7156292830974817,0.7263887460865259,0.6853495439432549,1.19062831941523,0.06289090118018166,0.0683571317217137,1.4022115962596633,-0.12278936742258839
1670,1.3826966869227049,0.11694363977714858,0.16927469668949524,2.422314880283154,0.6309246023911435,0.5783656057804045,1.364946366187668,0.08087769885364654,0.1604815182693003,1.0396181933604491,-0.017750320735036906
1671,1.2872935062743953,0.16456081049644578,0.2612800096587102,2.4586042000882884,0.6703845991796871,0.6703709187496195,1.2102379287463452,0.022259759759759756,0.054257196568016655,1.171310693813893,-0.07705557752805015
1672,1.3719798681478024,0.16907430381089336,0.12797363850525414,2.5949438433841188,0.6776965040629124,0.5370645475961634,1.3010262331439102,0.022890714170675522,0.16929802842103114,1.2229639752363164,-0.07095363500389218
1673,1.3387605358498442,0.13631952799056699,0.0832517121888852,2.419403590021038,0.6300760459107483,0.4798392933052044,1.3074855503074319,0.04560637368723769,0.21905602827217005,1.080643054171194,-0.03127498554241237
1674,1.3174094346550247,0.22947160174099104,0.1399505658138887,2.607059431712889,0.7091821045179869,0.5419077348670186,1.1985645000913352,0.05155546859714341,0.17627170939830852,1.2896499970578643,-0.1188449345636895
1675,1.3813590102463111,0.09147427241662852,0.10337719421682043,2.3694311646351385,0.5937718831364407,0.3057137148740889,1.4180418497892213,0.09606339944339257,0.3845196829724551,0.9880721543888273,0.036682839542910184
1676,1.3429707530213575,0.13742862546150086,0.07642293953250194,2.4803720140801326,0.6563034823220517,0.4848669698306699,1.3169664639939729,0.040095937887236706,0.2603926088352936,1.1374012610587751,-0.02600428902738461
1677,1.3717212342195115,0.12723611722916472,0.03803521437920511,2.415218629290368,0.6350946783567921,0.425810236149458,1.361086156079689,0.05394062658896232,0.2998057397733739,1.0434973950708566,-0.010635078139822562
1678,1.3504169972449973,0.10073273205945932,0.11000854851578565,2.344788034486812,0.6149334646544813,0.5126168881647096,1.342941335636488,0.07776197249881464,0.14427259517467095,0.9943710372418146,-0.00747566160850921
1679,1.3292388747313524,0.13998145121170016,0.1097568488929413,2.3042803346865925,0.613719384537035,0.5060485259633383,1.303432886992836,0.035139432034339085,0.2310148289160579,0.9750414599552402,-0.02580598773851639
1680,1.3129708309589887,0.13394555590358379,0.15852401998998455,2.3323346417384467,0.6275137681706665,0.5588670434265413,1.2751765766362388,0.032981363656874665,0.13130304786247388,1.019363810779458,-0.037794254322749854
1681,1.3214369660619418,0.2054327926777349,0.2200787826691009,2.733253386896873,0.7270014757307948,0.6291696917600101,1.1979823570426866,0.032664165103189535,0.07908226732899591,1.4118164208349313,-0.1234546090192552
1682,1.4081784729701061,0.1574483374342749,0.06412251086287583,2.8229007284243757,0.7222291450101261,0.4465258127875692,1.3379488108037074,0.07329418515897909,0.3288360964668927,1.4147222554542696,-0.0702296621663987
1683,1.3928369823699582,0.18239906675219678,0.03481271400639857,2.7111178995523266,0.6979636710498864,0.4163619370067251,1.320598558177593,0.04298489219998504,0.30297995728521304,1.3182809171823684,-0.07223842419236526
1684,1.2593807595323836,0.1853572593184623,0.3118298122456633,2.431516526493212,0.6861605128756336,0.701050074588814,1.1650156709236699,0.04969715080395828,0.06630052739384273,1.1721357669608283,-0.09436508860871373
1685,1.3147345753840463,0.16099755521985137,0.16252033423881412,2.4607819731780576,0.6629415873420172,0.5707484382529835,1.2497075270844338,0.02342747111681648,0.05994761175942663,1.1460473977940113,-0.06502704829961248
1686,1.3370010901420666,0.1243401313064913,0.17029584196918554,2.388619393618508,0.6406129078544811,0.5793867510600947,1.294799648220872,0.02012350242438739,0.10166519493861936,1.0516183034764413,-0.04220144192119468
1687,1.366528905605779,0.14305293039226397,0.05545868947863577,2.389680551555668,0.6288057102074245,0.44016963708000945,1.3420065963118941,0.05629456804836356,0.27037616598015074,1.023151645949889,-0.02452230929388488
1688,1.2672165129196953,0.1418816357547626,0.08683345541171761,2.2821489713314738,0.6182976391056341,0.4866841455097187,1.224112780669202,0.018451704215875067,0.16040728728375503,1.0149324584117785,-0.04310373225049324
1689,1.3465233328587014,0.18632666900878792,0.0842782385709697,2.6539292906604053,0.7005592249173083,0.47034562621254156,1.2605888755722874,0.03461602465154445,0.1865565283781193,1.3074059578017039,-0.08593445728641402
1690,1.3247445572882017,0.13667222750557206,0.1560946637442689,2.368018180537684,0.6228989102918583,0.5558324557212675,1.28554787707661,0.035577670657751526,0.10626145616634022,1.0432736232494824,-0.03919668021159173
1691,1.3249944687177186,0.2041842135469853,0.09022418387915235,2.6178719615806942,0.6991081608663683,0.4859101825549539,1.243070164900776,0.07887649968984976,0.2757661300785147,1.2928774928629756,-0.0819243038169426
1692,1.2696056097720683,0.22206043787701668,0.1432982490540396,2.409430580973404,0.6684319883188516,0.5286974807559712,1.1919876453421425,0.10791515426497275,0.19123423489449098,1.1398249712013357,-0.07761796442992575
1693,1.4320245225106847,0.2632580399957316,0.10495115096584917,3.0306624658268486,0.7775367652114129,0.49550688040250923,1.2453855633031061,0.050810728376477064,0.31240309335009875,1.598637943316164,-0.18663895920757856
1694,1.3262614728951143,0.20652065280817658,0.19526620816878038,2.5778549850778862,0.6879955029647642,0.6043571172596897,1.2292054048144094,0.05629179331306991,0.13974113223266654,1.251593512182772,-0.09705606808070488
1695,1.3419795772732488,0.10674025067560007,0.054482361509583334,2.4246826357452833,0.6423640889366171,0.36906267389779085,1.3318374621878688,0.06580107917401679,0.32295534085938404,1.0827030584720345,-0.010142115085379988
1696,1.380277259091772,0.1063723842495255,0.043376644580137395,2.2881286018963545,0.5825307012001438,0.36810925947184153,1.383214599779234,0.07182672982051752,0.2665346678357768,0.9078513428045825,0.0029373406874619867
1697,1.3524851221150191,0.18877953647141432,0.16732150127241124,2.6331154951203524,0.693477527974578,0.5764124103633206,1.2688157269728957,0.0524804320929827,0.1832841189097068,1.2806303730053332,-0.08366939514212346
1698,1.33583735676776,0.19146767380705465,0.16339422678367096,2.688394100034643,0.7070905975619615,0.562297601997321,1.2387342865487279,0.04865969467484069,0.16621195684464135,1.352556743266883,-0.09710307021903208
1699,1.2424642053420112,0.20802929248067564,0.09135088531962632,2.508965603949542,0.6956816371665933,0.47037219052176527,1.1606471352721357,0.09920936978593006,0.2217753062723132,1.2665013986075306,-0.08181707006987549
1700,1.3412738907642994,0.12687438683175895,0.08182944907725245,2.45603598124023,0.6673305205117488,0.4842445495178733,1.2938841573496942,0.02424901506262581,0.18929090454160913,1.1147620904759306,-0.04738973341460517
1701,1.3019007787131927,0.20317320921878346,0.17458092187160623,2.495871295599857,0.6787464915253262,0.5562421122242753,1.2153741312718362,0.04008324924318871,0.17338302114116044,1.1939705168866646,-0.08652664744135641
1702,1.3563077541915092,0.18519970116394938,0.06071340642056973,2.6094601653867353,0.6846977448925844,0.45933711414318373,1.2978122281998132,0.05496985783955273,0.30634669148105675,1.2531524111952261,-0.05849552599169594
1703,1.3156221595279383,0.11521111536922202,0.05151445885390554,2.286176261096538,0.6026491065135615,0.43671689677439046,1.2938125847859032,0.03858743643616214,0.20633380919617772,0.9705541015685997,-0.021809574742035043
1704,1.4162987111829868,0.19149769666966251,0.03941909448836329,2.8091580404513725,0.7167374659073112,0.4249160384074608,1.3359972236581532,0.04068370467453038,0.36532713792519467,1.3928593292683857,-0.08030148752483357
1705,1.3122644452303307,0.18484975836005446,0.19692379784275718,2.4222258407014166,0.6477049296348936,0.6060147069336663,1.2332093289804025,0.03151693667157583,0.07459461680177434,1.1099613954710859,-0.07905511624992823
1706,1.3411754976762775,0.15512741903358404,0.1434261498974503,2.5523192690526253,0.682880957902561,0.5525170589883597,1.2753009259102548,0.018575320450001973,0.18129566654368867,1.2111437713763478,-0.06587457176602274
1707,1.322437697938641,0.15494025064476064,0.18296322475055976,2.4741191776403935,0.6643172542087155,0.5920541338414691,1.2611452109314292,0.02278072071644057,0.10372389814580511,1.1516814797017525,-0.06129248700721179
1708,1.3157748557783213,0.1402854852543125,0.09339911450358898,2.3569277007714713,0.6151075733238069,0.4898640850113103,1.2791256618937517,0.03423347613219094,0.18310653825476852,1.04115284499315,-0.036649193884569664
1709,1.2972647559853723,0.16447396663323327,0.14855255920957,2.245050516607698,0.604193849052459,0.5437659177388435,1.2569868710553174,0.05499870387972004,0.1775760241609657,0.9477857606223257,-0.04027788493005491
1710,1.3629691714666767,0.156184660471381,0.1373800978532773,2.339722760817862,0.6182784563102149,0.5362960634504204,1.3261747088269575,0.057370378981632164,0.13761527593293246,0.9767535893511854,-0.036794462639719194
1711,1.3098042038084288,0.2191478597430371,0.07197909544962595,2.6321079770099893,0.7082899561090279,0.4469209515595598,1.1931077152393321,0.038754074610648365,0.24851765460461472,1.3223037732015606,-0.11669648856909665
1712,1.3410122418523265,0.18052591375401317,0.0837156263037167,2.4633531580340433,0.644165302552971,0.4842008888501928,1.3013511300781015,0.05347290454236263,0.28315908417274427,1.1223409161817168,-0.03966111177422493
1713,1.341506460933526,0.16331319810043665,0.1315428335807958,2.517572871615549,0.6772839650773528,0.5406337426717052,1.285812577141051,0.04262292882838365,0.21427083833636684,1.176066410682023,-0.055693883792475196
1714,1.3232360799373422,0.11955934662396245,0.035120967690738,2.3067138417083215,0.6123463487728958,0.43887976987149835,1.2992072792929625,0.026889475546362607,0.20739221756402784,0.9834777617709793,-0.024028800644379622
1715,1.374540284690419,0.2032267995745459,0.147169597534445,2.824308099270936,0.7406440343662002,0.5562605066253543,1.2453858551482195,0.020959199115301776,0.17336861382974667,1.4497678145805173,-0.12915442954219936
1716,1.302594855354563,0.15636144314387393,0.2068566388773524,2.2850601920359526,0.6135040691754527,0.6159475479682617,1.2621612090269352,0.06093704601167291,0.07477484238953674,0.9824653366813896,-0.040433646327627804
1717,1.2867237717662725,0.20095895396966962,0.0610678290947345,2.636999274648985,0.7093324422363531,0.4075538375398821,1.1915136077892876,0.06737828438948995,0.27178614117660005,1.3502755028827127,-0.0952101639769849
1718,1.3046546499202114,0.19482055882427854,0.14231546865334982,2.463667577569557,0.6696014314090928,0.5464245048475642,1.230595106660394,0.06867753263102101,0.12801612738865725,1.1590129276493457,-0.07405954325981745
1719,1.3091875789020986,0.1245489847748982,0.10874313846349562,2.4414844049923565,0.6540872376113804,0.5178340475544049,1.270648042973224,0.04403748920952029,0.15126541263805646,1.132296826090258,-0.03853953592887449
1720,1.3944192430253521,0.0821937213199947,0.07875745721626284,2.144829596426413,0.5224828399604864,0.3491218266006706,1.444821258644013,0.09875629466467409,0.3264236696140391,0.7504103534010607,0.05040201561866087
1721,1.3861876230267465,0.1371679958922395,0.06240075630578299,2.5062693990612206,0.6417017217090523,0.36533070261888867,1.3693006806998014,0.06564876537906203,0.35124989764885006,1.1200817760344741,-0.016886942326945098
1722,1.3288052664216732,0.18830231386410345,0.10400973652540915,2.5849410187562247,0.6859198264375501,0.5028662482308048,1.244512665978521,0.025961027915740568,0.14947303543210386,1.2561357523345515,-0.08429260044315212
1723,1.3688237503800675,0.10171042512753634,0.043168122574656416,2.3758699360842623,0.6124301277012143,0.41784829982245086,1.366404221575301,0.0706577480490524,0.26635317956780524,1.0070461857041948,-0.002419528804766591
1724,1.2588078353248395,0.14257008843778995,0.21353929721038561,2.381143046450289,0.655439801040157,0.622630206301295,1.1984880222660614,0.01635643320830298,0.07452644611426935,1.1223352111254496,-0.06031981305877809
1725,1.4030004852119742,0.12972976662302987,0.023918223202574147,2.5719158268830893,0.6617340716189406,0.3923268483051503,1.390941434148083,0.06842377055692382,0.3511583997843964,1.168915341671115,-0.012059051063891157
1726,1.3466300702394325,0.0809003189379418,0.05395704068764641,2.3090849762240424,0.6003453761191186,0.42530482848559814,1.344570644710401,0.04916742956516621,0.2353954920220718,0.9624549059846099,-0.002059425529031378
1727,1.4006930867754241,0.10696668139331031,0.05756325284653368,2.461573001092994,0.6281916798318228,0.38208916655083786,1.4053241523066573,0.06872340784922401,0.3546246102860821,1.06087991431757,0.004631065531233158
1728,1.3644322113849672,0.1336281731735421,0.08907305155153666,2.4129178088330403,0.6339679403219992,0.4895575957312995,1.3443577258469037,0.052499540957285526,0.25271841175426407,1.0484855974480731,-0.020074485538063458
1729,1.3231480540628904,0.1925664705121458,0.14579038348030587,2.595654477102458,0.7028805584270934,0.5548812925712152,1.2308152280025908,0.03889539391973411,0.20233292712640746,1.2725064230395677,-0.09233282606029958
1730,1.2792431297451823,0.18396852853644702,0.10630333879886714,2.426186175571832,0.6633117661060122,0.5080485652131184,1.203050813339889,0.05798479087452476,0.16633399496026782,1.1469430458266499,-0.07619231640529334
1731,1.2636760652466974,0.20661843590664497,0.3262777860635263,2.507987218023636,0.6965544899107359,0.7353686951544356,1.1583592043336584,0.07057628415039319,0.12792800497967932,1.2443111527769386,-0.10531686091303905
1732,1.2691903099852537,0.17657415834188822,0.3355250425449996,2.3394584106692946,0.6378320029213039,0.744615951635909,1.198975508075722,0.05402463087704973,0.07843230952971017,1.0702681006840409,-0.07021480190953167
1733,1.2908437561268702,0.2093366738940222,0.320868370250964,2.456294394237388,0.674842795868625,0.7299592793418732,1.1955925825826001,0.0738762230287654,0.1540518163368254,1.1654506381105176,-0.09525117354427004
1734,1.3562615438361183,0.14229187482571914,0.16274483167759063,2.5004966029817823,0.6614892968809976,0.5718357407685,1.3098496421867931,0.04866056788201837,0.16316049732881488,1.144235059145664,-0.04641190164932518
1735,1.4576166462379645,0.2322552217410717,0.03697627385153652,2.9758167700207268,0.7481660830896177,0.39583544111123137,1.3660414575893391,0.0683375321886417,0.4421523147890002,1.5182001237827623,-0.09157518864862535
1736,1.3075902645006587,0.12736900413364002,0.1251034852315288,2.3631741385558236,0.6217497379656318,0.5341943943224381,1.2782051861856436,0.04805984289266963,0.16625802022550287,1.0555838740551649,-0.029385078315015134
1737,1.3498989804643888,0.129857512715075,0.18064938915383907,2.4332271710841082,0.6496713224106905,0.5897402982447484,1.3094045841321607,0.02889753700234056,0.1469181106455633,1.0833281906197194,-0.04049439633222818
1738,1.4034985695523288,0.2823500838802485,0.1657924162493561,2.9370738127600733,0.7526558308782729,0.5646661671376191,1.2566677996065372,0.10438589850354557,0.2765685859512374,1.5335752432077445,-0.14683076994579158
1739,1.3607472361697721,0.09153169784459245,0.10122837825986784,2.2161013485364247,0.567274728032023,0.5103192873507771,1.3696908553579656,0.06635296933804394,0.2005525619642702,0.8553541123666526,0.00894361918819353
1740,1.3317849520428178,0.18407008594570384,0.09428684560236848,2.6201803409690894,0.695933909874667,0.4746432672025866,1.2541563464518815,0.0552407544277463,0.22897344239638262,1.2883953889262716,-0.07762860559093632
1741,1.3863705183230182,0.07345205330684948,0.054728573260101235,2.25055303247778,0.5705152614060223,0.4432991517023079,1.4082537448183357,0.08320545056989648,0.25274897590111794,0.8641825141547619,0.021883226495317487
1742,1.3210927084526993,0.15911188658483902,0.2640223238988499,2.550370852125863,0.691464293379422,0.6731132329897591,1.2422275403317689,0.030902297968166247,0.0350856175847056,1.2292781436731635,-0.07886516812093047
1743,1.3624241998592983,0.13731045105675388,0.04326463738934458,2.3699591184612068,0.6296920495918137,0.4329874789569668,1.3742026142134858,0.06520027263282575,0.34605442830569744,1.0075349186019085,0.011778414354187472
1744,1.3192489144642403,0.12904896415740894,0.14487258316782464,2.346801728332779,0.6191719165446585,0.553963492258734,1.2857085128716763,0.0472441998651007,0.15305846740740858,1.0275528138685388,-0.033540401592563995
1745,1.3859429997595947,0.13906721803273409,0.02563561486419387,2.508328713369759,0.6498038137606632,0.3995233725221114,1.350991173152452,0.04018128326462216,0.2864087726707297,1.1223857136101643,-0.03495182660714269
1746,1.324144800717173,0.17783763615000475,0.12511693745045585,2.4281077141178384,0.6510254403314217,0.5284830755710213,1.2903468313761808,0.07047709634881863,0.2620121038019987,1.1039629134006654,-0.03379796934099222
1747,1.3763955097033345,0.09536168880502663,0.05178431454777404,2.3382164812037654,0.6004197080660967,0.3754584666527411,1.395036516460887,0.095655806182122,0.29543562342677077,0.9618209715004309,0.018641006757552647
1748,1.3149335331647642,0.13811512610604063,0.23903295218160003,2.386410000949425,0.6479054846371359,0.6481238612725093,1.265001693514772,0.017383840062025795,0.06515122468662975,1.0714764677846609,-0.04993183964999215
1749,1.3384098561428925,0.16144347297038458,0.2825700399288963,2.4747809900842594,0.6640263365850371,0.6916609490198056,1.273323194024916,0.043922202801013,0.1168755037659789,1.136371133941367,-0.06508666211797665
1750,1.3068095599535823,0.15424101409254273,0.03914566245026997,2.383105928144327,0.6379896646584315,0.41507404721290364,1.2651577810219448,0.03686701071479884,0.2332386302225351,1.076296368190745,-0.04165177893163752
1751,1.2993830686538748,0.1967303032077602,0.19895903802764903,2.4499113460882245,0.657273010998054,0.6080499471185583,1.2192207663856327,0.06586945843055382,0.16457766493072418,1.1505282774343497,-0.08016230226824206
1752,1.3404302780229844,0.11384182112352045,0.056701386182648264,2.360829749812871,0.6165944936955492,0.45362828773247954,1.3200230069050285,0.041020251559737105,0.2248800556550467,1.0203994717898868,-0.020407271117955927
1753,1.3126477117806572,0.18708474431692473,0.06274889916761942,2.431765199780698,0.6474179246315028,0.4511997207296158,1.279332376438147,0.07416514049258899,0.3473809173276663,1.119117488000041,-0.03331533534251019
1754,1.2700020563736203,0.16343081834240566,0.13004777656736216,2.4186137461105686,0.6631051658076094,0.5252979117017553,1.205805708814034,0.04540763673890606,0.14076408206141333,1.1486116897369483,-0.06419634755958636
1755,1.3804411927783968,0.11994458751037052,0.07133168345300617,2.4960563465012156,0.6412427297133083,0.45613482447870557,1.3671615358203435,0.05806722689075629,0.2927328977166589,1.1156151537228187,-0.013279656958053332
1756,1.3599315754026435,0.23235324457757622,0.22802874788456867,2.8455398473602718,0.7407134886823259,0.637119656975478,1.2195476647588193,0.05692937199786512,0.17872526882854656,1.4856082719576282,-0.14038391064382427
1757,1.4071994803575567,0.20488777969036415,0.1917205519696496,2.881516396900262,0.7426891470801654,0.6008114610605588,1.2800571752205308,0.04367878459034187,0.22663734791552964,1.4743169165427052,-0.12714230513702596
1758,1.390913737663714,0.14505313369165002,0.027852823502468656,2.5093405032114493,0.6480127905829932,0.41337688817202495,1.3780196199334367,0.06370753829040815,0.3300085553532034,1.1184267655477353,-0.012894117730277266
1759,1.3598310745584659,0.19699402605294342,0.26348573684562127,2.617202295012379,0.6931433142108857,0.6725766459365305,1.261900796385124,0.03015664077925497,0.08351572149075998,1.2573712204539134,-0.09793027817334177
1760,1.3582543231975914,0.10082137851982388,0.05628461355935286,2.3719052356658645,0.6186105546431679,0.4523409456634624,1.3591888380777242,0.05558539205155748,0.2785207811656604,1.013650912468273,0.0009345148801327419
1761,1.4220351064103904,0.10496067864543943,0.09118809292662527,2.5424855212024635,0.6501969858562016,0.4890120590998809,1.4137750464741918,0.07923818824521206,0.29184893991474786,1.120450414792073,-0.008260059936198605
1762,1.3597706474851337,0.20249743941593212,0.1604844633903667,2.707911689528566,0.7140975334738199,0.569575372481276,1.2543317727458403,0.032362257880251356,0.2137666021757676,1.3481410420434323,-0.10543887473929336
1763,1.2712668139876062,0.17859462908525447,0.28941430865189127,2.4863616330525318,0.6764208095231478,0.6985052177428006,1.1860284967648616,0.034730335685240386,0.10570899516427419,1.2150948190649256,-0.08523831722274466
1764,1.3697688665241825,0.11527017082659918,0.04289658507741644,2.265474799342431,0.5926412706307305,0.38598549311182095,1.4000743483663909,0.0762848854013895,0.3676910763461865,0.8957059328182486,0.03030548184220838
1765,1.3550207572780737,0.08737736845916966,0.04204144012200861,2.3955578851002786,0.6172686574294126,0.41323025333825814,1.349892793633133,0.06157772976693497,0.2500616366745383,1.0405371278222049,-0.005127963644940614
1766,1.3349811276797925,0.1299226055239186,0.1009153875462704,2.4211651718235094,0.6468309808556438,0.5021160869392878,1.3021549846461458,0.034371291033608295,0.23900073438203578,1.086184044143717,-0.032826143033646726
1767,1.3179018205133812,0.1524895363308841,0.05784247842755223,2.4600694053133965,0.6478147218224858,0.44812337563042715,1.2674726683706763,0.035258814703675916,0.20448354763173146,1.1421675848000152,-0.050429152142704936
1768,1.3829662832891674,0.11014485093604318,0.030716153048596803,2.4409294070682703,0.6299486204273367,0.3991280577836923,1.3772615371602674,0.058510638297872314,0.2906228645710043,1.057963123779103,-0.005704746128899929
1769,1.2878028078229864,0.1331892682529159,0.07912799547550867,2.4123865563378324,0.6506708617681669,0.4804368037220843,1.2415043864947157,0.022919540229885065,0.18004769532853715,1.124583748514846,-0.04629842132827067
1770,1.3242463726680698,0.1437942935973467,0.08173507891777289,2.412486253985314,0.6477228831934168,0.4795352943767315,1.2850525592348336,0.034316619209667366,0.21521300648463312,1.0882398813172443,-0.039193813433236135
1771,1.4170700846936444,0.1352256242574958,0.04808551999731043,2.6538868349962144,0.6861980543959818,0.3899263466311722,1.390376528521422,0.07382068415278746,0.3476126359592728,1.23681675030257,-0.026693556172222355
1772,1.4272930258454095,0.15155104804897518,0.06218601344197363,2.571864825684952,0.6482023408381223,0.3682148947513305,1.435002351742562,0.07912333123377319,0.39531280678428277,1.1445717998395426,0.0077093258971525636
1773,1.271046297039862,0.17412106908405406,0.33797948809450407,2.4461632566656766,0.6757582895925729,0.7470703971854133,1.1875802867614902,0.046352202302822894,0.09885955449876385,1.1751169596258146,-0.08346601027837175
1774,1.3797543734222537,0.22483007176521405,0.09055542042313826,2.7800436929359913,0.7234942484496452,0.4873869341234264,1.2773645669356806,0.07731095529914056,0.31072773320839314,1.4002893195137376,-0.10238980648657314
1775,1.3208862848316691,0.18896345267421344,0.13072804510214833,2.6345212668808387,0.7007678473911529,0.5378557266165993,1.2262432030275496,0.034465785155872994,0.18739756879134772,1.3136349820491695,-0.09464308180411951
1776,1.307738050252358,0.17999037632632744,0.089063229411219,2.5907434577330832,0.7042792059894118,0.4602931712137093,1.2275392222244874,0.06457161740320895,0.2672088599348332,1.2830054074807253,-0.08019882802787048
1777,1.368432440448763,0.1247857238108325,0.01599890701567474,2.520673102282748,0.6513210442552654,0.4135325830127059,1.348095474152904,0.05965637925548843,0.3031091038661705,1.1522406618339849,-0.020336966295859016
1778,1.3586456370125104,0.19556093460923202,0.19954948418519608,2.681461871190414,0.7141879666281123,0.6086403932761053,1.2568999211621408,0.0437542153278194,0.18794956263576446,1.3228162341779037,-0.10174571585036962
1779,1.3240945428947855,0.14283949969319373,0.08940192005241557,2.511760160722401,0.6809117738065278,0.497493553743788,1.2672587293597508,0.026212342436520993,0.17282115306828633,1.1876656178276155,-0.05683581353503464
1780,1.3886124123596673,0.13724456101492835,0.038105432842902104,2.639552805848558,0.6849113985027937,0.4257137262763116,1.3472065305013108,0.04654616598857247,0.31873997027893863,1.2509403934888905,-0.041405881858356475
1781,1.3867392255484337,0.21372230085957303,0.06621410884711318,2.7980252137054062,0.7266120366673011,0.4620808909473406,1.2721822708265957,0.03105876181893986,0.2706632887800716,1.4112859881569726,-0.11455695472183791
1782,1.3406280238366182,0.09396618551945746,0.04634166209935061,2.279485749365402,0.5966527780597978,0.44129103343838927,1.3297945380063751,0.05205691401518045,0.17228297623448116,0.9388577255287838,-0.010833485830243017
1783,1.3610562941326305,0.15037954956601546,0.10985455324990168,2.552601425151795,0.6749911197285439,0.5146815132461893,1.3090544186995265,0.04988904241510696,0.22995087202073775,1.1915451310191643,-0.05200187543310397
1784,1.3153355591707463,0.13065711675785213,0.070834143595974,2.4215658315206596,0.644848292450818,0.4742924600079898,1.279798813546664,0.034155112510958874,0.21026488831652698,1.1062302723499133,-0.03553674562408227
1785,1.317202045976916,0.16748454737872784,0.20509677085373224,2.5109831059767425,0.6729032443735614,0.6141876799446415,1.239848699920518,0.028404920788042153,0.06968712955024099,1.1937810599998264,-0.07735334605639799
1786,1.3532334621920072,0.15888562925075655,0.10143328819586395,2.597362744627072,0.6828198460018613,0.506947954124457,1.2860362650546637,0.027337581339904084,0.2546218477733445,1.2441292824350647,-0.06719719713734351
1787,1.2694038754280235,0.18446189417402648,0.21441777596773318,2.3832300983592787,0.6518582898859671,0.6235086850586424,1.194550521317082,0.06815621654331336,0.06685376776189465,1.1138262229312552,-0.07485335411094152
1788,1.3165507610895388,0.14675599318512264,0.051189651371196215,2.376919421869537,0.6332605611299635,0.43939687610025946,1.2873834015364083,0.042101957592859576,0.2589949516389637,1.0603686607799983,-0.029167359553130545
1789,1.2402759753211445,0.19713515002145293,0.27266689308639247,2.4904801490463444,0.698374900978897,0.6817578021773016,1.1405943427534329,0.06606932754095393,0.06934724636766139,1.2502041737251999,-0.09968163256771168
1790,1.2537024997378983,0.18551497541521556,0.2880090077329801,2.399936993228553,0.654109214643241,0.6970999168238894,1.1684743257150432,0.048902144169134444,0.06466574752005709,1.1462344934906548,-0.0852281740228551
1791,1.270866922100296,0.2166194161674781,0.25269976213626577,2.396104837337737,0.6536980193274216,0.661790671227175,1.1809362985172078,0.09015992854615011,0.06809486209002244,1.1252379152374412,-0.08993062358308812
1792,1.2695051831224156,0.23808457563775115,0.28973945241728166,2.487788078454141,0.6804324021365684,0.6959683768652529,1.1593880644186556,0.0919072037052353,0.10123081495962426,1.2182828953317255,-0.11011711870375995
1793,1.3486401119075297,0.20804106691590446,0.3144679883654582,2.7398087053166753,0.7323475131467948,0.7235588974563675,1.219648385557948,0.03487045120746737,0.046722812537707256,1.3911685934091456,-0.12899172634958167
1794,1.3632390406146282,0.180909345675819,0.11975020751140811,2.617877394740659,0.6851035868935476,0.5185813246893043,1.2927066241661176,0.03220299884659744,0.2148829817107743,1.2546383541260306,-0.0705324164485106
1795,1.2666560229172228,0.20594605838947533,0.20133775187620068,2.4777340799854515,0.6784733732875234,0.6104286609671099,1.1711554225110694,0.04487892687899199,0.08577238818921218,1.2110780570682287,-0.09550060040615338
1796,1.3904192886435969,0.06644186923138619,0.04524365123707096,2.3478759960025593,0.5904642140581433,0.3836812793001624,1.4484433518369562,0.1027116206269301,0.3663129426517739,0.9574567073589624,0.05802406319335929
1797,1.351351622957199,0.11874465076571422,0.05115785792907442,2.420650154627173,0.6309831578129645,0.4273533329868059,1.3331679830195462,0.04480699233553402,0.26803111638121163,1.0692985316699741,-0.018183639937652707
1798,1.324744965176412,0.11461215016434681,0.15549005118844497,2.4059775320408097,0.63783706488613,0.5645809602793542,1.2965026721305346,0.04831523252575885,0.16855351025306342,1.0812325668643976,-0.028242293045877442
1799,1.311612082792204,0.16727013188159318,0.04545015589046587,2.504227870971321,0.6688364354555925,0.4223633637369138,1.2526866276649,0.027871377683643034,0.278658370198525,1.192615788179117,-0.05892545512730396
1800,1.3124385505498983,0.13788183913019608,0.13318348838638977,2.327601423989333,0.6246901149137534,0.5411942558943932,1.2778874223034506,0.05101070154577883,0.13583526453372113,1.0151628734394347,-0.03455112824644768
1801,1.4154638678909266,0.1186290570553979,0.04832133668632812,2.585305644546766,0.6677159650369069,0.43126049422318713,1.402019914126508,0.07405462184873945,0.31255667145655314,1.1698417766558395,-0.013443953764418648
1802,1.3238552703610096,0.21694612851345152,0.24893921597855334,2.7154400465753894,0.7245742780907168,0.6580301250694627,1.2124278774906792,0.0726074643956692,0.09056594506232944,1.3915847762143798,-0.11142739287033043
1803,1.3379085037670677,0.07330402219994275,0.031644117231903225,2.1282381108023567,0.536671979196446,0.3967264081647046,1.3659716331987708,0.08166291252505628,0.2508355828997504,0.790329607035289,0.028063129431703082
1804,1.3357217332367173,0.21958888013127748,0.09816694791019237,2.617237876733511,0.7104812892218675,0.46707801003296995,1.2373276716991453,0.0641725669805712,0.2725582965011256,1.2815161434967937,-0.09839406153757202
1805,1.3400528546830586,0.1363373181654644,0.06473809764881,2.561376159395509,0.6896867695244688,0.46504785858406766,1.2889882762914573,0.03535957139913452,0.24674028271849324,1.2213233047124503,-0.05106457839160128
1806,1.366664762822932,0.1387910978177867,0.04729843846562913,2.2793816618088183,0.589748382423362,0.41155451798244547,1.410797021003289,0.085368942930554,0.3527060228959593,0.9127168989858863,0.04413225818035693
1807,1.2760537952992088,0.16876700078584234,0.2932828184184122,2.4604481979292805,0.6773413641551924,0.7023737275093215,1.2005061633217244,0.048245568811028774,0.09593534777961239,1.1843944026300717,-0.07554763197748438
1808,1.4058148811442877,0.07091657840706012,0.05188952990111368,2.404564195380094,0.6003507523141927,0.399280985132463,1.4381728416840223,0.08543466279596415,0.33403420861926764,0.9987493142358064,0.03235796053973461
1809,1.3792455250159132,0.1908762262848187,0.09227244560431921,2.6654489480138195,0.694062260039223,0.48783507247481817,1.3129098125826903,0.05160034075696726,0.32468812885617154,1.2862034229979062,-0.0663357124332229
1810,1.335761531035399,0.141747202160342,0.09660897706140156,2.482790241762434,0.6604152234359411,0.4943240491300186,1.2942143162695061,0.04035677579626387,0.23337729105750604,1.1470287107270352,-0.04154721476589285
1811,1.4089665930124928,0.09334100735770995,0.058773150916987815,2.526611073054033,0.6517467483561306,0.35031775817392147,1.4285044418756732,0.08174594274179338,0.4041069252570488,1.1176444800415402,0.01953784886318033
1812,1.3387247077796005,0.14009866678758034,0.038184754688172715,2.544622425224862,0.6627080800644313,0.4064542500060133,1.2978784302191366,0.05011634671320535,0.2832352969204802,1.2058977174452614,-0.040846277560463884
1813,1.400978060086448,0.1161006915199424,0.03764432376338594,2.5691098241355763,0.6607671164712028,0.43674259298289453,1.3795907671116083,0.04533640498552778,0.30740058279671945,1.1681317640491282,-0.021387292974839767
1814,1.2967481795989804,0.1497313889370631,0.19727714302349203,2.324967915146919,0.6352264212416363,0.6063680521144013,1.243971252854272,0.02940332199668857,0.062206978787677655,1.0282197355479388,-0.05277692674470846
1815,1.2463052556483452,0.14047871533417114,0.19590046166882702,2.312391030156807,0.6368815191205643,0.6049913707597363,1.198583028827831,0.030835431620880184,0.06689598288508658,1.066085774508462,-0.04772222682051419
1816,1.3806216892461944,0.10610053494398167,0.046896321766688315,2.4487069558752266,0.6294412343587237,0.39443353474754117,1.3762368478861835,0.07596615029492697,0.29673313702462023,1.0680852666290321,-0.004384841360010938
1817,1.3104314218933535,0.17807670202294823,0.09741509609960586,2.536282602887707,0.682521569954651,0.4985553254214655,1.2511024300579807,0.07807843137254901,0.24842743369908585,1.2258511809943533,-0.05932899183537277
1818,1.3447129044372437,0.1915375271870588,0.08770871407751932,2.609301614594898,0.7049467014772822,0.47856414923805335,1.2681301947434775,0.061447965178218114,0.30790146465832025,1.2645887101576543,-0.07658270969376613
1819,1.375498391487768,0.1257281709817391,0.035565543673247796,2.4147501488841234,0.6235568247164673,0.39568247369583515,1.3837819212198381,0.05849991316070233,0.3722246884302438,1.0392517573963553,0.008283529732070027
1820,1.2542274814577916,0.1776846788817642,0.26444495363499354,2.3746612770111355,0.6522779008107125,0.6735358627259029,1.1793736418377696,0.04200413099186656,0.05577065323213412,1.1204337955533439,-0.07485383962002201
1821,1.380279832919249,0.10823768569534375,0.028846306063641566,2.326442259036365,0.5983708638951433,0.3971658029565048,1.3785069346964232,0.053619679264484,0.2664846969048449,0.946162426117116,-0.0017728982228257806
1822,1.3501067270107907,0.15511644380197182,0.04608478706384689,2.4178438274121907,0.636148421489746,0.38737037770601773,1.3543474307115768,0.07033163318704164,0.3728175962643132,1.0677371004014,0.004240703700786108
1823,1.4321830523576455,0.14114680812896535,0.08360389644587612,2.616633839588829,0.6515727752105307,0.3394674604766355,1.5015743817253675,0.09288544734067691,0.4928107122289509,1.1844507872311834,0.06939132936772197
1824,1.358937618637095,0.19936081382069085,0.09896278823401794,2.6699708690608164,0.6906812323739777,0.31676527552272,1.2866507191568752,0.08022214695742035,0.39505562334837513,1.3110332504237214,-0.07228689948021971
1825,1.3423381188242172,0.15514263048371874,0.06226504562778456,2.454487871619095,0.6509620157470276,0.4478512010267557,1.3185778286535048,0.05856638609828947,0.30690380989598787,1.1121497527948778,-0.02376029017071235
1826,1.348627725706117,0.20827954359543038,0.2145167841984853,2.6394996754481124,0.7071922440591669,0.6236076932893946,1.2450031801480286,0.038092571372099676,0.12967921758185041,1.2908719497419954,-0.10362454555808842
1827,1.2955112128506214,0.21056817912896864,0.29558274254003863,2.72672783565757,0.7350766041578266,0.704673651630948,1.1765572926146806,0.08232275214404908,0.1298222853488517,1.4312166228069487,-0.11895392023594087
1828,1.3892918475677116,0.16177999401188137,0.057742284102684456,2.6087786109645856,0.6656741299884412,0.43693748710844543,1.350017498172989,0.06207231354807388,0.32832090374505263,1.219486763396874,-0.03927434939472252
1829,1.3507875230962574,0.17713943390705736,0.037234580632878544,2.4474565765977694,0.6520494377055643,0.41792661300732914,1.2906200760481454,0.03891639163916388,0.2813029831978927,1.096669053501512,-0.060167447048111944
1830,1.32862321362026,0.10000176244092657,0.02881306654302747,2.1975875334691093,0.581331613602178,0.4144690211935349,1.318196736302684,0.04251868927734795,0.19468756663236436,0.8689643198488493,-0.010426477317575955
1831,1.3041756181809285,0.1501015315177761,0.10058740747885275,2.5017305590888994,0.6943579982984361,0.47535553954351867,1.239560031761537,0.025094308676398235,0.19880422611663384,1.1975549409079709,-0.06461558641939158
1832,1.3408146591741565,0.14425744518920347,0.05528535411829572,2.538108650988946,0.6657338307614244,0.4447369799712916,1.2947398055881578,0.03993072525445439,0.23548416533767125,1.1972939918147896,-0.04607485358599872
1833,1.3621207078014272,0.16408726827914955,0.14682146988084505,2.4976162324072195,0.6629597156799854,0.5559123789717544,1.302490313981111,0.04145849596669269,0.16577279788309093,1.1354955246057923,-0.05963039382031621
1834,1.3460261562984224,0.19689327296616793,0.17227443452031435,2.7578984356110645,0.7214223361870865,0.5813653436112236,1.2250263539504822,0.04440320725157966,0.18461685396089292,1.4118722793126421,-0.12099980234794017
1835,1.3267180168252355,0.1835540682577476,0.16111995491968129,2.57689999673755,0.7085670234186935,0.5702108640105905,1.2391277672515222,0.05083033872716834,0.19093860009800717,1.2501819799123144,-0.08759024957371331
1836,1.2682943208155415,0.1514415545919841,0.1376294289561736,2.25254268615501,0.6079071154421245,0.5424780655239108,1.2292729547868106,0.03649601977855686,0.13153692497358005,0.9842483653394687,-0.03902136602873085
1837,1.316843542381598,0.2112554290633889,0.20100602221441569,2.529665817123986,0.6855375179432777,0.5956482989751138,1.2225385825277337,0.05462424814939345,0.11021412753796431,1.2128222747423878,-0.09430495985386433
1838,1.2958972440208598,0.19153959581925842,0.22803163858172426,2.4006454843321903,0.6552583568636081,0.6371225476726337,1.2176917834312095,0.045923718189489884,0.09591791691600964,1.1047482403113305,-0.07820546058965028
1839,1.3676751692070108,0.11832897782764107,0.04368761893635168,2.448144169111846,0.6366949420851902,0.44194936644087235,1.3445063354023263,0.055225349752869246,0.23678795610965225,1.0804689999048351,-0.023168833804684486
1840,1.3823300183375542,0.12871454294348883,0.17464240216281846,2.5521383647244167,0.6639147612541467,0.5837333112537277,1.3359108042413754,0.04834742226898377,0.1975147945616606,1.1698083463868625,-0.046419214096178774
1841,1.2837950534014575,0.23248320868123884,0.11454469366110942,2.4337185084402106,0.6712238518785819,0.4795919448125989,1.204384360971883,0.11448364150690166,0.24143033649075957,1.1499234550387532,-0.07941069242957455
1842,1.2724024317748872,0.19622348427721364,0.24752076792146316,2.4136306940859837,0.6600330361360803,0.6549801823176545,1.1867127741447705,0.04643307512159967,0.06751381957928851,1.1412282623110965,-0.08568965763011671
1843,1.3765052525600667,0.17209410093132416,0.06737136281022567,2.578277739627783,0.6616012150846462,0.344600204557838,1.3680700591280102,0.06966787852701321,0.4457102509486186,1.2017724870677162,-0.008435193432056565
1844,1.3616117406630273,0.16066583534151158,0.0481544792590849,2.5262913681400354,0.6627107913276193,0.4260927228604082,1.317066418172728,0.050543535251144786,0.3030247891918669,1.1646796274770082,-0.04454532249029919
1845,1.2834956566545377,0.16047212278733952,0.2546210461187469,2.49042528703965,0.6729482724191231,0.6637119552096563,1.2042948136896972,0.02511312217194567,0.053477126104248957,1.2069296303851123,-0.07920084296484053
1846,1.2805188443197992,0.1708912915206099,0.07305780728182079,2.3416640412799516,0.6369146696184828,0.429522463719644,1.2438911292862902,0.04407708628005658,0.3119576080658395,1.0611451969601524,-0.036627715033509034
1847,1.3013719962368273,0.13435099944637968,0.1413842735266274,2.4671414200591024,0.6708527875344417,0.5504751826175367,1.2507529686313341,0.012413233675183974,0.12797257765611453,1.165769423822275,-0.050619027605493194
1848,1.3445524625867393,0.1752045479861887,0.2510290535822609,2.543494844344977,0.6785222072379511,0.6601199626731702,1.264200256456824,0.024411779228059153,0.0951729837166185,1.1989423817582376,-0.08035220612991534
1849,1.2790167687784066,0.25263207896790946,0.2095946145417017,2.55677725656847,0.6950223119019047,0.6007161743906082,1.1566049048100988,0.09546769139054707,0.14525678030187028,1.2777604877900632,-0.12241186396830783
1850,1.3233814667995767,0.20625662774419487,0.10301346490437485,2.4829833189703616,0.6667651395628941,0.4902162642024641,1.2539248144639985,0.06866294627065675,0.25469510962960584,1.159601852170785,-0.06945665233557818
1851,1.3385177777160917,0.15136350713827346,0.13399902064567465,2.6169991205117946,0.6994243054706877,0.5414551964733529,1.270854695497022,0.03972741259425576,0.2126158267289322,1.278481342795703,-0.0676630822190698
1852,1.379417758360422,0.09004607892941574,0.060689901373994,2.5045388621517204,0.6514166635167457,0.45485800557767314,1.3610548122498194,0.06762415977561777,0.2627842727470221,1.1251211037912985,-0.018362946110602518
1853,1.3181389739921052,0.17640499529150677,0.07884697457323861,2.477174043457932,0.6604016543482347,0.46995453986148794,1.253010863218151,0.05006705840352757,0.18029702715871854,1.159035069465827,-0.0651281107739543
1854,1.360226239543314,0.08820738925736957,0.028816038062795722,2.294254637299225,0.60272731651061,0.38519571675632425,1.3813805987530947,0.06405652727904551,0.33339581694954523,0.934028397755911,0.021154359209780704
1855,1.3232098537149068,0.17511098490086857,0.08454266037782779,2.585155024808267,0.6970783581489204,0.49172622652701126,1.2463932837873997,0.03659293582794191,0.2298817867599296,1.26194517109336,-0.07681656992750718
1856,1.4152927066395338,0.12546684089094648,0.09300762641891896,2.6107416749480157,0.6731998781217807,0.4921653191227472,1.3723412759662588,0.04530191281405531,0.2575463296273709,1.195448968308482,-0.042951430673275004
1857,1.3297488878664965,0.19093974776541306,0.07360249530261717,2.532796552792899,0.6641842038438086,0.4356443795565732,1.258716741254484,0.07458108992099832,0.18506188806818993,1.2030476649264024,-0.07103214661201251
1858,1.3084720354641783,0.12107346459158999,0.10354207209315135,2.3742470036246655,0.6490088328904524,0.5126329811840606,1.2736184945725344,0.022959530609469397,0.1597903544355771,1.0657749681604871,-0.03485354089164394
1859,1.3221908562869977,0.18011200882185185,0.20779951055555868,2.5490903275389853,0.6839298236210468,0.616890419646468,1.2348673826118772,0.04530498012695657,0.07735200813458906,1.2268994712519876,-0.0873234736751205
1860,1.2702527557516596,0.2032060483229995,0.3213473825873378,2.3996534267241363,0.6701426298882056,0.730438291678247,1.1763600741971318,0.04662525879917184,0.09139242957317222,1.1294006709724767,-0.09389268155452779
1861,1.29128269576056,0.16263912654040474,0.2511255530344326,2.5484447086894395,0.702714585200623,0.6602164621253419,1.2043525824167176,0.02466704018862856,0.07640843956375022,1.2571620129288794,-0.08693011334384249
1862,1.3722060675579064,0.10012683890163801,0.06732547975073225,2.218378811917475,0.5503685731952772,0.444304200075234,1.364251982182812,0.0523655913978495,0.1945937523409298,0.8461727443595686,-0.007954085375094344
1863,1.3770564805932113,0.17196139608849592,0.08428721833984615,2.70114604331579,0.7087015021425406,0.4933781274307554,1.309266448303255,0.04923063038671543,0.3056240754983001,1.3240895627225788,-0.06779003228995628
1864,1.365562216258703,0.18962626053590273,0.038471806377319485,2.739511476189173,0.711636381020077,0.4002721811992572,1.2756064336809017,0.031184094019158032,0.29903934049789527,1.3739492599304697,-0.08995578257780146
1865,1.3294891966818212,0.17212433613636696,0.1551742660583748,2.6175697856609283,0.7093174317569895,0.564265175149284,1.2424502374796245,0.03934274575449881,0.13686191161649391,1.2880805889791072,-0.08703895920219673
1866,1.3129301851747661,0.13320854778777735,0.11486905307974589,2.446792946796258,0.6523325907580285,0.5160397447733867,1.273834670643581,0.033784527346759116,0.2161218057197855,1.133862761621492,-0.039095514531185094
1867,1.3227218315014175,0.17948138320128704,0.09105667950128188,2.498684438473339,0.6602725300446161,0.48482235498418935,1.259169195709422,0.059979907883685346,0.2073533188697975,1.1759626069719213,-0.06355263579199555
1868,1.2516217441100417,0.19351142251922343,0.23235213181467684,2.4851765065061215,0.6873179179236266,0.6281690701447384,1.1585640292662136,0.04367124856815576,0.054870564340771755,1.2335547623960799,-0.09305771484382808
1869,1.3923026939733458,0.14910310365072205,0.05805427692896741,2.619450600665317,0.6716923469062888,0.4368510421949573,1.3569747298398376,0.05569119539707774,0.3318361709537729,1.2271479066919713,-0.03532796413350825
1870,1.3268775549045757,0.24309367426095402,0.24265898207664433,2.6877678808159517,0.719706705898054,0.6517498911675537,1.1975669563289544,0.07828028330673836,0.11200830661332284,1.360890325911376,-0.12931059857562133
1871,1.3848228607444852,0.15909251770867927,0.043557763271004205,2.6726859435336463,0.6934055494404288,0.44200538991455884,1.3275390497210093,0.04997971602434079,0.3004586943619122,1.287863082789161,-0.057283811023475906
1872,1.3566345077099684,0.18438955512125355,0.0965765121250802,2.545024475111547,0.6617628045452533,0.4873221541558588,1.3049525232008876,0.05231110173068804,0.30444184005805586,1.1883899674015788,-0.05168198450908079
1873,1.356563460679753,0.15362665799593594,0.07960389219308842,2.4100220667661505,0.6369725887335815,0.47753232129778767,1.3132986025085025,0.03204701707695718,0.2041918500658774,1.0534586060863975,-0.043264858171250475
1874,1.3174974645313613,0.1785039242169219,0.18640467197565658,2.575283168810003,0.7015121777417922,0.5954955810665659,1.2368381445775123,0.048123374210330715,0.193330641088855,1.2577857042786418,-0.080659319953849
1875,1.357578500704767,0.24632795205604258,0.18876632703276036,2.847052010521516,0.7469081369661644,0.5978572361236696,1.2048364426869413,0.053382679576769405,0.10452114847009408,1.4894735098167489,-0.1527420580178256
1876,1.303988096264061,0.16765023005486654,0.03457813284513119,2.40422366409067,0.6383065686808924,0.409289204013324,1.247917883714473,0.0333198469488018,0.23671088318631645,1.100235567826609,-0.056070212549587994
1877,1.2842038620092586,0.18186264009296216,0.0795054138261651,2.4661197550100353,0.6735049308431698,0.4324093656730881,1.20584025899007,0.03020674810458053,0.18825859703715037,1.1819158930007767,-0.07836360301918854
1878,1.28845239111189,0.2139762837478965,0.1681666705210519,2.515089035494154,0.7001106385808957,0.5754016024636576,1.1870804036707738,0.07206378022229135,0.13101541525794969,1.226636644382264,-0.10137198744111608
1879,1.3798591038771941,0.1309602439735271,0.10168051076057157,2.5656987895909777,0.6671175961285485,0.4999897572168247,1.352345653593951,0.07971014492753625,0.2820817597707524,1.1858396857137836,-0.027513450283243035
1880,1.3116208290614413,0.12147557271519449,0.07111352918721695,2.282477931312906,0.5879520408710954,0.3538337430463645,1.2903614646148678,0.04533682349707349,0.2465480033659858,0.9708571022514647,-0.021259364446573503
1881,1.3380264911237516,0.16933284601616722,0.06358697909489,2.6212674448188045,0.696794165908704,0.46466569176423056,1.2728933758114522,0.03486310960169214,0.29270384304198116,1.2832409536950529,-0.06513311531229937
1882,1.3067468914175628,0.19028069814519322,0.12969143166385183,2.4784003254005853,0.665159170803654,0.5387823407547612,1.2433499791108082,0.05471918791756167,0.21211552050950536,1.1716534339830225,-0.0633969123067546
1883,1.3375345945296888,0.20195078409797448,0.09515692633299032,2.740081677432055,0.7264620414576985,0.4916123244449869,1.2305792544968845,0.02994701806819728,0.25985604362615916,1.402547082902366,-0.10695534003280427
1884,1.371474684983161,0.10259100807886826,0.07330580949223328,2.3091479225512583,0.5907345413025108,0.45990303986561437,1.3738282893440052,0.06861204229625281,0.2301333518895885,0.9376732375680974,0.002353604360844308
1885,1.349426944562568,0.17280162354519485,0.0500031568497453,2.627106645892338,0.6835241799437726,0.4503266491643514,1.2767915728990196,0.02591748984531576,0.2586594080535216,1.2776797013297703,-0.07263537166354839
1886,1.3369103182789335,0.15196450312955012,0.2872153918986178,2.5011732274682514,0.6625230287969031,0.6963063009895272,1.2659033213958222,0.024567788898999077,0.05659417737261643,1.164262909189318,-0.0710069968831113
1887,1.3111123380414966,0.14514905509701276,0.16557539386560172,2.3660462868828116,0.6281416535525133,0.5633933330792145,1.264276249381656,0.034615211916123385,0.09145547482953824,1.054933948841315,-0.04683608865984068
1888,1.2017622890863024,0.16579178105165743,0.2340575482108399,2.4249160052873484,0.6856526453489977,0.6431484573017492,1.1240633668793656,0.06308943089430895,0.11751779006423671,1.223153716201046,-0.07769892220693686
1889,1.3436807091142622,0.18571223118300617,0.09390339259708907,2.6170222947679447,0.6972415903922775,0.481619644003232,1.2824411638479385,0.04970148040860614,0.2866001837934878,1.2733415856536825,-0.06123954526632369
1890,1.3470531514282376,0.12899633704845326,0.05886064364188338,2.5992739006492083,0.6891962978987767,0.4546997880274596,1.3138132720826001,0.05956764552456352,0.28557111109191063,1.2522207492209707,-0.033239879345637435
1891,1.3232101639571545,0.17119401501703307,0.10778887403287428,2.4621895240788914,0.6551796227521334,0.511123932764844,1.2627907876679592,0.04628666753325534,0.23250969968589347,1.1389793601217368,-0.06041937628919536
1892,1.3826483223443464,0.2243704644739886,0.1232178384366319,2.7690944815588625,0.7336480659950659,0.5305309025181488,1.2595160994462762,0.043450916051408245,0.24632914562256142,1.386446159214516,-0.12313222289807024
1893,1.2367678243425997,0.18072498836007553,0.13955104121779482,2.3245821689309825,0.6388805376971731,0.538700991983865,1.1694144978415189,0.06607003553783479,0.09811510496690551,1.0878143445883828,-0.06735332650108083
1894,1.3508592116891085,0.1854250024582148,0.04160105253877514,2.644317305674209,0.6878451344358244,0.40072129300985265,1.2863911089443147,0.041152273069963795,0.3662476331492521,1.2934580939851006,-0.06446810274479375
1895,1.3474272552943056,0.15236238308333927,0.07443688156611156,2.3977814268788817,0.6323138488943492,0.4740920491169513,1.3035216204537086,0.02716163578248486,0.1624577796041819,1.0503541715845761,-0.04390563484059706
1896,1.2448030496038873,0.21447236641038311,0.231283001271972,2.387601120891585,0.6711270372207705,0.6403739103628813,1.1520648287895308,0.07551565659139949,0.08973042272539919,1.1427980712876975,-0.09273822081435656
1897,1.302907126626669,0.13757012646024785,0.19288361615528438,2.4691688511820225,0.6693568384653823,0.6019745252461937,1.2436836842539587,0.02537557319636814,0.12692993352809298,1.1662617245553535,-0.05922344237271027
1898,1.3850211636311527,0.08862526437922383,0.07233276137450356,2.207697425020505,0.5601571713003568,0.4544194106982678,1.420653913180683,0.07599692596703955,0.3125859962209761,0.8226762613893523,0.03563274954953033
1899,1.317526551307624,0.18941453599514047,0.11374898129888983,2.5911254865350264,0.6901472742921647,0.5189370004473206,1.2257612003889684,0.032994482196548325,0.19776071615488078,1.2735989352274024,-0.09176535091865556
1900,1.2903189411345795,0.2176100871117002,0.225091182725133,2.6226364747569613,0.7306438225178178,0.6160089119473368,1.1747467385637207,0.07474011359982853,0.19091094206909515,1.3323175336223818,-0.11557220257085876
1901,1.4444016824123715,0.2743569532782367,0.1335844667226292,3.1342928983823466,0.783645979090918,0.5426753758135385,1.2476150928806615,0.04905214409883261,0.3090017200344837,1.689891215969975,-0.19678658953171002
1902,1.3784188450022197,0.05407795195762553,0.06142804404951509,2.251957264029091,0.5670066152954347,0.35864012537691725,1.4388837494893338,0.12055263925342666,0.3413406419894922,0.8735384190268713,0.06046490448711417
1903,1.3683306561976765,0.09363395759232342,0.1143349482565918,2.423324431075369,0.6418224763495148,0.523425857347501,1.3441398102959041,0.06580367019573012,0.144521348736729,1.0549937748776927,-0.02419084590177234
1904,1.3475357104588757,0.15511470343578965,0.16775129629344682,2.5735674510803386,0.6854495102971225,0.576842205384356,1.2754931023227714,0.005054302422723516,0.13640423836403406,1.226031740621463,-0.0720426081361043
1905,1.2908089123469262,0.2060529680775373,0.18860836252371843,2.6384042923429543,0.7244415656967735,0.5976992716146277,1.1772007538061442,0.0567357490554129,0.16159147793627154,1.347595379996028,-0.11360815854078199
1906,1.3134888124739514,0.22549590061872013,0.13227902176294865,2.645221946130131,0.7190084180310774,0.541369930853858,1.1955589304075684,0.054604792705023414,0.19714628056505035,1.3317331336561795,-0.117929882066383
1907,1.346834887117967,0.15345986091663794,0.04055788959585229,2.4277062266784726,0.6382470245448446,0.4343495011065628,1.3093354435160083,0.0340216287638616,0.30402847361953433,1.0808713395605056,-0.03749944360195867
1908,1.3447953549040537,0.23019869414530486,0.2549046684801696,2.742264941241067,0.7325593069301453,0.663995577571079,1.2058282985670177,0.02304293373485499,0.10525441130208489,1.3974695863370132,-0.138967056337036
1909,1.2665462672779613,0.15131016558186738,0.2117857582235564,2.401748802750458,0.6537521356309666,0.6208766673144657,1.210869840619567,0.05075233022636483,0.08106862500370078,1.1352025354724968,-0.05567642665839423
1910,1.3099783123101791,0.171515469890191,0.13173541438257794,2.3831083676866256,0.638812159953476,0.5332917368300942,1.2581048278243703,0.07466359938090444,0.15357465457903707,1.0731300553764465,-0.05187348448580886
1911,1.317161433362731,0.16023407350726723,0.13582205812872922,2.4127531211062476,0.6501851059182593,0.5358517975834038,1.264811742238135,0.03864605930012899,0.1501474244953075,1.0955916877435166,-0.052349691124595976
1912,1.3148247266463926,0.2429386362806466,0.13276929995098866,2.7555703968590572,0.7368712428743323,0.5365826863018244,1.175319119365044,0.07179960150003047,0.15558258171401207,1.4407456702126646,-0.13950560728134853
1913,1.3556136853604588,0.13448079982136163,0.04555536748441104,2.346852614614186,0.6101124990537526,0.36783077681740595,1.324656271742907,0.04748404067224596,0.23142690945813937,0.9912389292537271,-0.030957413617551888
1914,1.2859067089867326,0.16312814459676883,0.18319656050837368,2.4053651102979936,0.6687738586552624,0.5895534761721573,1.2493706956555344,0.06905284546816365,0.20710449313016105,1.119458401311261,-0.03653601333119827
1915,1.3778488113937546,0.13848168522269477,0.09638867216021352,2.520662072130217,0.6621224514609433,0.5054795812511228,1.329941116422566,0.02247158723544877,0.18400635630563447,1.1428132607364625,-0.04790769497118852
1916,1.3405127337562157,0.14112484392566202,0.11397478319902872,2.428183770808806,0.6475426620772209,0.5230656922899379,1.3069627295373671,0.03373054007303474,0.21080915244700849,1.0876710370525902,-0.03355000421884857
1917,1.360958244446452,0.18113150941753509,0.11733069444220304,2.677912382430881,0.7054042650626471,0.5264216035331123,1.2784479551183012,0.023837044892188075,0.21680028333343365,1.3169541379844287,-0.08251028932815085
1918,1.3195254138139632,0.11725017345761148,0.10162980484508327,2.3211801841704944,0.6145151536220266,0.5001632473771267,1.3026167951488716,0.04547872748571515,0.22053816756851527,1.0016547703565313,-0.016908618665091524
1919,1.3632311047261152,0.20808965912765431,0.05984989465661962,2.618236419352999,0.6854134312913556,0.43888906055111876,1.3030693585513884,0.09565989121099341,0.2962355845966636,1.2550053146268838,-0.060161746174726805
1920,1.3080478589255922,0.21524282625280586,0.2617951094016441,2.5290640670678606,0.6875652151828722,0.6708860184925534,1.20202591826082,0.05498409077584779,0.06914711050980689,1.2210162081422684,-0.10602194066477222
1921,1.314000659135425,0.20879703144810435,0.07850494493235383,2.5294374330512954,0.6825965431373737,0.4537448382765654,1.2350132170711026,0.0678590785907859,0.2945649851062204,1.2154367739158705,-0.0789874420643224
1922,1.379210290375504,0.17833066148433338,0.03090252292321683,2.6961711686276706,0.6997079978647436,0.41971063623053184,1.322151665251177,0.054204762383201065,0.3575719396469297,1.3169608782521667,-0.0570586251243268
1923,1.307805553845375,0.23525576001246962,0.11662375666256883,2.7322426796269688,0.7363865050328979,0.5036153005711171,1.1781511075571562,0.056268487906733944,0.21332274011323,1.4244371257815938,-0.12965444628821876
1924,1.4153470269712551,0.18357075155207558,0.15338016891097633,2.8908298206681406,0.748317478329539,0.5624710780018856,1.2907338934893025,0.027720750112729096,0.25082263270657434,1.4754827936968855,-0.12461313348195269
1925,1.2726806287957773,0.201082433307246,0.13003006442833284,2.3693333589713963,0.6383711510288066,0.519187387664416,1.2040192041731421,0.09602850303401436,0.21254560661761884,1.096652730175619,-0.06866142462263514
1926,1.3337742061314772,0.14455066533362393,0.12422812409674377,2.3504466146316174,0.6092764285551271,0.5272763492593833,1.2945378732077688,0.05693693693693694,0.12050037238411059,1.0166724085001402,-0.03923633292370843
1927,1.3763340247494953,0.16449406611568135,0.06132574438493003,2.759237089569701,0.7151583535645694,0.4598572299353723,1.297670507565706,0.05165671948960691,0.27672274282830556,1.3829030648202059,-0.07866351718378928
1928,1.3607719378097973,0.1522209666009756,0.04868997583352026,2.6395915545215556,0.6899066899033381,0.43094807413243663,1.3077418064085742,0.05784001498688651,0.27822191892178194,1.2788196167117583,-0.053030131401223146
1929,1.3152337961814684,0.20710959917361302,0.12404490189717779,2.6403536064167317,0.7089359014725346,0.5193236416157523,1.222017088655951,0.05529721090890345,0.20675057801289937,1.3251198102352633,-0.09321670752551747
1930,1.2721674183594995,0.2112642278935223,0.2349140995009797,2.476854474874195,0.6880606611956326,0.6327422390237659,1.178038545860792,0.0545211277884545,0.08064181557731394,1.2046870565146954,-0.0941288724987075
1931,1.3254120681160018,0.13967465947496388,0.1040916626993004,2.4941492072046003,0.6631585846375659,0.4954478826260116,1.279811270451809,0.046885471490738156,0.20244394061168758,1.1687371390885986,-0.04560079766419278
1932,1.300037778299426,0.1702768658134858,0.14211106194151726,2.383816883428801,0.6635629698179861,0.5512019710324265,1.2391821093031612,0.06521739130434782,0.17862217777332584,1.0837791051293753,-0.06085566899626471
1933,1.2990359558980236,0.16537629611604626,0.12910557137976245,2.3357177678318113,0.6269429307157834,0.5256390138320408,1.2486600022469,0.04569397022418332,0.1640457039998596,1.0366818119337877,-0.05037595365112346
1934,1.3078608180493836,0.1621368175491405,0.06802290857084872,2.352783931686576,0.6328931276767666,0.4649827719397522,1.27620332124187,0.08567569088760066,0.2607775881499035,1.0449231136371924,-0.03165749680751362
1935,1.2743482608611414,0.13339213266810868,0.26266462060810913,2.4332153104027054,0.6572014278739228,0.6717555296990184,1.2100069139550271,0.018168242906918815,0.04801523918860941,1.158867049541564,-0.06434134690611426
1936,1.311232864745881,0.10567449194602625,0.16391370445896852,2.344981005070176,0.6256866718916119,0.5730046135498779,1.2782276106981247,0.01722671331442608,0.0897935136733861,1.033748140324295,-0.03300525404775634
1937,1.2848564986966662,0.17280500819440225,0.11631545191575277,2.4587338452623104,0.6738729932989813,0.508612648564871,1.2139991022932972,0.05047764025856552,0.1113671178846895,1.1738773465656442,-0.07085739640336897
1938,1.3865068053396041,0.15214684689823574,0.04162630275105473,2.7171299863045237,0.6994692557219278,0.4307443082762086,1.3299137604219324,0.0513454967325593,0.32360093053922684,1.3306231809649196,-0.0565930449176717
1939,1.3893454397497573,0.13305379550636437,0.04146150279070546,2.5821237105879247,0.6828120955121995,0.44479853031479677,1.3642116510641924,0.05112603666389819,0.3430075639431503,1.1927782708381673,-0.02513378868556493
1940,1.3136548958545138,0.13349449808285294,0.11695872523147322,2.3274358232859362,0.61792072936719,0.5043400883088913,1.282109943275803,0.04879464194277364,0.17136062311194827,1.0137809274314225,-0.031544952578710816
1941,1.2568539546443178,0.14248110657951907,0.24582454795701544,2.4191141186637033,0.6709509662195939,0.6411003145238774,1.192421307181901,0.03967007257448432,0.038390760735053396,1.1622601640193855,-0.06443264746241684
1942,1.3332873129965073,0.18813588335190068,0.11345397700329446,2.494505237432957,0.6637870914691067,0.5011989904402758,1.2696354457926808,0.06456499944302106,0.2057273555689831,1.1612179244364498,-0.06365186720382643
1943,1.3726971839074753,0.16850154808359194,0.0835076352848581,2.5571210252836782,0.6708128851336879,0.47604364543190625,1.3193550402488816,0.043215211754537596,0.2971412576651843,1.184423841376203,-0.05334214365859369
1944,1.3573516623280757,0.10641070300419266,0.07742171717595829,2.4133213955065593,0.6383133215783907,0.48094766415155743,1.3340023794772682,0.034369328493647947,0.22035192028203712,1.0559697331784836,-0.023349282850807507
1945,1.3184103331678636,0.17909515373289941,0.06509186762863486,2.5489054663046087,0.6781738847964762,0.375380404448848,1.256016594535585,0.05991497910873648,0.3128012782660558,1.230495133136745,-0.062393738632278595
1946,1.3826194542790544,0.12708166386662903,0.038728832818400595,2.5595984414094013,0.6607094551065509,0.425314349467255,1.3675207615830707,0.06459772846883857,0.32758344417978524,1.1769789871303469,-0.01509869269598374
1947,1.3609268522545435,0.1761365014557827,0.1766976411208307,2.644681119317946,0.7025105594186114,0.5857885502117399,1.2760001103900773,0.03295751480891557,0.16169377976734794,1.2837542670634026,-0.08492674186446614
1948,1.383117169878359,0.10840635825236306,0.04183009956186834,2.501106211033693,0.6438660536549362,0.4251354205246419,1.3778993488640012,0.06358778004073316,0.3002058220646297,1.1179890411553337,-0.00521782101435786
1949,1.3622469493693714,0.1428274745717469,0.0968987926211904,2.357455033525801,0.6115936448085608,0.4862818151796422,1.3601780259267167,0.062388931200812424,0.2810530572435972,0.9952080841564297,-0.0020689234426547465
1950,1.4047217975556867,0.24823777452998763,0.06471006998234337,2.9872843689551463,0.762959988052975,0.4312381896009585,1.2302612943995057,0.01890102022552352,0.35821026417880686,1.5825625713994596,-0.174460503156181
1951,1.4044123498723635,0.18194683429909514,0.03599656960101608,2.6871414033100627,0.6849174320457196,0.3744581311928975,1.350054498458276,0.04792390707883665,0.3678993104457542,1.2827290534376992,-0.054357851414087444
1952,1.344920984642116,0.16986465274745155,0.07334590904290672,2.38841717194753,0.6248586491676071,0.4499251424739267,1.3169784685592607,0.06059466848940533,0.28426671909219214,1.043496187305414,-0.02794251608285525
1953,1.2852382115784886,0.10202229847160761,0.1289117991991073,2.237308238397411,0.5875907574884854,0.5352286521812051,1.276858133990823,0.05479997052972814,0.1873214803714977,0.9520700268189226,-0.00838007758766568
1954,1.3215781163075833,0.22978445632613959,0.1475542375049357,2.682294207481319,0.725395404608284,0.5552016119633856,1.2159755141943254,0.09412465027680218,0.22432141195302163,1.3607160911737357,-0.10560260211325789
1955,1.3569268735218598,0.26476354493828114,0.15261849784324033,2.906740336736286,0.757821130257134,0.556344007686778,1.1902253903487132,0.08157828209167102,0.21233767159216846,1.5498134632144263,-0.1667014831731466
1956,1.346415591815108,0.08658677053254263,0.025038766232741372,2.2611696331865065,0.5874962872186174,0.40234693796085635,1.3837865327365448,0.07211474110148985,0.3272402368525418,0.9147540413713986,0.03737094092143689
1957,1.3795358326394773,0.208086688565615,0.17897628991959824,2.7337353824691064,0.7262235475449359,0.5880671990105075,1.2655388098772589,0.03991456652626067,0.197826166367443,1.354199549829629,-0.11399702276221846
1958,1.324518298892086,0.16143287702826417,0.14696962845240533,2.4308304490031674,0.6338674000279989,0.5476731376505148,1.2642430086551948,0.04143622103955788,0.1573704250287439,1.1063121501110813,-0.060275290236891266
1959,1.3959540881284411,0.12315570970589668,0.0941355825239955,2.63319703252598,0.6852312449414539,0.4756759624817456,1.3648982983727422,0.07319433319105889,0.297650745962465,1.237242944397539,-0.031055789755698893
1960,1.3290807059752576,0.12391440250262267,0.09423437379841355,2.320279598751744,0.6070587918489756,0.4938551328520885,1.3206323152369726,0.04853962335521868,0.24527681501095955,0.9911988927764863,-0.008448390738285072
1961,1.3989812051525232,0.07417200962096723,0.06253071113765399,2.310326842711216,0.5815530133313169,0.4563169019583655,1.4091500705339555,0.06991521569055546,0.23227715860586884,0.9113456375586926,0.010168865381432246
1962,1.3213259265262416,0.2615786096960249,0.15044613907900295,2.6442259422454906,0.7238935153749824,0.5462247819133457,1.2157852071956685,0.14329675873376216,0.20732423143913875,1.322900015719249,-0.10554071933057307
1963,1.3237208681827526,0.15378005534703187,0.17960001692319288,2.5427840130453654,0.6755384044119295,0.5886909260141022,1.2569383951126976,0.01919739798268454,0.1289910014233564,1.2190631448626128,-0.06678247307005503
1964,1.3677694339465907,0.09658680694792883,0.03302538084340625,2.2033532093132373,0.5565667324529653,0.39695215890519653,1.3982673565573034,0.0853579984222449,0.29760120656645617,0.8355837753666466,0.030497922610712713
1965,1.2897645127132058,0.18068848282435052,0.24384354080188392,2.4742850755413146,0.6837949293107717,0.6529344498927931,1.2099009397635068,0.0640134696769748,0.12072270019064957,1.1845205628281088,-0.07986357294969904
1966,1.301327154343503,0.20402170948319187,0.15813088642909623,2.5490227068603337,0.6898511607103356,0.5672217955200055,1.2074150386479467,0.0556147991184558,0.08750142225441315,1.2476955525168307,-0.09391211569555624
1967,1.383530768041239,0.15165452359826112,0.08602918088742764,2.393583412872414,0.6214355677751859,0.3230617282034816,1.4160733393210416,0.07684729828262929,0.45604560016923174,1.010052644831175,0.032542571279802646
1968,1.4081080174925744,0.24619071709204826,0.05450476151062298,3.0164060925099494,0.7634329915093798,0.3919816312844512,1.2621677815874923,0.059884559884559874,0.41984878233374207,1.608298075017375,-0.1459402359050821
1969,1.356458087841197,0.1668849864705183,0.0689685450407374,2.6104351327158586,0.688328635554179,0.45950098653168614,1.2927062693938223,0.04130860057290571,0.24113383096773694,1.2539770448746617,-0.06375181844737465
1970,1.3262816218688052,0.16037935930601765,0.16583321192162576,2.54591740960878,0.6849024154680238,0.574924121012535,1.2580739778299,0.028108502751881335,0.1311167243078293,1.2196357877399748,-0.06820764403890522
1971,1.2647210124450128,0.22372309900203374,0.12353503906892517,2.46196034882664,0.6852614362360583,0.5090797269323719,1.1879239107550932,0.1258708365115688,0.20260302644368952,1.1972393363816272,-0.0767971016899196
1972,1.260701470899848,0.1777839453056722,0.1493689694375432,2.239772529257348,0.6129523819151343,0.5303803955647424,1.2045828090391986,0.05878787878787882,0.09909490688220635,0.9790710583575,-0.05611866186064951
1973,1.369362738445945,0.22015317544540353,0.28026786114002866,2.8652742378236606,0.756780000970406,0.689358770230938,1.221669277797484,0.027041478878618914,0.09800519913926732,1.4959114993777156,-0.147693460648461
1974,1.337819875521968,0.10013477858937556,0.08183035015209511,2.2304724213736717,0.5898483587968457,0.4781381802843778,1.35733051313901,0.07486772486772486,0.2715025347937051,0.8926525458517038,0.019510637617042192
1975,1.3573979286606779,0.19032635630446698,0.136008160889584,2.5933600901558185,0.6813593864984258,0.5335779593187291,1.2789628665466701,0.05612551924084248,0.2278941727428223,1.2359621614951406,-0.07843506211400775
1976,1.3371239532512296,0.18490932997876147,0.11253856622828168,2.7297759199287137,0.7257899382201408,0.5154772359749145,1.233817121534799,0.03204430630976075,0.18421461334755265,1.3926519666774841,-0.10330683171643051
1977,1.24853624088362,0.256348758030277,0.15558013606975143,2.519191465707996,0.693550628784187,0.5375720280566565,1.1214066429613623,0.11609817627581859,0.1513390219581198,1.2706552248243759,-0.12712959792225775
1978,1.2873076676674224,0.17658338937356868,0.08389630394961883,2.502041382146473,0.6854786437156255,0.4637338373918267,1.2114977048231432,0.023134608786576714,0.2056743114597835,1.2147337144790504,-0.07580996284427921
1979,1.4171487572624144,0.1105555412842501,0.05966607263838611,2.595807077569529,0.6696954237278401,0.4501942654310114,1.4113211671040466,0.0881642797964256,0.3281931833457892,1.1786583203071148,-0.005827590158367757
1980,1.3601769540195339,0.09795483465426802,0.04892607779192464,2.3129822320038462,0.59022697217807,0.438570035910099,1.3561828415140447,0.0591488229667238,0.21729280700749287,0.9528052779843124,-0.0039941125054892
1981,1.3905303641003421,0.24476383365428628,0.3013281417223646,2.91112364897693,0.7631912340446261,0.710419050813274,1.2172531081033113,0.02813852813852814,0.11310145277187085,1.5205932848765877,-0.1732772559970308
1982,1.2875287935749449,0.19676152862447377,0.2111998964431394,2.572421141445621,0.7020198603502765,0.6202908055340487,1.1869687707466365,0.023073112039068585,0.10940092668221106,1.284892347870676,-0.10056002282830834
1983,1.325207460124277,0.23939115003664108,0.2082730692746813,2.7945215875965133,0.7497963503164031,0.6173639783655906,1.1789602053063901,0.0554651350829695,0.12638619354301156,1.4693141274722363,-0.1462472548178868
1984,1.3782449671072219,0.2710862341021828,0.23709407220195744,2.978194437203488,0.7709198571746825,0.6461849812928666,1.186546462810426,0.06772880876730034,0.13046445455202776,1.599949470096266,-0.1916985042967958
1985,1.3608242557560073,0.165132782128281,0.05765415708311995,2.629131678014109,0.6894162503826751,0.4667450661740292,1.3083757466961792,0.04167659074463479,0.31048194918771416,1.2683074222581017,-0.05244850905982812
1986,1.3781084638136574,0.12271353268977844,0.07471393697051985,2.4371106050734666,0.6265640964889152,0.4522293176490335,1.364663391985749,0.05622180275956078,0.2794183855551508,1.0590021412598092,-0.01344507182790844
1987,1.3036534845314214,0.12078811629306775,0.10725187750860954,2.397427623063483,0.6367654236948218,0.49903550889058335,1.2768704959931367,0.05727604967576097,0.20174341244740523,1.0937741385320616,-0.026782988538284647
1988,1.3851296457368374,0.13887698116819597,0.07425147853308561,2.646236064461597,0.6842017461831668,0.4607853120434006,1.3421126130790761,0.05980646298421868,0.30682491100200415,1.2611064187247596,-0.043017032657761245
1989,1.3155570769539766,0.1643499540624405,0.17962397840109473,2.501430932472293,0.6718207525446049,0.5876274723449628,1.2485374112694991,0.02651942571441679,0.16445111495099884,1.1858738555183166,-0.06701966568447748
1990,1.368096757440633,0.10431039535264994,0.08814543293797693,2.358518818191131,0.6071966679119012,0.4972363420288862,1.3507958882539304,0.06766752073270954,0.1476389886631766,0.9904220607504979,-0.017300869186702705
1991,1.2216468570752552,0.21220155650827832,0.21913350916941288,2.4376605912189993,0.6780140427244348,0.6282244182603223,1.1221873477870523,0.08226108323477746,0.09360464973684447,1.216013734143744,-0.09945950928820291
1992,1.3874947537120734,0.06124090375020064,0.04830133158458526,2.2103795194138023,0.5619997732763846,0.43905713218150344,1.4223534731543501,0.09266328909186052,0.27203585921317514,0.8228847657017289,0.0348587194422767
1993,1.287085668266046,0.1952107298428219,0.19160274047566273,2.5385101899625986,0.6897578892741645,0.600693649566572,1.1888230401890687,0.03272317005573519,0.08099945444099475,1.2514245216965525,-0.09826262807697739
1994,1.3620963634162866,0.07127033075754377,0.0606532269862229,2.3007112730193118,0.5908665185992977,0.43716038580506184,1.3797740780305334,0.08786432056039695,0.2586973232132206,0.9386149096030252,0.01767771461424683
1995,1.3073052261231108,0.1646460216067994,0.21371342701130486,2.4882531311932308,0.6708142052762474,0.6228043361022142,1.232817562320217,0.02486212653272699,0.0926938337916929,1.18094790507012,-0.07448766380289373
1996,1.383504863537842,0.05000752792499614,0.024560981549249204,2.321993924406201,0.5941974009071433,0.41171724719566244,1.3995590531334456,0.0683691084380855,0.24538352510374933,0.9384890608683589,0.016054189595603674
1997,1.344531121133682,0.1391805115862482,0.10547719996538898,2.3636447809570336,0.6264017347364129,0.511535080099393,1.3270371574625868,0.07526977151286272,0.19269723051833015,1.0191136598233517,-0.017493963671095125
1998,1.2663464689107133,0.1547532553676074,0.18248079228614142,2.367972082174824,0.6382602015260075,0.5915717013770507,1.210254053393017,0.0626029790440233,0.06038584792748161,1.1016256132641105,-0.05609241551769628
1999,1.351386714566249,0.14348821244543125,0.10780389867659962,2.4730871806500945,0.6495822934985115,0.5133565719158294,1.3184683903456693,0.036685179771996486,0.25469680121248295,1.1217004660838454,-0.03291832422057972
