replicate,log_resource_neutral:count_cross_entropy_nats_per_event,log_resource_neutral:count_total_variation,log_resource_neutral:resource_share_total_variation,linear_resource_neutral:count_cross_entropy_nats_per_event,linear_resource_neutral:count_total_variation,linear_resource_neutral:resource_share_total_variation,historical_count_shape:count_cross_entropy_nats_per_event,historical_count_shape:count_total_variation,historical_count_shape:resource_share_total_variation,linear_resource_neutral:cross_entropy_minus_log_neutral,historical_count_shape:cross_entropy_minus_log_neutral
0,1.3560595280612637,0.16248158134418883,0.1358608903727505,2.6502508530089166,0.6974801326954589,0.5449517994636598,1.2931568283883546,0.04205955334987592,0.224897520986518,1.2941913249476529,-0.06290269967290918
1,1.2729651749319695,0.18124411892627607,0.22884189141073163,2.575846997867165,0.7046667482337137,0.623181518223486,1.1761407231972345,0.037667054217387225,0.09658459110870252,1.3028818229351957,-0.09682445173473497
2,1.3407126378871772,0.13820888893139643,0.16481439105088147,2.529057106601092,0.6783887520943983,0.5739053001417906,1.2870454869634362,0.041820997801009646,0.1624527482810138,1.1883444687139146,-0.05366715092374097
3,1.2915139190485512,0.16771768626550543,0.2862976978219623,2.480583689350588,0.6731640501963212,0.6953886069128716,1.210159520124027,0.030770926081015566,0.04923984216385255,1.1890697703020368,-0.08135439892452423
4,1.3834224254190581,0.1828032449507629,0.16558355372424383,2.717171348020346,0.7048963653803793,0.574674462815153,1.2965652517939872,0.02932942111376003,0.20590576900739774,1.3337489226012877,-0.08685717362507095
5,1.3832103510814362,0.14719772150989754,0.062372492875391296,2.6268655019938913,0.6817107318133808,0.4640574057700071,1.3516835940459697,0.06965292765666219,0.28894457962451614,1.2436551509124552,-0.03152675703546648
6,1.3232464475226284,0.09718775877213309,0.10624103284875018,2.286045803631489,0.6019571190199966,0.5153319419396594,1.3105313716715155,0.056209518445508325,0.12823386876955706,0.9627993561088606,-0.012715075851112978
7,1.302969779703225,0.18724385369872393,0.0835038892238236,2.584104086873038,0.6934281935399431,0.4636404294485771,1.2128822531432695,0.02330420307948399,0.2123561585388523,1.2811343071698131,-0.09008752655995544
8,1.369115466810627,0.14365142389453867,0.15405717085426696,2.6501483675358513,0.685752060732745,0.5631480799451762,1.307841147498517,0.039610748108645906,0.20288964406092802,1.2810329007252244,-0.061274319312109915
9,1.3706761102610288,0.12197791223070902,0.121773645462066,2.485278341837876,0.6470435277914202,0.5308645545529753,1.3503350031887718,0.0660759493670886,0.21479013679500697,1.1146022315768471,-0.020341107072257003
10,1.385051839308801,0.12814808817073353,0.06972384907780996,2.604329079315004,0.676443349929917,0.4788147581687192,1.3469499750888045,0.060290387359298175,0.24130807700223217,1.2192772400062029,-0.038101864219996395
11,1.364478053629735,0.2741764719784442,0.2144843265538502,2.9502292211631467,0.7635350970512955,0.6235752356447595,1.18338466989865,0.10350751854119887,0.20228366524008534,1.5857511675334117,-0.18109338373108486
12,1.3198593215733665,0.21219774596854504,0.24066886732890463,2.558485776141286,0.6763868942310656,0.649759776419814,1.2193325642727375,0.057548073553120395,0.0952702226940784,1.2386264545679195,-0.10052675730062899
13,1.3032217622989954,0.1898864525063683,0.08860907139201234,2.505179018473737,0.6728060083813945,0.4565448613013766,1.2274342374302518,0.04512758458420968,0.2665714809350308,1.2019572561747414,-0.07578752486874363
14,1.33940884168044,0.1674252576069068,0.1455109746866008,2.539355626924475,0.6697054412275762,0.5501972854050328,1.2887556393953918,0.05776376907763771,0.18444779735284955,1.199946785244035,-0.050653202285048105
15,1.3041561614695072,0.18796526662583707,0.21691471279979418,2.4679247851862542,0.6688613352949608,0.6260056218907035,1.2438517373073128,0.09553171261713975,0.14890697759823052,1.163768623716747,-0.06030442416219439
16,1.3386760470633563,0.13557474251932317,0.16388374257427768,2.4869871058616795,0.649196112865246,0.572974651665187,1.2938235226062245,0.04007202325888726,0.16635649603437538,1.1483110587983232,-0.04485252445713184
17,1.3563675639100776,0.13399233019098145,0.053891472826486826,2.529373980502441,0.65804097778091,0.4520759257036126,1.3258592049097588,0.05097568735900555,0.27185574500149534,1.1730064165923635,-0.030508359000318785
18,1.352693549646607,0.11210543682127534,0.121162117398347,2.403105156815016,0.6252068314438168,0.5302530264892562,1.3340160793958287,0.0721846761057966,0.18226880058181383,1.050411607168409,-0.018677470250778372
19,1.3076409401864821,0.21630107887381966,0.24103469205785358,2.622280842888702,0.7134944678907493,0.6443109155127118,1.1910979830073964,0.056863275613275636,0.11833226395873483,1.3146399027022198,-0.1165429571790857
20,1.3073656718420434,0.16935164223513355,0.15865673650341716,2.504095727419494,0.6700102772542744,0.5677476455943264,1.2327868746091912,0.01598173515981734,0.11543392263113,1.1967300555774505,-0.07457879723285221
21,1.2823416542763129,0.20608563420866766,0.28509249082554716,2.4948919518067205,0.6728758753933353,0.6941833999164565,1.1934877806422006,0.09271803717880708,0.06327124645235228,1.2125502975304077,-0.08885387363411223
22,1.375199739974936,0.12455107561872639,0.032718659919638945,2.5617999114976064,0.6640653376281196,0.4272368783522795,1.3542277964825775,0.0726935260417512,0.2768388285927841,1.1866001715226704,-0.020971943492358536
23,1.3196771208131475,0.20460449606314962,0.14499422590597677,2.676664790261745,0.7162506844370358,0.5319904665991981,1.2215182751029525,0.043321166196922806,0.24550563048116192,1.3569876694485976,-0.09815884571019495
24,1.397599539560622,0.16854467151448083,0.08437480618588715,2.840500428868206,0.7395063381189805,0.4934657152767964,1.3068981362532501,0.06680576866446583,0.24997198749019117,1.4429008893075839,-0.09070140330737186
25,1.2874773381669449,0.19784445871309564,0.23248931152220126,2.6367841853521705,0.7171240883290726,0.6415802206131105,1.1814456408562997,0.058939259013813236,0.04252526616479834,1.3493068471852256,-0.10603169731064521
26,1.3809418432655751,0.17852083790246306,0.08825331117711066,2.6441356008532084,0.6887283627833246,0.49734422026801994,1.3247264683185993,0.041801853676902145,0.2963268430409708,1.2631937575876333,-0.056215374946975816
27,1.2472508556358877,0.2377207672882002,0.15509554173382215,2.4170480113042263,0.6682260695087325,0.5131180770991124,1.1594247367772408,0.11510549438628842,0.2397658838929111,1.1697971556683386,-0.08782611885864688
28,1.3463997100652516,0.09817577310724682,0.14710093553410267,2.3983041691074902,0.6313806245877418,0.556191844625012,1.334589131422848,0.08492941769816144,0.1589237811223316,1.0519044590422386,-0.011810578642403646
29,1.3800423013351595,0.17955455606839635,0.06442349571415029,2.7701104467198006,0.7162919910033678,0.4668112853322391,1.2938936550160638,0.03335572098588448,0.26971723464159275,1.390068145384641,-0.08614864631909569
30,1.2513913493758873,0.2261213708560686,0.34349930897727143,2.5392698082992764,0.6962633319395495,0.7525902180681807,1.128349936862816,0.06668899103980844,0.07147953456257401,1.2878784589233891,-0.12304141251307121
31,1.3829918623299962,0.13790390402031674,0.04945978384290545,2.4904153294894353,0.6467735616743424,0.4514164468272355,1.3664021992048183,0.047885894407296375,0.29399948526178543,1.1074234671594392,-0.016589663125177845
32,1.3204177480910144,0.15880928916756562,0.2447087524302337,2.4298066489198455,0.6461260948201177,0.653799661521143,1.273826554353628,0.04921233693090735,0.1538835401504759,1.1093889008288311,-0.046591193737386405
33,1.3550518008538093,0.12454306796310702,0.057156047236891896,2.379501848972867,0.6277362526404976,0.4600091465956325,1.3617544131455848,0.0760749498134462,0.28845459174551313,1.0244500481190577,0.006702612291775489
34,1.2876165095709384,0.163949836847928,0.2058091712374226,2.599686048067312,0.7111066909981656,0.6108359067120115,1.2018829606662662,0.03551516591431066,0.06906466215571719,1.3120695384963736,-0.08573354890467222
35,1.3352302114514165,0.1832077140742866,0.14607036803674658,2.748385467040177,0.7216858592510496,0.5551612771276558,1.2352600391447295,0.05212033428745501,0.18197530503575798,1.4131552555887605,-0.09997017230668703
36,1.3396482263763445,0.12472657327496252,0.17986793518870411,2.5399873152551433,0.6727196708026579,0.5889588442796134,1.2886808208795255,0.04086416376919168,0.11923433682712156,1.2003390888787988,-0.050967405496818996
37,1.3211041411865394,0.22096853102820346,0.28900409934892674,2.783236070394941,0.7433696178818332,0.6980950084398361,1.1736167217390032,0.028010462322874737,0.0331165550733743,1.4621319292084016,-0.14748741944753618
38,1.3368082722376429,0.1843874160418566,0.1424548375854881,2.702515428275346,0.7109651282453129,0.5515457466763973,1.243190141407109,0.02713110906340737,0.20117431618361903,1.365707156037703,-0.09361813083053394
39,1.326048064088141,0.1597746106708211,0.1674950448600607,2.6126156881540226,0.6993540587543196,0.5765859539509699,1.2483862022909493,0.023949905359698844,0.10883082789923286,1.2865676240658817,-0.07766186179719159
40,1.2576665282027781,0.16307188203780495,0.2610323239764646,2.555832455881983,0.7062550368184035,0.6559899370673126,1.1675405587077634,0.04441036039549051,0.06895850766829983,1.2981659276792048,-0.09012596949501472
41,1.2547525725658506,0.20993494147796063,0.21078267461504818,2.498760886985164,0.6844151919074286,0.6092505592872502,1.1487291541970217,0.035353535353535345,0.05179506785459152,1.2440083144193133,-0.10602341836882889
42,1.3064718607026427,0.2066669581996945,0.14762745914676462,2.6890811993761243,0.7298664833227129,0.5064471172922065,1.1939513206177985,0.02276412700377545,0.2237329728242986,1.3826093386734817,-0.11252054008484413
43,1.3871534794879623,0.17177692439130568,0.20563169263704534,2.7797333206252213,0.7269341503460501,0.6147226017279546,1.2856312713885691,0.03582317073170728,0.16234656280157173,1.392579841137259,-0.10152220809939316
44,1.2887618730949613,0.24462516410951246,0.19129944584355757,2.650398228150158,0.7219321339580551,0.6003903549344669,1.1530208661340873,0.05698378210599829,0.1478048092030091,1.3616363550551966,-0.135741006960874
45,1.3586539830137152,0.16157528342298244,0.19333332860547403,2.6135391245997903,0.6884937290889304,0.6024242376963833,1.3096630847224429,0.05264450056116722,0.23107695089481656,1.2548851415860751,-0.048990898291272345
46,1.3667533635012663,0.13083304879910862,0.14712527328715314,2.5363594776676823,0.6595630111095807,0.5562161823780625,1.3403830784688036,0.07171656293818114,0.2126231198044506,1.169606114166416,-0.026370285032462748
47,1.3252752702557486,0.19958762209505332,0.22495953770287005,2.5939997227261973,0.6925941720947015,0.6340504467937793,1.2270065129400929,0.029464126924696948,0.09892922908851887,1.2687244524704486,-0.09826875731565576
48,1.3219192219364335,0.174938060499654,0.1808859388516145,2.6898590665774944,0.7213624711834259,0.5899768479425238,1.2377046776654335,0.04357942338183831,0.2328548737270803,1.3679398446410609,-0.08421454427100006
49,1.4270028040369342,0.10095864528525375,0.04719696800318326,2.5542882568307457,0.6576548683513355,0.44928647054073145,1.428545192418633,0.08846910143390557,0.27981491296563415,1.1272854527938114,0.0015423883816987338
50,1.2707816516889001,0.17080142048823954,0.1350951386123812,2.4681691703795408,0.6756811227042976,0.5223236540400564,1.1975889292990325,0.013080518697225568,0.14345518946332841,1.1973875186906406,-0.07319272238986763
51,1.3393465685450443,0.19858753413299524,0.1451915617770066,2.807385872474906,0.7329404150335193,0.5542824708679159,1.2195763928162897,0.02950066656987103,0.20477285096904763,1.4680393039298618,-0.11977017572875459
52,1.2755989795898837,0.18867500256502423,0.15821834059406473,2.5920655740616327,0.7108530979288448,0.5409870091477895,1.1821912905841954,0.05804615929138454,0.13497967867890215,1.316466594471749,-0.0934076890056883
53,1.319233799382309,0.13163803842763994,0.13669482139853734,2.4849237358921576,0.6648851045920721,0.5457857304894467,1.277062606612787,0.06303693500663198,0.15141518607915663,1.1656899365098488,-0.04217119276952186
54,1.3595547336924725,0.1275797708042415,0.08327965808351007,2.4407315732886157,0.6379754853665269,0.4923705671744194,1.3655354899703043,0.0670146545976717,0.2870309974758983,1.0811768395961432,0.005980756277831789
55,1.3975413562719283,0.18402914019138683,0.27013604946726477,2.8014636069092447,0.7371339352922195,0.679226958558174,1.2805322989654728,0.04051917701507587,0.10273800831113535,1.4039222506373163,-0.1170090573064555
56,1.326340383312965,0.21352689848494177,0.19278197506506994,2.6914402798299966,0.7128933142475327,0.5999402953256592,1.2202221386441843,0.06689538091532861,0.14600068717891232,1.3650998965170316,-0.10611824466878073
57,1.36896508034536,0.10621114362410014,0.10535121528850433,2.2232477047003107,0.5715066322007287,0.5144421243794137,1.3732199394008675,0.0579907233334361,0.17954590466631787,0.8542826243549508,0.004254859055507598
58,1.286079124379922,0.1754003261479293,0.09432216158250589,2.503711850271153,0.6789994317925145,0.48423073289904994,1.2070790647062013,0.033530557257192936,0.19648039345012602,1.2176327258912312,-0.07900005967372059
59,1.3264885433152114,0.18306299413467902,0.20843813208756876,2.4473138866255617,0.6520015765569382,0.617529041178478,1.2611297476037184,0.06568977164666552,0.110594413517131,1.1208253433103503,-0.06535879571149295
60,1.333098144024195,0.17878726481938978,0.0789158925370613,2.453009313299204,0.6547575196873263,0.48146697725971693,1.287022061285385,0.05348127274862041,0.2677049923755487,1.1199111692750092,-0.04607608273880981
61,1.3072518026519577,0.21868230664234348,0.29308621381594363,2.808874919921974,0.7475973673063218,0.702177122906853,1.1484032264373787,0.016852016607354685,0.07464233716283362,1.5016231172700163,-0.15884857621457904
62,1.3226402902901748,0.17932472958643403,0.08712762171300932,2.5082015433183757,0.6676902674181506,0.46662859515004596,1.2734115878070205,0.0625391124756338,0.2778217572657462,1.185561253028201,-0.04922870248315436
63,1.3408216347724342,0.19441332776766002,0.2974047247448107,2.6539356635923923,0.7025700391501047,0.70649563383572,1.2382183356405203,0.04092205563127872,0.07046522559632146,1.313114028819958,-0.1026032991319139
64,1.2871552104081636,0.20732792378115664,0.20291135561484538,2.59697562413141,0.7025187227518471,0.6025665936702946,1.1762321749883966,0.07306751147736587,0.1540489417199929,1.3098204137232465,-0.110923035419767
65,1.351976358921358,0.1281758318339253,0.09580947522380605,2.576225583919741,0.6718225763149682,0.5049003843147153,1.3099789816087264,0.034752473890727026,0.2243901560387836,1.224249224998383,-0.041997377312631645
66,1.2483046038416596,0.19416033251875658,0.21764908789008203,2.38663238600199,0.6602712905185032,0.623099108153698,1.164044806697615,0.046584586853492725,0.0436854704386729,1.1383277821603304,-0.08425979714404463
67,1.2884026002690794,0.1931982443665312,0.2908403641378078,2.476117636621343,0.677886124480092,0.6999312732287171,1.195638797921617,0.018533316941234303,0.019074441102233122,1.1877150363522637,-0.0927638023474624
68,1.3427868327321661,0.09747448427448999,0.0911521472277571,2.326768079496319,0.6082856201798053,0.5002430563186664,1.3395722893023492,0.04794685990338165,0.20883046904302266,0.9839812467641527,-0.003214543429816974
69,1.33187245116749,0.24161574152187942,0.23034628035816446,2.826513549609724,0.7464684756889182,0.6394371894490737,1.1965405727068692,0.08795812780178992,0.18073483329725099,1.4946410984422338,-0.13533187846062078
70,1.4457713474927347,0.24023804353610154,0.09362902434140243,2.9968250156870324,0.7540860567814158,0.4987932437804169,1.3450894936467135,0.0649122807017544,0.3649241976649159,1.5510536681942977,-0.10068185384602124
71,1.3893320337759507,0.11084762666501688,0.08676935568455088,2.5368317332158377,0.6514505321257085,0.49586026477546014,1.3685073639370284,0.06349971455040837,0.2425586513744191,1.147499699439887,-0.020824669838922283
72,1.3152148568477886,0.17994098168518938,0.21574989144238949,2.5846973636324084,0.6948815757831741,0.6248408005332988,1.2243050772484727,0.02339760800585798,0.09432563905322791,1.2694825067846198,-0.0909097795993159
73,1.338369851446069,0.1762259356038168,0.32017407438261347,2.7101546205713563,0.7309312927204303,0.7292649834735228,1.2231417570585714,0.049210542276252926,0.06167780958989691,1.3717847691252874,-0.11522809438749748
74,1.3972305366201558,0.12031957197023455,0.07806636612481041,2.6145389935605827,0.6712211040240235,0.4871572752157197,1.377806798530583,0.0629506769712155,0.29134502343386415,1.2173084569404269,-0.019423738089572762
75,1.2878136865859036,0.14312813254243384,0.10166767127388117,2.397252575831402,0.6486792858751245,0.5009039939973661,1.240505147947942,0.04455995054802625,0.1419573217824365,1.1094388892454985,-0.04730853863796147
76,1.339477237823187,0.165033855373804,0.23786993011136165,2.5269057147604395,0.6688835212484258,0.646960839202271,1.2758385750553303,0.03169964624955584,0.1606569252388571,1.1874284769372525,-0.06363866276785668
77,1.4138010757771615,0.1319020995800154,0.0733717392056856,2.6952109382053404,0.6944315974774093,0.4824626482965949,1.3915919696964156,0.07637850720398659,0.3204482852101985,1.281409862428179,-0.02220910608074589
78,1.2849975204744637,0.20855909988664523,0.361368078994195,2.588869946027926,0.7016506489316426,0.7704589880851043,1.1651016873467546,0.05485388098001079,0.07949485036050659,1.3038724255534624,-0.11989583312770913
79,1.3454505851111636,0.1734121653383378,0.11511159884467634,2.654070516843911,0.6977352530489007,0.5215748076948387,1.263732874453833,0.02727496081670692,0.1637709374176535,1.3086199317327476,-0.08171771065733058
80,1.3521589421831615,0.16502319352669786,0.22970372139206413,2.6772312301578145,0.7100113314522867,0.6387946304829735,1.2603556665294575,0.023694141595218453,0.05194762179423246,1.325072287974653,-0.09180327565370394
81,1.332858252775267,0.22667842463047033,0.11122087940673525,2.683729157894198,0.7027518661422896,0.506820110494753,1.2252344180047803,0.07303199039196424,0.2502720074853651,1.3508709051189312,-0.10762383477048676
82,1.4170853352378892,0.15421849219643194,0.056682574862230675,2.7181264314921596,0.6969529519881899,0.45611866495719844,1.3798804551068256,0.06720834297170172,0.35468909888660993,1.3010410962542704,-0.0372048801310636
83,1.3679673512505757,0.07594616031406937,0.07741451042144355,2.4732963017623453,0.6459220610143792,0.4865054195123529,1.3720049689075806,0.10933539937982062,0.20405969509267397,1.1053289505117696,0.004037617657004944
84,1.2871686486503358,0.23903596393042986,0.24768172618144255,2.695123802142464,0.7313748830238298,0.6567726352723517,1.1489278765830409,0.061995820896674256,0.038303458515633916,1.4079551534921284,-0.1382407720672949
85,1.300892751083146,0.24278172950772559,0.316390187934225,2.7171564162722164,0.7321943241859427,0.7254810970251342,1.147141170271035,0.05049392236788955,0.04408738027598526,1.4162636651890703,-0.15375158081211104
86,1.3474276457422452,0.1551252507835159,0.1507144459000928,2.5743983609056245,0.6818593062461566,0.559805354991002,1.287877016403098,0.04135854689249201,0.17320327167671712,1.2269707151633793,-0.05955062933914723
87,1.31016103308616,0.1676840073753503,0.24521742515195835,2.4605185944678367,0.6703045460258693,0.6543083342428677,1.2413814833855923,0.032424297361800664,0.05299899513930103,1.1503575613816768,-0.06877954970056765
88,1.4102951193836506,0.0732493607822467,0.1123048493153192,2.4748831368163127,0.6471028103099665,0.5213957584062285,1.423539800485972,0.12895495998511075,0.2040134356400937,1.064588017432662,0.013244681102321465
89,1.3302236613554972,0.12923091071453846,0.26388104700800175,2.4214679153594636,0.6429734074212776,0.672971956098911,1.2815399939591976,0.01914526104641446,0.04994376736312761,1.0912442540039664,-0.04868366739629959
90,1.3906882981990032,0.13983816630841844,0.2145249792879116,2.6598754660535837,0.6952213309867906,0.6236158883788209,1.3194480896730947,0.048294222046933545,0.1156485179693709,1.2691871678545805,-0.07124020852590851
91,1.3134853942452744,0.20888361667593722,0.18032273631956713,2.6471761052145135,0.7101132696267806,0.5838641638646208,1.2008510948615814,0.044209771193580355,0.15129005154479938,1.333690710969239,-0.11263429938369307
92,1.3209486317535837,0.16409994686990315,0.11511853888171289,2.386031853199473,0.6331334987785859,0.52129148212626,1.289209044125132,0.05266292949232005,0.2368030195250155,1.0650832214458892,-0.03173958762845164
93,1.435311325138854,0.22460859954536072,0.393661971881531,3.062872615389516,0.7945696961872495,0.8027528809724402,1.2416810673148175,0.04318204318204316,0.06634027983392553,1.6275612902506618,-0.19363025782403653
94,1.3734842692995464,0.16191629347721448,0.1384782819836938,2.697083980290002,0.7004507035401097,0.547569191074603,1.2999453858373673,0.0360838939057571,0.22030614410485297,1.3235997109904558,-0.07353888346217907
95,1.303266564500884,0.20730900544655584,0.299844933827257,2.7274772360969344,0.7383684192607158,0.7089358429181662,1.1765616123631624,0.03852149552702783,0.036695864767302855,1.4242106715960503,-0.1267049521377217
96,1.3648272731976494,0.19349578561286723,0.11845078686191107,2.6874963442173962,0.6999024693085901,0.5144055336144336,1.2816288161267537,0.036101412981885295,0.23389639547789615,1.3226690710197468,-0.08319845707089568
97,1.3352354162836955,0.23814264481763014,0.2279219628674018,2.7121647881862407,0.71975805015864,0.637012871958311,1.205820112707745,0.054868658041051455,0.11415011014216125,1.3769293719025453,-0.12941530357595044
98,1.3639503985062795,0.10277095073195877,0.05891830220626175,2.3371840067542617,0.6105284033219052,0.468009211297171,1.3891221143785661,0.09711757752331374,0.27896813288546507,0.9732336082479822,0.025171715872286615
99,1.3631728323749153,0.13324430516865587,0.15060884999351654,2.536913151660809,0.6722919970080404,0.5596997590844258,1.3205546983966245,0.07391934046345813,0.15441992889665307,1.1737403192858937,-0.04261813397829073
100,1.2799384943729284,0.19695636526072777,0.2772431236692009,2.576074259304275,0.6918685866999199,0.6863340327601102,1.1774451770023977,0.06103748549021539,0.06653998196071392,1.2961357649313467,-0.10249331737053069
101,1.383209150542075,0.15622679727945776,0.05855211598172117,2.6601575315136636,0.690792213513567,0.4572859048518424,1.3553494699236412,0.08038995023931231,0.35967698793885317,1.2769483809715887,-0.02785968061843369
102,1.3308324510462457,0.19452024896827283,0.18613808789655514,2.6648616516411523,0.7080097426953129,0.5952289969874645,1.228759556782444,0.03687417190906908,0.20152586824285196,1.3340292005949066,-0.10207289426380162
103,1.264594971965499,0.17015833079626447,0.17223061207495916,2.352760020252556,0.6498924591803151,0.552310695234335,1.2004894963031412,0.0516239924134661,0.09468717313653864,1.088165048287057,-0.0641054756623578
104,1.3718127426425797,0.09385064887994683,0.11655595430402794,2.3777692856939927,0.62882408141122,0.5256468633949372,1.3572765233455595,0.05752278949426878,0.13600030523144435,1.005956543051413,-0.014536219297020203
105,1.3672089877086,0.1479041163367642,0.06842388388478904,2.5776736855324693,0.677886123347789,0.4757152982429962,1.3209590654698133,0.035922182117712684,0.2508814697196558,1.2104646978238693,-0.046249922238786656
106,1.2801492041767912,0.1845224197022651,0.37697089174967846,2.632435408305131,0.7054272408973362,0.7860618008405877,1.1691320435433767,0.03846742033009047,0.13180813046370102,1.3522862041283399,-0.11101716063341449
107,1.324671219700023,0.1970693189707638,0.24952885795167468,2.7545148294338655,0.7336377146833803,0.658619767042584,1.1969916406842032,0.01995927112280184,0.059177995139255674,1.4298436097338425,-0.12767957901581983
108,1.3010041972675956,0.1943245438622513,0.12587169622088287,2.5834066576402783,0.6967061433820146,0.5272526562911181,1.231494665654019,0.06006667957729095,0.26673833861843604,1.2824024603726827,-0.06950953161357654
109,1.3918731145386958,0.1721902755206834,0.07310578874386867,2.701381536355221,0.6918062489398893,0.47196661247716354,1.3233995295278524,0.03969451509257871,0.2682181472105438,1.3095084218165254,-0.06847358501084333
110,1.3189451674145378,0.16037120156438514,0.09013590799577131,2.6097723505017747,0.6957034055910379,0.48460840864870536,1.261221346237421,0.06269130758926675,0.24646327848937555,1.2908271830872369,-0.05772382117711672
111,1.3784689716773162,0.11989955534750293,0.04592685127194353,2.567162716614413,0.6700040990084815,0.44642822916338004,1.34846029086938,0.05237013908600625,0.25234676155101343,1.1886937449370967,-0.030008680807936283
112,1.259506210435888,0.19783729750363288,0.09117897156001326,2.3957494515472813,0.6612845768195925,0.4462715452567494,1.190279665491246,0.09883283785815912,0.2306884441548815,1.1362432411113932,-0.06922654494464209
113,1.3933914241666128,0.12110360246211951,0.1110598558830086,2.5595526714355765,0.6583203623389566,0.5201507649739179,1.359794955952525,0.060106963686932996,0.21331684558382394,1.1661612472689638,-0.03359646821408768
114,1.324347352503925,0.19162646263528849,0.14809693846004263,2.556919715049613,0.6867847217528663,0.5542725403863817,1.2510616085087753,0.03147707313593855,0.20454535162531054,1.232572362545688,-0.07328574399514975
115,1.349224253753266,0.13119958901068496,0.10036900909679286,2.442618842000364,0.6489575631457314,0.5094599181877021,1.3285900557731343,0.08744374437443743,0.20010470983643433,1.0933945882470981,-0.020634197980131663
116,1.3384524810842384,0.16138267301857345,0.21712368137108018,2.5253982376084316,0.6747109507110323,0.6262145904619894,1.2759284628159815,0.02284032149280573,0.13631778683226048,1.1869457565241932,-0.06252401826825693
117,1.379171993095742,0.16131455045733878,0.09026377260629331,2.667891796663259,0.7013089306240186,0.4936071613917301,1.342184882912201,0.06044097518667591,0.3186394181720526,1.288719803567517,-0.03698711018354106
118,1.3213891720038187,0.16728653776590924,0.3015021251056097,2.5220579154400444,0.6756256842523789,0.710593034196519,1.2421789629092745,0.020672211247171828,0.03879210711213439,1.2006687434362258,-0.07921020909454413
119,1.340190570515079,0.2147528792112493,0.3525446331933335,2.7800715667611535,0.7337396559689192,0.7616355422842428,1.212090554854628,0.05911630033735587,0.11373386651998021,1.4398809962460746,-0.12810001566045104
120,1.3597401387299548,0.21788321007093459,0.1168303214123794,2.81637875898519,0.7336766484502228,0.5112143142902428,1.2509148986113656,0.04911342527441601,0.2968311331272119,1.4566386202552353,-0.10882524011858918
121,1.3606529441503508,0.14720398258699383,0.1516028636872539,2.6111861881383733,0.6864976202348332,0.5606937727781631,1.295765028955568,0.03739798189642385,0.16285114067948225,1.2505332439880226,-0.06488791519478276
122,1.3302263028653551,0.11094609238226044,0.06423598542176664,2.352751728694404,0.6284273592805607,0.46926135368835886,1.3262853155970142,0.05520357222829597,0.2490477147418267,1.0225254258290488,-0.003940987268340912
123,1.2484434857022744,0.18484229758206525,0.10345575298111018,2.45335289100856,0.6676387884317393,0.46120600020707686,1.1694466426666215,0.020604532997259385,0.20552469979370863,1.2049094053062857,-0.07899684303565291
124,1.3887087251022776,0.11588585625251582,0.10167600582134291,2.4971837344886847,0.6497937779721348,0.5107669149122522,1.3728009736066795,0.06094295489456779,0.21527381474413493,1.108475009386407,-0.015907751495598088
125,1.33859707383209,0.19131209789304315,0.33555851240079604,2.6319375010244332,0.7095248340009901,0.7446494214917052,1.2322789079006184,0.03966011310241893,0.018415974950975245,1.2933404271923432,-0.10631816593147159
126,1.322800330078914,0.18448236302872756,0.23991181291536445,2.5689398577288682,0.696748478047104,0.6490027220062737,1.237656878829012,0.027330390234827813,0.12077808196915886,1.2461395276499543,-0.08514345124990186
127,1.3264267850707725,0.18739574142745385,0.3281011725930048,2.670595694576425,0.7124432942337382,0.7371920816839141,1.2089075616497094,0.01007023144453312,0.07424340498838895,1.3441689095056524,-0.11751922342106313
128,1.3299364692031796,0.12047231350038237,0.3375473817559206,2.5231139279554107,0.6755495135259622,0.74663829084683,1.2708401489017696,0.06946237947658401,0.09941907507767977,1.193177458752231,-0.0590963203014101
129,1.4058211342377511,0.18892525489853768,0.0959180141824701,2.8810242277704656,0.744713132113455,0.5050089232733794,1.2965736618985209,0.028234284888410247,0.2584900893749512,1.4752030935327145,-0.10924747233923027
130,1.3316045743383134,0.17903583325210318,0.11154111611537985,2.663224506507298,0.7003856432416564,0.5076777865859836,1.2520127186393604,0.0342733040923221,0.2340016078928504,1.3316199321689846,-0.079591855698953
131,1.3109057769856705,0.15022379865849106,0.2626862507996541,2.504841178936422,0.6816794122931609,0.6717771598905633,1.23669237097325,0.021944922547332157,0.052257837180368014,1.1939354019507515,-0.07421340601242044
132,1.338793159322961,0.20642616335580705,0.25649091447251465,2.704530432740049,0.7186921511321589,0.6655818235634239,1.2238405518224265,0.03993764457407224,0.05242161960849041,1.3657372734170878,-0.11495260750053449
133,1.354071284569982,0.15393666806894324,0.14202456014171777,2.63712006431611,0.6997777285001239,0.551115469232627,1.2892354158897206,0.04835025879776261,0.22981880138375105,1.283048779746128,-0.06483586868026148
134,1.3461222331882747,0.16549852476859597,0.19335434560383577,2.702307624191567,0.7124490699494813,0.6024452546947451,1.254260098393346,0.015622639695683838,0.11276082984120307,1.3561853910032924,-0.09186213479492866
135,1.3807838643993335,0.1412431301263202,0.2009198890254775,2.623444785806227,0.691245452911982,0.6100107981163867,1.325151474159734,0.07316202780820891,0.14082370293979263,1.2426609214068933,-0.05563239023959943
136,1.3064338762225154,0.18327429287585148,0.29274108911193575,2.6098066614805475,0.709671231896043,0.701831998202845,1.204000368932181,0.04754639432058791,0.04601146330454177,1.3033727852580321,-0.1024335072903344
137,1.3788698113460591,0.12575941841615762,0.12320604935829198,2.581017674739261,0.6726890145300728,0.5322969584492012,1.3349359937255603,0.05514467282555201,0.22083697659484786,1.202147863393202,-0.04393381762049886
138,1.2931759346630778,0.2329773821211169,0.32824720402425145,2.7359391373158477,0.7376265256182362,0.7373381131151607,1.154141102105854,0.08439378418822512,0.060130278396296866,1.44276320265277,-0.1390348325572237
139,1.2601619760744531,0.26019820703344704,0.2553672216989811,2.619105812901471,0.7227358489227859,0.650705045602515,1.1174561845114352,0.10487481346377053,0.07892270349775052,1.3589438368270177,-0.14270579156301788
140,1.3358441200282467,0.14838882568012174,0.10765710655779474,2.5470009133301184,0.6748609999490244,0.516748015648704,1.2794762496121326,0.029751478381387038,0.20626109663535336,1.2111567933018716,-0.05636787041611413
141,1.2591319691282865,0.1883259088297169,0.25291697549218994,2.337161425139081,0.6424124965434981,0.6620078845830992,1.1925019478712384,0.08425910527191083,0.07074989910755748,1.0780294560107944,-0.06663002125704809
142,1.3372261752759589,0.14212871820097867,0.06203718747912477,2.47024754763104,0.6526655015371148,0.4643236871979346,1.3105807758751165,0.04488334191113399,0.27605298429956004,1.1330213723550813,-0.02664539940084243
143,1.3514236462541063,0.15806067681186783,0.16631722423037074,2.7072449329089645,0.708826553731553,0.5754081333212799,1.2649033175373754,0.040051676683705004,0.1858084128575727,1.3558212866548582,-0.08652032871673088
144,1.3455671833930365,0.13739143843433957,0.06987215881565056,2.5553166832744774,0.6752466035281488,0.46620317222491975,1.3002887143712991,0.03629439627362426,0.22487488512481582,1.2097494998814409,-0.04527846902173738
145,1.2870469035862873,0.15823042965538653,0.20246835861244908,2.370354252877894,0.64238475738555,0.6115592677033583,1.2296009670348709,0.02548201263831254,0.07012126831733813,1.0833073492916068,-0.05744593655141639
146,1.4059299057351562,0.18267288270293275,0.15232099793411644,2.8192548290361117,0.7265372312434042,0.5614119070250256,1.3084889246648836,0.03811106617461203,0.22905520647415203,1.4133249233009555,-0.09744098107027255
147,1.3270432053478212,0.21694694911748788,0.21388359365790693,2.7761451289641443,0.7412867046063549,0.622001060130657,1.1943806256872407,0.059911470572162395,0.09127605405114052,1.4491019236163232,-0.13266257966058048
148,1.331464948484041,0.16380050589983913,0.12741694053103933,2.586434791874316,0.696887612019329,0.5302892308288344,1.2605436742798921,0.027675624705327678,0.23872420145169415,1.254969843390275,-0.07092127420414895
149,1.253527560437286,0.20111841252109908,0.2817892403426907,2.376418297763485,0.6582784617397859,0.6908801494336001,1.1659278385193306,0.052939097395568666,0.08901750310650036,1.1228907373261992,-0.0875997219179554
150,1.3239838742560277,0.18326007395886793,0.20519503922770232,2.6135136174658387,0.6967786301942192,0.6142859483186116,1.231800860135488,0.014513788098693733,0.11839902502919204,1.289529743209811,-0.09218301412053975
151,1.383821567016759,0.09682043498593164,0.12646301375464708,2.515724410326364,0.6576707930275904,0.5355539228455564,1.3745671540488107,0.10475457066331612,0.1806576274570694,1.131902843309605,-0.009254412967948378
152,1.3684263264404877,0.17587432966132888,0.13171487545423224,2.752163126139182,0.722845842520098,0.532494980630603,1.2758503331703692,0.02433180816337922,0.214718164962373,1.3837367996986945,-0.09257599327011845
153,1.2442697058770684,0.2090767119183189,0.31533007983006833,2.4356100061055885,0.6775403190407392,0.7140591020746452,1.1472815699207308,0.08196881091617934,0.09665049934235996,1.19134030022852,-0.0969881359563376
154,1.3668663241052197,0.09641938072619345,0.059425686122497115,2.426762543309823,0.6326228234243747,0.4685165952134065,1.371931103848269,0.10355655849728254,0.23709047484580642,1.0598962192046033,0.005064779743049419
155,1.290496870260937,0.22684523503029524,0.2421512972489202,2.6794279745556144,0.7313349279486236,0.6473937086494335,1.1599695919291138,0.05262533820565055,0.13122924629045815,1.3889311042946775,-0.1305272783318232
156,1.3504008557367269,0.22392120358277925,0.18467741998826806,2.877570058463283,0.7576785996620112,0.5825122907512008,1.2062671410914683,0.031062363627676344,0.17687925225640222,1.5271692027265562,-0.1441337146452586
157,1.3291776253494736,0.24053766383961714,0.20067625549926446,2.608044232145746,0.6950630907693115,0.6031112367395555,1.2211350718466152,0.08478641250699367,0.16777280126580277,1.2788666067962726,-0.10804255350285841
158,1.4090612460188592,0.18162488627937148,0.049518606693830076,2.8376151059231822,0.7306527934495238,0.44827836525329684,1.3223157947605872,0.045098985997102874,0.32538276553453116,1.428553859904323,-0.08674545125827193
159,1.3248575288251054,0.15725869782522614,0.3376695246216558,2.659424588212133,0.7110911213656093,0.7467604337125651,1.2252706324123432,0.030936604933935817,0.04443655535705077,1.3345670593870274,-0.0995868964127622
160,1.2688307024944785,0.22871359843454694,0.3338618598652235,2.4404009021459405,0.6550060593903049,0.7429527689561328,1.1562991157853244,0.08203087137733842,0.038817168463544396,1.171570199651462,-0.11253158670915409
161,1.2758438212938805,0.22107642767785485,0.12069274626153799,2.6131669484826956,0.7051944381152233,0.4955302739328489,1.1700060976872884,0.09343830356422173,0.23332839684769974,1.337323127188815,-0.10583772360659216
162,1.3241069451843686,0.23156322223235257,0.17191834480495705,2.7086456284166944,0.7229547571282391,0.5810092538958663,1.2082707518488744,0.06905370843989773,0.21914017058085836,1.3845386832323259,-0.11583619333549411
163,1.3477473388469663,0.14165429021650175,0.13622342477108185,2.51773704587164,0.65664133793646,0.5453143338619912,1.3012773155293726,0.03424001678989458,0.17486656855119345,1.1699897070246739,-0.046470023317593645
164,1.2706280679684117,0.26143122234839816,0.3246085440509766,2.6963434077744863,0.7357793383653006,0.7291058466215904,1.1120355959207604,0.1050288964388276,0.06489841048838291,1.4257153398060747,-0.15859247204765126
165,1.3441471704142836,0.1106991232905612,0.17189419254796032,2.47672060383425,0.6611874872121721,0.5809851016388696,1.3062502240650833,0.047246744505138896,0.1348575203511555,1.1325734334199664,-0.03789694634920027
166,1.3917426910173578,0.15879226311889091,0.0935610207409801,2.6879632362181893,0.6940308971620333,0.5026519298318894,1.3269687506124028,0.03975125069483046,0.2414148387462957,1.2962205452008315,-0.06477394040495499
167,1.3030016131887057,0.15559809760979498,0.08654646511787542,2.486890813692761,0.6722102219454023,0.4899506882713802,1.2565947653673462,0.03194740001091284,0.256035519405297,1.1838892005040553,-0.04640684782135951
168,1.370222743130927,0.23587153548809725,0.2797874932774232,2.839353684553029,0.7374862330464644,0.6888784023683324,1.216014520555885,0.03992369664575106,0.08895027032314556,1.4691309414221019,-0.15420822257504208
169,1.366805381834952,0.21274691646364896,0.15735989611363188,2.8529535832810144,0.7420277412958496,0.5664508052045412,1.257617934706598,0.07417933068300897,0.2561962129944234,1.4861482014460625,-0.10918744712835382
170,1.298216216645333,0.25871597870235336,0.2999571625282029,2.664103449439789,0.7197275413041129,0.7090480716191123,1.1640746307924763,0.11493267625042336,0.11267459089113743,1.3658872327944558,-0.13414158585285674
171,1.3048857403361458,0.1536837762828091,0.1853585161531341,2.548760173651964,0.6886789290274433,0.5944494252440433,1.2323025115484976,0.0386417550930125,0.12630963282719,1.2438744333158183,-0.07258322878764822
172,1.342591010060155,0.24428462345959207,0.19666261674034616,2.882267832107371,0.7623424492918865,0.5955124332294459,1.1810218511449788,0.06307836273524413,0.19816499446604122,1.5396768220472161,-0.1615691589151762
173,1.341561963381866,0.16733027501345968,0.11671164834300828,2.6575366600162216,0.7027311750641538,0.5230734452797645,1.266988661119853,0.0520292779806522,0.1739736131141479,1.3159746966343555,-0.07457330226201297
174,1.2914611702589243,0.2135730076246853,0.26308071330201255,2.698418633769035,0.7292931289992737,0.6721716223929219,1.1491603743290457,0.011609999853888796,0.0754244170013256,1.4069574635101105,-0.14230079592987854
175,1.3688446277687514,0.1530460634208921,0.048329174766928544,2.545351947244115,0.6676456062129514,0.44351584225458934,1.345440295172768,0.07614793289023114,0.3101308315829838,1.1765073194753635,-0.0234043325959834
176,1.372254923671904,0.12321446338033401,0.08648126883461317,2.55945748557886,0.6719870405439625,0.4955721779255225,1.3388923221129094,0.06994997793144034,0.22953074084692632,1.187202561906956,-0.03336260155899451
177,1.3385142196210191,0.17826002281298872,0.1967847913066575,2.628880275209118,0.6943927798582041,0.6058757003975668,1.249556435730907,0.032976591016255316,0.11743384063950874,1.2903660555880987,-0.08895778389011211
178,1.239444990309467,0.19862528208798297,0.2267425234408884,2.52270041805583,0.6940763564956421,0.6358334325317977,1.1416274542445937,0.060934386171120014,0.02630401354397687,1.2832554277463628,-0.09781753606487342
179,1.34277831245495,0.18501461736569275,0.1489966889581193,2.737800093337858,0.7189358344398833,0.5580875980490285,1.2367127477412856,0.02152618497508635,0.17917816318228358,1.395021780882908,-0.10606556471366435
180,1.3945654177797935,0.15741110426281552,0.13027596768045901,2.699411029498443,0.7043234733656467,0.5393668767713682,1.326736915353247,0.04989309668160387,0.244088932946982,1.3048456117186493,-0.06782850242654659
181,1.350619097964122,0.12862548715020355,0.06893833580447793,2.473814911907439,0.6467822479013159,0.47794296776676387,1.3273615703577368,0.06432219127205199,0.24457323276216503,1.123195813943317,-0.02325752760638511
182,1.3487537811848829,0.18385101512027938,0.16551839182495787,2.704711344792447,0.7152700124711154,0.5657347646220243,1.2573631487317862,0.0465344888297664,0.1841194440397167,1.3559575636075643,-0.09139063245309664
183,1.3540411713974185,0.1890472721461765,0.06901753277663711,2.744716168419508,0.7167383369132094,0.43862321077354793,1.279513303692708,0.04886774194753618,0.3545340581679396,1.3906749970220895,-0.07452786770471054
184,1.3076729451236488,0.17721089079672647,0.1979229141963569,2.419716073521791,0.6462815198757152,0.6070138232872662,1.2525830767514874,0.032955933733299116,0.18221424352773605,1.1120431283981422,-0.055089868372161455
185,1.3289842061716914,0.17889435420177308,0.24738549268510085,2.7019545312079685,0.7174155381973644,0.6564764017760101,1.2236640973570923,0.031154454401686887,0.14526526959404834,1.372970325036277,-0.10532010881459919
186,1.373791924156836,0.19864922080458586,0.17051114327360362,2.836450144024968,0.7408482269572751,0.5796020523645129,1.2683943477869604,0.060114382262033306,0.21082288650580677,1.4626582198681322,-0.10539757636987557
187,1.372361895834847,0.16052501084194637,0.07908635153865842,2.6578720939874856,0.6916130957769209,0.4834408761160408,1.3381110065106094,0.053922662896544876,0.32452875847761653,1.2855101981526387,-0.03425088932423748
188,1.366521498670386,0.16458958670299856,0.060916286224663475,2.6011041839359805,0.6817757990931035,0.46836382434065754,1.3253868087581666,0.046359578587579345,0.31372576943278174,1.2345826852655946,-0.04113468991221936
189,1.3334873325066643,0.12671535736347653,0.22503882635314632,2.5003151589201043,0.6688138539757897,0.6341297354440556,1.2784004401959348,0.013736290088959793,0.08725236682447121,1.16682782641344,-0.055086892310729496
190,1.2820189456791486,0.20255964069213023,0.23006742332315921,2.6217178478583567,0.7192352234987597,0.6391583324140686,1.168352228323647,0.047892587402237646,0.07691221737407851,1.339698902179208,-0.11366671735550171
191,1.308328149644851,0.21528403039702287,0.31938857431732415,2.686126783583378,0.7157338751412265,0.7284794834082334,1.1829053480167873,0.06376532927906274,0.04731709693311548,1.377798633938527,-0.12542280162806363
192,1.405569918131258,0.20357531888382427,0.0752783889248829,2.8518881011740786,0.7325723484766823,0.47893532174017395,1.3222210123107911,0.06608928123868665,0.35745961238924995,1.4463181830428207,-0.08334890582046683
193,1.3684598313621683,0.13119404398438575,0.05631235231497276,2.5601747299228244,0.6687037961702733,0.46130292651451543,1.3323853841417619,0.05922444183313748,0.24142913537846206,1.191714898560656,-0.036074447220406425
194,1.3800723762040996,0.1400068441090196,0.07609819441783611,2.529635324008146,0.6506448199867498,0.47316671029373736,1.3604776227603754,0.06009751160153092,0.292988544172363,1.1495629478040463,-0.01959475344372419
195,1.2851070614649822,0.2112045597763022,0.16587918374753352,2.5285035235818074,0.6857395309120361,0.5558448213967796,1.192854833349835,0.07348765490137081,0.13247700167559978,1.2433964621168252,-0.09225222811514722
196,1.3181955928428457,0.16840575915376987,0.2771003536533839,2.5238591009623272,0.6838523514515232,0.6861912627442932,1.2334880310005572,0.017838328792007266,0.04497402143708179,1.2056635081194815,-0.08470756184228856
197,1.4106804822823846,0.27093940590306675,0.1844210703773425,3.0072270380122035,0.7643976416330025,0.5935119794682517,1.2287743633231334,0.07505735623080026,0.20557427621694802,1.5965465557298189,-0.18190611895925124
198,1.2672460777257495,0.19719723224822133,0.24592977602861724,2.4480049728540854,0.675632872300381,0.6414766938392922,1.1831665313150102,0.06595544002635512,0.08724928152732207,1.1807588951283359,-0.08407954641073934
199,1.294242521438275,0.1897075844507933,0.15647341789287772,2.4946752411426645,0.6827114164962758,0.5655643269837871,1.211305516258663,0.028645136767418016,0.13346968859205238,1.2004327197043896,-0.08293700517961189
200,1.3712582673926383,0.12248866412115061,0.09314389313532612,2.4708983724944282,0.6424659412055521,0.491913413017228,1.352713881158052,0.07347690835128018,0.21616546909043038,1.0996401051017899,-0.01854438623458643
201,1.3682029233459585,0.11625253108684183,0.05125235893273333,2.5484604162405122,0.6696813586047219,0.4603432680236426,1.3577891009823264,0.10878588221635271,0.25349030543852974,1.1802574928945537,-0.010413822363632086
202,1.3063241528115663,0.1831283977855606,0.18773816587350486,2.49777502804389,0.6778123114918839,0.5968290749644143,1.2281463590519617,0.046365383988791524,0.13113796360681954,1.1914508752323238,-0.07817779375960465
203,1.3085466788192308,0.16715035314543142,0.19137155231628045,2.502244211323492,0.6795883408341656,0.6004624614071897,1.2418702680721196,0.021650497359695445,0.14215209514010102,1.1936975325042614,-0.06667641074711117
204,1.3377854305321681,0.16976652303191359,0.1522513531478744,2.60632914177032,0.6935620771414961,0.5613422622387836,1.269305719146836,0.029475444192748057,0.2252399302065794,1.268543711238152,-0.06847971138533215
205,1.3605528064555408,0.1382825511418052,0.23196319166619142,2.6040944626625766,0.6835593330314302,0.6410541007571007,1.2942135059196715,0.044397338514985535,0.16093901730564858,1.2435416562070358,-0.06633930053586923
206,1.357745905164649,0.11474311820876043,0.033855019919780405,2.41981298259275,0.6320896858773766,0.43498853103548973,1.3666467977147723,0.06069341284185806,0.3185831606657755,1.0620670774281011,0.008900892550123274
207,1.349086498946747,0.13597730738406333,0.10447886410107808,2.487071415492025,0.6534475793725522,0.5113076454817691,1.3164519215495853,0.059438693228070716,0.18903017229659425,1.137984916545278,-0.03263457739716169
208,1.31783149420307,0.1971048051681986,0.0664097703214585,2.541830795035397,0.673722582841072,0.4204920788673269,1.2568603692492277,0.08103464289031295,0.29188931017539044,1.223999300832327,-0.06097112495384227
209,1.2997551746531808,0.2187743873241239,0.3085696496209908,2.680569826241477,0.7325729706705169,0.7176605587119,1.172790970807685,0.0635714515110317,0.04923392107057435,1.3808146515882964,-0.1269642038454959
210,1.3790007558046182,0.15820481930350053,0.11091649712036616,2.5909397932900737,0.6733367963839094,0.5176537911636987,1.3283685350498198,0.03292253521126763,0.23891717936578616,1.2119390374854555,-0.05063222075479845
211,1.3560403693344587,0.1773403096460737,0.19078294742357993,2.6754994285075986,0.7038767855021281,0.5998738565144892,1.2704562467912472,0.042646777586536656,0.19290739913096377,1.3194590591731399,-0.08558412254321146
212,1.3927236090939497,0.13580071510277925,0.054171251779249356,2.561877100428791,0.6577620340588763,0.4629509936955031,1.3716661343592627,0.07182031862104986,0.26457567412528954,1.1691534913348414,-0.021057474734687
213,1.3690600297423234,0.11009304571421447,0.0375757905848536,2.260380269147109,0.5836729720507041,0.4454307542595511,1.408845807206605,0.06228748724923498,0.333546378473752,0.8913202394047857,0.03978577746428158
214,1.3386817393022645,0.14747264100466945,0.11894770572959593,2.510927070215276,0.6720844494587991,0.5280386148205052,1.2994068407526609,0.035213249814584804,0.2137979279587258,1.1722453309130114,-0.03927489854960364
215,1.3366002231935052,0.17894122404767784,0.33449589452393,2.661596694684184,0.7123556005708015,0.7435868036148393,1.23239329544916,0.017372605607899702,0.05000233687156873,1.3249964714906786,-0.10420692774434515
216,1.357639308863913,0.19107740317970828,0.18991353130499067,2.823335912898333,0.7344585128080833,0.5990044403959001,1.2394992901335764,0.04733239568682602,0.21654617680924196,1.4656966040344201,-0.11814001873033653
217,1.395646750269699,0.14175914118164262,0.09135241286789446,2.667811602479901,0.6880910366973036,0.5004433219588038,1.3527460631923753,0.05293211507966475,0.25305925609434476,1.272164852210202,-0.04290068707732364
218,1.4196043339421904,0.17157568279206092,0.08520920561730094,2.7938702089582037,0.7170707093790315,0.4883107442492832,1.356072748768502,0.05489456227368163,0.32048943293621157,1.3742658750160133,-0.0635315851736884
219,1.3356198814592934,0.1144425047323334,0.08763348845835181,2.3279344949841496,0.6186967145578307,0.4951132465598718,1.317041025560492,0.04318577101040268,0.16845794723048957,0.9923146135248562,-0.018578855898801372
220,1.3058596935167628,0.13670168671845412,0.11725230290941935,2.3598677431925754,0.633943417072528,0.5223168121208099,1.2661429229197676,0.03300987511513829,0.11887360937580568,1.0540080496758126,-0.03971677059699519
221,1.2826910392722475,0.15117281487029843,0.1548506954046041,2.432270000811241,0.6597674974589514,0.5639416044955134,1.235739455862665,0.06058216765225098,0.1770912019687937,1.1495789615389933,-0.04695158340958239
222,1.3709173728372974,0.1600783863036697,0.1394634569296861,2.7022512116831905,0.7071979779174277,0.5485543660205954,1.2997033612550868,0.0625379756518698,0.21670995902706308,1.331333838845893,-0.07121401158221063
223,1.332297499520662,0.16820943195835228,0.19014011598105585,2.535295705388537,0.6725454461697924,0.5992310250719652,1.2719392151744442,0.05644806866952791,0.166069885546498,1.202998205867875,-0.060358284346217816
224,1.304347324968864,0.1671387785530703,0.14417390218659715,2.41872231606796,0.6577140836098381,0.5532648112775065,1.2485324078487894,0.0386792935102114,0.17318950888937404,1.114374991099096,-0.05581491712007458
225,1.3785878251923358,0.20809767982488697,0.06717511844194472,2.7859434389883395,0.7175309246502519,0.46475143213323633,1.2856502292145193,0.03975491005116359,0.31589029446768757,1.4073556137960037,-0.09293759597781648
226,1.354998385214786,0.15344191659260342,0.09978838433175112,2.4971190773383958,0.6634816979886438,0.5088792934226605,1.3168378180607592,0.04587961165048546,0.2196406675972586,1.1421206921236098,-0.038160567154026825
227,1.356426127057669,0.2169651990244332,0.2163255107746162,2.7221004342046498,0.7193430581114622,0.6254164198655254,1.2454988052947633,0.04954239560996411,0.15290420267072236,1.3656743071469808,-0.11092732176290565
228,1.3782362509179802,0.15389457813893812,0.12279714988054705,2.646048245562846,0.688778858349794,0.5318880589714563,1.3191292151191478,0.030605572029359696,0.23174927707900667,1.2678119946448658,-0.059107035798832364
229,1.3252350893163352,0.16273472317597454,0.09889314372862182,2.4136378755587558,0.6471618973329045,0.48296885739726186,1.2827497257247376,0.03895120232363616,0.2287468921459277,1.0884027862424206,-0.0424853635915976
230,1.3164904587948971,0.1834763729469514,0.19662886268970056,2.5434605690879106,0.6764501066929083,0.6057197717806099,1.226806927022876,0.01859742065348794,0.16203291375866935,1.2269701102930135,-0.08968353177202104
231,1.3924161462525522,0.21173339631207203,0.15015106136362455,2.858464056842233,0.7349045084070194,0.5592419704545338,1.2719801129134516,0.026278377980160767,0.22172435998664886,1.4660479105896806,-0.12043603333910058
232,1.3127433242701905,0.2570782822978111,0.17553708939197038,2.7212849630203158,0.7337968015405191,0.5582572377708395,1.1722672797217508,0.07584639282507803,0.1824115869072902,1.4085416387501253,-0.14047604454843965
233,1.3604829594442016,0.18007621994379552,0.20392578550118795,2.70996727423163,0.7150199724080971,0.6130166945920972,1.265397183709454,0.032577972709551636,0.11792645863153076,1.3494843147874285,-0.09508577573474764
234,1.3372795526791488,0.21168550178531753,0.20239666842977708,2.7618288645152447,0.730667624653542,0.6114875775206863,1.2279003541888336,0.06439864483342744,0.17625964177704956,1.424549311836096,-0.10937919849031519
235,1.3605484736691134,0.16960694784837743,0.20887032918179185,2.7528210002206652,0.7335840706011381,0.6179612382727011,1.2552864384936848,0.04711612180306276,0.15699541722846821,1.3922725265515519,-0.10526203517542854
236,1.2893360511937955,0.23599044376804323,0.26719457478617403,2.5500056008314274,0.6969391479217965,0.6760402348159702,1.1769627214888196,0.08729260199102085,0.06089173187111799,1.260669549637632,-0.11237332970497582
237,1.409716691987887,0.10511129759875361,0.020909226926353948,2.5197883855029675,0.6530565694478779,0.426505561623472,1.4347374811884572,0.08912073775832399,0.3492590907023574,1.1100716935150805,0.02502078920057027
238,1.362331837822752,0.1334240417397668,0.030504262340122427,2.5146324684016856,0.6493436392760182,0.41385992892729806,1.3330540140053337,0.047642479851810735,0.2605924909500647,1.1523006305789336,-0.02927782381741828
239,1.3684339737237634,0.15591089841481404,0.380210079517728,2.5658294126073735,0.6733859997752583,0.7893009886086373,1.2923396767331332,0.06236144182609406,0.13928206910329852,1.19739543888361,-0.0760942969906302
240,1.3721639517243536,0.1871795167462571,0.26732911218211447,2.862928275609788,0.7526992617139419,0.6764200212730238,1.249706743833985,0.07138415589502546,0.12552777601277426,1.4907643238854345,-0.12245720789036851
241,1.3849283006744904,0.1699454021902631,0.1863100888934449,2.7605227717918406,0.7216864274567167,0.5954009979843542,1.2935458882191917,0.03564520585797182,0.19762827782052036,1.3755944711173502,-0.09138241245529866
242,1.2983008796510511,0.17658656765345324,0.0639994908390221,2.4671040185521456,0.653912832545855,0.44204248967300974,1.2428528460555084,0.0842265788438037,0.2333613234694332,1.1688031389010944,-0.055448033595542734
243,1.345007941697509,0.2138895043935467,0.2051903091787658,2.722643934293369,0.7219956390444622,0.6142812182696751,1.2308668098920719,0.040255754475703315,0.14797297904579682,1.3776359925958601,-0.11414113180543706
244,1.3747380513596736,0.13734015721374707,0.04953761503632565,2.4916263385103186,0.6405559601156188,0.4407645474237941,1.373257437391627,0.09694944452804347,0.307061904765663,1.116888287150645,-0.0014806139680465513
245,1.3581168944442181,0.21299342889734985,0.20671650083131274,2.9054899050587806,0.7594856283246443,0.6038493157984179,1.2000544284956334,0.03224352828379679,0.1570206732174962,1.5473730106145624,-0.15806246594858475
246,1.3574977613612182,0.14107807838485603,0.0407747940687758,2.4550552523471736,0.6426423094360003,0.4354748182126745,1.3354724944530352,0.05406614841800293,0.2777945688733314,1.0975574909859553,-0.022025266908183072
247,1.3510157310986814,0.18259932874840742,0.17076629506387744,2.6273510516846312,0.6967358942889161,0.5798572041547867,1.31269024116294,0.06190862944162439,0.2718202068768292,1.2763353205859498,-0.038325489935741475
248,1.2721429284870778,0.20359120057812055,0.13617168219974074,2.4475118039723767,0.6614616838617258,0.5419769885990054,1.1919511039465127,0.0820237110559691,0.18421069261678247,1.175368875485299,-0.08019182454056506
249,1.3323501254447203,0.1366692491437111,0.052182853845238165,2.383609541613517,0.6278342140627204,0.4402759066029118,1.3047023718665711,0.05188802083333331,0.21742999088282144,1.0512594161687967,-0.027647753578149192
250,1.3698883244984463,0.13267740954615406,0.2276718444723299,2.6174934269835215,0.6840897625324389,0.6367627535632392,1.316379100705839,0.06628787878787877,0.13699007997810295,1.2476051024850752,-0.05350922379260736
251,1.3524766911856214,0.1527645085521371,0.07967087154232322,2.508453942540548,0.6506447047594364,0.48547320025970575,1.3073516784795918,0.06848257964683785,0.21574888979110757,1.1559772513549267,-0.045125012706029644
252,1.3060170335237857,0.18646210651471112,0.13052208147592487,2.5604152738281227,0.6893405752364756,0.5323402112173794,1.2264454887095795,0.028758536438828027,0.19322625634716536,1.254398240304337,-0.07957154481420625
253,1.3491908682243792,0.1221699690924114,0.05944781522173558,2.2991855032180726,0.5994785896677811,0.4473600564088474,1.3312967927056776,0.04291154743458969,0.18485559731174248,0.9499946349936934,-0.01789407551870159
254,1.3575454066171915,0.11229104008727893,0.12511712539637818,2.4585009090009198,0.6504982226719908,0.5342080344872875,1.3435936211658408,0.09090909090909093,0.19685387608295477,1.1009555023837283,-0.013951785451350673
255,1.3398595120742482,0.27991994633010137,0.19439843899027226,2.9301478524110673,0.76860926999468,0.6034893480811815,1.16410806813691,0.10830303030303035,0.19412414789813026,1.590288340336819,-0.17575144393733821
256,1.3188699829856252,0.19533725852060901,0.14392401060345522,2.6171733804288815,0.6981743187505526,0.5530149196943644,1.2279864401614429,0.05703532325338894,0.16330684188255423,1.2983033974432563,-0.09088354282418232
257,1.3428244518570023,0.1514883826561158,0.21337084535966622,2.481152277936017,0.650695232836765,0.6224617544505755,1.2884093627342197,0.044513966480446955,0.11633478427028619,1.1383278260790148,-0.05441508912278259
258,1.3634652487542005,0.11480754778473279,0.11981717486648363,2.455894268393305,0.6451622412644566,0.528908083957393,1.3431253161938583,0.04426594113709485,0.19729000170339875,1.0924290196391047,-0.020339932560342167
259,1.3673604274580393,0.18701410346228584,0.1931941700427971,2.7848536030257485,0.7254983147323746,0.6022850791337064,1.259009955312754,0.036269243825003544,0.16239759366080736,1.4174931755677092,-0.10835047214528526
260,1.3802322012937531,0.10846627323858506,0.038590186659624146,2.4505883394565418,0.6338710178658387,0.4476810957505335,1.3737836270750492,0.09035049917402857,0.23353231573355693,1.0703561381627886,-0.0064485742187039286
261,1.3519484998315887,0.12088027725287359,0.19577417865737698,2.5240148834462075,0.6696378899291838,0.6048650877482862,1.3069569568740884,0.0526924625690962,0.1280763207786278,1.1720663836146188,-0.0449915429575003
262,1.359443212325059,0.11174877108569525,0.12729050231746825,2.521807863406379,0.6563426691771292,0.5363814114083776,1.3251062355489598,0.05114870391786308,0.16663778221960696,1.1623646510813201,-0.03433697677609926
263,1.2845427652807626,0.20900263896283683,0.3140893724269045,2.637120883973818,0.7083204650669079,0.7231802815178139,1.1659745765926444,0.06142988892898671,0.051692214084017654,1.3525781186930554,-0.11856818868811825
264,1.4052355001140908,0.15493250942843306,0.14283455332969464,2.7723998585376175,0.7240787520528227,0.5519254624206039,1.3350538457951668,0.07282734294228546,0.22409364475101623,1.3671643584235267,-0.07018165431892398
265,1.3501753688905107,0.12603904678262728,0.1571188283262172,2.4327387272061443,0.6425225536330887,0.5662097374171264,1.3175402838746497,0.048704288345172334,0.14652890838529922,1.0825633583156336,-0.03263508501586099
266,1.3644019823790279,0.19876830305321952,0.24367397133757424,2.7435817064164247,0.7242167335180816,0.6527648804284836,1.25573185653812,0.025644528972834292,0.16920278377928394,1.3791797240373969,-0.10867012584090796
267,1.3716346196338276,0.1636571898303056,0.05914598201726836,2.6072053375672812,0.6738338369173165,0.46455893782199587,1.329014196413796,0.044491438316372034,0.3045712335726778,1.2355707179334536,-0.04262042322003157
268,1.3256148410636008,0.18152757824757088,0.10519339775935349,2.6802829835129804,0.7095553514535948,0.5063160656024079,1.2445166910073087,0.03434541251306821,0.29058750468185385,1.3546681424493796,-0.08109815005629217
269,1.3724258576618513,0.2125169221230822,0.1123072975734801,2.777133094765915,0.7230955326515507,0.5066895456222891,1.2864928864036882,0.06182477739914262,0.3057651344283202,1.4047072371040639,-0.08593297125816313
270,1.380339181833859,0.11570986809169997,0.1144755393210947,2.524964906804713,0.6570130072541187,0.523566448412004,1.3490854493418403,0.03977043296193826,0.23184098265135616,1.1446257249708538,-0.03125373249201879
271,1.3430957903060432,0.09814771671316433,0.10981490253984437,2.3865273706832335,0.6270791229812235,0.5189058116307537,1.3344854790854175,0.07774103339759365,0.14812537372391127,1.0434315803771903,-0.008610311220625722
272,1.3112989252525586,0.18340855955300223,0.21071184353735303,2.6137171707018347,0.6967206567208846,0.6198027526282623,1.220389086345076,0.02873380634685303,0.14491921216665737,1.302418245449276,-0.09090983890748272
273,1.318484189983869,0.2276494915326473,0.2718180445783747,2.7634767710854997,0.7315761354699977,0.680908953669284,1.1747804160287543,0.0795203877005348,0.037212594165433266,1.4449925811016306,-0.1437037739551148
274,1.3735769721955595,0.09881780558789796,0.19066553735337666,2.4447856456759984,0.6324977000752773,0.5997564464442859,1.360928209092438,0.07281808092018968,0.1564960936148281,1.071208673480439,-0.012648763103121574
275,1.369298549562758,0.2089612994121497,0.07241447958350647,2.8107779406928595,0.7255967090572759,0.46486111144907766,1.2908763829287246,0.06277217966241772,0.35461277973009286,1.4414793911301014,-0.07842216663403345
276,1.3475490159608663,0.16238045680675084,0.08769318437841618,2.6868268228126477,0.7042619001054281,0.49678409346932545,1.2891023834650976,0.05861394246479346,0.27720105405168805,1.3392778068517814,-0.05844663249576865
277,1.3167979729581445,0.176208356424994,0.2873085754299763,2.721615183422585,0.7324198654741421,0.6963994845208856,1.1951377601174338,0.03544061302681994,0.04022174916540909,1.4048172104644405,-0.12166021284071071
278,1.3623692067375794,0.11083486606323056,0.11631945344995447,2.497499419144216,0.6559158234284509,0.5254103625408637,1.3433152744428347,0.0898426275269347,0.173339294938177,1.1351302124066367,-0.019053932294744724
279,1.3569185678350797,0.07989235745487147,0.053942995488279855,2.2695905372866334,0.5888259286466915,0.4545761503979073,1.3663424584326846,0.048054450969411217,0.2022420626539123,0.9126719694515537,0.009423890597604956
280,1.3918654048994834,0.20604748027894432,0.1079494495831318,2.7569390340110496,0.7082223571882285,0.5105805295561185,1.3104240878461315,0.05060273701892202,0.3026229949054427,1.3650736291115662,-0.08144131705335189
281,1.3153973691998426,0.1365867979924582,0.11303965851643427,2.4457044990989063,0.6575510710638398,0.4956685584414761,1.28743124155862,0.050883654904200715,0.2292732697849073,1.1303071298990637,-0.027966127641222638
282,1.3188679771852385,0.1602926068072651,0.2078096871233817,2.498456814599221,0.6722541069524872,0.616900596214291,1.2519915752760729,0.0174746634397217,0.1059557642964583,1.1795888374139825,-0.06687640190916566
283,1.3135500762925396,0.22135091387551964,0.23444354346524227,2.643606628837511,0.70723521176641,0.6435344525561515,1.2057720856981873,0.08964430908188675,0.1255300318102857,1.3300565525449715,-0.10777799059435234
284,1.308015391268718,0.17278974754987325,0.2151043774735297,2.5372343739405334,0.6798246796971872,0.619144485337158,1.2292945711723893,0.03718374908011269,0.13265478213032775,1.2292189826718154,-0.07872082009632875
285,1.3482420740098544,0.10822250729820582,0.0395216965115137,2.2590385936598008,0.5890537323852874,0.43839249096464766,1.3445547970841498,0.07582165942521227,0.1813422277841055,0.9107965196499463,-0.0036872769257045857
286,1.401285144588396,0.13586201196687045,0.09721630411996401,2.659587923813734,0.6912973637501416,0.5063072132108732,1.3571861714695586,0.05896998485495238,0.24281086714087635,1.258302779225338,-0.04409897311883748
287,1.2867707052910027,0.16068481504485463,0.14034457756573285,2.3123773299692374,0.6218506871112239,0.5494354866566421,1.2380801626815563,0.02471179552988984,0.13565200376199305,1.0256066246782347,-0.048690542609446386
288,1.3635034255561487,0.20000317036121998,0.045818343110221794,2.700071890627226,0.6918982486156665,0.4207740173775648,1.2959430553539288,0.07098209619376131,0.35752786984129203,1.3365684650710774,-0.06756037020221983
289,1.3776835107758811,0.16025507228377636,0.2141241774780662,2.731391583642578,0.7155393004466715,0.6232150865689754,1.302363084474841,0.034005279748393645,0.19942735552349633,1.353708072866697,-0.07532042630104008
290,1.3394927310768492,0.14357649562191416,0.17612718706756653,2.5595240161787007,0.6761461711210373,0.5852180961584758,1.2800170911631095,0.039687056761615686,0.13865535066155998,1.2200312851018515,-0.05947563991373972
291,1.3979718264424212,0.16607868748653762,0.10134973863013591,2.772575511692982,0.7294526326667712,0.5099627881110749,1.3215779081511316,0.06921625269746289,0.2446745162454417,1.3746036852505608,-0.07639391829128961
292,1.4191380042311696,0.1674261617102637,0.14747453015468948,2.770523827415211,0.7164185688811928,0.5565654392455988,1.3494002176565933,0.06359144731237754,0.2437552627683102,1.3513858231840412,-0.0697377865745763
293,1.358704134453672,0.17589082214004803,0.09034564833091144,2.5156480639527974,0.6554075261814056,0.4916099013510006,1.3143332365892388,0.05928423901541538,0.26783277677628764,1.1569439294991253,-0.04437089786443327
294,1.3962264495395522,0.13028598992306464,0.07231345062681317,2.6725127665950454,0.6916237510360147,0.48140435971772244,1.3671971882690568,0.05492881803330141,0.3002074066045988,1.2762863170554932,-0.029029261270495432
295,1.35784014273985,0.1281227955441449,0.15303920357103007,2.4979689712013187,0.662653114115568,0.5621301126619394,1.3401300370930298,0.06303309316221796,0.225967697477317,1.1401288284614686,-0.017710105646820296
296,1.2924936844374204,0.14897219507497145,0.13792187956307253,2.4168275450159324,0.6613550760339051,0.5177939037107864,1.2390475038117779,0.03310023310023308,0.16902226867261116,1.124333860578512,-0.05344618062564255
297,1.3460235661652034,0.1620959161535364,0.16453803171301365,2.6549480574054978,0.7166731360619207,0.5650954765290022,1.264239916286043,0.03441023835750214,0.16631014558372917,1.3089244912402944,-0.08178364987916042
298,1.3440680664580267,0.13833997479773621,0.11741429784556585,2.620670734545343,0.689505545109958,0.5265052069364751,1.2825538615110317,0.02360493931161331,0.16741165512722334,1.2766026680873162,-0.061514204946995
299,1.3829861639419212,0.18042830366279944,0.2914180509284643,2.6941478252610818,0.7060829053110207,0.7005089600193736,1.2810808944875738,0.027300467341828644,0.11798227639545235,1.3111616613191606,-0.10190526945434741
300,1.2975755759649332,0.1688257350907944,0.16816861672067895,2.3973168797486117,0.6448649875045342,0.5772595258115882,1.2365227174167068,0.05320163540990779,0.09107353871173807,1.0997413037836785,-0.061052858548226396
301,1.2733455542723062,0.18622258923422452,0.2272480080714695,2.4709538498467865,0.6711139043228924,0.6363389171623788,1.187292686982898,0.03128395006984014,0.07171889576800075,1.1976082955744802,-0.08605286728940831
302,1.3613888882234608,0.1452848158322465,0.13558630154251167,2.5592672775470238,0.672811341686029,0.544677210633421,1.311494831941931,0.040216802497915344,0.2032034981639454,1.197878389323563,-0.049894056281529764
303,1.3162368027322455,0.19852962919319767,0.15363172816775855,2.6197798126605294,0.7089175842257227,0.5627226372586678,1.2195049522365622,0.02381105367173886,0.17198383667140038,1.3035430099282839,-0.09673185049568334
304,1.2878358734006015,0.1710279625670712,0.19603147354910166,2.446719232920408,0.6606467556523556,0.605122382640011,1.2145153449333805,0.02468433503204951,0.06624132555472816,1.1588833595198067,-0.07332052846722092
305,1.387201165707137,0.20069337012548372,0.13359176119815935,2.814110678491242,0.7232875497756539,0.5426826702890686,1.3016978160486885,0.06434346545836356,0.270536739400399,1.4269095127841052,-0.08550334965844852
306,1.3711694232629186,0.10719238962973518,0.11098834681063932,2.543005314225129,0.668887819728336,0.5200792559015486,1.3379782673360086,0.06104659840592254,0.1567227287412455,1.1718358909622104,-0.03319115592691002
307,1.3358043547270397,0.20723062129922365,0.13986015139372704,2.6736442387913306,0.7096711210862144,0.547481349558079,1.2405161864968095,0.055106342542200135,0.22003853178822902,1.3378398840642909,-0.09528816823023023
308,1.303572572101474,0.2257914505584589,0.07188616154422242,2.6429383888801987,0.7046451714492277,0.42199617787653587,1.2195587148564595,0.09185185185185188,0.3609635056438679,1.3393658167787248,-0.08401385724501442
309,1.3599621490049332,0.11628521749706242,0.11766011395559735,2.4447142744333306,0.6468500067033192,0.5267510230465067,1.3479543963459586,0.08397623336218392,0.18038990751952677,1.0847521254283974,-0.01200775265897458
310,1.3395527329231571,0.16990394833985384,0.2624019356481311,2.600259040793615,0.7006788568536177,0.6632277771238919,1.2547116119283828,0.03562917432669156,0.10345901565576546,1.260706307870458,-0.08484112099477437
311,1.3372699955668736,0.19862859402379654,0.1227984124802568,2.588116029225323,0.6873755207254253,0.5206632737272712,1.2655493658398482,0.042007225139589585,0.25274425636814474,1.2508460336584493,-0.07172062972702542
312,1.3073449573963134,0.19673609312834606,0.19473511845943994,2.5413494668825356,0.6857582228603258,0.6038260275503492,1.2268535975537957,0.06198975143721909,0.14672946894030142,1.2340045094862222,-0.08049135984251765
313,1.360311342402315,0.14071599590098377,0.10449225566211985,2.5963452300537995,0.684329402934136,0.5135831647530291,1.3097262427657854,0.062280324906148085,0.20396273469627846,1.2360338876514845,-0.050585099636529574
314,1.3558820252945636,0.11330968515904773,0.16759430021018779,2.5004304113744116,0.6626379419669606,0.576685209301097,1.3148426250300946,0.046875,0.09474654221837425,1.144548386079848,-0.04103940026446895
315,1.2896090929489386,0.1720496119615783,0.2717738977300419,2.412249079987617,0.6512106209966264,0.6808648068209513,1.2151673017876932,0.03220357121017556,0.05513929922403785,1.1226399870386785,-0.07444179116124539
316,1.3382969482618554,0.16853599177040973,0.2715284948364024,2.6403943307587325,0.699912069045123,0.6806194039273117,1.2446096303262948,0.02313152313152313,0.04616084208584806,1.3020973824968771,-0.09368731793556062
317,1.3027399348181148,0.15431912410120446,0.1230548183683297,2.361089026482921,0.6272776505190316,0.5321457274592389,1.2603650471433863,0.03815609682716778,0.197693923145159,1.0583490916648062,-0.04237488767472852
318,1.3505908154903534,0.21924045263738695,0.1239212629405156,2.762981801892521,0.7259441860906978,0.5311645427455887,1.233738821808824,0.04899716992740251,0.23864119090196462,1.4123909864021678,-0.11685199368152932
319,1.3399893223195152,0.12425722670104586,0.09808478713091862,2.229018195568066,0.5712632852029358,0.5006882772024489,1.344492727255858,0.0891999820523175,0.20269405891415437,0.889028873248551,0.004503404936342825
320,1.3427410747610367,0.25754761031586937,0.2016408324081989,2.865804250900237,0.751039122677874,0.6107317414991082,1.1873502919011663,0.09873187424870859,0.18239712535627733,1.5230631761392002,-0.1553907828598704
321,1.3623779623957897,0.1446453710127113,0.18371315044884304,2.580378323475026,0.6845796440802537,0.5928040595397523,1.3015026497332092,0.03895533697322484,0.0926397650793164,1.2180003610792363,-0.060875312662580505
322,1.3696523628963484,0.24014750061467263,0.19396287244999444,2.9395874528198673,0.7641319882997117,0.6030537815409037,1.2031916895384442,0.029504038938001236,0.16360544272974695,1.569935089923519,-0.16646067335790415
323,1.2618008735890935,0.21416564654065667,0.23616306990277328,2.531327215105352,0.6978161312039975,0.6280585935301533,1.1530063466717857,0.06305076628352488,0.0780301437718896,1.2695263415162583,-0.10879452691730784
324,1.29695977413496,0.20136927177493713,0.3389483022351956,2.6240310064298367,0.7034519650706769,0.748039211326105,1.1811367501313605,0.03426279602750193,0.058062948075625426,1.3270712322948766,-0.11582302400359956
325,1.299357727914886,0.20606634773762192,0.2169960012970422,2.5449439804017415,0.6930085276408411,0.6260869103879515,1.2014583233516776,0.05151714093828058,0.0529593064597661,1.2455862524868555,-0.09789940456320845
326,1.3843662494803277,0.12694399119068508,0.08569682586139568,2.4760857146523105,0.6417007887078288,0.4839313896757505,1.3848105873462366,0.07431924826286797,0.2995449774914467,1.0917194651719828,0.000444337865908917
327,1.3770106861831972,0.19650869603901314,0.17524483270754165,2.735266746216052,0.7235065167624383,0.5724400011706079,1.2855402942437897,0.032410315466220016,0.24749065735864964,1.3582560600328546,-0.09147039193940754
328,1.3258545167059497,0.17641220175319233,0.17185070371234643,2.539958132531633,0.6753127877553835,0.5809416128032558,1.2530794018450502,0.028881623071763902,0.15854493826300908,1.2141036158256835,-0.07277511486089949
329,1.3223309651299433,0.2807060936064684,0.18806879831082887,2.8364633431750996,0.7486457773063708,0.5718861698541317,1.1545817312658782,0.08481552389522698,0.24806439106584538,1.5141323780451563,-0.16774923386406515
330,1.2896938449951134,0.1777098817612111,0.21467264048487456,2.577940155707103,0.7034624404215251,0.6106352246774519,1.1942452723516885,0.025574444103610407,0.1112652977562138,1.2882463107119897,-0.09544857264342488
331,1.325329860336343,0.1369374375635715,0.1500349789704742,2.384394061878745,0.6380296615753607,0.5591258880613834,1.2885123118796713,0.028575359698089508,0.11839208852772956,1.059064201542402,-0.036817548456671734
332,1.3692259226595256,0.07998274191307751,0.01548008240865164,2.386245210387393,0.6136096113724552,0.40753582943206246,1.3984458059953386,0.10339882841103246,0.3003080930714616,1.0170192877278674,0.029219883335813046
333,1.310999976900824,0.15597415491831088,0.17635114672405022,2.5071435026378537,0.6806636921341351,0.5854420558149596,1.2469495309715177,0.03020884467147181,0.1374445095759692,1.1961435257370296,-0.06405044592930631
334,1.3801502373908052,0.17195220029477679,0.04747749321835052,2.645137029854407,0.686187172207585,0.4430330255678344,1.3453447865712527,0.06938106319320622,0.3455885582992676,1.2649867924636018,-0.03480545081955255
335,1.3647617524834956,0.17553596494803247,0.21670291077232676,2.6892139735863925,0.7060950936678752,0.625793819863236,1.266797253745354,0.010112811048934446,0.1348602725081799,1.3244522211028968,-0.09796449873814161
336,1.3389019384074539,0.15034493839231927,0.12296737453425897,2.5107765500416965,0.6686344997689548,0.5320582836251682,1.2981197072589716,0.04573879685221432,0.24566475822791703,1.1718746116342427,-0.04078223114848223
337,1.3059133695229939,0.12717243364745742,0.24185479068108906,2.3789661007047096,0.6384532306686954,0.6509456997719983,1.2598811145652968,0.0304750662806929,0.0507037043643172,1.0730527311817157,-0.04603225495769703
338,1.3411130527849902,0.20883739138376844,0.18468508790555832,2.6552149965433403,0.7109470956171868,0.5921844210226349,1.243960416165291,0.07444929499724023,0.18418904063861424,1.31410194375835,-0.09715263661969908
339,1.3994031547582426,0.1659271695675648,0.18273854822880725,2.7707122765625005,0.7167318066384047,0.5918294573197165,1.3121210024074328,0.03136394703797302,0.17376426846033322,1.371309121804258,-0.08728215235080983
340,1.398306885577507,0.13943314321719752,0.1890073849259999,2.6424419898322906,0.6834848960368418,0.5980982940169091,1.334276008192497,0.043733509510648,0.11843587960415039,1.2441351042547837,-0.06403087738501001
341,1.3329376768581738,0.18340317039211995,0.2434351279357938,2.704011011660149,0.7198667920202588,0.6525260370267031,1.219551943821698,0.036000911992704054,0.09686761706601967,1.371073334801975,-0.11338573303647581
342,1.4094143763791918,0.0634428080253171,0.02039071130173014,2.3562136339897215,0.5998332103803588,0.4229524131096335,1.427783716471299,0.08418358427099872,0.22733953482223462,0.9467992576105297,0.018369340092107223
343,1.3781550578602677,0.1234062208697647,0.16290644297788964,2.610972237673543,0.6861633666145555,0.5719973520687989,1.331722004311212,0.06646231672811453,0.19188020206442916,1.2328171798132752,-0.0464330535490558
344,1.2501141398661777,0.19443243826919754,0.14408557330284383,2.423917082152755,0.6696515552089182,0.5079470068976668,1.1717871781967486,0.07512753514993153,0.16650226465808593,1.1738029422865774,-0.0783269616694291
345,1.3807096042532734,0.11995679277313301,0.12166364535213495,2.528392433410525,0.6650265076333008,0.5307545544430442,1.351978279635899,0.05181013097349766,0.23604200575909848,1.1476828291572516,-0.028731324617374376
346,1.3239534741714298,0.20003191678648308,0.22979982391892567,2.7464344036048254,0.7355100114705106,0.6365009196512412,1.1949750162695434,0.034763895211687275,0.15714860145744491,1.4224809294333955,-0.12897845790188645
347,1.344578325673481,0.1184350068600826,0.08549492454384061,2.3904333589344953,0.6217183492020083,0.4890988956428253,1.3262576782538003,0.048461259359435294,0.19474950783072204,1.0458550332610144,-0.018320647419680647
348,1.2700539504540926,0.18157513400160105,0.3546950216696332,2.4443660777801948,0.6598833116247176,0.7637859307605425,1.1801674689321873,0.04128058103975535,0.03551012543417191,1.1743121273261021,-0.08988648152190537
349,1.437653912288042,0.17626630479872177,0.09106457058314854,2.8941699651523725,0.7459820061079738,0.5001554796740579,1.3527075759305993,0.05994565390905189,0.3112324521944705,1.4565160528643304,-0.08494633635744275
350,1.3257027681380467,0.17001216323890594,0.15452327467095817,2.4722218583731035,0.6631411616829026,0.5636141837618676,1.2670925976481473,0.03890679953106684,0.1810547270664012,1.1465190902350568,-0.05861017048989936
351,1.3057812910338715,0.14489137878499067,0.11545584037747747,2.5092571495459253,0.6638978698438314,0.5208162778747247,1.2612170063318497,0.06109212684527064,0.20981817670862796,1.2034758585120537,-0.044564284702021784
352,1.3487917375514593,0.1480892401543513,0.3404350163064444,2.604519561900702,0.6910590579538212,0.7495259253973536,1.270572695526727,0.04226856288751621,0.09905778954560175,1.255727824349243,-0.0782190420247324
353,1.3214083427350491,0.21051740432817545,0.18447196584321196,2.624484523470789,0.694457086790927,0.5878305084914716,1.2148561275611325,0.04204912734324501,0.12487882827706456,1.30307618073574,-0.10655221517391666
354,1.3700996075182776,0.14142133660275938,0.12410982357600961,2.716136437820207,0.7161788489597133,0.5332007326669189,1.3074644723243658,0.07820657358425116,0.2083870788947602,1.3460368303019292,-0.06263513519391184
355,1.3732387995454558,0.20131421244702036,0.12614185380048465,2.7951670751833912,0.7257427301039732,0.535232762891394,1.261907787624864,0.022113022113022105,0.21951477731245717,1.4219282756379354,-0.1113310119205917
356,1.3470383854672672,0.19884716241545355,0.1370851248968439,2.707358337948022,0.718005967754243,0.5327699329865119,1.261939502801983,0.0498456790123457,0.24839432491335894,1.360319952480755,-0.08509888266528409
357,1.3493768794472127,0.13369059280913256,0.09102775954394635,2.526399089788044,0.6712596016281518,0.4994571447002996,1.3151426900015832,0.042682783179145194,0.24644563519740004,1.1770222103408314,-0.034234189445629504
358,1.3120277201031483,0.17748830607216187,0.1798076697987755,2.554416277259482,0.687985261320139,0.5888985788896848,1.2289945517261014,0.03098384097266718,0.13654827973915595,1.2423885571563336,-0.08303316837704688
359,1.2668557582571354,0.16013302543254904,0.16646817583350504,2.372552641735735,0.647413623485273,0.5619946403324949,1.2146524848409552,0.030988989659113203,0.16264204689533793,1.1056968834785996,-0.05220327341618014
360,1.317325367067684,0.24227910210071182,0.31358351785155636,2.731102547086696,0.7283160728386439,0.7226744269424656,1.1731133306052497,0.05524236636404178,0.05613076147944575,1.4137771800190118,-0.1442120364624344
361,1.3544073392390061,0.14078506365489196,0.19315590489464102,2.4405690718383717,0.6470307425463131,0.6022468139855504,1.3395540749902202,0.06705108713118504,0.21102742672477584,1.0861617325993655,-0.014853264248785969
362,1.3757236777406003,0.16325126957415223,0.0671923490552658,2.6738387672682626,0.6973646707788003,0.4747532572685185,1.3267284198012685,0.08550516814071271,0.283341034509033,1.2981150895276623,-0.04899525793933179
363,1.3751023962161586,0.23919678260333355,0.07492772925207736,2.8707308475713553,0.7459667542321953,0.4728605073978229,1.2609065130218577,0.08315218479152907,0.35848125129497416,1.4956284513551967,-0.11419588319430085
364,1.3824456347335672,0.13135413128836865,0.12411251207914764,2.573853407814446,0.6733671439917202,0.5332034211700569,1.344071518337771,0.06724448685326548,0.19314254492144906,1.1914077730808788,-0.03837411639579624
365,1.3407617802517386,0.19600152841330487,0.2241238554166852,2.704862204379621,0.7202372977880789,0.6332147645075945,1.2369164157681403,0.0299825742031245,0.1524443255909646,1.3641004241278825,-0.10384536448359838
366,1.3157306911784803,0.23256059461429418,0.23519580925341022,2.7900299298391396,0.7512413379138542,0.6438554449607343,1.165860604915104,0.041094527363184086,0.11380001910374009,1.4742992386606593,-0.1498700862633764
367,1.3971984689081307,0.15486458165884584,0.03156951650523643,2.704915150188332,0.6999695940839287,0.43106208147693614,1.3521962999833654,0.04994692387585533,0.3335741450278233,1.3077166812802015,-0.04500216892476527
368,1.39926955007934,0.0877735808808116,0.042865872233506644,2.5373227930558313,0.655910578638817,0.45127723267793074,1.3935074667754255,0.0851357082273113,0.2533883080672118,1.1380532429764914,-0.005762083303914478
369,1.325185055810221,0.17837889778452182,0.20263642926524694,2.4729236418118887,0.6538780709364118,0.6117273383561562,1.25218064049285,0.0339841810314251,0.08960797843962676,1.1477385860016678,-0.07300441531737101
370,1.3958478172366229,0.07347407175896416,0.03786967313758843,2.378415573899704,0.6073797133864279,0.43777251932669203,1.451277822477636,0.1204712650035953,0.31627496955628415,0.9825677566630813,0.05543000524101305
371,1.338566770122641,0.14006653899102114,0.08254652658617825,2.3494700534401027,0.6205665652379799,0.4897555067621535,1.3184546123626286,0.07248343527013251,0.20433609225568966,1.0109032833174618,-0.020112157760012295
372,1.3636732182508555,0.1849622417371883,0.0966434325342842,2.6654975081542185,0.699271092222739,0.4930671912767651,1.3032114910077353,0.055311299181970364,0.27787082234583627,1.301824289903363,-0.06046172724312027
373,1.3453861075223468,0.14215572602306334,0.19873324050242347,2.5916176933426827,0.6987477424992323,0.6078241495933328,1.2732059514495915,0.01541396542409508,0.08697396318252373,1.2462315858203359,-0.0721801560727553
374,1.3383166939839541,0.18934370200880052,0.084834185315713,2.6152404628463986,0.6923990985293326,0.47561719179278095,1.27061299723272,0.03860557073908234,0.27861116420970505,1.2769237688624444,-0.06770369675123411
375,1.2852713060080037,0.17427651286538648,0.28795302360169306,2.4566427364896386,0.6656134169842135,0.6970439326926023,1.2041487387993959,0.02138713788268187,0.038494670906164596,1.171371430481635,-0.08112256720860778
376,1.340829084209716,0.17200707777108082,0.07462731488619112,2.581493268721711,0.6803378658612421,0.4722973338631421,1.2874619462376486,0.03762140268738258,0.2956894059965531,1.2406641845119952,-0.05336713797206727
377,1.3168951311944184,0.2187780206440366,0.1449259473538626,2.680271763002649,0.7171526674576135,0.5438933400351937,1.2209160506409849,0.07802986336387208,0.20261889693929364,1.3633766318082305,-0.09597908055343352
378,1.280005757626018,0.23553100512043268,0.2961339308661368,2.806645408069257,0.7632939577062932,0.7052248399570462,1.113640928606491,0.04236668779938006,0.10587949768318888,1.5266396504432391,-0.16636482901952698
379,1.380666087631613,0.20812259508230252,0.202280728705852,2.855167190247759,0.7386978850184918,0.6113716377967613,1.2482801318983032,0.04135532630024674,0.18459047194779332,1.474501102616146,-0.1323859557333098
380,1.3578159233805294,0.15198300668563663,0.11319601469944723,2.60627508907049,0.6805841857705053,0.5195260981647767,1.3121353233674429,0.05537258970356271,0.26141030257945863,1.2484591656899608,-0.04568060001308649
381,1.3635852230183176,0.16235879656433974,0.07528186283126265,2.524404448734179,0.660925255874468,0.4712115156264779,1.3442962121605344,0.07648239103825472,0.3013716030823984,1.1608192257158612,-0.01928901085778323
382,1.3097560809430746,0.18130179075780006,0.25020815240838823,2.5282385927942084,0.6806669826770719,0.6572318582498815,1.2237424093449114,0.030027186541500148,0.060561447724244474,1.2184825118511338,-0.0860136715981632
383,1.3527809707912835,0.16163524707279953,0.20906172889701796,2.602405194916897,0.6883977743264578,0.6181526379879272,1.280587111381595,0.03972232167720891,0.13284099932325158,1.2496242241256135,-0.07219385940968848
384,1.3376072368151215,0.14848623444156656,0.12863836404780107,2.548326120230192,0.6796665641735312,0.5377292731387103,1.2903029656996337,0.031827547115025244,0.23547179044292277,1.2107188834150704,-0.04730427111548785
385,1.4432421163894433,0.12725680919956042,0.07450093670600164,2.742561327225418,0.7122597133418416,0.4835918457969109,1.4270109495877947,0.12118831055447082,0.31193993122184827,1.2993192108359748,-0.0162311668016486
386,1.340993548436117,0.15971152276335754,0.13575454862149694,2.5652536029835518,0.6791594554615655,0.5448454577124062,1.2783990620410006,0.033610529211367174,0.19703035354044113,1.2242600545474347,-0.06259448639511644
387,1.3950114430174096,0.15983242511003845,0.0700266545427693,2.612199643002976,0.6715735533100142,0.47155312938845356,1.354701436607499,0.06598187594152216,0.28456628631916014,1.2171881999855665,-0.04031000640991067
388,1.3639062121506542,0.13864867421202381,0.14362040964797312,2.528155917199998,0.6637359375572446,0.5527113187388824,1.33263117966334,0.06678677866793961,0.2120099979979041,1.1642497050493439,-0.031275032487314114
389,1.373266144318889,0.1509207458115571,0.13329589937470382,2.661926370133475,0.6956240518023482,0.5423868084656132,1.3142953014962573,0.04624569925116373,0.23631501853247683,1.2886602258145863,-0.05897084282263165
390,1.3561942292676408,0.12490953164568915,0.10844757993927948,2.4781731328750682,0.6496718035988227,0.5175384890301887,1.3445773629279283,0.06308532080727342,0.2534192734402896,1.1219789036074275,-0.011616866339712484
391,1.3298946592151522,0.1727078302243477,0.1854380318611879,2.557914825617156,0.6860685112451681,0.5945289409520973,1.2563328930901705,0.027810854733499576,0.13797378438418656,1.228020166402004,-0.07356176612498166
392,1.2675422292064906,0.21227941075100898,0.3238377134990792,2.4293967247073365,0.6730685456809657,0.7329286225899885,1.1655032694516647,0.06607666763387815,0.04673571301440127,1.1618544955008459,-0.10203895975482591
393,1.340868506530306,0.16169862755612135,0.27369097056007835,2.5235356194571286,0.6708830405467654,0.6827818796509877,1.2711366078546926,0.038123695010439884,0.07089699280170919,1.1826671129268225,-0.06973189867561347
394,1.39129740488371,0.1859550394562291,0.22076293115042434,2.8455922571188443,0.7445746974635076,0.6298538402413336,1.2734823668951702,0.05090833755609738,0.16244109201848378,1.4542948522351344,-0.11781503798853965
395,1.339399214718623,0.137453180432929,0.09323740672853548,2.5000319311228054,0.6669173032100466,0.49526887925660834,1.3091291499694422,0.06461907351559798,0.2501924896660512,1.1606327164041823,-0.030270064749180925
396,1.3504416020293952,0.12461610837659612,0.09021836381505877,2.4937750388485656,0.6587454380807105,0.4993092729059681,1.328142202573451,0.042036687810732075,0.2592589046414413,1.1433334368191703,-0.02229939945594417
397,1.3341864702293602,0.2262662792737279,0.22182414833119868,2.736052071115304,0.7259103206316092,0.6309150574221081,1.2070300277746033,0.053371042788066814,0.1280186948455002,1.4018656008859436,-0.12715644245475688
398,1.4361640503072182,0.15383971170488547,0.020679977157151266,2.76475538015388,0.7006131384152632,0.4214399263496088,1.429035154128,0.07827840558119253,0.4005436970874824,1.3285913298466618,-0.0071288961792181915
399,1.419036699033155,0.10310654144817868,0.15091073193460317,2.6091948335011095,0.681279430585475,0.5600016410255124,1.3935357601154914,0.0816040205853481,0.21460792891653022,1.1901581344679544,-0.025500938917663696
400,1.292675961677828,0.21393634771131134,0.33057684134684984,2.7113700821324533,0.7293004319027452,0.7396677504377591,1.1524920316379537,0.04721761478592126,0.03831072475118029,1.4186941204546253,-0.1401839300398744
401,1.384281145572702,0.09394313347812766,0.11416368483584778,2.4730102030500376,0.642250423496852,0.523254593926757,1.3834696651661997,0.08755043730506663,0.20789958179088433,1.0887290574773356,-0.0008114804065022518
402,1.2568008096069812,0.23948707513185685,0.2456318327087504,2.4341710302100408,0.66629466018555,0.6428091177101543,1.1751376244772997,0.13759729049968936,0.0843463139725718,1.1773702206030596,-0.0816631851296814
403,1.4101910039895893,0.1278645785408422,0.015327278314977683,2.6687480921333084,0.6898387508195847,0.41627265972992655,1.3911402629721628,0.07926713679102215,0.3433362201948634,1.2585570881437191,-0.019050741017426542
404,1.3024031251468253,0.201939310330842,0.15808271517918082,2.5160767895802634,0.6767952143477673,0.5571721138481787,1.22026548186304,0.058504719324391476,0.21538770130414053,1.213673664433438,-0.08213764328378526
405,1.3481033269167118,0.19575363950306407,0.23270454566764154,2.821861806227714,0.7473641439068923,0.6417954547585507,1.211924168861501,0.033850197904439536,0.08853378822536531,1.4737584793110023,-0.13617915805521075
406,1.3430899338872602,0.24714204797942055,0.1166953221697273,2.844066171423326,0.738765353618849,0.5200711111811627,1.2005327951275315,0.0781980380538548,0.27129421271077625,1.5009762375360658,-0.14255713875972864
407,1.3231396343933908,0.15719313382342462,0.2713274845604834,2.5336179585888763,0.6660300774569954,0.6804183936513928,1.247958253851614,0.03262402231155152,0.06858143379208305,1.2104783241954855,-0.0751813805417767
408,1.3618862892193802,0.15665259098976464,0.12933160710144453,2.6183498560482157,0.6892051305508454,0.5384225161923538,1.3110025012703939,0.036183804087281,0.2545834075018799,1.2564635668288355,-0.05088378794898629
409,1.4019084040271061,0.12601855914875496,0.047345935392044416,2.6474211705915636,0.6818637005853938,0.4422507876283388,1.3887807658976068,0.11271460016970748,0.28022198805994325,1.2455127665644574,-0.013127638129499353
410,1.318297371949174,0.13348723811886426,0.09434245964541911,2.338042552134959,0.6167086031806726,0.4933071001097262,1.3058085676074733,0.06254570330007314,0.21980665043032718,1.0197451801857849,-0.012488804341700632
411,1.4077298085660046,0.18964120712202287,0.10733044303309007,2.7765663405080265,0.7085711314838938,0.5095254395996107,1.3321599026109219,0.06379144123402783,0.3030155464749525,1.368836531942022,-0.07556990595508273
412,1.3153661416629474,0.12771538709329294,0.12438175349167642,2.4304146235165196,0.654539924220743,0.521478094092626,1.2750227632680056,0.03741276326612314,0.1443553203530863,1.1150484818535722,-0.04034337839494184
413,1.33198228557798,0.20106182235652276,0.13717067472218442,2.6679223947322828,0.7059577421140752,0.5422836795949111,1.2347290662274513,0.027268801162128705,0.23578473546377376,1.3359401091543028,-0.09725321935052866
414,1.339924248896288,0.17449227143541435,0.2105189731331561,2.643983069052835,0.7031281418357531,0.6196098822240654,1.2512299676194223,0.037049323902918055,0.0985049339160209,1.304058820156547,-0.08869428127686563
415,1.280305561154771,0.21563398506600434,0.23465958669120826,2.6396426879798494,0.7258918651862489,0.6116402388758426,1.1585442513896422,0.04513893667680531,0.0782436911814931,1.3593371268250785,-0.12176130976512867
416,1.3607699666231197,0.22870513230447337,0.3949926339084971,2.8996981796640653,0.7716612920746461,0.8040835429994062,1.1734981839179333,0.03271077026051685,0.044601622360216996,1.5389282130409456,-0.1872717827051864
417,1.3414452072160838,0.17397615386721058,0.17722961470564963,2.6227824022255892,0.6989846570457277,0.586320523796559,1.2630469326991753,0.03638163824789024,0.17915221263753828,1.2813371950095054,-0.0783982745169085
418,1.361799446490922,0.16026429236950557,0.1394445573472346,2.6494947082719804,0.6932113669764739,0.5485354664381439,1.2924381352090548,0.030863885171271196,0.17348656392268025,1.2876952617810584,-0.06936131128186718
419,1.3680031273372912,0.17764080426666962,0.12225667543859786,2.6421172563970448,0.6930017354249247,0.531347584529507,1.2967319583657466,0.030983274515527043,0.21490370588267127,1.2741141290597535,-0.07127116897154462
420,1.3686419763524,0.13709245372029127,0.23248984080753599,2.5611109148043805,0.6760094681784083,0.6415807498984452,1.3144071026421544,0.05872905410160369,0.12294350760646548,1.1924689384519804,-0.0542348737102456
421,1.3875371514773733,0.1733026710813645,0.15537694921745168,2.8185976327892712,0.7361065475561164,0.5644678583083609,1.2864762739956233,0.026720590420183755,0.20115366094695677,1.431060481311898,-0.10106087748175008
422,1.262501138023436,0.20920597581594622,0.30656980683284807,2.5443362086986467,0.6952708313441502,0.7156607159237574,1.149030725449768,0.04393355056921301,0.04094824741116029,1.2818350706752106,-0.11347041257366808
423,1.3893910984018196,0.12452606740729892,0.16738832475378032,2.6256969043613414,0.6872210007636661,0.5764792338446896,1.3343928262879787,0.03759268723493915,0.1634945733765163,1.2363058059595218,-0.054998272113840896
424,1.2988677593175795,0.2462640839417884,0.28618783679856696,2.7354584728389573,0.7428526098213659,0.6952787458894762,1.1522070476063493,0.05003865716258719,0.09140943361171264,1.4365907135213778,-0.14666071171123019
425,1.3689712708289308,0.18307073277915029,0.09863857746631688,2.5373687336676696,0.6662344997646859,0.5057383941276221,1.3394536666206638,0.07658961496746208,0.288335311018829,1.1683974628387388,-0.02951760420826699
426,1.3057444309405362,0.1859442667901557,0.20061954941561572,2.593224058347916,0.6981273218032014,0.5830848867486884,1.2133679547241678,0.028515374818719248,0.1584244014834904,1.2874796274073799,-0.09237647621636835
427,1.3084291933682375,0.215413075361008,0.19955669901332979,2.7228415578846095,0.7394976806530098,0.5885129828151295,1.1851465353051522,0.06656794700789002,0.16785298211636143,1.414412364516372,-0.12328265806308525
428,1.3501109517052854,0.23530977508733508,0.34589644412980836,2.9000476096549885,0.7675601278545002,0.7549873532207176,1.1787823037875005,0.046999405822935256,0.03160165807958054,1.5499366579497031,-0.1713286479177849
429,1.358948062364374,0.15224221225717785,0.149407017677462,2.64741572835111,0.6925800894434808,0.5584979267683712,1.2904920929447385,0.034040444091990495,0.16397274386357968,1.2884676659867362,-0.06845596941963539
430,1.3855907184826084,0.2271353735642058,0.0843518469636585,2.84859114701321,0.7342474163442265,0.4934427560545678,1.2702315235488628,0.04467900520532097,0.32248954802673435,1.4630004285306015,-0.11535919493374558
431,1.4009104038142137,0.195651371452491,0.18770552988487021,2.933004591659445,0.758022941331731,0.5967964389757795,1.2631038782915143,0.03108976439280845,0.195765623535858,1.5320941878452312,-0.13780652552269945
432,1.3343870418160075,0.21505710756050483,0.25571998901561066,2.8356755951090142,0.7495921093859467,0.6648108981065199,1.1901490425015822,0.03187137825247126,0.08043369422521107,1.5012885532930067,-0.14423799931442538
433,1.3476352728359795,0.20007668629226913,0.09229099388714879,2.650414318642127,0.6988919895428022,0.4994554462193168,1.2609257233310718,0.056538822002739575,0.23487252138297773,1.3027790458061475,-0.08670954950490772
434,1.3040366948955455,0.14431012674231802,0.18529245326221355,2.419626441631635,0.6615121583336563,0.579817261068474,1.2537847024191757,0.049926179731461316,0.13115875784997633,1.1155897467360893,-0.0502519924763698
435,1.3666011739281272,0.16679237010525913,0.14540250271098631,2.7102853708606562,0.7111297331952946,0.5544934118018956,1.2804026924402279,0.025215415206893292,0.19532805250705498,1.343684196932529,-0.08619848148789933
436,1.3629722583577855,0.2301208844592815,0.2338311306565274,2.83786556751835,0.7476869754776483,0.6429220397474367,1.222185667946273,0.05739070567986227,0.09913074371977422,1.4748933091605645,-0.14078659041151242
437,1.271649650925311,0.17461472011035042,0.15043080455242358,2.4848712050969444,0.6733888974053899,0.5540108666773775,1.1948924519906967,0.04135405484042501,0.14082960064673972,1.2132215541716334,-0.0767571989346143
438,1.3471098374124066,0.11675236714161025,0.07601848049157711,2.4266667566998885,0.631907831213599,0.47931349637176923,1.3297722670703327,0.056259527439024376,0.20931577592667638,1.0795569192874819,-0.01733757034207395
439,1.3003150513377255,0.24471942267189406,0.30021492148709406,2.814221366504393,0.7565276733358131,0.7046437043593263,1.1367317900145852,0.053608601910709666,0.10872676852377594,1.5139063151666674,-0.16358326132314027
440,1.2410343655935374,0.18711944381799922,0.2026523871169863,2.292943522630433,0.6346782845207373,0.6117432962078955,1.170531123774984,0.06370837808807735,0.07831064521820588,1.0519091570368955,-0.07050324181855339
441,1.28360021086405,0.24170521646521145,0.22503335693898513,2.6125467253577894,0.7047983839677163,0.6341242660298945,1.1575731076156095,0.09412725787419443,0.07954056949294659,1.3289465144937394,-0.12602710324844058
442,1.256554293066602,0.16945357346399392,0.19386947534222532,2.378221056696506,0.6591814353528518,0.5985245733255267,1.1906725164265721,0.05205208001594214,0.10132289196758927,1.121666763629904,-0.06588177664002992
443,1.3142571267285064,0.18360694605396924,0.19405656424737447,2.6091962923479204,0.7113097269766295,0.6031474733382838,1.210147586830454,0.015041546060684557,0.10870993566324418,1.294939165619414,-0.10410953989805227
444,1.3549609199035904,0.19971356919623814,0.09766907284528195,2.6345599773225463,0.699203120450846,0.49838238165182647,1.2807592785120834,0.04931165552927208,0.2665093466414088,1.279599057418956,-0.07420164139150698
445,1.28578001090685,0.19720651836248165,0.1615922580504308,2.572131608252502,0.7116158052788735,0.550588226192883,1.185031376339765,0.03792211952045392,0.1708879862720744,1.2863515973456519,-0.10074863456708494
446,1.3571380963110506,0.12399949271541076,0.09609348617392592,2.5743764831428275,0.6834736851837142,0.5051843952648352,1.3076146895724765,0.03798269088912907,0.18439744987447698,1.2172383868317769,-0.04952340673857414
447,1.374783501951573,0.13778797070766044,0.06222523806190079,2.4826575872268695,0.6469443198934632,0.4659205696597074,1.377743354550783,0.05694968553459118,0.32247750939683945,1.1078740852752964,0.0029598525992098335
448,1.3985164380362582,0.23540051624314232,0.20212775415480838,2.9133488960035567,0.755279772618775,0.6112186632457177,1.2577758958073804,0.0454214896066905,0.21733169260989282,1.5148324579672985,-0.14074054222887789
449,1.340824575068097,0.09845422279854153,0.20994064402685386,2.3979431146614525,0.6300259047444431,0.6190315531177631,1.3156153446079388,0.06116033830350044,0.11490535712861144,1.0571185395933556,-0.025209230460158105
450,1.3584997472213045,0.13744868188489393,0.06811557974486636,2.574355759304903,0.676363105029053,0.46993128208511614,1.319315453000347,0.037043136041624056,0.2735599841274696,1.2158560120835986,-0.03918429422095748
451,1.3443254222621819,0.14250404558234636,0.12934695707292876,2.477178872917307,0.6588942616913379,0.538437866163838,1.2959006869565566,0.03500281484261576,0.1675866769501898,1.1328534506551253,-0.0484247353056253
452,1.3335558338113005,0.14681376045520111,0.22328468853995878,2.523754618743376,0.682239666284451,0.6246473116324898,1.2691594750161963,0.03561332130222165,0.0921269315348533,1.1901987849320754,-0.06439635879510419
453,1.420914779474131,0.14005937526829354,0.056622034035153694,2.6931320142606303,0.6932625137726054,0.4576192320522251,1.4097488305004697,0.06816853514691036,0.35556921684836473,1.2722172347864993,-0.0111659489736613
454,1.3708970691102538,0.19870396916406807,0.07289129666379249,2.8244682041832228,0.7305492815530945,0.4812916771486828,1.260810070234401,0.051030799590183556,0.2759529674992366,1.453571135072969,-0.11008699887585283
455,1.3516513246041733,0.2001074854301101,0.32629302938917093,2.683672025090836,0.7095982524382771,0.7353839384800802,1.2339412868692823,0.029636501583945467,0.051215680112676645,1.3320207004866629,-0.11771003773489097
456,1.2927570107773367,0.23066816060800754,0.23850685772145847,2.654774124322317,0.7192220213976354,0.6475977668123678,1.1703613826549717,0.06865442083477417,0.12030761094778591,1.3620171135449803,-0.12239562812236504
457,1.306103101203981,0.1954964398047926,0.21528271383999764,2.5573881401968928,0.6913730125264612,0.6243736229309069,1.2226998086137524,0.07792787052376708,0.08776497246863002,1.2512850389929118,-0.0834032925902286
458,1.4207075667447353,0.14474462656172313,0.030787489394508878,2.7192120206351067,0.7041784711725367,0.41298796903295776,1.3912257814812725,0.0750894254415381,0.34685891249581946,1.2985044538903714,-0.02948178526346279
459,1.3658500865659646,0.20386196331493525,0.2144505431260501,2.7318336228995914,0.7100115623071463,0.6235414522169593,1.2611198253501845,0.04789073108390297,0.18541358537814823,1.3659835363336268,-0.10473026121578011
460,1.3091831417175586,0.1973385385154691,0.17032953182574032,2.493365529013438,0.669562788723294,0.5652782839953032,1.234444653254339,0.04861014302841057,0.16890109498917852,1.1841823872958797,-0.07473848846321962
461,1.3214398249616675,0.1314593749247031,0.13230034831690757,2.4365333480632536,0.6437532278833836,0.5413912574078168,1.281717791867791,0.032311687769148015,0.14379052888028848,1.1150935231015862,-0.03972203309387656
462,1.2782134418541355,0.16826690560973223,0.19100855048916776,2.3657914145040992,0.6371509313280556,0.5851334861564154,1.228227251011156,0.054800357084888784,0.18581988831840235,1.0875779726499637,-0.049986190842979505
463,1.3991629124616143,0.16996516371080062,0.11130094826116452,2.8034436153214033,0.7248889462658754,0.5203918573520738,1.3342498911902032,0.061327593458521984,0.309289268195457,1.404280702859789,-0.06491302127141108
464,1.390242874884878,0.10919386499264183,0.05785887767069864,2.588218274160159,0.6734276645594948,0.4669497867616079,1.372115767184029,0.08744910506899847,0.2626303583776264,1.1979753992752809,-0.018127107700849132
465,1.3574207547057315,0.1735401834536065,0.24693402227738553,2.6747500187634032,0.7048842013719037,0.6560249313682949,1.2637244541129875,0.0218986242193736,0.13098930589036184,1.3173292640576717,-0.09369630059274403
466,1.3372675947055792,0.2329274770180975,0.3510090296432727,2.7158231153600196,0.7198632798727888,0.760099938734182,1.200969968303018,0.07270194668903454,0.0635468907447158,1.3785555206544404,-0.13629762640256127
467,1.3113848455432908,0.22553477144224615,0.21685456333294173,2.7099181960240464,0.7275771321174094,0.6259454724238509,1.1850583783673807,0.05448973213835655,0.11141498442357539,1.3985333504807556,-0.12632646717591012
468,1.307315791516831,0.14805264086430747,0.168043613574581,2.5126818086174616,0.6728641715176547,0.5771345226654903,1.252734108295677,0.0598294735274406,0.11881181346929988,1.2053660171006306,-0.054581683221153865
469,1.3611914914418373,0.19064819500163543,0.26968361578928246,2.7984358536046026,0.7404895181238499,0.6787745248801917,1.2332670591101058,0.04057347783583527,0.11818345527374557,1.4372443621627653,-0.12792443233173145
470,1.3519942235043134,0.19304085364121237,0.24446146031700072,2.8296813077709553,0.7440522881415974,0.65355236940791,1.221839717763621,0.028006700167504225,0.12123098920625128,1.4776870842666419,-0.13015450574069232
471,1.2645600956088887,0.18850339366657015,0.36275309871177724,2.4964581219374127,0.6832623983995212,0.7718440078026866,1.1652555236775313,0.04699473233983162,0.11488238068087951,1.231898026328524,-0.09930457193135744
472,1.38320826488328,0.18312759356993347,0.22405520532750928,2.7114866519415015,0.7061801959407472,0.6331461144184185,1.2985288353505584,0.035979228486646884,0.20214718977117566,1.3282783870582215,-0.08467942953272156
473,1.400100063582805,0.12806658394831105,0.08286274557954804,2.6154839000025705,0.6754585632660233,0.49195365467045726,1.3702449134089778,0.0824546214694282,0.24621976144092722,1.2153838364197656,-0.029855150173827116
474,1.3430442166192413,0.2003124366363671,0.11706127198763988,2.6722421122549536,0.6995382237546741,0.5210539604558257,1.243832079857902,0.035238612977128894,0.24779121685942185,1.3291978956357122,-0.09921213676133944
475,1.4285259816795848,0.1867974843962506,0.05920658234533349,2.8902439097573893,0.7272282419000935,0.4682974914362428,1.3617771383672348,0.06221198156682027,0.373438514562212,1.4617179280778045,-0.06674884331234998
476,1.351507240504278,0.16504438070027647,0.05694233020469848,2.5846256693325476,0.6789928763541897,0.4321456622229847,1.3135043815338128,0.05262201725884777,0.337791895907619,1.2331184288282695,-0.03800285897046529
477,1.3062868109715726,0.16765902128758547,0.30763386882704946,2.591018653671483,0.6980398474433687,0.7167247779179589,1.2123448842707405,0.018487394957983214,0.07496683090624714,1.2847318426999106,-0.09394192670083212
478,1.3865735620250905,0.19327096789789955,0.1950549182487305,2.7628903870466606,0.7235105999690971,0.6041458273396398,1.287871621340432,0.05774329382407982,0.19021472305908127,1.37631682502157,-0.09870194068465854
479,1.2899854278400336,0.21188718349715957,0.36752691600677434,2.7431134331769065,0.7466712221047698,0.7766178250976837,1.137460628738398,0.019753978837693347,0.05669831657890965,1.453128005336873,-0.15252479910163563
480,1.3516460908200298,0.1897891495035005,0.18581048109645104,2.748032561822495,0.7240841686414043,0.5949013901873603,1.2433683862423064,0.021892304338347542,0.17330119009363343,1.3963864710024652,-0.10827770457772345
481,1.3681171822110052,0.14488220526518508,0.21375505483470242,2.5626996878829074,0.6830759519245734,0.6228459639256119,1.3109246292840568,0.04379963446390737,0.15019641750040535,1.1945825056719022,-0.05719255292694836
482,1.3666029801463604,0.17308735999058403,0.1215682006387026,2.685609584852375,0.7042679416049258,0.5306591097296118,1.280650968759057,0.030237419740182216,0.24208598839039494,1.3190066047060145,-0.08595201138730335
483,1.3532948303733185,0.14199002864198318,0.09068913688388566,2.551687491462087,0.6661651992468498,0.4997800459747949,1.3437234649762724,0.06631850050078696,0.30823585718223045,1.1983926610887683,-0.009571365397046172
484,1.3508714182702706,0.10608399516798475,0.1493479765662386,2.3999341827146576,0.6384005808386404,0.5584388856571478,1.341522533925994,0.09069767441860464,0.1639108028267972,1.049062764444387,-0.009348884344276609
485,1.3707552986359584,0.10716793525220122,0.12068028694416143,2.5145712162984375,0.6557786124751666,0.5297711960350706,1.3541025285279993,0.06981730664041133,0.2138850685530913,1.1438159176624791,-0.01665277010795907
486,1.2934850086710266,0.2189538327674148,0.22280233436317087,2.5539763715007573,0.6926709788787173,0.6290668882387753,1.1831268755702657,0.05312207560290874,0.12496831330890432,1.2604913628297307,-0.11035813310076081
487,1.2964634207475925,0.20640889856920572,0.307778601809766,2.6096399251368614,0.7119126064318548,0.7168695109006753,1.1769170452137359,0.019984212472146996,0.04793917951040995,1.313176504389269,-0.11954637553385661
488,1.3540247364236555,0.24692899065509175,0.15127959916753966,2.9056589140797,0.7542158342429703,0.5498345242714899,1.1936482339022956,0.05640204244083332,0.22754202280580813,1.5516341776560443,-0.16037650252135993
489,1.3417938396174027,0.18533872304862253,0.2149318296912164,2.7123556091614853,0.7127299542533492,0.6240227387821257,1.2374943675951142,0.026984126984126992,0.16976675161684018,1.3705617695440826,-0.10429947202228851
490,1.3230796999842758,0.16522108965145724,0.1354618864861618,2.5173541312038257,0.6726945344929225,0.544552795577071,1.2632574561859766,0.050349650349650305,0.1492135960963829,1.19427443121955,-0.059822243798299146
491,1.3433518923885892,0.2109357401737238,0.23094212381792192,2.7146731259472463,0.7233152724672712,0.6400330329088313,1.2243548839153653,0.044736865330473864,0.10395950345495103,1.371321233558657,-0.11899700847322392
492,1.330821546382852,0.17080288420717754,0.15854368157324494,2.614988534756098,0.6994993211552356,0.5676345906641542,1.2527667435300947,0.027730616864742492,0.19501362476612163,1.2841669883732458,-0.07805480285275745
493,1.2830720454001345,0.26824937285237727,0.2428409521131285,2.7426028713592894,0.7402615103026617,0.6519318612040378,1.1182948176622234,0.08542750967974204,0.10838289213901803,1.4595308259591548,-0.16477722773791115
494,1.3035129983912384,0.19777129165321294,0.16246788249291338,2.4088698071979007,0.6389568014808642,0.5665277248558054,1.2452911509662523,0.07272293752980447,0.20746027375514986,1.1053568088066623,-0.05822184742498604
495,1.300087127773216,0.17472938635212518,0.25945411404445967,2.5326996578563916,0.6951323142629059,0.668545023135369,1.2072690035524465,0.020474155985591033,0.04214832572733189,1.2326125300831756,-0.09281812422076952
496,1.3273484755045741,0.12598156195346263,0.11097373250056022,2.478377297699567,0.657427768252405,0.5200646415914696,1.2907839274804953,0.049067516159960384,0.17703406485110967,1.1510288221949927,-0.036564548024078825
497,1.2826979964444476,0.1950155826007271,0.16989055162331496,2.589984969905456,0.706490421115644,0.5783163244527979,1.1816276058674178,0.044865847057913855,0.15417134117355785,1.3072869734610082,-0.10107039057702982
498,1.3690687832116075,0.08145592940750608,0.05445743614521443,2.381970738853569,0.6166502388184862,0.4617300455996502,1.3776522868218688,0.06673456946158537,0.25679304151824417,1.0129019556419614,0.008583503610261278
499,1.3169424640528566,0.1461894718985064,0.13721090153270016,2.4108595843094154,0.6478601288346628,0.5463018106236095,1.271914234999569,0.022740917189557622,0.1551560876773518,1.0939171202565587,-0.04502822905328774
500,1.3942478812006778,0.15426394013624578,0.08649521254792378,2.71995670607126,0.7088023901750851,0.4955861216388331,1.3712711759820289,0.10245798060659994,0.3344069104929267,1.3257088248705822,-0.02297670521864892
501,1.2920540891140306,0.1815319935616824,0.3125750965547664,2.577700944644684,0.6932179506539844,0.7216660056456756,1.1922086937478469,0.022385644247703406,0.04793913022946891,1.2856468555306533,-0.09984539536618375
502,1.338983110093888,0.16147300204476744,0.12713477028488637,2.5234935985860267,0.6679082647522591,0.5347872333373525,1.2945008814003633,0.050536477854616485,0.23857533215917237,1.1845104884921387,-0.044482228693524695
503,1.4183749875050187,0.2621313063177453,0.11521449614168486,3.0042370775767666,0.7615449116580693,0.5112155271325753,1.2751597206135141,0.08482476849605983,0.3363185997497209,1.585862090071748,-0.14321526689150454
504,1.3852390377891544,0.17391813884051383,0.1384949317713225,2.6659377373600703,0.6935662060916016,0.5475858408622318,1.3202763166227802,0.04695245422149319,0.2343192897109005,1.280698699570916,-0.06496272116637414
505,1.3814004194327918,0.17613895600259044,0.17968485453568483,2.7743447675125408,0.7297555547295353,0.588775763626594,1.2808914506938396,0.04687265135699372,0.1587005670555081,1.392944348079749,-0.10050896873895221
506,1.30293470792048,0.26406079360061846,0.33223481250727205,2.859141651817548,0.7681057830976887,0.7413257215981813,1.1242690088664928,0.0873841206855266,0.08137030974468976,1.556206943897068,-0.17866569905398721
507,1.3582621808811493,0.18704532223680415,0.13886975953356362,2.7194112491714932,0.710922648208875,0.5454071539519665,1.268910853753701,0.039124021899452535,0.20126263379207532,1.361149068290344,-0.0893513271274482
508,1.3928851661214416,0.21751724074537088,0.12100176633707227,2.843107438048276,0.7382334255878467,0.5263488210036865,1.2718640336101887,0.049502880585096345,0.22141288541011134,1.4502222719268345,-0.1210211325112529
509,1.3900605800212527,0.09224104204321434,0.042717383529837734,2.394422635875417,0.6216071383254722,0.444658508731829,1.4020991939405816,0.06059177591211021,0.27205008851758217,1.0043620558541642,0.012038613919328922
510,1.3654072728051618,0.08768802483751292,0.0659225160636129,2.273937010957705,0.5871768063283134,0.4702263339099498,1.3752682001548937,0.04911383332247342,0.20671182305683672,0.9085297381525432,0.009860927349731874
511,1.3610553003626638,0.22128440897643264,0.1244705640900017,2.7772038724887134,0.7329467384744122,0.5215450916345981,1.2603640690573226,0.0514516129032258,0.3125440462097423,1.4161485721260496,-0.10069123130534119
512,1.3867231622828746,0.10614705971886479,0.11821559779647359,2.5405033909497514,0.655937759656861,0.5273065068873828,1.355827034679667,0.0539966832504146,0.17203725217066124,1.1537802286668768,-0.03089612760320759
513,1.2934555166207784,0.23694191536574077,0.19847904795472054,2.6695710723454367,0.7242997370201976,0.5859530332847668,1.162528075575612,0.06331136940329049,0.1562658149502214,1.3761155557246583,-0.1309274410451664
514,1.3512168094935508,0.22455704371815885,0.15057747848233927,2.8361426443507485,0.7428510395913139,0.5596683875732485,1.2097167531172635,0.02552528165924597,0.2254758060222688,1.4849258348571976,-0.14150005637628738
515,1.3317782441397128,0.16110226789310328,0.07955620461441201,2.5422867594448553,0.6751699621148379,0.4876911691683101,1.2705147664072243,0.026741759552668658,0.21661033932749152,1.2105085153051425,-0.061263477732488525
516,1.2999132424881568,0.186547506634136,0.222092776160253,2.526055306074536,0.6847957257691177,0.6311836852511623,1.2117643394056175,0.035873304342182125,0.05715606701143442,1.2261420635863791,-0.08814890308253931
517,1.3685545603861948,0.19467232140307328,0.1430831744153237,2.7720098924640864,0.725657760979441,0.552174083506233,1.2711299973093748,0.03992259869602289,0.22879871682534308,1.4034553320778915,-0.09742456307682001
518,1.307986848830962,0.1995167350619229,0.27637450664675556,2.5958052070877238,0.7052531079400199,0.685465415737665,1.2006340344230908,0.02889469658337587,0.04759691093847884,1.2878183582567617,-0.10735281440787126
519,1.2895768659305291,0.17870178331664444,0.26749696236035986,2.49623486851689,0.6697398770358576,0.6765878714512692,1.202124806587533,0.028369224372412138,0.09894324973328099,1.2066580025863607,-0.08745205934299616
520,1.3426373484921825,0.1578192563147327,0.23486715665590951,2.6685108813762586,0.7158971047690704,0.6439580657468189,1.2580299711993748,0.0658939727344007,0.11846995767985359,1.325873532884076,-0.08460737729280776
521,1.3360072835242298,0.10370270227546605,0.09344901127094317,2.4520950701518647,0.650775652093261,0.5025399203618524,1.3109399766315617,0.030118585912440758,0.19022924431553256,1.1160877866276349,-0.025067306892668118
522,1.3068126261879722,0.25564421187604275,0.33004979371054854,2.6922867710012697,0.7260530247711224,0.7391407028014578,1.155524660641806,0.09031440183280239,0.046406360779547906,1.3854741448132974,-0.1512879655461663
523,1.3211858293340968,0.1518902776146717,0.14899829346046384,2.543589820940944,0.6901425328317174,0.5579516618117489,1.2531604123889626,0.02971430648444318,0.15499935937509218,1.2224039916068472,-0.0680254169451342
524,1.3025221382129024,0.19267725478724684,0.09174695922290166,2.6507711342165035,0.7077958222792673,0.4903726471688894,1.2059735816093529,0.04942761311021178,0.24320235411178445,1.348248996003601,-0.09654855660354955
525,1.3309002186781682,0.08550865017463921,0.11618739296482525,2.2967707555943364,0.6080891605298493,0.5252783020557346,1.3291869760054345,0.07878902634014981,0.1323340688925189,0.9658705369161682,-0.0017132426727337613
526,1.3338278371095074,0.17899415418657164,0.1356519704111854,2.679481123094569,0.7086649189963732,0.5391996448623771,1.253033101888779,0.04956231099793092,0.1829418599490797,1.3456532859850618,-0.08079473522072833
527,1.3217880300400902,0.24154277224007498,0.1315444719485639,2.637544320886069,0.6952366760740272,0.5190307067470755,1.2162546146308073,0.09919673358843627,0.22681089131804205,1.3157562908459788,-0.10553341540928285
528,1.355026066966683,0.1171079310270796,0.03789093230450958,2.401076862484975,0.6207979527161116,0.4322258228506103,1.330918833686596,0.053350235278247296,0.17096324421247125,1.0460507955182923,-0.024107233280086904
529,1.3464740160721642,0.21978854631072833,0.15102160127493197,2.7487892965882983,0.7235197326390761,0.5601125103658413,1.2318905729722192,0.05896350070578744,0.21903630766589452,1.402315280516134,-0.11458344309994506
530,1.3490799011390777,0.12424326738184552,0.13054204464022728,2.530835170484514,0.6675000294045952,0.5396329537311366,1.3086215651751738,0.03004353728758015,0.19515477793468883,1.181755269345436,-0.04045833596390391
531,1.3163886490026189,0.22076689614912334,0.18740739940551482,2.594350265514347,0.6942698108886387,0.5845281941666343,1.2233246034356131,0.08447500982643417,0.15688301718254738,1.277961616511728,-0.09306404556700576
532,1.3236505839310642,0.14740885771956544,0.14583487556999414,2.413484813811481,0.6404428775416425,0.5549257846609035,1.2805204079739454,0.051130952380952395,0.14285830452220455,1.0898342298804167,-0.043130175957118766
533,1.357821556323869,0.13688611644421228,0.12739011500560993,2.4812610781454154,0.6618873403769026,0.5364810240965192,1.3183779924195371,0.03209581874000086,0.18112120588803388,1.1234395218215465,-0.03944356390433179
534,1.309483867298015,0.22527928880241752,0.14436029489987867,2.5915480605787904,0.6986574064015294,0.5350989502096508,1.2190624884549832,0.10045045325690788,0.21496316505842072,1.2820641932807755,-0.0904213788430317
535,1.2822439172164388,0.21125693933513096,0.25579655498427123,2.5639974835944073,0.700091121044105,0.6648874640751805,1.1731749984664948,0.039936155913978484,0.042403770940790814,1.2817535663779684,-0.10906891874994407
536,1.3072160002891402,0.21794737523504873,0.1814727572384381,2.543130337384245,0.6887456785221124,0.5905636663293474,1.2246489427751606,0.08450559341648448,0.20093762083413302,1.235914337095105,-0.08256705751397964
537,1.3715807360111847,0.22298630475085554,0.2560914304189354,2.8595653214458774,0.7511582567795285,0.6651823395098446,1.2220250172390963,0.041449633045398476,0.18836298066990206,1.4879845854346927,-0.1495557187720884
538,1.3332505599015207,0.15261830559999073,0.06604658042505983,2.608886784643647,0.6902174372867944,0.47104052269271823,1.2743896278755198,0.03548635896195025,0.23664062040427575,1.2756362247421262,-0.058860932026000956
539,1.4308096229548404,0.1056410120134101,0.0671907407067045,2.648995095684351,0.6797932182584785,0.4762816497976138,1.4376292586296784,0.11559569784358975,0.30844038654623945,1.2181854727295105,0.006819635674838009
540,1.3449061812803151,0.1772984267096308,0.26356167447783885,2.5403616366668595,0.67001207492455,0.672652583568748,1.2682183118115433,0.03406958793492458,0.12850631890395992,1.1954554553865444,-0.07668786946877182
541,1.3136095583290137,0.20978144204064114,0.13137450312087753,2.677741075362037,0.7179115767102471,0.5302502840108207,1.2038005418071147,0.04201585107685847,0.183940331970276,1.3641315170330235,-0.109809016521899
542,1.3841847661600433,0.16264840219137677,0.17791808422617497,2.7350662509323524,0.7167697406303133,0.5870089933170843,1.302887221898072,0.03969846085023699,0.19494470592339438,1.3508814847723092,-0.08129754426197122
543,1.3939145389214238,0.16283024407104252,0.06101447288313021,2.7231607384715604,0.7059392824517948,0.4599890577436082,1.3235437445315246,0.029854190281934687,0.2610518932762787,1.3292461995501366,-0.07037079438989924
544,1.3547262389502261,0.09681691439288664,0.05749015298993433,2.122440369140128,0.5409002214655648,0.4506765568489691,1.3723194275986734,0.06875895136683481,0.1905417634335808,0.7677141301899018,0.017593188648447278
545,1.3380635484257064,0.12258580702778041,0.13119169576754872,2.4791175860096564,0.6645227895908712,0.5402826048584579,1.310434602481017,0.06151997442333066,0.1991043429661512,1.14105403758395,-0.027628945944689454
546,1.3844076835877117,0.15338660672885585,0.20798823705180824,2.715200559931331,0.7139725637484202,0.6170791461427175,1.3046786601876672,0.034584508771198424,0.1937561900628691,1.3307928763436192,-0.07972902340004451
547,1.359058947581209,0.1417538256200001,0.052385005999378044,2.4493437421167377,0.6499865106558721,0.4429460525186948,1.3492247182784924,0.06536135752151095,0.2965571900022507,1.0902847945355287,-0.00983422930271649
548,1.3464857171225835,0.18856208176552064,0.12194087393993536,2.663694321732962,0.711264493826963,0.5239085798286096,1.2652842997031921,0.04755690601844447,0.21081319330841458,1.3172086046103786,-0.08120141741939135
549,1.3508321337728044,0.10078456777271991,0.08992146834615264,2.3716063388766533,0.6228712306420819,0.49901237743706195,1.3459947615970806,0.043459854716890345,0.22845577543400622,1.0207742051038489,-0.004837372175723775
550,1.3703010112597296,0.15306330224215225,0.1029104930627838,2.679812373930076,0.697601719875609,0.5120014021536932,1.322934057315639,0.04948073638738195,0.28635780236427333,1.3095113626703463,-0.04736695394409063
551,1.3370398738478517,0.17062382096882467,0.13381029339841977,2.6118898670485926,0.6885427067295538,0.5393914229398551,1.2700649889465878,0.043135124986589425,0.2125643649345425,1.2748499932007409,-0.06697488490126391
552,1.2988275587284939,0.21443359470644124,0.14232806451145313,2.703714110318207,0.7255373836594354,0.5344922841313118,1.181088564279398,0.051886998896791964,0.1881634029412621,1.4048865515897133,-0.11773899444909586
553,1.3256398946182946,0.1928272020246537,0.22021148131387855,2.571053455825126,0.6800915102304996,0.6293023904047879,1.238541974777939,0.04662864032647006,0.14648824559696544,1.2454135612068316,-0.08709791984035564
554,1.3541769551496703,0.20020943777665903,0.09598323615203422,2.578306507296463,0.6800073043347246,0.48525590302606336,1.3103959349855698,0.07629716981132079,0.31431854489784655,1.2241295521467928,-0.04378102016410046
555,1.3570526101462805,0.13924624615420622,0.06549485125209192,2.5597826505068384,0.6748213498515911,0.4565891439236154,1.316019300679324,0.034249639023165315,0.23856478393695113,1.2027300403605579,-0.0410333094669566
556,1.3745511895252338,0.15832626193552152,0.07128219383533287,2.664525844364081,0.6894505427370885,0.48037310292624213,1.3135968906160445,0.05228166738958105,0.24146313480007364,1.2899746548388473,-0.06095429890918935
557,1.279515205785929,0.15095127868822233,0.20825246272955375,2.460729526905725,0.6686114448653775,0.6163614529904669,1.2095970483920055,0.013387211008246035,0.06603622969448505,1.181214321119796,-0.06991815739392337
558,1.399338390141021,0.10166532010198831,0.038452334747550526,2.526850264977765,0.6554423002005801,0.44372781777202086,1.3980884103935796,0.11466069876871121,0.23800650127440112,1.127511874836744,-0.0012499797474414542
559,1.3953004882503048,0.11681444752592356,0.09602586987911316,2.5972082427375094,0.6719343744693119,0.5051167789700224,1.369425612842297,0.06271489387637744,0.2561431087523738,1.2019077544872045,-0.025874875408007814
560,1.365594327746948,0.10448058891031223,0.04741815906675108,2.3772550929379186,0.624636086895471,0.4487576923688521,1.3757160819369931,0.056878211158549824,0.27814945369136723,1.0116607651909706,0.010121754190045129
561,1.3785863550849033,0.13869171935322502,0.1257857378133121,2.600034272484663,0.6747049904158201,0.5348766469042214,1.3319045769662696,0.04405480089589574,0.20319686224769068,1.2214479173997594,-0.04668177811863372
562,1.3264049093503587,0.1412919126782267,0.1493327477012933,2.442698584431193,0.6511287419111724,0.5584236567922026,1.2796050884320462,0.023299238573414392,0.15800044765110804,1.116293675080834,-0.046799820918312474
563,1.313116962196176,0.14018888222135473,0.20875131514042167,2.4813093137009496,0.6816988339189927,0.6178422242313311,1.2582020549124064,0.04479836288008539,0.16410433824350712,1.1681923515047736,-0.054914907283769576
564,1.2984843822964869,0.17922550722585934,0.17591156453125692,2.465988166259039,0.6750540047382285,0.5850024736221662,1.224121922847718,0.053829553320574944,0.11951075950376885,1.167503783962552,-0.07436245944876885
565,1.331440829284338,0.10815743403949732,0.04729827942758345,2.250755858372758,0.5976792368040635,0.43743242027572726,1.3282322899141992,0.07043021872899324,0.2079053862100041,0.91931502908842,-0.0032085393701388742
566,1.3335241639734412,0.12072282550069577,0.07991402537083483,2.3375754123115677,0.6252624137448123,0.48386251709942923,1.3194366445027406,0.06507405637840422,0.2055607340763612,1.0040512483381265,-0.014087519470700638
567,1.31086777029886,0.2045598877700755,0.1308799589196274,2.5446405851978264,0.6784988143150801,0.5398766088137125,1.2318269235482364,0.06975229705408736,0.22886823572261372,1.2337728148989664,-0.07904084675062362
568,1.296608882911035,0.20378518970974024,0.19328279637152287,2.5964135684468523,0.7014944084873631,0.5745323524560367,1.191435052214426,0.03674757154452386,0.14108320587160303,1.2998046855358174,-0.10517383069660902
569,1.3821776569016406,0.18997021706951328,0.14867414899705844,2.758680884179461,0.7234300933072397,0.5549608092879442,1.2845275246620327,0.024011666822732973,0.1952904477933326,1.3765032272778202,-0.09765013223960795
570,1.375012807157506,0.17829653206165358,0.12726748765133927,2.736792190560526,0.7150970604506549,0.5363583967422485,1.2909993682480563,0.04774561977669633,0.2352463806314535,1.3617793834030198,-0.08401343890944979
571,1.3337342027348607,0.1332665141178106,0.10961324589551834,2.450636754134995,0.6501273358762056,0.5187041549864275,1.293927158290118,0.033122962144238766,0.1823089492888736,1.1169025514001345,-0.0398070444447427
572,1.3740945213040927,0.23337287883220192,0.3015995329718495,2.998813560188895,0.7800821587437958,0.7106904420627588,1.1870102487662988,0.042307333892461094,0.06781347077508898,1.6247190388848023,-0.18708427253779392
573,1.3214013827024087,0.19249088463665734,0.1757397716344205,2.531763620595192,0.6779042600121131,0.5848306807253298,1.2459368696775401,0.07673967450057016,0.12403517505595582,1.2103622378927832,-0.07546451302486856
574,1.4166058640256276,0.18535948647297035,0.07255126670737141,2.84804777944134,0.7291607711499533,0.4730502686889402,1.3374625835271141,0.049955058892973095,0.31705414384935315,1.4314419154157125,-0.07914328049851349
575,1.3307360129140984,0.24739967238793262,0.10162545759048447,2.7704480609364905,0.7274798254574308,0.4704327234249187,1.1946015870949398,0.06783007578779418,0.29707683741819213,1.4397120480223922,-0.13613442581915858
576,1.3079405465440133,0.17616740856455027,0.10803949662348009,2.409179468352823,0.6446989396094185,0.49919584760906766,1.263340275816716,0.07636544190665338,0.22028549246285972,1.10123892180881,-0.04460027072729722
577,1.317099439941807,0.1685600050026173,0.20086221881374952,2.559350212325012,0.6882890130305164,0.604638873789958,1.2389409576215467,0.03108717159503132,0.1283615487835792,1.242250772383205,-0.07815848232026035
578,1.3335961261609084,0.16743787808819877,0.045295002382563385,2.5787394174797744,0.6799996096517464,0.4239834287737463,1.289089096347364,0.04462070727919633,0.34446790446098674,1.245143291318866,-0.044507029813544374
579,1.4088509180133921,0.18032570208209003,0.20090466103420057,2.8815423359019867,0.7471074244413409,0.6099955701251099,1.2876965347234242,0.030238661979601775,0.1760475957436234,1.4726914178885946,-0.12115438328996797
580,1.3537819983021229,0.17850458975095856,0.13693629413074115,2.609472851679783,0.6847432265155344,0.5460272032216504,1.279176151116728,0.026141760011600162,0.18925055816303338,1.25569085337766,-0.07460584718539476
581,1.3064995403640238,0.19291290146380918,0.1756813020693942,2.6012561966822925,0.7035615875159542,0.5847722111603034,1.2214990268068426,0.06342566235137836,0.16439676005822376,1.2947566563182686,-0.08500051355718119
582,1.3611874675800848,0.13554015921070894,0.1310506622042421,2.5152615447971582,0.6594640812602413,0.5401415712951514,1.3207810452079563,0.052015469670620616,0.2085374619286271,1.1540740772170734,-0.04040642237212855
583,1.3638432220201433,0.14315080501321803,0.11019565948282531,2.599494641023555,0.6755188057480249,0.5192865685737347,1.3161125876852502,0.058558296126420536,0.22210070970957896,1.2356514190034118,-0.04773063433489311
584,1.3545795339275304,0.15081553379897034,0.17547721399665184,2.561849632488648,0.6846128815749346,0.5845681230875611,1.297848943828341,0.03279831574386851,0.17533049564103215,1.2072700985611178,-0.05673059009918946
585,1.2631155818744726,0.18476705258124143,0.226779699117726,2.532229276524108,0.6962754602916315,0.6358706082086354,1.171910530792161,0.05553098730451934,0.035085277723669456,1.2691136946496355,-0.0912050510823117
586,1.3407755715065854,0.16222080158240604,0.20513469920434968,2.54396140216969,0.6780960917724759,0.614225608295259,1.2763579406509507,0.05257619583468642,0.12212450627409176,1.2031858306631045,-0.06441763085563479
587,1.332338480996855,0.2435880575368591,0.32937342316070384,2.931055033081973,0.7749711783320936,0.7384643322516131,1.14620692048622,0.06070591380942181,0.057374053949875686,1.5987165520851179,-0.18613156051063506
588,1.3365886245888918,0.213508201721416,0.21219941735007475,2.7628026721985544,0.7351536120112938,0.6031739747314069,1.2127649015512252,0.04955127448934218,0.18143287358844756,1.4262140476096625,-0.12382372303766664
589,1.331153775431271,0.12594656068555254,0.08685659837306141,2.5646874554714434,0.6771029934315904,0.49254959926852304,1.2888689492828953,0.034335621283173134,0.2226510871218314,1.2335336800401724,-0.0422848261483757
590,1.3189112768294877,0.11754088230861938,0.16181564957413425,2.3901724469101233,0.6324218534650085,0.5709065586650436,1.2991904413783915,0.07351361661833734,0.15104090157923328,1.0712611700806356,-0.019720835451096264
591,1.3166039659792217,0.20566696627384057,0.15021603315421683,2.6507249587026593,0.7104203761321475,0.5593069422451262,1.2124769360463872,0.03457110648037442,0.18886104874989793,1.3341209927234376,-0.10412702993283451
592,1.2679591696745875,0.20988007984157292,0.20984765886119655,2.527526250571466,0.6941349389690985,0.6189385679521059,1.159256155798528,0.028628470192541146,0.09075654483631876,1.2595670808968786,-0.10870301387605963
593,1.3245769375810643,0.23707634377779785,0.23857071335533964,2.8796355227563186,0.7688053846942885,0.6476616224462489,1.151324137091109,0.04350986718062596,0.1566907793613878,1.5550585851752543,-0.1732528004899554
594,1.384374149759854,0.15227486794278655,0.035950033900763304,2.7326913769757937,0.709074009751667,0.42782449934071887,1.3422545697260364,0.04961352657004835,0.35560333725229865,1.3483172272159396,-0.04211958003381766
595,1.3340899029722664,0.1498809486715241,0.15026940941022882,2.4086547516540744,0.6452811756130743,0.5593603185011381,1.2851610929146986,0.029411764705882373,0.10311447295350865,1.074564848681808,-0.04892881005756777
596,1.3403695003752656,0.1378353015482962,0.11307162002664953,2.442682245459688,0.6444989405882161,0.5218131703098579,1.3143252608307137,0.042311038256080624,0.2214862223953195,1.1023127450844226,-0.026044239544551928
597,1.36610089974622,0.12333994742121909,0.0568727797335265,2.455434119739586,0.6532212826694503,0.4657446985421565,1.364145868799672,0.05052985702270813,0.317709867189059,1.089333219993366,-0.001955030946548142
598,1.2965432272257353,0.24895743480812607,0.22695937436721206,2.595206908246559,0.698315300394232,0.6360502834581214,1.1655975416408566,0.08016032064128253,0.048789157539331926,1.2986636810208236,-0.13094568558487873
599,1.3701611944070105,0.18463194165412744,0.13694943618208139,2.7362458274196597,0.723797885384045,0.5441750952789406,1.2783022473013879,0.03493083966491333,0.2497416600578164,1.3660846330126493,-0.09185894710562259
600,1.335975598759697,0.19534414496289826,0.2889244241303722,2.655054253706004,0.7119824695257275,0.6980153332212815,1.22714137519483,0.025725404910433246,0.07259078290632648,1.319078654946307,-0.10883422356486716
601,1.3758110617741817,0.16771680835483582,0.18346029543859352,2.7031824770770116,0.7068449973926061,0.5925512045295027,1.2921486375199471,0.043734120550729554,0.16519766643654335,1.32737141530283,-0.08366242425423454
602,1.3315880224575403,0.14467765358128476,0.13492431622710843,2.584745689882501,0.6872046397953551,0.5440152253180177,1.2696904797689368,0.0263342352192082,0.17261860237869614,1.253157667424961,-0.06189754268860348
603,1.4116643412372014,0.10653853609338426,0.05701620307395888,2.5463520950437633,0.648623530309034,0.46334492638000696,1.4169040659979681,0.08780179674340259,0.31304075121019515,1.1346877538065618,0.0052397247607667286
604,1.2458016870234296,0.18519904571674595,0.2911397484089493,2.428881128231167,0.6806746987242727,0.7002306574998587,1.1560747599106178,0.04643734643734642,0.0473271603399404,1.1830794412077374,-0.08972692711281183
605,1.2896392786837851,0.16856011650816732,0.22225109499251336,2.575340901606731,0.6967501938875149,0.6313420040834228,1.1999590626156216,0.037796867312636775,0.10300163958888316,1.2857016229229457,-0.08968021606816357
606,1.3236955981183356,0.11212748237259165,0.154087273811959,2.4884116954516653,0.6625480657669827,0.5631781829028683,1.280711430315805,0.04750732479428839,0.12273544860070335,1.1647160973333297,-0.04298416780253067
607,1.3844038174688642,0.1322665600516832,0.0639516251430382,2.5986288437029623,0.6744608947017035,0.4730425342339475,1.3618930428281093,0.07877521663184577,0.2860373762846786,1.2142250262340981,-0.022510774640754905
608,1.3535475436702329,0.16743771468154178,0.09652645102122426,2.6378216747313044,0.6889734254936443,0.4937343584009497,1.2992738645959,0.04492604413329217,0.27804403651466136,1.2842741310610715,-0.05427367907433278
609,1.2823551305877527,0.20039984086224832,0.2405092479072357,2.510705691322646,0.6818831565404027,0.6496001569981449,1.189357491278035,0.06535498073747939,0.05807350154777126,1.2283505607348932,-0.09299763930971783
610,1.354908158108986,0.15602190253132,0.16880858494013773,2.602147303358282,0.6892018187990527,0.5778994940310469,1.2866054271595417,0.02362586095144485,0.13200836752968365,1.2472391452492961,-0.06830273094944417
611,1.324075105287584,0.15877593305501114,0.1527557691588846,2.5590653350848527,0.6875005033785107,0.561846678249794,1.2614159335476667,0.03233393177737883,0.17273384519958512,1.2349902297972686,-0.06265917173991742
612,1.33050449419704,0.13521321199956798,0.07839028733543972,2.419965352331356,0.6378702614142472,0.48294687243264584,1.3052691627700344,0.038900178090323756,0.23662856464359788,1.089460858134316,-0.025235331427005736
613,1.380553977309011,0.1365433786475358,0.07793300427957131,2.5701241131484145,0.671973420925613,0.4763078975872255,1.3540302916589788,0.08710446163453087,0.25831622049806957,1.1895701358394035,-0.02652368565003216
614,1.3426136349946212,0.1878153290874502,0.19489985280123842,2.7123585473392593,0.7307671633907571,0.6015050473669354,1.238745369536562,0.01929889602899984,0.17866468366071298,1.3697449123446381,-0.10386826545805916
615,1.1921215400844596,0.2017180145425254,0.2809666817769719,2.411274903082023,0.6804291383817217,0.6775915890546444,1.0850243805374138,0.04388215828145162,0.05373797613752685,1.2191533629975635,-0.1070971595470458
616,1.3636780908567117,0.12326444177755648,0.08111667120871283,2.523520353136143,0.6633941903524767,0.4902075802996221,1.3416786619409167,0.04295247485246875,0.26483118025119134,1.1598422622794313,-0.021999428915794983
617,1.3546699330590255,0.15772523207828892,0.12715711735658008,2.684874906248063,0.7159767920878525,0.5362480264474894,1.2748651741841255,0.023309598311446227,0.23644235405914066,1.3302049731890375,-0.07980475887490002
618,1.400392714638629,0.07099051710731275,0.048073066086812534,2.4198053362157124,0.6212798177286585,0.4571639751777218,1.4530817630914656,0.09426562892292245,0.33144684461971125,1.0194126215770833,0.05268904845283662
619,1.3789242864106512,0.13303214058719132,0.05709092068581534,2.542469622462833,0.6605500108180813,0.4590017513993923,1.3645134973385766,0.050352740728908746,0.29996694579748123,1.1635453360521817,-0.014410789072074603
620,1.323293274079843,0.16282793858403982,0.09117708893300619,2.6002875093526834,0.6992389718542039,0.4790548848985482,1.2530231687028452,0.035773494457205596,0.24557506601670656,1.2769942352728403,-0.07027010537699785
621,1.3254014282329896,0.14918814348069526,0.1051106428607573,2.4489468494554867,0.6495799822878802,0.5142015519516665,1.2870039615229385,0.047478511288443354,0.22296963341366619,1.1235454212224971,-0.038397466710051065
622,1.325869281476848,0.1493834375029669,0.17945460484185954,2.4434957963107418,0.6586167256056772,0.5885455139327688,1.2695436199784662,0.021929247080835736,0.07881472987183687,1.1176265148338937,-0.05632566149838181
623,1.3903257523577857,0.1288884850089811,0.10772596272361269,2.5801739237313286,0.665225220834756,0.516816871814522,1.3532008594120648,0.05947475342094177,0.2322202297904466,1.189848171373543,-0.037124892945720855
624,1.2678749134912775,0.2131048627228827,0.3388069577610532,2.696322555034863,0.7407961648805141,0.7329462541413674,1.1207214511193966,0.04143028738850611,0.036689312098218116,1.4284476415435854,-0.14715346237188087
625,1.3894064000515491,0.1541853166805932,0.07116043263168498,2.6259591454748246,0.6779128996465997,0.46938620115084567,1.3523171609310056,0.05984024865765471,0.3009117509400169,1.2365527454232754,-0.037089239120543516
626,1.3745998120249767,0.11784422346163903,0.08333230030608554,2.4352555176508313,0.6282571785429947,0.49152074090051134,1.3636416748578835,0.06301640152916513,0.24737188642976427,1.0606557056258545,-0.010958137167093263
627,1.3874066676171566,0.1760589215093552,0.2094121586936108,2.7562333530937524,0.720984040362559,0.61850306778452,1.29526065045637,0.04680148086324991,0.18209777833918744,1.3688266854765958,-0.09214601716078663
628,1.374650577729396,0.1129217705010977,0.06072918477750156,2.4407771073475484,0.6445267552202508,0.4671068141030361,1.3672438174479913,0.07322485207100589,0.26652112074302714,1.0661265296181524,-0.007406760281404745
629,1.3113241100785609,0.18059438523503812,0.3528932134958215,2.520833162980461,0.6761931197948823,0.7619841225867308,1.2184208094538422,0.030585098360952457,0.07370227321647138,1.2095090529019,-0.09290330062471863
630,1.326486140130984,0.16178044688541598,0.13251199934211721,2.62665351445851,0.699862882455024,0.5386647494219365,1.2516388408151586,0.03302574892508726,0.1605039959042372,1.3001673743275262,-0.07484729931582534
631,1.3178463371880238,0.08858024640185037,0.0806640725475195,2.1637101323737182,0.5746494532462247,0.4897549816384288,1.303490525501303,0.026024363233665533,0.08739988725012701,0.8458637951856944,-0.014355811686720843
632,1.3455339434629079,0.1393172267557284,0.34323409481265515,2.590337800155236,0.6855314856740424,0.7523250039035645,1.2633410225971988,0.016732094932379073,0.07652715304719727,1.2448038566923283,-0.08219292086570906
633,1.3609443342387562,0.19216908950085987,0.0678837633058019,2.7505681426213515,0.7174024833711996,0.4727493405673051,1.2676614319786774,0.03193054136874362,0.2989362760762296,1.3896238083825954,-0.09328290226007874
634,1.3005476279827368,0.23773435191350442,0.2693784038399518,2.746290502416794,0.7407345671085952,0.678469312930861,1.1523934374919598,0.055804470995424654,0.1438751063889266,1.4457428744340572,-0.14815419049077705
635,1.3118053632750866,0.14556923479658349,0.1533021510793888,2.4167750974877302,0.6406386212411368,0.562393060170298,1.2667909690377979,0.03716988569176192,0.15772902586075968,1.1049697342126437,-0.0450143942372887
636,1.2851938039548563,0.25413179809031516,0.16999240689811634,2.5466054328775702,0.6974195437422026,0.5641399231394766,1.1865710547827732,0.1289061804455049,0.21145904222364204,1.261411628922714,-0.09862274917208302
637,1.410627882812302,0.14385187044389572,0.06156541204786056,2.7314516928855075,0.7070603122108847,0.4705652585713992,1.3706773451017145,0.07963675929025778,0.3165615438700382,1.3208238100732055,-0.03995053771058754
638,1.3056105043454247,0.17809847470057,0.1517192224781456,2.6117719311929894,0.7123684870849206,0.5608101315690548,1.2191380649711947,0.023513256774169253,0.17856648598126873,1.3061614268475648,-0.08647243937422999
639,1.3971397449992735,0.13046803741007462,0.09189956631945978,2.635220522481938,0.6859784048282851,0.49882425385111084,1.3773309324850382,0.08392156862745095,0.3005120846976471,1.2380807774826645,-0.019808812514235274
640,1.2350152589727332,0.19708573907257926,0.21778012358160923,2.410418949014541,0.6652719790991757,0.6134955054851394,1.149640633334211,0.07688948862865448,0.058412151412668034,1.175403690041808,-0.08537462563852216
641,1.3867331885880718,0.09850206438587653,0.12783824153626944,2.5839543801890943,0.6747540941119978,0.5369291506271787,1.3568679639774612,0.0798504611126602,0.1841963389067116,1.1972211916010225,-0.029865224610610586
642,1.3716672961385745,0.16438398065931342,0.1583665452962497,2.678017183686456,0.6962335891349192,0.5674574543871589,1.3037750746805516,0.07057126309693043,0.20176798786221917,1.3063498875478814,-0.06789222145802287
643,1.3290293360551542,0.15210356682864598,0.18186048219925477,2.501631399465386,0.6659527224454506,0.590951391290164,1.2677415720823064,0.016121796724998375,0.1035144177542174,1.1726020634102317,-0.06128776397284774
644,1.312920979081795,0.14720995738156978,0.20955216661269815,2.4784148887818906,0.6655795990432705,0.6186430757036074,1.2522387382911797,0.02481359486124262,0.12014808361255669,1.1654939097000956,-0.06068224079061535
645,1.3779732694194324,0.186920687056212,0.15061756007728566,2.7788284703715798,0.7244275281815484,0.559708469168195,1.2769738699604805,0.02388469199834632,0.18749840306240295,1.4008552009521473,-0.10099939945895198
646,1.3232703190890938,0.2645197776696858,0.2739660900487383,2.8952487772717603,0.7661989762436222,0.6830569991396476,1.137896402236291,0.06759621069023687,0.13700968269870634,1.5719784581826666,-0.1853739168528028
647,1.3279480085613513,0.16773586743003702,0.15405691923415718,2.4990914235477044,0.6638464474772261,0.5631478283250664,1.2663660789697055,0.027248053287189013,0.1879183496641639,1.171143414986353,-0.06158192959164577
648,1.3326752227460466,0.1822400095542863,0.28049285267660473,2.6218142797829374,0.7003881419173978,0.689583761767514,1.2348143621154608,0.03795038928118773,0.05157117335692192,1.2891390570368908,-0.09786086063058574
649,1.3105364774395354,0.21042046685947313,0.27747607000880387,2.7083056548323574,0.7321869534081893,0.6846614331148608,1.1807762475482053,0.02984341053981221,0.06119666277913503,1.397769177392822,-0.12976022989133007
650,1.3470185105787682,0.2020756503962476,0.16344706001603146,2.65701875496987,0.7074703185621597,0.5725379691069408,1.249704468804369,0.04561277363098903,0.20630642015690084,1.3100002443911019,-0.09731404177439917
651,1.3985863797255316,0.13562244974817791,0.08885968222710573,2.7061925800530426,0.6953129520949305,0.497950591318015,1.3476337644292662,0.06622160102093083,0.26747406397147666,1.307606200327511,-0.05095261529626538
652,1.3426900613185566,0.12728346820997938,0.13602439032575225,2.585928242328412,0.6923737667346681,0.5451152994166615,1.2892903497125865,0.05467185964401412,0.1654444222719537,1.2432381810098554,-0.053399711605970124
653,1.3554968004455428,0.15136934025395063,0.17879009568609194,2.6306667118404796,0.6942371880839844,0.5878810047770012,1.2739195228118612,0.00963683710455011,0.11439276360727638,1.2751699113949369,-0.08157727763368161
654,1.299432872703551,0.22747279700758974,0.19956957510895548,2.783105622629611,0.742578088147523,0.6035784298971077,1.1482151626396262,0.04890103755452942,0.17179085640095387,1.48367274992606,-0.1512177100639247
655,1.2771255256879548,0.21497122889738352,0.3180792950735669,2.567550231826,0.7137565642640702,0.7271702041644762,1.1621332421251644,0.06169001574548833,0.05100183167154834,1.2904247061380452,-0.11499228356279034
656,1.3392157998509537,0.17087809254241615,0.14722263353027437,2.6372634185587107,0.6992130381834635,0.5563135426211836,1.257699034827858,0.02817739131769501,0.19321082165013964,1.298047618707757,-0.08151676502309568
657,1.3215187202880787,0.12950761811243114,0.0926728119235473,2.3842502915553467,0.6367238048300436,0.5017637210144565,1.2826269538363682,0.02616708405573751,0.13722331763891368,1.062731571267268,-0.03889176645171055
658,1.3920374858730602,0.15763347583620624,0.10292096600503517,2.6588010153701718,0.6903357532830559,0.5120118750959444,1.3426450873628828,0.05874741200828159,0.2655128583164826,1.2667635294971116,-0.049392398510177404
659,1.4488950584133802,0.17751570797596644,0.08664020895769142,2.907941829293129,0.7450745553019282,0.4957311180486007,1.360101033380102,0.05539492981353442,0.320543606237993,1.4590467708797488,-0.08879402503327816
660,1.3607717383552367,0.14017165056802447,0.08899555571941106,2.4568682115594704,0.6484998300927785,0.4900064134959682,1.3454255133953106,0.07496772805507745,0.23567329984787888,1.0960964732042338,-0.015346224959926102
661,1.2401351062018398,0.22592991345208815,0.20504966706146455,2.574327905942659,0.704026822926225,0.6141405761523738,1.110917001457677,0.04562564359466756,0.08946189769788435,1.3341927997408192,-0.12921810474416273
662,1.3602301267169379,0.13169219330559986,0.03191402132762139,2.608154721314059,0.6839280952576169,0.423070931639727,1.336621638297343,0.05156714429206895,0.3424626324002161,1.2479245945971211,-0.023608488419594842
663,1.312748136217024,0.16248920929212782,0.07886485172581395,2.574551649467168,0.6775438397812341,0.48043203443206994,1.2489832095494728,0.04135807632664355,0.24221714020037954,1.2618035132501442,-0.06376492666755107
664,1.359658670206484,0.2786487961363103,0.201162171278875,2.9261506969966122,0.762702962534634,0.60154709786069,1.1898354854187834,0.0940448390601076,0.1806322958264996,1.5664920267901283,-0.16982318478770053
665,1.3521447705394056,0.16528856031128414,0.15846231624894416,2.7071683238672803,0.7133141510871803,0.5675532253398534,1.260711252732123,0.04133861022774098,0.16372218279289785,1.3550235533278747,-0.0914335178072827
666,1.3504060631299164,0.15210370660721742,0.18620726576147056,2.6642507638354607,0.7138349140286315,0.5952981748523799,1.2713681711646103,0.04199465342989263,0.18172618811805208,1.3138447007055443,-0.07903789196530608
667,1.42523210998904,0.1141048375553734,0.059653196474536846,2.6220239969290637,0.6804743766477264,0.4656161585028707,1.4289538531143227,0.11036596835140111,0.32449192148143136,1.1967918869400238,0.003721743125282728
668,1.332109817108618,0.1508515024596124,0.13266555044007586,2.515269212991992,0.6716783789718693,0.5417564595309852,1.2850469133755373,0.03327441895446441,0.21569904253670813,1.183159395883374,-0.04706290373308075
669,1.3035036441585952,0.22927343991006222,0.3549663054062261,2.712188208613935,0.7286834305420014,0.7640572144971354,1.1702374122905983,0.0894040364068065,0.06856119864018018,1.4086845644553396,-0.1332662318679969
670,1.2854801642026512,0.26672644817326974,0.3446583229352864,2.8369718167934073,0.7610545217467378,0.7537492320261958,1.092068659965006,0.04647510062125739,0.03239353909349199,1.551491652590756,-0.1934115042376452
671,1.36943453419767,0.24279785471897397,0.25085160483139374,2.915508182914937,0.7584017317892334,0.659942513922303,1.1949311370518392,0.04692951015531658,0.14413099532599108,1.546073648717267,-0.17450339714583074
672,1.355477140298364,0.14936788475613982,0.1141042922160406,2.624792006841236,0.6892520285585498,0.5231952013069499,1.2918041828138815,0.04948330683624799,0.16850048263688217,1.2693148665428717,-0.06367295748448254
673,1.2762070310223892,0.20663785336547644,0.22144793506442675,2.582418262082385,0.7077416146649547,0.6259493402705822,1.166621914943736,0.04179913310727686,0.07920439660256998,1.3062112310599956,-0.10958511607865318
674,1.2564630745147656,0.2027982094953263,0.20150911217645578,2.509876269046183,0.6817479057840944,0.5977120539642701,1.1664791073130902,0.06993763644009947,0.1104303578004652,1.2534131945314173,-0.08998396720167534
675,1.424028649020741,0.14166949678594304,0.07692881213185199,2.7565884559936675,0.7103907676453292,0.48601972122276127,1.3721321868254146,0.06378191110768094,0.28305024363447073,1.3325598069729265,-0.0518964621953264
676,1.2988546159978895,0.21879722475060948,0.17110342683991536,2.641165844223676,0.718500467075774,0.5720008705557097,1.1838004972417413,0.04558917788348005,0.17526193164523474,1.3423112282257863,-0.11505411875614824
677,1.2588324467099206,0.23801117995787102,0.2811917913005467,2.5744969163779228,0.7091133674631035,0.690282700391456,1.1470991904385723,0.10796017951789098,0.10408174657800509,1.3156644696680022,-0.11173325627134822
678,1.3124204194290345,0.14932598832337415,0.1390692898229801,2.3219901297217707,0.6208248750302672,0.5481601989138893,1.2710778816985582,0.027266706055462938,0.10645092554115254,1.0095697102927361,-0.04134253773047636
679,1.3200169975924039,0.2067116647768656,0.23678545436656984,2.646487670452282,0.7037042196262553,0.6458763634574791,1.2047519170016092,0.023348533732268705,0.06514776245437849,1.3264706728598783,-0.11526508059079466
680,1.316037576424176,0.13588518506364677,0.04110358431721822,2.272091454121216,0.6010443120113362,0.4205958375161053,1.318106670100692,0.06561807930262223,0.30056560868640136,0.9560538776970398,0.002069093676515976
681,1.3097766978007417,0.20274253073475612,0.22391162685061977,2.59645096197503,0.699665777501935,0.633002535941529,1.204704244406177,0.04404953439617766,0.04772998563330404,1.286674264174288,-0.10507245339456461
682,1.2937470057549056,0.22734810786969736,0.3447892357975199,2.6863932265602224,0.734425060836309,0.7538801448884291,1.1513724141356296,0.04082158600629322,0.05570582938331938,1.3926462208053167,-0.14237459161927601
683,1.2695783810826882,0.20272789253881723,0.27398189017993557,2.6366001104321146,0.7211834534134332,0.6647080765452869,1.1606939365333826,0.07827457042630356,0.11725833780330483,1.3670217293494265,-0.10888444454930557
684,1.3448983860604606,0.201956485885139,0.3145351526630594,2.718268021856195,0.722749590531375,0.7236260617539687,1.2241736392432068,0.042298343616893205,0.038290392657238714,1.3733696357957346,-0.12072474681725387
685,1.3894678712966304,0.1304919518161577,0.17437289566971315,2.682574573307893,0.7053346978309336,0.5834638047606224,1.3376835507700882,0.07072463768115941,0.17574391461356087,1.2931067020112625,-0.05178432052654225
686,1.422520217918947,0.13958707267130133,0.07020372012704225,2.7793615673334178,0.7163671009260519,0.4792946292179515,1.372783796827786,0.05562703722765483,0.30866051412930406,1.3568413494144709,-0.04973642109116083
687,1.375662709611233,0.1837387932250712,0.14877787975044054,2.7326363860774068,0.7230092885017989,0.5288120509671623,1.287652165979543,0.04642820006238951,0.22102122115458384,1.3569736764661737,-0.08801054363169003
688,1.3088343886603047,0.21666149250309052,0.1789219514308286,2.6381144035035597,0.7031927401238494,0.5769277645952712,1.2001439662091968,0.03409652110603676,0.18097921148700336,1.329280014843255,-0.10869042245110783
689,1.3456091802822268,0.16820133501708423,0.3489999624541503,2.6421293926657263,0.6985167517498814,0.7580908715450596,1.245741738694367,0.031651898079509,0.05837899529536071,1.2965202123834996,-0.09986744158785976
690,1.3882775244901007,0.14122328281888732,0.03081804454907469,2.631380416465358,0.6767188248968972,0.42944199808922046,1.3631401761482322,0.057193499974124096,0.3412553379764313,1.2431028919752571,-0.025137348341868426
691,1.2834503327966063,0.2135391166026871,0.22167173954383568,2.5826317970041126,0.6988701888223388,0.6192124224925664,1.172821660230587,0.06133782502571965,0.09368059750737891,1.2991814642075064,-0.11062867256601927
692,1.3522571142883022,0.18455953397388597,0.20320920478317847,2.6667337411109786,0.7069662378977368,0.6123001138740878,1.2647675311211923,0.05436268242141,0.13143453551012507,1.3144766268226764,-0.08748958316710986
693,1.2952322849926747,0.19215100562882326,0.21127576968107326,2.543615446877937,0.6963694598998997,0.6203666787719826,1.205354622951984,0.04053199037399517,0.05436617472551791,1.248383161885262,-0.0898776620406907
694,1.4057849494770749,0.16050799699355323,0.0430117931521164,2.7051628831982075,0.7007557486110951,0.44780904707665303,1.3509299063637965,0.07045590118278222,0.2839275868767839,1.2993779337211326,-0.05485504311327838
695,1.3511622445744653,0.1609132383753961,0.17005691204654622,2.3937229184245403,0.6343155734573521,0.5791478211374554,1.326368407305378,0.05158272002282361,0.20496873329412924,1.042560673850075,-0.024793837269087238
696,1.3842199443447438,0.20335690634263004,0.288390651895039,2.8255012683120917,0.7383806729362935,0.6974815609859482,1.2516751529693295,0.026308573630657247,0.1063980525021936,1.4412813239673479,-0.1325447913754143
697,1.3461507994165798,0.15086226747772158,0.1812374678938131,2.45949477108627,0.6549373608728478,0.5903283769847223,1.3100302563864994,0.04288429279716739,0.19025374181420127,1.11334397166969,-0.03612054303008039
698,1.2954859688828528,0.18562335441072775,0.12508215093268388,2.4368374414897636,0.6553211321517532,0.5168802298462833,1.228607531160709,0.043755018025251204,0.19585957475743865,1.1413514726069107,-0.06687843772214386
699,1.402720620219141,0.15794645245949473,0.12725851181395897,2.769131846139448,0.71520107838025,0.5363494209048683,1.3291758216317662,0.054628538980098465,0.24411939089291956,1.3664112259203072,-0.07354479858737473
700,1.3665723383184223,0.14416040157272197,0.17131214600207778,2.669075959793478,0.7039505983362926,0.5804030550929871,1.2996843225853922,0.07005746966878591,0.14681054231257798,1.3025036214750556,-0.06688801573303005
701,1.3218084590090518,0.16015038590187605,0.18708366136183704,2.565536549379047,0.6817393709451751,0.5961745704527464,1.2483085305385933,0.03612409934079414,0.1201474304370644,1.2437280903699952,-0.0734999284704585
702,1.3701499589233208,0.10425518571205489,0.07049635730042259,2.421189511868185,0.6313120571703443,0.47958726639133187,1.365131168107116,0.059325216286089805,0.23635613411919604,1.0510395529448644,-0.00501879081620471
703,1.3242527254095862,0.1753018455570025,0.11247337114447778,2.5607984026889703,0.6805562913565477,0.521564280235387,1.254247601036158,0.0332676680620537,0.2218713254858607,1.2365456772793841,-0.0700051243734281
704,1.4132670631740119,0.1028010189958627,0.017769668468370484,2.562478216304263,0.6593237333927046,0.41002372426537254,1.4461258566066317,0.1321161178086869,0.3599840565058844,1.1492111531302511,0.03285879343261988
705,1.3703450287832393,0.09617059584258225,0.05555485543742753,2.4893465086431883,0.6463277211550065,0.46404889687393913,1.3750064374000865,0.07548756605719839,0.27711174545150974,1.119001479859949,0.0046614086168472735
706,1.2964155040316554,0.20037090462647025,0.2080940793457956,2.5521942514065907,0.6965401274945469,0.6171849884367049,1.1997066919295651,0.05086524945707363,0.13296283056881308,1.2557787473749353,-0.09670881210209026
707,1.3296393788487766,0.1309994760957915,0.15979001115364463,2.437297302100279,0.6498276335466027,0.568880920244554,1.2867409733858972,0.027212768049377084,0.1298081908242663,1.1076579232515025,-0.042898405462879374
708,1.345666517207123,0.17341215319852699,0.09845092536549735,2.6290119512056593,0.6929799589738914,0.5075418344564067,1.2679815161560684,0.034524707579312086,0.2214816616941086,1.2833454339985364,-0.07768500105105458
709,1.3444928357528472,0.23598566463399653,0.13801139326689868,2.816209028323812,0.7347469627693642,0.5424832465060675,1.2099180872923396,0.06947564268372927,0.2368027940437139,1.4717161925709648,-0.13457474846050754
710,1.3980769885367044,0.178336780734981,0.12918936653859248,2.798090031989135,0.7201871992602694,0.5382802756295018,1.3122117467388246,0.038700707947592644,0.24841963323245458,1.4000130434524307,-0.0858652417978798
711,1.3335518787403162,0.1760584229618951,0.19252632859810853,2.719592981559274,0.7243730749298685,0.6016172376890179,1.2361661081618593,0.056417272891321264,0.13507593984335875,1.3860411028189576,-0.09738577057845688
712,1.3173391865619124,0.22054944512436625,0.252352362437786,2.6467561734385305,0.7095169196751547,0.6614432715286953,1.2002674848907615,0.04647272009616593,0.10866405955773507,1.3294169868766181,-0.11707170167115089
713,1.3915671143660515,0.23024869895577516,0.19145851316786883,2.8766543706152112,0.7466537442417513,0.6005494222587782,1.2439346869914447,0.015185185185185177,0.15247869064261063,1.4850872562491597,-0.1476324273746068
714,1.3195318186426963,0.20363899409276007,0.27232199020184,2.7122761573046366,0.7241889238636179,0.6814128992927493,1.1965209429629273,0.039306358381502864,0.08785004985645353,1.3927443386619403,-0.12301087567976898
715,1.3558032091682866,0.21265346025814783,0.18053594557933625,2.8316538572105894,0.7410359868852934,0.5896268546702454,1.2269798391769524,0.05089607130284404,0.19515259533436335,1.4758506480423028,-0.12882336999133415
716,1.3301435505388048,0.16361117399243957,0.08425378594305633,2.51279972605229,0.6666028774236443,0.467155820033319,1.2745592738064744,0.02503062894552258,0.21190674914385613,1.1826561755134852,-0.05558427673233046
717,1.4048363219863915,0.19692853903056665,0.11231515263876996,2.8099281911422125,0.720857143254084,0.519653722777055,1.3416292781526646,0.067965367965368,0.3119061735853484,1.405091869155821,-0.06320704383372688
718,1.329717425438783,0.21353742924729593,0.1662554785789791,2.717483842756948,0.7236853776016923,0.5753463876698883,1.212884679071161,0.04481514009479236,0.13283886012443719,1.387766417318165,-0.11683274636762198
719,1.3624038509306982,0.14563147702820187,0.222967232319398,2.5633553705599783,0.6620456251769227,0.6320581414103073,1.3008173299150687,0.03305404393769256,0.169491157446849,1.2009515196292802,-0.06158652101562945
720,1.3561697218930608,0.1550515220096175,0.11562224571376783,2.68729531455488,0.7004679446295685,0.5247131548046771,1.2831295280846375,0.039702274599838924,0.2084821281889327,1.3311255926618193,-0.0730401938084233
721,1.336502487487865,0.11137080090354015,0.1210387189496876,2.4575787536096394,0.6586064206886106,0.5301296280405969,1.2993359584225594,0.039419965576592074,0.1621247066356841,1.1210762661217744,-0.0371665290653056
722,1.3205526153083198,0.14103551165826678,0.11890438582171459,2.449425770272436,0.6533801314319112,0.5279952949126239,1.2773265468934236,0.0324218370156556,0.15335671127152237,1.128873154964116,-0.04322606841489618
723,1.2908176186304414,0.14433975323276851,0.24135588012264572,2.4466915746089377,0.6603189720019076,0.650446789213555,1.2241403362581418,0.01914585293314317,0.04299946694362275,1.1558739559784963,-0.06667728237229964
724,1.349456008625046,0.1825393798831978,0.09364310884222513,2.6327802964308047,0.6881554541107904,0.49392135832231554,1.2835054125225187,0.04563943055389402,0.2537463332708328,1.2833242878057587,-0.06595059610252729
725,1.3733329972253274,0.2131619087418911,0.3098232675006025,2.7471288304600785,0.7336957395846015,0.7189141765915117,1.2503030773378905,0.06170352876137673,0.09501901169914327,1.373795833234751,-0.12302991988743694
726,1.4189321061705322,0.1558569098212576,0.03280052493400669,2.7725167721534443,0.7109776236546539,0.43407502251487484,1.3692764971372497,0.0731831503651085,0.3192139726675239,1.353584665982912,-0.04965560903328248
727,1.370700891474502,0.11206920737870077,0.02090192617768267,2.4200110171155305,0.628471917938713,0.4166575747188911,1.3758583583673978,0.06996490984261539,0.2961115404440404,1.0493101256410284,0.005157466892895757
728,1.2881735694976322,0.16556921309794834,0.22827677219766976,2.5409798034595057,0.6868538847170853,0.637367681288579,1.2016758088997184,0.03748449829777493,0.04771854980917914,1.2528062339618735,-0.08649776059791381
729,1.348918183106338,0.1408108462916934,0.21601946460429866,2.5527258932320414,0.6760288498909797,0.6251103736952079,1.2858973103207885,0.04031362780100807,0.08304421481051222,1.2038077101257034,-0.06302087278554946
730,1.3204265289172066,0.23261914243341458,0.21394958358251256,2.691501980865287,0.7185565434956079,0.6230404926734218,1.1844949317094084,0.023516601617738577,0.1238353805173143,1.3710754519480803,-0.13593159720779813
731,1.384588318713075,0.12751421292301116,0.12660129655190827,2.58436480171586,0.6759242187320504,0.5356922056428175,1.3467922908966052,0.0738545147890183,0.21316641819424742,1.1997764830027848,-0.037796027816469735
732,1.4080553835001666,0.05665230585808979,0.04435251358641998,2.412883191900743,0.6171800106850669,0.45344342267732923,1.4491668586201436,0.1286208490761554,0.2684936990497768,1.0048278084005766,0.04111147511997704
733,1.3495387058615131,0.1356414896491273,0.14981624515885095,2.548586949717817,0.67117865471231,0.5589071542497602,1.312190654716313,0.06779888654619581,0.19666815752369493,1.199048243856304,-0.037348051145200234
734,1.3382800840296663,0.1405689850969674,0.17257596716218526,2.5625838616515253,0.678971052947678,0.5816668762530945,1.2735869390549208,0.014560066699534205,0.11470490975279848,1.224303777621859,-0.06469314497474543
735,1.280262122116576,0.2512997217705384,0.2654696806240741,2.6470303051235327,0.7134123427502392,0.6745605897149833,1.162533455009604,0.12661074839099418,0.1228703373171292,1.3667681830069567,-0.11772866710697194
736,1.3163264356244235,0.1701316807490163,0.30304556866501525,2.5620998750064303,0.6832477313958645,0.7121364777559245,1.226027304925628,0.0320130751295143,0.06655013687188599,1.2457734393820068,-0.09029913069879547
737,1.3096393272542965,0.2382696064670192,0.18930415383208737,2.8231774151611813,0.7584938585049269,0.573554321602409,1.1492898617018241,0.04132529111166965,0.186333363001974,1.5135380879068847,-0.16034946555247243
738,1.3550225118314914,0.1661367750499559,0.22553495409451543,2.6560547503291176,0.6993568655286944,0.6346258631854247,1.2703613237576437,0.03237453935932969,0.10376466728870831,1.3010322384976263,-0.0846611880738477
739,1.2925900698711699,0.23367044520592173,0.2449961839310204,2.6706458306418632,0.7246836048800399,0.6540870930219296,1.1597798407326696,0.06613200589970505,0.08792153662393742,1.3780557607706934,-0.13281022913850027
740,1.2902612705553191,0.14477495828888343,0.3531873596466796,2.558071565622179,0.6920445016845798,0.7622782687375889,1.2093568416673703,0.025617061599070606,0.13106201782572674,1.2678102950668597,-0.0809044288879488
741,1.4027078965659259,0.18530302280405625,0.1913492117441189,2.800418799714441,0.7228828721513454,0.6004401208350282,1.302148626746833,0.04450683560272601,0.19460034550858485,1.397710903148515,-0.10055926981909291
742,1.3157082254610455,0.17697971821061048,0.19814268474550922,2.5998894670480905,0.6956896380381339,0.6023297317004408,1.2228508769465751,0.006575917734487544,0.08116132572732415,1.284181241587045,-0.09285734851447036
743,1.3112822483526092,0.17465305940106143,0.34942757353364534,2.6760801528171974,0.7163628082240219,0.7585184826245547,1.2161971665928122,0.06501204460466554,0.11036805366546064,1.3647979044645882,-0.09508508175979702
744,1.367539178420376,0.10335999922441239,0.07572034850018333,2.4448531281025776,0.6307680365115629,0.4835033645954311,1.363590740659704,0.08888587492602093,0.21973064883964827,1.0773139496822015,-0.003948437760671997
745,1.3844342263139102,0.19678535977271733,0.2426614757910614,2.8617243823698297,0.7480490195424798,0.6517523848819706,1.2503835744427851,0.030767127034048988,0.13167876235526593,1.4772901560559195,-0.13405065187112508
746,1.3157547778381788,0.15156436017074298,0.2948607842442407,2.534405877834295,0.6772251103402873,0.7039516933351502,1.2433388651424022,0.03443449322174914,0.07718227940886742,1.2186510999961162,-0.07241591269577663
747,1.3133867190910156,0.15244279371718522,0.16255096824811857,2.567373489259734,0.6871327002353596,0.5716418773390278,1.237924121101755,0.018976251049993748,0.13217421670051072,1.2539867701687184,-0.07546259798926047
748,1.3312966327634825,0.11332477926608,0.17965452084830752,2.374546821256705,0.6344156282102748,0.5887454299392167,1.2960616782285128,0.02924915170426452,0.037510868928684396,1.0432501884932224,-0.03523495453496972
749,1.3190133910925361,0.16655199048110225,0.11987751380782988,2.5699064378779135,0.6970026511068875,0.5172722135500174,1.2446646558332684,0.025492145385360345,0.17554220631951356,1.2508930467853774,-0.07434873525926777
750,1.3110244733292555,0.19625788131175892,0.1243763718252176,2.605628334672828,0.7022166931821975,0.508701347713958,1.2252240692886502,0.06143856844349084,0.18647547439022247,1.2946038613435724,-0.0858004040406053
751,1.4128797071823505,0.15166287913448143,0.1354357297948583,2.774165001227586,0.7201745039711479,0.5445266388857675,1.3433444111650168,0.071925930036813,0.24604380184997038,1.3612852940452356,-0.06953529601733366
752,1.3128271309260822,0.1721994539608754,0.24393765309731658,2.5112776056449397,0.6666523898214689,0.6530285621882259,1.2307572847433894,0.0224432630194935,0.08979511664829073,1.1984504747188576,-0.08206984618269275
753,1.3582717264329456,0.16639400456850137,0.15528861661832694,2.675674421627317,0.7071374623655484,0.5643795257092361,1.2858294843212992,0.03532067247820675,0.22247832069555173,1.3174026951943714,-0.0724422421116464
754,1.2988855006669908,0.23422176209685724,0.1770480208808447,2.638267261680263,0.7101148994163409,0.582229348868281,1.1839571869982088,0.0826311979732175,0.18269506919184084,1.3393817610132723,-0.11492831366878198
755,1.3229463985252905,0.14769216608356872,0.2804717695371745,2.5556294426622896,0.681642770050692,0.6895626786280837,1.24513231755494,0.02353349531412703,0.05584832068945693,1.2326830441369991,-0.07781408097035047
756,1.3291593642821788,0.12710883514689003,0.12446892899926025,2.4278895511577594,0.6530062425001333,0.5335598380901696,1.2877702232568826,0.03393129652122455,0.098481237256017,1.0987301868755806,-0.04138914102529623
757,1.3283944666307659,0.20981989461171252,0.34339824760807935,2.6248389008419477,0.6913065618808834,0.7524891566989886,1.217145569716295,0.06042657247656571,0.0760724523293144,1.2964444342111818,-0.11124889691447093
758,1.3426965681921623,0.1590019315107668,0.05981489400298312,2.6077460620403294,0.689365950265771,0.4537999653917655,1.3003987230974485,0.048424555056832144,0.30392017685854,1.2650494938481671,-0.04229784509471379
759,1.3736804045437552,0.1885017005459638,0.07531123409561466,2.69883013712789,0.7012833019546494,0.4662741546903796,1.327758318875464,0.06730246479074746,0.3362903698338979,1.3251497325841348,-0.045922085668291146
760,1.3277153556203334,0.23046715301993365,0.2243365509249874,2.7228280737976402,0.7157595612476697,0.6334274600158967,1.1949988638370774,0.06665728799710163,0.10912429198723642,1.3951127181773069,-0.13271649178325595
761,1.3491272724923493,0.1289178954765804,0.15463913035230317,2.5677748625815644,0.6781394380627979,0.5637300394432124,1.3123783083705827,0.06161261722505965,0.18268186562990285,1.218647590089215,-0.03674896412176665
762,1.3423712987850223,0.14992507552833007,0.0857261393899987,2.551574777822004,0.6774277420453896,0.4898241274946311,1.288347770436809,0.026692689333138765,0.21708787094628637,1.2092034790369819,-0.054023528348213334
763,1.340914374067228,0.16822031540704185,0.0979820757865221,2.5513463959924993,0.6713470712629118,0.49843223959925087,1.2737831701352498,0.023244677237349867,0.17959378121668396,1.2104320219252713,-0.06713120393197824
764,1.3449785036772712,0.14659435129988385,0.2798033877768096,2.4576587756914132,0.6509049058952922,0.6888942968677187,1.2838761161010641,0.02923538435875489,0.06368779941572665,1.112680272014142,-0.06110238757620712
765,1.3086099781082174,0.16434719896064093,0.2776451410198402,2.483776832614985,0.668884985600068,0.6867360501107496,1.2386072496536147,0.03275718350222863,0.06460232619612367,1.1751668545067677,-0.07000272845460276
766,1.2996432662218502,0.22428456076326236,0.24053901919184242,2.735775334498169,0.7391163008784007,0.6496299282827518,1.1584823405521876,0.06835087719298247,0.11364404139473445,1.4361320682763188,-0.14116092566966265
767,1.4274326080355888,0.08175537889726506,0.029292430098883902,2.567139535029611,0.6632077310390103,0.4328892275102698,1.462786333258149,0.1394405182365979,0.31745460337122666,1.139706926994022,0.035353725222560195
768,1.3305563409210117,0.15618071181754303,0.10233777635112253,2.544206109089196,0.6788426648282719,0.5114286854420318,1.2846501009075446,0.049020887145065986,0.27437877219402507,1.2136497681681842,-0.0459062400134671
769,1.34241256700494,0.213555680070612,0.15908220791172634,2.788061408347871,0.7312471239811953,0.5681731170026356,1.2240042443114905,0.04687182224933899,0.22056682715546938,1.445648841342931,-0.11840832269344959
770,1.3671164945889538,0.13771951365184432,0.12298365018137122,2.595946304271223,0.6787594467154756,0.5320745592722805,1.3157202353396125,0.04487512487512489,0.17841633365920828,1.2288298096822692,-0.051396259249341325
771,1.3075000023382972,0.14785583558671894,0.17517918117115563,2.4538327607253896,0.6455896319938577,0.5842700902620648,1.2503162840662354,0.03571359005824032,0.13495630232178263,1.1463327583870924,-0.05718371827206181
772,1.354158186140601,0.258603409135974,0.22487100428271967,2.9171819612245384,0.7628209107921323,0.633961913373629,1.1822597140446918,0.0501216035375574,0.18161321738358313,1.5630237750839375,-0.17189847209590914
773,1.2810937926591066,0.2000106186153429,0.15877126628131855,2.526924956495871,0.6788069352080531,0.5666628101004474,1.1907339869388487,0.05683910281343183,0.16809519982384732,1.2458311638367645,-0.09035980572025792
774,1.279330091329344,0.18685112120401962,0.1910626001954935,2.580977889793023,0.698468074308101,0.5889345754619834,1.1856388871437553,0.03254936342151405,0.17749972883655252,1.3016477984636792,-0.09369120418558863
775,1.3117215019433992,0.20247230407194125,0.14956503398016308,2.6525799384898567,0.7034751366836347,0.5586559430710722,1.19859902821503,0.02648298705209275,0.16000317478633208,1.3408584365464575,-0.11312247372836914
776,1.317200718639961,0.1536933761033293,0.09089576571782171,2.4577439620795687,0.6555537908144071,0.49137811840830276,1.2859416775587162,0.05198573612603353,0.2746720932317196,1.1405432434396077,-0.031259041081244776
777,1.4378805782924142,0.16590326018331147,0.1175213375147349,2.7663348611815417,0.7151275457624184,0.5266122466056442,1.3973312103457427,0.09067247479344115,0.2799971509618912,1.3284542828891275,-0.04054936794667152
778,1.3501125275210852,0.11305481243357612,0.09950775334879276,2.415641920839061,0.632061223616017,0.5085986624397021,1.3321708586809635,0.07052933022034148,0.16998624329316725,1.0655293933179757,-0.017941668840121716
779,1.272879452273005,0.22848042188604473,0.3201080999602032,2.390611991077309,0.646156521959895,0.7291990090511125,1.1737082951047597,0.09437496341677565,0.04135719482307812,1.117732538804304,-0.0991711571682452
780,1.369233686774463,0.1461552560433358,0.15736630202502483,2.5320844573030663,0.664039110776537,0.5664572111159341,1.3195037825647258,0.049542739140054574,0.16632167418659616,1.1628507705286033,-0.04972990420973722
781,1.3830984256170666,0.14850274602684022,0.0788021977290162,2.599439452979412,0.6760223955258278,0.48389791224030043,1.3620367779819311,0.0784313725490196,0.3065076700622844,1.2163410273623454,-0.021061647635135516
782,1.2719734354718724,0.20819737447189496,0.1979451114829569,2.4591520566011194,0.6701783497395493,0.6055566106063686,1.1781000894758655,0.060711206443336926,0.14794677322502575,1.187178621129247,-0.09387334599600683
783,1.316328423867232,0.14803202382183142,0.1607189521292252,2.4542404595430045,0.6477936738202003,0.5698098612201346,1.255217438263599,0.012500277907467907,0.10601517827102391,1.1379120356757726,-0.06111098560363293
784,1.360710089368554,0.18322839918796663,0.09019849948690556,2.6752614065809803,0.7075713174867218,0.4822062536044485,1.2882694185714696,0.03523580300939174,0.28836925079271936,1.3145513172124264,-0.07244067079708438
785,1.320828739653492,0.15650391896705465,0.22172878048959432,2.4993091620623136,0.6682217548681582,0.6308196895805036,1.2537475371025362,0.029525226180708873,0.10865578726629221,1.1784804224088217,-0.06708120255095573
786,1.3462088073954699,0.19769057097752807,0.15887427477774851,2.619474031487595,0.6853776950194614,0.5679651838686579,1.265947222074443,0.054974479780133485,0.22962483787267562,1.2732652240921252,-0.0802615853210269
787,1.3407932010428958,0.19244883826780995,0.1212710963805708,2.6838763397833816,0.7178296211407346,0.5056806298282484,1.2529667144715635,0.04044566544566544,0.2418446237680738,1.3430831387404858,-0.0878264865713323
788,1.2583528977710141,0.1774050653735883,0.1635623015743845,2.3970563257815645,0.6600700895633846,0.554233465982919,1.183484983303749,0.013449865667186311,0.10161021389290212,1.1387034280105504,-0.07486791446726504
789,1.4067899685978205,0.14297272253371313,0.07540645039643815,2.6793156853602897,0.6942075676079791,0.4844973594873474,1.3672132329437183,0.06385135135135139,0.29847673109161565,1.2725257167624693,-0.039576735654102135
790,1.3401428854577193,0.21876626715232525,0.21117134209958116,2.7351325408496505,0.7306610041280235,0.6202622511904905,1.2168769036450162,0.0264210860590664,0.16519248651737609,1.3949896553919312,-0.1232659818127031
791,1.261024677943233,0.20336190990391295,0.31564563941626966,2.4925567077814472,0.6918998579632284,0.724736548507179,1.16299372587416,0.0722422401396048,0.059845031705206844,1.2315320298382142,-0.09803095206907297
792,1.3875338270337743,0.2504014286114435,0.31569182075270924,3.003606281653854,0.782665617859962,0.7247827298436185,1.1974465762083848,0.052514650572902985,0.05552683896558952,1.6160724546200798,-0.19008725082538946
793,1.3727001599478967,0.13476434254980227,0.136561647419856,2.5565179170900514,0.6729327494309559,0.5456525565107653,1.3328406145892684,0.03832223588786629,0.2324994186161161,1.1838177571421546,-0.039859545358628345
794,1.3140048466491492,0.15302969974785813,0.17078089291802212,2.511203489160362,0.673072432583864,0.5798718020089314,1.2474755527941297,0.011510658016682104,0.08956378614894078,1.1971986425112129,-0.06652929385501949
795,1.402387629070488,0.13024181439421337,0.10100091607435704,2.711224470077666,0.7078650735664356,0.5100918251652663,1.358255925664611,0.0875434157666114,0.2440153780911769,1.3088368410071782,-0.04413170340587702
796,1.4078365033313986,0.12670147791335,0.060670207176924645,2.6331805667324337,0.6744818497907988,0.4697611162678339,1.3771031856123574,0.07317927170868349,0.27388813906557974,1.225344063401035,-0.030733317719041198
797,1.3391079146864808,0.14282868152431716,0.12077790141906311,2.552860670416473,0.6685163198690404,0.5298688105099724,1.2845280851968788,0.04323059610262389,0.1578021403898801,1.213752755729992,-0.05457982948960205
798,1.319136231012032,0.21933455372971988,0.2557864401898351,2.6632277990157567,0.7179881529264784,0.6648773492807444,1.1924341451436176,0.03965922444183314,0.08713270838685215,1.3440915680037246,-0.12670208586841447
799,1.2968446941413103,0.19518715503072895,0.3618855402927061,2.5547890189699602,0.6962631258947131,0.7709764493836153,1.1867526317611963,0.020725047323670982,0.07788713223465704,1.25794432482865,-0.11009206238011404
800,1.4014782058969284,0.1816414271051633,0.1457714442707747,2.744616071583302,0.715737868429184,0.5548623533616839,1.3395706254277688,0.042481063615657594,0.28833433737018066,1.3431378656863737,-0.06190758046915956
801,1.3387208347742336,0.1537759991379572,0.08044631494856842,2.5419016475429,0.6704437067767994,0.4890089126036836,1.295163592270649,0.03741993853298466,0.27070266845715996,1.2031808127686663,-0.043557242503584614
802,1.2875288265924567,0.16137766373189052,0.21763689296206523,2.4522499867005894,0.6561181813669317,0.6267278020529745,1.2165563399049661,0.04371005031959744,0.09017257157159736,1.1647211601081326,-0.07097248668749057
803,1.3581695230926627,0.1266997955921138,0.2328507343932285,2.5584567112859347,0.6717117711071258,0.6419416434841378,1.3070275446672077,0.06401232163721983,0.13099246952571741,1.200287188193272,-0.05114197842545498
804,1.3941540739871594,0.15848682243401424,0.12361452651638812,2.7729985864721804,0.721481577229171,0.5327054356072973,1.3150666947571885,0.053942082253925834,0.25116150366459306,1.378844512485021,-0.07908737922997089
805,1.3313077293297157,0.1297104488788402,0.13682158742538006,2.368633422626771,0.6240655333669035,0.5459124965162894,1.319317023470747,0.0615406034149803,0.21505711797732696,1.0373256932970552,-0.011990705858968775
806,1.368576743121134,0.2379686255359777,0.1968975462844863,2.804367286038439,0.7298930332982317,0.6059884553753956,1.219931986907013,0.011672278338944991,0.14980550598529185,1.4357905429173052,-0.14864475621412088
807,1.399533681318002,0.1956316574181288,0.214718182838391,2.8530740688576572,0.7375956384218,0.6238090919293002,1.2785218498087885,0.03423571029603427,0.1680495165061392,1.4535403875396553,-0.12101183150921346
808,1.329093351696902,0.14994820550664606,0.14369223739374257,2.5506847891939097,0.6722811307121123,0.5527831464846518,1.2674920231584776,0.030185941459955568,0.17053730092972275,1.2215914374970078,-0.06160132853842426
809,1.3703973186640646,0.22653869623836065,0.14410558617103655,2.8416584428494573,0.7435523099268687,0.5531964952619458,1.2418354672397498,0.04869388559559727,0.24260903045204743,1.4712611241853928,-0.12856185142431475
810,1.3484784074115055,0.11473379985062299,0.03822603914132683,2.3825310280170213,0.6239977775535182,0.44444587678292324,1.3415748656604378,0.04537191195553705,0.2716594041307575,1.0340526206055158,-0.0069035417510676655
811,1.3065244538310168,0.1470956884017546,0.27754155733038094,2.4963989357896184,0.6867420444042762,0.6866324664212902,1.2327530054263653,0.01643668831168836,0.032869264770972406,1.1898744819586016,-0.07377144840465144
812,1.2871669785209532,0.23178361519709945,0.1456718137550867,2.7028965942698706,0.728397361901914,0.5216332509645881,1.1528902469547537,0.0672177092684636,0.16500119484460593,1.4157296157489174,-0.13427673156619946
813,1.2651349555420428,0.17061982707073303,0.2783451247761717,2.326022099812081,0.6353510964558715,0.6821359097780793,1.1932550745649841,0.02189291789170132,0.07763266104121105,1.060887144270038,-0.07187988097705866
814,1.2953515614537496,0.15227639163664022,0.15238713141984375,2.4551231816422447,0.6671607489764408,0.5614780405107531,1.235549208201288,0.019169388917193633,0.07927654913654536,1.1597716201884951,-0.05980235325246164
815,1.373565013196289,0.14253974265910224,0.1168573155444124,2.6176293478856456,0.6876031073135823,0.5259482246353218,1.3194782219088101,0.06255198690600769,0.19984838478133163,1.2440643346893565,-0.05408679128747895
816,1.3736511813471526,0.2363696086842475,0.213954924367622,2.824550313569585,0.7466466641395793,0.6230458334585313,1.2408156219864086,0.07945387062566281,0.1866033136355495,1.4508991322224323,-0.13283555936074398
817,1.2699310921648754,0.24087444474988695,0.24856134838010274,2.523805652702638,0.6920866413671511,0.657652257471012,1.1528353760939707,0.09229283857089615,0.0483064420475217,1.2538745605377626,-0.11709571607090474
818,1.325905475655591,0.15965748114996414,0.057624231643138464,2.451921725629967,0.6477251931362449,0.43894783773894114,1.3020414290185598,0.055385781272201964,0.3018524877493487,1.1260162499743758,-0.023864046637031233
819,1.313341434778263,0.14752350015515192,0.2717592362097891,2.378125012839498,0.636696186915876,0.6808501453006983,1.2682912987435502,0.05401640171476463,0.07499783194716685,1.0647835780612351,-0.04505013603471286
820,1.244987604317582,0.2290417109860933,0.3440400851366414,2.5458392825186813,0.7063799158150004,0.7531309942275508,1.1181272317294688,0.06529524400972939,0.09244427410720774,1.3008516782010993,-0.12686037258811322
821,1.3914885973354942,0.19025813887829213,0.10086086364359925,2.874567755059236,0.7412854079718871,0.5099517727345084,1.27209396283421,0.018475615120678014,0.24590133434457456,1.4830791577237417,-0.11939463450128418
822,1.2713145544772997,0.21180670599709567,0.21608544457287734,2.475609015177946,0.6765394454790847,0.6251763536637867,1.1814065840356793,0.088479432682257,0.11614418520974364,1.2042944607006463,-0.08990797044162036
823,1.3113656781992074,0.2133523898336129,0.23600414954902538,2.6263273845733934,0.6984042158553344,0.6450950586399347,1.194460815573029,0.0484012090359529,0.10023983395520085,1.314961706374186,-0.11690486262617839
824,1.3994618990097427,0.10437885898333543,0.09671648654991367,2.5761500328009928,0.6709511749386463,0.5058073956408229,1.386289080140173,0.10683249566185263,0.22929915108938093,1.17668813379125,-0.013172818869569669
825,1.333161994805273,0.1903291509680679,0.14586147230134516,2.5791133685557712,0.69043909610441,0.5327366023852375,1.2568509420401384,0.048920518243703984,0.19044742705598602,1.2459513737504981,-0.07631105276513472
826,1.2870356879688285,0.16464484967462192,0.1164578688942105,2.4567696984430745,0.6610457160975086,0.5178612424286526,1.2304620269468374,0.057970063025210086,0.17849119027728944,1.169734010474246,-0.05657366102199113
827,1.2524973983855956,0.19657615198203546,0.35415684423392546,2.393651694164004,0.6638416265542996,0.7632477533248347,1.1648725352337874,0.06508576229011369,0.029341247410987148,1.1411542957784082,-0.08762486315180817
828,1.3285676400132391,0.157822820661959,0.12352197030301705,2.5364537071078876,0.671480284146404,0.5326128793939263,1.2705924697308757,0.031127599434686085,0.17950401394865156,1.2078860670946485,-0.05797517028236343
829,1.3184482788321468,0.19620742048901477,0.1441272831448645,2.564504313666252,0.6899503214574383,0.5532181922357737,1.2315239979448502,0.04493950484097828,0.17166172634756127,1.2460560348341052,-0.08692428088729653
830,1.4045727916604611,0.14342992255643247,0.07297624422184973,2.7230548813993143,0.7012439648077108,0.46982901652767306,1.3618691656735398,0.057792300969227356,0.30009532741911754,1.3184820897388532,-0.042703625986921345
831,1.281836982213602,0.20979397158114074,0.35033295433437994,2.538753626869897,0.6861526663507198,0.7594238634252892,1.1672599158800283,0.038514604099807614,0.051144823481238555,1.2569166446562952,-0.11457706633357367
832,1.3510041424538346,0.12571170569381715,0.0843618194040208,2.462492193016635,0.6501621009776102,0.4934527284949301,1.3318387027235274,0.04204871749459259,0.24604084626330852,1.1114880505628002,-0.019165439730307154
833,1.268307622866216,0.1660310388048291,0.199202496364767,2.3960204589554475,0.6615066640665805,0.575256300607654,1.1994560781072012,0.021039035591274406,0.08322406892127308,1.1277128360892315,-0.06885154475901478
834,1.290725828260544,0.18569768589608066,0.26624880275255536,2.681682954283319,0.7268499100544785,0.6753397118434646,1.1774229707742652,0.05357434156865841,0.07535227726129175,1.3909571260227749,-0.11330285748627889
835,1.3653311381335436,0.17522004618130887,0.15768302190610606,2.677640172167563,0.7076254461214164,0.5667739309970152,1.2753600560292875,0.01560710723652613,0.15179533569526457,1.3123090340340196,-0.08997108210425608
836,1.3089687400489385,0.15494195862722385,0.28586915267139323,2.5101446343951634,0.6854283923150302,0.6949600617623024,1.2337136781408828,0.017566939073815704,0.050781146442663974,1.201175894346225,-0.07525506190805564
837,1.367287498969809,0.17837463981949392,0.17302772456679838,2.629783796428925,0.6846265086764971,0.5821186336577076,1.290907279214168,0.025571944949597015,0.1877088628083426,1.2624962974591158,-0.07638021975564091
838,1.32198421511697,0.17057231457692262,0.1448496812195773,2.543150171478365,0.6804743110868036,0.5539405903104866,1.2504511991400773,0.03711523926414395,0.16451630459882124,1.221165956361395,-0.07153301597689277
839,1.275202574871861,0.15317605734735215,0.23302387344914316,2.387621554553202,0.6379228102302167,0.6421147825400524,1.2154537901044886,0.0443388999540371,0.06725774640145232,1.1124189796813408,-0.05974878476737233
840,1.3950391028234628,0.1410914044334622,0.07171258767827532,2.6797857063460295,0.6921523678427428,0.47708054426020563,1.3482798679654908,0.05647196405490243,0.26822855462307676,1.2847466035225668,-0.046759234857971954
841,1.3136676416358937,0.17448555735927063,0.31914198294221374,2.549847841059883,0.6976612975768448,0.7282328920331229,1.2202975237850806,0.027295644105176535,0.03086937504778889,1.2361801994239892,-0.09337011785081306
842,1.337645959162666,0.13963273878199167,0.09298527815754168,2.5865121983945505,0.6843075649623938,0.5020761872484509,1.3021968676270383,0.06985743889346614,0.27884946397150334,1.2488662392318846,-0.035449091535627586
843,1.3764554885334355,0.10848939062691483,0.08764681020767061,2.412225157200507,0.6200203971629321,0.4944176360634046,1.368688220957973,0.08093740044600194,0.19455709449541891,1.0357696686670717,-0.007767267575462533
844,1.3842470306034529,0.14616984364719796,0.13780700039931626,2.7288843409601347,0.7074850161069444,0.5468979094902255,1.311950982306315,0.043881718989805404,0.22144505230845318,1.3446373103566818,-0.07229604829713798
845,1.3108910515137873,0.22730112379177694,0.3320819790050562,2.6600521732731486,0.71595687975287,0.7411728880959655,1.1737960826954552,0.024476511646145414,0.041623638648369043,1.3491611217593613,-0.13709496881833205
846,1.375448264650439,0.15090353718542487,0.18843446835774164,2.6623940350036794,0.6935330799236066,0.5975253774486509,1.313476339937809,0.07792453851567152,0.2192432842701637,1.2869457703532405,-0.0619719247126298
847,1.4129264113990094,0.14037645040099894,0.24935144551516347,2.75360446878957,0.7248467149808397,0.6584423546060727,1.3402489080271844,0.09312553269207355,0.14529858208293164,1.3406780573905606,-0.07267750337182499
848,1.403142886664749,0.1517674851491429,0.12875083652732758,2.7411175207476624,0.7097442131734893,0.5378417456182369,1.3322907476926429,0.04405633516371773,0.22160216651701953,1.3379746340829133,-0.07085213897210618
849,1.382900888828535,0.16377586974287955,0.16551473632526456,2.6648390545155105,0.7074401816168805,0.5746056454161739,1.3079973054522709,0.05009036392015118,0.1980489722718482,1.2819381656869755,-0.07490358337626413
850,1.342250070345224,0.12886199382611907,0.21502975818276238,2.5128547737155076,0.6613461094221786,0.6241206672736717,1.2934172979727263,0.050690300150987175,0.10541062290611133,1.1706047033702836,-0.048832772372497724
851,1.27897273726573,0.16256693654232215,0.2158690240361082,2.3017291561536926,0.6223617734043241,0.6249599331270175,1.223200767410607,0.028265197268397584,0.08340389252467191,1.0227564188879625,-0.055771969855123116
852,1.3067830454755496,0.20795600698536904,0.19960606950125415,2.542407104117715,0.6765180417919197,0.6086969785921634,1.212677603383705,0.07395288935344185,0.132795012924252,1.2356240586421656,-0.09410544209184457
853,1.2900690106694974,0.1710028937624632,0.14757677698829424,2.4729144582288396,0.6710057966521236,0.5415135848335733,1.2193558542238052,0.05217616294605931,0.1646725647612076,1.1828454475593422,-0.0707131564456922
854,1.3518796492476342,0.10987352620961144,0.18446369645759683,2.4397081576644384,0.642877076284167,0.5935546055485061,1.3136423139116034,0.03494897959183673,0.06172669157665067,1.0878285084168042,-0.0382373353360308
855,1.3546589396240365,0.0946052977564513,0.2305094052399269,2.331264659433645,0.6185433007721035,0.6396003143308362,1.3402173350229538,0.07215536093924814,0.13726614502314377,0.9766057198096085,-0.01444160460108268
856,1.3153789599278607,0.20622286580418298,0.25861293202689467,2.5937502555131866,0.6877301423491964,0.667703841117804,1.2042737762605065,0.031132650901863533,0.04734023236448974,1.278371295585326,-0.11110518366735422
857,1.3932588506531165,0.24218056891936876,0.09145428261686346,2.9163416925264953,0.7415591441047731,0.48401441900467373,1.2745117551648892,0.04551382683250818,0.36059212978964184,1.5230828418733788,-0.11874709548822726
858,1.4085445510009336,0.10475974192913867,0.11395115959250689,2.5930232227116434,0.6762466333268364,0.5230420686834161,1.3787074342246548,0.08979892005157958,0.1809794570194172,1.1844786717107099,-0.02983711677627876
859,1.3231396821144905,0.17067086867594666,0.1107539879326613,2.5673246494095032,0.6872548920002929,0.5197193640479837,1.2566154634619484,0.028976377952755893,0.22440225094197663,1.2441849672950127,-0.0665242186525421
860,1.4599461217552985,0.25977797174651385,0.24585682568317957,3.146012925002275,0.7966995924675693,0.6549477347740889,1.2434624340878673,0.050475987496447806,0.17301033074866262,1.6860668032469766,-0.2164836876674312
861,1.3287977243447462,0.1414676811802265,0.05336803628229602,2.4458829836379703,0.6467744928429096,0.4422002312627088,1.3000646274415262,0.04266379501700798,0.26592888150779775,1.117085259293224,-0.028733096903220012
862,1.3851723641607618,0.20472723254489425,0.12555806492151733,2.8447640573906106,0.7366758059843018,0.5346489740124266,1.2736245451630637,0.02988574391452086,0.2505967543829363,1.4595916932298487,-0.11154781899769817
863,1.2912934516759589,0.15555586160144858,0.3372344811354855,2.4479359528469056,0.6631415175898288,0.7463253902263947,1.2170330079033649,0.021838626659647902,0.06559944155285481,1.1566425011709467,-0.074260443772594
864,1.3427814461437564,0.14293795190633377,0.16326915608516313,2.454124736729912,0.6496781437113973,0.5723600651760724,1.300321038057655,0.026599417280806975,0.16035657510112544,1.1113432905861556,-0.0424604080861013
865,1.3516359825340416,0.1631876460539229,0.13431506518521447,2.5859372278018293,0.6754229902309519,0.5434059742761237,1.2895843194754115,0.03390475951348215,0.24637884735359405,1.2343012452677877,-0.06205166305863008
866,1.3248647983267614,0.1700302206989766,0.14737729672654015,2.6556583558131956,0.7134840866874822,0.5564402216721265,1.2402404333068862,0.035506383132047195,0.16510627624110252,1.3307935574864342,-0.08462436501987525
867,1.3054500383764163,0.2266154469620312,0.21363774980920525,2.6315518217488023,0.7222864436251251,0.5952643365037094,1.1934346107398084,0.07097821299497406,0.16930157679624058,1.326101783372386,-0.11201542763660788
868,1.3455880494425787,0.17723943879337073,0.07450025469785528,2.6000438949260483,0.6847067672605951,0.4823237072431431,1.2746789929709466,0.02876323579731849,0.2366945068821782,1.2544558454834696,-0.07090905647163215
869,1.340145878275638,0.18469384090860957,0.3358072776402761,2.690176310636642,0.7114032802746131,0.7448981867311855,1.232728678238507,0.041773256745573153,0.07308253417175783,1.350030432361004,-0.10741720003713096
870,1.3858445482173496,0.12345948765156486,0.13844358640910348,2.5318070463314974,0.6565864204782849,0.5475344955000128,1.364546756915162,0.09386446886446889,0.20982442120720723,1.1459624981141479,-0.021297791302187674
871,1.3461942580289041,0.24467707501946137,0.2327901453782255,2.8374520975389057,0.7470633693919397,0.6418810544691348,1.1860269208036436,0.029967695020399764,0.133098111267958,1.4912578395100016,-0.16016733722526055
872,1.2927887806625633,0.22102755581474304,0.14202033829209043,2.671445730836151,0.7102340759555759,0.5425094995566491,1.1722063057076142,0.0553623620638234,0.17972509850874724,1.3786569501735877,-0.12058247495494911
873,1.3582525244951493,0.1360783699341378,0.045567316201332676,2.489319067633665,0.6529226819646661,0.444124009499023,1.3313312168161149,0.04132570798594363,0.25788966265745433,1.1310665431385156,-0.026921307679034445
874,1.3951120204765566,0.07233471357111956,0.05520405512195933,2.382366875423541,0.6118955955505644,0.45623472175905405,1.4013269726490936,0.07614841318648552,0.22416830310383667,0.9872548549469844,0.0062149521725369805
875,1.3268959465805037,0.18407398521238377,0.1059786453857472,2.583830563929438,0.6890791333525392,0.5025691915860615,1.25519754927346,0.05131612416563604,0.2563913740452323,1.2569346173489344,-0.07169839730704375
876,1.359636184918752,0.22572969440320328,0.17325854985483036,2.730672818643734,0.7179479051102816,0.5823494589457396,1.2493890235389042,0.05518146798182731,0.19845728326293804,1.371036633724982,-0.11024716137984769
877,1.2516279734246734,0.19067452384180966,0.26902740507864276,2.405893886625308,0.6772125670436981,0.656596756729789,1.166082740144539,0.04367670364500793,0.04800416601368197,1.1542659132006348,-0.0855452332801343
878,1.295412086159776,0.22492493779883482,0.14247878965518032,2.670164340605103,0.7156040140483941,0.549394213244454,1.17049185205927,0.04219330855018583,0.17766099535570173,1.374752254445327,-0.12492023410050601
879,1.3195012884241561,0.1588698690721767,0.1882638154662088,2.426389443097441,0.6511258779061092,0.5973547245571181,1.2593182234131228,0.02763615789594109,0.055633570936765055,1.1068881546732847,-0.06018306501103332
880,1.2908472330246432,0.16602203729713705,0.18007637695468925,2.404431596372241,0.6420527980557598,0.5891672860455985,1.2299774504170942,0.060211761704299024,0.09282975552233744,1.113584363347598,-0.06086978260754905
881,1.388518674787063,0.18159399815634714,0.06159559484323893,2.711613940320195,0.7046082267570171,0.43460167485004986,1.3401615827376694,0.05963988888514005,0.3520764498942231,1.3230952655331318,-0.048357092049393646
882,1.3040430456845846,0.18540862467786853,0.14522173771908348,2.5286621700662133,0.6872860947371826,0.5368415874195771,1.230271512055767,0.04913521465332013,0.22588749694189347,1.2246191243816287,-0.07377153362881761
883,1.3308427698214955,0.18797199535002285,0.08693145512634334,2.5823733770709674,0.6806809345812936,0.4796423745722259,1.2543537926907438,0.038606002362210484,0.2424436123488806,1.2515306072494718,-0.07648897713075176
884,1.3369485995388317,0.13618999467900342,0.12396144123296639,2.3906025526496135,0.635768073895308,0.5330523503238758,1.2995080764017624,0.031139454063425637,0.116800873240465,1.0536539531107818,-0.03744052313706936
885,1.3084048813550977,0.22796530947146038,0.2851094342834452,2.726474823304542,0.7423321196773733,0.6942003433743544,1.1694866065132359,0.04738448077263869,0.08383487017985768,1.4180699419494442,-0.1389182748418618
886,1.377819009787527,0.17011241774629665,0.09646163060843066,2.55167710377306,0.6606705222076013,0.5045460635593317,1.3401639371238558,0.06923779208922444,0.27758836648996776,1.1738580939855332,-0.037655072663671074
887,1.351367209726061,0.1333330497083004,0.14356807459845072,2.4979099777943414,0.655906870194529,0.5526589836893601,1.3083246256123229,0.04361478863238287,0.20252557867771626,1.1465427680682805,-0.04304258411373807
888,1.399443851596072,0.04524144531382473,0.06433731680733266,2.308709503512553,0.5917797692081368,0.47184636719133155,1.4214726377486646,0.10327023892982012,0.16954396890937112,0.9092656519164808,0.022028786152592517
889,1.3436917204034449,0.1747828513441911,0.0733105170927697,2.5727661668072503,0.6726093757239662,0.46971547357737903,1.3056794005296566,0.05134698026893398,0.3194007417657604,1.2290744464038055,-0.03801231987378828
890,1.396480111354303,0.2066936455180108,0.3388472512572779,2.9243984089482424,0.763168594165423,0.7479381603481872,1.2368919685085924,0.031585907565019875,0.12718903685765565,1.5279182975939394,-0.15958814284571066
891,1.2671786803034704,0.2501275766159224,0.18886465749960635,2.6540665441535882,0.7312913195806395,0.5677286466770542,1.1320966190983393,0.10717632882581335,0.1962521862281521,1.3868878638501179,-0.1350820612051311
892,1.276179569843932,0.20968351752283032,0.30812959519759175,2.46414440639211,0.6814464667945206,0.7172205042885011,1.1716326881081522,0.031632800115290384,0.010546779987047075,1.1879648365481779,-0.10454688173577975
893,1.3394214411739505,0.19090481042016613,0.14825481857181158,2.5622302914727144,0.6865750245963553,0.5573457276627208,1.2878248326227357,0.0869494982938252,0.23325602849762017,1.222808850298764,-0.05159660855121473
894,1.2877021431304145,0.23401024587153937,0.22492849957896893,2.7465508989178202,0.742530460247121,0.6259430760799553,1.1557900316241825,0.10118837640003528,0.1778919321497896,1.4588487557874057,-0.13191211150623205
895,1.3641602706462157,0.1486035441196585,0.07759173801413344,2.619480540707092,0.6889956537868498,0.4866826471050427,1.3144587247461368,0.05784107630859789,0.2550471361006142,1.255320270060876,-0.049701545900078914
896,1.3905493783716265,0.09942290103390863,0.027927486809957353,2.4288306051685637,0.6243596074241102,0.42345274005997585,1.4776320328919708,0.1314495551022497,0.3841703966724199,1.0382812267969372,0.08708265452034425
897,1.397777825024832,0.14390451236776208,0.04505475827828183,2.7342516918020743,0.7081480487293708,0.4513005080250022,1.3471330564222819,0.056759126870651,0.3039387632522037,1.3364738667772422,-0.05064476860255018
898,1.353982574709491,0.26336834290962574,0.3384437556248642,2.983168099941811,0.7899833048085023,0.7475346647157735,1.1506731077327803,0.06663418303670651,0.06129938019872219,1.62918552523232,-0.2033094669767106
899,1.4046967181221874,0.16498122497617312,0.0712902413908443,2.787210849799364,0.7155058971161119,0.48038115048175356,1.337991439965255,0.04501083570792239,0.30137998828814605,1.3825141316771767,-0.06670527815693239
900,1.4094687324039232,0.16128570219403604,0.05738908428930451,2.7561709018404015,0.7038040536487227,0.45904406614524945,1.3404906809341663,0.038100205049723494,0.28811328805641157,1.3467021694364782,-0.06897805146975688
901,1.3418496298467306,0.11248515792612993,0.12317244184552639,2.466224481880631,0.6503608914300049,0.5322633509364356,1.3274795564290869,0.09342482943850275,0.17942888179123515,1.1243748520339003,-0.014370073417643736
902,1.3170326567962105,0.2113725675229786,0.2724261639033218,2.692507778884107,0.716981729257028,0.681517072994231,1.194980830827078,0.05038926076833531,0.07226864031186699,1.3754751220878965,-0.12205182596913255
903,1.393584590483668,0.16260078257937605,0.14279178965737277,2.7059447556895453,0.7046774670644693,0.5518826987482821,1.319066311305265,0.031978779345644595,0.17705245499970756,1.3123601652058774,-0.07451827917840292
904,1.2843012980371948,0.20595871204160923,0.26384787631186846,2.7774990753261495,0.7464683617077335,0.6729387854027777,1.1398021485159608,0.02509311785623943,0.0862502362883697,1.4931977772889546,-0.144499149521234
905,1.3355012183304709,0.16656125403169614,0.21598962013355977,2.501892082988901,0.6676526934762825,0.6250805292244691,1.266647438047729,0.02325517619635268,0.1044243474000298,1.16639086465843,-0.0688537802827418
906,1.3598531948426507,0.11224449920587765,0.06662468143489612,2.4450297075155145,0.6356720907718174,0.4651872980871472,1.3403602123548248,0.053330255640833275,0.1942688095460141,1.0851765126728639,-0.019492982487825827
907,1.3602626868517422,0.175221718627353,0.18406394971159332,2.652338890315796,0.6954879167354959,0.5931548588025026,1.2798698342645225,0.03642151942594908,0.15006106117912318,1.2920762034640538,-0.08039285258721973
908,1.3310073688206234,0.17292524153494807,0.1812726821202829,2.5397540361939464,0.6760862616298544,0.5903635912111921,1.2560050335490698,0.024446369401631755,0.10770989831780758,1.208746667373323,-0.07500233527155364
909,1.4329632442921176,0.1473155361244947,0.09238595936455171,2.8316735373336996,0.7331644291856065,0.5014768684554609,1.359980020920141,0.05552990325417766,0.26218927048414403,1.398710293041582,-0.07298322337197671
910,1.310264525573566,0.15105429148543315,0.14791177790386084,2.5120461104845795,0.6788732964973412,0.5570026869947702,1.2481178638673742,0.013236890159867714,0.12287431329395385,1.2017815849110134,-0.062146661706191875
911,1.3097778832335125,0.14585333838595366,0.2867825584919985,2.4342651061608644,0.6481693679609823,0.6958734675829079,1.2496991426336885,0.029727095516569213,0.06559195896471186,1.124487222927352,-0.06007874059982399
912,1.348615144888964,0.190441809046746,0.15862831739910527,2.7412897370065967,0.7199945758682602,0.5677192264900146,1.2533912918449288,0.043805170945915684,0.24552248184393272,1.3926745921176327,-0.09522385304403524
913,1.2977670280520297,0.15341202855450475,0.06803251200910332,2.4469149325290336,0.6588674873511502,0.45811379168796584,1.2474225926339026,0.039915209483903105,0.233874515911015,1.1491479044770039,-0.050344435418127054
914,1.3142785785388673,0.20139173343617633,0.2406945618067824,2.643043242206116,0.7148796239399932,0.6497854708976917,1.2013894488635346,0.014884559884559893,0.0923938389112998,1.3287646636672488,-0.11288912967533271
915,1.3316884774616051,0.26123935993433184,0.3032217614232701,2.7237389144249837,0.729748559215929,0.7123126705141793,1.188937504660449,0.09259962558028359,0.09723792641777915,1.3920504369633786,-0.14275097280115623
916,1.3375938787179869,0.2001713444258322,0.29428279142668523,2.63278131854114,0.7028226003734043,0.7033737005175945,1.2267844958161405,0.011352020831312596,0.0491532068807015,1.2951874398231533,-0.11080938290184639
917,1.3641760360738697,0.15850564350678706,0.10826915736669272,2.579978788880264,0.6774434988585527,0.5173600664576019,1.3091709636711635,0.02952900274473923,0.22598005475206379,1.2158027528063942,-0.055005072402706245
918,1.3594565990543246,0.23156683528179753,0.22873395182102804,2.8061172571803947,0.7407639791212086,0.6378248609119372,1.215689547339198,0.02530409243301656,0.15525362229885717,1.4466606581260701,-0.1437670517151266
919,1.383785266802503,0.12912365022238376,0.03960993360945514,2.5333142659949432,0.6596309503464048,0.4379759178929049,1.3812433982698211,0.06799143383634645,0.33430634702984463,1.1495289991924402,-0.0025418685326819013
920,1.3718423508897684,0.1733111516550866,0.10788750525579477,2.702645048843619,0.7064242294870533,0.516978414346704,1.2934840640073317,0.03360721270747433,0.2114452089159864,1.3308026979538505,-0.07835828688243662
921,1.3333037095586235,0.2309814116509658,0.2086911226695885,2.8296063370922164,0.7483404804920435,0.6172593945888157,1.1855349006886104,0.045939370026961274,0.12826711535341367,1.4963026275335929,-0.1477688088700131
922,1.2727659586448974,0.24152841367017908,0.21444203625298913,2.4905611355073773,0.6822124478633894,0.6030339173152566,1.159547917700095,0.08920782063245379,0.08246700863503723,1.21779517686248,-0.11321804094480248
923,1.3595832990232564,0.15531900506072238,0.07052654446189754,2.526726129088946,0.6619149533397539,0.47922655605548925,1.3129583118177253,0.040579205815257306,0.24328565753243375,1.1671428300656894,-0.0466249872055311
924,1.4157371368863623,0.09470413998849876,0.03461425089790225,2.5704101045307874,0.6590862505559982,0.44370515998881155,1.4150070101886598,0.09189324437030857,0.28878714728997584,1.1546729676444252,-0.000730126697702449
925,1.3785400445504599,0.12842994110005768,0.09330985481340758,2.5297824467646906,0.6554935843071386,0.5024007639043169,1.3451343042613755,0.06054338049298452,0.21581780513201126,1.1512424022142307,-0.033405740289084385
926,1.4134713347801404,0.08548248154888957,0.05400684000169421,2.471408125425524,0.6284062017678416,0.4609256278115824,1.4046983711512242,0.0705546657117648,0.20932396551582205,1.0579367906453836,-0.00877296362891622
927,1.253552923383865,0.18730285146835235,0.2315519800398323,2.431079635798883,0.6651945098764529,0.6406428891307416,1.1652671768420924,0.04054408274591759,0.08276895474399802,1.177526712415018,-0.08828574654177257
928,1.354802797983245,0.22085875502098054,0.13939934657485475,2.7010182753315246,0.7130316020888086,0.548490255665764,1.2427067521261184,0.039827931751849815,0.20049297845769165,1.3462154773482795,-0.11209604585712674
929,1.407059442693738,0.12181577473964848,0.2117734586275315,2.6626224357917394,0.6956596473907692,0.6208643677184409,1.3526433257804498,0.06833834814773919,0.14685520899913568,1.2555629930980015,-0.05441611691328818
930,1.2809748246389812,0.2316724956645588,0.17894426642893577,2.4759021861979447,0.6713972527456404,0.5671708072580383,1.1936870238502202,0.08351142225497417,0.21931211442462561,1.1949273615589635,-0.08728780078876097
931,1.336849165116928,0.2201758588684241,0.1321310299404232,2.737210434904731,0.7288771776229517,0.5184951635280839,1.219801793738694,0.044074062334080885,0.2592845073371521,1.400361269787803,-0.11704737137823407
932,1.4026509841658952,0.22158886782333762,0.09332054694377642,2.9004691424282596,0.7393526629394576,0.4962147880733806,1.301480774298569,0.0620443353141851,0.32835574772106024,1.4978181582623644,-0.10117020986732617
933,1.3377013793837689,0.1828631909521608,0.22675398896797205,2.63083483571447,0.7015654314520202,0.6358448980588813,1.2473393701340434,0.046392177795031034,0.1541561793002677,1.2931334563307013,-0.09036200924972548
934,1.2793229678103062,0.18004255033516536,0.17960977336087477,2.512488979052836,0.6779241259055605,0.5863365720356287,1.1946677160701609,0.05761901498111009,0.08309147978676687,1.2331660112425298,-0.08465525174014532
935,1.3151089062927293,0.19184976932264797,0.18367435057546472,2.571862753075738,0.6991048798786914,0.592765259666374,1.235918343854011,0.07368854387203011,0.1508703913846951,1.2567538467830088,-0.07919056243871836
936,1.4341425873530098,0.1875969327501588,0.08698286735403452,2.8725742057864143,0.7386968791846056,0.4916193366698216,1.3589299264625803,0.0652690281937416,0.32928816971723734,1.4384316184334045,-0.07521266089042955
937,1.3688766211823107,0.1961918989040944,0.22268020652933498,2.630399999848198,0.6872459083748665,0.6317711156202444,1.2734667516848055,0.027605903615300145,0.12868029504525064,1.2615233786658875,-0.09540986949750518
938,1.3287542247217927,0.188819289710825,0.10304845973844977,2.598218290484684,0.6915824449492975,0.5077452872876422,1.2596070584161687,0.054623883897972014,0.2564427466343755,1.2694640657628913,-0.06914716630562401
939,1.4096739348981289,0.12864862945794892,0.033357164326460895,2.62898659706814,0.6772235927869226,0.43942035613920927,1.4092305921812183,0.07551142374325089,0.35369569160640557,1.2193126621700112,-0.0004433427169105997
940,1.312641285416536,0.20327516311580407,0.3605530448314916,2.625525070845784,0.712933726047219,0.7696439539224009,1.1904220144366557,0.02376832108122918,0.061595955494013366,1.312883785429248,-0.12221927097988017
941,1.3312047507643912,0.14837132848409573,0.2370999378059369,2.5267229712677355,0.6758425528732347,0.6461908468968462,1.2658884935963566,0.02577952932539362,0.04872440994721909,1.1955182205033443,-0.06531625716803457
942,1.3808129004431753,0.09714790851351363,0.02419397864199286,2.5496836564707643,0.6600007282359088,0.3999413601321902,1.384345932362304,0.07208650095384525,0.33671213479427425,1.168870756027589,0.003533031919128682
943,1.303211752544809,0.21040126833398598,0.24926584498369633,2.71404826946798,0.7325611900823972,0.6527039454101481,1.1784839360640096,0.06487456890442668,0.09485062335877319,1.410836516923171,-0.12472781648079945
944,1.3163558382117015,0.15586417014375506,0.21119454036307891,2.5747706753751487,0.6876320938299005,0.6202854494539882,1.241984522611762,0.014030237448546052,0.03909519210055265,1.2584148371634472,-0.07437131559993948
945,1.3837171322149933,0.15721308919444305,0.08544352056075188,2.7338131631280294,0.7109884009080043,0.4912440645842706,1.3141459052847346,0.0529265990087326,0.2664422276540541,1.350096030913036,-0.06957122693025863
946,1.3140873262557033,0.19263744524121848,0.19453453035752905,2.5152456066799864,0.6824056301559053,0.6036254394484384,1.2300985287607542,0.03159711645852374,0.13081017676751905,1.201158280424283,-0.08398879749494914
947,1.3403572685441927,0.14241233746329626,0.07626344886334344,2.3748367576081097,0.6219895699492716,0.47589951454255364,1.3042337144435263,0.04007942396427336,0.18931767500133556,1.034479489063917,-0.036123554100666366
948,1.3766523500272205,0.19589425371490257,0.1559833701083562,2.7533048651299694,0.7214177751517231,0.5650742791992655,1.2787854814947481,0.03898996705600481,0.23397591294449277,1.3766525151027489,-0.0978668685324724
949,1.3345574749965095,0.19667872204030187,0.12968870338444127,2.525606584444976,0.672968658968305,0.5342056202392381,1.2690393230057713,0.054152585765488946,0.2466089327478369,1.1910491094484668,-0.06551815199073818
950,1.369066034475007,0.11554947114119879,0.10824801224687329,2.5033250539326435,0.6536009222100614,0.5173389213377826,1.3476725793959239,0.061981563668939275,0.20498819863911538,1.1342590194576365,-0.02139345507908308
951,1.3467996454228648,0.22271707010852054,0.18769249245526415,2.7453925427322314,0.7248436005433758,0.5967834015461735,1.2276328690728158,0.072992700729927,0.16550173473463925,1.3985928973093666,-0.11916677635004902
952,1.4048179263395133,0.1709034172896058,0.12163550383237857,2.788602290440253,0.7207600192710372,0.5307264129232878,1.3206365788072074,0.0544063779357897,0.24493043275932458,1.38378436410074,-0.08418134753230588
953,1.3458939024623406,0.20203329301595496,0.23064848356663098,2.6686894761140483,0.710710291879908,0.6397393926575402,1.243921573911235,0.04666953727932167,0.18457769269129132,1.3227955736517076,-0.1019723285511056
954,1.4249186565278906,0.20208265972842548,0.20698276427045945,2.979195082551891,0.7714779759923579,0.6160736733613688,1.2845858757607813,0.03442776273689392,0.21107359972416811,1.5542764260240003,-0.1403327807671093
955,1.292989026179535,0.18519239957525602,0.24173043963199015,2.513838386336748,0.6868639043322302,0.6508213487228993,1.2082453203484977,0.06122365444153376,0.07656573800189857,1.2208493601572132,-0.08474370583103719
956,1.3460392956494351,0.16195871576290308,0.16389157388004472,2.4677964146818274,0.6546969698415483,0.572982482970954,1.3074451188902052,0.05116712907456381,0.19892785344000646,1.1217571190323923,-0.03859417675922994
957,1.382834740678097,0.16503302391394245,0.10110012187626742,2.6727291766314045,0.6928927185010243,0.5080757272349292,1.3219554239638145,0.0457822673305247,0.24458442043979517,1.2898944359533075,-0.06087931671428248
958,1.3736202558024004,0.1618032037159785,0.28482015846643816,2.619244460317295,0.6893688950178134,0.6939110675573475,1.2952925582068255,0.02538965285858679,0.10611848783621913,1.2456242045148946,-0.0783276975955749
959,1.3341655899082752,0.20296036799615047,0.15139959427273397,2.7020347690543747,0.713350022863278,0.5604905033636431,1.2367851989518792,0.053536167152020295,0.1862823453455038,1.3678691791460995,-0.09738039095639595
960,1.3213042381281879,0.13551272663501152,0.21705688090654657,2.602585993887772,0.6946001263241837,0.6261477899974559,1.2521521346009687,0.04570073719508658,0.11954083730943608,1.2812817557595841,-0.06915210352721912
961,1.386878202725394,0.12216108732443343,0.07765714428575154,2.677597056963366,0.7000937500599517,0.4867480533766608,1.3452036560546006,0.08050038966972133,0.22570020975286545,1.290718854237972,-0.04167454667079351
962,1.3688785836115938,0.13632282706327367,0.13435326116394397,2.6517664864354353,0.6939715638029014,0.5434441702548534,1.3078983243524769,0.03610989688695513,0.1920531447979255,1.2828879028238416,-0.060980259259116876
963,1.3300341099894546,0.18895712123325653,0.1689669574120919,2.561896427671283,0.6831959980285047,0.5780247260545792,1.243535070676573,0.011820895522388086,0.13730842970914758,1.2318623176818282,-0.0864990393128815
964,1.3953091316429753,0.18519828268821698,0.14241923168887735,2.8342678190488853,0.7357555813030618,0.5515101407797867,1.2930750115776075,0.0401215200566985,0.23061145073678077,1.43895868740591,-0.1022341200653678
965,1.419383031551517,0.1665973245338242,0.08535442072935079,2.8109290456941833,0.7200740183817663,0.4931691776718746,1.3531743266016916,0.05443139863008587,0.292490353191982,1.3915460141426663,-0.06620870494982545
966,1.4236262089511764,0.17172861451907642,0.06685611074420936,2.8105481858100845,0.7114361456211511,0.4705256799747578,1.3562818335726097,0.044801753968180064,0.31823935007068943,1.386921976858908,-0.06734437537856675
967,1.3992332526940863,0.1596710198553109,0.06656713599308187,2.7265544809725397,0.7045399005256827,0.47147957014093234,1.3558072089695399,0.05754668634565322,0.3284040129132798,1.3273212282784534,-0.04342604372454639
968,1.4111273750350397,0.10697254174779386,0.030390017826066033,2.655091637540025,0.6863239208309306,0.42351161045230723,1.398282450418868,0.10682078517130061,0.32717273797409385,1.2439642625049852,-0.012844924616171705
969,1.37476274332023,0.09894096991586282,0.09600141975061453,2.470344448021187,0.6371143421843589,0.5050923288415238,1.3680183649770563,0.09301338208545232,0.19726765533082094,1.095581704700957,-0.0067443783431737625
970,1.348733134138635,0.1797657343114802,0.12121719113849312,2.6091927668879746,0.6946313605706602,0.5303081002294023,1.2885884919439903,0.037558592839390115,0.25347189375285023,1.2604596327493396,-0.06014464219464477
971,1.3952319560004183,0.10472328896369167,0.11834398134945207,2.591102900005275,0.6775658514134509,0.5274348904403614,1.3788033159465107,0.09660748654826347,0.23665525097829865,1.1958709440048567,-0.01642864005390754
972,1.3817322781568429,0.23263875615814492,0.11517149584283944,2.844459907076872,0.7372706521565622,0.5089745873069762,1.2763268164324981,0.08281602187488456,0.293840145510457,1.462727628920029,-0.10540546172434473
973,1.3558961421067135,0.1249168015497101,0.05644344420448522,2.4958635010758483,0.6615288119221486,0.4533575342147843,1.3425456824783497,0.06772077674139529,0.2759582626615129,1.1399673589691348,-0.013350459628363787
974,1.3760841859563846,0.08915931274037457,0.13115819694933012,2.5057415723140757,0.6522739480159769,0.5402491060402395,1.3673871990511794,0.09399135001544637,0.19894653873555718,1.129657386357691,-0.00869698690520515
975,1.3842378205590893,0.14979727511523105,0.023242179506419047,2.5757535785201204,0.6793504741022223,0.40613911354627275,1.3805391339233521,0.06147666086868567,0.392987223645447,1.1915157579610312,-0.003698686635737136
976,1.3786168526367977,0.13510114950961744,0.08149157917125875,2.604421917770057,0.6740913527428631,0.490582488262168,1.3519702023729772,0.056555995393146194,0.2980344299431149,1.2258050651332595,-0.026646650263820515
977,1.377805951866741,0.12147954345419379,0.06294841029837783,2.4586565016335977,0.636596207685735,0.47143525776943174,1.3947571909551408,0.07896781901166264,0.3089383652725894,1.0808505497668568,0.016951239088399905
978,1.3774876662193232,0.16969878867080418,0.07610928372137946,2.633740463686543,0.6863555234448799,0.4852001928122887,1.3372139588330014,0.06246478873239436,0.304128511010092,1.2562527974672197,-0.040273707386321744
979,1.3308119436584311,0.20372027186222957,0.14200150945869222,2.5138347338485163,0.6740913612629453,0.5398350026069465,1.2762060945016842,0.09492827434003902,0.2295966603944366,1.1830227901900852,-0.05460584915674693
980,1.3617956039961943,0.20456090052683218,0.18814148940689024,2.8276947575454328,0.7487046966531877,0.5972323984977995,1.2366723103342125,0.041079882543297155,0.1877436633623421,1.4658991535492385,-0.12512329366198172
981,1.3508452163739246,0.14246918627157545,0.23040668782348564,2.5181083444165564,0.6707098522053758,0.6394975969143949,1.2982662692517941,0.046651747563665746,0.1512154002594131,1.1672631280426318,-0.052578947122130515
982,1.324537110614332,0.21360534044164226,0.16106488861213822,2.659835670442618,0.7131066383779234,0.5589355850320646,1.211945814911256,0.051025763067647875,0.13202831369218915,1.335298559828286,-0.11259129570307591
983,1.367789735738508,0.2879243067335381,0.2768769843711884,2.9256356189206887,0.7670424754630147,0.6859678934620976,1.1625778918505154,0.057144340602284543,0.13579269830880356,1.5578458831821806,-0.20521184388799263
984,1.2239024161462855,0.2125607024224252,0.243336506821221,2.4106501214451734,0.6676243868126454,0.6524274159121303,1.1203341267121671,0.046642039077228234,0.07226984517849996,1.186747705298888,-0.10356828943411833
985,1.3868766313409595,0.19623679104663078,0.17942326846662268,2.7690600090573185,0.7177262438130305,0.588514177557532,1.3018599896615428,0.047751822290346246,0.25173721517430314,1.382183377716359,-0.0850166416794167
986,1.2900198220332322,0.22911641736402305,0.1921969145074381,2.7555533233151355,0.7512463451825802,0.5872290199878362,1.147001420503251,0.08095932087996253,0.14166866659166602,1.4655335012819033,-0.14301840152998113
987,1.2939470998094469,0.22076806851734168,0.2555630454928874,2.6325694909452304,0.7134583602709976,0.6646539545837966,1.1698472943542635,0.037399951491632305,0.05887088003136989,1.3386223911357835,-0.1240998054551834
988,1.3463674366978604,0.08278668555595091,0.05103094745193611,2.2966300163017244,0.6047773287882305,0.4448565048479521,1.3443037360106707,0.0665185185185185,0.16257912015683423,0.950262579603864,-0.002063700687189751
989,1.32207082099832,0.21178689628189695,0.12423375540268101,2.6240642567676113,0.7025847429551737,0.5237682048587153,1.222444321702842,0.04847490491460966,0.16448341391095947,1.3019934357692913,-0.09962649929547807
990,1.3647597079959652,0.15801512482829397,0.10185016820140932,2.610243567815858,0.6801342797516187,0.5109410772923186,1.3217671756607383,0.047419653802485966,0.2945353025216838,1.2454838598198927,-0.04299253233522693
991,1.3621667256466787,0.17771505283895406,0.18906689291979356,2.564580300059286,0.67313901382439,0.5981578020107028,1.3077266212814362,0.042318225592873474,0.2126627752345783,1.2024135744126074,-0.05444010436524249
992,1.4251632738388933,0.08423042920051932,0.03782860381657531,2.4612868475934078,0.6212477598991546,0.4391662845561293,1.4634555297627738,0.0987469901951242,0.3028062946791647,1.0361235737545145,0.038292255923880525
993,1.3276741703339947,0.15725358485650814,0.11670377178731767,2.3916139492569894,0.6339909337130292,0.521587562790264,1.3011955214778406,0.04706779263429513,0.2323919270427402,1.0639397789229947,-0.02647864885615414
994,1.314398105179214,0.21312775909328072,0.2768844507055539,2.7192523188415576,0.7350307665711476,0.6859753597964632,1.1814028531449354,0.06279211542369435,0.12952067241645426,1.4048542136623436,-0.13299525203427853
995,1.4096039516678727,0.18621193893353327,0.07027000396523733,2.7532471539393266,0.7054370102433909,0.4793609130561466,1.346353193884573,0.06597786549028714,0.3268260854223073,1.343643202271454,-0.0632507577832997
996,1.4066444274466599,0.09991608014920944,0.1056355292214399,2.5473462409641683,0.6553047519485121,0.5147264383123491,1.3928857654344018,0.06802830834252244,0.22654792852068079,1.1407018135175084,-0.01375866201225806
997,1.3753466036638533,0.17480287077577156,0.18920210663624842,2.807124554112078,0.7370659382549706,0.5982930157271577,1.2705385657942205,0.03548170848496457,0.14837888961043158,1.4317779504482246,-0.10480803786963278
998,1.3289313363436597,0.17569864436536423,0.08563950207457881,2.4836222241953685,0.6585877082589819,0.48184727280122097,1.2845311201890235,0.07575961246446514,0.25380809243827046,1.1546908878517088,-0.044400216154636185
999,1.3698615151274187,0.16830947850612443,0.06668312438102154,2.7433705275218365,0.7130086573358004,0.47481615033467806,1.2941488330145257,0.03819875776397518,0.2866987193992844,1.3735090123944178,-0.07571268211289306
1000,1.363895136824095,0.11621273493333059,0.08189211145480405,2.43703579191867,0.6440574448318968,0.4909830205457133,1.3562745085390722,0.05836486951762792,0.2544494669218338,1.073140655094575,-0.007620628285022857
1001,1.3582535748445965,0.15136150954990715,0.20144948817966152,2.6238510578525815,0.6976713172210375,0.6105403972705709,1.2838193970461615,0.01891641191511332,0.11774964858460152,1.265597483007985,-0.07443417779843498
1002,1.3302664586113573,0.18924644622484374,0.049523961122841485,2.622582436167974,0.6836431404188906,0.41178378752958533,1.2677514006988047,0.0627803377585916,0.3634875068211467,1.2923159775566169,-0.06251505791255263
1003,1.3054302013231445,0.18610505883274053,0.2537927963549573,2.5010592307122446,0.672209933511887,0.6628837054458666,1.229827870480511,0.0656034153813824,0.10943731898410643,1.1956290293891,-0.07560233084263346
1004,1.3234800900228971,0.2067610363168047,0.2618450796222992,2.687514843314592,0.7167890779633046,0.6709359887132085,1.2065557092834316,0.06253646403750293,0.08191961590843178,1.364034753291695,-0.11692438073946554
1005,1.3759390536427794,0.2262562172484637,0.14031202172520632,2.8960523903844786,0.7496756585827651,0.5494029308161157,1.2323171376891484,0.05919018564047204,0.26360137301724174,1.5201133367416992,-0.14362191595363094
1006,1.3507671843840692,0.13806771786603153,0.0517690171947946,2.4952997038224334,0.657473258604168,0.4444893023809291,1.3200223823502508,0.04755856033347504,0.2545757618673813,1.1445325194383642,-0.030744802033818353
1007,1.4015237795020776,0.14860028762957733,0.17458498410459564,2.76612528044049,0.7240355446704569,0.5836758931955048,1.3284933582303475,0.08511119191045687,0.19301762309276715,1.3646015009384125,-0.0730304212717301
1008,1.3208871247691638,0.2033899731405826,0.14701232743086115,2.6587189161718383,0.7083513245407875,0.551574610732602,1.2286123781208227,0.04438774655841968,0.2101619277793516,1.3378317914026745,-0.09227474664834112
1009,1.3082142872462375,0.18359798831158278,0.16683016308617882,2.5903468906148146,0.6904805545805867,0.5759210721770882,1.210404045323001,0.027215375586854457,0.1380356082718221,1.2821326033685772,-0.09781024192323651
1010,1.436442443394899,0.1305509433704196,0.022348897131154857,2.7452206023495664,0.7041804773218924,0.4142426121959216,1.412275989828939,0.0847936290761108,0.35264954559145156,1.3087781589546674,-0.024166453565960033
1011,1.3472206110665237,0.1981124624195877,0.3727803758236732,2.758758097534572,0.7301795891141022,0.7818712849145826,1.2135246692983306,0.03799011603857791,0.11559257841558429,1.411537486468048,-0.1336959417681931
1012,1.3845444363173107,0.09247180535063106,0.20942003060660463,2.522026364500467,0.6537191339556563,0.6185109396975139,1.3701343302206745,0.09892503638026505,0.13207168546915687,1.1374819281831563,-0.014410106096636177
1013,1.3229656542812138,0.1689571114736989,0.13132997177187689,2.5337470749623043,0.6750410928453973,0.5404208808627862,1.2535051678151228,0.031760236640189815,0.18022630339911075,1.2107814206810905,-0.06946048646609104
1014,1.3497887394116808,0.3163689718692452,0.21520253668616596,3.0325001945287533,0.7898886107386258,0.577707887826399,1.1496116414930677,0.1284157298555859,0.2261979189300423,1.6827114551170725,-0.20017709791861305
1015,1.297575641413812,0.18400498276563568,0.1375888254127004,2.6167955437837733,0.7128377881234623,0.5242287664446106,1.2109733434142642,0.034531146214110686,0.21382630317305357,1.3192199023699613,-0.08660229799954777
1016,1.4007935484844931,0.1681742743716701,0.18214159590617918,2.7427338696246615,0.7089899060472667,0.5912325049970885,1.3226926912444321,0.034386356452950795,0.20109564717969713,1.3419403211401684,-0.078100857240061
1017,1.3881458306455063,0.06423441576879921,0.01972580980771276,2.378441014279681,0.612045689578913,0.41628669044954253,1.4339572059553958,0.12993518420133884,0.30294757900388036,0.9902951836341747,0.045811375309889435
1018,1.2850688212154298,0.1691468654184092,0.12278079338834288,2.4766562113805266,0.6690379240073872,0.5257164743936171,1.213299964124774,0.03430975325414736,0.13609551589196273,1.1915873901650968,-0.07176885709065584
1019,1.4044424576220176,0.12475788598701032,0.08970676579669394,2.676794434426946,0.6885780256220867,0.4987976748876032,1.3628640417035034,0.06799334291119613,0.2532199037771443,1.2723519768049285,-0.04157841591851419
1020,1.376241359358234,0.11351181196758434,0.0840194588454943,2.4051662332909185,0.629273431011127,0.49311036793640356,1.3767634637463297,0.06785052027098665,0.26626975342542847,1.0289248739326844,0.0005221043880956344
1021,1.378078092157979,0.14214157993882195,0.07209045684765744,2.672162410279765,0.7015862924913641,0.48118136593856675,1.3296836060200024,0.06797678103625374,0.26832280447622336,1.294084318121786,-0.04839448613797659
1022,1.363338864013061,0.14231393027025796,0.1820077311777089,2.687259529566695,0.7081870615217459,0.5910986402686182,1.2949040927865192,0.06143856143856143,0.16631090919438374,1.323920665553634,-0.06843477122654185
1023,1.2996275652125804,0.23706683999481792,0.26349460086060295,2.747839194485262,0.7319597953354698,0.6725855099515121,1.1646757175426325,0.10515992280679552,0.06673294421439452,1.4482116292726817,-0.13495184766994783
1024,1.259929370088857,0.1698238029294152,0.25694911885177374,2.5306721088530795,0.7012371021935175,0.659813125908574,1.1709533712746474,0.05311343195908204,0.06322961807603017,1.2707427387642225,-0.08897599881420959
1025,1.3878217330256852,0.1807610819443348,0.2258984740857755,2.7696567991003076,0.7298736274177897,0.6349893831766849,1.2838796120809097,0.03813391736348529,0.17135476060252997,1.3818350660746224,-0.1039421209447755
1026,1.37895082733142,0.1376264715564247,0.0474645765976734,2.628249420847312,0.6785056015604216,0.4559258562636473,1.3600571757444722,0.06257201991385578,0.3278614475736117,1.249298593515892,-0.01889365158694778
1027,1.3715116650675796,0.11951291236516112,0.12325402747963876,2.4178136812504665,0.6278611850034925,0.5323449365705482,1.3493689703603238,0.07572177249543775,0.17806976842549258,1.0463020161828869,-0.022142694707255828
1028,1.3689564920944735,0.10160442147065847,0.04850849276052177,2.516605977807454,0.6542509194844921,0.457599401851431,1.3611404448981723,0.07624516902578882,0.2734366745476163,1.1476494857129804,-0.007816047196301135
1029,1.3244585275742387,0.15342277392000053,0.11751168139019913,2.4753226875890735,0.6603594406002283,0.5266025904811085,1.290157575316936,0.03865688007053056,0.24135279575126983,1.1508641600148348,-0.034300952257302564
1030,1.3824657827770501,0.16517007554512325,0.14234714806466442,2.6282221952859013,0.6818144952729952,0.5514380571555737,1.319022431826799,0.047704097130012904,0.20599046309907149,1.2457564125088512,-0.06344335095025122
1031,1.3440037626563872,0.12988481262599347,0.1650116455258427,2.3800839151842714,0.6345592289867783,0.574102554616752,1.322657174525717,0.04507250151949287,0.185469783078679,1.0360801525278842,-0.021346588130670252
1032,1.2995204650334213,0.22318387300467782,0.19420319079974074,2.608929535011814,0.702789861409259,0.60329409989065,1.1872958091434902,0.05981327289409897,0.11487439566427521,1.3094090699783925,-0.11222465588993114
1033,1.3168673050129156,0.14074303124961363,0.3660272297497382,2.4654647626450332,0.6585647068576609,0.7751181388406476,1.2516952306327398,0.050544723818381106,0.11781913197810683,1.1485974576321176,-0.0651720743801758
1034,1.3400789447130683,0.21227153880914917,0.1213158338329952,2.7534573070814563,0.729257042018451,0.5272243746670885,1.2258194826769995,0.03632851213496374,0.20698100709970435,1.413378362368388,-0.11425946203606885
1035,1.3460508453930953,0.13433318486537232,0.09551061931431766,2.5771633539957985,0.6784789740754396,0.504601528405227,1.3174699728845947,0.07117903611645955,0.25728320158135143,1.2311125086027033,-0.02858087250850061
1036,1.2989167680878573,0.19339992733685715,0.26514395171531135,2.5542182366393744,0.6932274506392295,0.6742348608062207,1.1980317458294867,0.0364514828291362,0.07492459166516173,1.2553014685515171,-0.1008850222583706
1037,1.300558038143313,0.21967009773738472,0.23875421815070813,2.722879813189262,0.7342579634502593,0.6366730193186332,1.1611551025438094,0.04016753292627542,0.13960476849991,1.422321775045949,-0.13940293559950367
1038,1.412555272730057,0.1509566041967969,0.07286038774545776,2.7676845518118283,0.7160975873669222,0.481951296836367,1.3644077102368177,0.0777268985111088,0.3119331891444839,1.3551292790817713,-0.04814756249323926
1039,1.2785058816110124,0.20178517801116141,0.14334493419452168,2.48301693933858,0.6758371545124535,0.5444213629755242,1.2032639156397398,0.08662737577686522,0.21573983791147744,1.2045110577275675,-0.07524196597127264
1040,1.374956607655534,0.12606841640242278,0.09397750575541004,2.530141965639613,0.6613070128453965,0.5030684148463194,1.3617614968800553,0.08643479970232665,0.2534670272834371,1.1551853579840792,-0.013195110775478636
1041,1.3356852778162576,0.24166307857876235,0.12241365876657984,2.789110701476814,0.7302836365803265,0.5194041089558558,1.2037919766221787,0.0817484832239893,0.24295433231043914,1.4534254236605564,-0.13189330119407883
1042,1.2893589360351208,0.1711265170939875,0.1299505212923059,2.478591780713296,0.6685243642126321,0.5390414303832152,1.2150383318047449,0.020979897398191946,0.18138973674099465,1.1892328446781752,-0.0743206042303759
1043,1.2999015123382418,0.1569808371606528,0.08644713329848079,2.408245833627065,0.6412792445001795,0.47241951719361447,1.248576229210394,0.03758391935773053,0.1752421103168919,1.1083443212888233,-0.0513252831278479
1044,1.359006164903724,0.16278891193014194,0.12726748765133927,2.658564505123038,0.6956983666571657,0.5363583967422485,1.2909862497013886,0.05153299308079828,0.2152440489365679,1.2995583402193143,-0.0680199152023353
1045,1.2926817663801584,0.21785694838899805,0.17767067070139986,2.697981699495868,0.725851309859225,0.5734992493050485,1.1662979649636356,0.045230602075605975,0.12047440843072471,1.4052999331157094,-0.12638380141652283
1046,1.3716876279401224,0.12725015959922203,0.18930892257272908,2.480886406009544,0.6419031936959717,0.5983998316636383,1.345688172836919,0.055513203214695786,0.19669296570552186,1.1091987780694217,-0.02599945510320345
1047,1.3664756588187301,0.12740944314099123,0.07291866216018393,2.550469554156582,0.6668568414103233,0.47757928066453526,1.3334508119666366,0.053472049496331345,0.22945797397995726,1.183993895337852,-0.0330248468520935
1048,1.320344692056382,0.1528453043576421,0.18188987436518217,2.5710306914592156,0.6901013201917675,0.5901055639597912,1.2487403161862023,0.03360980887125856,0.09288879460608442,1.2506859994028336,-0.07160437587017965
1049,1.3569548396309452,0.11875570087838508,0.14726855276974893,2.536540563195577,0.6634171377453286,0.5563594618606582,1.3141904598462189,0.05906635802469137,0.1371059176979435,1.1795857235646316,-0.04276437978472636
1050,1.376129622902188,0.1615715259904438,0.07598001472733051,2.652034191623562,0.6958016743431142,0.4847641108251206,1.316736767659671,0.03608910394025312,0.25109799772951386,1.275904568721374,-0.05939285524251692
1051,1.3636752492194106,0.23956497686280476,0.2127425594781132,2.842221363319005,0.7457896955034709,0.6218334685690226,1.2103128290113285,0.029349309307063955,0.13110511320572746,1.4785461140995944,-0.1533624202080821
1052,1.3097961050904505,0.14575434508301793,0.14765899710252584,2.547499271139874,0.6846789097109127,0.5567499061934351,1.2478038403818585,0.033879497874548484,0.15160943507785812,1.2377031660494233,-0.06199226470859198
1053,1.3950658977384118,0.17929762879424027,0.22741229952452846,2.797479500128271,0.7271839075554007,0.6365032086154377,1.2905501940608257,0.049187935034802815,0.1704453476659536,1.402413602389859,-0.10451570367758611
1054,1.3648675288811813,0.20670406317063816,0.1822763731128652,2.776007878776104,0.737066641658814,0.5913672822037745,1.2514214411158004,0.027729686213852193,0.21006483775190027,1.4111403498949229,-0.1134460877653809
1055,1.257028507702676,0.18017326422762958,0.27738103814768045,2.4360728731564687,0.6671967790100974,0.6864719472385896,1.164032088558386,0.022090386542213784,0.031107296702146583,1.1790443654537928,-0.09299641914429002
1056,1.2978845233864762,0.17696334772429387,0.14276355574490118,2.4378223782829087,0.6639098459768287,0.541892906150294,1.2370686167623988,0.04948402113864995,0.15444072176968676,1.1399378548964325,-0.06081590662407743
1057,1.2809098448179612,0.21136906746515266,0.2122500636957447,2.6688036778203355,0.7211980662273372,0.621340972786654,1.1586153131964672,0.052112311145824056,0.08682917738289503,1.3878938330023742,-0.12229453162149406
1058,1.3091197858271535,0.21264024965699105,0.15477859166747507,2.585087043428581,0.6897308662769331,0.561515660100198,1.2103431216677012,0.050628019323671516,0.1523274369788622,1.2759672576014274,-0.0987766641594523
1059,1.3128869034594248,0.22826750740640606,0.3397984757192221,2.808575527782054,0.758425893601814,0.7488893848101315,1.1546827745095656,0.0491762260374163,0.06267676949066328,1.495688624322629,-0.15820412894985925
1060,1.3538693707531868,0.17620293880543708,0.14837393815296207,2.679308543059298,0.7124369711374814,0.5574648472438714,1.26577370843248,0.03219218324936016,0.17298332759013946,1.3254391723061114,-0.08809566232070676
1061,1.3688114854428939,0.18508145979791582,0.1381665240056399,2.6619874141693685,0.6936858803051136,0.5461843131559317,1.2888678091272774,0.02825494533679589,0.19592322043806526,1.2931759287264746,-0.0799436763156165
1062,1.2925973470263479,0.18420414692429124,0.1309892010006486,2.504132602411152,0.6738357502140085,0.5301005557533742,1.2204436820264761,0.04167706595557427,0.18865275708965065,1.211535255384804,-0.07215366499987175
1063,1.2893586486126747,0.2119915578383006,0.24345566856731085,2.5422287035425266,0.6898659642570124,0.6525465776582202,1.1870482459839076,0.04833530746507213,0.10044854691091182,1.252870054929852,-0.10231040262876712
1064,1.3437400810940878,0.15259036538203288,0.13990664082393184,2.426881631300221,0.6361190214637851,0.5489975499148412,1.3103666269275944,0.03808930409268535,0.20689134437305767,1.083141550206133,-0.0333734541664934
1065,1.3658198251616946,0.18477618457746542,0.1386583254105452,2.745316539747417,0.7280206666279149,0.5439524215269049,1.28349940730862,0.041706539074960115,0.27227949867610945,1.3794967145857222,-0.08232041785307453
1066,1.2906067437860314,0.22425035825844705,0.24400312983120967,2.6323583743507144,0.7190611681032967,0.6530940389221189,1.1607544694204157,0.050406863452655874,0.11536069406323195,1.341751630564683,-0.12985227436561564
1067,1.3473447816170274,0.25847933856524735,0.26218208062987697,2.843279694874549,0.7417127938161341,0.6712729897207863,1.1858825059892042,0.08354609929078019,0.10706231825544864,1.4959349132575215,-0.16146227562782323
1068,1.4255314690456546,0.19885727245071066,0.20890712300994704,2.883629597867718,0.7396872746510719,0.6179980321008562,1.3079907508986928,0.03018867924528302,0.21330937633561164,1.4580981288220634,-0.11754071814696188
1069,1.2899380128964526,0.22444647172992946,0.2579400829646795,2.6150961358560627,0.7090253418250994,0.6670309920555888,1.1625548064288682,0.03334097596392681,0.07085741549187184,1.32515812295961,-0.1273832064675844
1070,1.3491514184930615,0.18010990886491918,0.13491493710303776,2.5833573147987337,0.6827632069335863,0.5440058461939472,1.270484873740402,0.02506364990152276,0.16501208659314093,1.2342058963056721,-0.07866654475265955
1071,1.320408783005241,0.1628521206245555,0.1245789275253123,2.4208401224196927,0.640432545091937,0.520837287915398,1.2667245391470623,0.03113194347278577,0.14359863441784193,1.1004313394144518,-0.053684243858178604
1072,1.335055005357743,0.24643375413679736,0.25676479708457695,2.7705114914680102,0.7351408832613009,0.6658557061754862,1.1875187914565262,0.0573473664745585,0.07904107392388293,1.4354564861102672,-0.14753621390121685
1073,1.3705886536053709,0.14227185889659866,0.1136279582207009,2.576271080162094,0.6752983809344539,0.520256712815492,1.3516031386259426,0.07348790825230622,0.27791396552197284,1.2056824265567232,-0.018985514979428242
1074,1.2757367092045937,0.21929307406112586,0.2410505166808393,2.5424657670215476,0.6960111866053766,0.6405328082569693,1.1771416247918856,0.07933673303877868,0.06719315838350798,1.2667290578169539,-0.09859508441270814
1075,1.386724565685276,0.14080539290308336,0.05335686771091543,2.6530592036014298,0.6848629632985563,0.46013068205438856,1.3473468367462784,0.05688702779757661,0.30204717538223474,1.2663346379161537,-0.0393777289389976
1076,1.2980639177966584,0.19397225859517958,0.11238180074843748,2.5661225037212403,0.6890711378756978,0.5098870382716411,1.2146506478003045,0.04131632525865291,0.2087604434798943,1.2680585859245819,-0.0834132699963539
1077,1.3485504104076051,0.19971328200556232,0.20205024346935613,2.7622159008948275,0.744101809570909,0.6023711890020496,1.2145681137183177,0.024478935361794057,0.12447609711831761,1.4136654904872223,-0.1339822966892874
1078,1.2966669054529198,0.1457183628530582,0.17238806281334956,2.476758064503717,0.6687847948094113,0.5814789719042588,1.2351305893470212,0.019420094081370104,0.10559736046288105,1.180091159050797,-0.0615363161058986
1079,1.3540893750073888,0.15182481544706608,0.049438246453258124,2.5372859848769056,0.6725564941672317,0.4466745485055511,1.3171573310073126,0.05293998103238043,0.28720069120851177,1.1831966098695168,-0.036932044000076214
1080,1.370473457866579,0.12900361146821457,0.21877806460028237,2.6041647081623025,0.6835558510401905,0.6278689736911917,1.3132039466156804,0.042318456326410334,0.13003635427590401,1.2336912502957236,-0.05726951125089852
1081,1.319371197081833,0.26500436743429534,0.24585202077140886,2.803429008743702,0.7459440463730045,0.6549429298623182,1.1562728274504983,0.07809224318658282,0.14901754757083283,1.4840578116618692,-0.16309836963133462
1082,1.318167394539206,0.1513055484714695,0.14177148111150545,2.418698502533619,0.6473817561376534,0.5504664440208678,1.2743852810418816,0.03921988244022145,0.14450762772386053,1.1005311079944131,-0.043782113497324415
1083,1.347057937287929,0.1233789859738803,0.0390812642476537,2.4572609692358585,0.6434410254708534,0.4384921700636263,1.3390270627755576,0.06938658210673865,0.2778720268147814,1.1102030319479295,-0.008030874512371389
1084,1.2685588814783815,0.21545402528261176,0.28159941124637855,2.5901665404666447,0.7118721035090998,0.690690320337288,1.1584163733318622,0.06712346358466337,0.04981516064821312,1.3216076589882633,-0.11014250814651927
1085,1.329124262447463,0.20068230707925,0.2230340189394734,2.654996477615246,0.7095673488869803,0.6321249280303827,1.2324084523323597,0.0670294728859194,0.12904610725799076,1.325872215167783,-0.09671581011510333
1086,1.2983241461181243,0.17435823773146863,0.3497006525384582,2.5214608251569963,0.6872875266160412,0.7587915616293676,1.2071782727842661,0.02969990863729005,0.10604683332849713,1.223136679038872,-0.09114587333385815
1087,1.3747083874644819,0.1694456485573333,0.19493397105987484,2.780017390114649,0.7319575769706264,0.6040248801507841,1.2761362395834146,0.04755599630929286,0.1800547248904758,1.4053090026501671,-0.09857214788106727
1088,1.3440227957718092,0.1806768529707236,0.19855133050940127,2.6698017146476443,0.7013532414466024,0.6076422396003105,1.2538930982243728,0.04117147707979628,0.13363279025462005,1.325778918875835,-0.09012969754743638
1089,1.4223512721559406,0.17737022652763657,0.06615646894458323,2.8106861100223774,0.716835805578224,0.47524737803549255,1.3417854884118143,0.062215603002928783,0.29717930454150987,1.3883348378664369,-0.08056578374412626
1090,1.3576923973384543,0.13990850856616463,0.06844117020356999,2.4948416440414887,0.657772553544197,0.4724555545205562,1.3268488105518672,0.038525463456211426,0.2406875551396882,1.1371492467030344,-0.03084358678658705
1091,1.2557949977137937,0.20838951415226364,0.13193183542738363,2.49349099398286,0.6902859296368407,0.4861841911332182,1.1769807698879997,0.09740422784446887,0.253442495378282,1.2376959962690663,-0.07881422782579395
1092,1.3934735663439581,0.23865668310668575,0.17687193379143779,2.802324990183628,0.7182787560114371,0.5836190989925503,1.2693614377830118,0.06648772331250548,0.21353786022935356,1.4088514238396699,-0.12411212856094633
1093,1.2806437113208775,0.21618723136546392,0.2507098681334001,2.596091927119856,0.7099707302835574,0.6581730389804605,1.162693216581456,0.058539985975244874,0.028272585115578112,1.3154482157989784,-0.11795049473942143
1094,1.2789923764821038,0.22736309325414655,0.21841307923564293,2.5889641446072913,0.70516135237507,0.625499127560746,1.1590174255690608,0.06683139919692893,0.09951224686846355,1.3099717681251875,-0.119974950913043
1095,1.2881236399046856,0.1783416031300863,0.14895128176729544,2.515604501888161,0.6796805283691365,0.5555506417741547,1.2041748061140511,0.03523766681661414,0.10617343659889643,1.2274808619834754,-0.08394883379063445
1096,1.280447326509658,0.2004541294200866,0.22002634556362885,2.6247579736281743,0.7102866868990363,0.6211955122552961,1.168930830191278,0.05237797947782098,0.06386226545627559,1.3443106471185162,-0.11151649631838012
1097,1.3359662202902856,0.16588186800894217,0.15681209492962894,2.509120845875432,0.661241228653652,0.5659030040205382,1.2802734947341405,0.06516848213376764,0.15415508996986255,1.1731546255851466,-0.05569272555614502
1098,1.2814720107214759,0.24046005765220638,0.2512672983995737,2.748779748019067,0.7447193392711171,0.6464552642213333,1.1305633870509078,0.0739651629317937,0.1296925656478784,1.4673077372975911,-0.15090862367056812
1099,1.2839304387200083,0.18990957643822032,0.2035909747618596,2.547540506160871,0.6959048130812853,0.6090343898388785,1.1898522959832745,0.037892512077294674,0.09866064520785836,1.2636100674408628,-0.09407814273673387
1100,1.3239231717439923,0.1234296451139692,0.16779685914031744,2.427616317670038,0.6558463359356679,0.5768877682312268,1.2850632738654528,0.04812566493522753,0.15242091171643846,1.1036931459260455,-0.038859897878539496
1101,1.3328091417829033,0.14298168892120142,0.15411487689798767,2.578845125976824,0.6956168006149268,0.5632057859888969,1.264537197139287,0.04094481379384897,0.16933945689213747,1.2460359841939206,-0.06827194464361641
1102,1.3617394667400657,0.15288458733884885,0.15718464819692454,2.5344014809432327,0.6597435119058244,0.5662755572878337,1.3187248299020933,0.07083487372100966,0.18135214967797503,1.172662014203167,-0.043014636837972464
1103,1.2608617875262849,0.1620269848781699,0.1747577965638003,2.3409314524708833,0.631963229291935,0.5838487056547095,1.2029612199176052,0.047642450778899774,0.03706881541812368,1.0800696649445984,-0.057900567608679676
1104,1.3827371545422589,0.0852631415159579,0.02872401743855292,2.2589725089700785,0.5702625328072819,0.42612407320181445,1.4268480907642207,0.08798898270586844,0.2949739046576807,0.8762353544278196,0.04411093622196183
1105,1.3031586714585877,0.1476153759911019,0.19362700662976434,2.4401789421353466,0.6555156257400931,0.6027179157206737,1.2441257090620792,0.021600886874454276,0.06151965695578343,1.137020270676759,-0.05903296239650846
1106,1.3925463068170714,0.1056143744223069,0.045442424229290075,2.5069157266658344,0.6451011630509362,0.4538813236988719,1.380100292865754,0.06863327674023767,0.25076326748561184,1.114369419848763,-0.012446013951317392
1107,1.33879624522134,0.1794584541778199,0.06776989110380989,2.7118897389267835,0.709847279457655,0.47203266154860696,1.2553324726212545,0.04409950420846301,0.30122969679291767,1.3730934937054435,-0.08346377260008553
1108,1.3707205830222096,0.21669653836538982,0.1637525423673551,2.788529529748809,0.7241912868664164,0.5728434514582643,1.2736833487480084,0.07729146609395446,0.23855529069517295,1.4178089467265993,-0.09703723427420119
1109,1.3699154536767777,0.10005416774853998,0.09589599265928372,2.4229184722853034,0.6300422242249138,0.504986901750193,1.3731392854457187,0.09232015236874662,0.22612257396031898,1.0530030186085257,0.0032238317689410323
1110,1.3027730668035937,0.24440904556794513,0.3119188204181452,2.806103229548561,0.7563171446324051,0.7201903567947803,1.138046619981607,0.06708575112830428,0.07472487381485746,1.5033301627449671,-0.16472644682198667
1111,1.3651536420071289,0.12785458214401765,0.14719279380990968,2.5313274357452267,0.6583825480491694,0.556283702900819,1.3149776055613884,0.029526996015618225,0.11947897166256612,1.1661737937380978,-0.050176036445740424
1112,1.316576129429018,0.2274278022753305,0.16719486948235934,2.756759358122804,0.7316194580807522,0.5587184069415172,1.1851360827667583,0.060356940397438635,0.20683597330082476,1.4401832286937861,-0.1314400466622596
1113,1.3490553701656198,0.19683794146075212,0.21915746488435625,2.6479420846622403,0.7055459283486805,0.6282483739752656,1.2537281928687096,0.05458404735940179,0.09076593076028931,1.2988867144966205,-0.0953271772969102
1114,1.286788245190985,0.21152762903238972,0.29356520610322945,2.5635661464951243,0.6953935614750318,0.7026561151941387,1.1753387967872981,0.042361160618806584,0.04544158099949695,1.2767779013041394,-0.11144944840368676
1115,1.2853387387648607,0.1429572123572727,0.2329286186024319,2.4083652101084887,0.6450952148923721,0.6420195276933411,1.233105488693241,0.04397272045782828,0.09278063312660463,1.123026471343628,-0.05223325007161961
1116,1.2652771725547705,0.22069247346113513,0.12365176513974979,2.4542346378129976,0.6737949463113024,0.49799517679223465,1.1934235716566919,0.12809267633452878,0.2142972893781852,1.188957465258227,-0.07185360089807857
1117,1.360410143025885,0.129851487100886,0.0515004100281983,2.44354681492944,0.6347764391549626,0.44968566595182763,1.3327272654759181,0.058062357541665804,0.24256077347161026,1.083136671903555,-0.0276828775499669
1118,1.3321179456355146,0.14814188785307913,0.16686628090956276,2.49047421462798,0.6614153495099877,0.5759571900004721,1.2867095339713388,0.038064109766270046,0.17282144935376687,1.1583562689924656,-0.04540841166417575
1119,1.3576181196449255,0.21552357420117663,0.24875960424780197,2.7591717712786092,0.7246800668484541,0.6578505133387111,1.2291299955498025,0.02423887654370101,0.11098440584637394,1.4015536516336837,-0.128488124095123
1120,1.372154345051246,0.12533874473083642,0.04589186591195085,2.4971910438170175,0.6529011497937307,0.44423657172054365,1.3487794762783212,0.057874550582946424,0.24814465706596064,1.1250366987657716,-0.023374868772924717
1121,1.257928907934291,0.2085457563976667,0.1308359393772318,2.448121629625115,0.6706362487018418,0.5060447335458436,1.1738913271659253,0.08292622612273462,0.20963191948192905,1.1901927216908241,-0.08403758076836576
1122,1.3237018387169588,0.2051134161906955,0.17520407138641172,2.6619956139541694,0.7118667221884012,0.584294980477321,1.2128729953341635,0.019290162240652293,0.1329983987462779,1.3382937752372106,-0.1108288433827953
1123,1.2437849643598644,0.16722185895004563,0.1999104577631795,2.4446375176222213,0.6785400562512136,0.6015882951796296,1.1616542675984443,0.028044621878443882,0.07397464576930084,1.2008525532623568,-0.08213069676142015
1124,1.3908218073335785,0.17806119529778086,0.14807990229462442,2.715976848104351,0.7040758678698615,0.5571708113855336,1.3165245459414252,0.05699860056403662,0.22930929624271934,1.3251550407707726,-0.07429726139215331
1125,1.3664542041310082,0.11116652016872064,0.09702596234827886,2.4941715409651675,0.6646176604632288,0.5061168714391882,1.3723782531301727,0.08463949843260189,0.2867601073581105,1.1277173368341593,0.005924048999164544
1126,1.2753909226223419,0.18428890049677885,0.2781903456314798,2.499461033792878,0.6905973158609218,0.6872812547223892,1.1826952505858503,0.026169107227208315,0.0937832972102574,1.224070111170536,-0.09269567203649154
1127,1.2867029939623285,0.21170031906768658,0.17712803961352802,2.542062439204879,0.6861872827142048,0.5846722146886674,1.1912234793919065,0.08110182500426402,0.08301060696159554,1.2553594452425507,-0.09547951457042192
1128,1.2474587653601148,0.19608464223404595,0.2435867985186109,2.430490884753958,0.66924186029099,0.6468086690453319,1.1574449878769888,0.07300248569908926,0.07586879929787685,1.1830321193938431,-0.090013777483126
1129,1.345422502086103,0.16100993557174775,0.15225135314787436,2.6865735551174836,0.7069378999286371,0.5613422622387836,1.2653579749596666,0.04184970728722384,0.20810043645750392,1.3411510530313806,-0.08006452712643641
1130,1.4168622050769497,0.17609911287325686,0.05177539253340322,2.785658346368867,0.7108956589279822,0.45663578817222994,1.3454412261463917,0.05096733424071555,0.30380637329510257,1.3687961412919174,-0.07142097893055799
1131,1.3685080031319719,0.2512823200025627,0.16283969699219514,2.949440490890088,0.7637891445911549,0.5719306060831044,1.2096513128346027,0.08423873587446867,0.24718481290601219,1.5809324877581163,-0.15885669029736915
1132,1.3924013556592794,0.13715638243503805,0.10476992775889367,2.6240201325279435,0.6748132939892337,0.513860836849803,1.3466965343897859,0.05748687109363023,0.22033265046414624,1.2316187768686642,-0.04570482126949349
1133,1.3510854137155714,0.12000321963452644,0.1361806912925949,2.5372460244560915,0.6743397148880406,0.5452716003835043,1.3101540647072416,0.04154589371980674,0.19044166449449662,1.18616061074052,-0.04093134900832984
1134,1.4308771397728135,0.12389027947021389,0.09767511519268865,2.6532881580714385,0.6831003963241773,0.5067660242835978,1.415873937050798,0.0941521244624504,0.27727218171539814,1.222411018298625,-0.015003202722015496
1135,1.373507650953331,0.1446340235922115,0.06636225248698846,2.6397861547101305,0.6829467389944659,0.47348781013560537,1.3375281381508604,0.049333785701067195,0.31346094383875817,1.2662785037567994,-0.03597951280247069
1136,1.2879618786380795,0.17631291612449826,0.2315318959441216,2.321200972580706,0.6217655964601547,0.6406228050350309,1.2284347980295793,0.060883340726189714,0.03594338730611148,1.0332390939426264,-0.059527080608500205
1137,1.2902237437352142,0.19201632437263613,0.22417560499281075,2.511626414796234,0.679639324251029,0.6332665140837201,1.2051587762466665,0.04089818873542301,0.12555506750765227,1.2214026710610197,-0.08506496748854775
1138,1.3780324577997423,0.20550957740299458,0.2157731582705376,2.78847105340468,0.7285807794785836,0.624864067361447,1.2598133299343366,0.038127413127413134,0.11771188641097516,1.410438595604938,-0.11821912786540567
1139,1.3612807447755557,0.15265699681688813,0.2443171791459005,2.5977160805906796,0.676089358339153,0.6534080882368098,1.2811037122074374,0.026254733293934813,0.09605018973536489,1.2364353358151239,-0.08017703256811837
1140,1.3170895082545528,0.2250086595434141,0.3126567227576928,2.752096618022901,0.7391108257742338,0.721747631848602,1.1716515209461285,0.04885554594450728,0.01926973817595247,1.4350071097683483,-0.1454379873084244
1141,1.3717121315834926,0.134647094998243,0.2357558912047528,2.607208609432754,0.6878182963111052,0.644846800295662,1.3088720275412726,0.02859860751295337,0.1582868863907826,1.2354964778492614,-0.06284010404221996
1142,1.348596036421796,0.16445395215445271,0.19299146964746394,2.678457036246644,0.7070128463127383,0.6020823787383731,1.2641815259008826,0.01564260767404873,0.1386410330290524,1.3298609998248483,-0.08441451052091331
1143,1.3715312290035384,0.1709324387726823,0.061771435372964624,2.710592567905545,0.70843912147427,0.4668779735080536,1.3016671598043221,0.053130081300813044,0.29389336677017835,1.3390613389020065,-0.06986406919921628
1144,1.370097838476845,0.1514320007343373,0.029668150921073055,2.3968498359479025,0.6185597257965085,0.40127450639434215,1.3713586247675358,0.06065797899036049,0.3527295035750563,1.0267519974710575,0.0012607862906908185
1145,1.320533934931347,0.1737357105024925,0.3409420014597645,2.5851041741572147,0.7108204013424273,0.7500329105506738,1.2180703063866112,0.03308359470624238,0.04916931435165586,1.2645702392258678,-0.10246362854473579
1146,1.3640416973820781,0.17543659560741257,0.12962750409460724,2.6575600034330717,0.6946409857126139,0.5387184131855165,1.2859394269043758,0.02233355638293614,0.20708443047375658,1.2935183060509936,-0.07810227047770235
1147,1.3781917710849134,0.13171114878486265,0.07392858866860055,2.538597024267076,0.6575106972876464,0.47818594350279975,1.3514871147591703,0.07675753228120519,0.24461915277581617,1.1604052531821627,-0.026704656325743148
1148,1.377919436845484,0.19465924702146442,0.1332160618214142,2.7661433306481467,0.7231624387643778,0.5423069709123234,1.2851190349330281,0.0362223219454255,0.26301408072945326,1.3882238938026628,-0.09280040191245575
1149,1.3609695596371552,0.13363627766144903,0.14985984178496006,2.559196318555015,0.6632511697440806,0.5589507508758693,1.3224982419677274,0.06960093659796934,0.2219314486914628,1.1982267589178597,-0.038471317669427796
1150,1.3723090070311692,0.18564763698402692,0.23690769700913356,2.8026474805945014,0.7339566576276441,0.6459986061000429,1.2507929521747452,0.014475627094314457,0.12639996482442414,1.4303384735633322,-0.12151605485642403
1151,1.320791058864503,0.14072756076251813,0.13329140910387738,2.35540532231129,0.6323444647285715,0.5388538860599008,1.2967110988740678,0.048582385899016756,0.1898435228645469,1.0346142634467868,-0.02407995999043533
1152,1.2559348954803524,0.15844538153607607,0.21319619384214855,2.359279006743704,0.6458369388666507,0.6222871029330578,1.1926514228623206,0.025270525592579873,0.050490526182062526,1.1033441112633517,-0.0632834726180318
1153,1.324900612055073,0.1435486822358088,0.13502700752881092,2.4147981278191044,0.6433749827833882,0.5441179166197201,1.285015055526364,0.050298273155416004,0.15903277040998318,1.0898975157640314,-0.039885556528709065
1154,1.3398181365426631,0.1299764472099047,0.06873556800494489,2.473477125233703,0.6428965699700985,0.47191208961448927,1.3014454493277001,0.037268278454757574,0.19832019707884907,1.1336589886910398,-0.03837268721496301
1155,1.3036884828583366,0.13992983978934037,0.2366213275644142,2.529896067308157,0.6838527479756709,0.6457122366553235,1.2303672735869864,0.02995537281251567,0.03869582697396941,1.2262075844498206,-0.07332120927135022
1156,1.364637889455965,0.13850471973244838,0.11990688192259556,2.5207711376130413,0.6614172598359451,0.5289977910135049,1.3249650260026962,0.031220009596928954,0.2259955982460797,1.1561332481570763,-0.039672863453268814
1157,1.3093099881288934,0.16304669383332776,0.17097379903591967,2.4923011544024094,0.6721104018515727,0.5800647081268289,1.2447000368083694,0.059020154997751754,0.13141254904357708,1.182991166273516,-0.06460995132052405
1158,1.3192023032241442,0.21950392327905022,0.125945688473865,2.693245723465172,0.7108084485900861,0.525828790848563,1.2181612202244985,0.06138288832907237,0.26421872473187324,1.3740434202410277,-0.10104108299964576
1159,1.4071779613990612,0.12072265540795148,0.07843547242625287,2.5821374247292628,0.6641078841206072,0.48752638151716216,1.3834992336611713,0.08231190035987918,0.2411487909050959,1.1749594633302016,-0.023678727737889815
1160,1.425830918235635,0.09785802112743877,0.025878635286067805,2.5691366609999395,0.6612750214080751,0.4270086804964725,1.4633894420725593,0.11619047619047619,0.35898316512102335,1.1433057427643045,0.03755852383692426
1161,1.2586884148017807,0.1674879327339878,0.28194437262763994,2.469497524456937,0.674355187748412,0.6750167347190064,1.1744949863674763,0.012359227488378782,0.07006439382377375,1.2108091096551563,-0.08419342843430444
1162,1.294571132175193,0.1960206157754146,0.13807484729358624,2.4330931611381383,0.6642329354121279,0.5426030474024636,1.2280478208189098,0.08698995792649039,0.18045248509219314,1.1385220289629454,-0.06652331135628309
1163,1.3731605850064559,0.1568405631794026,0.11090145451303474,2.6690342644384013,0.6973661496928922,0.5199923636039441,1.3031158849794684,0.033053266584465835,0.19130417354695334,1.2958736794319454,-0.07004470002698748
1164,1.33064537506591,0.09950137973902354,0.1090928477023934,2.384028908065549,0.6286965730504832,0.5181837567933028,1.3135855084730585,0.05723523107905924,0.1245248963869281,1.0533835329996388,-0.017059866592851414
1165,1.2542789704239379,0.12888722312469147,0.17763173661219747,2.2450857443365235,0.6081383132045519,0.558510581101968,1.2162482210258594,0.023210612916495243,0.0829775443539297,0.9908067739125856,-0.03803074939807849
1166,1.2579419304753192,0.13699125478168717,0.1280970406056436,2.4398811052706524,0.6695706394412837,0.5211408949419927,1.2120418073347197,0.04050963359977823,0.15509132911801365,1.1819391747953332,-0.04590012314059955
1167,1.3169221845380508,0.20364473443073972,0.1325598493241225,2.6668570939979226,0.7081180490875448,0.5293365350052921,1.207565418943303,0.016966345361674105,0.17897791518598816,1.3499349094598718,-0.10935676559474783
1168,1.33444667868513,0.11867349519701068,0.07128219383533291,2.2806423789660917,0.5938272041865653,0.48037310292624213,1.3218184588392972,0.04573375913582099,0.19260506102500902,0.9461957002809618,-0.012628219845832733
1169,1.300200441233533,0.1540669470628505,0.08801825163324473,2.395362591884599,0.6363989955164013,0.497109160724154,1.2502557515657298,0.025766758032204237,0.22017736827770934,1.095162150651066,-0.0499446896678033
1170,1.313145554535226,0.2168963438376592,0.1634368477224871,2.675816456432012,0.720358170176806,0.5633805284385534,1.1977288371230284,0.046910796105383734,0.1409434095233073,1.362670901896786,-0.11541671741219761
1171,1.2671560857428483,0.18061111212660438,0.2845428509884804,2.2887689828969577,0.6317972655201223,0.6936337600793898,1.2105989531591113,0.07511644504545113,0.0397089798055881,1.0216128971541094,-0.05655713258373707
1172,1.3079612688587008,0.14238662061983368,0.11721492819470723,2.403984333512873,0.642444455413299,0.5263058372856164,1.26989496633455,0.02997394762100646,0.21103319225102468,1.0960230646541724,-0.038066302524150775
1173,1.3145508245626747,0.22857317570171176,0.25969661043701076,2.544709753259108,0.6824186298070629,0.66878751952792,1.2119012145588703,0.08432194570808435,0.11498731933440738,1.2301589286964334,-0.10264961000380435
1174,1.4271753170330372,0.19389765397135833,0.06773537252845968,2.9145734641838072,0.7440081354681027,0.476826281619369,1.3203403355709755,0.03766362786348765,0.31423040301597677,1.48739814715077,-0.10683498146206172
1175,1.2958613999863924,0.20565289346458482,0.1405017691465138,2.6931853044517964,0.7233729657967196,0.5264161176887067,1.1813660468952536,0.045169300983254446,0.1995104736524009,1.397323904465404,-0.11449535309113879
1176,1.396808119402331,0.18636193866219009,0.20101596177144643,2.8161186075367746,0.7308852393539446,0.6101068708623558,1.2946971492341746,0.055171074038998576,0.2273884552202044,1.4193104881344436,-0.1021109701681564
1177,1.290552890620037,0.21950225301600781,0.21850871428918442,2.5716473213669255,0.7001665390038747,0.6275996233800938,1.1813496328515107,0.0527694455579669,0.11908943560931425,1.2810944307468886,-0.10920325776852624
1178,1.291670244232793,0.1784471812169491,0.1911907446416936,2.322542261544418,0.6225669203662014,0.6002816537326029,1.227253180826402,0.054814589425878024,0.061934698799562704,1.030872017311625,-0.06441706340639097
1179,1.2831981939628248,0.21254228559908492,0.2295880952404793,2.459336026253717,0.6649924133162681,0.6386790043313886,1.1874211145973765,0.0637439751137155,0.041251045510236256,1.1761378322908922,-0.09577707936544821
1180,1.284960659526282,0.1806897998801306,0.2587333930345044,2.3996084685234726,0.6491028235422991,0.6678243021254137,1.2118223458870239,0.04661136107986499,0.07132485535834314,1.1146478089971907,-0.07313831363925805
1181,1.2957013705461815,0.2101081726876566,0.10517101011350083,2.619042141231031,0.6977517386958483,0.49066037906935595,1.1911539910817979,0.05437800814513147,0.20357864083482874,1.3233407706848497,-0.10454737946438364
1182,1.3334822814194784,0.13088826514251398,0.09687760360639014,2.473610931109195,0.6551002975972371,0.504882445714719,1.3170523931493845,0.05901180327122488,0.2686929376907438,1.1401286496897165,-0.01642988827009395
1183,1.3109565205305336,0.1871157231038431,0.12713057826611132,2.442346407776227,0.6515454910129708,0.527064668890654,1.2417593646499072,0.048830228222734265,0.12444351223175171,1.1313898872456936,-0.06919715588062636
1184,1.3293576059879222,0.2089237851070837,0.096039831329294,2.69398309480677,0.7085915611700848,0.4872021526530562,1.2384582750002284,0.061502903117452296,0.2783701565362733,1.3646254888188476,-0.09089933098769376
1185,1.4422965280718627,0.13939929845393922,0.09638752869578385,2.7974403007033506,0.7229113395935579,0.5054784377866931,1.4032433309119834,0.09775457156006717,0.3122392930427603,1.3551437726314879,-0.039053197159879316
1186,1.3283183615980119,0.1703168965769366,0.2056022523458238,2.6416807802932207,0.6963127704916521,0.614693161436733,1.2340847573676221,0.023930545418569853,0.12492804760696366,1.3133624186952089,-0.09423360423038973
1187,1.376775093867165,0.10956366396290451,0.04212656724607409,2.4193050677602086,0.6306170765188819,0.44040108368350533,1.372947568725916,0.05225753013869242,0.2604568923547168,1.0425299738930436,-0.0038275251412489553
1188,1.3741588432730818,0.10016942666172243,0.09154190655687168,2.4947888970119747,0.6459061241903287,0.5006328156477811,1.3595684892108404,0.0711275561862542,0.232955785446033,1.120630053738893,-0.014590354062241406
1189,1.373417017274432,0.13224353502401498,0.14852361404192163,2.603489750733993,0.6834836530289146,0.5576145231328309,1.3217530204552426,0.042378306896817104,0.21062976079789386,1.230072733459561,-0.05166399681918943
1190,1.3619448679127244,0.22722920807740865,0.21319592262056944,2.845356245404759,0.748234954996889,0.6183839307974781,1.2296547872740464,0.06374396135265702,0.18391810982323492,1.4834113774920346,-0.13229008063867798
1191,1.319288665405566,0.30045974960944466,0.25757232835761174,2.9639093901024727,0.7833932371131197,0.664844964997416,1.0943324854130179,0.06447145714725341,0.13298953501267213,1.6446207246969067,-0.22495617999254813
1192,1.3477217339654755,0.13034566528738112,0.1643974029500757,2.5458990315113184,0.6746696038145352,0.573488312040985,1.3094315698253394,0.09361111111111114,0.11606626386553026,1.198177297545843,-0.038290164140136085
1193,1.3384280047924313,0.13693745603784913,0.1382842353368997,2.3505261066173393,0.6315375081694857,0.5460781315740432,1.3073103387884124,0.03647148253031742,0.14529046818569308,1.012098101824908,-0.031117666004018885
1194,1.3444083792014725,0.20787821900372477,0.1144547210041747,2.835298884879186,0.7431818357777832,0.5106342257738778,1.2167192403783411,0.03157087448831055,0.24704033667182074,1.4908905056777133,-0.12768913882313138
1195,1.2641974552974187,0.26381270109561356,0.33487930666682697,2.7005233649236673,0.7460509786976451,0.7285718168688937,1.100939382473615,0.09041184041184036,0.08810626245582792,1.4363259096262486,-0.16325807282380378
1196,1.2675888888268232,0.21019878528447683,0.33958152598492014,2.533853053850432,0.6900880114627846,0.7486724350758295,1.1569862698422677,0.06983472322939331,0.06025495534888925,1.2662641650236086,-0.11060261898455548
1197,1.3415191613356277,0.13013468416420537,0.12122509192550687,2.495974433652673,0.6505016653691611,0.5303160010164162,1.302899312380644,0.03805601114796954,0.1896182300563991,1.1544552723170451,-0.038619848954983604
1198,1.3825916926019919,0.16102205419382326,0.20346989683516298,2.7038687479024928,0.7095351571011247,0.6125608059260723,1.2987958642752027,0.0344204257361876,0.17459290348273016,1.3212770553005009,-0.08379582832678922
1199,1.3434211008060317,0.17004718587124723,0.10005506253139193,2.6710515771305072,0.7064447377047494,0.5091459716223012,1.2621743505816294,0.02280823782018329,0.2698032197928185,1.3276304763244755,-0.08124675022440231
1200,1.3607739629761832,0.1453205053147439,0.1234671207953077,2.4963413910792047,0.6660248949175938,0.5325580298862169,1.3151072308128322,0.05994686538452561,0.16826011657063675,1.1355674281030215,-0.04566673216335104
1201,1.3851648413561253,0.14145699594227212,0.0719474918243185,2.6368965075677604,0.6847451985765184,0.4800468587757062,1.365493061416563,0.06269845201796145,0.32067275204585965,1.2517316662116351,-0.01967177993956226
1202,1.375419114419294,0.13254355733962325,0.09216738255829558,2.5504645048658507,0.6603879767826055,0.5012582916492048,1.3437743247227512,0.0629501782662958,0.2437900667893588,1.1750453904465568,-0.03164478969654283
1203,1.2828020558239128,0.20200717855115452,0.25038935450132693,2.5937263985806793,0.7153883947562705,0.6449868964895837,1.16841583683037,0.0399789897966406,0.08556782015687917,1.3109243427567665,-0.11438621899354273
1204,1.3369324589011882,0.17072430390360477,0.09194737183164153,2.5192887008908245,0.6683867772886835,0.5010382809225509,1.2754284115196186,0.0296402940470737,0.21413543326433004,1.1823562419896363,-0.06150404738156956
1205,1.334263078089116,0.16734852454784524,0.11139664765688263,2.5412564743495443,0.6750000390108473,0.520487556747792,1.2845988993606159,0.03634099025616154,0.2539838846286234,1.2069933962604282,-0.04966417872850015
1206,1.3162208827807937,0.20072308294958613,0.10709169202131603,2.5939348015800205,0.6861677121705043,0.5077959973196824,1.2268391352946593,0.04584363075116699,0.20956859485435625,1.2777139187992268,-0.08938174748613448
1207,1.4214877827051706,0.1472831740064489,0.09789700686752802,2.7920211112795683,0.7209426280089701,0.5069879159584373,1.3650095841390457,0.06519905393559484,0.28955418590401366,1.3705333285743977,-0.056478198566124904
1208,1.3264082124000924,0.17748396108008999,0.14311451209698534,2.7100317967128116,0.7215360529462491,0.5450865189088028,1.2303806913598807,0.03280904399115257,0.18704606257002132,1.3836235843127191,-0.09602752104021173
1209,1.3603498789318778,0.10561098040510875,0.04808042910484227,2.445602771412799,0.6314111100189477,0.4406802448887101,1.357032603967681,0.07647581583177593,0.25776094424294677,1.0852528924809213,-0.003317274964196759
1210,1.398889832571335,0.1217002436856471,0.14101548072177827,2.637977793609541,0.6884429016661635,0.5501063898126877,1.3481495344077967,0.043043884220354774,0.1885548935576335,1.239087961038206,-0.05074029816353831
1211,1.3152760133077597,0.1814452543922399,0.07080095173514403,2.650370124563097,0.7043129795751686,0.4351203693637059,1.2433515810114162,0.04103343465045596,0.3149252339646451,1.3350941112553372,-0.07192443229634349
1212,1.4095982368870277,0.13553693917132675,0.049460137316395716,2.7304918092896955,0.702198592209661,0.458551046407305,1.3674599774782337,0.06710367915038179,0.3183371165218805,1.3208935724026678,-0.04213825940879401
1213,1.375502469000797,0.09868272079224316,0.04057833191656352,2.4110186783767644,0.6225088087367974,0.44229151072642614,1.3721604033058288,0.08841813812558771,0.1998542691003773,1.0355162093759673,-0.0033420656949683103
1214,1.3291612456489452,0.12421842683478548,0.14263586072118511,2.460753936851561,0.6561983325344568,0.5517267698120945,1.299903934656839,0.07822522985206892,0.13087298684153026,1.131592691202616,-0.029257310992106156
1215,1.298927436689667,0.1224953563254617,0.16660289172085274,2.328697462825818,0.6347656111509326,0.575693800811762,1.2682502709833723,0.035376559371630964,0.10356231102897173,1.029770026136151,-0.03067716570629475
1216,1.365997488288465,0.18997409990354092,0.1071015931883518,2.7419161336264115,0.7129996989190539,0.5125106054383634,1.2763344404395771,0.030871670702179197,0.2573910824094048,1.3759186453379466,-0.08966304784888779
1217,1.3507018402780229,0.13323653530654572,0.06317862341478583,2.486745929252036,0.6487468679803393,0.4665522404843702,1.3302087504109505,0.07404903955581611,0.25920782828771793,1.1360440889740133,-0.020493089867072323
1218,1.3658365229116944,0.19655316497002778,0.11319528120380637,2.5801209324974823,0.6740696709944298,0.5176113515431665,1.2945943611833477,0.049691521240965986,0.23028425358357757,1.2142844095857879,-0.07124216172834674
1219,1.3016887918498177,0.2346208027189773,0.22005015603216085,2.7765615465475317,0.7536566043317814,0.6093178048704793,1.1516037616568917,0.03667272532877153,0.11521579442964122,1.474872754697714,-0.15008503019292596
1220,1.3506265852707022,0.20817289487333449,0.1464891419769842,2.67855438284493,0.6992945527023544,0.5460320360093356,1.2530094667069696,0.04051298401533043,0.1872548949497665,1.3279277975742279,-0.09761711856373267
1221,1.3743790852417201,0.09473057191742812,0.07460900173590405,2.4824391651059936,0.6397290934996478,0.4836999108268133,1.3874933021429228,0.10495962626608404,0.28327551381130534,1.1080600798642735,0.013114216901202624
1222,1.3148920048793629,0.1732799039303174,0.10659161385225868,2.5463645658111784,0.6852070894967099,0.49052335722296964,1.2495572633421699,0.03699059915758194,0.1983929873160818,1.2314725609318156,-0.06533474153719299
1223,1.3875275022178644,0.1806687417798968,0.10479570090089273,2.731794029136558,0.7098908958657197,0.513886609991802,1.3013489858625247,0.025435726055373767,0.21115676116425958,1.3442665269186935,-0.08617851635533968
1224,1.338202572986292,0.19371007865282738,0.1305185610333677,2.7160564770332387,0.7157259111061375,0.5338643414266813,1.2448064876661062,0.0361892950860922,0.21917227934858716,1.3778539040469466,-0.09339608532018584
1225,1.3593340632067266,0.11397620425913492,0.09869923645825392,2.418216826296252,0.6363377568379336,0.5077901455491631,1.3328073803783758,0.027039349786896625,0.18371569325310133,1.0588827630895254,-0.0265266828283508
1226,1.384993999368004,0.20035997481695872,0.199654476978175,2.8166451151853993,0.7307384664945427,0.6087453860690843,1.26543619286446,0.03787330818003508,0.19839315629377813,1.4316511158173952,-0.11955780650354408
1227,1.333720797392198,0.24097679222099683,0.2521925849175023,2.8252581070973344,0.7610045628467678,0.6567817248387671,1.1709437178830147,0.048482459597950306,0.10013932946338105,1.4915373097051363,-0.1627770795091834
1228,1.2837376190260132,0.19661737546310384,0.16350926737676752,2.532088527392183,0.6802110535751018,0.5726001764676769,1.1855553356675554,0.046540124492154014,0.1280585634164252,1.24835090836617,-0.0981822833584578
1229,1.3507780998427603,0.24815641189021617,0.1302238361357113,2.825170467249821,0.7420594547443558,0.5195371943317286,1.207846190582442,0.04218224487953817,0.2567801741999921,1.4743923674070607,-0.1429319092603183
1230,1.3775435449815716,0.20026003429863465,0.15792663216414685,2.818023502044003,0.7374760077515661,0.5626246066406546,1.2713157959926127,0.05319469559975888,0.21857011315237274,1.4404799570624314,-0.10622774898895893
1231,1.431625915279402,0.11102178989418696,0.02648798161432582,2.6989220695824585,0.7001709369479752,0.4227051620233726,1.4313756030718698,0.11019587239561955,0.3407667539628138,1.2672961543030565,-0.0002503122075321329
1232,1.3380935624497627,0.2044815334971316,0.3647531279015441,2.8345204640320887,0.7568898764709378,0.7738440369924533,1.189465113522921,0.024852944921188617,0.07068940946090246,1.496426901582326,-0.14862844892684168
1233,1.34597661068287,0.16276745085143238,0.15201907151837118,2.72164661190377,0.7205715451211931,0.5611099806092805,1.258233779866902,0.025226690997763337,0.1539149879570032,1.3756700012209002,-0.08774283081596779
1234,1.3403882003895662,0.18240626782322683,0.12643007435415254,2.633927077160656,0.7016997715567836,0.5304209130329947,1.2593479390256932,0.02932100609748811,0.20221875642947135,1.2935388767710898,-0.08104026136387299
1235,1.3683234694282072,0.08120716645467782,0.10580542776878632,2.4399271030246474,0.633228961234878,0.5148963368596955,1.3509818786014824,0.06305691271387494,0.1375750729453427,1.0716036335964403,-0.017341590826724707
1236,1.2406298626744403,0.2126631289047247,0.2561694352578276,2.514916248831675,0.6983856346406665,0.6652603443487369,1.1300618079464453,0.07373354607100122,0.043743942362483225,1.2742863861572349,-0.11056805472799502
1237,1.3208476520530774,0.17013292025075444,0.21923859389713918,2.6600065261015953,0.706740657447531,0.6283295029880485,1.2249613906760632,0.02414998208812642,0.078333251366141,1.3391588740485179,-0.09588626137701417
1238,1.427577345747186,0.21458391723637193,0.14266264532376652,2.9195916140873273,0.7477224352801259,0.5517535544146758,1.3075527820218504,0.05022122011401347,0.2541710960139485,1.4920142683401412,-0.12002456372533565
1239,1.2780591634038496,0.2135919890513927,0.23916182577196604,2.609282054257025,0.7157931996253134,0.6482527348628753,1.1724406460141052,0.09168775336074911,0.1101376360627483,1.3312228908531754,-0.10561851738974437
1240,1.3018100365147545,0.1664683619334929,0.16030552644423868,2.3466898684629562,0.6282450340062078,0.569396435535148,1.2468154206389208,0.04449337859742481,0.09018204817893836,1.0448798319482018,-0.05499461587583365
1241,1.344035088893158,0.13984678142365953,0.17679381854256732,2.4150033441720793,0.6572544179371602,0.5858847276334767,1.3074314040128934,0.05810335497835502,0.13514182190887364,1.0709682552789213,-0.036603684880264664
1242,1.3279154446917918,0.15844350401117718,0.13471602588700732,2.577499283725121,0.6928928104032963,0.5344883681950967,1.2552645980600632,0.020838518542307304,0.18493974142977243,1.2495838390333294,-0.0726508466317286
1243,1.3783056559468445,0.18177076892584454,0.2780501250775983,2.776995573551521,0.7228441135985657,0.6871410341685076,1.2680122970044436,0.03981881214024068,0.12835063546260134,1.3986899176046763,-0.11029335894240089
1244,1.344981601186027,0.13727403980743802,0.1564752581172634,2.585595738655758,0.6805007968465577,0.5655661672081727,1.2866441249205103,0.03291108739802416,0.16868064215809186,1.240614137469731,-0.05833747626551666
1245,1.352685069773051,0.220909848791597,0.2411028805164413,2.754318820229724,0.7208110465457487,0.6501937896073506,1.2189398176553596,0.0356786071071785,0.12696027281688266,1.4016337504566732,-0.1337452521176914
1246,1.3716690422161477,0.16741170879162032,0.107464686892303,2.6300766549071994,0.6952286952669846,0.5165555959832122,1.3188614825198948,0.04000647878198899,0.2651604540714384,1.2584076126910517,-0.05280755969625295
1247,1.2920149216783894,0.2044471954244008,0.16048940450196408,2.6280692052754837,0.708304317242354,0.5695803135928734,1.189833032983332,0.05782349512137578,0.14678751952958707,1.3360542835970943,-0.1021818886950574
1248,1.3914621869658765,0.10082564916538306,0.07558971594631061,2.4145185493465586,0.6204006240586584,0.4805168280576415,1.4122196039099784,0.0863745101033237,0.2879580286098363,1.023056362380682,0.020757416944101825
1249,1.2617834287911023,0.18380672564040534,0.2656593477622484,2.399918843901848,0.6651077388374875,0.6747502568531576,1.1768660077966984,0.03144967222637125,0.025979058088085698,1.1381354151107457,-0.08491742099440391
1250,1.3427764035048504,0.2124933598528096,0.19706433615850466,2.698364036450134,0.7076319565254272,0.6061552452494139,1.2437027004507628,0.04734978688299192,0.19860333873452896,1.3555876329452834,-0.09907370305408758
1251,1.3970852056976362,0.0809640002903399,0.024088115505353773,2.487463410313186,0.6409258246219258,0.42086424788472526,1.4299620554461616,0.10961278571008874,0.34735125465222305,1.09037820461555,0.03287684974852545
1252,1.390909425199975,0.14995931064976492,0.06165954098384502,2.671696726519451,0.6871229696156589,0.4538183867895269,1.3460286211984271,0.06186749394815391,0.2981872091801274,1.2807873013194762,-0.044880804001547814
1253,1.3760795166981359,0.2675709299359511,0.24048253434769018,3.039511892591086,0.7826707063662843,0.6495734434385994,1.1752062435417157,0.09070018924033528,0.17345952353605537,1.6634323758929501,-0.20087327315642023
1254,1.3375327529646466,0.16097271473836477,0.08453346205052362,2.5862060113471204,0.6951378840192757,0.47876942660344707,1.2740066479600127,0.029688832054560958,0.23762706248733045,1.2486732583824738,-0.06352610500463385
1255,1.3952620420403186,0.24167154134468843,0.23412195368405558,2.8679015617412875,0.7401585717920751,0.6432128627749649,1.2636336047821688,0.06861145619733276,0.1956032926291429,1.472639519700969,-0.13162843725814977
1256,1.351994450094395,0.1469745358733257,0.15678659456455646,2.5027984181793945,0.6665283166610276,0.5658775036554657,1.2962221698766356,0.027676670106034994,0.1263748322270155,1.1508039680849995,-0.055772280217759373
1257,1.3218223915606973,0.19454305195861632,0.31684045887126044,2.7468148296125,0.7332974261858107,0.7259313679621697,1.1911981556136242,0.019319100420071858,0.021507847221340012,1.4249924380518029,-0.13062423594707306
1258,1.433971198503225,0.19454530347024734,0.17878960608431455,2.942582491092286,0.755506948508796,0.5878805151752239,1.3020630292887676,0.016267942583732042,0.20379596587830348,1.5086112925890611,-0.13190816921445747
1259,1.363999958286158,0.18563641627830926,0.09373095475233376,2.7015674983305242,0.6971929547154985,0.502821863843243,1.3084150195081714,0.05936372377391552,0.3063392300804965,1.3375675400443663,-0.05558493877798654
1260,1.3166937620803147,0.26552750139654446,0.2100851037084614,2.7358579626274704,0.7341214574821969,0.6137831087685583,1.1724643158758612,0.09576638486511427,0.13450816180867287,1.4191642005471556,-0.14422944620445355
1261,1.3206489579977405,0.15441184400795674,0.13700052303985055,2.5787671239395,0.700334564537024,0.5176428304107716,1.256962251377229,0.03667251667251666,0.2282283573222377,1.2581181659417595,-0.06368670662051157
1262,1.3366472314529039,0.17875866948493596,0.19932472453458772,2.6804098077922607,0.7106863039319173,0.6084156336254969,1.24583116638819,0.030952380952380967,0.15540626950615283,1.3437625763393568,-0.09081606506471385
1263,1.3174304947108932,0.22485441719879615,0.3096335048899648,2.801350934101373,0.7516970266860286,0.718724413980874,1.17228668016436,0.05652735336814163,0.05897076053523119,1.4839204393904797,-0.14514381454653313
1264,1.3565262899011112,0.13764445700443656,0.10538915116909739,2.4867181714938216,0.6526004836604686,0.5144800602600067,1.323936330072406,0.0481898378873804,0.2183050469233816,1.1301918815927103,-0.03258995982870516
1265,1.3780786669902265,0.13913824244586198,0.06126036092137078,2.4518244011860633,0.6433322980850419,0.4668143662483598,1.3612187956096495,0.06038401253918496,0.25799285119063753,1.0737457341958367,-0.016859871380576985
1266,1.3296617878353598,0.11289100265431655,0.07275347232447894,2.373537573821769,0.626242251789525,0.4818443814153882,1.3088979055488763,0.03393887227809485,0.20479351339409785,1.0438757859864092,-0.020763882286483515
1267,1.2578110206206625,0.22599419462524598,0.2730976149159803,2.5220198173432125,0.6950178537033125,0.6821885240068896,1.138324850491416,0.05170574880772804,0.06293378549729897,1.26420879672255,-0.11948617012924645
1268,1.4262840998778432,0.21160863323419551,0.11104235833182749,2.9295085949954984,0.7515143322351128,0.5201332674227368,1.306056464802928,0.03350432409325571,0.2790126413514063,1.5032244951176552,-0.12022763507491518
1269,1.34052051777841,0.21049230309015432,0.12811040056575268,2.717947127096067,0.7153913993831806,0.5372013096566619,1.230690480303763,0.04750016341174678,0.21591310421075,1.377426609317657,-0.10983003747464704
1270,1.3202605853282865,0.1548690996315642,0.11679095330986788,2.471631730871038,0.6480181001271719,0.52032678148052,1.2654383843436825,0.04217974912894447,0.173119119477525,1.1513711455427513,-0.054822200984604
1271,1.3141802325397558,0.2004613770715278,0.26533491973424717,2.6621438426066812,0.7221257836619004,0.6744258288251566,1.1994661635456452,0.03206619674091149,0.03647908050701401,1.3479636100669254,-0.11471406899411063
1272,1.3826352239062107,0.12466125216952914,0.17338932234848065,2.39409924581764,0.6296817037568088,0.58248023143939,1.404628730249612,0.0708925750394945,0.24360575927526923,1.0114640219114295,0.02199350634340136
1273,1.281723839660573,0.22840615791650487,0.32515657978393964,2.6559180812921905,0.7236929331013064,0.7342474888748489,1.1462587962366895,0.05887009771582465,0.06610296933557411,1.3741942416316175,-0.13546504342388355
1274,1.3064423908806406,0.19629000274911,0.3194453408367398,2.5982877660779566,0.7052378999328529,0.7285362499276491,1.194495245441166,0.018914868105515605,0.027254691320812305,1.291845375197316,-0.1119471454394747
1275,1.3233460252572877,0.16115471148882093,0.11314196167654693,2.4377039058116137,0.6490259541342791,0.5222328707674563,1.2799217465956831,0.04760304659498206,0.22804818403953747,1.114357880554326,-0.04342427866160459
1276,1.351147250000347,0.19029183912484687,0.2467749098664351,2.662058145372546,0.704683473982785,0.6558658189573444,1.2489755692540085,0.01681284728278477,0.08176914340832181,1.310910895372199,-0.10217168074633842
1277,1.334949114981396,0.1618373524493662,0.10102918306355835,2.6083826970420594,0.6928878891655823,0.5101200921544676,1.2736695061750072,0.03163062103459456,0.25661102330868296,1.2734335820606635,-0.06127960880638872
1278,1.3639627149673612,0.12377417779508952,0.08512041364493256,2.4549635509350676,0.6443012985050487,0.49421132273584184,1.3389376278641967,0.03569437865376095,0.22768909889112868,1.0910008359677064,-0.025025087103164534
1279,1.3361793412206775,0.1805518820482031,0.20779035747774238,2.527048769171791,0.674446364078505,0.6168812665686517,1.2692303385147667,0.055506731256489424,0.16114458699145498,1.1908694279511134,-0.06694900270591075
1280,1.2929870515546948,0.19258368698769154,0.30438714306151937,2.5577099846019964,0.6973889847918366,0.7134780521524287,1.190308972126961,0.03698513929074576,0.04960067450069271,1.2647229330473015,-0.10267807942773377
1281,1.3156624976739955,0.23692549433582105,0.2248788966149128,2.6111769042121598,0.7081528099247871,0.6313997858098446,1.1935802604946955,0.07092517144520086,0.10753191437252924,1.2955144065381643,-0.1220822371793
1282,1.3532599911259031,0.18923668052613854,0.21484781061431396,2.663116634806393,0.7063766915392637,0.6239387197052232,1.2595504472229835,0.034543873780184205,0.12586753005168308,1.3098566436804897,-0.09370954390291963
1283,1.3493638344754864,0.10596945642777132,0.06278248340227802,2.3716637453208564,0.6144181374352076,0.46054652553578024,1.3399576469367944,0.05019131452944991,0.22934016244639793,1.02229991084537,-0.009406187538691935
1284,1.3038701112728144,0.14696217283058566,0.1756073246213537,2.453523876262778,0.6606803906237808,0.584698233712263,1.250193969963957,0.028704259433917356,0.17735608159079277,1.1496537649899636,-0.05367614130885734
1285,1.3493346618737634,0.22131146864817305,0.20813732854543143,2.7699010696773456,0.7286903970246669,0.6172282376363407,1.2291324787437379,0.06626930737720318,0.17839205618537687,1.4205664078035822,-0.12020218313002551
1286,1.3784022645326561,0.1579670394583104,0.06817437832435146,2.670311552750258,0.6992295431036966,0.4724885947612666,1.315875703910725,0.03869617224880384,0.26991678623388543,1.2919092882176018,-0.06252656062193118
1287,1.3021758687088951,0.19219144394766371,0.21514066029523826,2.6518000876851078,0.7188432358083288,0.6135856195309227,1.1963804865870042,0.05661960686323501,0.11519778816927058,1.3496242189762127,-0.10579538212189088
1288,1.391058805711325,0.1697703229617183,0.13397852176352976,2.7394324873108116,0.7132397288410985,0.543069430854439,1.3091195324017053,0.040862197212250526,0.19891371099997812,1.3483736815994867,-0.08193927330961959
1289,1.349018661227195,0.08436824319857603,0.10238977751930234,2.3240791713991897,0.5994843433679664,0.5114806866102115,1.3476359195996568,0.05365795440983415,0.15359400817867508,0.9750605101719947,-0.0013827416275382642
1290,1.3460291280421335,0.12691874346095192,0.1453352044436419,2.563139402057753,0.6814822415121045,0.5544261135345512,1.305295756768993,0.06229235880398676,0.16233896860115565,1.2171102740156194,-0.040733371273140584
1291,1.3092048212798475,0.18033525942720932,0.2662153939837764,2.505081964589619,0.6726062040912162,0.6753063030746858,1.2259683443452163,0.02724836511638543,0.05557583013515818,1.1958771433097715,-0.08323647693463121
1292,1.2392122217676995,0.18273286928197296,0.4180610288840624,2.505321268264058,0.7087988459888245,0.8271519379749717,1.1274321192267789,0.045393390001536436,0.1431820955701179,1.2661090464963585,-0.11178010254092063
1293,1.3418978773579773,0.16980481660969143,0.2650433937213461,2.639126114656073,0.6963456823340355,0.6741343028122553,1.2493319741983508,0.03039513677811556,0.05919014225222691,1.2972282372980959,-0.09256590315962643
1294,1.3810833954833546,0.13801757124014813,0.17393328404376351,2.641607250973462,0.6959232675373805,0.5830241931346727,1.323846926168715,0.06237479958502311,0.1710703635283748,1.2605238554901075,-0.05723646931463966
1295,1.415000971840796,0.10474881845442217,0.03235136270223016,2.6144123009588993,0.6759285721414057,0.44020236165522053,1.4407957909558586,0.1171230663597076,0.34989452555864364,1.1994113291181032,0.02579481911506254
1296,1.3857030458063408,0.10189495334154866,0.12227873075063099,2.5098853166770665,0.6486926590689974,0.5313696398415404,1.3729271192940187,0.08147272828420211,0.1936107070303424,1.1241822708707256,-0.012775926512322178
1297,1.3578993786824332,0.12747587066886337,0.08706978322014593,2.4313801318229027,0.6346839054178126,0.49290214485553496,1.340809035188895,0.05528059894714532,0.2408720454961268,1.0734807531404695,-0.017090343493538107
1298,1.3161817401220894,0.22803493702178862,0.27809318340922257,2.8102695673784193,0.7501619283813885,0.6871840925001318,1.167051628397835,0.04112024298731464,0.04285708229304781,1.4940878272563298,-0.1491301117242545
1299,1.3467891133557568,0.14775895439069897,0.1330154586209908,2.405598710161815,0.6348673804522793,0.5380909532027731,1.308665653297241,0.04227201838627596,0.16033797924195659,1.0588095968060582,-0.03812346005851586
1300,1.379427172784292,0.16171630734447084,0.1741608668578497,2.746211917686656,0.716865069434415,0.583251775948759,1.2864022144678242,0.02410970546186561,0.18737703394529706,1.3667847449023642,-0.09302495831646773
1301,1.3621346878012397,0.12431639555947899,0.028305663733849566,2.456534998673464,0.6366336641163302,0.4195383016327833,1.3553473177807027,0.09328011666730629,0.26125229782491766,1.0944003108722242,-0.006787370020536976
1302,1.339989691743373,0.16791670519434448,0.17539684074243056,2.595511370438284,0.6878035609218508,0.5844877498333398,1.2688695204028457,0.046258007395448185,0.1790970675152644,1.2555216786949113,-0.07112017134052717
1303,1.3097306200544891,0.16433073167668094,0.14684214075074875,2.459900134487152,0.6558743112032457,0.5535658862549792,1.253104562948086,0.03255434037087383,0.17934791236950332,1.1501695144326627,-0.05662605710640323
1304,1.3678004069163467,0.18855671739902902,0.1583718107384585,2.712893968319793,0.7081956003174776,0.5674627198293678,1.2899979831199084,0.037686601537995905,0.24189204378554868,1.3450935614034463,-0.07780242379643831
1305,1.3144428929095038,0.2217111906791852,0.2159476001628866,2.817930122719659,0.7519043636003258,0.5869823069392162,1.1750040594130455,0.027687934921101644,0.1402620277953287,1.5034872298101551,-0.13943883349645825
1306,1.3220862029310156,0.13595856716207874,0.10853098482352284,2.2813333336247044,0.5998574102725027,0.5176218939144321,1.2980151205851218,0.03981328535189664,0.1594064546731519,0.9592471306936887,-0.024071082345893835
1307,1.2947618585150449,0.1588664417228413,0.28170801488367303,2.4464850400074294,0.6638955415662513,0.6907989239745822,1.2225443326962497,0.029440135818188867,0.05713034611155652,1.1517231814923845,-0.07221752581879515
1308,1.2798621446850411,0.18058235100809286,0.14934535123229337,2.5290821880483656,0.6888751109317384,0.5563908835417606,1.199015926481806,0.032152431305383845,0.16074810311325227,1.2492200433633245,-0.08084621820323501
1309,1.3265429273393234,0.14929067248056585,0.0918453086988119,2.438651422396838,0.640775609978001,0.5009362177897212,1.281196811559934,0.04895463591784814,0.16530357400003834,1.1121084950575146,-0.04534611577938952
1310,1.3358004824588765,0.16884627347352565,0.09590102954538579,2.5125106943587343,0.6713440018240611,0.49204142808581874,1.2942863239666613,0.041757517026030325,0.2642820703889375,1.1767102118998578,-0.04151415849221518
1311,1.383336805305436,0.10978548837327243,0.04173382417964652,2.5400327181817963,0.6660737450415328,0.4410553782225207,1.3782565006710028,0.0649650140305745,0.3078242545942561,1.1566959128763603,-0.005080304634433208
1312,1.3100960219723183,0.1249055214558188,0.10865359164087904,2.363328404653315,0.6316822168463512,0.5177445007317882,1.2748690384020196,0.021062091437858498,0.13842845689474284,1.0532323826809966,-0.03522698357029874
1313,1.3645779822798487,0.11591711632921342,0.08415572559366541,2.409589876713658,0.6231720494222548,0.48611316416402384,1.3562892380776612,0.05500256944876327,0.24974440608720677,1.0450118944338094,-0.008288744202187504
1314,1.4013541133230774,0.1523746052955433,0.22034815901538646,2.78360755952854,0.7285393616347156,0.6294390681062958,1.3238929121396439,0.07983952281888229,0.1461586158067698,1.3822534462054625,-0.07746120118343347
1315,1.3316718265254162,0.21586482738458,0.15483528310586592,2.7623299527899934,0.7323295543123474,0.5578205836769312,1.217863293133283,0.05110615356014128,0.21045813367051713,1.4306581262645772,-0.11380853339213326
1316,1.3741464193079065,0.10380134073811731,0.12047521265412044,2.5393331194555877,0.6574749170031622,0.5295661217450297,1.3413412785061967,0.03489077669902912,0.18100918444424136,1.1651867001476812,-0.03280514080170982
1317,1.3324435024663412,0.17349601008090965,0.16994150317725648,2.603456692671079,0.6951443872867831,0.5790324122681658,1.2509318551144568,0.02942395065797218,0.19279373384063025,1.271013190204738,-0.08151164735188443
1318,1.3974746219162033,0.17436119891407517,0.0395980101299716,2.8026194066011105,0.7183836845075855,0.4376972107535101,1.3287632887047258,0.057576462487554735,0.333310660961474,1.4051447846849072,-0.06871133321147749
1319,1.3651809878358787,0.14007700651028798,0.18879716608553543,2.624742027664175,0.6866292246769059,0.5978880751764446,1.3020174937633517,0.036853448275862025,0.14857221663585102,1.2595610398282961,-0.06316349407252697
1320,1.3546223635944896,0.1508871717455842,0.1174780339860496,2.6702935851786975,0.7012614693044682,0.5265689430769589,1.2905525554366215,0.05250188803470117,0.2555171845687239,1.315671221584208,-0.06406980815786811
1321,1.3324473661639118,0.15664904759244963,0.12294799791245972,2.5779982329237554,0.6769339509163008,0.532038907003369,1.263115842407966,0.0341066270792318,0.1541634797192031,1.2455508667598436,-0.06933152375594576
1322,1.2784041567021205,0.21586201613363823,0.2022984684666015,2.5673537187092945,0.6892044417916542,0.6113893775575108,1.1736044944152653,0.08113138103207615,0.05008092559919465,1.288949562007174,-0.10479966228685522
1323,1.3422860386400604,0.15197144101650648,0.09968494451480751,2.549506105913161,0.6779924029415241,0.5087758536057168,1.2831799408502906,0.02371794871794867,0.1971647396921563,1.2072200672731006,-0.05910609778976972
1324,1.4321818646604583,0.1173855498084668,0.059936670921953955,2.6934596416098997,0.6941646504995329,0.4690275800128632,1.4078321423515372,0.08050826624055067,0.31016968433193665,1.2612777769494414,-0.024349722308921073
1325,1.429859881697439,0.1150112557023558,0.04009617036036,2.6550844404418785,0.6759302949789237,0.4476769634694596,1.4422601288304473,0.08728509071473112,0.36135545164137217,1.2252245587444395,0.012400247133008246
1326,1.284552825800827,0.19796033576826239,0.17863990126697715,2.4009686996131667,0.6604365810183587,0.5861113728102064,1.212707459108139,0.0801295437393299,0.11580651392849371,1.1164158738123398,-0.07184536669268793
1327,1.3601740772953548,0.16492465762840708,0.21746125222671026,2.6801543921389284,0.702103575944123,0.6265521613176197,1.2797773597913404,0.040004221326283465,0.16310912966331215,1.3199803148435736,-0.08039671750401434
1328,1.3710499516999457,0.12796843767740593,0.08721047657609252,2.4546229364244017,0.6382363184387259,0.4963013856670018,1.4015783711642265,0.08399846927618629,0.32756532934809324,1.083572984724456,0.030528419464280754
1329,1.3081206286931062,0.17436313716498342,0.11249616023732927,2.5838450718063295,0.6894659546937203,0.519791436341498,1.2298144179686958,0.056360132705564496,0.20573603485025538,1.2757244431132233,-0.07830621072441035
1330,1.3901777540148492,0.2450848107519735,0.20911342834171778,2.9550658036348114,0.7657006863525524,0.618204337432627,1.2266955490964917,0.0625535763438323,0.14561759929180146,1.5648880496199622,-0.16348220491835752
1331,1.395552618165824,0.10278562038275532,0.15901456451448776,2.565127651985122,0.6613458217011341,0.568105473605397,1.3643168096958433,0.0502130550323724,0.21882389981212427,1.1695750338192978,-0.03123580846998064
1332,1.2691828756148282,0.2089819470871544,0.2718482549022351,2.6282481004857647,0.7214533079482799,0.6809391639931445,1.1477688182550951,0.05916546328426407,0.06730246872015136,1.3590652248709365,-0.1214140573597331
1333,1.300817466370905,0.1885347799378121,0.12558010479551734,2.494737444837829,0.6706263321227248,0.5336916152468425,1.2197645189119455,0.037356935116021166,0.18826675435859233,1.193919978466924,-0.08105294745895941
1334,1.4181729742641733,0.17604859841824375,0.09525360524942468,2.9049670683786406,0.7531224385743869,0.504344514340334,1.3463327697309517,0.05028912023401214,0.34833499765255665,1.4867940941144673,-0.0718402045332216
1335,1.3384700553861997,0.20952198905637026,0.2289994121748431,2.706553842689998,0.7263582361313029,0.6178138330420004,1.2311504004743243,0.04041595925297115,0.142747379859696,1.3680837873037985,-0.10731965491187534
1336,1.3833623536946438,0.20115220832990607,0.14820974779570953,2.7594125502500675,0.715423153869031,0.5573006568866188,1.2891893003774784,0.03192047137935053,0.24873259787270277,1.3760501965554237,-0.09417305331716541
1337,1.3501742049047274,0.13331691018624575,0.09784373004773683,2.4398855146673144,0.639551211611795,0.5069346391386462,1.3188561891255968,0.04503263811494984,0.18861255191302922,1.089711309762587,-0.031318015779130626
1338,1.3667095011197237,0.11986882646014965,0.10359102247972116,2.5025506805775164,0.6534875033833869,0.5126819315706304,1.3553300722974018,0.08489660698049169,0.24819951063620482,1.1358411794577927,-0.011379428822321902
1339,1.334263571704928,0.1701763485753302,0.12467946993397239,2.6222019873340825,0.6968790671098463,0.5314583221237488,1.2686661320672799,0.04217105312167102,0.24084529253326534,1.2879384156291545,-0.06559743963764819
1340,1.39316153217709,0.2513310313288143,0.23976856840381308,2.9534193086797815,0.7651089495386716,0.6488594774947223,1.2297358466009651,0.05721552496009753,0.14875191947353095,1.5602577765026915,-0.1634256855761249
1341,1.3473315997985758,0.16448852854558418,0.22205021752487197,2.668288398517522,0.6996345413008345,0.6311411266157811,1.2634209270971426,0.047734288183726395,0.12430368521100828,1.3209567987189463,-0.08391067270143315
1342,1.2490263382174034,0.17912962084501963,0.1723566079540459,2.368616748498096,0.6427833851501334,0.5814475170449551,1.172702666913006,0.041301140894947616,0.05085594825517431,1.1195904102806924,-0.07632367130439732
1343,1.2917453437334152,0.21422010554602844,0.11038719295949731,2.6474573166270132,0.7071573753844458,0.49145822423637275,1.1834999232077394,0.06594982078853046,0.22927716606913046,1.355711972893598,-0.10824542052567576
1344,1.3680072560615955,0.13627439910420475,0.19518918743198638,2.506462126462886,0.6619167909582175,0.6042800965228957,1.3225724094488516,0.03409204491187541,0.16046866331924464,1.1384548704012905,-0.045434846612743884
1345,1.4036344796384976,0.17985120961499065,0.16674588447336208,2.845223356779172,0.7393978501361496,0.5758367935642714,1.2999027331132826,0.03872830687156796,0.22482263503907357,1.4415888771406742,-0.103731746525215
1346,1.276585443634197,0.1566108827587979,0.18977449731564083,2.360425842188228,0.6394503205460246,0.5988654064065502,1.2262230122900337,0.05817034009633631,0.12141312153170317,1.0838403985540308,-0.050362431344163294
1347,1.3815442370710582,0.1016195694202791,0.112314343221152,2.381235105885347,0.6154823485435796,0.5214052523120613,1.3833466074479674,0.0841984192520939,0.19821423996921622,0.9996908688142887,0.0018023703769092236
1348,1.3602171881115754,0.14776583187257872,0.17694887768733392,2.674175599367665,0.7070512304031795,0.5860397867782432,1.2879659412839621,0.04067785051827601,0.16218518968795917,1.3139584112560894,-0.0722512468276133
1349,1.4064622085387593,0.15832189615261794,0.11032997359807169,2.7463532187689355,0.7160776573425599,0.519420882688981,1.3546427440744702,0.07999999999999999,0.28110811349852705,1.3398910102301762,-0.05181946446428909
1350,1.3715742113381784,0.15748046771411797,0.10157451633560678,2.6432555908334554,0.69095600794121,0.510665425426516,1.3232795834870872,0.058133359084544436,0.2679257892983603,1.271681379495277,-0.048294627851091176
1351,1.29245580282244,0.23938352960001355,0.36393768266089244,2.641630134267441,0.7209248326857738,0.7730285917518017,1.1484134644991593,0.06348398818987051,0.0339034707341119,1.3491743314450009,-0.14404233832328073
1352,1.3111426624534073,0.2540534282769692,0.36366972328183916,2.7938528094231994,0.7479923362009073,0.7727606323727485,1.1359053801015078,0.05610435776743686,0.018778888908676114,1.482710146969792,-0.1752372823518995
1353,1.286717148635035,0.23797905625779645,0.21362043321861438,2.7634611330485295,0.7482299500090575,0.6210114796103858,1.141199334378081,0.07341703742804716,0.10415108920689717,1.4767439844134944,-0.14551781425695398
1354,1.3679855672839967,0.1729407111446536,0.15619634047493586,2.752212593621456,0.7276955980145094,0.5652872495658452,1.2661640746759486,0.03691858909168763,0.1790256182417699,1.3842270263374594,-0.10182149260804807
1355,1.3248711559205444,0.17399240998061266,0.19739882877008624,2.449625234792034,0.649958515959467,0.6064897378609955,1.2605117212912216,0.05052503052503053,0.13622309615869868,1.1247540788714896,-0.06435943462932281
1356,1.3351279963520715,0.1907358704322454,0.11818622076592865,2.526888583851287,0.6656983743503149,0.5117933569218848,1.2782955891416985,0.09477567636332794,0.22616558396001918,1.1917605874992154,-0.05683240721037297
1357,1.3461168572015465,0.15886722297220263,0.19004158313924505,2.6965661365028932,0.7128231761010909,0.5991324922301543,1.2552120080117368,0.012311699587584123,0.140191858337661,1.3504492793013467,-0.09090484918980968
1358,1.3534872370882458,0.11870545681381565,0.10371394476690653,2.4992934501514026,0.6550503505707448,0.5128048538578158,1.3274732899991848,0.07435211488523683,0.1911780491974387,1.1458062130631568,-0.026013947089061018
1359,1.2884776350777045,0.17111211432258844,0.20188253223089955,2.4242951404980952,0.6596707581992163,0.6109734413218089,1.2275166472914458,0.05959724954256308,0.0822514463590576,1.1358175054203907,-0.06096098778625869
1360,1.3565589229871895,0.131896790096056,0.14556218492909612,2.458920533718185,0.6444468231602494,0.5546530940200054,1.316054913551175,0.037000979065597406,0.11546667871327052,1.1023616107309957,-0.04050400943601451
1361,1.4629124310917498,0.18876928056289843,0.045553708061742665,2.9313384277796977,0.738057159924465,0.4546446171526519,1.3647146566711315,0.05557504771023658,0.3368789422970595,1.4684259966879478,-0.09819777442061839
1362,1.3242007491483117,0.23644829059781636,0.20023462556010296,2.8259502767407745,0.7496125078513003,0.6093255346510122,1.1710396364324844,0.04305434834431742,0.1431292702509207,1.5017495275924628,-0.15316111271582722
1363,1.2869650711082568,0.1999816809582661,0.3028017278131534,2.6463461376513018,0.7300369776607444,0.7068521871133031,1.1638832413707676,0.04722586385281896,0.02845120686124729,1.359381066543045,-0.12308182973748916
1364,1.282418411003022,0.2163168566054374,0.13382003905236112,2.5707488112993513,0.7060450332471646,0.4949846756208343,1.1793603062231401,0.0421335040960982,0.23064363556961906,1.2883304002963294,-0.10305810477988175
1365,1.3402001463912212,0.15778703667531063,0.13461428642207082,2.61500579293662,0.6934168965427454,0.5437051955129801,1.2694543010862214,0.03780287953698121,0.1628285247273082,1.2748056465453987,-0.07074584530499983
1366,1.2839503846328228,0.23881025990251242,0.2856022070729925,2.630823220871807,0.7186127586998696,0.6946931161639018,1.1495600531224297,0.07492691932919637,0.08064618328143974,1.3468728362389841,-0.13439033151039315
1367,1.3506915772823842,0.13067539962657165,0.10489136658330155,2.4958697494612996,0.6522464305370381,0.5139822756742107,1.3127603069956755,0.05399791785743446,0.18285884148999054,1.1451781721789154,-0.03793127028670873
1368,1.3866078651553244,0.20109963765352148,0.11299999723030091,2.713326907016247,0.702179224701218,0.5202467897918316,1.2976775075007372,0.03710871404399323,0.23830435963572366,1.3267190418609225,-0.08893035765458723
1369,1.3446403441263144,0.12121979433554439,0.09403956816918192,2.432154696360527,0.6459076295253467,0.5000436814214417,1.3163893128947972,0.058302676424509814,0.1470110482733784,1.0875143522342128,-0.028251031231517176
1370,1.3544573091749754,0.18159711061173534,0.14599855947704232,2.614545553929937,0.6949847038830821,0.5550894685679516,1.2821050481944323,0.030920121483753053,0.2165716723859531,1.2600882447549617,-0.07235226098054315
1371,1.3613411805821167,0.17470473605538395,0.16586695153299558,2.7121810355759295,0.7087697857938395,0.5749578606239047,1.2675620473001168,0.02781421956474342,0.19456179186609063,1.3508398549938128,-0.09377913328199994
1372,1.4550447777479625,0.188661451898555,0.1317495561343326,2.856120592578095,0.7323963718436437,0.5408404652252419,1.3811126313912725,0.0754932627526468,0.2863795365189884,1.4010758148301323,-0.07393214635668999
1373,1.3610826333333301,0.15518195484333125,0.13178908107838158,2.702097890324328,0.7141290439372866,0.5408799901692909,1.2873476117913696,0.047401347449470645,0.2212284692700324,1.3410152569909977,-0.07373502154196054
1374,1.312884633214026,0.17444348062257395,0.2804515431024218,2.6211194299633367,0.710294861078525,0.6895424521933311,1.2178390501049345,0.03602839292085329,0.04583120925307856,1.3082347967493106,-0.0950455831090915
1375,1.3497736948648664,0.1369586898977464,0.05082383753276149,2.490907385077429,0.6534486595205484,0.43291625295375036,1.3229974099155672,0.0485677974386548,0.2589859710857554,1.1411336902125626,-0.02677628494929918
1376,1.330337260254555,0.17731455067431368,0.18032517363013967,2.636203462491564,0.6954572055097823,0.5894160827210491,1.2423586257390435,0.038095238095238085,0.11007734104182533,1.3058662022370089,-0.08797863451551136
1377,1.3398294165593803,0.17822944924893197,0.16670357451506707,2.6207426768599267,0.7041198078205098,0.5757944836059763,1.2594725555812638,0.02826945769842492,0.2068105769985172,1.2809132603005464,-0.08035686097811645
1378,1.4621435614493135,0.129210664573294,0.06926912040215225,2.708881881683676,0.6891375153903423,0.47836002949306156,1.4457610304659154,0.08215789473684214,0.33176241868262873,1.2467383202343627,-0.016382530983398036
1379,1.2710549739399344,0.20976508725344348,0.26671220383777827,2.516750732309118,0.6939621928663355,0.6758031129286874,1.157641655993145,0.04138810696692471,0.047063633297407606,1.2456957583691834,-0.11341331794678933
1380,1.4091593639841344,0.1390341288728439,0.02937695148008334,2.6582047259749397,0.6772209353083194,0.4147068642438234,1.3811639474650756,0.06683857921191799,0.3201213309359569,1.2490453619908053,-0.02799541651905879
1381,1.2567111960739052,0.21168345295346203,0.35527072767049334,2.518145081572137,0.6980456708072826,0.7643616367614026,1.148254160497738,0.07592017445318178,0.08335293905697422,1.2614338854982319,-0.10845703557616715
1382,1.2080680989225172,0.18039513741522,0.24942200531225445,2.326068968304169,0.6449885138665338,0.6574632061667287,1.1435084500011103,0.09016990412339247,0.13276244945730542,1.1180008693816519,-0.06455964892140686
1383,1.3324963798318707,0.19848035648111842,0.17276957257004394,2.636700650193251,0.7025330652698617,0.5742652237132753,1.2534174342877789,0.07409830409727887,0.1979494163614853,1.3042042703613803,-0.0790789455440919
1384,1.2967128509548633,0.18507667078084944,0.13577883275379332,2.5622986920244117,0.6872211520409096,0.5369003526581895,1.229435714773114,0.0752206543625496,0.20009731578390427,1.2655858410695484,-0.06727713618174924
1385,1.2625001430912446,0.17092897064371843,0.23568575051543933,2.458161880858301,0.678294160513295,0.6414091659408375,1.1801409737318012,0.047842976896340206,0.035697508373472644,1.1956617377670564,-0.08235916935944343
1386,1.371272521716921,0.10153245619128295,0.13346946945378962,2.465504037243789,0.6418146400715398,0.5425603785446989,1.3469188262556329,0.058274586316700114,0.17108867501345879,1.094231515526868,-0.024353695461288183
1387,1.3059817504521363,0.22317884040820574,0.2600106234989852,2.7539209177830752,0.7424236708589045,0.6691015325898945,1.1620356723478813,0.04377708053189899,0.07534907974506969,1.447939167330939,-0.14394607810425497
1388,1.3745635417415432,0.10535097648522596,0.09551850181012136,2.4643552360229664,0.6443545745502615,0.5046094109010307,1.3614666801134239,0.06982499590260963,0.22828225345212888,1.0897916942814232,-0.013096861628119294
1389,1.3370170541922184,0.1048741752766956,0.09608978869596918,2.42403061329532,0.6439611296497996,0.5051806977868785,1.3172888398323377,0.059931978573250534,0.18556512803068795,1.0870135591031016,-0.019728214359880702
1390,1.3250908253790912,0.15252501920016967,0.11219180678405384,2.3431407962850486,0.6212918195028323,0.5212827158749631,1.2775462503400425,0.017232328892409866,0.09021377905793708,1.0180499709059574,-0.04754457503904863
1391,1.3770787836779756,0.18476053211727111,0.20292376322558514,2.6844813487213255,0.697974375467608,0.6120146723164943,1.2837660494713354,0.021068761132148908,0.17038240592104836,1.3074025650433498,-0.09331273420664021
1392,1.2611851429595435,0.1820814178742805,0.23292269830933188,2.49463920478681,0.6838007844663659,0.641652168337329,1.1715823927721751,0.039386783012448495,0.11541701329018644,1.2334540618272665,-0.08960275018736841
1393,1.3979353953336422,0.1444212059025616,0.04965987751796618,2.5391572887088643,0.6547564951945433,0.4502459074897085,1.3961262392119016,0.07625574451892397,0.33003977055354483,1.141221893375222,-0.001809156121740596
1394,1.317727112007827,0.21591947914077103,0.26463581742473086,2.7115209526799604,0.7201125662703234,0.6737267265156401,1.1925724652765606,0.055799197175605775,0.08865496667991951,1.3937938406721333,-0.12515464673126653
1395,1.37674438911864,0.15163797926546313,0.0653201673669677,2.5902890961639726,0.6827856911172226,0.47156789000652716,1.3362147837206069,0.05124506903353056,0.2808861600830535,1.2135447070453327,-0.040529605398033075
1396,1.2957675660167107,0.1872455889997892,0.208513762298811,2.706254899314734,0.7309623795505662,0.6173264315044086,1.1884621833898552,0.032392707285353234,0.09996648827629724,1.4104873332980234,-0.10730538262685552
1397,1.3535682857267541,0.17457647372121715,0.07357100369932737,2.633922699125086,0.6897334421343051,0.4578295464440758,1.297819892700216,0.05008714835428543,0.2888119989569126,1.2803544133983318,-0.05574839302653811
1398,1.3364218113003803,0.1232238077244826,0.06299790162532011,2.416527010489973,0.6307526388614706,0.45051557752754984,1.3198262709826925,0.059389189153254515,0.25625246831398185,1.080105199189593,-0.01659554031768784
1399,1.3654704920102647,0.09862111992735176,0.07556141619797763,2.3020420677538453,0.5882772012005986,0.4843831960900506,1.351242921592453,0.04202160805494707,0.15416270371311638,0.9365715757435806,-0.014227570417811641
1400,1.3548946396071953,0.15710732484433376,0.12476201111661248,2.652878297686705,0.7001184700243023,0.5326176679330838,1.2829571632363628,0.03883824724253454,0.1882453818058103,1.2979836580795097,-0.07193747637083248
1401,1.30198090632057,0.18522804937071397,0.21923941088636506,2.5388285061459115,0.6799608922978977,0.6283303199772743,1.2151376971745393,0.034032149280575526,0.09512389991898429,1.2368475998253414,-0.08684320914603072
1402,1.3863356687412656,0.16483501265516265,0.09865624201258831,2.6372492715223537,0.6847294210818038,0.5077471511034976,1.3282492297279498,0.04070421219762772,0.24756366099930627,1.250913602781088,-0.05808643901331578
1403,1.3264328513785575,0.15778375645434276,0.2650500249233294,2.5542764248878482,0.6798412389443163,0.6741409340142388,1.2494865239809507,0.030594724220623523,0.06582903058722167,1.2278435735092907,-0.07694632739760676
1404,1.3306743833087402,0.1799337448896616,0.23736601397727258,2.6576265889392268,0.7062280440099578,0.6464569230681819,1.2315000567872496,0.014240370432607032,0.08615127221846092,1.3269522056304865,-0.09917432652149061
1405,1.3624353047379403,0.12518708852827948,0.06887502384625054,2.4391205711469306,0.6463664661962348,0.47796593293715983,1.3469741741280283,0.06387103699032644,0.23978603262141485,1.0766852664089903,-0.015461130609911944
1406,1.2623323659181267,0.25574333931941023,0.33682808379824514,2.5199146842653537,0.699146054427398,0.7459189928891544,1.1320859270190509,0.09280520416599787,0.06773996305484686,1.257582318347227,-0.13024643889907583
1407,1.3496827842539023,0.10971971772261241,0.10764427873698472,2.487913198875718,0.6520799085398087,0.5167351878278941,1.314911657658019,0.025142314990512307,0.12910476187413653,1.1382304146218156,-0.03477112659588322
1408,1.2904403710614798,0.18461497137975796,0.15744909160427722,2.364339077344388,0.638410507955292,0.5665400006951864,1.2256257193653848,0.05150700025926888,0.13200831733984486,1.0738987062829082,-0.06481465169609502
1409,1.2977294202437526,0.16669384804193152,0.18036793149487146,2.3280459580124067,0.6296193969266874,0.586898860853636,1.2441370309674533,0.050935326604082676,0.11015209324949653,1.030316537768654,-0.05359238927629928
1410,1.3229700417577317,0.1720702126275449,0.2504663792591155,2.668377081957356,0.7138783482134564,0.6595572883500247,1.2312863387651198,0.027169677741469337,0.10122424083045536,1.3454070401996243,-0.09168370299261186
1411,1.2813001388937595,0.1778356520902109,0.3599715998176811,2.499368499214056,0.6859357933297955,0.7690625089085905,1.187887976552625,0.03933596126045711,0.10954777464523195,1.2180683603202964,-0.09341216234113459
1412,1.3683833858453722,0.08194295867190968,0.10204069591900908,2.3188616163524154,0.5974158075420354,0.5111316050099184,1.3783067394214228,0.0758074162679426,0.2082347221222689,0.9504782305070432,0.009923353576050564
1413,1.2988332495966954,0.17386281386163174,0.11160208090657316,2.3948488054728063,0.6555392422003296,0.49149478577075845,1.2451133483376524,0.03501829901685638,0.19906463458898693,1.0960155558761109,-0.053719901259043024
1414,1.3248996083043902,0.1922417951811116,0.2311127465968255,2.7257154191838526,0.7235208558801809,0.6402036556877349,1.20680137074483,0.03920960867880664,0.07546091589348906,1.4008158108794624,-0.11809823755956028
1415,1.3749106083602223,0.09678764468419819,0.03236381459880468,2.352349696541941,0.6037911142836946,0.4283929539730511,1.3790915730618565,0.06772758384668033,0.24839243493499447,0.9774390881817185,0.004180964701634204
1416,1.3151243957993408,0.1705631291169448,0.22676429444213725,2.560819678831423,0.6858017328235144,0.6358552035330465,1.2269909627166478,0.011609539145771071,0.04783126035083633,1.2456952830320822,-0.08813343308269306
1417,1.3702311035176407,0.15386461882631786,0.12886369438169643,2.679326006039684,0.7021069479393511,0.5379546034726057,1.3049380303272655,0.05214906208761405,0.23559466689585315,1.3090949025220433,-0.06529307319037514
1418,1.3604758821686247,0.18374131949216474,0.20612352344754406,2.7520769498952236,0.7232284550824419,0.6152144325384534,1.259639379814287,0.0557590080338673,0.14102805092359194,1.3916010677265989,-0.10083650235433761
1419,1.3231489970518815,0.19475551886551112,0.13733725917763062,2.624884088393693,0.7016407774362319,0.5464281682685399,1.2346057655560951,0.051148177239754206,0.19515743919257567,1.3017350913418115,-0.08854323149578636
1420,1.2747528095136254,0.213257530614412,0.24259414205810131,2.6398224555529297,0.7237379656248948,0.6516850511490107,1.1556889318767323,0.06293070212093013,0.09504742198177889,1.3650696460393044,-0.11906387763689308
1421,1.368577826452017,0.1258839326426458,0.11693084086518402,2.6089216695201216,0.688466603323787,0.5260217499560933,1.3192038688327752,0.05481888683158337,0.18241539694158548,1.2403438430681046,-0.04937395761924179
1422,1.299882035507192,0.18509189484198663,0.1206838540100873,2.541414043852413,0.6779708042815111,0.5260696566968075,1.2147091278784492,0.01996450754214729,0.14788798390361904,1.2415320083452208,-0.08517290762874286
1423,1.366684770715,0.14701325172080565,0.10550851393611746,2.5369958758515714,0.6633688746081144,0.5145994230270268,1.3345298848431133,0.0451127819548872,0.2539267049649288,1.1703111051365713,-0.03215488587188675
1424,1.390437085140363,0.1481074031712541,0.07253708094385108,2.670421999904881,0.6847252035346931,0.4780485947443745,1.348955559469919,0.057539682539682516,0.3005617370408354,1.279984914764518,-0.04148152567044394
1425,1.3934054772859779,0.08206205282195159,0.040370157117738954,2.4447770487903564,0.6308869161753634,0.44348267177812994,1.3967045980441504,0.06761025944066275,0.2588033901998089,1.0513715715043785,0.0032991207581725135
1426,1.2601872910435878,0.1914232561010725,0.23261610915229103,2.418629759503733,0.661511074642255,0.6417070182432003,1.172636410614309,0.035820532038402846,0.035680937606366495,1.158442468460145,-0.08755088042927883
1427,1.325331037943964,0.22240664463462353,0.2179606737608606,2.724773841847747,0.7236070513918305,0.6270515828517699,1.1954409025051622,0.05433824737494588,0.12953604270624874,1.399442803903783,-0.1298901354388018
1428,1.3201800331953235,0.23174246843921753,0.1798613744785326,2.7715758722979267,0.7413050988425527,0.5817573153208595,1.1728932551811027,0.01454570237292592,0.1707451645578295,1.4513958391026032,-0.14728677801422085
1429,1.3742070118704963,0.12292760253115406,0.038327942108480346,2.57346182185195,0.6686737251048422,0.43039225552666033,1.357663634810769,0.05619723440259314,0.31564658324870465,1.1992548099814537,-0.016543377059727415
1430,1.340473616866186,0.215901882062584,0.20546228505764344,2.756574612325207,0.7266071552663006,0.6145531941485527,1.222707250183189,0.03420626952253458,0.2029614409203813,1.4161009954590211,-0.11776636668299689
1431,1.2839234557135626,0.2069409532272881,0.29937534262067456,2.522265230426084,0.6963528686250233,0.7017831804488536,1.1818630463661672,0.05514304753117609,0.056699322796955866,1.2383417747125214,-0.10206040934739535
1432,1.3279307878915765,0.19190493937066483,0.2241789450469992,2.556702439568475,0.6853564766186429,0.6332698541379085,1.2378896982852186,0.020040177347362475,0.1235865830147209,1.2287716516768985,-0.09004108960635793
1433,1.3491444950564326,0.1249258283215131,0.14927223804563883,2.4925034603745324,0.6545097952753149,0.558363147136548,1.305694320535158,0.04939065123584961,0.13937591043633954,1.1433589653180998,-0.04345017452127453
1434,1.3060434084463344,0.1695879196804042,0.24874617335970514,2.526957608505115,0.6817023411522866,0.6578370824506143,1.225986031254047,0.025985175511783417,0.03067415332177828,1.2209142000587807,-0.08005737719228745
1435,1.397456713271195,0.1342335309085403,0.025400233140811038,2.621220472483425,0.676654639023956,0.41917815378692214,1.4064233796119923,0.0704263146082765,0.3932733991835201,1.22376375921223,0.008966666340797236
1436,1.3318765159913157,0.13790862693073894,0.09670368152909393,2.414263200915423,0.6397405405121985,0.5057945906200032,1.2969709596406083,0.03204552261156034,0.19234355759884988,1.0823866849241073,-0.03490555635070747
1437,1.3850566357965621,0.17157289799303305,0.0823597991352461,2.6760255816365115,0.6888375922691772,0.4911121362783777,1.3257145241046233,0.0595244669427826,0.2834103772610136,1.2909689458399494,-0.059342111691938815
1438,1.348411296386457,0.17648655938418423,0.11180239299018524,2.622914859473376,0.6997237307214017,0.5208933020810945,1.2857715085664456,0.038982234173181765,0.281461489369245,1.2745035630869193,-0.06263978782001134
1439,1.302516100175089,0.12248498309255892,0.10976075922410417,2.296877893915448,0.6088178484042266,0.5139294748559522,1.2698693731953203,0.023322302514576444,0.10242818046503199,0.9943617937403593,-0.03264672697976856
1440,1.289558580424234,0.1456896738386973,0.38060982514653696,2.5676665693672183,0.6963319281868344,0.7897007342374462,1.195987935832851,0.02190419399721724,0.08906235243865768,1.2781079889429843,-0.09357064459138309
1441,1.3303754108753671,0.19652561838874535,0.1529689437215857,2.615369990556887,0.6934661703783934,0.5538420788234313,1.2477802908800024,0.05935345025556235,0.18474168213661046,1.2849945796815199,-0.08259511999536473
1442,1.3497660586407756,0.14581065473490418,0.11384687081950054,2.619947282368458,0.6884542416143915,0.5229377799104098,1.2961622521076577,0.04878250583772055,0.19755477666240254,1.2701812237276826,-0.053603806533117915
1443,1.437974535780474,0.15029201237918877,0.04485796509015614,2.7886296873897836,0.7090746090255078,0.4480760304060354,1.392697436934601,0.062286606014481105,0.3359635757096227,1.3506551516093095,-0.045277098845873054
1444,1.3924455529799875,0.07347455861303935,0.02969424657807046,2.30262605243232,0.5991817149430216,0.43878515566897974,1.4318772603007446,0.1532513270722744,0.22052118464103732,0.9101804994523324,0.03943170732075707
1445,1.3008071822888045,0.2537749348463148,0.23568852211179853,2.8270879990518742,0.7530130586079549,0.6447794312027079,1.1329664239625576,0.0641757819723198,0.09416493085478984,1.5262808167630697,-0.1678407583262469
1446,1.3379655492852256,0.15419060640655918,0.19937279506227365,2.446458594302268,0.6434165554288348,0.608463704153183,1.2867987758642814,0.02802758532918647,0.1480158669688675,1.1084930450170425,-0.05116677342094422
1447,1.3191804471984285,0.1771264043338542,0.14574629660906163,2.519948495713504,0.6678608239857459,0.5548372056999709,1.238844293659433,0.031060606060606035,0.1250400452236015,1.2007680485150753,-0.08033615353899548
1448,1.3279050023948349,0.22388996011439022,0.33095989881771326,2.751678538388588,0.7274195782171957,0.7400508079086225,1.190445738442632,0.056236856369425214,0.03441163860906449,1.4237735359937531,-0.13745926395220298
1449,1.2839246679544818,0.1846802480315465,0.23040222157132817,2.4166348295915787,0.667262619397591,0.6270324214982977,1.2081679564412746,0.044817456045927545,0.07301642012314294,1.132710161637097,-0.07575671151320718
1450,1.2992511687912474,0.1257912801903941,0.21867877991621326,2.434659581705068,0.645607307497484,0.6277696890071226,1.2492225582172094,0.03373688392987463,0.07079091774182071,1.1354084129138207,-0.05002861057403796
1451,1.250249651419165,0.20261302860666996,0.31364388791623776,2.4374622836926454,0.6740741119881631,0.7217028089263986,1.146931416236393,0.041165755919854274,0.05586200828653452,1.1872126322734804,-0.10331823518277194
1452,1.3757585024926695,0.18484972695525675,0.21425491795658655,2.734283592400543,0.7153221117667914,0.6233458270474959,1.2852657462548467,0.05055588542413135,0.16185647973557077,1.3585250899078734,-0.09049275623782282
1453,1.31120871781411,0.20145137586683642,0.3446427315524445,2.7552211960967106,0.7316152255089785,0.7537336406433537,1.165241900565735,0.011824852640442628,0.03218967998209964,1.4440124782826005,-0.145966817248375
1454,1.312528708995931,0.1820614574323069,0.1645946711787561,2.639093810566953,0.6984774252512634,0.5736855802696654,1.215930703262727,0.01802916778164302,0.10808706186163376,1.326565101571022,-0.0965980057332041
1455,1.2981609688740896,0.29202123860686907,0.3304526965220488,2.785722715359204,0.7522260885161596,0.7390529087933306,1.1192979459145869,0.1038767515081597,0.07306254049723976,1.4875617464851145,-0.17886302295950274
1456,1.3365133177529207,0.149231648873627,0.16056617502548426,2.5141338501915897,0.6628478377928119,0.5696570841163935,1.279802128766867,0.020676755489007444,0.13687476635204573,1.177620532438669,-0.05671118898605365
1457,1.413388806987038,0.1789807000446792,0.10448973925569513,2.817456584903269,0.7203640105339334,0.5069384698460377,1.3281713530112964,0.04652021025512941,0.26803776455035705,1.404067777916231,-0.08521745397574154
1458,1.247562372201251,0.14753607818059725,0.25991311198997136,2.448698939818672,0.6839131501573741,0.6690040210808808,1.168911625164511,0.01299976977975597,0.06200669459695178,1.201136567617421,-0.07865074703673991
1459,1.3776992100066834,0.1521077291516115,0.05710390978032994,2.6879394801781964,0.7020449163890765,0.455339652670017,1.3215523364355342,0.04197707241697818,0.27503495855481597,1.310240270171513,-0.056146873571149225
1460,1.3526555072889392,0.13456902592768655,0.09261467040006974,2.412516091413858,0.6322609319865573,0.501705579490979,1.3280026960570441,0.03959554995341698,0.22319512320602017,1.0598605841249187,-0.02465281123189511
1461,1.3642622071114507,0.15359880581538593,0.11406870707492785,2.5945361266355103,0.68478405232163,0.5231596161658372,1.3149422003596312,0.05000927643784785,0.23688292657083687,1.2302739195240595,-0.04932000675181958
1462,1.3599263822843164,0.13276652898589902,0.14782174220863395,2.5633027714139383,0.6728572423460162,0.5569126512995433,1.3095722211988758,0.04154927964451775,0.17412951835653248,1.2033763891296219,-0.05035416108544055
1463,1.32734315700848,0.2209612865917721,0.24561209941150033,2.6679655135146785,0.7148297188540773,0.6547030085024096,1.2195038326354202,0.037312963661511364,0.18680807294208018,1.3406223565061985,-0.10783932437305976
1464,1.2799085930478449,0.17175810665018132,0.12927176639973914,2.4534032269805133,0.6709105887689758,0.5214656499752672,1.2086350987607624,0.0344673290781075,0.09763252116247785,1.1734946339326684,-0.07127349428708252
1465,1.3336564372554487,0.1931971738245979,0.1377965879872423,2.4722866806814734,0.6574547547752665,0.5420504422642183,1.2748870778742147,0.07096441179452674,0.1892961823449564,1.1386302434260247,-0.058769359381233954
1466,1.3576784963119883,0.17140171279936967,0.11146075387060332,2.540746557001971,0.6674928501546156,0.5205516629615126,1.3229189288888639,0.050067257194373285,0.2820099481145313,1.1830680606899828,-0.03475956742312447
1467,1.2500803884940745,0.23469959572609905,0.224118465157915,2.3513956659069577,0.6424225550532523,0.6217245749675411,1.1435172085567138,0.07952200741240548,0.055025745949733404,1.1013152774128832,-0.10656317993736075
1468,1.3778251907444616,0.14452311579788868,0.1042372312631469,2.5616372754262633,0.6681291139762886,0.5133281403540562,1.3458153347491204,0.0634075349485508,0.2640871459681518,1.1838120846818017,-0.03200985599534123
1469,1.370650546689076,0.1627866141515502,0.16220822307619132,2.5900483201849056,0.6740136806305315,0.5712991321671006,1.3093575226503797,0.038115955736309465,0.19844043310874535,1.2193977734958297,-0.06129302403869619
1470,1.328160068568577,0.22885210668748435,0.23558970428347442,2.8621039428386075,0.7604644109232805,0.6346012148351956,1.1726282262118863,0.05977257880124122,0.15027531101895655,1.5339438742700304,-0.1555318423566907
1471,1.3060041483845106,0.13542205279611508,0.10951963369026863,2.3152488883294686,0.618238190691464,0.5186105427811779,1.2766093834351375,0.04395163715838226,0.14154960894549978,1.009244739944958,-0.029394764949373098
1472,1.3590931387321987,0.11642175245688977,0.08206554645559136,2.5899177012999983,0.6777704407914216,0.49115645554650067,1.3202510883961893,0.04415834471713223,0.22126482651177234,1.2308245625677996,-0.038842050336009404
1473,1.3619999025718086,0.16015272943683156,0.2050621967334903,2.6575641770018845,0.6982600430017906,0.6141531058243996,1.2820897221978296,0.01845119308714176,0.1295909990073536,1.295564274430076,-0.07991018037397901
1474,1.3672519313373597,0.11524307400754016,0.0817622238948555,2.4244564089265705,0.6362036650752452,0.49085313298576483,1.3570900076961459,0.05186723746281002,0.22809908816185742,1.0572044775892109,-0.010161923641213821
1475,1.2819613672001142,0.22270972166681044,0.2713273290759696,2.706839238001789,0.7237785294411437,0.6804182381668789,1.1433150276932935,0.06379358786251674,0.022213433780015793,1.4248778708016747,-0.1386463395068207
1476,1.4084587773265835,0.11445074180462862,0.1171356997950398,2.5827835918796938,0.6638520526272658,0.5262266088859491,1.390890127497949,0.054664123550383456,0.25478081284742815,1.1743248145531102,-0.017568649828634486
1477,1.3823630350455485,0.08542866651936086,0.10363395936925697,2.304300946581365,0.5979260743410312,0.5127248684601662,1.3915633804227356,0.05058764756921618,0.20387289984258314,0.9219379115358164,0.009200345377187169
1478,1.3195725167525438,0.2414808773872661,0.12403539009907838,2.837512525055488,0.7534094240300958,0.5145769446660601,1.1724751070830708,0.06636453201970442,0.25635211584854534,1.517940008302944,-0.14709740966947304
1479,1.3737921432206601,0.18122818394306414,0.18197457984351612,2.706806309097115,0.7055666017633042,0.5910654889344253,1.2862427765930937,0.04937424222687603,0.1774303754757059,1.3330141658764547,-0.0875493666275664
1480,1.3843749798651128,0.16907587729093568,0.19639665595115324,2.783713794059975,0.7296681957549036,0.6054875650420626,1.2847929148279162,0.025402776595469086,0.13307429994131548,1.3993388141948624,-0.09958206503719658
1481,1.2978310012403897,0.16662255823087213,0.10469555871795264,2.477052934551573,0.6610489599839409,0.4891692163774879,1.234775958659625,0.03171632990014939,0.1530762084945646,1.1792219333111833,-0.06305504258076478
1482,1.367450295822593,0.11314153174729963,0.06573807125237113,2.3646227097746078,0.6217902637901931,0.4703009234103066,1.3707749147578223,0.050305793862494876,0.2656942364255813,0.9971724139520148,0.0033246189352293953
1483,1.3088270260811994,0.19377247226754646,0.11799942529761584,2.5865102330968908,0.6921875306664131,0.5065434926961364,1.2272853496829574,0.058436450839328524,0.1791235415508122,1.2776832070156914,-0.08154167639824195
1484,1.3178932645439494,0.13197938376535784,0.1342936647024785,2.2649508737564528,0.6119788291861138,0.5433845737933878,1.30305609419074,0.04726590306089437,0.22504103815515675,0.9470576092125034,-0.014837170353209306
1485,1.3518613812229243,0.1458992321062598,0.14384140503327786,2.610426913404245,0.6846877310028632,0.5529323141241871,1.2908792819792914,0.042664337449549464,0.1867228061416116,1.2585655321813207,-0.06098209924363296
1486,1.2978055369509112,0.1862287204117575,0.1162945109367152,2.5428769061261693,0.6886963604407538,0.522306125723139,1.2103579893216652,0.01771867343588188,0.13292544311217291,1.2450713691752582,-0.087447547629246
1487,1.392749991280451,0.15834071537616817,0.0732695040998721,2.711133449368632,0.6951889840993907,0.4823604131907814,1.3397391133192391,0.04574874421232334,0.29780709963379953,1.3183834580881808,-0.053010877961211955
1488,1.3465738742659958,0.1871273878377835,0.12766751013286332,2.642710383468434,0.6944692478315908,0.5367584192237727,1.2655146392015322,0.044371327849588735,0.23272968960588442,1.2961365092024382,-0.08105923506446366
1489,1.327983171650887,0.17676806007096002,0.29294950126861213,2.7016042199061516,0.7251691059249209,0.7020404103595215,1.2173653629041796,0.03152304353376743,0.028349343090876923,1.3736210482552647,-0.11061780874670735
1490,1.3410809912756705,0.2532741461581341,0.1958763590381995,2.8822837511460895,0.7645526768822106,0.6049672681291087,1.1684083036731057,0.0419913491382157,0.17502639409867923,1.541202759870419,-0.17267268760256482
1491,1.3712924350967333,0.1878137576966865,0.2094959573668978,2.713582920362703,0.7166228933424146,0.6185868664578071,1.2681517287873163,0.03650859310870813,0.14047015597510948,1.3422904852659698,-0.10314070630941696
1492,1.381516711491055,0.12808686465723135,0.09088889529515239,2.538549842358681,0.6575460772064764,0.49997980438606165,1.346420565357854,0.034152959281312165,0.2064756475440678,1.1570331308676263,-0.03509614613320089
1493,1.3809561322330333,0.21613219132228714,0.1006957616115208,2.798090405693868,0.7263046156687767,0.5008055304855727,1.266643460144595,0.03988836232504799,0.23486088280300305,1.4171342734608348,-0.1143126720884382
1494,1.3510371434086932,0.2541725874599555,0.25790957714442087,2.879803504815391,0.7489195272022312,0.66700048623533,1.1814721674656954,0.058586477548188264,0.11145330117021403,1.528766361406698,-0.1695649759429978
1495,1.302887816713969,0.17656733524092239,0.2082624377406853,2.54880810975322,0.6757548708424077,0.6173533468315946,1.2197820990329769,0.03742134506511491,0.08509494772201931,1.245920293039251,-0.08310571768099217
1496,1.3130761855702682,0.17328762949642101,0.22964579426469706,2.60468691085056,0.70387528889352,0.6387367033556064,1.2273079952246726,0.049602066792213614,0.04625851674022069,1.2916107252802917,-0.08576819034559557
1497,1.3356694189910323,0.18205450642577586,0.29457941484794503,2.6485365187432253,0.7145964680677186,0.7036703239388543,1.2324662703855194,0.01602192708797575,0.023192403087423943,1.312867099752193,-0.10320314860551294
1498,1.3408435542527473,0.18815215727902163,0.11300917329495137,2.6376319869540144,0.690693183493388,0.5179559296707357,1.2903065378202672,0.07483947699818103,0.2851663459190907,1.296788432701267,-0.0505370164324801
1499,1.3945563064449769,0.1737859516040346,0.03854523974264394,2.7283360202942997,0.6952352275660327,0.39655556257989943,1.370336092501232,0.0648391812865497,0.4098676998770039,1.3337797138493228,-0.02422021394374485
1500,1.261357973517286,0.23625285251157999,0.2853790922335251,2.6786753944008104,0.7392030852849893,0.6807843011830141,1.115719507405542,0.07008575267791664,0.09257567769156727,1.4173174208835244,-0.14563846611174402
1501,1.3393106735447242,0.10398937236239765,0.23824224864784616,2.3770023026715057,0.6239730375335053,0.6473331577387553,1.3052088328075515,0.03664933575102687,0.05952853466406162,1.0376916291267815,-0.034101840737172706
1502,1.38131917275342,0.12644897132462343,0.05705032966431757,2.61887041055555,0.6756502894926589,0.4636862926259736,1.3478656979030252,0.06994801819363222,0.2757692485143694,1.2375512378021298,-0.03345347485039474
1503,1.3762324839401523,0.1930826746034691,0.18841393415194824,2.8085641587289993,0.735198044681775,0.5975048432428576,1.2614670760995372,0.02187931159683391,0.15939345788528725,1.432331674788847,-0.11476540784061506
1504,1.2953735538686528,0.19185105204709596,0.26881996327909896,2.658163611878123,0.7273641895097483,0.6389738127433415,1.1786822279326539,0.04315840554592718,0.15598296734303407,1.36279005800947,-0.11669132593599896
1505,1.3502897854453555,0.14817303271739724,0.0713485002615855,2.601008125205297,0.678747159775305,0.46612700945219543,1.3040354010146915,0.0649858823006292,0.2291376041336952,1.2507183397599415,-0.046254384430663986
1506,1.3462704635020648,0.10982144234057263,0.02741393534193868,2.3817767964184533,0.6164055430744451,0.39921299279020767,1.3524909245118568,0.07599863125766965,0.293128738186322,1.0355063329163885,0.006220461009792011
1507,1.2707687693147736,0.21259353161971978,0.17888118991073543,2.5428015394404024,0.6944506964906465,0.5847812431206874,1.1796556437848138,0.08863800144126835,0.1635386676055203,1.2720327701256289,-0.09111312552995976
1508,1.34666544895441,0.1430085611190633,0.11114948593369298,2.584008238207632,0.6801171382260358,0.5199222282789508,1.294948945956592,0.0333777777777778,0.21327987901992443,1.237342789253222,-0.05171650299781816
1509,1.326076456210287,0.1768556580157822,0.20453274414886247,2.5809215415114037,0.6829972818986672,0.6136236532397717,1.2456230006446531,0.04371773539826787,0.14849538366858456,1.2548450853011168,-0.08045345556563377
1510,1.3962388881994394,0.18486228872184338,0.1949246500365767,2.8561464544665576,0.7480994192358025,0.6040155591274861,1.291034154311939,0.08840947267876552,0.20041542207859622,1.4599075662671182,-0.1052047338875004
1511,1.3712455820509075,0.1949569614315162,0.18032907672977436,2.820287443575814,0.7353123662191101,0.5894199858206837,1.2423817428181425,0.01545305873548242,0.16480487424539303,1.4490418615249063,-0.128863839232765
1512,1.3167195935082185,0.14526293447883828,0.19346005444216294,2.4959522838872714,0.672578033620056,0.6025509635330722,1.2621045317871982,0.044698796281074746,0.1422234841444171,1.1792326903790529,-0.054615061721020375
1513,1.3188529290393642,0.14528323982218547,0.1896680830825,2.468928009899461,0.6700420507950386,0.5987486936305109,1.2730459481534295,0.07056617043722897,0.13968193887358543,1.1500750808600966,-0.04580698088593471
1514,1.3304325119403404,0.1408301387758694,0.1687011277391,2.4929151628465567,0.6659994910543352,0.5777920368300092,1.2834114853887792,0.051684080125283444,0.1537059706257597,1.1624826509062163,-0.04702102655156115
1515,1.2742785535622732,0.23622889216827664,0.18248625016827744,2.5464804431932064,0.6914488126796821,0.5751358433550322,1.1717942484776742,0.117863208779723,0.1401444297478288,1.2722018896309333,-0.10248430508459894
1516,1.3656693468812093,0.1567243513058861,0.15169850611745667,2.6878470702412667,0.7014465573788585,0.5607894152083659,1.2924965891314066,0.04891176909466863,0.17740712107176107,1.3221777233600573,-0.0731727577498027
1517,1.3858642294111372,0.08677389747847092,0.06057679560930827,2.483513443750216,0.6473434753858205,0.46966770470021757,1.381278530981985,0.08557435844317272,0.22234509873828673,1.0976492143390788,-0.00458569842915213
1518,1.4009519341254457,0.07511239968535363,0.018763384273647737,2.463926172274915,0.6399868991032771,0.42785429336455705,1.4115289146066576,0.08155373736291924,0.27500253835519906,1.0629742381494693,0.010576980481211917
1519,1.3236607796702775,0.1346872852302007,0.09721495234386365,2.444267180295335,0.6537084030570957,0.4903959249906781,1.3060764552894435,0.06065449486502118,0.26104952066254544,1.1206064006250576,-0.017584324380834015
1520,1.330451746719191,0.15812958441506103,0.21198608923226742,2.6044556153773515,0.6945440255897761,0.6210769983231768,1.254530801409783,0.03516819571865444,0.08853278871511576,1.2740038686581605,-0.07592094530940807
1521,1.2829451999219197,0.15645743933274583,0.151501709235675,2.4033810827995636,0.6433467415038853,0.5605926183265844,1.2208961769519662,0.0202395816368999,0.09845855141871125,1.120435882877644,-0.062049022969953516
1522,1.319067976626994,0.1556795655769576,0.09773200162770687,2.6159493129387084,0.6902168734322209,0.5046819212913483,1.255835845646649,0.043898712478339444,0.2247406655093644,1.2968813363117144,-0.06323213098034497
1523,1.337571826947531,0.12270772509542915,0.08988008068616221,2.3607147927680225,0.6257492020816585,0.49897098977707144,1.317250605171916,0.037748219653904846,0.17684480189945254,1.0231429658204916,-0.020321221775615017
1524,1.3096279097545946,0.1644671363758583,0.1603542439062251,2.358385940791531,0.6293095362798917,0.5694451529971344,1.2516505201351071,0.017502986857825576,0.10591822648797615,1.0487580310369364,-0.05797738961948751
1525,1.3137913469187157,0.14472423329890502,0.25417270778959355,2.462048652662827,0.6629206205826026,0.6632636168805028,1.255395220152029,0.044391228103256464,0.09226057504317718,1.1482573057441114,-0.058396126766686596
1526,1.3241230403082684,0.23635911217847883,0.23174993921409032,2.72047234007562,0.7202966389768306,0.6408408483049997,1.1897385481413023,0.07046040515653781,0.15628545720196702,1.3963492997673517,-0.13438449216696613
1527,1.3750937392942375,0.19269636218171793,0.21386458413426662,2.9277689582591733,0.7676683128798414,0.622955493225176,1.2291995817970889,0.0336613386894414,0.1206790377293052,1.5526752189649358,-0.14589415749714862
1528,1.3457691427550125,0.10005082447371264,0.09635929412100014,2.5040234296881216,0.6657418607167683,0.5054502032119095,1.324213443775604,0.0744914261369688,0.21055107419167346,1.1582542869331092,-0.021555698979408566
1529,1.3534071770591158,0.10378476878527909,0.026360641489112324,2.2648267085586227,0.5868078365780811,0.4203639916933663,1.3798502737943568,0.06807063266816119,0.3053931207241666,0.9114195314995068,0.026443096735240923
1530,1.347863757679803,0.14460325207366434,0.11973100467875691,2.493474754260502,0.6626985334792005,0.5288219137696661,1.2997125557309481,0.03374687239366142,0.15673067800500667,1.145610996580699,-0.048151201948854805
1531,1.2821678726991732,0.14238124913306757,0.07191490824157759,2.2618013766401233,0.5996980982763249,0.47564672712742295,1.2469106624190434,0.0345700371651929,0.15750705973964674,0.9796335039409501,-0.03525721028012985
1532,1.3429892759261333,0.1457880993762818,0.14744699657851418,2.548083231259984,0.6767936710494595,0.5565379056694235,1.2851057070567538,0.04105212172026319,0.13279695770338568,1.2050939553338509,-0.05788356886937951
1533,1.3517899661577453,0.1982968035540903,0.18561323423118875,2.5590713990887743,0.6786482798665561,0.594704143322098,1.2897019859316732,0.08812752684488873,0.188837105544083,1.207281432931029,-0.06208798022607209
1534,1.32929744151328,0.1456166174422448,0.19410262904772171,2.535243592944468,0.6770277065942252,0.6031935381386311,1.2644394548167663,0.02043027158986879,0.08159396831674823,1.205946151431188,-0.06485798669651377
1535,1.3357860870447702,0.12684232986833255,0.21248806902394501,2.351981485403858,0.6184724504809487,0.6215789781148542,1.3114335065184033,0.044158014082826165,0.1536175496516543,1.0161953983590877,-0.024352580526366907
1536,1.3726773620047896,0.21943573614392325,0.16681928285412095,2.859623530992614,0.7473228065126651,0.5759101919450302,1.2512045366648472,0.07762904636920386,0.1987357962341956,1.4869461689878243,-0.12147282533994241
1537,1.2766091050699262,0.1519361283622616,0.28867266144361814,2.4958177001903628,0.681506500218749,0.6977635705345275,1.1993908966487927,0.02326338051081828,0.0797338436287694,1.2192085951204366,-0.07721820842113347
1538,1.3621576443252845,0.20692621497407376,0.16505021137038933,2.7869682535262403,0.7299214414965225,0.5741411204612986,1.2631131303689314,0.07936229783064966,0.21758096022553403,1.4248106092009558,-0.09904451395635316
1539,1.3236364959373967,0.14593302379761453,0.1386293355801717,2.4863089314646443,0.6602035994896707,0.5477202446710809,1.268299838829266,0.042820312273688474,0.16056058914410964,1.1626724355272475,-0.05533665710813085
1540,1.335465530053967,0.21472427184074508,0.12112823663552273,2.604412614482807,0.6890871032583524,0.5257438720391512,1.2481793555995653,0.08405271175734758,0.21795239579711073,1.2689470844288397,-0.08728617445440179
1541,1.3983409798678834,0.18602777333590195,0.11725316338130073,2.730119000580302,0.7034858797579879,0.5237059791986662,1.3176619328438046,0.04135811550847596,0.26284952792491256,1.3317780207124188,-0.0806790470240788
1542,1.2960606159733778,0.21138758074488584,0.21143925832202687,2.599909486894499,0.6998835186232428,0.6205301674129361,1.185150466290899,0.04859524292043707,0.13041744075359318,1.3038488709211213,-0.11091014968247892
1543,1.4021135607688628,0.2144944485615375,0.30795498990714,2.8667057932669535,0.7431989360124025,0.7170458989980493,1.2644795740489,0.03854278203910846,0.1282507339970977,1.4645922324980907,-0.13763398671996274
1544,1.3111373447024504,0.17948455540241243,0.1581294846530577,2.5558789305453713,0.6834819094901744,0.567220393743967,1.2312682007297169,0.025503444470035067,0.12182727576896114,1.244741585842921,-0.07986914397273348
1545,1.3630277619625124,0.17346714397141702,0.11184885937895793,2.604929575301263,0.6800399167394722,0.5209397684698672,1.3028558673293,0.034569890504266315,0.2420472593651254,1.2419018133387505,-0.060171894633212375
1546,1.323271992361795,0.12946700307695957,0.14792856618692146,2.432206571477825,0.6373877395153891,0.5570194752778308,1.2880478042138659,0.0538923193586827,0.137356035600588,1.1089345791160299,-0.03522418814792916
1547,1.3277796366834416,0.172661124336423,0.23543995008597568,2.585324013856771,0.7034004806402594,0.644530859176885,1.2383702111098693,0.030257126167067654,0.08216273144050369,1.2575443771733292,-0.08940942557357223
1548,1.3454276920993395,0.1571506342155029,0.07336402125294615,2.523046251983561,0.663737796183841,0.4824549303438554,1.3006167862404956,0.05263875728601371,0.2529224409842585,1.1776185598842215,-0.04481090585884395
1549,1.3638125385238493,0.17068959126960948,0.1802901012651969,2.5918410090620356,0.6870826933679118,0.5893810103561061,1.2966661909530472,0.03559717667981996,0.1781320157879542,1.2280284705381863,-0.06714634757080207
1550,1.4161030646193626,0.1630260541072382,0.1709942995986604,2.8445125597181855,0.7502954852600346,0.5800852086895696,1.323178596717291,0.070087489386836,0.18428008688165273,1.4284094950988229,-0.09292446790207154
1551,1.30874294467122,0.18064122356225557,0.16601044619435396,2.5481337894439173,0.6827930148291761,0.5751013552852633,1.22738118221517,0.029521953570383567,0.1683874906706011,1.2393908447726973,-0.08136176245605009
1552,1.352144620696774,0.09240400618072853,0.04775531276656424,2.3999161475657598,0.6327407790634949,0.453063091886995,1.3504099570239037,0.07032350193461225,0.24705458413994635,1.0477715268689858,-0.0017346636728703402
1553,1.349131687415708,0.1763706281280527,0.1898254890446302,2.598610597694455,0.6981433531435657,0.5974013706027117,1.2657723094647593,0.03699446815790973,0.1474707825619993,1.2494789102787471,-0.08335937795094872
1554,1.3276381712254908,0.14796017539152717,0.10086086364359925,2.4668652175663692,0.66206538076288,0.5099517727345086,1.2775551996868044,0.02800148711584931,0.18803587187658893,1.1392270463408785,-0.05008297153868635
1555,1.3911375690007384,0.09672448901388388,0.059850954999549844,2.4767459108201875,0.640519226300251,0.4689418640904591,1.387084936718007,0.08391634980988594,0.2491081908050783,1.085608341819449,-0.00405263228273145
1556,1.3740555649194492,0.1778236480063657,0.2136940867227387,2.8326666113522743,0.7477452377102639,0.622784995813648,1.259307209277915,0.039275488900202195,0.14706717216004728,1.458611046432825,-0.1147483556415343
1557,1.3704088426325485,0.1453978074520882,0.19375788285796458,2.6609876471705856,0.6979201093703203,0.6028487919488739,1.3063549826305485,0.0620128046725823,0.17002323194511793,1.290578804538037,-0.06405386000199997
1558,1.3951453551376756,0.19487189956887535,0.15968169557727185,2.7616688404808527,0.7100539014670839,0.5687726046681811,1.3141347592599704,0.03943727476950439,0.24702829442646665,1.3665234853431771,-0.0810105958777052
1559,1.32614057815693,0.2342819501195651,0.30021954218832253,2.845789645057421,0.7594221684659672,0.7093104512792318,1.165781135459111,0.03499696736732712,0.07032024243302602,1.5196490669004912,-0.160359442697819
1560,1.3476289129419132,0.17978300834122996,0.35521736292837347,2.6809867718812246,0.715466999484307,0.7643082720192829,1.2433224185507763,0.045035756301965574,0.07623894463105371,1.3333578589393114,-0.10430649439113693
1561,1.35724879090515,0.17437129011328256,0.07190050184887725,2.6923863350815695,0.7015883080733833,0.47260790171627975,1.289903913499785,0.04730050711986791,0.29800036211890696,1.3351375441764195,-0.0673448774053651
1562,1.3214117507463037,0.16377515391032915,0.17630069966251247,2.522238940465101,0.667933473893044,0.5853916087534218,1.2519341421679029,0.027688749638635195,0.11110714678207267,1.2008271897187974,-0.0694776085784008
1563,1.298112799886636,0.1756321436797525,0.3595946781134526,2.473188404260395,0.6899610531498549,0.7686855872043619,1.209058378485834,0.057631211081458876,0.07421292254986585,1.175075604373759,-0.089054421400802
1564,1.2907069474680648,0.176996469267098,0.2472266060629992,2.4561110393719674,0.667497630168091,0.6563175151539086,1.2145603160514522,0.04983804518510361,0.029703151776944242,1.1654040919039026,-0.0761466314166126
1565,1.2562644355704289,0.18308094565046196,0.14644306612613578,2.413872411121089,0.664290339415603,0.5270155359443703,1.1763274262267842,0.020863188214725863,0.12830137367259817,1.1576079755506603,-0.07993700934364467
1566,1.2552783905629183,0.16711180668126574,0.22562220563411764,2.4194984424761303,0.663132121257964,0.6347131147250269,1.17778590493413,0.03243294984043193,0.042055074899590525,1.164220051913212,-0.07749248562878841
1567,1.3658731804057933,0.1785421022967867,0.10925721146456982,2.7019259273073266,0.7012115716000814,0.5183481205554791,1.2804173699074726,0.02707620175065169,0.22096163971881322,1.3360527469015333,-0.08545581049832074
1568,1.3983579248520284,0.12591217687136186,0.060532632295504894,2.6591522993984555,0.6875376001431256,0.4681841135905912,1.363155148092323,0.06429317222484983,0.27341264644781277,1.2607943745464272,-0.0352027767597054
1569,1.4122307076426825,0.18637259441019818,0.03618432289929013,2.867093937319235,0.7307763762783677,0.4307133997687631,1.3411049120942158,0.05065419718836178,0.39356972056499284,1.4548632296765522,-0.07112579554846676
1570,1.4089249240330957,0.14343857761071516,0.11294482352237863,2.7928977560343275,0.7288769326186535,0.5220357326132878,1.3324161103833159,0.05759420766825736,0.27173424932217666,1.383972832001232,-0.0765088136497798
1571,1.3472391834588298,0.109506584397783,0.13027596768045907,2.392397161356578,0.6330385343991306,0.5393668767713684,1.323642524771786,0.04539260773292454,0.15271386756148142,1.0451579778977484,-0.023596658687043748
1572,1.3824157027407908,0.19833747965457382,0.13258127416361332,2.8319456045841283,0.741106652878674,0.5411345843131345,1.2686492053903926,0.0374147151023419,0.205635987006966,1.4495299018433374,-0.11376649735039823
1573,1.3311771506923136,0.11221625552770002,0.10966414744467796,2.5500032028284645,0.6743325385879818,0.5187550565355872,1.29499043508704,0.07769819383135523,0.2143392550083001,1.218826052136151,-0.036186715605273534
1574,1.386551011134228,0.09840081297875793,0.0523209792676776,2.5604905222556975,0.6612797899350122,0.4556015663446132,1.363871862735047,0.06482985547086507,0.23321156790303693,1.1739395111214694,-0.02267914839918106
1575,1.3426910488851713,0.09790643454566425,0.05752703661600056,2.3351616627938614,0.616315877976584,0.4615656558133304,1.3448609887350575,0.06347694288649348,0.2503603218301535,0.9924706139086901,0.0021699398498862266
1576,1.3949441346428713,0.10516895899484957,0.0732936137944461,2.580330644360983,0.6672364517492377,0.4823845228853554,1.38374913880492,0.07795905476945515,0.27842591640295256,1.1853865097181115,-0.01119499583795136
1577,1.2852197375836178,0.1912654759895623,0.3256424123542725,2.5205577500147127,0.6944149072163364,0.7347333214451817,1.182720130083802,0.041079264115661276,0.02350611608624037,1.2353380124310949,-0.1024996074998159
1578,1.3380169301448355,0.16637753890524729,0.15376651891139223,2.6354162339255573,0.6966307890048757,0.5628574280023015,1.2552514240161883,0.029201897835188815,0.16273244314296925,1.2973993037807219,-0.08276550612864719
1579,1.3336859140348212,0.15110924212516502,0.13230345522474285,2.5662102935361215,0.679245437753867,0.5400468425873168,1.266985474094198,0.021260668603131708,0.18235430706631459,1.2325243795013003,-0.06670043994062325
1580,1.2860954449335225,0.25480278712029025,0.3480482693148225,2.7649509408243333,0.7578259601901134,0.7571391784057317,1.117567085068475,0.06317110584297869,0.06943003235539533,1.478855495890811,-0.16852835986504755
1581,1.3979279074586715,0.11979099902553769,0.09742615282223747,2.600986175638358,0.6772083680804024,0.5065170619131467,1.36586497445793,0.06925476198418788,0.19349583908757276,1.2030582681796864,-0.03206293300074137
1582,1.3104764044436523,0.1550293798294398,0.3413591969811617,2.5163977071553836,0.6842320347826709,0.750450106072071,1.2269204894622279,0.017046765053421967,0.07364209193199002,1.2059213027117313,-0.08355591498142445
1583,1.349704577927528,0.11040637466625872,0.05830227966662521,2.504177237555126,0.6615646725914008,0.4612606567069658,1.3203944879383416,0.038893505662867374,0.19919849021109848,1.154472659627598,-0.029310089989186494
1584,1.3368793980519311,0.1722572319581762,0.18492506805848752,2.5827751036138142,0.6950907614818413,0.5940159771493969,1.2626395684169212,0.0402459026896808,0.164165732860729,1.2458957055618831,-0.07423982963500997
1585,1.342199285996991,0.1931360795982769,0.22427085211771347,2.642699965849905,0.7004639544015219,0.6333617612086226,1.2501271427026062,0.033319476141592225,0.15051953905689486,1.300500679852914,-0.09207214329438473
1586,1.3507348158336383,0.1618035800821053,0.18353279705647912,2.661763195185763,0.7143704409521832,0.5926237061473885,1.2631578560716363,0.02411786056882115,0.12051747068413074,1.311028379352125,-0.08757695976200197
1587,1.3608942824206156,0.23514792671534387,0.18739974682376104,2.787637555441466,0.7441656091983562,0.5828114690851679,1.2220977998514624,0.03956043956043956,0.1930902671129995,1.4267432730208502,-0.13879648256915322
1588,1.3580616012922335,0.184860574133411,0.18655819394649303,2.6962603302328834,0.7082505753081956,0.5956491030374023,1.2626980699980104,0.016229087368327882,0.12618739727875083,1.3381987289406498,-0.09536353129422315
1589,1.2787458347692224,0.19526791861237938,0.283075115287004,2.5051625359124943,0.6942183878174044,0.6921660243779133,1.18590250281835,0.06405749708749149,0.046517737317770744,1.2264167011432718,-0.09284333195087235
1590,1.3891366379213292,0.139171697859035,0.05917766047967069,2.4542678800426376,0.629283665045614,0.4610453959000089,1.3837882189142445,0.09466245785206971,0.2748628655851665,1.0651312421213084,-0.005348419007084715
1591,1.4010367271545678,0.10952501515677977,0.04204087432058664,2.493041842834006,0.6383807599727861,0.4374560600539954,1.3977274342919175,0.08711936423007313,0.28097051818140145,1.0920051156794381,-0.0033092928626503593
1592,1.3673605413554686,0.17694631484725734,0.1290458685616628,2.686176659833028,0.7012871483908294,0.5381367776525721,1.280895372425645,0.026617995578247507,0.1928151027310453,1.3188161184775593,-0.08646516892982348
1593,1.3767017413428864,0.2322908848338977,0.14619456611980275,2.860892761835487,0.7456992192980451,0.540778211716415,1.2512957762095158,0.05729932207457178,0.2853764270698095,1.4841910204926005,-0.12540596513337054
1594,1.295572847115119,0.18530310108238496,0.19163833886641507,2.523269418231379,0.6816758636483787,0.5964336164433001,1.2143298933943174,0.05510169243525338,0.1127745440514384,1.2276965711162597,-0.0812429537208017
1595,1.3607401372517196,0.22689898574527376,0.23042697320515584,2.821964858460788,0.7353802063502974,0.6395178822960651,1.2206280219504586,0.039151581676586625,0.15428994761533682,1.4612247212090685,-0.140112115301261
1596,1.2684460927292096,0.21610215738248928,0.31403519403122315,2.596475059937764,0.7097883250582346,0.7231261031221324,1.1469416894190934,0.07401265852348368,0.0546437233878128,1.3280289672085543,-0.12150440331011625
1597,1.3494690807038205,0.19524447086213098,0.215626846443055,2.7108647700895347,0.712763704026372,0.6247177555339642,1.2477390402432684,0.02795728543726397,0.1595308052262006,1.3613956893857142,-0.10173004046055212
1598,1.307712772165199,0.17340769942213397,0.24052899186178062,2.531137898306461,0.6832903251229747,0.6496199009526898,1.2199303487390045,0.013396375098502764,0.07738745130366256,1.2234251261412619,-0.08778242342619458
1599,1.396175146411033,0.23499124111980307,0.20527398593542434,2.9402642141683097,0.7634836513849875,0.6014096946674045,1.2544848414353527,0.06383161512027496,0.24540356004958525,1.5440890677572767,-0.14169030497568036
1600,1.3420821486920604,0.14415429850104114,0.04250437723363,2.512902912991129,0.6629330339123258,0.4355495246341977,1.3252277538812776,0.04972459129891773,0.32836748670636356,1.1708207642990685,-0.01685439481078288
1601,1.3683527332367968,0.1364811332576651,0.06551768182683027,2.5335004637920355,0.6611547373529825,0.47460859091773955,1.3382482415964605,0.050251006511258016,0.2641085597375558,1.1651477305552387,-0.03010449164033635
1602,1.3672653020452024,0.20021754095238653,0.15939085717775525,2.8680920527170417,0.7448783857704775,0.5684817662686645,1.241622020852175,0.034386361553267575,0.2254187731624829,1.5008267506718393,-0.12564328119302726
1603,1.4025143790293253,0.11176702925172663,0.09266059280862485,2.663407611924375,0.7016872315780454,0.5017515018995342,1.3883279723780548,0.099560635705214,0.29229458784408885,1.2608932328950497,-0.014186406651270467
1604,1.3670304628985686,0.11266729266167944,0.04039687205186336,2.3603042473951232,0.6192654631554302,0.4425662875750441,1.3741939845299003,0.06420266506206507,0.28305672514939684,0.9932737844965547,0.007163521631331715
1605,1.3377597325243429,0.11557241963487057,0.13652486957782073,2.509170325424307,0.6634574441004049,0.54561577866873,1.2977082951366343,0.04947668613379884,0.1679724106757474,1.1714105928999643,-0.040051437387708555
1606,1.3219294814430675,0.2055335346511295,0.3263005154510168,2.7551692821746085,0.7366212775498286,0.735391424541926,1.1842834696752518,0.028482787423184767,0.019497591082843324,1.433239800731541,-0.13764601176781577
1607,1.4180868309165344,0.1654589684536162,0.07970386741850573,2.7679378478571586,0.7103007049724159,0.48879477650941505,1.352008918743692,0.07945557686813859,0.2924835397870027,1.3498510169406241,-0.06607791217284253
1608,1.4314491813568901,0.15210806993346898,0.08726951449297801,2.7607447303507207,0.7058767201746103,0.4963604235838873,1.3995018543886564,0.06061359252114554,0.3239108944865011,1.3292955489938305,-0.03194732696823377
1609,1.318702694308135,0.1232278589481222,0.1617500333954247,2.433864997458006,0.6569013523878178,0.570840942486334,1.2774370782049598,0.034804717361987925,0.1046593490983225,1.1151623031498712,-0.04126561610317525
1610,1.3913215692754357,0.17312644891289014,0.2505902100746833,2.751853380563776,0.7177423517575576,0.6596811191655925,1.2969388452870092,0.05490454038766805,0.18144413642267143,1.3605318112883404,-0.09438272398842651
1611,1.4035287572058004,0.11046845384782014,0.04379736926513325,2.6007010379599955,0.6679161335360322,0.4493602355205537,1.387593581989636,0.0622154546573151,0.2950248678371806,1.1971722807541951,-0.0159351752161645
1612,1.3488872856988436,0.14307153933812944,0.1207347838045727,2.575073498004599,0.6762898420786847,0.5298256928954819,1.295138704615777,0.03021678281297962,0.192238093183407,1.2261862123057554,-0.05374858108306668
1613,1.3533731206278405,0.19810993670291843,0.21318721892552456,2.780721151358886,0.7357161561661689,0.6222781280164338,1.235236496567411,0.025494013506068718,0.12162101228556825,1.4273480307310455,-0.11813662406042957
1614,1.3104876636259641,0.28925672683448167,0.25816537251621235,2.861274092535857,0.7663711295555327,0.6671573312224064,1.1177880131325386,0.08709257485324097,0.10928001970082468,1.550786428909893,-0.19269965049342552
1615,1.2721898623622705,0.2369781942454246,0.3225461951660385,2.6488753923164055,0.7152852093202255,0.7249885155725524,1.1420809534987133,0.07832574998741416,0.10873342599785608,1.376685529954135,-0.1301089088635572
1616,1.358981145391175,0.11909077427258571,0.1344320060439091,2.4867978791281953,0.6557038048930008,0.5435229151348183,1.3337714598424801,0.045911249745285855,0.21077479184026757,1.1278167337370202,-0.02520968554869496
1617,1.2815392655663116,0.22152372985188423,0.3102355154309431,2.683259311364273,0.7295571250126065,0.7193264245218524,1.1387502063238713,0.028611444577831116,0.05252981422563825,1.4017200457979615,-0.14278905924244034
1618,1.2837127453102126,0.17262997430706856,0.3941826230471207,2.4908635390169938,0.6837975586873146,0.80327353213803,1.18953402130095,0.03591698688020927,0.12676186478792667,1.2071507937067811,-0.09417872400926264
1619,1.317537706722576,0.270276964739401,0.24696930710304277,2.863576230879702,0.7665067605747733,0.656060216193952,1.141252429287297,0.07510838054203574,0.15666342760356,1.5460385241571262,-0.176285277435279
1620,1.3738066136187437,0.12990414561186264,0.1252908375995458,2.575485761112673,0.6656311443239619,0.534381746690455,1.3295013942231044,0.04828802529951957,0.19633213206719205,1.2016791474939292,-0.04430521939563925
1621,1.3357832944565664,0.16660605417396357,0.2695016300954818,2.6715595880885576,0.7136385112655018,0.6785925391863912,1.2383399393794146,0.032046332046332074,0.035663918184838606,1.3357762936319912,-0.09744335507715185
1622,1.3425500333558094,0.10196948255942147,0.10730209286494465,2.3618053655734865,0.6214139616259475,0.516393001955854,1.322306174548272,0.04586214555415706,0.1316723559213969,1.0192553322176772,-0.020243858807537318
1623,1.3571434180495938,0.19622889330670729,0.2743514180809536,2.737183154286718,0.7196397779955392,0.6834423271718628,1.2354507506371806,0.006600357238983133,0.09757526237770174,1.3800397362371242,-0.12169266741241325
1624,1.2174040386518015,0.20097160813497372,0.2947720728626756,2.3934235486611275,0.6624419941587141,0.7018089506058772,1.1176131301309504,0.05877958730307726,0.08047109370195638,1.176019510009326,-0.09979090852085104
1625,1.3045626001389077,0.1536396732868766,0.13113148011853973,2.3881396302595204,0.6386824090512521,0.540222389209449,1.2505253487650423,0.015156455977242776,0.10241977105169557,1.0835770301206127,-0.05403725137386539
1626,1.4107055122356607,0.11818906298226262,0.09487500671317199,2.6720249145974924,0.6943694199610254,0.5039659158040812,1.3737756408344772,0.06659856996935648,0.28412844441728524,1.2613194023618317,-0.03692987140118342
1627,1.305290147167855,0.15379224271309944,0.13582263647919507,2.4149935531439466,0.6518496880814786,0.5449135455701044,1.261234924651598,0.04775458570524986,0.16694198298047386,1.1097034059760915,-0.04405522251625715
1628,1.2768141035859326,0.2176163999934214,0.22377867801608556,2.615096563955408,0.7101347891147947,0.6153682593248007,1.1682172180080546,0.09531860579283256,0.13610039008180813,1.3382824603694754,-0.10859688557787806
1629,1.2858889601454104,0.24085311570983473,0.2743978692045722,2.619568149965898,0.724184585025663,0.6694693388323938,1.172022812980058,0.11270300144545531,0.1649015428587632,1.3336791898204876,-0.11386614716535237
1630,1.3498594111892912,0.12730417437568692,0.06359453206807647,2.4808048532023745,0.6432070842370972,0.4726854411589857,1.320644829632339,0.05750726744186049,0.23446363774497775,1.1309454420130833,-0.029214581556952224
1631,1.3415035231324404,0.19922004485510936,0.1122047893996303,2.7377628715045907,0.7251104850730948,0.5044970952694088,1.2574449800098058,0.036446939802431244,0.293122345025758,1.3962593483721504,-0.08405854312263461
1632,1.338032309339043,0.15520038666865354,0.16097381145921702,2.6284941668219783,0.6996317436578852,0.5700647205501264,1.2650587511822668,0.04029028133408384,0.15051740114469436,1.2904618574829354,-0.07297355815677609
1633,1.362146569533341,0.14874038300350712,0.19095140451404094,2.6090221620415943,0.6872193063358512,0.6000423136049502,1.3009613830691862,0.05089842589842592,0.15924495300018737,1.2468755925082533,-0.06118518646415483
1634,1.3200693462888888,0.1186013428158865,0.1066743294305293,2.339148436641997,0.6203883045228962,0.5157652385214386,1.2907736620062433,0.03275964235969135,0.13035921150000435,1.0190790903531082,-0.029295684282645507
1635,1.3519515466549183,0.19069013649550365,0.07983321624100614,2.69999640032595,0.7111939375159957,0.46134446464551937,1.2738458867565061,0.0359139216047111,0.29383883043059067,1.3480448536710314,-0.07810565989841223
1636,1.3768282202978899,0.1664490339585734,0.1023424421356019,2.7370301794899414,0.7165403334189313,0.5107733072797874,1.2948930107371253,0.035768153415212244,0.22747997590886823,1.3602019591920516,-0.08193520956076461
1637,1.4170653891307723,0.18537571460288094,0.2798014956421946,2.8088970680220187,0.7321303825039001,0.6888924047331038,1.3079427389218474,0.06010612618524642,0.1701752693196052,1.3918316788912464,-0.10912265020892487
1638,1.3561373054432684,0.07892251733365321,0.11974670847872505,2.419470741875311,0.6385545134781393,0.5288376175696343,1.3537268557334756,0.09935746955836917,0.14891512676089758,1.0633334364320426,-0.0024104497097927613
1639,1.2688727391058505,0.1842046345318057,0.09590446239337864,2.4877580501974297,0.6761232482926116,0.4775789656569067,1.1875410121319738,0.03314748880925944,0.22406442749060257,1.2188853110915792,-0.0813317269738767
1640,1.3854601963235187,0.1768732363990843,0.23921116551240362,2.768171793574197,0.7275772887161309,0.6483020746033129,1.2877292246686136,0.048106230412897674,0.13471705157453975,1.3827115972506785,-0.09773097165490507
1641,1.2493456313821931,0.20252154804189923,0.2409738974090699,2.498112500399186,0.684569023382425,0.631162637456905,1.1392234792104563,0.022625063500975883,0.07296657348279223,1.2487668690169929,-0.11012215217173682
1642,1.4130545598164,0.07689547361715028,0.014293037822237446,2.46278482196745,0.6314832336697414,0.41496320111828777,1.4233394550674419,0.09683651291958464,0.25518915016421806,1.0497302621510503,0.010284895251041926
1643,1.3607336478506218,0.13442146408531733,0.11429966066238731,2.360290567843406,0.6170331481600815,0.5233905697532966,1.330575314780429,0.03486185426014344,0.14557515832639412,0.9995569199927843,-0.03015833307019289
1644,1.3224595334569187,0.19238758395860595,0.3625778026719928,2.7559836821382677,0.7366553645291307,0.771668711762902,1.1927427370844645,0.03138827502296822,0.09133434793085395,1.433524148681349,-0.12971679637245415
1645,1.2881491437904133,0.1884571743084873,0.31156616193325104,2.520220067051336,0.6822688235122631,0.7206570710241603,1.1917989137466185,0.021220930232558118,0.04565650659661957,1.2320709232609228,-0.09635023004379484
1646,1.327898936648019,0.23885522413903967,0.2069766890060798,2.7250222884479873,0.72890273977629,0.612440879794451,1.1970407435858537,0.06495476829364945,0.1280660799152183,1.3971233517999684,-0.13085819306216528
1647,1.3374833463199898,0.24331592769206783,0.376327887551104,2.7720979631973814,0.7391612440747531,0.7854187966420134,1.1792226226090152,0.061191811077132174,0.060763840407889264,1.4346146168773917,-0.15826072371097455
1648,1.281173171830748,0.18649047153336293,0.30601278500635737,2.403680552437281,0.666848379790926,0.7151036940972668,1.2006173216446356,0.049358038138145564,0.0575080959758959,1.1225073806065329,-0.08055585018611233
1649,1.3832617576375836,0.19378666337240424,0.11805531918589497,2.8372185718285223,0.7373729698612994,0.5271462282768042,1.2696441614955494,0.03063274389510405,0.256682948237151,1.4539568141909387,-0.11361759614203426
1650,1.3085467770610215,0.20562615730222186,0.3184080840551143,2.6576094688858505,0.7123774136343508,0.7274989931460234,1.1901714415952158,0.04322450927468882,0.06855261351616035,1.349062691824829,-0.1183753354658057
1651,1.397545934157732,0.3058819408493826,0.31285326261973434,3.1205881282356014,0.7998486257324582,0.7219441717106436,1.1436987478192058,0.07592742090493218,0.11224959927348555,1.7230421940778693,-0.2538471863385263
1652,1.325594239894064,0.19217234802071342,0.09651790851988581,2.7536693952651623,0.729830629785911,0.49583193206865817,1.2185932733336209,0.027672872634112913,0.22458728841113848,1.4280751553710982,-0.10700096656044322
1653,1.3428507276393682,0.23638303238131309,0.235806983348341,2.8387291920167783,0.751753543459109,0.6448978924392503,1.186509892551252,0.01670790626481921,0.11606049895225244,1.4958784643774101,-0.15634083508811614
1654,1.3303433842946835,0.17241248373086893,0.07377615104061423,2.462696957740546,0.6521670690346716,0.46622602465891977,1.3094114156181371,0.05781977130421184,0.3183764227707723,1.1323535734458627,-0.020931968676546342
1655,1.2850694157223643,0.1872958277551642,0.15342805956297384,2.3703091821032793,0.6356385919912377,0.5504343544031329,1.2209627871982915,0.08260648635623098,0.12688900294065875,1.085239766380915,-0.06410662852407278
1656,1.301486835486413,0.22525117750388707,0.21452053382333824,2.6688288815434373,0.711464439920479,0.6173768870181366,1.1869681781601562,0.07557209806779211,0.11953232325324586,1.3673420460570243,-0.11451865732625688
1657,1.3421672365661834,0.14768342193304884,0.06950431466987742,2.457755240089895,0.6530743017565794,0.47859522376078667,1.3100345264400532,0.048308192206280735,0.2466490796013352,1.1155880035237118,-0.03213271012613017
1658,1.3079723530095602,0.19274774890397173,0.10973783384469046,2.5915286080492055,0.6896018628739339,0.4981303642252566,1.2166713930441102,0.01645410171626516,0.15965573065206512,1.2835562550396453,-0.09130095996544996
1659,1.4004983595259002,0.1072771558317225,0.04485796509015614,2.575045848407827,0.663170147227039,0.4480760304060354,1.3852169201052718,0.06532659221446407,0.26531485777873076,1.1745474888819267,-0.015281439420628429
1660,1.375297019081976,0.14755819882901466,0.19076714495296365,2.617816079278331,0.6862937324889111,0.5998580540438729,1.307138264152417,0.048860978626374785,0.13422791237876786,1.242519060196355,-0.06815875492955903
1661,1.305599896534293,0.1959819272586904,0.22782931948130133,2.5769729704804805,0.6998611170568776,0.6369202285722106,1.2118157185356755,0.044871511305907996,0.11743670595714616,1.2713730739461875,-0.09378417799861749
1662,1.3359883654086793,0.22307349037983443,0.182594157214084,2.759466750522571,0.7291592135839071,0.5916850663049933,1.2002825395694174,0.030079773845021904,0.18790059560811675,1.4234783851138917,-0.13570582583926183
1663,1.2934474437660528,0.11649236102604946,0.14130310644617136,2.369088981699705,0.6433288682077993,0.5503940155370806,1.2542024807595622,0.02583373294389466,0.1287228341936668,1.0756415379336524,-0.03924496300649061
1664,1.2875247969749846,0.16591766259835034,0.23241063004980683,2.42911841089098,0.6638482873300176,0.6415015391407162,1.2149143574671109,0.0617190041847576,0.06299762386825,1.1415936139159952,-0.07261043950787371
1665,1.3419671294841304,0.1746034029069654,0.07891444939224189,2.569055885721282,0.6796650648914571,0.4808109597206073,1.28523153228374,0.05658789532631629,0.24177626210372197,1.2270887562371517,-0.05673559720039045
1666,1.3173941008381584,0.13348651641908793,0.12086623338594302,2.417320980912276,0.6370734518105158,0.5299571424768523,1.276216873774095,0.03272306397306399,0.15774360072229365,1.0999268800741175,-0.04117722706406335
1667,1.3484200138106672,0.15003319963045214,0.1731994856096138,2.438511860589022,0.6428292815887274,0.5822903947005231,1.3070207315435376,0.03930842819731707,0.15450756153101347,1.0900918467783547,-0.04139928226712963
1668,1.3682603403237823,0.13236986271781984,0.07123979781895548,2.565088624396467,0.6662663184847977,0.46427693748103993,1.3592864355886165,0.0675896790434235,0.3162956382215716,1.1968282840726845,-0.008973904735165794
1669,1.3179654791122308,0.18809346293040657,0.3171932714863646,2.740906281725308,0.7300437847336114,0.726284180577274,1.1907467044807105,0.051898756017184515,0.0220584353305895,1.422940802613077,-0.12721877463152031
1670,1.3967335480432155,0.11234330438145244,0.23027682542773073,2.532213299955325,0.6543264288694695,0.6393677345186399,1.3749258283073262,0.10505205666495993,0.1445301825304782,1.1354797519121096,-0.02180771973588924
1671,1.320264463194573,0.18632900849673173,0.3067690033714556,2.658755642858308,0.7120258483638846,0.7158599124623648,1.2060323685644334,0.01766091051805336,0.06054326387169494,1.338491179663735,-0.11423209463013961
1672,1.3640688421374674,0.15347850438892555,0.17492441232013745,2.62117949500953,0.6874939438044856,0.5840153214110466,1.2921364285968637,0.01173190235690236,0.12044817733720856,1.2571106528720626,-0.07193241354060365
1673,1.3485059015861691,0.1392306510046809,0.12401013060553799,2.546927840493539,0.6651658565774299,0.5331010396964472,1.3027872203815192,0.04895734187072773,0.20253215757369064,1.1984219389073698,-0.04571868120464995
1674,1.3181457078156966,0.23626324742128219,0.2015942714630179,2.6982284700321584,0.725412150488914,0.6106851805539272,1.180130295040326,0.04582684036651495,0.13492128823158878,1.3800827622164618,-0.13801541277537055
1675,1.3926894117719015,0.11246320273883759,0.03838002095343673,2.518819661715662,0.6372705078722278,0.3773678386492642,1.409484201888847,0.09619055173943378,0.35334006780513294,1.1261302499437604,0.0167947901169454
1676,1.3628080947597891,0.14909901600377393,0.11921517753519534,2.629026503215289,0.6876951073129727,0.5283060866261047,1.314746272991572,0.05058127514750556,0.24949306918449035,1.2662184084555,-0.04806182176821716
1677,1.369657627788974,0.14219010881381122,0.08870051388477625,2.5619633261001487,0.6750356240827315,0.48918737266477424,1.3355346926064762,0.04935678944474986,0.274235181027142,1.1923056983111746,-0.03412293518249787
1678,1.356311351454517,0.12441673392435912,0.14774139212044018,2.506300999907839,0.6594014639483174,0.5568323012113494,1.3321211817038634,0.09717557909239646,0.14830811013679435,1.149989648453322,-0.02419016975065369
1679,1.318845300443974,0.14228428069954613,0.15211611892321872,2.345212515020084,0.629100888859439,0.5612070280141279,1.2862714807499334,0.030572046829051774,0.17498721618753227,1.02636721457611,-0.03257381969404061
1680,1.308199574531654,0.15251502721661167,0.19564210037432817,2.416357834346465,0.6523905821016333,0.6047330094652374,1.2537212535033593,0.035922076584727194,0.09439681233286576,1.108158259814811,-0.05447832102829464
1681,1.3243703677336427,0.19468001769678658,0.2667482503428216,2.745499377021993,0.7285546516329269,0.675839159433731,1.1992858482136093,0.022535720745161872,0.044783036982707095,1.4211290092883502,-0.1250845195200334
1682,1.4135239110287303,0.1650104166063621,0.09839756736466637,2.8485929261908467,0.7332809792934816,0.5074884764555757,1.331713631623935,0.07388040430869112,0.2453967956452512,1.4350690151621164,-0.08181027940479524
1683,1.3957092910017201,0.17685164643059328,0.07603435964212213,2.783492815810865,0.7175771990309606,0.4809414002429712,1.3103269437556857,0.04375972910398703,0.260024383413125,1.3877835248091448,-0.08538234724603444
1684,1.2400535870132607,0.19332979820621005,0.36677506944539334,2.467072717125234,0.6987928332116737,0.7378176717286745,1.1336552835336744,0.056462990843583395,0.07924876351229239,1.227019130111973,-0.10639830347958634
1685,1.3056948631183425,0.15720014099901197,0.20162113857548494,2.5119799896914894,0.6774355203005796,0.6076300026069115,1.2328765844560636,0.015255464272194149,0.040931695022849095,1.206285126573147,-0.07281827866227886
1686,1.3386533448636768,0.1256579293760664,0.21702167500914088,2.4729536484512757,0.6569185773839931,0.6261125841000501,1.2859998190700397,0.007962362321179382,0.07570349901314173,1.134300303587599,-0.052653525793637135
1687,1.3502222996817677,0.14170101906040933,0.1027026147734547,2.4343328120501324,0.645089747664507,0.511793523864364,1.3169652669177776,0.04369933743344057,0.19952207375498326,1.0841105123683648,-0.03325703276399006
1688,1.2717225794816,0.15439550662698098,0.15957250873502257,2.377731201612159,0.6476170031638457,0.5567419508760938,1.2129284443941288,0.019463011054820005,0.12338980359502613,1.1060086221305587,-0.05879413508747122
1689,1.353069431841805,0.17319517374574545,0.13663137866993386,2.695852937377141,0.7094330791726162,0.5457222877608432,1.262732159430118,0.026405038759689935,0.12719494056134123,1.342783505535336,-0.0903372724116871
1690,1.3323357320461349,0.13615573162912434,0.1972501361084133,2.422572138964886,0.6352149414838706,0.6063410451993225,1.284743383858514,0.02413793103448277,0.05719258152503624,1.0902364069187511,-0.047592348187620814
1691,1.336557946675006,0.2139904233092954,0.13727840194087093,2.729714453222004,0.7207521475742409,0.5463693110317802,1.2298868175549222,0.060313027466625764,0.23847899892659935,1.393156506546998,-0.1066711291200837
1692,1.2698556098843623,0.23574777386510762,0.1998758754177919,2.5590767691910004,0.7035277897124108,0.5980453572209875,1.166786625254096,0.10613380123945347,0.16358093345490637,1.289221159306638,-0.10306898463026637
1693,1.3975291450647536,0.2601561634729036,0.18742695383557978,2.9825139780478507,0.7736988019577373,0.5852742758463927,1.214135491116452,0.05150431375104885,0.22028296075897807,1.5849848329830971,-0.18339365394830165
1694,1.3247848863705396,0.21213554841064386,0.23906399501583725,2.65860863637249,0.7069511714846152,0.6481549041067466,1.2097266012389811,0.05659011609823961,0.08430194759850569,1.3338237500019503,-0.11505828513155847
1695,1.3319693524918355,0.11693391625580259,0.046868959754187256,2.4861629746198695,0.6626492691023893,0.4429462354540242,1.308665730074202,0.06164704412729145,0.26209844470953925,1.154193622128034,-0.023303622417633507
1696,1.3778755337518311,0.10656727810384117,0.029700723018549598,2.341211310529288,0.6037060726887775,0.4267059413593229,1.376407636642795,0.0688480824589098,0.22158353301551975,0.9633357767774569,-0.0014678971090360537
1697,1.353509550880882,0.1937733672975066,0.21244262147959286,2.7281822535154188,0.715934812695779,0.6215335305705021,1.2506443463869148,0.05014225615835419,0.15399368985074163,1.3746727026345367,-0.1028652044939673
1698,1.3247717104568704,0.18693262676672429,0.2114343046898583,2.701960446711138,0.7151385447449711,0.6205252137807675,1.221845567952153,0.03558031606725778,0.09343688161174656,1.3771887362542676,-0.10292614250471743
1699,1.2596689623945594,0.23742296542320546,0.15075809251633385,2.66670041657064,0.726607141098107,0.5298307189616395,1.1351348237240524,0.08938429262063306,0.2015915344913385,1.4070314541760804,-0.124534138670507
1700,1.3374935372921144,0.15645946489888068,0.13911667713238807,2.6119016027493225,0.7038408239540885,0.5482075862232973,1.262132833677332,0.020832521718804793,0.15455758619176832,1.274408065457208,-0.07536070361478231
1701,1.3215418545458957,0.23069509276622063,0.20746742421288294,2.661684218751853,0.7123119913707968,0.6046308447602146,1.2008336891154863,0.031083825623825476,0.1424945484886008,1.3401423642059571,-0.12070816543040941
1702,1.37958844415077,0.1873954857339542,0.1158026238543049,2.7589965185572614,0.7112442831666281,0.5248935329452142,1.2961575776404457,0.04265061480681173,0.27422250859870734,1.3794080744064914,-0.08343086651032428
1703,1.3141991571045442,0.11217744439277194,0.10574463169981035,2.329665964262038,0.61695044406413,0.5148355407907197,1.2881917756161705,0.04677586564379016,0.15047509833695033,1.015466807157494,-0.02600738148837367
1704,1.4156551716962158,0.1972732007571414,0.0806078615861727,2.873965192504839,0.7329356635858257,0.488548882297531,1.3157480184063455,0.03583898742213233,0.31177681272005997,1.458310020808623,-0.09990715328987032
1705,1.3181595083590865,0.17430243257069108,0.26491572666561597,2.529143631501915,0.6727919769875231,0.6740066357565253,1.231132595637332,0.02214452214452215,0.05162998787265535,1.2109841231428287,-0.08702691272175445
1706,1.3250203734910262,0.1505423289457008,0.19331112899338382,2.537351292128735,0.6824504119835709,0.6024020380842932,1.2580984667622475,0.01347946586041826,0.10883723210631492,1.212330918637709,-0.06692190672877874
1707,1.3094564414918515,0.1483372662004711,0.22573294287600185,2.453841063542034,0.6590729280009029,0.6348238519669112,1.2482607744753897,0.020936355930675048,0.052432292895267324,1.1443846220501825,-0.06119566701646173
1708,1.3103568859550623,0.14884271224325712,0.12825745992426874,2.469627195240709,0.653931699174901,0.537348369015178,1.2572795738256493,0.02057840955039197,0.14776442994511854,1.1592703092856467,-0.05307731212941302
1709,1.2984023410848722,0.1811927377571937,0.19697901759901235,2.347457025959721,0.6354674251166532,0.6060699266899217,1.2427918433216485,0.05395005126875436,0.11835873528879773,1.0490546848748488,-0.05561049776322369
1710,1.3485696934124551,0.14502977974081832,0.15877300422843393,2.3928724647659334,0.6383505470079619,0.5678639133193433,1.311723680168849,0.04909846169872912,0.09999091905296731,1.0443027713534783,-0.036846013243606146
1711,1.3157362972443793,0.2424263450816062,0.13156637518824077,2.7578733931779342,0.7335263371122096,0.5279643931547288,1.162613344255488,0.03239288745923246,0.20322259826938532,1.4421370959335549,-0.15312295298889134
1712,1.3470908539185846,0.1842465835156527,0.13691953066124107,2.517954048344885,0.6628904893256224,0.5385250301921773,1.3006146111506391,0.06442136903948628,0.24745596371497314,1.1708631944263004,-0.046476242767945486
1713,1.3361518097199334,0.17165683736980847,0.1825880737135322,2.6411113965526436,0.707273809127873,0.5916789828044415,1.2567338287790197,0.03908754171709395,0.19184455483670398,1.3049595868327102,-0.07941798094091368
1714,1.3091690865388215,0.13496241482509405,0.10314079264866245,2.370416478362614,0.6346669097671012,0.506667565915472,1.2707928769707126,0.028539185476381113,0.16634653285651413,1.0612473918237926,-0.03837620956810883
1715,1.39417335096612,0.20504417289303856,0.21863564979056108,2.9153886036933327,0.7619401341803027,0.6277265588814703,1.245494193019628,0.02782274153104554,0.15345826493751663,1.5212152527272127,-0.1486791579464921
1716,1.2995496677895668,0.1616483284784628,0.2567127201303482,2.349921668634018,0.6280805169011064,0.6658036292212575,1.2473344940399207,0.05822490857092534,0.06749672795896682,1.0503720008444513,-0.05221517374964613
1717,1.3026122043981272,0.22505460857365503,0.10506838036626556,2.7677156408656787,0.7345522491988122,0.4837559632478061,1.1707714034051704,0.059499484784435897,0.22782376467543375,1.4651034364675515,-0.1318408009929568
1718,1.2945408080952445,0.1962243279496061,0.191265489697078,2.502924087752251,0.6795538616917052,0.6003563987879872,1.215020465159332,0.07187956798547941,0.07655314801727392,1.2083832796570064,-0.07952034293591259
1719,1.3201764419438953,0.13843234075773192,0.17390998507773653,2.488392885147889,0.6661554326291643,0.5830008941686458,1.2691002797619937,0.04795254496747033,0.1120465308239098,1.1682164432039936,-0.051076162181901585
1720,1.3740019785508224,0.08890185181145253,0.028588911550131477,2.24513895013487,0.5673375525115956,0.41409831008174164,1.4148565871355265,0.09515957975673617,0.2993390131041068,0.8711369715840478,0.04085460858470413
1721,1.3893760836936735,0.1486344234310677,0.046595812390074084,2.5874068647913537,0.6642791936650962,0.440185105706858,1.3551370245496934,0.06282697482549957,0.29350145056910987,1.1980307810976802,-0.034239059143980066
1722,1.315745611996701,0.18595607044873733,0.14652971918118401,2.6247031506175458,0.7002652345463497,0.5556206282720932,1.2247027074752543,0.02637347336595457,0.09603676323007879,1.3089575386208447,-0.0910429045214467
1723,1.3650593309709773,0.12148906098753945,0.07490819193986137,2.4648443881955266,0.6410542896479758,0.47599265892884757,1.3449854781139394,0.06868168158251048,0.21416715061308475,1.0997850572245493,-0.020073852857037888
1724,1.2593280761809407,0.16886920423162965,0.24971142125270732,2.521790257130103,0.6932824674327585,0.6588023303436166,1.1686687195530205,0.019447198246459723,0.06617611971238031,1.2624621809491625,-0.09065935662792013
1725,1.4069319994745846,0.14001565162206064,0.0442078807927235,2.6861623281085403,0.693232889638708,0.45329878988363276,1.3754306248085224,0.07423698160496421,0.319707754723102,1.2792303286339557,-0.031501374666062176
1726,1.3487617467280015,0.10784713342149681,0.09012275262467541,2.450837150547623,0.6425669411814587,0.494280842443658,1.3266567184923543,0.052924662412865094,0.18738395635939603,1.1020754038196217,-0.022105028235647195
1727,1.4055948364866215,0.126576125079393,0.04716659518207269,2.6064457768299922,0.6652425302252798,0.4445512739910683,1.3871630855639645,0.06297129842997656,0.31445065737365663,1.2008509403433707,-0.01843175092265703
1728,1.3764669965342093,0.14712275306827552,0.13441240813600724,2.599364745734378,0.6796744734938227,0.5435033172269166,1.33229293551876,0.055861876914508515,0.22701247813801412,1.2228977492001685,-0.044174061015449295
1729,1.333435288151189,0.21210911776453528,0.2096419059634595,2.733629148372941,0.726473355550175,0.6187328150543687,1.2078883998569292,0.03068799209738804,0.16263041076968876,1.400193860221752,-0.12554688829425986
1730,1.2764416960845253,0.1941906955976121,0.1796260489092711,2.5025764982847662,0.6804911176174293,0.5887169580001804,1.1810269949489687,0.051889830951095874,0.11621865918323009,1.226134802200241,-0.09541470113555661
1731,1.2544281962492758,0.22659213437887904,0.3624420630432224,2.5922751423395365,0.7181771591418522,0.7715329721341317,1.1211391731206448,0.07884725071296345,0.11841114965556165,1.3378469460902607,-0.133289023128631
1732,1.2733168114984534,0.2018118802522788,0.36498368330417463,2.527670763701989,0.6882299380688215,0.7740745923950839,1.1682746319951054,0.05756795534503428,0.04299290327629342,1.2543539522035354,-0.10504217950334804
1733,1.273184676001992,0.21322881086594137,0.353801394035161,2.4942213270680638,0.6866903407414914,0.7628923031260701,1.1695793738647375,0.07712371273103388,0.1044480997191556,1.2210366510660717,-0.1036053021372545
1734,1.3705645418327848,0.15916141391007388,0.21446535293300345,2.6399971977176024,0.69164483503622,0.6235562620239128,1.3025645434609086,0.05504682726498725,0.14836084252168003,1.2694326558848177,-0.0679999983718762
1735,1.4404627312911933,0.22829601326777194,0.06269638167667177,2.9647211545219525,0.7485566429589544,0.4564661614044383,1.3415434213525939,0.06531722955341829,0.3812361768767093,1.5242584232307592,-0.09891930993859943
1736,1.3450595045196563,0.13559279243954173,0.17072858744859376,2.556486623798431,0.6688373745226901,0.5798194965395032,1.3012717468332244,0.06273863891592421,0.17619266182530563,1.2114271192787749,-0.04378775768643184
1737,1.353428232548616,0.1364606188925145,0.2222006958279812,2.5147700967846127,0.6655660968417993,0.6312916049188906,1.2991136774037741,0.02744240128308875,0.11116555075994702,1.1613418642359967,-0.05431455514484185
1738,1.4206578480800789,0.29597242335953816,0.18744360763597423,3.0294652692951645,0.7677832576743466,0.5965345167268836,1.2405980848727052,0.09467667597018593,0.25217361652023773,1.6088074212150856,-0.1800597632073737
1739,1.353371881469811,0.08589351873004927,0.14805575344008118,2.257224116049378,0.5845590176418758,0.5571466625309904,1.3598772909111752,0.0641938142852023,0.16063512241844627,0.903852234579567,0.0065054094413641295
1740,1.332342786700692,0.19441642695923825,0.1527265628861212,2.7313286847017952,0.7221184619086534,0.54748032164899,1.2280212948656546,0.047653640614562495,0.18381876398489594,1.3989858980011032,-0.10432149183503747
1741,1.3811983983031746,0.09159408691283513,0.09664616995378966,2.408919601645965,0.6215088161678678,0.505737079044699,1.3864570823702396,0.07913652465633109,0.2194962389920785,1.0277212033427905,0.005258684067064978
1742,1.3249885475078729,0.15941934901295668,0.29693950663916574,2.6603248298369313,0.7148057990571015,0.706030415730075,1.22561589570239,0.03156164042425548,0.03186657878458965,1.3353362823290584,-0.09937265180548294
1743,1.355417612141795,0.14805360088046848,0.10326616957897075,2.470227838065033,0.6608795148071005,0.49451736886506753,1.3493766251407195,0.06217598194547444,0.30651277451893416,1.114810225923238,-0.00604098700107536
1744,1.3333477702024443,0.13881623303890037,0.21632390484389563,2.485703358999156,0.6555110534296227,0.6254148139348048,1.2836805282737433,0.05775406130292925,0.1241001825298775,1.1523555887967118,-0.04966724192870098
1745,1.3845685067528763,0.14470493166369797,0.06163412382871333,2.6327459470915278,0.6811892687437529,0.4689907302642451,1.331336264696298,0.03551083005032398,0.2493417286287466,1.2481774403386514,-0.05323224205657828
1746,1.3385577752965512,0.1967302958351002,0.16684498867678565,2.620747500961432,0.6981749544673237,0.5759358977676949,1.2713882053548518,0.051805583698208924,0.24567289223838623,1.2821897256648809,-0.06716956994169943
1747,1.3673369076451025,0.10248432652283779,0.03333623067584873,2.3964732384017555,0.6200105580745694,0.4318376154718845,1.373452275234801,0.09125226039783002,0.24911853804339973,1.029136330756653,0.00611536758969855
1748,1.3161894139062214,0.1430398951838508,0.2785006851216967,2.45049223737583,0.6617507826393784,0.687591594212606,1.2567723933364183,0.022939161952274967,0.041225477733027927,1.1343028234696089,-0.059417020569803025
1749,1.3615743478376146,0.17128053693783624,0.338779255889876,2.649322791164078,0.6968419112595103,0.7478701649807854,1.2677032861483046,0.034667972214535575,0.08482784211957163,1.2877484433264634,-0.09387106168930992
1750,1.3033480736159637,0.17010577320149434,0.09841304918525717,2.4762523555672495,0.6651049761656862,0.48873524434381804,1.2427247074614611,0.03217173661917597,0.18970652392322485,1.1729042819512858,-0.06062336615450259
1751,1.3315691012411957,0.21531510428045758,0.2594518690278375,2.707498143343336,0.7130330928933994,0.6685427781187467,1.2086163273495871,0.05729166666666666,0.13817663440442596,1.3759290421021404,-0.12295277389160852
1752,1.3356292467269222,0.11835168219750693,0.10781856707805267,2.4478279886091596,0.644506683244529,0.5169094761689619,1.303493991197372,0.03666328342300424,0.19042519038508365,1.1121987418822374,-0.03213525552955021
1753,1.341408053841668,0.20982955788449068,0.12191379228969927,2.6676260721923506,0.6997531117041258,0.5260661504682748,1.267346671075562,0.05705934561414675,0.3067474963407673,1.3262180183506826,-0.07406138276610585
1754,1.2820273683535197,0.16093786411027022,0.2052389189277943,2.443170401580064,0.6682528361554856,0.6069317588919101,1.209508301783273,0.016033978624722757,0.06844238814705564,1.1611430332265444,-0.07251906657024665
1755,1.391628954974887,0.14218844556977173,0.09955372398462128,2.659582653319155,0.6876020131373113,0.5084793571302628,1.3512666125033292,0.06121372678882431,0.25953743558584036,1.267953698344268,-0.04036234247155779
1756,1.3707524552387498,0.23164493643022382,0.2700634074215775,2.9113282754434366,0.7574405659235353,0.6791543165124867,1.2154144856868534,0.052562591197249875,0.14193357996649725,1.5405758202046869,-0.15533796955189638
1757,1.4374762426551069,0.22395678318893286,0.24291410088784451,3.062427110552945,0.78216388095935,0.6520050099787538,1.2632888703375227,0.03483999843327722,0.1965814926925293,1.6249508678978382,-0.1741873723175842
1758,1.3842467119991055,0.1585403185764681,0.06457465399133235,2.6164887231555465,0.6788529602155529,0.4720168270147299,1.350539319952735,0.06146763839071528,0.3000707241659879,1.232242011156441,-0.03370739204637063
1759,1.3377888027123055,0.1843966978814402,0.3059829404238844,2.5919612793460822,0.6926204079655081,0.7150738495147937,1.245868766947046,0.030026435011704412,0.07040688833251971,1.2541724766337767,-0.09192003576525942
1760,1.3663491137140298,0.11565467344225427,0.10617649501548025,2.5407246625042275,0.6625948650656465,0.5152674041063895,1.3458269560267013,0.06625345979449204,0.2584898749965672,1.1743755487901977,-0.020522157687328457
1761,1.4198775668493575,0.11173373581298955,0.12992089565239026,2.6058686893064107,0.6720330054829147,0.5390118047432995,1.398786052479864,0.08575569841406756,0.23656924764376283,1.1859911224570532,-0.021091514369493414
1762,1.3814486165167992,0.21698507511718018,0.22719349039720585,2.8479847454435028,0.736568859407738,0.6362843994881151,1.242373003678741,0.033102646732526844,0.17863114099107535,1.4665361289267036,-0.13907561283805814
1763,1.2804854597954671,0.19489137179454194,0.31519917969092104,2.604975311830315,0.7087141471288222,0.7242900887818304,1.1692603375343529,0.02265704885964523,0.022845481136729018,1.3244898520348478,-0.11122512226111425
1764,1.3731878888203535,0.14032487521774295,0.04994803434169153,2.4597922490084887,0.6461503045061096,0.44151918803348944,1.3822107732777733,0.06912626070079367,0.33510023403374145,1.0866043601881352,0.009022884457419833
1765,1.3571823195136994,0.10194060282453794,0.06341351299903036,2.477542516043631,0.6438683944631345,0.4725044220899396,1.3358155983584346,0.06048257423370136,0.1972492584337495,1.1203601965299317,-0.021366721155264834
1766,1.3483814224730184,0.15597446651390662,0.16330386095943655,2.5873433070435543,0.6847285831687058,0.5723947700503458,1.2856789244220943,0.03397685223497701,0.19945519199309703,1.238961884570536,-0.0627024980509241
1767,1.3089108050531524,0.15641035308735118,0.09097945693496129,2.505314883312047,0.6660375685842976,0.5000493456898495,1.2494350530319789,0.034156628430840025,0.1577119768657859,1.1964040782588945,-0.0594757520211735
1768,1.3717888880543574,0.11494850357047515,0.05076535287769633,2.4672176045162795,0.6440415131884607,0.45620914383819233,1.3571481268570587,0.059316229925470136,0.24122475641897093,1.095428716461922,-0.014640761197298735
1769,1.3094142615820514,0.1565438891732309,0.14370732935380795,2.5796737375158503,0.684587282120769,0.5527982384447172,1.2333828447053987,0.028330841714233945,0.15557705576164965,1.2702594759337988,-0.07603141687665271
1770,1.3163948321351047,0.14977708591132094,0.14080031889347228,2.463117303935611,0.6631804379833451,0.5498912279843815,1.2661580506315095,0.03155270655270656,0.15569230192321448,1.1467224718005062,-0.05023678150359512
1771,1.4184324639997012,0.15045328297646424,0.0455159139741087,2.75593424401827,0.7106486180984384,0.447620667592775,1.3676452664050849,0.07500291783380021,0.30631014991689987,1.3375017800185687,-0.05078719759461636
1772,1.4322812654772403,0.1595319041945684,0.0312679634952955,2.726517771593801,0.6880723304444052,0.4220080808658645,1.412117653016192,0.07810773267479545,0.3684341759999258,1.2942365061165608,-0.020163612461048253
1773,1.2832240824989363,0.1955726659120692,0.3740863636568107,2.6136818705302765,0.7136991389085374,0.78317727274772,1.1638655402503812,0.040529794941406114,0.09171105746930225,1.3304577880313402,-0.11935854224855502
1774,1.3959815408740832,0.24123536897793635,0.15412082005336403,2.908795253115281,0.7481686047072593,0.5632117291442733,1.2589392304308582,0.07345499591805389,0.2544181712509836,1.512813712241198,-0.137042310443225
1775,1.3263870436728633,0.2123302360983801,0.19478271872757286,2.7551991029409426,0.7275092192433769,0.6038736278184822,1.1971238387700218,0.03452883151484394,0.14963593279790366,1.4288120592680793,-0.1292632049028415
1776,1.3148841321746279,0.18319503923169167,0.15425442720856497,2.659177373599548,0.7161680102139997,0.5444644096122881,1.2154783878216393,0.046321776042560076,0.2000411129844912,1.34429324142492,-0.09940574435298855
1777,1.3609298888750312,0.13923828400393753,0.06927210229307587,2.6044020763895896,0.6795488579719271,0.47229423094668754,1.3186728406428676,0.05350279300978837,0.2667504938796449,1.2434721875145585,-0.042257048232163585
1778,1.3827130286680838,0.22309663379220568,0.2615594324037004,2.8771069044724764,0.7494136074809163,0.6706503414946097,1.2324750472936645,0.0446758039008962,0.14365298470769422,1.4943938758043926,-0.15023798137441924
1779,1.3266017130504923,0.16789940600714648,0.15111717690834667,2.634256141104607,0.7100230292812841,0.5549084941974594,1.2407880136457317,0.02388506962806273,0.14595372946636997,1.3076544280541145,-0.08581369940476069
1780,1.3925802470432265,0.15113773913378942,0.08084106620202478,2.7452888810332254,0.7140753538497342,0.4899319752929341,1.3265272581315508,0.04594975600939817,0.26885189530454856,1.352708633989999,-0.06605298891167566
1781,1.3818464986543137,0.22651643816623207,0.11698075609742185,2.8662209611485188,0.7416108919832133,0.5244918649449604,1.2440099042318242,0.026516309361532216,0.22526139423206093,1.484374462494205,-0.13783659442248952
1782,1.3422646104399703,0.11317704157667716,0.100257605570097,2.3777450616902462,0.6228002590349851,0.5093485146610062,1.3194855598652309,0.05941301602074055,0.13943599171526158,1.035480451250276,-0.02277905057473939
1783,1.3541505957122042,0.1612433072402556,0.16495790892279372,2.638840878031151,0.6980979112243717,0.5740488180137029,1.2838712727761235,0.04250895740257442,0.18972889682748278,1.2846902823189468,-0.07027932293608075
1784,1.3250917803259863,0.15585584172667252,0.11897328082549888,2.61133901165773,0.6913068140432389,0.5280641899164082,1.2553574104235314,0.0282535439234234,0.20968027920876461,1.2862472313317437,-0.06973436990245485
1785,1.3260661334078352,0.18307758917668263,0.2712384416863345,2.6464130015670517,0.7009070631754755,0.6803293507772437,1.2218885754712612,0.03845547675334907,0.06580003224223595,1.3203468681592165,-0.10417755793657402
1786,1.365327427068106,0.17074109967966028,0.1567093970237715,2.7361794930802743,0.7122206542005185,0.5658003061146808,1.2714196972569494,0.026648726147550667,0.21465893081700485,1.3708520660121684,-0.09390772981115658
1787,1.2584255291048543,0.19829874804126554,0.26847232948087807,2.4751084753504333,0.679501063721291,0.6775632385717874,1.1656198494452332,0.08330062775190623,0.058324456984024,1.216682946245579,-0.09280567965962105
1788,1.3063010595045166,0.16228615801104582,0.0910471484053273,2.4018587170642327,0.645121453558219,0.49541229401347964,1.2619321159341426,0.0340707925081055,0.21405274806367558,1.0955576575597161,-0.04436894357037402
1789,1.253348062515853,0.2236529577628934,0.31171948788486725,2.639797355265448,0.7306774008511581,0.7023060950801225,1.1132524532338812,0.05566853937344827,0.02698740099152079,1.3864492927495948,-0.14009560928197184
1790,1.2783014305156026,0.21017579571408157,0.3197627193454638,2.646321067145607,0.7152716496075796,0.7288536284363731,1.1482199208531578,0.03866051536838783,0.027834406309383386,1.3680196366300046,-0.1300815096624448
1791,1.2560634436451816,0.21754426096229712,0.28014067762732,2.463274452311247,0.6790540857097709,0.6863926015183925,1.160371005005799,0.09797971827483391,0.08885966297980936,1.2072110086660652,-0.0956924386393827
1792,1.27955089997453,0.259167366641878,0.3245781537040122,2.5839466155065995,0.7013863243565204,0.7336690627949215,1.140567985467558,0.08879786145078296,0.04814890918552585,1.3043957155320696,-0.13898291450697187
1793,1.3654908554061214,0.20372760159475423,0.3392671401576563,2.849868746642765,0.7489437606796674,0.7483580492485655,1.2173376697014773,0.023147358728643055,0.02885133898844372,1.4843778912366434,-0.14815318570464409
1794,1.3861248999097522,0.19546293677437426,0.15609118619787404,2.7888646464300457,0.726863730401458,0.5651820952887834,1.284268319331675,0.03756331116196637,0.20313145090955065,1.4027397465202935,-0.10185658057807712
1795,1.2735910041774066,0.21906498717755135,0.23374121520282218,2.5771565632686517,0.7006933111888163,0.6428321242937315,1.1554523362434073,0.0340540035504064,0.08966896237666296,1.3035655590912452,-0.1181386679339993
1796,1.3949889334190937,0.0832342277550922,0.04091045328798423,2.5072904026661127,0.6453303585013421,0.4500013623788935,1.4344813135582664,0.1116983909276419,0.3347015044911327,1.112301469247019,0.03949238013917267
1797,1.3532887026110454,0.1410763283354962,0.09354975087376166,2.5554195615607638,0.6702588307417934,0.49215531830708537,1.3103760042527237,0.033229036295369205,0.2219738044435047,1.2021308589497184,-0.04291269835832168
1798,1.3385972352051558,0.1399167948259786,0.2031936387099874,2.555872113595787,0.6752266652414235,0.6122845478008967,1.2851647290370798,0.058913920814352747,0.144592598265178,1.217274878390631,-0.053432506168076044
1799,1.3170071020467888,0.19097625695230583,0.10410730283954624,2.6594742053555995,0.7097366726516441,0.4904280513298497,1.225575494667157,0.02303154495777451,0.24944754099065858,1.3424671033088107,-0.09143160737963174
1800,1.3172658224579725,0.1474070791053096,0.19110420790357702,2.4136600422288335,0.6410334735318464,0.6001951169944864,1.2677439096468666,0.042726544775123436,0.10417701974350736,1.096394219770861,-0.04952191281110596
1801,1.4289985220730381,0.13515834448108494,0.0752519359976987,2.7334797633492944,0.7056181387281777,0.48043061150771627,1.3904507390495806,0.07856243111321055,0.2792370320922118,1.3044812412762563,-0.038547783023457516
1802,1.336764634267931,0.22955438539284584,0.2801486179992003,2.815391661843587,0.7403497698022412,0.6892395270901096,1.1963879691118404,0.06609486248778441,0.06160679582804722,1.4786270275756561,-0.14037666515609049
1803,1.3394716431025697,0.08952161878014336,0.06433710247484155,2.280190412789835,0.5929523263783965,0.4640296153991367,1.3573061447587538,0.07944122167683076,0.22725650109345708,0.9407187696872652,0.017834501656184054
1804,1.324696602096844,0.2352622520689174,0.15237509986072248,2.6951075178413784,0.7293165311281815,0.5321609645812153,1.2018230895941255,0.06297875934293318,0.22685184376584758,1.3704109157445343,-0.1228735125027185
1805,1.3420921163372932,0.16159830570365052,0.11638353795199301,2.6860450859796345,0.7153367021129123,0.5254744470429022,1.2651223459550605,0.0365622001986799,0.21546932342872901,1.3439529696423413,-0.07696977038223274
1806,1.3628296011292973,0.12667897505022518,0.06587301778851021,2.3189730778509468,0.6071820743014313,0.4498909926881767,1.4048402337029584,0.09188980786609566,0.33036985428404464,0.9561434767216495,0.04201063257366111
1807,1.278547597894781,0.17508343715610902,0.32423819208246835,2.5384540845784875,0.6950873938588128,0.7333291011733778,1.1858917324732468,0.039618189618189636,0.0759795923852731,1.2599064866837066,-0.09265586542153414
1808,1.4085350488211064,0.07419670111725149,0.05339451284491048,2.4755615918713083,0.6303716506748336,0.46248542193581976,1.4288875362752682,0.0967712458117575,0.2773123757330322,1.067026543050202,0.02035248745416185
1809,1.3923097283444075,0.1984951262981871,0.13499897171903844,2.7943026392040657,0.7189762237885147,0.5440898808099477,1.300651914505444,0.04028236215563883,0.27548060091257837,1.4019929108596583,-0.09165781383896343
1810,1.3568237005261312,0.1742570992002048,0.14291260741114398,2.6414596292587076,0.6928783062734495,0.5520035165020531,1.2834410606621893,0.04096416031379495,0.20226992187691364,1.2846359287325764,-0.07338263986394189
1811,1.4111187303913426,0.12335145145406834,0.015266295738180287,2.7097068468123533,0.7017458173752904,0.41913324964560533,1.3911951732189531,0.07265117785153402,0.36734549018440255,1.2985881164210107,-0.019923557172389472
1812,1.347622224474919,0.1455468113567161,0.07479309670740111,2.6114743989435754,0.6799040352104555,0.47871664665370034,1.2914479905552771,0.03446495930117134,0.22768525087708275,1.2638521744686564,-0.056174233919641825
1813,1.4003957792151431,0.10818777017415104,0.09369384807696188,2.6012547028995616,0.668573023709266,0.5027847571678712,1.3707538986421017,0.04386141869364036,0.255306809185889,1.2008589236844185,-0.0296418805730414
1814,1.280629608165015,0.16609701583190628,0.23710999553850742,2.3988121011177705,0.6570192122033476,0.6462009046294167,1.2122526668514784,0.032864170020540096,0.025860220750937565,1.1181824929527555,-0.06837694131353667
1815,1.2577424516426878,0.1648550221637155,0.26423940816396807,2.4505027245358026,0.6682671684045229,0.6733303172548772,1.1828436463247276,0.03456195852564979,0.058088834045663784,1.1927602728931148,-0.07489880531796023
1816,1.375244486437608,0.12298782439111419,0.05485039782887177,2.5139561309824985,0.6543861878906816,0.45728499213665286,1.3537905742402467,0.0683110072265872,0.23681313362723935,1.1387116445448904,-0.02145391219736137
1817,1.325409225338801,0.19225029383897946,0.14077919573918782,2.6695170719078645,0.7091768309234288,0.5498701048300971,1.238794232488472,0.06558956091887178,0.20888264893220054,1.3441078465690635,-0.08661499285032903
1818,1.3525040354035465,0.20696232486444516,0.15891384115093987,2.748746163912153,0.7308025477373133,0.5591305111670222,1.2429674903150718,0.05194941448966579,0.2530392097821741,1.3962421285086064,-0.10953654508847466
1819,1.3940615583765856,0.14834075178547637,0.06693894267255512,2.61390835189229,0.6712615923524086,0.47400962296226057,1.3694547021817463,0.05643942970446605,0.32758361840351163,1.2198467935157042,-0.024606856194839377
1820,1.264459822805368,0.18677150011022847,0.30445898712426445,2.478067643906188,0.6766905063028245,0.7135498962151737,1.171848408127075,0.03627519085609525,0.026972993211971594,1.21360782110082,-0.09261141467829304
1821,1.3728603868804954,0.1087452890096251,0.0538746673937059,2.3514973678321818,0.607988636923041,0.46296557648461517,1.3648572159129215,0.05102846977111646,0.2113439420516197,0.9786369809516864,-0.008003170967573858
1822,1.3761080780659805,0.17798552929256112,0.06178852972671295,2.6578053767819205,0.6910430454261404,0.44221183154274324,1.3444168937966432,0.05658457040035984,0.3594656486753919,1.28169729871594,-0.03169118426933726
1823,1.4519474803387755,0.16403205196083986,0.024195639317084155,2.7955470365794337,0.7012517739702069,0.3961647646889844,1.4751254688107567,0.08246338939884332,0.45320175431580867,1.3435995562406582,0.02317798847198116
1824,1.3519792728026023,0.20593959585899904,0.061059777753901756,2.7102150793069515,0.7028674809553279,0.388705648371211,1.2597430217188013,0.0686202686202686,0.33311478302886516,1.3582358065043492,-0.09223625108380107
1825,1.3351374548524308,0.17321322580640125,0.10245609327371882,2.5421726250121037,0.6764336572741133,0.5076974816725444,1.2903523081499615,0.05892027981071155,0.27134989816967997,1.2070351701596729,-0.04478514670246936
1826,1.3714810939001734,0.21169631300546413,0.25080701939995276,2.816278646257945,0.7369693685030583,0.6598979284908619,1.239900482290635,0.028892412301274987,0.12146731919330095,1.4447975523577716,-0.13158061160953838
1827,1.298967409091255,0.21806383854379455,0.3224449450529601,2.7643237548989785,0.7410231282490869,0.7315358541438695,1.1618619627085964,0.07029193286047253,0.073641481197569,1.4653563458077234,-0.13710544638265865
1828,1.4060425999327246,0.17096986037507841,0.0925138053435544,2.7192391800714675,0.6976349820637309,0.49777972644715385,1.3477531951149229,0.06349186679554222,0.2866004208526919,1.3131965801387429,-0.05828940481780176
1829,1.3357143359943797,0.1710894029394439,0.0968175157268629,2.4766110935852574,0.6572212684395708,0.5059084248177721,1.27202868120067,0.038403451995685005,0.21528307041747893,1.1408967575908777,-0.06368565479370969
1830,1.315586801369295,0.12228311952296197,0.07336402125294617,2.2697536664834344,0.6069943478996871,0.48245493034385545,1.2916041921005874,0.04213798366101084,0.1475244532564155,0.9541668651141393,-0.023982609268707655
1831,1.3103685897567758,0.17963769469456237,0.1548214601942864,2.6723136592736974,0.7286499110394287,0.5376515346104072,1.2102404530059832,0.011060109289617478,0.17930179341761804,1.3619450695169215,-0.10012813675079268
1832,1.3650173419301195,0.15963898877328894,0.10131451108537236,2.6799467393225065,0.7009109185828115,0.5104054201762815,1.297112413917509,0.05204410973641739,0.20160280785482046,1.314929397392387,-0.0679049280126105
1833,1.3658296923834232,0.16085201398204488,0.20040069069638972,2.5981921149153857,0.6852573547611562,0.6094915997872989,1.2936456115283703,0.039683641645661516,0.13711917670227428,1.2323624225319625,-0.0721840808550529
1834,1.3685487339633742,0.17644480630857584,0.25346706160756993,2.8272511146303376,0.7416980760247585,0.6625579706984792,1.2398652260205698,0.029851542273119574,0.13506747315776804,1.4587023806669634,-0.12868350794280436
1835,1.3218143379612572,0.20141471454248502,0.20554088070213364,2.715631788870688,0.7377512169815047,0.6132285697773141,1.2067943462989157,0.04589653150354029,0.1516560550799056,1.3938174509094308,-0.11501999166234156
1836,1.2759857173447897,0.16673061509853038,0.17631093788026264,2.4131933856233534,0.6572191224981002,0.5841482430459011,1.2180318318944678,0.03380578198820099,0.13436806876986032,1.1372076682785637,-0.057953885450321874
1837,1.3061907287818673,0.21484564437111583,0.23260209422717565,2.57868591823373,0.698637011573829,0.641693003318085,1.2021108116205372,0.05325542521647707,0.05401178152641757,1.2724951894518628,-0.10407991716133003
1838,1.2957459972906866,0.19897580749882604,0.2656781948793198,2.5012229846228933,0.6789548048056182,0.6747691039702293,1.197493523365973,0.03618108471537429,0.08569336948375451,1.2054769873322067,-0.0982524739247137
1839,1.3604003165730991,0.12466560534335401,0.0884650226168636,2.49168942596519,0.651758920042073,0.4975559317077729,1.3276230986569475,0.05454545454545455,0.18686369657424393,1.1312891093920907,-0.032777217916151624
1840,1.4018393655123893,0.14708506962304807,0.22934999367713343,2.7191756895677957,0.7123789993493346,0.6384409027680427,1.3277403205098988,0.06172456945354866,0.1622807387044821,1.3173363240554063,-0.07409904500249054
1841,1.2773886699498926,0.23724286506453504,0.16537282276582552,2.5045786419303644,0.6878350080048019,0.5411966696748003,1.1818265456484713,0.1043916532905297,0.20165522151275836,1.2271899719804717,-0.0955621243014213
1842,1.290166920498702,0.218552421877784,0.2867487117010691,2.5581077577999762,0.6948151510493008,0.6958396207919784,1.1755482366046284,0.041458291036705876,0.05005102105035837,1.2679408373012742,-0.1146186838940737
1843,1.3994112728567722,0.19315378537291839,0.04070392069280955,2.7859940810194335,0.7089487685035822,0.42245898441826923,1.3498703076111127,0.057347966509007975,0.3997736675987881,1.3865828081626612,-0.04954096524565954
1844,1.3707403823246376,0.18270010460071395,0.09389159325831997,2.677797072540342,0.6975898866740253,0.48901659636396255,1.2979484974553763,0.05047433757526143,0.2663483035991157,1.3070566902157046,-0.07279188486926125
1845,1.2885217712241512,0.17195487315612218,0.2873876487320133,2.575421282898839,0.6928092667064408,0.6964785578229227,1.1910044534005961,0.010238052622158541,0.03753634769379739,1.2868995116746877,-0.0975173178235551
1846,1.2864918256259261,0.18633183639663586,0.11644311460168154,2.433240963574983,0.6581170303451859,0.48872390920522024,1.2263832550568943,0.03517912611306685,0.27454010582157634,1.1467491379490569,-0.06010857056903185
1847,1.3237064345510423,0.15733740641589106,0.18337124498986562,2.6232397198931627,0.7015525470126471,0.5924621540807748,1.2452029866462695,0.018024981925023446,0.11408938113271798,1.2995332853421204,-0.07850344790477282
1848,1.358329307417266,0.1714214399237795,0.2885834553916426,2.627007492406708,0.6925429447739231,0.6976743644825518,1.268297378334646,0.0390648807882631,0.09093303546674483,1.2686781849894422,-0.09003192908261992
1849,1.2831820000991596,0.2705313556898142,0.2571512243372669,2.678246734848504,0.7224570045861106,0.6586315484574659,1.1314043300730154,0.09696703983903973,0.11584335756413408,1.3950647347493443,-0.15177767002614417
1850,1.320722704376247,0.2206095786023169,0.15175992516511072,2.5604907953690788,0.6875917236019523,0.5511508534124137,1.230312892376198,0.06286731062531772,0.2155651601775227,1.2397680909928317,-0.09040981200004916
1851,1.356880842626515,0.17782915937384897,0.1982225822232359,2.7593974670464236,0.7311345726651517,0.6073134913141451,1.2571403234319685,0.04565948984236097,0.1531055575111889,1.4025166244199085,-0.09974051919454663
1852,1.387320620917813,0.1155678810139917,0.11688905027457609,2.6255432963772756,0.6872288958256958,0.5259799593654853,1.3457966844859177,0.07488069717045866,0.21314909943902288,1.2382226754594625,-0.041523936431895336
1853,1.3231576813865855,0.1665207008026962,0.13369870038374107,2.5400760435943743,0.6758193337632061,0.5427896094746504,1.252639775510891,0.030130147976466404,0.13158572054010254,1.2169183622077888,-0.07051790587569462
1854,1.3562173559304145,0.11757096999104191,0.046167052967595275,2.4916104444976015,0.6575872719514211,0.452431687402057,1.3508293897243036,0.05699623150219067,0.31297473720201474,1.135393088567187,-0.005387966206110928
1855,1.3180520183224984,0.1945504801550049,0.16159255397988243,2.686625948632934,0.7246280027489886,0.5605434962462187,1.2139332896093433,0.033118262592045,0.1852211118775905,1.3685739303104354,-0.10411872871315508
1856,1.4193113035137734,0.12783765772843053,0.14818748060592393,2.6958530080235565,0.7003377086764497,0.5572783896968332,1.3605540254056934,0.045458981330629734,0.20500336105965739,1.276541704509783,-0.05875727810808007
1857,1.331482333813545,0.16582729228633986,0.10492925638622286,2.5790188272173045,0.6765793722978545,0.5057889749514606,1.261812348345158,0.05620429346543997,0.1377175917765818,1.2475364934037594,-0.0696699854683871
1858,1.2916016329080309,0.1336087606399154,0.16979215995473249,2.3941207843786025,0.6594772903026913,0.565754280516156,1.2479876376313337,0.02873084978513165,0.12064126339627992,1.1025191514705717,-0.04361399527669718
1859,1.3242941405090747,0.18917703706090452,0.2663902821930721,2.6562967353884757,0.7101065123293726,0.6754811912839813,1.2165178351903556,0.05207153310328866,0.056964255426863356,1.332002594879401,-0.10777630531871907
1860,1.2657427518119766,0.22983920772518934,0.35695124461976213,2.5348769733568917,0.7025880832132039,0.7660421537106714,1.139234807356821,0.04738762106548022,0.07132378411078712,1.269134221544915,-0.12650794445515556
1861,1.2832716370280757,0.188297689121654,0.2939581996287426,2.63114867064705,0.7202845645089261,0.7030491087196519,1.1697439042137336,0.020894845519983003,0.06525723165166758,1.3478770336189743,-0.11352773281434203
1862,1.3662898679969402,0.09575149002440873,0.10181051507787409,2.2199582440400563,0.5569153467791816,0.5088070968862629,1.3576364607140863,0.047888410361894986,0.11573747262503503,0.8536683760431161,-0.008653407282853909
1863,1.3821223971887604,0.18174093231529248,0.15555237130163313,2.797674684239816,0.7291650590645626,0.5646432803925423,1.2890350721583923,0.04578304516669615,0.2491736204014735,1.4155522870510557,-0.0930873250303681
1864,1.3524947502946296,0.18236427578906367,0.06718425758572394,2.747390072597411,0.7183836965054669,0.46461590665952757,1.2580465876209521,0.02349803061275367,0.24110323195351782,1.3948953223027813,-0.0944481626736775
1865,1.314385930029828,0.184403947220886,0.21369151874793413,2.6613190289362443,0.7204165455713316,0.6227824278388434,1.212646437931601,0.03393242087410738,0.06545360375220172,1.3469330989064163,-0.10173949209822686
1866,1.321824543476653,0.14177935160198535,0.1686475777161076,2.529043242333098,0.6729688483581193,0.5777384868070169,1.2680971520683955,0.032850458899260956,0.16372910784022845,1.2072186988564453,-0.05372739140825744
1867,1.3428331552061485,0.17339681253007538,0.15330911032670774,2.590450873772461,0.6760246323521424,0.5624000194176171,1.2673245013226158,0.04310249557382408,0.15716329885120658,1.2476177185663127,-0.07550865388353278
1868,1.269853255585801,0.2123608456340925,0.2743594083506897,2.6531785172845175,0.7263967696281375,0.6562561812196166,1.1461018026814398,0.04358974358974357,0.07290149714455399,1.3833252616987164,-0.12375145290436129
1869,1.4072899576976798,0.16787230071371623,0.09970246668872529,2.762105413146047,0.7103747472739097,0.5047138660925019,1.3411364643278816,0.05479757350763699,0.2776118386368054,1.3548154554483673,-0.06615349336979826
1870,1.3335366383665934,0.23357918783466097,0.2795372290623288,2.759246590604704,0.732201787747389,0.6886281381532382,1.1948399240559258,0.06616056296226872,0.0853638805538258,1.4257099522381105,-0.13869671431066766
1871,1.3926882285295983,0.1664341197581779,0.0999654121693584,2.7736620408680785,0.7215399883121059,0.5090563212602677,1.3145385665015614,0.05371624604285697,0.2549345096567452,1.3809738123384803,-0.07814966202803686
1872,1.3655993439884853,0.1826231418961929,0.15502929657592038,2.5908006074230263,0.6695627343528421,0.5641202056668296,1.3024612484745344,0.04348592495097907,0.24513460691896863,1.225201263434541,-0.06313809551395089
1873,1.3491593890897167,0.16272506499123984,0.13221983343119276,2.4802116580038227,0.6579522508660687,0.541310742522102,1.2933173359772074,0.031243113088193223,0.1570144756068866,1.131052268914106,-0.05584205311250923
1874,1.3240511846998728,0.19883673137191407,0.23389207747470575,2.6812143619151008,0.7221996053350124,0.6429829865656151,1.2165676523538254,0.04880144984399233,0.16771122380350728,1.357163177215228,-0.10748353234604746
1875,1.3777921421314092,0.24564041226463154,0.24602147011443962,2.9510928076477225,0.7700482961922481,0.6551123792053488,1.2060610267194507,0.04750555573448418,0.07461707171693695,1.5733006655163133,-0.1717311154119585
1876,1.307603922162734,0.17099624102159472,0.07319028825359872,2.4339060124270415,0.6435674209990501,0.4713170064478791,1.242591864660724,0.018567701053023935,0.18602091487667052,1.1263020902643075,-0.06501205750201011
1877,1.2877835451761552,0.18811491719407475,0.13789408350024235,2.5207477278780828,0.6889993536682288,0.5102794542522723,1.1983241135906382,0.019176908629608847,0.1360715144318052,1.2329641827019275,-0.08945943158551706
1878,1.2857838678712934,0.2262983576343563,0.21985406856546116,2.603293633461463,0.7173769513851932,0.6175965920050206,1.1667316280268127,0.06381424672279248,0.10151486537925211,1.3175097655901697,-0.11905223984448066
1879,1.386445029632183,0.15279589040505717,0.15453197280595266,2.674616015354877,0.6958549755229764,0.5636228818968618,1.3344940637567133,0.08545454545454545,0.2268912784352178,1.2881709857226937,-0.05195096587546977
1880,1.3106635302325382,0.14085039600275628,0.04619508945873608,2.3839925588210007,0.620487160089831,0.43562410190322753,1.2738899131559287,0.042045528481733305,0.2018152077215197,1.0733290285884625,-0.03677361707660953
1881,1.3541322464930503,0.18479397759061528,0.12681394780150929,2.73248139807835,0.7187865111272969,0.5359048568924185,1.261854548857562,0.02647906910161759,0.24349217488316777,1.3783491515853,-0.09227769763548821
1882,1.313016158064712,0.19026616175219274,0.1606520976760608,2.6102743252219947,0.6995070244659465,0.568611315030549,1.2357300941823204,0.047818344452924336,0.21304537595591574,1.2972581671572827,-0.07728606388239156
1883,1.3347591938568586,0.21291241803862243,0.1517256253996655,2.791288555869674,0.7400754192667565,0.5608165344905747,1.2087158492367522,0.027573875399962363,0.20437159182687684,1.4565293620128155,-0.12604334462010636
1884,1.3738288949062762,0.11018473732183538,0.10091049546641807,2.437997896036801,0.6300657514487586,0.5100014045573273,1.3641423372147599,0.07215105341596698,0.1983755758808739,1.0641690011305247,-0.009686557691516384
1885,1.3409109969153765,0.17282618873031969,0.09485202694912143,2.6462731246822644,0.6933585455996176,0.5018712914140437,1.2601990360532702,0.023061201260942903,0.2145939927321347,1.3053621277668879,-0.0807119608621063
1886,1.3670923663884536,0.14192648402607097,0.3316056246524991,2.6562958916126274,0.6973589158724449,0.7406965337434084,1.2780097617394008,0.03379738129203176,0.06718722011205076,1.2892035252241738,-0.08908260464905271
1887,1.3063413639706711,0.15490761249429447,0.2014299209445562,2.456460183537486,0.6556353325207909,0.6105208300354654,1.2438468716531703,0.029350647603932665,0.0725301780260059,1.1501188195668148,-0.062494492317500816
1888,1.2406107867251555,0.1999296776754197,0.3219164937368911,2.654021440860055,0.7365376476417084,0.7074410535105012,1.1116802651152715,0.053921568627451,0.08630626133853686,1.4134106541348994,-0.12893052160988394
1889,1.3545423771868357,0.2038526754858922,0.12877064332239693,2.7495132358393772,0.7264086995532857,0.5320534223770792,1.262576960828289,0.04309149497119421,0.26044393497855667,1.3949708586525416,-0.0919654163585466
1890,1.3761335822123386,0.14575292817175434,0.11035222548761495,2.7369577569591526,0.7185607771738098,0.5194431345785242,1.3188844474425232,0.06700342444378794,0.25421612741393296,1.360824174746814,-0.05724913476981541
1891,1.3131046911404582,0.17332529681845407,0.16066864635796418,2.4732849312146774,0.6598413774775554,0.5697595554488735,1.2434988779771572,0.037616873233311574,0.15743525507469724,1.1601802400742192,-0.06960581316330106
1892,1.3806823284774696,0.24286255423256864,0.1814118147664729,2.8511142265594653,0.7472502975577937,0.5905027238573821,1.2299632870132675,0.0378134045869517,0.20989963098370806,1.4704318980819957,-0.15071904146420212
1893,1.232151202043836,0.18681939917946688,0.2117851576149286,2.3681310969896114,0.6552066741749778,0.5935034957512559,1.1538893639004262,0.05648616125150421,0.07662453408387143,1.1359798949457753,-0.07826183814340992
1894,1.3734725188653414,0.2023376626305725,0.07553784626770327,2.81020470704534,0.7286371116144381,0.4768907769316896,1.2734294151557686,0.03643484683563988,0.3195178959726981,1.4367321881799988,-0.10004310370957281
1895,1.3339935020890055,0.1521390644349823,0.11194056253357604,2.4574605733098718,0.6543985072288643,0.5204322443219664,1.2840324731580992,0.020522261921478647,0.14514019308134016,1.1234670712208663,-0.04996102893090626
1896,1.2212781557722756,0.22692490905388152,0.27785255826504884,2.3909960110991593,0.6726654717148086,0.6868818006748469,1.116404536085172,0.0852127175550626,0.08480342911524812,1.1697178553268837,-0.10487361968710363
1897,1.3102508593937108,0.16115971381919791,0.23698684711989026,2.617712073072566,0.7054065845492834,0.6460777562107995,1.2226071804293017,0.02959417874555038,0.09865625101856698,1.307461213678855,-0.08764367896440906
1898,1.3725667573509424,0.1083269516576082,0.10091220107937668,2.3798301493072405,0.6186681358108483,0.5077232414670514,1.3895469648434604,0.06545787351443125,0.26911536265776537,1.007263391956298,0.01698020749251805
1899,1.3344653250566496,0.2063165288588673,0.1772412394315129,2.711020811184798,0.709607766226835,0.5863321485224222,1.2094770927927914,0.021852850300406013,0.15716714462469694,1.3765554861281484,-0.12498823226385825
1900,1.3153297011802212,0.24554205125213557,0.2752759969854893,2.8524252985222116,0.7732674428231934,0.659122041249079,1.14414149052044,0.07530979147987218,0.1781238666743117,1.5370955973419904,-0.1711882106597813
1901,1.417652011453304,0.26401810998866787,0.18520542299833898,3.0867315235618897,0.7792106053877959,0.5942963320892483,1.2290584712584398,0.054276178556529,0.25670518218166966,1.6690795121085857,-0.18859354019486418
1902,1.3677435146709307,0.071416520731933,0.034324852342225154,2.3256774726193497,0.5966135838702991,0.4266980230231841,1.419463315410344,0.1319393624430374,0.3001182051250556,0.957933957948419,0.05171980073941329
1903,1.3558772002815482,0.108110968501275,0.18104491659116373,2.531582473635555,0.674520219006133,0.590135825682073,1.3138474593936835,0.0660558405579575,0.10311248055518038,1.1757052733540068,-0.04202974088786471
1904,1.336480208446112,0.1571205127531059,0.22180490060459657,2.6319855621043673,0.7028113730475977,0.630895809695506,1.2523278738597732,0.00940170567891769,0.0726313309846159,1.2955053536582553,-0.08415233458633886
1905,1.3119775033184191,0.23418948606841028,0.25415196033592347,2.805317218853675,0.754302505551873,0.6632428694268327,1.1531057102193834,0.05701808051050853,0.1225439161271328,1.4933397155352557,-0.15887179309903576
1906,1.2868830032993352,0.23602424444482561,0.19453674244795144,2.6679318241279435,0.7277897777487508,0.6036276515388608,1.1514479953736396,0.057493654317275295,0.1459256520869679,1.3810488208286082,-0.13543500792569563
1907,1.360177757081309,0.15857280767741136,0.10673626369548987,2.569610319566462,0.667759194856077,0.5158271727863992,1.3017983302596274,0.03593333021208861,0.25471618720741585,1.2094325624851532,-0.05837942682168151
1908,1.360060129091775,0.2383121094478648,0.299880112243484,2.864087758547983,0.7544362776696105,0.7089710213343934,1.1950993964924477,0.012200298901507922,0.06655920298161579,1.504027629456208,-0.16496073259932742
1909,1.2987344487365462,0.16107179804312582,0.2595510376076641,2.520716576676087,0.675990295031132,0.6686419466985734,1.2211947268791954,0.02152701082182445,0.05483524915187808,1.2219821279395409,-0.07753972185735081
1910,1.314864083201532,0.18132966878475537,0.18262306358679647,2.487471905816584,0.6635207743745059,0.5917139726777059,1.242897833271327,0.059972720595950046,0.12451576490032465,1.1726078226150523,-0.07196624993020495
1911,1.3223835793654497,0.16340249771559262,0.18277080479803717,2.5286005620926053,0.6771379336547225,0.589619107469777,1.2528089693782656,0.02266627080767272,0.1302661205642007,1.2062169827271556,-0.06957460998718412
1912,1.3112316583902683,0.23948933230362077,0.1857417685349382,2.765228353940514,0.7354198764082707,0.5948326776258475,1.1645065045886305,0.06038257408226452,0.10621229576431243,1.4539966955502455,-0.14672515380163786
1913,1.3383267184338354,0.14038429152121645,0.045132035946477564,2.366556960381796,0.6228881154722616,0.4417095976390848,1.300684129451348,0.033208875937224894,0.16348883177331802,1.0282302419479605,-0.0376425889824874
1914,1.2917821811055261,0.1735079817723023,0.22953461661113603,2.5338088867822868,0.698255701172249,0.6313251055631286,1.231260184544221,0.06487516202890471,0.18901774687254402,1.2420267056767607,-0.06052199656130508
1915,1.3692159300138014,0.14230870434805987,0.1571188283262172,2.5838450752110114,0.6778193192985031,0.5662097374171264,1.3082492774566368,0.018353174603174597,0.134184856484437,1.21462914519721,-0.0609666525571646
1916,1.3479489963710045,0.17249595348382266,0.16548364299807478,2.6371825066249976,0.7009785958843349,0.574574552088984,1.276820992969582,0.03512396694214878,0.20604681295127975,1.2892335102539931,-0.07112800340142256
1917,1.3773527794740277,0.1943073147904798,0.16214920663660493,2.8070797143248,0.7323323204618899,0.5712401157275142,1.268926194202449,0.03611774088263692,0.19869453149901858,1.4297269348507724,-0.10842658527157867
1918,1.3258664819512624,0.15241506576428104,0.15713111390791468,2.491721443562543,0.661182805750897,0.566222022998824,1.2774331953766835,0.04559657760244809,0.1852798136582797,1.1658549616112808,-0.048433286574578904
1919,1.3621515420088697,0.21498504595045798,0.09588681667390389,2.670238923647715,0.6990674637855829,0.49076378569066725,1.2853769708195022,0.09141785231302314,0.25727684114557103,1.3080873816388454,-0.07677457118936748
1920,1.2929868901059567,0.21658720540244963,0.29929493494095216,2.4972139018706425,0.6770178781919987,0.7083858440318613,1.1838663613498042,0.05441818029517173,0.06280194032822009,1.2042270117646858,-0.10912052875615252
1921,1.3207016070709008,0.22944638908301346,0.13272057976310406,2.706477062468739,0.7217303512660345,0.5252249013282528,1.2049760072304925,0.06718712355472649,0.26123395265039584,1.3857754553978383,-0.11572559984040831
1922,1.388096923491323,0.17708783418593244,0.07316788959286367,2.8045137984925637,0.7213752852748736,0.48006470863785494,1.3096770855187816,0.039769590491345444,0.3120639605071861,1.4164168750012407,-0.07841983797254137
1923,1.3044765218481988,0.24947683205141627,0.18222951612167226,2.763405845481901,0.7439452735583911,0.5688123618031613,1.1551549993566916,0.05708847547123473,0.15504306560926215,1.4589293236337022,-0.1493215224915072
1924,1.4134202029935947,0.19279940152959085,0.21724490263073779,2.9451851234297832,0.7630477239708264,0.6263358117216471,1.2708312163265565,0.03340818497308566,0.1930244009477086,1.5317649204361885,-0.14258898666703823
1925,1.2822568283094982,0.21693110107412336,0.1876592038194566,2.516492427406603,0.6767793722711366,0.5874577111032454,1.1896367989174208,0.0858609460515306,0.16460294371213552,1.2342355990971048,-0.09262002939207736
1926,1.3283137866562393,0.1452290218054403,0.16854329438550536,2.454968560120086,0.6455384296244612,0.5776342034764146,1.279120903583018,0.04934718294742932,0.10822133458698291,1.1266547734638466,-0.04919288307322134
1927,1.3875961076158112,0.17552470772096418,0.12179872658078748,2.8303281026637217,0.7333814517200418,0.5308896356716968,1.2891719778627717,0.053087324993518245,0.20858388205083933,1.4427319950479105,-0.09842412975303949
1928,1.3580352065096426,0.1633042659445661,0.09336076520993558,2.7063666023675013,0.7111981467776298,0.49391647386378534,1.2888282469110588,0.0616616642350779,0.22039402214231532,1.3483313958578587,-0.0692069595985838
1929,1.347707075159776,0.23857663419649325,0.16845003520955196,2.820326768153418,0.7429389359821794,0.5689777481838085,1.209364280027421,0.043949776548201716,0.1905989802747749,1.472619692993642,-0.13834279513235503
1930,1.286943420714244,0.2383026353893717,0.253711557014706,2.6641525359690954,0.7307601852386376,0.655711789427655,1.1544512109417138,0.04787097309175341,0.07636688018925586,1.3772091152548513,-0.1324922097725303
1931,1.3268985918664473,0.15841847878770288,0.14098915596070216,2.576820112343971,0.68496372100806,0.5500800650516114,1.2581406855171762,0.02811392028770094,0.14294913487941524,1.2499215204775238,-0.06875790634927115
1932,1.2962486319102322,0.18800662608376062,0.21554823870997894,2.482485265832163,0.6851690170781621,0.6202785004413083,1.2149523902598123,0.05922070320665577,0.13806884560080235,1.1862366339219308,-0.08129624165041993
1933,1.2984518410398214,0.1763466139055759,0.17321091057919769,2.3839572527484276,0.6400769518375824,0.5823018196701069,1.2356132155232236,0.04276724957927855,0.10155999911602209,1.0855054117086063,-0.0628386255165978
1934,1.3124200377160347,0.1810556941599798,0.12055945158044533,2.425531912561865,0.6485236737320385,0.5296503606713545,1.2553031833249153,0.06656861113646,0.20490485769496508,1.1131118748458304,-0.057116854391119354
1935,1.3138793872653294,0.1409855057407158,0.31451458425242107,2.61556281783452,0.6953636709140603,0.7236054933433302,1.2237072058193756,0.030974713637346003,0.05247717531627785,1.3016834305691904,-0.09017218144595374
1936,1.3150815005911207,0.12493719705721137,0.22154309930355584,2.440099951703311,0.6513870405800517,0.630634008394465,1.2643850343639975,0.02341565911073916,0.047527313132717436,1.1250184511121901,-0.050696466227123205
1937,1.2705015987131778,0.18452164733511095,0.18618757516158202,2.488329743418343,0.6833706319043202,0.5734810006543705,1.1845410174022728,0.05434234234234235,0.06527596639082725,1.2178281447051653,-0.085960581310905
1938,1.3916437447926744,0.1562493269457853,0.08478645714286373,2.762144667165386,0.7149039047542656,0.493877366233773,1.3206542386472409,0.04531807895398543,0.25762835578266347,1.3705009223727118,-0.07098950614543353
1939,1.3978552682634655,0.16154941088463115,0.10929616625086161,2.731313999784661,0.7169862867166343,0.5183870753417709,1.3410848574990464,0.055917377007310934,0.28096064999611803,1.3334587315211954,-0.05677041076441913
1940,1.3106732444463427,0.1591176816294418,0.15027773292416904,2.432240491929345,0.6485100412236009,0.5567619792010567,1.2551637714309787,0.029845472270484952,0.12020875072130861,1.1215672474830023,-0.05550947301536402
1941,1.2744982176734498,0.1616861366454721,0.2733573533940908,2.5643501717093313,0.7023457886189817,0.6671062307309779,1.182924132741042,0.024484853786752112,0.014190389520013835,1.2898519540358815,-0.09157408493240782
1942,1.320195138538024,0.19566695654170574,0.13768437924103577,2.513920497036888,0.6719958196778643,0.5438547722833915,1.244850681131912,0.06367898571460019,0.1466278586199885,1.1937253584988639,-0.07534445740611195
1943,1.3674716220267242,0.1642257255234099,0.13322071158404467,2.5942796585030035,0.6819038562837747,0.5423116206749539,1.3077572367623826,0.04392415130670166,0.23568209857457723,1.2268080364762792,-0.059714385264341585
1944,1.3402685401384367,0.11580050983512316,0.1329144250781067,2.429001844419277,0.6489274716258143,0.542005334169016,1.3064913049661482,0.027934584538358082,0.13393964931276153,1.0887333042808405,-0.03377723517228848
1945,1.313866574484497,0.18778023435467936,0.06721117859288896,2.5909866301064484,0.6886304314957061,0.4517019176767846,1.235142176695747,0.05123865764078926,0.24922131915095364,1.2771200556219513,-0.07872439778874996
1946,1.3912253351479733,0.1422175330878229,0.0755650614971105,2.6829335343614735,0.6948409808534964,0.4846559705880198,1.3516882828834125,0.0660606397100762,0.28920189177309524,1.2917081992135002,-0.039537052264560835
1947,1.3485090041036536,0.17904330640052118,0.2135149103324595,2.693020878822473,0.7159260817544453,0.6226058194233688,1.2525348128025686,0.03394684095860568,0.12121356641867036,1.3445118747188196,-0.09597419130108498
1948,1.3948712653591981,0.12539194148351446,0.07612157694710221,2.643083598288743,0.6865422293513157,0.4851907320602039,1.3655783152927425,0.06258090080570598,0.26761857509891124,1.2482123329295447,-0.029292950066455603
1949,1.373014688820886,0.17002231249934235,0.12334606266568551,2.589836351589873,0.6729221089372759,0.5324369717565948,1.3385830702700638,0.06443235977025537,0.2718471968777355,1.2168216627689867,-0.03443161855082222
1950,1.404624072203771,0.24438483864235538,0.12793363373361913,3.046257132384077,0.7801925509006734,0.5259840289543721,1.215387977172126,0.022554154353317542,0.27560988892075844,1.6416330601803057,-0.18923609503164496
1951,1.408580568501469,0.1734590104145383,0.0419748883154507,2.7200769609519297,0.6971041909630417,0.4361339453355856,1.3480614322176419,0.04081357701009806,0.3134694330417578,1.3114963924504608,-0.0605191362838271
1952,1.3380058289903944,0.1666319572676781,0.11236140226130556,2.443054102720988,0.6421079574692444,0.5092045968656398,1.304654121460488,0.05575740445488444,0.23707550015218162,1.1050482737305938,-0.03335170752990635
1953,1.3143104564020376,0.13067630028024632,0.18204530989749057,2.464970624225595,0.6474818159802402,0.5911362189883997,1.278668849207801,0.05471912955465585,0.18215183297946158,1.1506601678235573,-0.03564160719423648
1954,1.3367292610999608,0.24606882045191975,0.20775734799072743,2.8153880404161225,0.749002494005091,0.6072525915267386,1.1963881620716574,0.08242337164750958,0.1941378262479526,1.4786587793161616,-0.14034109902830338
1955,1.3659152897570783,0.2731706485719425,0.20538276197408345,2.9630790920918164,0.7670416888055003,0.6050886321535975,1.1748277875663495,0.07034934621141514,0.17465090571850717,1.597163802334738,-0.1910875021907288
1956,1.335537277310601,0.09713742884047841,0.05830227966662522,2.295527633284375,0.6069193102174569,0.4612606567069658,1.3621482474997544,0.0725983567945871,0.2854518120628515,0.9599903559737741,0.026610970189153482
1957,1.382917858187395,0.228206037934632,0.22974578321729805,2.870576001086594,0.7525526279675598,0.6388366923082074,1.2354547256878845,0.0440825667315288,0.14949837841535607,1.487658142899199,-0.1474631324995106
1958,1.335459077132866,0.15865640024083089,0.2049339610695814,2.52168743232295,0.6570928907046072,0.6140248701604907,1.2644810580010877,0.022642678861584335,0.1114811929494929,1.1862283551900838,-0.07097801913177837
1959,1.4024636279045706,0.14033436010432568,0.12325592077896416,2.7576104370509134,0.7184034057962787,0.5311959684663057,1.3425105088920914,0.06938791966682797,0.24189687610661426,1.3551468091463428,-0.05995311901247913
1960,1.3235157728755222,0.14804525790078327,0.12618494348535034,2.4269743443210414,0.6427153405040907,0.5352758525762595,1.2929841736580467,0.04334580757334368,0.2148257621323061,1.1034585714455192,-0.030531599217475502
1961,1.4041948327794482,0.07444441123013981,0.11174227472060713,2.425932070273044,0.6235050745055722,0.5208331838115166,1.405863601634446,0.08151864829661157,0.1927907009392793,1.0217372374935956,0.001668768854997671
1962,1.3126318300287494,0.2682734067959556,0.19265712756800532,2.7214039164271635,0.7364258070186943,0.5981913587267151,1.1889184877962884,0.13814508276533596,0.17607826182353392,1.4087720863984141,-0.123713342232461
1963,1.3417678831636435,0.1676594850461,0.21630675225589932,2.709540742766558,0.715990489975701,0.6253976613468086,1.2458719843770019,0.02076591154261059,0.13316195378395967,1.3677728596029146,-0.09589589878664162
1964,1.3615508299194587,0.1173152917987938,0.05450545762707483,2.3763499471638396,0.6156448103906966,0.45003027900348463,1.3782895014998975,0.0829501210950673,0.2924116169179156,1.0147991172443809,0.016738671580438735
1965,1.282292178818194,0.19555602410928882,0.2864452004034161,2.554707940610707,0.6997414981917743,0.6955361094943253,1.1814337597691071,0.06093224844339916,0.06976802812060486,1.2724157617925131,-0.10085841904908688
1966,1.3054418772472625,0.21393137800960252,0.2080541281291268,2.681264458504787,0.7208169279315684,0.6140023378509525,1.1861794431509698,0.053592837529489054,0.08208342001119161,1.3758225812575247,-0.11926243409629267
1967,1.3637761392523693,0.15182254525817915,0.042992005916203016,2.4539680547980893,0.6431396858750438,0.3859650766223088,1.3819410512422814,0.06720266802216734,0.4084834365927776,1.09019191554572,0.018164911989912103
1968,1.3851233507672702,0.24536811284466584,0.09189047418169133,2.9808994950844236,0.7637143231084547,0.47345053920235763,1.233562019995769,0.04847819724904885,0.3329491808716232,1.5957761443171534,-0.15156133077150113
1969,1.358935087086865,0.18744322686439457,0.11257572239927963,2.7297040337586305,0.7183450177795122,0.5137864074121412,1.2656680131557514,0.04052237049984872,0.20616201613385832,1.3707689466717654,-0.09326707393111366
1970,1.3524170950728451,0.17345862359602138,0.2170085464004691,2.720525663515108,0.7176084256133877,0.6260994554913784,1.2551446717026715,0.03414786967418544,0.12672006097187605,1.368108568442263,-0.09727242337017361
1971,1.289532696103358,0.25063325799215097,0.18248625016827746,2.6313333403503125,0.7148815997057222,0.5751358433550322,1.1693553616919936,0.10831383978218352,0.17544256815723763,1.3418006442469546,-0.12017733441136436
1972,1.24961902873369,0.1865643684970256,0.19106425121253895,2.333631175795283,0.6442230671724057,0.5668331928725281,1.1795893888901035,0.05264821015893979,0.09953101713912396,1.0840121470615929,-0.07002963984358646
1973,1.3712966020683195,0.21705660490619275,0.3021461645396438,2.925751981529164,0.7669250453382961,0.7112370736305531,1.2087088621603876,0.02052655064703255,0.07967017451901387,1.5544553794608447,-0.16258773990793185
1974,1.3407947078972051,0.11759510170663684,0.12781678642186348,2.3451912520810607,0.6197349919094666,0.5369076955127727,1.3457013044018369,0.0777087333023949,0.2514364513141711,1.0043965441838556,0.004906596504631766
1975,1.3608208353575022,0.18973224300210537,0.19592039322879393,2.6499515323061766,0.6949846063583915,0.6050113023197032,1.2713543985961455,0.04761650721390383,0.1579866941668842,1.2891306969486744,-0.08946643676135668
1976,1.3410656933366303,0.1934023493586293,0.17323155195734388,2.7978603816036256,0.7370083905763564,0.5821226850333805,1.2192226771041537,0.029287436202732397,0.13734242604176067,1.4567946882669953,-0.12184301623247662
1977,1.24491976748275,0.2530645830615763,0.24031165940547713,2.556916831694341,0.7072319705829176,0.6058002432341056,1.113916503929298,0.11359126573440087,0.10583111126297337,1.3119970642115912,-0.13100326355345193
1978,1.2745587782202548,0.17874793275264095,0.1618813526861973,2.5530076564458923,0.7046807497378891,0.5415615155139599,1.1874401414209848,0.022112813096485055,0.15063635110222995,1.2784488782256376,-0.08711863679927001
1979,1.4174077425055094,0.12787995511753608,0.09363489988181982,2.6843490074140197,0.6948409220353252,0.5027258089727291,1.3930210425194458,0.09486445226197365,0.28143043291037206,1.2669412649085103,-0.024386699986063576
1980,1.35409872829115,0.1145855237758908,0.08104684075562749,2.40848238868053,0.6251266488073446,0.49013774984653674,1.3372034311470906,0.060671868865331754,0.1837671733975732,1.0543836603893801,-0.016895297144059462
1981,1.3807868165373511,0.2570815324364284,0.3453478741896976,2.958155303950609,0.7724326830455824,0.7544387832806069,1.1888333007390126,0.03612609117361785,0.05808057544717162,1.577368487413258,-0.19195351579833853
1982,1.304277237628432,0.2261002794148374,0.2517278228259383,2.736577049851862,0.7353424610209607,0.6608187319168476,1.1626719921112239,0.019810159441253562,0.0940659355488654,1.4322998122234298,-0.1416052455172081
1983,1.3218230615111581,0.25232119492200855,0.24958811765110434,2.8739710863712813,0.7641730720466695,0.6586790267420136,1.1492441648214522,0.05354883265015148,0.09734705887137311,1.5521480248601232,-0.17257889668970594
1984,1.3752126326113452,0.27138809814067444,0.2855517376528361,3.009379493294092,0.7767700708403078,0.6946426467437454,1.1710532464817534,0.06651752235765529,0.09684529190723061,1.6341668606827466,-0.20415938612959184
1985,1.3814395677336666,0.18393003647406528,0.11689133968181509,2.809797927608893,0.7274406491245589,0.5244662770723256,1.2925253861743498,0.04230412439444587,0.2844960044245167,1.4283583598752263,-0.08891418155931685
1986,1.3788463921818106,0.12762740629602998,0.09644080516170271,2.49090317569988,0.6443748043994382,0.505531714252612,1.3531485024659413,0.03684904949108728,0.21287242780270826,1.1120567835180692,-0.025697889715869282
1987,1.3090258794855558,0.13608482514256603,0.15576378239920874,2.4924261408710007,0.6634551882425603,0.564854691490118,1.2629382636359998,0.05176703991391779,0.14722378730840907,1.1834002613854449,-0.04608761584955601
1988,1.3957498648337516,0.16063522738939295,0.11034350073786355,2.7296989597201424,0.704161454784672,0.5194344098287729,1.3297687347077558,0.06265466816647922,0.24631284249354649,1.3339490948863908,-0.06598113012599582
1989,1.3343183037392974,0.19971255936092297,0.22508424542687042,2.700443710688914,0.7162613899514428,0.6341751545177797,1.2235100263524687,0.02078173832410505,0.12900877245772727,1.3661254069496165,-0.11080827738682864
1990,1.3698240951584517,0.09557310994697205,0.165333761543335,2.435027364045458,0.6337815249637795,0.5744246706342443,1.345903625326073,0.07391198595610576,0.12006610891958144,1.0652032688870063,-0.02392046983237872
1991,1.23713254414651,0.2490556166557254,0.260396926205526,2.6164808344376285,0.7182651042654233,0.6617642931960375,1.0886260305489224,0.07878846376587773,0.09919067208379787,1.3793482902911185,-0.1485065135975876
1992,1.3827443910088244,0.09004399840663503,0.08225457907814705,2.339119381939865,0.604545991583832,0.4913454881690563,1.4050348369560641,0.09790927951265882,0.2345142075942354,0.9563749909310404,0.022290445947239723
1993,1.2895241884579196,0.2153025868175481,0.25540961750720603,2.653047296179603,0.715238675437357,0.6645005265981152,1.15970792495686,0.036731347855070914,0.049387745326784846,1.3635231077216834,-0.12981626350105957
1994,1.3521858354516247,0.09696407119222925,0.08882228846075672,2.431749603113631,0.6370011275212472,0.49791319755166596,1.3496140520599191,0.08983457539324846,0.21700236332104084,1.0795637676620062,-0.0025717833917056065
1995,1.3193364592332646,0.1828899074674059,0.2721582740865677,2.613427519532895,0.6950065515909544,0.681249183177477,1.2172849015513658,0.017233354189875993,0.05670204381855995,1.2940910602996305,-0.10205155768189877
1996,1.3794904942550907,0.07471275329658628,0.05758204228115994,2.452551524731098,0.6338088111260637,0.4666729513720692,1.3797252376271327,0.08140225787284609,0.22029799049870757,1.073061030476007,0.00023474337204199003
1997,1.3285721664937113,0.13988681238161044,0.15692413391421128,2.3833833820911945,0.6419535324684092,0.5660150430051205,1.3037404386714728,0.07230947347226419,0.16411510716714794,1.0548112155974831,-0.024831727822238525
1998,1.277702614210468,0.1611314320580409,0.23548131147333695,2.4426472338641436,0.6548486370390942,0.6445722205642462,1.2067800795620962,0.04246584889880124,0.023332497560267354,1.1649446196536757,-0.07092253464837173
1999,1.3646790958315624,0.1621822888988017,0.16172709317937572,2.6311498764028114,0.6848673029612313,0.570818002270285,1.303010378931137,0.036285674536926604,0.22066623531154841,1.266470780571249,-0.061668716900425524
