source_file,source_row_index,flare_id,year,month,peak_selection,bin,valid_integrated_irrad_peak,valid_integrated_irrad_end
noaa_2022.csv,0,202201010025,2022,2022-01,outside_fixed_domain,-1,True,True
noaa_2022.csv,1,202201010707,2022,2022-01,selected_peak,0,True,True
noaa_2022.csv,2,202201011236,2022,2022-01,outside_fixed_domain,-1,True,True
noaa_2022.csv,3,202201011337,2022,2022-01,outside_fixed_domain,-1,True,False
noaa_2022.csv,4,202201011347,2022,2022-01,outside_fixed_domain,-1,True,True
noaa_2022.csv,5,202201011448,2022,2022-01,outside_fixed_domain,-1,True,True
noaa_2022.csv,6,202201011611,2022,2022-01,outside_fixed_domain,-1,True,True
noaa_2022.csv,7,202201011728,2022,2022-01,outside_fixed_domain,-1,True,True
noaa_2022.csv,8,202201011859,2022,2022-01,outside_fixed_domain,-1,True,True
noaa_2022.csv,9,202201020001,2022,2022-01,outside_fixed_domain,-1,True,True
noaa_2022.csv,10,202201020337,2022,2022-01,outside_fixed_domain,-1,True,True
noaa_2022.csv,11,202201020818,2022,2022-01,outside_fixed_domain,-1,True,True
noaa_2022.csv,12,202201021002,2022,2022-01,outside_fixed_domain,-1,True,True
noaa_2022.csv,13,202201021200,2022,2022-01,outside_fixed_domain,-1,True,True
noaa_2022.csv,14,202201021653,2022,2022-01,outside_fixed_domain,-1,True,True
noaa_2022.csv,15,202201030123,2022,2022-01,outside_fixed_domain,-1,True,True
noaa_2022.csv,16,202201030159,2022,2022-01,outside_fixed_domain,-1,True,True
noaa_2022.csv,17,202201030514,2022,2022-01,outside_fixed_domain,-1,True,True
noaa_2022.csv,18,202201031144,2022,2022-01,outside_fixed_domain,-1,True,True
noaa_2022.csv,19,202201031509,2022,2022-01,outside_fixed_domain,-1,True,True
noaa_2022.csv,20,202201040335,2022,2022-01,outside_fixed_domain,-1,True,True
noaa_2022.csv,21,202201040527,2022,2022-01,outside_fixed_domain,-1,True,True
noaa_2022.csv,22,202201040906,2022,2022-01,outside_fixed_domain,-1,True,True
noaa_2022.csv,23,202201041718,2022,2022-01,outside_fixed_domain,-1,True,True
noaa_2022.csv,24,202201050247,2022,2022-01,outside_fixed_domain,-1,True,True
noaa_2022.csv,25,202201050510,2022,2022-01,outside_fixed_domain,-1,True,True
noaa_2022.csv,26,202201050734,2022,2022-01,outside_fixed_domain,-1,True,True
noaa_2022.csv,27,202201051645,2022,2022-01,outside_fixed_domain,-1,True,True
noaa_2022.csv,28,202201061814,2022,2022-01,outside_fixed_domain,-1,True,True
noaa_2022.csv,29,202201062239,2022,2022-01,outside_fixed_domain,-1,True,True
noaa_2022.csv,30,202201062338,2022,2022-01,outside_fixed_domain,-1,True,True
noaa_2022.csv,31,202201070133,2022,2022-01,outside_fixed_domain,-1,True,True
noaa_2022.csv,32,202201070347,2022,2022-01,outside_fixed_domain,-1,True,True
noaa_2022.csv,33,202201070414,2022,2022-01,outside_fixed_domain,-1,True,True
noaa_2022.csv,34,202201070551,2022,2022-01,outside_fixed_domain,-1,True,True
noaa_2022.csv,35,202201070804,2022,2022-01,outside_fixed_domain,-1,True,True
noaa_2022.csv,36,202201070842,2022,2022-01,outside_fixed_domain,-1,True,True
noaa_2022.csv,37,202201070918,2022,2022-01,outside_fixed_domain,-1,True,True
noaa_2022.csv,38,202201071028,2022,2022-01,outside_fixed_domain,-1,True,True
noaa_2022.csv,39,202201071158,2022,2022-01,outside_fixed_domain,-1,True,True
noaa_2022.csv,40,202201071428,2022,2022-01,outside_fixed_domain,-1,True,True
noaa_2022.csv,41,202201071652,2022,2022-01,outside_fixed_domain,-1,True,True
noaa_2022.csv,42,202201071845,2022,2022-01,outside_fixed_domain,-1,True,True
noaa_2022.csv,43,202201072105,2022,2022-01,outside_fixed_domain,-1,True,True
noaa_2022.csv,44,202201072201,2022,2022-01,outside_fixed_domain,-1,True,True
noaa_2022.csv,45,202201080057,2022,2022-01,outside_fixed_domain,-1,True,True
noaa_2022.csv,46,202201080206,2022,2022-01,outside_fixed_domain,-1,True,True
noaa_2022.csv,47,202201082349,2022,2022-01,outside_fixed_domain,-1,True,True
noaa_2022.csv,48,202201090507,2022,2022-01,outside_fixed_domain,-1,True,True
noaa_2022.csv,49,202201091552,2022,2022-01,outside_fixed_domain,-1,True,True
noaa_2022.csv,50,202201110531,2022,2022-01,outside_fixed_domain,-1,True,False
noaa_2022.csv,51,202201110551,2022,2022-01,outside_fixed_domain,-1,True,True
noaa_2022.csv,52,202201110637,2022,2022-01,outside_fixed_domain,-1,True,True
noaa_2022.csv,53,202201110818,2022,2022-01,outside_fixed_domain,-1,True,True
noaa_2022.csv,54,202201110914,2022,2022-01,outside_fixed_domain,-1,True,True
noaa_2022.csv,55,202201111132,2022,2022-01,outside_fixed_domain,-1,True,True
noaa_2022.csv,56,202201111237,2022,2022-01,outside_fixed_domain,-1,True,True
noaa_2022.csv,57,202201120413,2022,2022-01,outside_fixed_domain,-1,True,True
noaa_2022.csv,58,202201120436,2022,2022-01,outside_fixed_domain,-1,True,False
noaa_2022.csv,59,202201120508,2022,2022-01,outside_fixed_domain,-1,True,True
noaa_2022.csv,60,202201120531,2022,2022-01,outside_fixed_domain,-1,True,True
noaa_2022.csv,61,202201121645,2022,2022-01,outside_fixed_domain,-1,True,True
noaa_2022.csv,62,202201130151,2022,2022-01,outside_fixed_domain,-1,True,True
noaa_2022.csv,63,202201130758,2022,2022-01,outside_fixed_domain,-1,True,True
noaa_2022.csv,64,202201131118,2022,2022-01,outside_fixed_domain,-1,True,True
noaa_2022.csv,65,202201131323,2022,2022-01,outside_fixed_domain,-1,True,True
noaa_2022.csv,66,202201131400,2022,2022-01,outside_fixed_domain,-1,True,True
noaa_2022.csv,67,202201131709,2022,2022-01,outside_fixed_domain,-1,True,True
noaa_2022.csv,68,202201132024,2022,2022-01,outside_fixed_domain,-1,True,True
noaa_2022.csv,69,202201132354,2022,2022-01,outside_fixed_domain,-1,True,True
noaa_2022.csv,70,202201140147,2022,2022-01,selected_peak,1,True,True
noaa_2022.csv,71,202201140459,2022,2022-01,outside_fixed_domain,-1,True,True
noaa_2022.csv,72,202201141144,2022,2022-01,outside_fixed_domain,-1,True,True
noaa_2022.csv,73,202201141236,2022,2022-01,outside_fixed_domain,-1,True,True
noaa_2022.csv,74,202201141307,2022,2022-01,outside_fixed_domain,-1,True,False
noaa_2022.csv,75,202201141416,2022,2022-01,outside_fixed_domain,-1,True,True
noaa_2022.csv,76,202201141925,2022,2022-01,outside_fixed_domain,-1,True,True
noaa_2022.csv,77,202201150134,2022,2022-01,outside_fixed_domain,-1,True,True
noaa_2022.csv,78,202201150650,2022,2022-01,outside_fixed_domain,-1,True,True
noaa_2022.csv,79,202201150753,2022,2022-01,outside_fixed_domain,-1,True,True
noaa_2022.csv,80,202201150833,2022,2022-01,outside_fixed_domain,-1,True,True
noaa_2022.csv,81,202201151152,2022,2022-01,outside_fixed_domain,-1,True,True
noaa_2022.csv,82,202201151345,2022,2022-01,outside_fixed_domain,-1,True,False
noaa_2022.csv,83,202201151403,2022,2022-01,outside_fixed_domain,-1,True,False
noaa_2022.csv,84,202201151424,2022,2022-01,outside_fixed_domain,-1,True,True
noaa_2022.csv,85,202201151831,2022,2022-01,outside_fixed_domain,-1,True,True
noaa_2022.csv,86,202201152219,2022,2022-01,outside_fixed_domain,-1,True,False
noaa_2022.csv,87,202201152233,2022,2022-01,outside_fixed_domain,-1,True,False
noaa_2022.csv,88,202201152252,2022,2022-01,outside_fixed_domain,-1,True,True
noaa_2022.csv,89,202201152322,2022,2022-01,outside_fixed_domain,-1,True,True
noaa_2022.csv,90,202201160456,2022,2022-01,outside_fixed_domain,-1,True,True
noaa_2022.csv,91,202201161007,2022,2022-01,outside_fixed_domain,-1,True,True
noaa_2022.csv,92,202201161133,2022,2022-01,outside_fixed_domain,-1,True,True
noaa_2022.csv,93,202201161453,2022,2022-01,outside_fixed_domain,-1,True,True
noaa_2022.csv,94,202201161643,2022,2022-01,outside_fixed_domain,-1,True,True
noaa_2022.csv,95,202201161742,2022,2022-01,outside_fixed_domain,-1,True,True
noaa_2022.csv,96,202201161847,2022,2022-01,outside_fixed_domain,-1,True,False
noaa_2022.csv,97,202201161906,2022,2022-01,outside_fixed_domain,-1,True,False
noaa_2022.csv,98,202201161953,2022,2022-01,outside_fixed_domain,-1,True,False
noaa_2022.csv,99,202201162003,2022,2022-01,outside_fixed_domain,-1,True,True
noaa_2022.csv,100,202201171348,2022,2022-01,outside_fixed_domain,-1,True,False
noaa_2022.csv,101,202201171446,2022,2022-01,outside_fixed_domain,-1,True,False
noaa_2022.csv,102,202201171509,2022,2022-01,outside_fixed_domain,-1,True,True
noaa_2022.csv,103,202201180423,2022,2022-01,outside_fixed_domain,-1,True,False
noaa_2022.csv,104,202201180436,2022,2022-01,outside_fixed_domain,-1,True,True
noaa_2022.csv,105,202201180724,2022,2022-01,outside_fixed_domain,-1,True,True
noaa_2022.csv,106,202201181209,2022,2022-01,outside_fixed_domain,-1,True,False
noaa_2022.csv,107,202201181231,2022,2022-01,outside_fixed_domain,-1,True,True
noaa_2022.csv,108,202201181700,2022,2022-01,selected_peak,0,True,True
noaa_2022.csv,109,202201181948,2022,2022-01,outside_fixed_domain,-1,True,True
noaa_2022.csv,110,202201191421,2022,2022-01,outside_fixed_domain,-1,True,True
noaa_2022.csv,111,202201191633,2022,2022-01,outside_fixed_domain,-1,True,True
noaa_2022.csv,112,202201191917,2022,2022-01,outside_fixed_domain,-1,True,True
noaa_2022.csv,113,202201192349,2022,2022-01,outside_fixed_domain,-1,True,True
noaa_2022.csv,114,202201200053,2022,2022-01,outside_fixed_domain,-1,True,True
noaa_2022.csv,115,202201200123,2022,2022-01,outside_fixed_domain,-1,True,True
noaa_2022.csv,116,202201200209,2022,2022-01,outside_fixed_domain,-1,True,True
noaa_2022.csv,117,202201200231,2022,2022-01,outside_fixed_domain,-1,True,True
noaa_2022.csv,118,202201200541,2022,2022-01,selected_peak,2,True,True
noaa_2022.csv,119,202201202049,2022,2022-01,outside_fixed_domain,-1,True,True
noaa_2022.csv,120,202201202349,2022,2022-01,outside_fixed_domain,-1,True,True
noaa_2022.csv,121,202201210357,2022,2022-01,outside_fixed_domain,-1,True,True
noaa_2022.csv,122,202201210609,2022,2022-01,outside_fixed_domain,-1,True,True
noaa_2022.csv,123,202201210807,2022,2022-01,outside_fixed_domain,-1,True,True
noaa_2022.csv,124,202201220655,2022,2022-01,outside_fixed_domain,-1,True,True
noaa_2022.csv,125,202201230816,2022,2022-01,outside_fixed_domain,-1,True,True
noaa_2022.csv,126,202201231158,2022,2022-01,outside_fixed_domain,-1,True,False
noaa_2022.csv,127,202201231213,2022,2022-01,outside_fixed_domain,-1,True,False
noaa_2022.csv,128,202201231225,2022,2022-01,outside_fixed_domain,-1,True,True
noaa_2022.csv,129,202201232003,2022,2022-01,outside_fixed_domain,-1,True,True
noaa_2022.csv,130,202201240143,2022,2022-01,outside_fixed_domain,-1,True,False
noaa_2022.csv,131,202201240200,2022,2022-01,outside_fixed_domain,-1,True,True
noaa_2022.csv,132,202201240226,2022,2022-01,outside_fixed_domain,-1,True,True
noaa_2022.csv,133,202201240401,2022,2022-01,outside_fixed_domain,-1,True,True
noaa_2022.csv,134,202201240730,2022,2022-01,outside_fixed_domain,-1,True,True
noaa_2022.csv,135,202201240926,2022,2022-01,outside_fixed_domain,-1,True,True
noaa_2022.csv,136,202201240935,2022,2022-01,outside_fixed_domain,-1,True,True
noaa_2022.csv,137,202201241523,2022,2022-01,outside_fixed_domain,-1,True,True
noaa_2022.csv,138,202201242030,2022,2022-01,outside_fixed_domain,-1,True,True
noaa_2022.csv,139,202201242100,2022,2022-01,outside_fixed_domain,-1,True,False
noaa_2022.csv,140,202201242118,2022,2022-01,outside_fixed_domain,-1,True,False
noaa_2022.csv,141,202201242127,2022,2022-01,outside_fixed_domain,-1,True,True
noaa_2022.csv,142,202201250204,2022,2022-01,outside_fixed_domain,-1,True,True
noaa_2022.csv,143,202201250534,2022,2022-01,outside_fixed_domain,-1,True,True
noaa_2022.csv,144,202201250706,2022,2022-01,outside_fixed_domain,-1,True,False
noaa_2022.csv,145,202201250726,2022,2022-01,outside_fixed_domain,-1,True,True
noaa_2022.csv,146,202201250832,2022,2022-01,outside_fixed_domain,-1,True,True
noaa_2022.csv,147,202201250915,2022,2022-01,outside_fixed_domain,-1,True,True
noaa_2022.csv,148,202201250955,2022,2022-01,outside_fixed_domain,-1,True,True
noaa_2022.csv,149,202201251021,2022,2022-01,outside_fixed_domain,-1,True,True
noaa_2022.csv,150,202201251255,2022,2022-01,outside_fixed_domain,-1,True,True
noaa_2022.csv,151,202201251347,2022,2022-01,outside_fixed_domain,-1,True,True
noaa_2022.csv,152,202201251443,2022,2022-01,outside_fixed_domain,-1,True,True
noaa_2022.csv,153,202201251522,2022,2022-01,outside_fixed_domain,-1,True,True
noaa_2022.csv,154,202201251708,2022,2022-01,outside_fixed_domain,-1,True,True
noaa_2022.csv,155,202201251750,2022,2022-01,outside_fixed_domain,-1,True,True
noaa_2022.csv,156,202201251826,2022,2022-01,outside_fixed_domain,-1,True,True
noaa_2022.csv,157,202201251947,2022,2022-01,outside_fixed_domain,-1,True,True
noaa_2022.csv,158,202201252147,2022,2022-01,outside_fixed_domain,-1,True,True
noaa_2022.csv,159,202201252202,2022,2022-01,outside_fixed_domain,-1,True,True
noaa_2022.csv,160,202201252238,2022,2022-01,outside_fixed_domain,-1,True,True
noaa_2022.csv,161,202201252338,2022,2022-01,outside_fixed_domain,-1,True,True
noaa_2022.csv,162,202201260152,2022,2022-01,outside_fixed_domain,-1,True,True
noaa_2022.csv,163,202201260224,2022,2022-01,outside_fixed_domain,-1,True,True
noaa_2022.csv,164,202201260448,2022,2022-01,outside_fixed_domain,-1,True,True
noaa_2022.csv,165,202201260542,2022,2022-01,outside_fixed_domain,-1,True,True
noaa_2022.csv,166,202201260646,2022,2022-01,outside_fixed_domain,-1,True,True
noaa_2022.csv,167,202201260712,2022,2022-01,outside_fixed_domain,-1,True,True
noaa_2022.csv,168,202201260725,2022,2022-01,outside_fixed_domain,-1,True,True
noaa_2022.csv,169,202201260911,2022,2022-01,outside_fixed_domain,-1,True,True
noaa_2022.csv,170,202201260944,2022,2022-01,outside_fixed_domain,-1,True,True
noaa_2022.csv,171,202201261019,2022,2022-01,outside_fixed_domain,-1,True,True
noaa_2022.csv,172,202201261400,2022,2022-01,outside_fixed_domain,-1,True,True
noaa_2022.csv,173,202201261538,2022,2022-01,outside_fixed_domain,-1,True,True
noaa_2022.csv,174,202201261639,2022,2022-01,outside_fixed_domain,-1,True,True
noaa_2022.csv,175,202201261716,2022,2022-01,outside_fixed_domain,-1,True,True
noaa_2022.csv,176,202201261823,2022,2022-01,outside_fixed_domain,-1,True,True
noaa_2022.csv,177,202201261925,2022,2022-01,outside_fixed_domain,-1,True,False
noaa_2022.csv,178,202201261957,2022,2022-01,outside_fixed_domain,-1,True,True
noaa_2022.csv,179,202201262254,2022,2022-01,outside_fixed_domain,-1,True,True
noaa_2022.csv,180,202201270214,2022,2022-01,outside_fixed_domain,-1,True,True
noaa_2022.csv,181,202201270258,2022,2022-01,outside_fixed_domain,-1,True,True
noaa_2022.csv,182,202201270554,2022,2022-01,outside_fixed_domain,-1,True,True
noaa_2022.csv,183,202201270716,2022,2022-01,outside_fixed_domain,-1,True,True
noaa_2022.csv,184,202201270754,2022,2022-01,outside_fixed_domain,-1,True,True
noaa_2022.csv,185,202201271039,2022,2022-01,outside_fixed_domain,-1,True,False
noaa_2022.csv,186,202201271109,2022,2022-01,outside_fixed_domain,-1,True,True
noaa_2022.csv,187,202201271207,2022,2022-01,outside_fixed_domain,-1,True,True
noaa_2022.csv,188,202201271510,2022,2022-01,outside_fixed_domain,-1,True,True
noaa_2022.csv,189,202201271613,2022,2022-01,outside_fixed_domain,-1,True,True
noaa_2022.csv,190,202201271710,2022,2022-01,outside_fixed_domain,-1,True,True
noaa_2022.csv,191,202201271851,2022,2022-01,outside_fixed_domain,-1,True,True
noaa_2022.csv,192,202201272310,2022,2022-01,outside_fixed_domain,-1,True,True
noaa_2022.csv,193,202201272357,2022,2022-01,outside_fixed_domain,-1,True,True
noaa_2022.csv,194,202201280051,2022,2022-01,outside_fixed_domain,-1,True,True
noaa_2022.csv,195,202201280125,2022,2022-01,outside_fixed_domain,-1,True,True
noaa_2022.csv,196,202201280225,2022,2022-01,outside_fixed_domain,-1,True,True
noaa_2022.csv,197,202201280240,2022,2022-01,outside_fixed_domain,-1,True,True
noaa_2022.csv,198,202201280332,2022,2022-01,outside_fixed_domain,-1,True,False
noaa_2022.csv,199,202201280341,2022,2022-01,outside_fixed_domain,-1,True,True
noaa_2022.csv,200,202201280403,2022,2022-01,outside_fixed_domain,-1,True,True
noaa_2022.csv,201,202201280448,2022,2022-01,outside_fixed_domain,-1,True,True
noaa_2022.csv,202,202201280514,2022,2022-01,outside_fixed_domain,-1,True,True
noaa_2022.csv,203,202201280602,2022,2022-01,outside_fixed_domain,-1,True,True
noaa_2022.csv,204,202201280639,2022,2022-01,outside_fixed_domain,-1,True,True
noaa_2022.csv,205,202201280708,2022,2022-01,outside_fixed_domain,-1,True,True
noaa_2022.csv,206,202201280803,2022,2022-01,outside_fixed_domain,-1,True,True
noaa_2022.csv,207,202201280835,2022,2022-01,outside_fixed_domain,-1,True,True
noaa_2022.csv,208,202201281014,2022,2022-01,outside_fixed_domain,-1,True,True
noaa_2022.csv,209,202201281535,2022,2022-01,outside_fixed_domain,-1,True,True
noaa_2022.csv,210,202201281712,2022,2022-01,outside_fixed_domain,-1,True,True
noaa_2022.csv,211,202201281729,2022,2022-01,outside_fixed_domain,-1,True,True
noaa_2022.csv,212,202201281804,2022,2022-01,outside_fixed_domain,-1,True,True
noaa_2022.csv,213,202201281856,2022,2022-01,outside_fixed_domain,-1,True,True
noaa_2022.csv,214,202201281922,2022,2022-01,outside_fixed_domain,-1,True,True
noaa_2022.csv,215,202201281958,2022,2022-01,outside_fixed_domain,-1,True,True
noaa_2022.csv,216,202201282027,2022,2022-01,outside_fixed_domain,-1,True,False
noaa_2022.csv,217,202201282042,2022,2022-01,outside_fixed_domain,-1,True,True
noaa_2022.csv,218,202201282325,2022,2022-01,outside_fixed_domain,-1,True,True
noaa_2022.csv,219,202201290037,2022,2022-01,outside_fixed_domain,-1,True,True
noaa_2022.csv,220,202201290112,2022,2022-01,outside_fixed_domain,-1,True,True
noaa_2022.csv,221,202201290226,2022,2022-01,outside_fixed_domain,-1,True,False
noaa_2022.csv,222,202201290232,2022,2022-01,outside_fixed_domain,-1,True,True
noaa_2022.csv,223,202201290312,2022,2022-01,outside_fixed_domain,-1,True,False
noaa_2022.csv,224,202201290327,2022,2022-01,outside_fixed_domain,-1,True,True
noaa_2022.csv,225,202201290410,2022,2022-01,outside_fixed_domain,-1,True,True
noaa_2022.csv,226,202201290528,2022,2022-01,outside_fixed_domain,-1,True,True
noaa_2022.csv,227,202201290555,2022,2022-01,outside_fixed_domain,-1,True,False
noaa_2022.csv,228,202201290604,2022,2022-01,outside_fixed_domain,-1,True,True
noaa_2022.csv,229,202201290706,2022,2022-01,outside_fixed_domain,-1,True,True
noaa_2022.csv,230,202201290851,2022,2022-01,outside_fixed_domain,-1,True,False
noaa_2022.csv,231,202201290902,2022,2022-01,outside_fixed_domain,-1,True,True
noaa_2022.csv,232,202201291027,2022,2022-01,outside_fixed_domain,-1,True,True
noaa_2022.csv,233,202201291135,2022,2022-01,outside_fixed_domain,-1,True,False
noaa_2022.csv,234,202201291146,2022,2022-01,outside_fixed_domain,-1,True,True
noaa_2022.csv,235,202201291203,2022,2022-01,outside_fixed_domain,-1,True,True
noaa_2022.csv,236,202201291319,2022,2022-01,outside_fixed_domain,-1,True,True
noaa_2022.csv,237,202201291335,2022,2022-01,outside_fixed_domain,-1,True,True
noaa_2022.csv,238,202201291407,2022,2022-01,outside_fixed_domain,-1,True,True
noaa_2022.csv,239,202201291516,2022,2022-01,outside_fixed_domain,-1,True,False
noaa_2022.csv,240,202201291528,2022,2022-01,outside_fixed_domain,-1,True,True
noaa_2022.csv,241,202201291630,2022,2022-01,outside_fixed_domain,-1,True,True
noaa_2022.csv,242,202201291647,2022,2022-01,outside_fixed_domain,-1,True,True
noaa_2022.csv,243,202201291729,2022,2022-01,outside_fixed_domain,-1,True,True
noaa_2022.csv,244,202201291815,2022,2022-01,outside_fixed_domain,-1,True,True
noaa_2022.csv,245,202201291954,2022,2022-01,outside_fixed_domain,-1,True,True
noaa_2022.csv,246,202201292122,2022,2022-01,outside_fixed_domain,-1,True,False
noaa_2022.csv,247,202201292133,2022,2022-01,outside_fixed_domain,-1,True,True
noaa_2022.csv,248,202201292245,2022,2022-01,selected_peak,0,True,True
noaa_2022.csv,249,202201300506,2022,2022-01,outside_fixed_domain,-1,True,True
noaa_2022.csv,250,202201300653,2022,2022-01,outside_fixed_domain,-1,True,True
noaa_2022.csv,251,202201300712,2022,2022-01,outside_fixed_domain,-1,True,True
noaa_2022.csv,252,202201300943,2022,2022-01,outside_fixed_domain,-1,True,True
noaa_2022.csv,253,202201301244,2022,2022-01,outside_fixed_domain,-1,True,True
noaa_2022.csv,254,202201301538,2022,2022-01,outside_fixed_domain,-1,True,True
noaa_2022.csv,255,202201301756,2022,2022-01,outside_fixed_domain,-1,True,True
noaa_2022.csv,256,202201301955,2022,2022-01,outside_fixed_domain,-1,True,True
noaa_2022.csv,257,202201302116,2022,2022-01,outside_fixed_domain,-1,True,True
noaa_2022.csv,258,202201302135,2022,2022-01,outside_fixed_domain,-1,True,True
noaa_2022.csv,259,202201302157,2022,2022-01,outside_fixed_domain,-1,True,True
noaa_2022.csv,260,202201302225,2022,2022-01,outside_fixed_domain,-1,True,True
noaa_2022.csv,261,202201302321,2022,2022-01,outside_fixed_domain,-1,True,True
noaa_2022.csv,262,202201310006,2022,2022-01,outside_fixed_domain,-1,True,False
noaa_2022.csv,263,202201310019,2022,2022-01,outside_fixed_domain,-1,True,True
noaa_2022.csv,264,202201310154,2022,2022-01,outside_fixed_domain,-1,True,False
noaa_2022.csv,265,202201310208,2022,2022-01,outside_fixed_domain,-1,True,True
noaa_2022.csv,266,202201310340,2022,2022-01,outside_fixed_domain,-1,True,True
noaa_2022.csv,267,202201310910,2022,2022-01,outside_fixed_domain,-1,True,True
noaa_2022.csv,268,202201311046,2022,2022-01,outside_fixed_domain,-1,True,True
noaa_2022.csv,269,202201311954,2022,2022-01,outside_fixed_domain,-1,True,True
noaa_2022.csv,270,202201312153,2022,2022-01,outside_fixed_domain,-1,True,False
noaa_2022.csv,271,202201312202,2022,2022-01,outside_fixed_domain,-1,True,True
noaa_2022.csv,272,202201312325,2022,2022-01,outside_fixed_domain,-1,True,True
noaa_2022.csv,273,202202010248,2022,2022-02,outside_fixed_domain,-1,True,True
noaa_2022.csv,274,202202010707,2022,2022-02,outside_fixed_domain,-1,True,True
noaa_2022.csv,275,202202010725,2022,2022-02,outside_fixed_domain,-1,True,True
noaa_2022.csv,276,202202010843,2022,2022-02,outside_fixed_domain,-1,True,True
noaa_2022.csv,277,202202010948,2022,2022-02,outside_fixed_domain,-1,True,False
noaa_2022.csv,278,202202011014,2022,2022-02,outside_fixed_domain,-1,True,False
noaa_2022.csv,279,202202011021,2022,2022-02,outside_fixed_domain,-1,True,True
noaa_2022.csv,280,202202011155,2022,2022-02,outside_fixed_domain,-1,True,False
noaa_2022.csv,281,202202011211,2022,2022-02,outside_fixed_domain,-1,True,True
noaa_2022.csv,282,202202011305,2022,2022-02,outside_fixed_domain,-1,True,True
noaa_2022.csv,283,202202011510,2022,2022-02,outside_fixed_domain,-1,True,True
noaa_2022.csv,284,202202011726,2022,2022-02,outside_fixed_domain,-1,True,True
noaa_2022.csv,285,202202011912,2022,2022-02,outside_fixed_domain,-1,True,True
noaa_2022.csv,286,202202011938,2022,2022-02,outside_fixed_domain,-1,True,True
noaa_2022.csv,287,202202012007,2022,2022-02,outside_fixed_domain,-1,True,True
noaa_2022.csv,288,202202012058,2022,2022-02,outside_fixed_domain,-1,True,True
noaa_2022.csv,289,202202012221,2022,2022-02,outside_fixed_domain,-1,True,False
noaa_2022.csv,290,202202012244,2022,2022-02,outside_fixed_domain,-1,True,True
noaa_2022.csv,291,202202020200,2022,2022-02,outside_fixed_domain,-1,True,True
noaa_2022.csv,292,202202020330,2022,2022-02,outside_fixed_domain,-1,True,True
noaa_2022.csv,293,202202020427,2022,2022-02,outside_fixed_domain,-1,True,True
noaa_2022.csv,294,202202020516,2022,2022-02,outside_fixed_domain,-1,True,True
noaa_2022.csv,295,202202020951,2022,2022-02,outside_fixed_domain,-1,True,False
noaa_2022.csv,296,202202021014,2022,2022-02,outside_fixed_domain,-1,True,True
noaa_2022.csv,297,202202021539,2022,2022-02,outside_fixed_domain,-1,True,True
noaa_2022.csv,298,202202021626,2022,2022-02,outside_fixed_domain,-1,True,True
noaa_2022.csv,299,202202021742,2022,2022-02,outside_fixed_domain,-1,True,True
noaa_2022.csv,300,202202021843,2022,2022-02,outside_fixed_domain,-1,True,True
noaa_2022.csv,301,202202022137,2022,2022-02,outside_fixed_domain,-1,True,True
noaa_2022.csv,302,202202030056,2022,2022-02,outside_fixed_domain,-1,True,True
noaa_2022.csv,303,202202030522,2022,2022-02,outside_fixed_domain,-1,True,True
noaa_2022.csv,304,202202030721,2022,2022-02,outside_fixed_domain,-1,True,True
noaa_2022.csv,305,202202030827,2022,2022-02,outside_fixed_domain,-1,True,True
noaa_2022.csv,306,202202031014,2022,2022-02,outside_fixed_domain,-1,True,True
noaa_2022.csv,307,202202031109,2022,2022-02,outside_fixed_domain,-1,True,True
noaa_2022.csv,308,202202031344,2022,2022-02,outside_fixed_domain,-1,True,True
noaa_2022.csv,309,202202031632,2022,2022-02,outside_fixed_domain,-1,True,True
noaa_2022.csv,310,202202031845,2022,2022-02,outside_fixed_domain,-1,True,True
noaa_2022.csv,311,202202031924,2022,2022-02,outside_fixed_domain,-1,True,False
noaa_2022.csv,312,202202031934,2022,2022-02,outside_fixed_domain,-1,True,True
noaa_2022.csv,313,202202032038,2022,2022-02,outside_fixed_domain,-1,True,True
noaa_2022.csv,314,202202032328,2022,2022-02,outside_fixed_domain,-1,True,True
noaa_2022.csv,315,202202040237,2022,2022-02,outside_fixed_domain,-1,True,True
noaa_2022.csv,316,202202040329,2022,2022-02,outside_fixed_domain,-1,True,True
noaa_2022.csv,317,202202040556,2022,2022-02,outside_fixed_domain,-1,True,True
noaa_2022.csv,318,202202041055,2022,2022-02,outside_fixed_domain,-1,True,True
noaa_2022.csv,319,202202041538,2022,2022-02,outside_fixed_domain,-1,True,True
noaa_2022.csv,320,202202041925,2022,2022-02,outside_fixed_domain,-1,True,True
noaa_2022.csv,321,202202042020,2022,2022-02,outside_fixed_domain,-1,True,True
noaa_2022.csv,322,202202042142,2022,2022-02,outside_fixed_domain,-1,True,True
noaa_2022.csv,323,202202050547,2022,2022-02,outside_fixed_domain,-1,True,True
noaa_2022.csv,324,202202050800,2022,2022-02,outside_fixed_domain,-1,True,True
noaa_2022.csv,325,202202051655,2022,2022-02,outside_fixed_domain,-1,True,True
noaa_2022.csv,326,202202051820,2022,2022-02,outside_fixed_domain,-1,True,False
noaa_2022.csv,327,202202051830,2022,2022-02,outside_fixed_domain,-1,True,True
noaa_2022.csv,328,202202052207,2022,2022-02,outside_fixed_domain,-1,True,True
noaa_2022.csv,329,202202052343,2022,2022-02,outside_fixed_domain,-1,True,True
noaa_2022.csv,330,202202060052,2022,2022-02,outside_fixed_domain,-1,True,True
noaa_2022.csv,331,202202060115,2022,2022-02,outside_fixed_domain,-1,True,True
noaa_2022.csv,332,202202060829,2022,2022-02,outside_fixed_domain,-1,True,True
noaa_2022.csv,333,202202061115,2022,2022-02,outside_fixed_domain,-1,True,True
noaa_2022.csv,334,202202062321,2022,2022-02,outside_fixed_domain,-1,True,True
noaa_2022.csv,335,202202070008,2022,2022-02,outside_fixed_domain,-1,True,True
noaa_2022.csv,336,202202070223,2022,2022-02,outside_fixed_domain,-1,True,True
noaa_2022.csv,337,202202070520,2022,2022-02,outside_fixed_domain,-1,True,False
noaa_2022.csv,338,202202070538,2022,2022-02,outside_fixed_domain,-1,True,True
noaa_2022.csv,339,202202070628,2022,2022-02,outside_fixed_domain,-1,True,True
noaa_2022.csv,340,202202070722,2022,2022-02,outside_fixed_domain,-1,True,True
noaa_2022.csv,341,202202070805,2022,2022-02,outside_fixed_domain,-1,True,True
noaa_2022.csv,342,202202070821,2022,2022-02,outside_fixed_domain,-1,True,True
noaa_2022.csv,343,202202070852,2022,2022-02,outside_fixed_domain,-1,True,False
noaa_2022.csv,344,202202070858,2022,2022-02,outside_fixed_domain,-1,True,True
noaa_2022.csv,345,202202071101,2022,2022-02,outside_fixed_domain,-1,True,False
noaa_2022.csv,346,202202071112,2022,2022-02,outside_fixed_domain,-1,True,True
noaa_2022.csv,347,202202071151,2022,2022-02,outside_fixed_domain,-1,True,True
noaa_2022.csv,348,202202071226,2022,2022-02,outside_fixed_domain,-1,True,True
noaa_2022.csv,349,202202071650,2022,2022-02,outside_fixed_domain,-1,True,True
noaa_2022.csv,350,202202072257,2022,2022-02,outside_fixed_domain,-1,True,True
noaa_2022.csv,351,202202080519,2022,2022-02,outside_fixed_domain,-1,True,True
noaa_2022.csv,352,202202080706,2022,2022-02,outside_fixed_domain,-1,True,True
noaa_2022.csv,353,202202081625,2022,2022-02,outside_fixed_domain,-1,True,True
noaa_2022.csv,354,202202081719,2022,2022-02,outside_fixed_domain,-1,True,True
noaa_2022.csv,355,202202082129,2022,2022-02,outside_fixed_domain,-1,True,True
noaa_2022.csv,356,202202090432,2022,2022-02,outside_fixed_domain,-1,True,True
noaa_2022.csv,357,202202090544,2022,2022-02,outside_fixed_domain,-1,True,True
noaa_2022.csv,358,202202090728,2022,2022-02,outside_fixed_domain,-1,True,True
noaa_2022.csv,359,202202090822,2022,2022-02,outside_fixed_domain,-1,True,True
noaa_2022.csv,360,202202090953,2022,2022-02,outside_fixed_domain,-1,True,True
noaa_2022.csv,361,202202091425,2022,2022-02,outside_fixed_domain,-1,True,False
noaa_2022.csv,362,202202091501,2022,2022-02,outside_fixed_domain,-1,True,True
noaa_2022.csv,363,202202091727,2022,2022-02,outside_fixed_domain,-1,True,True
noaa_2022.csv,364,202202092351,2022,2022-02,outside_fixed_domain,-1,True,True
noaa_2022.csv,365,202202100157,2022,2022-02,outside_fixed_domain,-1,True,True
noaa_2022.csv,366,202202100422,2022,2022-02,outside_fixed_domain,-1,True,True
noaa_2022.csv,367,202202100623,2022,2022-02,outside_fixed_domain,-1,True,True
noaa_2022.csv,368,202202101251,2022,2022-02,outside_fixed_domain,-1,True,True
noaa_2022.csv,369,202202101806,2022,2022-02,outside_fixed_domain,-1,True,False
noaa_2022.csv,370,202202101845,2022,2022-02,outside_fixed_domain,-1,True,True
noaa_2022.csv,371,202202110005,2022,2022-02,outside_fixed_domain,-1,True,True
noaa_2022.csv,372,202202110119,2022,2022-02,outside_fixed_domain,-1,True,True
noaa_2022.csv,373,202202110649,2022,2022-02,outside_fixed_domain,-1,True,True
noaa_2022.csv,374,202202111016,2022,2022-02,outside_fixed_domain,-1,True,True
noaa_2022.csv,375,202202111241,2022,2022-02,outside_fixed_domain,-1,True,True
noaa_2022.csv,376,202202111724,2022,2022-02,outside_fixed_domain,-1,True,True
noaa_2022.csv,377,202202120255,2022,2022-02,outside_fixed_domain,-1,True,True
noaa_2022.csv,378,202202120453,2022,2022-02,outside_fixed_domain,-1,True,True
noaa_2022.csv,379,202202120603,2022,2022-02,outside_fixed_domain,-1,True,True
noaa_2022.csv,380,202202120739,2022,2022-02,outside_fixed_domain,-1,True,True
noaa_2022.csv,381,202202120825,2022,2022-02,selected_peak,0,True,True
noaa_2022.csv,382,202202121638,2022,2022-02,outside_fixed_domain,-1,True,False
noaa_2022.csv,383,202202121703,2022,2022-02,outside_fixed_domain,-1,True,True
noaa_2022.csv,384,202202121719,2022,2022-02,outside_fixed_domain,-1,True,True
noaa_2022.csv,385,202202121945,2022,2022-02,outside_fixed_domain,-1,True,True
noaa_2022.csv,386,202202130048,2022,2022-02,outside_fixed_domain,-1,True,False
noaa_2022.csv,387,202202130143,2022,2022-02,outside_fixed_domain,-1,True,True
noaa_2022.csv,388,202202130312,2022,2022-02,outside_fixed_domain,-1,True,True
noaa_2022.csv,389,202202130359,2022,2022-02,outside_fixed_domain,-1,True,True
noaa_2022.csv,390,202202130428,2022,2022-02,outside_fixed_domain,-1,True,True
noaa_2022.csv,391,202202130517,2022,2022-02,outside_fixed_domain,-1,True,True
noaa_2022.csv,392,202202130721,2022,2022-02,outside_fixed_domain,-1,True,True
noaa_2022.csv,393,202202130824,2022,2022-02,outside_fixed_domain,-1,True,True
noaa_2022.csv,394,202202131523,2022,2022-02,outside_fixed_domain,-1,True,True
noaa_2022.csv,395,202202131641,2022,2022-02,outside_fixed_domain,-1,True,True
noaa_2022.csv,396,202202131931,2022,2022-02,outside_fixed_domain,-1,True,True
noaa_2022.csv,397,202202132127,2022,2022-02,outside_fixed_domain,-1,True,True
noaa_2022.csv,398,202202140910,2022,2022-02,outside_fixed_domain,-1,True,False
noaa_2022.csv,399,202202140920,2022,2022-02,outside_fixed_domain,-1,True,True
noaa_2022.csv,400,202202141341,2022,2022-02,outside_fixed_domain,-1,True,True
noaa_2022.csv,401,202202141401,2022,2022-02,outside_fixed_domain,-1,True,True
noaa_2022.csv,402,202202141702,2022,2022-02,selected_peak,0,True,True
noaa_2022.csv,403,202202142226,2022,2022-02,outside_fixed_domain,-1,True,True
noaa_2022.csv,404,202202150512,2022,2022-02,outside_fixed_domain,-1,True,True
noaa_2022.csv,405,202202150534,2022,2022-02,outside_fixed_domain,-1,True,True
noaa_2022.csv,406,202202151409,2022,2022-02,outside_fixed_domain,-1,True,False
noaa_2022.csv,407,202202151419,2022,2022-02,outside_fixed_domain,-1,True,True
noaa_2022.csv,408,202202151724,2022,2022-02,outside_fixed_domain,-1,True,False
noaa_2022.csv,409,202202151754,2022,2022-02,selected_peak,0,True,True
noaa_2022.csv,410,202202152306,2022,2022-02,outside_fixed_domain,-1,True,False
noaa_2022.csv,411,202202152320,2022,2022-02,outside_fixed_domain,-1,True,True
noaa_2022.csv,412,202202152341,2022,2022-02,outside_fixed_domain,-1,True,True
noaa_2022.csv,413,202202160156,2022,2022-02,outside_fixed_domain,-1,True,True
noaa_2022.csv,414,202202161215,2022,2022-02,outside_fixed_domain,-1,True,True
noaa_2022.csv,415,202202161333,2022,2022-02,outside_fixed_domain,-1,True,True
noaa_2022.csv,416,202202162130,2022,2022-02,outside_fixed_domain,-1,True,True
noaa_2022.csv,417,202202162323,2022,2022-02,outside_fixed_domain,-1,True,True
noaa_2022.csv,418,202202170218,2022,2022-02,outside_fixed_domain,-1,True,True
noaa_2022.csv,419,202202170314,2022,2022-02,outside_fixed_domain,-1,True,True
noaa_2022.csv,420,202202170556,2022,2022-02,outside_fixed_domain,-1,True,True
noaa_2022.csv,421,202202170932,2022,2022-02,outside_fixed_domain,-1,True,True
noaa_2022.csv,422,202202171046,2022,2022-02,outside_fixed_domain,-1,True,False
noaa_2022.csv,423,202202171111,2022,2022-02,outside_fixed_domain,-1,True,True
noaa_2022.csv,424,202202171316,2022,2022-02,outside_fixed_domain,-1,True,True
noaa_2022.csv,425,202202172024,2022,2022-02,outside_fixed_domain,-1,True,False
noaa_2022.csv,426,202202172040,2022,2022-02,outside_fixed_domain,-1,True,True
noaa_2022.csv,427,202202172159,2022,2022-02,outside_fixed_domain,-1,True,True
noaa_2022.csv,428,202202180355,2022,2022-02,outside_fixed_domain,-1,True,True
noaa_2022.csv,429,202202181516,2022,2022-02,outside_fixed_domain,-1,True,True
noaa_2022.csv,430,202202181605,2022,2022-02,outside_fixed_domain,-1,True,True
noaa_2022.csv,431,202202181906,2022,2022-02,outside_fixed_domain,-1,True,True
noaa_2022.csv,432,202202190447,2022,2022-02,outside_fixed_domain,-1,True,True
noaa_2022.csv,433,202202191203,2022,2022-02,outside_fixed_domain,-1,True,True
noaa_2022.csv,434,202202191707,2022,2022-02,outside_fixed_domain,-1,True,True
noaa_2022.csv,435,202202191844,2022,2022-02,outside_fixed_domain,-1,True,True
noaa_2022.csv,436,202202191910,2022,2022-02,outside_fixed_domain,-1,True,False
noaa_2022.csv,437,202202191931,2022,2022-02,outside_fixed_domain,-1,True,True
noaa_2022.csv,438,202202191958,2022,2022-02,outside_fixed_domain,-1,True,True
noaa_2022.csv,439,202202192113,2022,2022-02,outside_fixed_domain,-1,True,True
noaa_2022.csv,440,202202200214,2022,2022-02,outside_fixed_domain,-1,True,True
noaa_2022.csv,441,202202200336,2022,2022-02,outside_fixed_domain,-1,True,True
noaa_2022.csv,442,202202201717,2022,2022-02,outside_fixed_domain,-1,True,True
noaa_2022.csv,443,202202211834,2022,2022-02,outside_fixed_domain,-1,True,False
noaa_2022.csv,444,202202211843,2022,2022-02,outside_fixed_domain,-1,True,False
noaa_2022.csv,445,202202211929,2022,2022-02,outside_fixed_domain,-1,True,True
noaa_2022.csv,446,202202220344,2022,2022-02,outside_fixed_domain,-1,True,False
noaa_2022.csv,447,202202220400,2022,2022-02,outside_fixed_domain,-1,True,True
noaa_2022.csv,448,202202220608,2022,2022-02,outside_fixed_domain,-1,True,True
noaa_2022.csv,449,202202220829,2022,2022-02,outside_fixed_domain,-1,True,True
noaa_2022.csv,450,202202221146,2022,2022-02,outside_fixed_domain,-1,True,False
noaa_2022.csv,451,202202221158,2022,2022-02,outside_fixed_domain,-1,True,True
noaa_2022.csv,452,202202221655,2022,2022-02,outside_fixed_domain,-1,True,True
noaa_2022.csv,453,202202230236,2022,2022-02,outside_fixed_domain,-1,True,True
noaa_2022.csv,454,202202230441,2022,2022-02,outside_fixed_domain,-1,True,True
noaa_2022.csv,455,202202230810,2022,2022-02,outside_fixed_domain,-1,True,True
noaa_2022.csv,456,202202230951,2022,2022-02,outside_fixed_domain,-1,True,True
noaa_2022.csv,457,202202231208,2022,2022-02,outside_fixed_domain,-1,True,True
noaa_2022.csv,458,202202231231,2022,2022-02,outside_fixed_domain,-1,True,True
noaa_2022.csv,459,202202231331,2022,2022-02,outside_fixed_domain,-1,True,True
noaa_2022.csv,460,202202232043,2022,2022-02,outside_fixed_domain,-1,True,True
noaa_2022.csv,461,202202240202,2022,2022-02,outside_fixed_domain,-1,True,False
noaa_2022.csv,462,202202240213,2022,2022-02,outside_fixed_domain,-1,True,False
noaa_2022.csv,463,202202240244,2022,2022-02,outside_fixed_domain,-1,True,True
noaa_2022.csv,464,202202251131,2022,2022-02,outside_fixed_domain,-1,True,True
noaa_2022.csv,465,202202251211,2022,2022-02,outside_fixed_domain,-1,True,True
noaa_2022.csv,466,202202251355,2022,2022-02,outside_fixed_domain,-1,True,True
noaa_2022.csv,467,202202252114,2022,2022-02,outside_fixed_domain,-1,True,True
noaa_2022.csv,468,202202260421,2022,2022-02,outside_fixed_domain,-1,True,True
noaa_2022.csv,469,202202260546,2022,2022-02,outside_fixed_domain,-1,True,True
noaa_2022.csv,470,202202261223,2022,2022-02,outside_fixed_domain,-1,True,True
noaa_2022.csv,471,202202261300,2022,2022-02,outside_fixed_domain,-1,True,False
noaa_2022.csv,472,202202261315,2022,2022-02,outside_fixed_domain,-1,True,True
noaa_2022.csv,473,202202261659,2022,2022-02,outside_fixed_domain,-1,True,True
noaa_2022.csv,474,202202261911,2022,2022-02,outside_fixed_domain,-1,True,True
noaa_2022.csv,475,202202262153,2022,2022-02,outside_fixed_domain,-1,True,True
noaa_2022.csv,476,202202262301,2022,2022-02,outside_fixed_domain,-1,True,True
noaa_2022.csv,477,202202270127,2022,2022-02,outside_fixed_domain,-1,True,True
noaa_2022.csv,478,202202270304,2022,2022-02,outside_fixed_domain,-1,True,True
noaa_2022.csv,479,202202270616,2022,2022-02,outside_fixed_domain,-1,True,True
noaa_2022.csv,480,202202270745,2022,2022-02,outside_fixed_domain,-1,True,True
noaa_2022.csv,481,202202280302,2022,2022-02,outside_fixed_domain,-1,True,True
noaa_2022.csv,482,202202280805,2022,2022-02,outside_fixed_domain,-1,True,False
noaa_2022.csv,483,202202280902,2022,2022-02,outside_fixed_domain,-1,True,True
noaa_2022.csv,484,202202281517,2022,2022-02,outside_fixed_domain,-1,True,True
noaa_2022.csv,485,202202281945,2022,2022-02,outside_fixed_domain,-1,True,True
noaa_2022.csv,486,202202282007,2022,2022-02,outside_fixed_domain,-1,True,True
noaa_2022.csv,487,202202282258,2022,2022-02,outside_fixed_domain,-1,True,False
noaa_2022.csv,488,202202282311,2022,2022-02,outside_fixed_domain,-1,True,True
noaa_2022.csv,489,202203010220,2022,2022-03,outside_fixed_domain,-1,True,True
noaa_2022.csv,490,202203011048,2022,2022-03,outside_fixed_domain,-1,True,True
noaa_2022.csv,491,202203011122,2022,2022-03,outside_fixed_domain,-1,True,True
noaa_2022.csv,492,202203011259,2022,2022-03,outside_fixed_domain,-1,True,True
noaa_2022.csv,493,202203011704,2022,2022-03,outside_fixed_domain,-1,True,False
noaa_2022.csv,494,202203011731,2022,2022-03,outside_fixed_domain,-1,True,True
noaa_2022.csv,495,202203011747,2022,2022-03,outside_fixed_domain,-1,True,True
noaa_2022.csv,496,202203011932,2022,2022-03,outside_fixed_domain,-1,True,True
noaa_2022.csv,497,202203012148,2022,2022-03,outside_fixed_domain,-1,True,True
noaa_2022.csv,498,202203012242,2022,2022-03,outside_fixed_domain,-1,True,True
noaa_2022.csv,499,202203012310,2022,2022-03,outside_fixed_domain,-1,True,True
noaa_2022.csv,500,202203020405,2022,2022-03,outside_fixed_domain,-1,True,True
noaa_2022.csv,501,202203020709,2022,2022-03,outside_fixed_domain,-1,True,True
noaa_2022.csv,502,202203020742,2022,2022-03,outside_fixed_domain,-1,True,True
noaa_2022.csv,503,202203020912,2022,2022-03,outside_fixed_domain,-1,True,True
noaa_2022.csv,504,202203021133,2022,2022-03,outside_fixed_domain,-1,True,True
noaa_2022.csv,505,202203021253,2022,2022-03,outside_fixed_domain,-1,True,True
noaa_2022.csv,506,202203021604,2022,2022-03,outside_fixed_domain,-1,True,False
noaa_2022.csv,507,202203021620,2022,2022-03,outside_fixed_domain,-1,True,False
noaa_2022.csv,508,202203021634,2022,2022-03,outside_fixed_domain,-1,True,True
noaa_2022.csv,509,202203021659,2022,2022-03,outside_fixed_domain,-1,True,True
noaa_2022.csv,510,202203021731,2022,2022-03,selected_peak,1,True,True
noaa_2022.csv,511,202203021924,2022,2022-03,outside_fixed_domain,-1,True,True
noaa_2022.csv,512,202203022026,2022,2022-03,outside_fixed_domain,-1,True,True
noaa_2022.csv,513,202203022139,2022,2022-03,outside_fixed_domain,-1,True,True
noaa_2022.csv,514,202203022320,2022,2022-03,outside_fixed_domain,-1,True,True
noaa_2022.csv,515,202203030325,2022,2022-03,outside_fixed_domain,-1,True,True
noaa_2022.csv,516,202203030624,2022,2022-03,outside_fixed_domain,-1,True,True
noaa_2022.csv,517,202203030838,2022,2022-03,outside_fixed_domain,-1,True,True
noaa_2022.csv,518,202203031627,2022,2022-03,outside_fixed_domain,-1,True,True
noaa_2022.csv,519,202203031720,2022,2022-03,outside_fixed_domain,-1,True,True
noaa_2022.csv,520,202203032039,2022,2022-03,outside_fixed_domain,-1,True,False
noaa_2022.csv,521,202203032102,2022,2022-03,outside_fixed_domain,-1,True,True
noaa_2022.csv,522,202203032144,2022,2022-03,outside_fixed_domain,-1,True,True
noaa_2022.csv,523,202203032339,2022,2022-03,outside_fixed_domain,-1,True,True
noaa_2022.csv,524,202203040030,2022,2022-03,outside_fixed_domain,-1,True,True
noaa_2022.csv,525,202203040242,2022,2022-03,outside_fixed_domain,-1,True,True
noaa_2022.csv,526,202203040622,2022,2022-03,outside_fixed_domain,-1,True,False
noaa_2022.csv,527,202203040641,2022,2022-03,outside_fixed_domain,-1,True,True
noaa_2022.csv,528,202203041455,2022,2022-03,outside_fixed_domain,-1,True,True
noaa_2022.csv,529,202203041928,2022,2022-03,outside_fixed_domain,-1,True,True
noaa_2022.csv,530,202203041946,2022,2022-03,outside_fixed_domain,-1,True,True
noaa_2022.csv,531,202203042114,2022,2022-03,outside_fixed_domain,-1,True,True
noaa_2022.csv,532,202203042135,2022,2022-03,outside_fixed_domain,-1,True,True
noaa_2022.csv,533,202203042242,2022,2022-03,outside_fixed_domain,-1,True,True
noaa_2022.csv,534,202203042311,2022,2022-03,outside_fixed_domain,-1,True,True
noaa_2022.csv,535,202203050347,2022,2022-03,outside_fixed_domain,-1,True,True
noaa_2022.csv,536,202203050509,2022,2022-03,outside_fixed_domain,-1,True,True
noaa_2022.csv,537,202203050551,2022,2022-03,outside_fixed_domain,-1,True,True
noaa_2022.csv,538,202203050756,2022,2022-03,outside_fixed_domain,-1,True,True
noaa_2022.csv,539,202203051511,2022,2022-03,outside_fixed_domain,-1,True,False
noaa_2022.csv,540,202203051534,2022,2022-03,outside_fixed_domain,-1,True,True
noaa_2022.csv,541,202203051752,2022,2022-03,outside_fixed_domain,-1,True,True
noaa_2022.csv,542,202203051824,2022,2022-03,outside_fixed_domain,-1,True,True
noaa_2022.csv,543,202203051956,2022,2022-03,outside_fixed_domain,-1,True,True
noaa_2022.csv,544,202203052127,2022,2022-03,outside_fixed_domain,-1,True,True
noaa_2022.csv,545,202203052150,2022,2022-03,outside_fixed_domain,-1,True,False
noaa_2022.csv,546,202203052201,2022,2022-03,outside_fixed_domain,-1,True,True
noaa_2022.csv,547,202203052349,2022,2022-03,outside_fixed_domain,-1,True,True
noaa_2022.csv,548,202203060218,2022,2022-03,outside_fixed_domain,-1,True,True
noaa_2022.csv,549,202203060517,2022,2022-03,outside_fixed_domain,-1,True,True
noaa_2022.csv,550,202203060755,2022,2022-03,outside_fixed_domain,-1,True,False
noaa_2022.csv,551,202203060825,2022,2022-03,outside_fixed_domain,-1,True,True
noaa_2022.csv,552,202203061001,2022,2022-03,outside_fixed_domain,-1,True,True
noaa_2022.csv,553,202203061215,2022,2022-03,outside_fixed_domain,-1,True,True
noaa_2022.csv,554,202203061243,2022,2022-03,outside_fixed_domain,-1,True,True
noaa_2022.csv,555,202203062023,2022,2022-03,outside_fixed_domain,-1,True,True
noaa_2022.csv,556,202203062129,2022,2022-03,outside_fixed_domain,-1,True,True
noaa_2022.csv,557,202203070823,2022,2022-03,outside_fixed_domain,-1,True,True
noaa_2022.csv,558,202203071458,2022,2022-03,outside_fixed_domain,-1,True,True
noaa_2022.csv,559,202203072034,2022,2022-03,outside_fixed_domain,-1,True,True
noaa_2022.csv,560,202203072233,2022,2022-03,outside_fixed_domain,-1,True,True
noaa_2022.csv,561,202203080138,2022,2022-03,outside_fixed_domain,-1,True,True
noaa_2022.csv,562,202203080301,2022,2022-03,outside_fixed_domain,-1,True,True
noaa_2022.csv,563,202203080741,2022,2022-03,outside_fixed_domain,-1,True,True
noaa_2022.csv,564,202203080853,2022,2022-03,outside_fixed_domain,-1,True,True
noaa_2022.csv,565,202203081000,2022,2022-03,outside_fixed_domain,-1,True,True
noaa_2022.csv,566,202203081146,2022,2022-03,outside_fixed_domain,-1,True,True
noaa_2022.csv,567,202203081421,2022,2022-03,outside_fixed_domain,-1,True,True
noaa_2022.csv,568,202203081557,2022,2022-03,outside_fixed_domain,-1,True,True
noaa_2022.csv,569,202203081705,2022,2022-03,outside_fixed_domain,-1,True,True
noaa_2022.csv,570,202203082222,2022,2022-03,outside_fixed_domain,-1,True,True
noaa_2022.csv,571,202203090634,2022,2022-03,outside_fixed_domain,-1,True,False
noaa_2022.csv,572,202203090656,2022,2022-03,outside_fixed_domain,-1,True,True
noaa_2022.csv,573,202203090749,2022,2022-03,outside_fixed_domain,-1,True,True
noaa_2022.csv,574,202203090845,2022,2022-03,outside_fixed_domain,-1,True,True
noaa_2022.csv,575,202203091242,2022,2022-03,outside_fixed_domain,-1,True,True
noaa_2022.csv,576,202203100918,2022,2022-03,outside_fixed_domain,-1,True,True
noaa_2022.csv,577,202203102337,2022,2022-03,outside_fixed_domain,-1,True,True
noaa_2022.csv,578,202203110837,2022,2022-03,outside_fixed_domain,-1,True,True
noaa_2022.csv,579,202203111111,2022,2022-03,outside_fixed_domain,-1,True,True
noaa_2022.csv,580,202203111256,2022,2022-03,outside_fixed_domain,-1,True,True
noaa_2022.csv,581,202203111330,2022,2022-03,outside_fixed_domain,-1,True,True
noaa_2022.csv,582,202203111439,2022,2022-03,outside_fixed_domain,-1,True,True
noaa_2022.csv,583,202203111528,2022,2022-03,outside_fixed_domain,-1,True,True
noaa_2022.csv,584,202203112213,2022,2022-03,selected_peak,1,True,True
noaa_2022.csv,585,202203120016,2022,2022-03,outside_fixed_domain,-1,True,True
noaa_2022.csv,586,202203120518,2022,2022-03,outside_fixed_domain,-1,True,True
noaa_2022.csv,587,202203121509,2022,2022-03,outside_fixed_domain,-1,True,True
noaa_2022.csv,588,202203130002,2022,2022-03,outside_fixed_domain,-1,True,True
noaa_2022.csv,589,202203130312,2022,2022-03,outside_fixed_domain,-1,True,True
noaa_2022.csv,590,202203130559,2022,2022-03,outside_fixed_domain,-1,True,True
noaa_2022.csv,591,202203131148,2022,2022-03,outside_fixed_domain,-1,True,True
noaa_2022.csv,592,202203131935,2022,2022-03,outside_fixed_domain,-1,True,True
noaa_2022.csv,593,202203132225,2022,2022-03,outside_fixed_domain,-1,True,True
noaa_2022.csv,594,202203132324,2022,2022-03,outside_fixed_domain,-1,True,True
noaa_2022.csv,595,202203140122,2022,2022-03,outside_fixed_domain,-1,True,True
noaa_2022.csv,596,202203140221,2022,2022-03,outside_fixed_domain,-1,True,True
noaa_2022.csv,597,202203140438,2022,2022-03,outside_fixed_domain,-1,True,True
noaa_2022.csv,598,202203140638,2022,2022-03,outside_fixed_domain,-1,True,True
noaa_2022.csv,599,202203140829,2022,2022-03,selected_peak,1,True,True
noaa_2022.csv,600,202203141459,2022,2022-03,outside_fixed_domain,-1,True,True
noaa_2022.csv,601,202203141633,2022,2022-03,outside_fixed_domain,-1,True,True
noaa_2022.csv,602,202203141713,2022,2022-03,outside_fixed_domain,-1,True,True
noaa_2022.csv,603,202203142138,2022,2022-03,outside_fixed_domain,-1,True,False
noaa_2022.csv,604,202203142207,2022,2022-03,outside_fixed_domain,-1,True,True
noaa_2022.csv,605,202203150557,2022,2022-03,outside_fixed_domain,-1,True,True
noaa_2022.csv,606,202203150805,2022,2022-03,outside_fixed_domain,-1,True,True
noaa_2022.csv,607,202203151120,2022,2022-03,outside_fixed_domain,-1,True,True
noaa_2022.csv,608,202203151233,2022,2022-03,selected_peak,0,True,True
noaa_2022.csv,609,202203151526,2022,2022-03,outside_fixed_domain,-1,True,True
noaa_2022.csv,610,202203152000,2022,2022-03,outside_fixed_domain,-1,True,True
noaa_2022.csv,611,202203152239,2022,2022-03,selected_peak,0,True,True
noaa_2022.csv,612,202203152320,2022,2022-03,outside_fixed_domain,-1,True,True
noaa_2022.csv,613,202203160342,2022,2022-03,outside_fixed_domain,-1,True,True
noaa_2022.csv,614,202203162220,2022,2022-03,outside_fixed_domain,-1,True,True
noaa_2022.csv,615,202203170138,2022,2022-03,outside_fixed_domain,-1,True,True
noaa_2022.csv,616,202203170311,2022,2022-03,outside_fixed_domain,-1,True,True
noaa_2022.csv,617,202203171651,2022,2022-03,outside_fixed_domain,-1,True,True
noaa_2022.csv,618,202203171906,2022,2022-03,outside_fixed_domain,-1,True,True
noaa_2022.csv,619,202203181622,2022,2022-03,outside_fixed_domain,-1,True,True
noaa_2022.csv,620,202203182333,2022,2022-03,outside_fixed_domain,-1,True,True
noaa_2022.csv,621,202203190349,2022,2022-03,outside_fixed_domain,-1,True,False
noaa_2022.csv,622,202203190739,2022,2022-03,outside_fixed_domain,-1,True,True
noaa_2022.csv,623,202203191144,2022,2022-03,outside_fixed_domain,-1,True,True
noaa_2022.csv,624,202203191314,2022,2022-03,outside_fixed_domain,-1,True,True
noaa_2022.csv,625,202203191423,2022,2022-03,outside_fixed_domain,-1,True,True
noaa_2022.csv,626,202203192056,2022,2022-03,outside_fixed_domain,-1,True,True
noaa_2022.csv,627,202203192210,2022,2022-03,outside_fixed_domain,-1,True,True
noaa_2022.csv,628,202203192331,2022,2022-03,outside_fixed_domain,-1,True,True
noaa_2022.csv,629,202203200406,2022,2022-03,outside_fixed_domain,-1,True,True
noaa_2022.csv,630,202203200601,2022,2022-03,outside_fixed_domain,-1,True,True
noaa_2022.csv,631,202203200730,2022,2022-03,outside_fixed_domain,-1,True,True
noaa_2022.csv,632,202203201300,2022,2022-03,outside_fixed_domain,-1,True,False
noaa_2022.csv,633,202203201346,2022,2022-03,outside_fixed_domain,-1,True,True
noaa_2022.csv,634,202203201719,2022,2022-03,outside_fixed_domain,-1,True,True
noaa_2022.csv,635,202203201755,2022,2022-03,outside_fixed_domain,-1,True,False
noaa_2022.csv,636,202203201804,2022,2022-03,outside_fixed_domain,-1,True,True
noaa_2022.csv,637,202203202034,2022,2022-03,outside_fixed_domain,-1,True,True
noaa_2022.csv,638,202203210042,2022,2022-03,outside_fixed_domain,-1,True,True
noaa_2022.csv,639,202203210705,2022,2022-03,outside_fixed_domain,-1,True,True
noaa_2022.csv,640,202203211906,2022,2022-03,outside_fixed_domain,-1,True,True
noaa_2022.csv,641,202203220126,2022,2022-03,outside_fixed_domain,-1,True,True
noaa_2022.csv,642,202203220228,2022,2022-03,outside_fixed_domain,-1,True,True
noaa_2022.csv,643,202203220246,2022,2022-03,outside_fixed_domain,-1,True,True
noaa_2022.csv,644,202203220329,2022,2022-03,outside_fixed_domain,-1,True,True
noaa_2022.csv,645,202203220407,2022,2022-03,outside_fixed_domain,-1,True,True
noaa_2022.csv,646,202203220922,2022,2022-03,outside_fixed_domain,-1,True,True
noaa_2022.csv,647,202203221037,2022,2022-03,outside_fixed_domain,-1,True,False
noaa_2022.csv,648,202203221057,2022,2022-03,outside_fixed_domain,-1,True,True
noaa_2022.csv,649,202203221215,2022,2022-03,outside_fixed_domain,-1,True,True
noaa_2022.csv,650,202203221648,2022,2022-03,outside_fixed_domain,-1,True,True
noaa_2022.csv,651,202203221903,2022,2022-03,outside_fixed_domain,-1,True,True
noaa_2022.csv,652,202203222014,2022,2022-03,outside_fixed_domain,-1,True,True
noaa_2022.csv,653,202203230541,2022,2022-03,outside_fixed_domain,-1,True,False
noaa_2022.csv,654,202203230553,2022,2022-03,outside_fixed_domain,-1,True,True
noaa_2022.csv,655,202203230842,2022,2022-03,outside_fixed_domain,-1,True,True
noaa_2022.csv,656,202203231046,2022,2022-03,outside_fixed_domain,-1,True,True
noaa_2022.csv,657,202203231156,2022,2022-03,outside_fixed_domain,-1,True,True
noaa_2022.csv,658,202203231346,2022,2022-03,outside_fixed_domain,-1,True,True
noaa_2022.csv,659,202203232312,2022,2022-03,outside_fixed_domain,-1,True,True
noaa_2022.csv,660,202203240028,2022,2022-03,outside_fixed_domain,-1,True,True
noaa_2022.csv,661,202203240142,2022,2022-03,outside_fixed_domain,-1,True,True
noaa_2022.csv,662,202203240428,2022,2022-03,outside_fixed_domain,-1,True,True
noaa_2022.csv,663,202203240803,2022,2022-03,outside_fixed_domain,-1,True,True
noaa_2022.csv,664,202203241409,2022,2022-03,outside_fixed_domain,-1,True,False
noaa_2022.csv,665,202203241434,2022,2022-03,outside_fixed_domain,-1,True,True
noaa_2022.csv,666,202203241857,2022,2022-03,outside_fixed_domain,-1,True,True
noaa_2022.csv,667,202203242103,2022,2022-03,outside_fixed_domain,-1,True,True
noaa_2022.csv,668,202203250227,2022,2022-03,outside_fixed_domain,-1,True,True
noaa_2022.csv,669,202203250427,2022,2022-03,outside_fixed_domain,-1,True,False
noaa_2022.csv,670,202203250437,2022,2022-03,outside_fixed_domain,-1,True,True
noaa_2022.csv,671,202203250502,2022,2022-03,selected_peak,0,True,True
noaa_2022.csv,672,202203251025,2022,2022-03,outside_fixed_domain,-1,True,True
noaa_2022.csv,673,202203251414,2022,2022-03,outside_fixed_domain,-1,True,True
noaa_2022.csv,674,202203251546,2022,2022-03,outside_fixed_domain,-1,True,True
noaa_2022.csv,675,202203251858,2022,2022-03,outside_fixed_domain,-1,True,True
noaa_2022.csv,676,202203261518,2022,2022-03,outside_fixed_domain,-1,True,True
noaa_2022.csv,677,202203261909,2022,2022-03,outside_fixed_domain,-1,True,True
noaa_2022.csv,678,202203270325,2022,2022-03,outside_fixed_domain,-1,True,False
noaa_2022.csv,679,202203270348,2022,2022-03,outside_fixed_domain,-1,True,True
noaa_2022.csv,680,202203271509,2022,2022-03,outside_fixed_domain,-1,True,True
noaa_2022.csv,681,202203271611,2022,2022-03,outside_fixed_domain,-1,True,True
noaa_2022.csv,682,202203272354,2022,2022-03,outside_fixed_domain,-1,True,True
noaa_2022.csv,683,202203280038,2022,2022-03,outside_fixed_domain,-1,True,False
noaa_2022.csv,684,202203280055,2022,2022-03,outside_fixed_domain,-1,True,True
noaa_2022.csv,685,202203280316,2022,2022-03,outside_fixed_domain,-1,True,True
noaa_2022.csv,686,202203280632,2022,2022-03,outside_fixed_domain,-1,True,True
noaa_2022.csv,687,202203280831,2022,2022-03,outside_fixed_domain,-1,True,True
noaa_2022.csv,688,202203280948,2022,2022-03,outside_fixed_domain,-1,True,True
noaa_2022.csv,689,202203281058,2022,2022-03,selected_peak,2,True,True
noaa_2022.csv,690,202203281616,2022,2022-03,outside_fixed_domain,-1,True,True
noaa_2022.csv,691,202203281704,2022,2022-03,outside_fixed_domain,-1,True,True
noaa_2022.csv,692,202203281732,2022,2022-03,selected_peak,0,True,True
noaa_2022.csv,693,202203281848,2022,2022-03,outside_fixed_domain,-1,True,True
noaa_2022.csv,694,202203281908,2022,2022-03,selected_peak,0,True,True
noaa_2022.csv,695,202203282049,2022,2022-03,selected_peak,0,True,True
noaa_2022.csv,696,202203282225,2022,2022-03,outside_fixed_domain,-1,True,True
noaa_2022.csv,697,202203290008,2022,2022-03,outside_fixed_domain,-1,True,True
noaa_2022.csv,698,202203290057,2022,2022-03,selected_peak,1,True,True
noaa_2022.csv,699,202203290148,2022,2022-03,selected_peak,0,True,True
noaa_2022.csv,700,202203290326,2022,2022-03,outside_fixed_domain,-1,True,True
noaa_2022.csv,701,202203290345,2022,2022-03,outside_fixed_domain,-1,True,True
noaa_2022.csv,702,202203290356,2022,2022-03,outside_fixed_domain,-1,True,True
noaa_2022.csv,703,202203290738,2022,2022-03,outside_fixed_domain,-1,True,True
noaa_2022.csv,704,202203290803,2022,2022-03,outside_fixed_domain,-1,True,True
noaa_2022.csv,705,202203290841,2022,2022-03,outside_fixed_domain,-1,True,False
noaa_2022.csv,706,202203290917,2022,2022-03,selected_peak,0,True,True
noaa_2022.csv,707,202203291225,2022,2022-03,outside_fixed_domain,-1,True,True
noaa_2022.csv,708,202203291444,2022,2022-03,outside_fixed_domain,-1,True,True
noaa_2022.csv,709,202203291503,2022,2022-03,outside_fixed_domain,-1,True,True
noaa_2022.csv,710,202203291551,2022,2022-03,outside_fixed_domain,-1,True,True
noaa_2022.csv,711,202203291705,2022,2022-03,outside_fixed_domain,-1,True,True
noaa_2022.csv,712,202203291733,2022,2022-03,outside_fixed_domain,-1,True,True
noaa_2022.csv,713,202203291924,2022,2022-03,outside_fixed_domain,-1,True,True
noaa_2022.csv,714,202203292026,2022,2022-03,outside_fixed_domain,-1,True,True
noaa_2022.csv,715,202203292143,2022,2022-03,selected_peak,0,True,True
noaa_2022.csv,716,202203292211,2022,2022-03,outside_fixed_domain,-1,True,False
noaa_2022.csv,717,202203292222,2022,2022-03,outside_fixed_domain,-1,True,True
noaa_2022.csv,718,202203292245,2022,2022-03,outside_fixed_domain,-1,True,True
noaa_2022.csv,719,202203300104,2022,2022-03,outside_fixed_domain,-1,True,True
noaa_2022.csv,720,202203300215,2022,2022-03,outside_fixed_domain,-1,True,True
noaa_2022.csv,721,202203300423,2022,2022-03,outside_fixed_domain,-1,True,True
noaa_2022.csv,722,202203300457,2022,2022-03,outside_fixed_domain,-1,True,True
noaa_2022.csv,723,202203300535,2022,2022-03,outside_fixed_domain,-1,True,True
noaa_2022.csv,724,202203300638,2022,2022-03,outside_fixed_domain,-1,True,True
noaa_2022.csv,725,202203300834,2022,2022-03,outside_fixed_domain,-1,True,True
noaa_2022.csv,726,202203301010,2022,2022-03,outside_fixed_domain,-1,True,False
noaa_2022.csv,727,202203301023,2022,2022-03,outside_fixed_domain,-1,True,False
noaa_2022.csv,728,202203301100,2022,2022-03,outside_fixed_domain,-1,True,True
noaa_2022.csv,729,202203301221,2022,2022-03,outside_fixed_domain,-1,True,True
noaa_2022.csv,730,202203301350,2022,2022-03,outside_fixed_domain,-1,True,True
noaa_2022.csv,731,202203301411,2022,2022-03,outside_fixed_domain,-1,True,True
noaa_2022.csv,732,202203301435,2022,2022-03,outside_fixed_domain,-1,True,True
noaa_2022.csv,733,202203301721,2022,2022-03,selected_peak,4,True,True
noaa_2022.csv,734,202203310245,2022,2022-03,outside_fixed_domain,-1,True,True
noaa_2022.csv,735,202203310539,2022,2022-03,outside_fixed_domain,-1,True,True
noaa_2022.csv,736,202203310756,2022,2022-03,outside_fixed_domain,-1,True,True
noaa_2022.csv,737,202203310913,2022,2022-03,outside_fixed_domain,-1,True,True
noaa_2022.csv,738,202203311201,2022,2022-03,outside_fixed_domain,-1,True,True
noaa_2022.csv,739,202203311308,2022,2022-03,outside_fixed_domain,-1,True,True
noaa_2022.csv,740,202203311402,2022,2022-03,outside_fixed_domain,-1,True,False
noaa_2022.csv,741,202203311428,2022,2022-03,outside_fixed_domain,-1,True,True
noaa_2022.csv,742,202203311640,2022,2022-03,outside_fixed_domain,-1,True,True
noaa_2022.csv,743,202203311727,2022,2022-03,outside_fixed_domain,-1,True,True
noaa_2022.csv,744,202203311817,2022,2022-03,selected_peak,3,True,True
noaa_2022.csv,745,202203311929,2022,2022-03,outside_fixed_domain,-1,True,True
noaa_2022.csv,746,202203312051,2022,2022-03,outside_fixed_domain,-1,True,True
noaa_2022.csv,747,202203312343,2022,2022-03,outside_fixed_domain,-1,True,True
noaa_2022.csv,748,202204010227,2022,2022-04,outside_fixed_domain,-1,True,True
noaa_2022.csv,749,202204010255,2022,2022-04,outside_fixed_domain,-1,True,True
noaa_2022.csv,750,202204010400,2022,2022-04,outside_fixed_domain,-1,True,True
noaa_2022.csv,751,202204010447,2022,2022-04,outside_fixed_domain,-1,True,False
noaa_2022.csv,752,202204010509,2022,2022-04,outside_fixed_domain,-1,True,True
noaa_2022.csv,753,202204010615,2022,2022-04,outside_fixed_domain,-1,True,False
noaa_2022.csv,754,202204010638,2022,2022-04,outside_fixed_domain,-1,True,True
noaa_2022.csv,755,202204010714,2022,2022-04,outside_fixed_domain,-1,True,True
noaa_2022.csv,756,202204010827,2022,2022-04,outside_fixed_domain,-1,True,True
noaa_2022.csv,757,202204011132,2022,2022-04,outside_fixed_domain,-1,True,True
noaa_2022.csv,758,202204011222,2022,2022-04,outside_fixed_domain,-1,True,True
noaa_2022.csv,759,202204011251,2022,2022-04,outside_fixed_domain,-1,True,True
noaa_2022.csv,760,202204011323,2022,2022-04,outside_fixed_domain,-1,True,False
noaa_2022.csv,761,202204011338,2022,2022-04,outside_fixed_domain,-1,True,True
noaa_2022.csv,762,202204011421,2022,2022-04,outside_fixed_domain,-1,True,True
noaa_2022.csv,763,202204011610,2022,2022-04,outside_fixed_domain,-1,True,True
noaa_2022.csv,764,202204011638,2022,2022-04,outside_fixed_domain,-1,True,True
noaa_2022.csv,765,202204011838,2022,2022-04,outside_fixed_domain,-1,True,True
noaa_2022.csv,766,202204011947,2022,2022-04,outside_fixed_domain,-1,True,False
noaa_2022.csv,767,202204012005,2022,2022-04,outside_fixed_domain,-1,True,True
noaa_2022.csv,768,202204012209,2022,2022-04,outside_fixed_domain,-1,True,True
noaa_2022.csv,769,202204012236,2022,2022-04,outside_fixed_domain,-1,True,True
noaa_2022.csv,770,202204020055,2022,2022-04,outside_fixed_domain,-1,True,True
noaa_2022.csv,771,202204020239,2022,2022-04,selected_peak,1,True,True
noaa_2022.csv,772,202204020419,2022,2022-04,outside_fixed_domain,-1,True,False
noaa_2022.csv,773,202204020456,2022,2022-04,outside_fixed_domain,-1,True,True
noaa_2022.csv,774,202204020558,2022,2022-04,outside_fixed_domain,-1,True,False
noaa_2022.csv,775,202204020650,2022,2022-04,outside_fixed_domain,-1,True,False
noaa_2022.csv,776,202204020715,2022,2022-04,outside_fixed_domain,-1,True,False
noaa_2022.csv,777,202204020730,2022,2022-04,outside_fixed_domain,-1,True,False
noaa_2022.csv,778,202204020739,2022,2022-04,outside_fixed_domain,-1,True,True
noaa_2022.csv,779,202204020817,2022,2022-04,outside_fixed_domain,-1,True,True
noaa_2022.csv,780,202204020836,2022,2022-04,outside_fixed_domain,-1,True,True
noaa_2022.csv,781,202204021040,2022,2022-04,outside_fixed_domain,-1,True,True
noaa_2022.csv,782,202204021256,2022,2022-04,selected_peak,2,True,True
noaa_2022.csv,783,202204021734,2022,2022-04,selected_peak,2,True,True
noaa_2022.csv,784,202204022015,2022,2022-04,outside_fixed_domain,-1,True,True
noaa_2022.csv,785,202204030358,2022,2022-04,outside_fixed_domain,-1,True,True
noaa_2022.csv,786,202204030740,2022,2022-04,outside_fixed_domain,-1,True,True
noaa_2022.csv,787,202204031005,2022,2022-04,outside_fixed_domain,-1,True,True
noaa_2022.csv,788,202204031245,2022,2022-04,outside_fixed_domain,-1,True,True
noaa_2022.csv,789,202204031647,2022,2022-04,outside_fixed_domain,-1,True,True
noaa_2022.csv,790,202204040318,2022,2022-04,outside_fixed_domain,-1,True,True
noaa_2022.csv,791,202204040921,2022,2022-04,outside_fixed_domain,-1,True,False
noaa_2022.csv,792,202204040959,2022,2022-04,outside_fixed_domain,-1,True,False
noaa_2022.csv,793,202204041037,2022,2022-04,outside_fixed_domain,-1,True,True
noaa_2022.csv,794,202204042052,2022,2022-04,outside_fixed_domain,-1,True,True
noaa_2022.csv,795,202204050756,2022,2022-04,outside_fixed_domain,-1,True,True
noaa_2022.csv,796,202204052231,2022,2022-04,outside_fixed_domain,-1,True,True
noaa_2022.csv,797,202204060415,2022,2022-04,outside_fixed_domain,-1,True,True
noaa_2022.csv,798,202204060956,2022,2022-04,outside_fixed_domain,-1,True,True
noaa_2022.csv,799,202204070117,2022,2022-04,outside_fixed_domain,-1,True,True
noaa_2022.csv,800,202204071410,2022,2022-04,outside_fixed_domain,-1,True,True
noaa_2022.csv,801,202204081108,2022,2022-04,outside_fixed_domain,-1,True,True
noaa_2022.csv,802,202204081439,2022,2022-04,outside_fixed_domain,-1,True,True
noaa_2022.csv,803,202204081720,2022,2022-04,outside_fixed_domain,-1,True,True
noaa_2022.csv,804,202204081906,2022,2022-04,outside_fixed_domain,-1,True,True
noaa_2022.csv,805,202204090607,2022,2022-04,outside_fixed_domain,-1,True,True
noaa_2022.csv,806,202204090720,2022,2022-04,outside_fixed_domain,-1,True,True
noaa_2022.csv,807,202204091051,2022,2022-04,outside_fixed_domain,-1,True,False
noaa_2022.csv,808,202204091102,2022,2022-04,outside_fixed_domain,-1,True,False
noaa_2022.csv,809,202204091116,2022,2022-04,outside_fixed_domain,-1,True,True
noaa_2022.csv,810,202204091852,2022,2022-04,outside_fixed_domain,-1,True,True
noaa_2022.csv,811,202204100111,2022,2022-04,outside_fixed_domain,-1,True,True
noaa_2022.csv,812,202204100230,2022,2022-04,outside_fixed_domain,-1,True,True
noaa_2022.csv,813,202204101724,2022,2022-04,outside_fixed_domain,-1,True,True
noaa_2022.csv,814,202204102159,2022,2022-04,outside_fixed_domain,-1,True,True
noaa_2022.csv,815,202204110459,2022,2022-04,outside_fixed_domain,-1,True,True
noaa_2022.csv,816,202204111814,2022,2022-04,outside_fixed_domain,-1,True,False
noaa_2022.csv,817,202204111819,2022,2022-04,outside_fixed_domain,-1,True,True
noaa_2022.csv,818,202204112223,2022,2022-04,outside_fixed_domain,-1,True,True
noaa_2022.csv,819,202204120326,2022,2022-04,outside_fixed_domain,-1,True,True
noaa_2022.csv,820,202204120340,2022,2022-04,outside_fixed_domain,-1,True,True
noaa_2022.csv,821,202204120406,2022,2022-04,outside_fixed_domain,-1,True,True
noaa_2022.csv,822,202204120417,2022,2022-04,outside_fixed_domain,-1,True,True
noaa_2022.csv,823,202204120445,2022,2022-04,outside_fixed_domain,-1,True,True
noaa_2022.csv,824,202204120557,2022,2022-04,outside_fixed_domain,-1,True,False
noaa_2022.csv,825,202204120608,2022,2022-04,outside_fixed_domain,-1,True,True
noaa_2022.csv,826,202204120638,2022,2022-04,outside_fixed_domain,-1,True,True
noaa_2022.csv,827,202204120757,2022,2022-04,outside_fixed_domain,-1,True,True
noaa_2022.csv,828,202204120849,2022,2022-04,outside_fixed_domain,-1,True,True
noaa_2022.csv,829,202204120948,2022,2022-04,outside_fixed_domain,-1,True,True
noaa_2022.csv,830,202204121004,2022,2022-04,outside_fixed_domain,-1,True,True
noaa_2022.csv,831,202204121104,2022,2022-04,outside_fixed_domain,-1,True,True
noaa_2022.csv,832,202204121155,2022,2022-04,outside_fixed_domain,-1,True,True
noaa_2022.csv,833,202204121423,2022,2022-04,outside_fixed_domain,-1,True,False
noaa_2022.csv,834,202204121451,2022,2022-04,outside_fixed_domain,-1,True,True
noaa_2022.csv,835,202204121557,2022,2022-04,outside_fixed_domain,-1,True,True
noaa_2022.csv,836,202204121720,2022,2022-04,outside_fixed_domain,-1,True,False
noaa_2022.csv,837,202204121753,2022,2022-04,outside_fixed_domain,-1,True,True
noaa_2022.csv,838,202204122026,2022,2022-04,outside_fixed_domain,-1,True,True
noaa_2022.csv,839,202204122122,2022,2022-04,outside_fixed_domain,-1,True,True
noaa_2022.csv,840,202204122242,2022,2022-04,outside_fixed_domain,-1,True,False
noaa_2022.csv,841,202204122301,2022,2022-04,outside_fixed_domain,-1,True,True
noaa_2022.csv,842,202204130015,2022,2022-04,outside_fixed_domain,-1,True,True
noaa_2022.csv,843,202204131300,2022,2022-04,outside_fixed_domain,-1,True,True
noaa_2022.csv,844,202204151031,2022,2022-04,selected_peak,0,True,False
noaa_2022.csv,845,202204151107,2022,2022-04,selected_peak,1,True,True
noaa_2022.csv,846,202204151347,2022,2022-04,selected_peak,1,True,True
noaa_2022.csv,847,202204151833,2022,2022-04,outside_fixed_domain,-1,True,True
noaa_2022.csv,848,202204152234,2022,2022-04,outside_fixed_domain,-1,True,True
noaa_2022.csv,849,202204160239,2022,2022-04,outside_fixed_domain,-1,True,True
noaa_2022.csv,850,202204160602,2022,2022-04,outside_fixed_domain,-1,True,True
noaa_2022.csv,851,202204160717,2022,2022-04,outside_fixed_domain,-1,True,True
noaa_2022.csv,852,202204160738,2022,2022-04,outside_fixed_domain,-1,True,True
noaa_2022.csv,853,202204160847,2022,2022-04,outside_fixed_domain,-1,True,True
noaa_2022.csv,854,202204161039,2022,2022-04,outside_fixed_domain,-1,True,True
noaa_2022.csv,855,202204161122,2022,2022-04,outside_fixed_domain,-1,True,True
noaa_2022.csv,856,202204161350,2022,2022-04,outside_fixed_domain,-1,True,True
noaa_2022.csv,857,202204161418,2022,2022-04,outside_fixed_domain,-1,True,True
noaa_2022.csv,858,202204161449,2022,2022-04,selected_peak,0,True,True
noaa_2022.csv,859,202204170033,2022,2022-04,outside_fixed_domain,-1,True,True
noaa_2022.csv,860,202204170126,2022,2022-04,outside_fixed_domain,-1,True,False
noaa_2022.csv,861,202204170141,2022,2022-04,outside_fixed_domain,-1,True,False
noaa_2022.csv,862,202204170200,2022,2022-04,selected_peak,1,True,True
noaa_2022.csv,863,202204170317,2022,2022-04,selected_peak,4,True,True
noaa_2022.csv,864,202204170933,2022,2022-04,outside_fixed_domain,-1,True,True
noaa_2022.csv,865,202204171602,2022,2022-04,outside_fixed_domain,-1,True,True
noaa_2022.csv,866,202204171740,2022,2022-04,outside_fixed_domain,-1,True,True
noaa_2022.csv,867,202204171750,2022,2022-04,outside_fixed_domain,-1,True,True
noaa_2022.csv,868,202204171952,2022,2022-04,selected_peak,0,True,True
noaa_2022.csv,869,202204172052,2022,2022-04,outside_fixed_domain,-1,True,True
noaa_2022.csv,870,202204172113,2022,2022-04,outside_fixed_domain,-1,True,True
noaa_2022.csv,871,202204172228,2022,2022-04,selected_peak,2,True,True
noaa_2022.csv,872,202204180029,2022,2022-04,outside_fixed_domain,-1,True,True
noaa_2022.csv,873,202204180050,2022,2022-04,outside_fixed_domain,-1,True,True
noaa_2022.csv,874,202204180127,2022,2022-04,outside_fixed_domain,-1,True,True
noaa_2022.csv,875,202204180229,2022,2022-04,outside_fixed_domain,-1,True,True
noaa_2022.csv,876,202204180301,2022,2022-04,outside_fixed_domain,-1,True,True
noaa_2022.csv,877,202204180349,2022,2022-04,outside_fixed_domain,-1,True,False
noaa_2022.csv,878,202204180358,2022,2022-04,outside_fixed_domain,-1,True,True
noaa_2022.csv,879,202204180442,2022,2022-04,outside_fixed_domain,-1,True,True
noaa_2022.csv,880,202204180737,2022,2022-04,selected_peak,0,True,True
noaa_2022.csv,881,202204180909,2022,2022-04,outside_fixed_domain,-1,True,True
noaa_2022.csv,882,202204181004,2022,2022-04,selected_peak,0,True,True
noaa_2022.csv,883,202204181309,2022,2022-04,outside_fixed_domain,-1,True,True
noaa_2022.csv,884,202204181410,2022,2022-04,outside_fixed_domain,-1,True,True
noaa_2022.csv,885,202204181712,2022,2022-04,selected_peak,1,True,True
noaa_2022.csv,886,202204181947,2022,2022-04,outside_fixed_domain,-1,True,True
noaa_2022.csv,887,202204182005,2022,2022-04,outside_fixed_domain,-1,True,True
noaa_2022.csv,888,202204182224,2022,2022-04,outside_fixed_domain,-1,True,True
noaa_2022.csv,889,202204190032,2022,2022-04,outside_fixed_domain,-1,True,True
noaa_2022.csv,890,202204190400,2022,2022-04,outside_fixed_domain,-1,True,True
noaa_2022.csv,891,202204190443,2022,2022-04,selected_peak,0,True,True
noaa_2022.csv,892,202204190755,2022,2022-04,outside_fixed_domain,-1,True,True
noaa_2022.csv,893,202204190949,2022,2022-04,outside_fixed_domain,-1,True,True
noaa_2022.csv,894,202204191050,2022,2022-04,outside_fixed_domain,-1,True,True
noaa_2022.csv,895,202204191355,2022,2022-04,outside_fixed_domain,-1,True,True
noaa_2022.csv,896,202204191442,2022,2022-04,outside_fixed_domain,-1,True,True
noaa_2022.csv,897,202204191812,2022,2022-04,outside_fixed_domain,-1,True,False
noaa_2022.csv,898,202204191821,2022,2022-04,outside_fixed_domain,-1,True,False
noaa_2022.csv,899,202204191842,2022,2022-04,outside_fixed_domain,-1,True,True
noaa_2022.csv,900,202204192039,2022,2022-04,selected_peak,2,True,True
noaa_2022.csv,901,202204192109,2022,2022-04,selected_peak,0,True,True
noaa_2022.csv,902,202204200003,2022,2022-04,outside_fixed_domain,-1,True,True
noaa_2022.csv,903,202204200046,2022,2022-04,outside_fixed_domain,-1,True,True
noaa_2022.csv,904,202204200107,2022,2022-04,selected_peak,0,True,True
noaa_2022.csv,905,202204200120,2022,2022-04,selected_peak,3,True,True
noaa_2022.csv,906,202204200234,2022,2022-04,outside_fixed_domain,-1,True,True
noaa_2022.csv,907,202204200341,2022,2022-04,selected_peak,4,True,True
noaa_2022.csv,908,202204200506,2022,2022-04,outside_fixed_domain,-1,True,True
noaa_2022.csv,909,202204200535,2022,2022-04,outside_fixed_domain,-1,True,True
noaa_2022.csv,910,202204200936,2022,2022-04,outside_fixed_domain,-1,True,False
noaa_2022.csv,911,202204201003,2022,2022-04,outside_fixed_domain,-1,True,True
noaa_2022.csv,912,202204201145,2022,2022-04,outside_fixed_domain,-1,True,True
noaa_2022.csv,913,202204201224,2022,2022-04,selected_peak,1,True,True
noaa_2022.csv,914,202204201350,2022,2022-04,outside_fixed_domain,-1,True,True
noaa_2022.csv,915,202204201739,2022,2022-04,outside_fixed_domain,-1,True,True
noaa_2022.csv,916,202204201833,2022,2022-04,outside_fixed_domain,-1,True,True
noaa_2022.csv,917,202204202227,2022,2022-04,outside_fixed_domain,-1,True,True
noaa_2022.csv,918,202204202323,2022,2022-04,outside_fixed_domain,-1,True,True
noaa_2022.csv,919,202204210147,2022,2022-04,selected_peak,3,True,True
noaa_2022.csv,920,202204211247,2022,2022-04,outside_fixed_domain,-1,True,True
noaa_2022.csv,921,202204211718,2022,2022-04,outside_fixed_domain,-1,True,True
noaa_2022.csv,922,202204212058,2022,2022-04,outside_fixed_domain,-1,True,True
noaa_2022.csv,923,202204212239,2022,2022-04,outside_fixed_domain,-1,True,True
noaa_2022.csv,924,202204220316,2022,2022-04,outside_fixed_domain,-1,True,True
noaa_2022.csv,925,202204220452,2022,2022-04,selected_peak,0,True,True
noaa_2022.csv,926,202204220818,2022,2022-04,outside_fixed_domain,-1,True,True
noaa_2022.csv,927,202204221212,2022,2022-04,outside_fixed_domain,-1,True,True
noaa_2022.csv,928,202204221316,2022,2022-04,selected_peak,2,True,True
noaa_2022.csv,929,202204221339,2022,2022-04,outside_fixed_domain,-1,True,True
noaa_2022.csv,930,202204221502,2022,2022-04,outside_fixed_domain,-1,True,True
noaa_2022.csv,931,202204222158,2022,2022-04,outside_fixed_domain,-1,True,True
noaa_2022.csv,932,202204230232,2022,2022-04,outside_fixed_domain,-1,True,True
noaa_2022.csv,933,202204230552,2022,2022-04,outside_fixed_domain,-1,True,True
noaa_2022.csv,934,202204230658,2022,2022-04,outside_fixed_domain,-1,True,True
noaa_2022.csv,935,202204231605,2022,2022-04,outside_fixed_domain,-1,True,True
noaa_2022.csv,936,202204231918,2022,2022-04,outside_fixed_domain,-1,True,True
noaa_2022.csv,937,202204232045,2022,2022-04,outside_fixed_domain,-1,True,True
noaa_2022.csv,938,202204232143,2022,2022-04,outside_fixed_domain,-1,True,True
noaa_2022.csv,939,202204232343,2022,2022-04,outside_fixed_domain,-1,True,True
noaa_2022.csv,940,202204240354,2022,2022-04,outside_fixed_domain,-1,True,True
noaa_2022.csv,941,202204240912,2022,2022-04,outside_fixed_domain,-1,True,False
noaa_2022.csv,942,202204240940,2022,2022-04,outside_fixed_domain,-1,True,False
noaa_2022.csv,943,202204241011,2022,2022-04,outside_fixed_domain,-1,True,False
noaa_2022.csv,944,202204241039,2022,2022-04,outside_fixed_domain,-1,True,True
noaa_2022.csv,945,202204242055,2022,2022-04,outside_fixed_domain,-1,True,True
noaa_2022.csv,946,202204250118,2022,2022-04,selected_peak,0,True,True
noaa_2022.csv,947,202204250352,2022,2022-04,selected_peak,0,True,True
noaa_2022.csv,948,202204250551,2022,2022-04,outside_fixed_domain,-1,True,True
noaa_2022.csv,949,202204250850,2022,2022-04,outside_fixed_domain,-1,True,True
noaa_2022.csv,950,202204251205,2022,2022-04,outside_fixed_domain,-1,True,True
noaa_2022.csv,951,202204251248,2022,2022-04,outside_fixed_domain,-1,True,True
noaa_2022.csv,952,202204251430,2022,2022-04,outside_fixed_domain,-1,True,True
noaa_2022.csv,953,202204251600,2022,2022-04,outside_fixed_domain,-1,True,True
noaa_2022.csv,954,202204251724,2022,2022-04,outside_fixed_domain,-1,True,True
noaa_2022.csv,955,202204252038,2022,2022-04,outside_fixed_domain,-1,True,False
noaa_2022.csv,956,202204260819,2022,2022-04,outside_fixed_domain,-1,True,True
noaa_2022.csv,957,202204260949,2022,2022-04,outside_fixed_domain,-1,True,True
noaa_2022.csv,958,202204261112,2022,2022-04,outside_fixed_domain,-1,True,True
noaa_2022.csv,959,202204261230,2022,2022-04,outside_fixed_domain,-1,True,False
noaa_2022.csv,960,202204261249,2022,2022-04,outside_fixed_domain,-1,True,True
noaa_2022.csv,961,202204261616,2022,2022-04,outside_fixed_domain,-1,True,True
noaa_2022.csv,962,202204261902,2022,2022-04,outside_fixed_domain,-1,True,True
noaa_2022.csv,963,202204270359,2022,2022-04,outside_fixed_domain,-1,True,False
noaa_2022.csv,964,202204270427,2022,2022-04,outside_fixed_domain,-1,True,True
noaa_2022.csv,965,202204270817,2022,2022-04,outside_fixed_domain,-1,True,True
noaa_2022.csv,966,202204271037,2022,2022-04,outside_fixed_domain,-1,True,False
noaa_2022.csv,967,202204271048,2022,2022-04,outside_fixed_domain,-1,True,True
noaa_2022.csv,968,202204271414,2022,2022-04,outside_fixed_domain,-1,True,True
noaa_2022.csv,969,202204280127,2022,2022-04,outside_fixed_domain,-1,True,True
noaa_2022.csv,970,202204280224,2022,2022-04,outside_fixed_domain,-1,True,True
noaa_2022.csv,971,202204281129,2022,2022-04,outside_fixed_domain,-1,True,True
noaa_2022.csv,972,202204281202,2022,2022-04,outside_fixed_domain,-1,True,True
noaa_2022.csv,973,202204281408,2022,2022-04,outside_fixed_domain,-1,True,True
noaa_2022.csv,974,202204281756,2022,2022-04,outside_fixed_domain,-1,True,True
noaa_2022.csv,975,202204282345,2022,2022-04,outside_fixed_domain,-1,True,True
noaa_2022.csv,976,202204290316,2022,2022-04,outside_fixed_domain,-1,True,False
noaa_2022.csv,977,202204290335,2022,2022-04,outside_fixed_domain,-1,True,True
noaa_2022.csv,978,202204290620,2022,2022-04,outside_fixed_domain,-1,True,False
noaa_2022.csv,979,202204290652,2022,2022-04,outside_fixed_domain,-1,True,True
noaa_2022.csv,980,202204290715,2022,2022-04,selected_peak,0,True,True
noaa_2022.csv,981,202204290914,2022,2022-04,outside_fixed_domain,-1,True,False
noaa_2022.csv,982,202204290929,2022,2022-04,outside_fixed_domain,-1,True,True
noaa_2022.csv,983,202204291640,2022,2022-04,outside_fixed_domain,-1,True,True
noaa_2022.csv,984,202204291801,2022,2022-04,selected_peak,0,True,True
noaa_2022.csv,985,202204292242,2022,2022-04,outside_fixed_domain,-1,True,True
noaa_2022.csv,986,202204300118,2022,2022-04,outside_fixed_domain,-1,True,False
noaa_2022.csv,987,202204300138,2022,2022-04,outside_fixed_domain,-1,True,True
noaa_2022.csv,988,202204300404,2022,2022-04,outside_fixed_domain,-1,True,True
noaa_2022.csv,989,202204300446,2022,2022-04,selected_peak,1,True,True
noaa_2022.csv,990,202204300525,2022,2022-04,selected_peak,0,True,True
noaa_2022.csv,991,202204300722,2022,2022-04,outside_fixed_domain,-1,True,False
noaa_2022.csv,992,202204300740,2022,2022-04,outside_fixed_domain,-1,True,True
noaa_2022.csv,993,202204300836,2022,2022-04,outside_fixed_domain,-1,True,True
noaa_2022.csv,994,202204300902,2022,2022-04,outside_fixed_domain,-1,True,True
noaa_2022.csv,995,202204300948,2022,2022-04,selected_peak,2,True,True
noaa_2022.csv,996,202204301053,2022,2022-04,outside_fixed_domain,-1,True,True
noaa_2022.csv,997,202204301114,2022,2022-04,outside_fixed_domain,-1,True,False
noaa_2022.csv,998,202204301134,2022,2022-04,outside_fixed_domain,-1,True,True
noaa_2022.csv,999,202204301338,2022,2022-04,selected_peak,4,True,True
noaa_2022.csv,1000,202204301732,2022,2022-04,outside_fixed_domain,-1,True,True
noaa_2022.csv,1001,202204301812,2022,2022-04,outside_fixed_domain,-1,True,True
noaa_2022.csv,1002,202204301855,2022,2022-04,outside_fixed_domain,-1,True,True
noaa_2022.csv,1003,202204301942,2022,2022-04,selected_peak,1,True,True
noaa_2022.csv,1004,202204302014,2022,2022-04,outside_fixed_domain,-1,True,True
noaa_2022.csv,1005,202204302147,2022,2022-04,outside_fixed_domain,-1,True,True
noaa_2022.csv,1006,202205010810,2022,2022-05,outside_fixed_domain,-1,True,True
noaa_2022.csv,1007,202205011055,2022,2022-05,outside_fixed_domain,-1,True,False
noaa_2022.csv,1008,202205011152,2022,2022-05,outside_fixed_domain,-1,True,True
noaa_2022.csv,1009,202205011314,2022,2022-05,outside_fixed_domain,-1,True,True
noaa_2022.csv,1010,202205011807,2022,2022-05,outside_fixed_domain,-1,True,False
noaa_2022.csv,1011,202205011819,2022,2022-05,outside_fixed_domain,-1,True,True
noaa_2022.csv,1012,202205012203,2022,2022-05,outside_fixed_domain,-1,True,True
noaa_2022.csv,1013,202205020245,2022,2022-05,outside_fixed_domain,-1,True,True
noaa_2022.csv,1014,202205021855,2022,2022-05,outside_fixed_domain,-1,True,True
noaa_2022.csv,1015,202205030009,2022,2022-05,outside_fixed_domain,-1,True,True
noaa_2022.csv,1016,202205030100,2022,2022-05,outside_fixed_domain,-1,True,True
noaa_2022.csv,1017,202205030127,2022,2022-05,outside_fixed_domain,-1,True,True
noaa_2022.csv,1018,202205030439,2022,2022-05,outside_fixed_domain,-1,True,False
noaa_2022.csv,1019,202205030458,2022,2022-05,outside_fixed_domain,-1,True,True
noaa_2022.csv,1020,202205030711,2022,2022-05,outside_fixed_domain,-1,True,False
noaa_2022.csv,1021,202205030724,2022,2022-05,outside_fixed_domain,-1,True,True
noaa_2022.csv,1022,202205030734,2022,2022-05,selected_peak,0,True,True
noaa_2022.csv,1023,202205031152,2022,2022-05,outside_fixed_domain,-1,True,True
noaa_2022.csv,1024,202205031249,2022,2022-05,outside_fixed_domain,-1,True,False
noaa_2022.csv,1025,202205031309,2022,2022-05,selected_peak,4,True,True
noaa_2022.csv,1026,202205031845,2022,2022-05,outside_fixed_domain,-1,True,True
noaa_2022.csv,1027,202205032100,2022,2022-05,outside_fixed_domain,-1,True,True
noaa_2022.csv,1028,202205040008,2022,2022-05,selected_peak,2,True,True
noaa_2022.csv,1029,202205040224,2022,2022-05,outside_fixed_domain,-1,True,True
noaa_2022.csv,1030,202205040314,2022,2022-05,outside_fixed_domain,-1,True,True
noaa_2022.csv,1031,202205040334,2022,2022-05,outside_fixed_domain,-1,True,False
noaa_2022.csv,1032,202205040342,2022,2022-05,outside_fixed_domain,-1,True,True
noaa_2022.csv,1033,202205040537,2022,2022-05,outside_fixed_domain,-1,True,True
noaa_2022.csv,1034,202205040728,2022,2022-05,outside_fixed_domain,-1,True,True
noaa_2022.csv,1035,202205040747,2022,2022-05,outside_fixed_domain,-1,True,False
noaa_2022.csv,1036,202205040808,2022,2022-05,outside_fixed_domain,-1,True,True
noaa_2022.csv,1037,202205040845,2022,2022-05,selected_peak,3,True,True
noaa_2022.csv,1038,202205041012,2022,2022-05,outside_fixed_domain,-1,True,True
noaa_2022.csv,1039,202205041149,2022,2022-05,outside_fixed_domain,-1,True,True
noaa_2022.csv,1040,202205041245,2022,2022-05,outside_fixed_domain,-1,True,True
noaa_2022.csv,1041,202205041542,2022,2022-05,outside_fixed_domain,-1,True,True
noaa_2022.csv,1042,202205041606,2022,2022-05,outside_fixed_domain,-1,True,False
noaa_2022.csv,1043,202205041625,2022,2022-05,selected_peak,0,True,True
noaa_2022.csv,1044,202205041820,2022,2022-05,outside_fixed_domain,-1,True,True
noaa_2022.csv,1045,202205041855,2022,2022-05,outside_fixed_domain,-1,True,True
noaa_2022.csv,1046,202205041931,2022,2022-05,outside_fixed_domain,-1,True,True
noaa_2022.csv,1047,202205041940,2022,2022-05,selected_peak,0,True,True
noaa_2022.csv,1048,202205042009,2022,2022-05,selected_peak,0,True,True
noaa_2022.csv,1049,202205042205,2022,2022-05,outside_fixed_domain,-1,True,True
noaa_2022.csv,1050,202205042248,2022,2022-05,outside_fixed_domain,-1,True,True
noaa_2022.csv,1051,202205050113,2022,2022-05,outside_fixed_domain,-1,True,False
noaa_2022.csv,1052,202205050126,2022,2022-05,outside_fixed_domain,-1,True,True
noaa_2022.csv,1053,202205050252,2022,2022-05,outside_fixed_domain,-1,True,True
noaa_2022.csv,1054,202205050316,2022,2022-05,outside_fixed_domain,-1,True,True
noaa_2022.csv,1055,202205050410,2022,2022-05,outside_fixed_domain,-1,True,True
noaa_2022.csv,1056,202205050439,2022,2022-05,outside_fixed_domain,-1,True,True
noaa_2022.csv,1057,202205050610,2022,2022-05,outside_fixed_domain,-1,True,True
noaa_2022.csv,1058,202205050640,2022,2022-05,outside_fixed_domain,-1,True,True
noaa_2022.csv,1059,202205050703,2022,2022-05,outside_fixed_domain,-1,True,False
noaa_2022.csv,1060,202205050715,2022,2022-05,outside_fixed_domain,-1,True,True
noaa_2022.csv,1061,202205050741,2022,2022-05,outside_fixed_domain,-1,True,True
noaa_2022.csv,1062,202205050816,2022,2022-05,outside_fixed_domain,-1,True,False
noaa_2022.csv,1063,202205050824,2022,2022-05,outside_fixed_domain,-1,True,True
noaa_2022.csv,1064,202205050845,2022,2022-05,outside_fixed_domain,-1,True,True
noaa_2022.csv,1065,202205050953,2022,2022-05,outside_fixed_domain,-1,True,True
noaa_2022.csv,1066,202205051115,2022,2022-05,outside_fixed_domain,-1,True,True
noaa_2022.csv,1067,202205051144,2022,2022-05,outside_fixed_domain,-1,True,True
noaa_2022.csv,1068,202205051247,2022,2022-05,outside_fixed_domain,-1,True,True
noaa_2022.csv,1069,202205051256,2022,2022-05,outside_fixed_domain,-1,True,False
noaa_2022.csv,1070,202205051308,2022,2022-05,selected_peak,1,True,True
noaa_2022.csv,1071,202205051334,2022,2022-05,outside_fixed_domain,-1,True,True
noaa_2022.csv,1072,202205051402,2022,2022-05,selected_peak,1,True,True
noaa_2022.csv,1073,202205051530,2022,2022-05,outside_fixed_domain,-1,True,True
noaa_2022.csv,1074,202205051602,2022,2022-05,outside_fixed_domain,-1,True,True
noaa_2022.csv,1075,202205051744,2022,2022-05,outside_fixed_domain,-1,True,False
noaa_2022.csv,1076,202205051801,2022,2022-05,outside_fixed_domain,-1,True,True
noaa_2022.csv,1077,202205051825,2022,2022-05,outside_fixed_domain,-1,True,False
noaa_2022.csv,1078,202205051837,2022,2022-05,outside_fixed_domain,-1,True,True
noaa_2022.csv,1079,202205051904,2022,2022-05,outside_fixed_domain,-1,True,True
noaa_2022.csv,1080,202205052215,2022,2022-05,outside_fixed_domain,-1,True,True
noaa_2022.csv,1081,202205052259,2022,2022-05,outside_fixed_domain,-1,True,True
noaa_2022.csv,1082,202205052332,2022,2022-05,outside_fixed_domain,-1,True,True
noaa_2022.csv,1083,202205052346,2022,2022-05,outside_fixed_domain,-1,True,True
noaa_2022.csv,1084,202205052356,2022,2022-05,outside_fixed_domain,-1,True,True
noaa_2022.csv,1085,202205060228,2022,2022-05,outside_fixed_domain,-1,True,True
noaa_2022.csv,1086,202205060410,2022,2022-05,outside_fixed_domain,-1,True,False
noaa_2022.csv,1087,202205060432,2022,2022-05,outside_fixed_domain,-1,True,True
noaa_2022.csv,1088,202205060645,2022,2022-05,outside_fixed_domain,-1,True,True
noaa_2022.csv,1089,202205060823,2022,2022-05,outside_fixed_domain,-1,True,True
noaa_2022.csv,1090,202205061018,2022,2022-05,outside_fixed_domain,-1,True,True
noaa_2022.csv,1091,202205061136,2022,2022-05,outside_fixed_domain,-1,True,True
noaa_2022.csv,1092,202205061213,2022,2022-05,outside_fixed_domain,-1,True,True
noaa_2022.csv,1093,202205061436,2022,2022-05,outside_fixed_domain,-1,True,True
noaa_2022.csv,1094,202205061513,2022,2022-05,outside_fixed_domain,-1,True,True
noaa_2022.csv,1095,202205061615,2022,2022-05,outside_fixed_domain,-1,True,True
noaa_2022.csv,1096,202205061932,2022,2022-05,outside_fixed_domain,-1,True,True
noaa_2022.csv,1097,202205062019,2022,2022-05,outside_fixed_domain,-1,True,True
noaa_2022.csv,1098,202205062117,2022,2022-05,outside_fixed_domain,-1,True,False
noaa_2022.csv,1099,202205062142,2022,2022-05,outside_fixed_domain,-1,True,True
noaa_2022.csv,1100,202205062220,2022,2022-05,outside_fixed_domain,-1,True,True
noaa_2022.csv,1101,202205062346,2022,2022-05,outside_fixed_domain,-1,True,True
noaa_2022.csv,1102,202205070505,2022,2022-05,outside_fixed_domain,-1,True,True
noaa_2022.csv,1103,202205070556,2022,2022-05,outside_fixed_domain,-1,True,True
noaa_2022.csv,1104,202205070734,2022,2022-05,outside_fixed_domain,-1,True,True
noaa_2022.csv,1105,202205071235,2022,2022-05,outside_fixed_domain,-1,True,True
noaa_2022.csv,1106,202205071258,2022,2022-05,outside_fixed_domain,-1,True,True
noaa_2022.csv,1107,202205071500,2022,2022-05,outside_fixed_domain,-1,True,True
noaa_2022.csv,1108,202205080034,2022,2022-05,outside_fixed_domain,-1,True,True
noaa_2022.csv,1109,202205080338,2022,2022-05,outside_fixed_domain,-1,True,True
noaa_2022.csv,1110,202205080711,2022,2022-05,outside_fixed_domain,-1,True,True
noaa_2022.csv,1111,202205080740,2022,2022-05,outside_fixed_domain,-1,True,True
noaa_2022.csv,1112,202205080859,2022,2022-05,outside_fixed_domain,-1,True,True
noaa_2022.csv,1113,202205080939,2022,2022-05,outside_fixed_domain,-1,True,True
noaa_2022.csv,1114,202205081006,2022,2022-05,outside_fixed_domain,-1,True,True
noaa_2022.csv,1115,202205081217,2022,2022-05,outside_fixed_domain,-1,True,True
noaa_2022.csv,1116,202205081923,2022,2022-05,outside_fixed_domain,-1,True,True
noaa_2022.csv,1117,202205090059,2022,2022-05,outside_fixed_domain,-1,True,True
noaa_2022.csv,1118,202205091415,2022,2022-05,outside_fixed_domain,-1,True,True
noaa_2022.csv,1119,202205091735,2022,2022-05,outside_fixed_domain,-1,True,False
noaa_2022.csv,1120,202205091749,2022,2022-05,outside_fixed_domain,-1,True,True
noaa_2022.csv,1121,202205091756,2022,2022-05,outside_fixed_domain,-1,True,True
noaa_2022.csv,1122,202205092054,2022,2022-05,outside_fixed_domain,-1,True,True
noaa_2022.csv,1123,202205092116,2022,2022-05,outside_fixed_domain,-1,True,True
noaa_2022.csv,1124,202205100135,2022,2022-05,outside_fixed_domain,-1,True,True
noaa_2022.csv,1125,202205100746,2022,2022-05,outside_fixed_domain,-1,True,True
noaa_2022.csv,1126,202205100952,2022,2022-05,outside_fixed_domain,-1,True,True
noaa_2022.csv,1127,202205101149,2022,2022-05,outside_fixed_domain,-1,True,True
noaa_2022.csv,1128,202205101250,2022,2022-05,outside_fixed_domain,-1,True,True
noaa_2022.csv,1129,202205101309,2022,2022-05,outside_fixed_domain,-1,True,True
noaa_2022.csv,1130,202205101325,2022,2022-05,outside_fixed_domain,-1,True,False
noaa_2022.csv,1131,202205101339,2022,2022-05,outside_fixed_domain,-1,True,True
noaa_2022.csv,1132,202205101350,2022,2022-05,selected_peak,4,True,True
noaa_2022.csv,1133,202205102119,2022,2022-05,outside_fixed_domain,-1,True,False
noaa_2022.csv,1134,202205102255,2022,2022-05,outside_fixed_domain,-1,True,False
noaa_2022.csv,1135,202205102309,2022,2022-05,outside_fixed_domain,-1,True,True
noaa_2022.csv,1136,202205110016,2022,2022-05,outside_fixed_domain,-1,True,True
noaa_2022.csv,1137,202205110245,2022,2022-05,outside_fixed_domain,-1,True,True
noaa_2022.csv,1138,202205110416,2022,2022-05,outside_fixed_domain,-1,True,True
noaa_2022.csv,1139,202205110532,2022,2022-05,outside_fixed_domain,-1,True,False
noaa_2022.csv,1140,202205110545,2022,2022-05,outside_fixed_domain,-1,True,True
noaa_2022.csv,1141,202205110611,2022,2022-05,outside_fixed_domain,-1,True,False
noaa_2022.csv,1142,202205110622,2022,2022-05,outside_fixed_domain,-1,True,True
noaa_2022.csv,1143,202205110811,2022,2022-05,outside_fixed_domain,-1,True,True
noaa_2022.csv,1144,202205110925,2022,2022-05,outside_fixed_domain,-1,True,True
noaa_2022.csv,1145,202205111159,2022,2022-05,outside_fixed_domain,-1,True,True
noaa_2022.csv,1146,202205111231,2022,2022-05,outside_fixed_domain,-1,True,False
noaa_2022.csv,1147,202205111314,2022,2022-05,outside_fixed_domain,-1,True,True
noaa_2022.csv,1148,202205111355,2022,2022-05,outside_fixed_domain,-1,True,False
noaa_2022.csv,1149,202205111419,2022,2022-05,outside_fixed_domain,-1,True,True
noaa_2022.csv,1150,202205111444,2022,2022-05,outside_fixed_domain,-1,True,True
noaa_2022.csv,1151,202205111534,2022,2022-05,outside_fixed_domain,-1,True,True
noaa_2022.csv,1152,202205111635,2022,2022-05,selected_peak,0,True,True
noaa_2022.csv,1153,202205111813,2022,2022-05,selected_peak,1,True,False
noaa_2022.csv,1154,202205111927,2022,2022-05,selected_peak,1,True,True
noaa_2022.csv,1155,202205112232,2022,2022-05,outside_fixed_domain,-1,True,True
noaa_2022.csv,1156,202205120210,2022,2022-05,outside_fixed_domain,-1,True,True
noaa_2022.csv,1157,202205120528,2022,2022-05,outside_fixed_domain,-1,True,False
noaa_2022.csv,1158,202205120559,2022,2022-05,outside_fixed_domain,-1,True,True
noaa_2022.csv,1159,202205120734,2022,2022-05,outside_fixed_domain,-1,True,True
noaa_2022.csv,1160,202205121028,2022,2022-05,outside_fixed_domain,-1,True,True
noaa_2022.csv,1161,202205121145,2022,2022-05,outside_fixed_domain,-1,True,True
noaa_2022.csv,1162,202205121505,2022,2022-05,outside_fixed_domain,-1,True,True
noaa_2022.csv,1163,202205121802,2022,2022-05,outside_fixed_domain,-1,True,True
noaa_2022.csv,1164,202205122004,2022,2022-05,selected_peak,0,True,True
noaa_2022.csv,1165,202205122151,2022,2022-05,outside_fixed_domain,-1,True,True
noaa_2022.csv,1166,202205130056,2022,2022-05,outside_fixed_domain,-1,True,True
noaa_2022.csv,1167,202205130446,2022,2022-05,outside_fixed_domain,-1,True,True
noaa_2022.csv,1168,202205130853,2022,2022-05,outside_fixed_domain,-1,True,True
noaa_2022.csv,1169,202205130942,2022,2022-05,outside_fixed_domain,-1,True,True
noaa_2022.csv,1170,202205130956,2022,2022-05,outside_fixed_domain,-1,True,True
noaa_2022.csv,1171,202205131352,2022,2022-05,outside_fixed_domain,-1,True,True
noaa_2022.csv,1172,202205131827,2022,2022-05,outside_fixed_domain,-1,True,True
noaa_2022.csv,1173,202205132207,2022,2022-05,outside_fixed_domain,-1,True,False
noaa_2022.csv,1174,202205132234,2022,2022-05,outside_fixed_domain,-1,True,True
noaa_2022.csv,1175,202205140727,2022,2022-05,outside_fixed_domain,-1,True,True
noaa_2022.csv,1176,202205140904,2022,2022-05,outside_fixed_domain,-1,True,True
noaa_2022.csv,1177,202205141214,2022,2022-05,outside_fixed_domain,-1,True,True
noaa_2022.csv,1178,202205141422,2022,2022-05,outside_fixed_domain,-1,True,True
noaa_2022.csv,1179,202205141511,2022,2022-05,outside_fixed_domain,-1,True,True
noaa_2022.csv,1180,202205141611,2022,2022-05,outside_fixed_domain,-1,True,True
noaa_2022.csv,1181,202205141922,2022,2022-05,outside_fixed_domain,-1,True,True
noaa_2022.csv,1182,202205142004,2022,2022-05,outside_fixed_domain,-1,True,True
noaa_2022.csv,1183,202205142120,2022,2022-05,outside_fixed_domain,-1,True,False
noaa_2022.csv,1184,202205142228,2022,2022-05,outside_fixed_domain,-1,True,True
noaa_2022.csv,1185,202205142358,2022,2022-05,selected_peak,1,True,True
noaa_2022.csv,1186,202205151210,2022,2022-05,outside_fixed_domain,-1,True,True
noaa_2022.csv,1187,202205152327,2022,2022-05,outside_fixed_domain,-1,True,True
noaa_2022.csv,1188,202205160434,2022,2022-05,outside_fixed_domain,-1,True,True
noaa_2022.csv,1189,202205160746,2022,2022-05,outside_fixed_domain,-1,True,True
noaa_2022.csv,1190,202205161001,2022,2022-05,outside_fixed_domain,-1,True,True
noaa_2022.csv,1191,202205161310,2022,2022-05,selected_peak,1,True,True
noaa_2022.csv,1192,202205161413,2022,2022-05,outside_fixed_domain,-1,True,False
noaa_2022.csv,1193,202205161422,2022,2022-05,outside_fixed_domain,-1,True,True
noaa_2022.csv,1194,202205162040,2022,2022-05,outside_fixed_domain,-1,True,False
noaa_2022.csv,1195,202205162058,2022,2022-05,outside_fixed_domain,-1,True,True
noaa_2022.csv,1196,202205162124,2022,2022-05,outside_fixed_domain,-1,True,True
noaa_2022.csv,1197,202205162303,2022,2022-05,outside_fixed_domain,-1,True,False
noaa_2022.csv,1198,202205162323,2022,2022-05,outside_fixed_domain,-1,True,True
noaa_2022.csv,1199,202205170000,2022,2022-05,outside_fixed_domain,-1,True,True
noaa_2022.csv,1200,202205170039,2022,2022-05,outside_fixed_domain,-1,True,True
noaa_2022.csv,1201,202205170458,2022,2022-05,outside_fixed_domain,-1,True,True
noaa_2022.csv,1202,202205170655,2022,2022-05,outside_fixed_domain,-1,True,True
noaa_2022.csv,1203,202205170823,2022,2022-05,outside_fixed_domain,-1,True,False
noaa_2022.csv,1204,202205170840,2022,2022-05,outside_fixed_domain,-1,True,True
noaa_2022.csv,1205,202205171017,2022,2022-05,outside_fixed_domain,-1,True,False
noaa_2022.csv,1206,202205171057,2022,2022-05,outside_fixed_domain,-1,True,True
noaa_2022.csv,1207,202205171126,2022,2022-05,outside_fixed_domain,-1,True,True
noaa_2022.csv,1208,202205171228,2022,2022-05,outside_fixed_domain,-1,True,True
noaa_2022.csv,1209,202205171619,2022,2022-05,outside_fixed_domain,-1,True,True
noaa_2022.csv,1210,202205171929,2022,2022-05,outside_fixed_domain,-1,True,True
noaa_2022.csv,1211,202205180438,2022,2022-05,outside_fixed_domain,-1,True,True
noaa_2022.csv,1212,202205180516,2022,2022-05,outside_fixed_domain,-1,True,True
noaa_2022.csv,1213,202205180706,2022,2022-05,outside_fixed_domain,-1,True,True
noaa_2022.csv,1214,202205180753,2022,2022-05,outside_fixed_domain,-1,True,True
noaa_2022.csv,1215,202205180816,2022,2022-05,outside_fixed_domain,-1,True,True
noaa_2022.csv,1216,202205181002,2022,2022-05,outside_fixed_domain,-1,True,True
noaa_2022.csv,1217,202205181036,2022,2022-05,outside_fixed_domain,-1,True,True
noaa_2022.csv,1218,202205181342,2022,2022-05,outside_fixed_domain,-1,True,True
noaa_2022.csv,1219,202205181543,2022,2022-05,outside_fixed_domain,-1,True,True
noaa_2022.csv,1220,202205182138,2022,2022-05,outside_fixed_domain,-1,True,False
noaa_2022.csv,1221,202205182145,2022,2022-05,outside_fixed_domain,-1,True,True
noaa_2022.csv,1222,202205182157,2022,2022-05,selected_peak,0,True,True
noaa_2022.csv,1223,202205190248,2022,2022-05,outside_fixed_domain,-1,True,True
noaa_2022.csv,1224,202205190327,2022,2022-05,outside_fixed_domain,-1,True,True
noaa_2022.csv,1225,202205190538,2022,2022-05,outside_fixed_domain,-1,True,True
noaa_2022.csv,1226,202205190629,2022,2022-05,outside_fixed_domain,-1,True,True
noaa_2022.csv,1227,202205190700,2022,2022-05,selected_peak,2,True,True
noaa_2022.csv,1228,202205191000,2022,2022-05,selected_peak,0,True,True
noaa_2022.csv,1229,202205191505,2022,2022-05,selected_peak,0,True,True
noaa_2022.csv,1230,202205191900,2022,2022-05,outside_fixed_domain,-1,True,True
noaa_2022.csv,1231,202205200008,2022,2022-05,outside_fixed_domain,-1,True,True
noaa_2022.csv,1232,202205200735,2022,2022-05,selected_peak,1,True,True
noaa_2022.csv,1233,202205201142,2022,2022-05,outside_fixed_domain,-1,True,False
noaa_2022.csv,1234,202205201210,2022,2022-05,outside_fixed_domain,-1,True,True
noaa_2022.csv,1235,202205201846,2022,2022-05,outside_fixed_domain,-1,True,True
noaa_2022.csv,1236,202205202203,2022,2022-05,outside_fixed_domain,-1,True,True
noaa_2022.csv,1237,202205202324,2022,2022-05,outside_fixed_domain,-1,True,True
noaa_2022.csv,1238,202205210008,2022,2022-05,outside_fixed_domain,-1,True,True
noaa_2022.csv,1239,202205210632,2022,2022-05,outside_fixed_domain,-1,True,True
noaa_2022.csv,1240,202205211329,2022,2022-05,outside_fixed_domain,-1,True,True
noaa_2022.csv,1241,202205211427,2022,2022-05,outside_fixed_domain,-1,True,True
noaa_2022.csv,1242,202205211527,2022,2022-05,outside_fixed_domain,-1,True,True
noaa_2022.csv,1243,202205211859,2022,2022-05,outside_fixed_domain,-1,True,True
noaa_2022.csv,1244,202205220608,2022,2022-05,outside_fixed_domain,-1,True,True
noaa_2022.csv,1245,202205221347,2022,2022-05,outside_fixed_domain,-1,True,True
noaa_2022.csv,1246,202205221417,2022,2022-05,outside_fixed_domain,-1,True,True
noaa_2022.csv,1247,202205221537,2022,2022-05,outside_fixed_domain,-1,True,True
noaa_2022.csv,1248,202205222201,2022,2022-05,outside_fixed_domain,-1,True,False
noaa_2022.csv,1249,202205222221,2022,2022-05,outside_fixed_domain,-1,True,True
noaa_2022.csv,1250,202205222326,2022,2022-05,outside_fixed_domain,-1,True,True
noaa_2022.csv,1251,202205230025,2022,2022-05,outside_fixed_domain,-1,True,True
noaa_2022.csv,1252,202205230842,2022,2022-05,outside_fixed_domain,-1,True,True
noaa_2022.csv,1253,202205231043,2022,2022-05,outside_fixed_domain,-1,True,False
noaa_2022.csv,1254,202205231054,2022,2022-05,outside_fixed_domain,-1,True,True
noaa_2022.csv,1255,202205240603,2022,2022-05,outside_fixed_domain,-1,True,True
noaa_2022.csv,1256,202205240900,2022,2022-05,outside_fixed_domain,-1,True,True
noaa_2022.csv,1257,202205240915,2022,2022-05,outside_fixed_domain,-1,True,True
noaa_2022.csv,1258,202205241150,2022,2022-05,outside_fixed_domain,-1,True,True
noaa_2022.csv,1259,202205241326,2022,2022-05,outside_fixed_domain,-1,True,False
noaa_2022.csv,1260,202205241335,2022,2022-05,outside_fixed_domain,-1,True,True
noaa_2022.csv,1261,202205242203,2022,2022-05,outside_fixed_domain,-1,True,True
noaa_2022.csv,1262,202205250452,2022,2022-05,outside_fixed_domain,-1,True,False
noaa_2022.csv,1263,202205250511,2022,2022-05,outside_fixed_domain,-1,True,True
noaa_2022.csv,1264,202205251107,2022,2022-05,outside_fixed_domain,-1,True,True
noaa_2022.csv,1265,202205251622,2022,2022-05,outside_fixed_domain,-1,True,True
noaa_2022.csv,1266,202205251809,2022,2022-05,selected_peak,0,True,True
noaa_2022.csv,1267,202205260210,2022,2022-05,outside_fixed_domain,-1,True,True
noaa_2022.csv,1268,202205260253,2022,2022-05,outside_fixed_domain,-1,True,True
noaa_2022.csv,1269,202205260327,2022,2022-05,outside_fixed_domain,-1,True,False
noaa_2022.csv,1270,202205260352,2022,2022-05,outside_fixed_domain,-1,True,True
noaa_2022.csv,1271,202205260442,2022,2022-05,outside_fixed_domain,-1,True,True
noaa_2022.csv,1272,202205261002,2022,2022-05,outside_fixed_domain,-1,True,True
noaa_2022.csv,1273,202205261308,2022,2022-05,outside_fixed_domain,-1,True,True
noaa_2022.csv,1274,202205261731,2022,2022-05,outside_fixed_domain,-1,True,True
noaa_2022.csv,1275,202205261913,2022,2022-05,outside_fixed_domain,-1,True,True
noaa_2022.csv,1276,202205270031,2022,2022-05,outside_fixed_domain,-1,True,True
noaa_2022.csv,1277,202205270216,2022,2022-05,outside_fixed_domain,-1,True,True
noaa_2022.csv,1278,202205271110,2022,2022-05,outside_fixed_domain,-1,True,True
noaa_2022.csv,1279,202205271151,2022,2022-05,outside_fixed_domain,-1,True,True
noaa_2022.csv,1280,202205271926,2022,2022-05,outside_fixed_domain,-1,True,True
noaa_2022.csv,1281,202205272353,2022,2022-05,outside_fixed_domain,-1,True,True
noaa_2022.csv,1282,202205280129,2022,2022-05,outside_fixed_domain,-1,True,True
noaa_2022.csv,1283,202205280637,2022,2022-05,outside_fixed_domain,-1,True,True
noaa_2022.csv,1284,202205281853,2022,2022-05,outside_fixed_domain,-1,True,True
noaa_2022.csv,1285,202205290042,2022,2022-05,outside_fixed_domain,-1,True,True
noaa_2022.csv,1286,202205291607,2022,2022-05,outside_fixed_domain,-1,True,True
noaa_2022.csv,1287,202205291702,2022,2022-05,outside_fixed_domain,-1,True,True
noaa_2022.csv,1288,202205291730,2022,2022-05,outside_fixed_domain,-1,True,False
noaa_2022.csv,1289,202205291739,2022,2022-05,outside_fixed_domain,-1,True,True
noaa_2022.csv,1290,202205291805,2022,2022-05,outside_fixed_domain,-1,True,True
noaa_2022.csv,1291,202205291938,2022,2022-05,outside_fixed_domain,-1,True,True
noaa_2022.csv,1292,202205292051,2022,2022-05,outside_fixed_domain,-1,True,True
noaa_2022.csv,1293,202205300015,2022,2022-05,outside_fixed_domain,-1,True,True
noaa_2022.csv,1294,202205300050,2022,2022-05,outside_fixed_domain,-1,True,True
noaa_2022.csv,1295,202205300147,2022,2022-05,outside_fixed_domain,-1,True,False
noaa_2022.csv,1296,202205300203,2022,2022-05,outside_fixed_domain,-1,True,False
noaa_2022.csv,1297,202205300237,2022,2022-05,outside_fixed_domain,-1,True,True
noaa_2022.csv,1298,202205301457,2022,2022-05,outside_fixed_domain,-1,True,True
noaa_2022.csv,1299,202205301809,2022,2022-05,outside_fixed_domain,-1,True,True
noaa_2022.csv,1300,202205311453,2022,2022-05,outside_fixed_domain,-1,True,True
noaa_2022.csv,1301,202206010420,2022,2022-06,outside_fixed_domain,-1,True,True
noaa_2022.csv,1302,202206011137,2022,2022-06,outside_fixed_domain,-1,True,True
noaa_2022.csv,1303,202206011321,2022,2022-06,outside_fixed_domain,-1,True,True
noaa_2022.csv,1304,202206011443,2022,2022-06,outside_fixed_domain,-1,True,True
noaa_2022.csv,1305,202206020259,2022,2022-06,outside_fixed_domain,-1,True,True
noaa_2022.csv,1306,202206020354,2022,2022-06,outside_fixed_domain,-1,True,True
noaa_2022.csv,1307,202206020456,2022,2022-06,outside_fixed_domain,-1,True,True
noaa_2022.csv,1308,202206020558,2022,2022-06,outside_fixed_domain,-1,True,True
noaa_2022.csv,1309,202206021226,2022,2022-06,outside_fixed_domain,-1,True,True
noaa_2022.csv,1310,202206021418,2022,2022-06,outside_fixed_domain,-1,True,True
noaa_2022.csv,1311,202206021537,2022,2022-06,outside_fixed_domain,-1,True,True
noaa_2022.csv,1312,202206022037,2022,2022-06,outside_fixed_domain,-1,True,True
noaa_2022.csv,1313,202206030243,2022,2022-06,outside_fixed_domain,-1,True,True
noaa_2022.csv,1314,202206030711,2022,2022-06,outside_fixed_domain,-1,True,True
noaa_2022.csv,1315,202206040028,2022,2022-06,outside_fixed_domain,-1,True,True
noaa_2022.csv,1316,202206040115,2022,2022-06,outside_fixed_domain,-1,True,True
noaa_2022.csv,1317,202206041729,2022,2022-06,outside_fixed_domain,-1,True,True
noaa_2022.csv,1318,202206042350,2022,2022-06,outside_fixed_domain,-1,True,True
noaa_2022.csv,1319,202206051132,2022,2022-06,outside_fixed_domain,-1,True,False
noaa_2022.csv,1320,202206051205,2022,2022-06,outside_fixed_domain,-1,True,True
noaa_2022.csv,1321,202206062328,2022,2022-06,outside_fixed_domain,-1,True,False
noaa_2022.csv,1322,202206062341,2022,2022-06,outside_fixed_domain,-1,True,True
noaa_2022.csv,1323,202206070204,2022,2022-06,outside_fixed_domain,-1,True,True
noaa_2022.csv,1324,202206070315,2022,2022-06,outside_fixed_domain,-1,True,False
noaa_2022.csv,1325,202206070319,2022,2022-06,outside_fixed_domain,-1,True,True
noaa_2022.csv,1326,202206070400,2022,2022-06,outside_fixed_domain,-1,True,True
noaa_2022.csv,1327,202206071736,2022,2022-06,outside_fixed_domain,-1,True,True
noaa_2022.csv,1328,202206090331,2022,2022-06,outside_fixed_domain,-1,True,True
noaa_2022.csv,1329,202206090553,2022,2022-06,outside_fixed_domain,-1,True,False
noaa_2022.csv,1330,202206090611,2022,2022-06,outside_fixed_domain,-1,True,True
noaa_2022.csv,1331,202206090833,2022,2022-06,outside_fixed_domain,-1,True,False
noaa_2022.csv,1332,202206090844,2022,2022-06,outside_fixed_domain,-1,True,True
noaa_2022.csv,1333,202206090853,2022,2022-06,outside_fixed_domain,-1,True,True
noaa_2022.csv,1334,202206091003,2022,2022-06,outside_fixed_domain,-1,True,True
noaa_2022.csv,1335,202206100234,2022,2022-06,outside_fixed_domain,-1,True,False
noaa_2022.csv,1336,202206100248,2022,2022-06,outside_fixed_domain,-1,True,True
noaa_2022.csv,1337,202206100534,2022,2022-06,outside_fixed_domain,-1,True,True
noaa_2022.csv,1338,202206100817,2022,2022-06,outside_fixed_domain,-1,True,True
noaa_2022.csv,1339,202206101010,2022,2022-06,selected_peak,0,True,True
noaa_2022.csv,1340,202206101410,2022,2022-06,outside_fixed_domain,-1,True,True
noaa_2022.csv,1341,202206102105,2022,2022-06,outside_fixed_domain,-1,True,True
noaa_2022.csv,1342,202206110604,2022,2022-06,outside_fixed_domain,-1,True,True
noaa_2022.csv,1343,202206111401,2022,2022-06,outside_fixed_domain,-1,True,True
noaa_2022.csv,1344,202206112156,2022,2022-06,outside_fixed_domain,-1,True,True
noaa_2022.csv,1345,202206122129,2022,2022-06,outside_fixed_domain,-1,True,True
noaa_2022.csv,1346,202206130258,2022,2022-06,selected_peak,2,True,True
noaa_2022.csv,1347,202206132120,2022,2022-06,outside_fixed_domain,-1,True,True
noaa_2022.csv,1348,202206140344,2022,2022-06,outside_fixed_domain,-1,True,True
noaa_2022.csv,1349,202206140517,2022,2022-06,outside_fixed_domain,-1,True,True
noaa_2022.csv,1350,202206140835,2022,2022-06,outside_fixed_domain,-1,True,False
noaa_2022.csv,1351,202206140845,2022,2022-06,outside_fixed_domain,-1,True,True
noaa_2022.csv,1352,202206140917,2022,2022-06,outside_fixed_domain,-1,True,False
noaa_2022.csv,1353,202206140937,2022,2022-06,outside_fixed_domain,-1,True,False
noaa_2022.csv,1354,202206140956,2022,2022-06,outside_fixed_domain,-1,True,True
noaa_2022.csv,1355,202206141058,2022,2022-06,outside_fixed_domain,-1,True,False
noaa_2022.csv,1356,202206141129,2022,2022-06,outside_fixed_domain,-1,True,True
noaa_2022.csv,1357,202206141309,2022,2022-06,outside_fixed_domain,-1,True,True
noaa_2022.csv,1358,202206141319,2022,2022-06,outside_fixed_domain,-1,True,True
noaa_2022.csv,1359,202206141411,2022,2022-06,outside_fixed_domain,-1,True,True
noaa_2022.csv,1360,202206141556,2022,2022-06,outside_fixed_domain,-1,True,True
noaa_2022.csv,1361,202206141734,2022,2022-06,outside_fixed_domain,-1,True,True
noaa_2022.csv,1362,202206141827,2022,2022-06,outside_fixed_domain,-1,True,True
noaa_2022.csv,1363,202206142321,2022,2022-06,outside_fixed_domain,-1,True,True
noaa_2022.csv,1364,202206150331,2022,2022-06,outside_fixed_domain,-1,True,True
noaa_2022.csv,1365,202206150432,2022,2022-06,outside_fixed_domain,-1,True,True
noaa_2022.csv,1366,202206150603,2022,2022-06,outside_fixed_domain,-1,True,True
noaa_2022.csv,1367,202206150721,2022,2022-06,outside_fixed_domain,-1,True,True
noaa_2022.csv,1368,202206151015,2022,2022-06,outside_fixed_domain,-1,True,True
noaa_2022.csv,1369,202206160116,2022,2022-06,outside_fixed_domain,-1,True,True
noaa_2022.csv,1370,202206160202,2022,2022-06,outside_fixed_domain,-1,True,True
noaa_2022.csv,1371,202206160346,2022,2022-06,selected_peak,0,True,True
noaa_2022.csv,1372,202206161235,2022,2022-06,outside_fixed_domain,-1,True,True
noaa_2022.csv,1373,202206161338,2022,2022-06,outside_fixed_domain,-1,True,True
noaa_2022.csv,1374,202206161536,2022,2022-06,outside_fixed_domain,-1,True,True
noaa_2022.csv,1375,202206161939,2022,2022-06,outside_fixed_domain,-1,True,True
noaa_2022.csv,1376,202206170044,2022,2022-06,outside_fixed_domain,-1,True,True
noaa_2022.csv,1377,202206170221,2022,2022-06,outside_fixed_domain,-1,True,True
noaa_2022.csv,1378,202206170610,2022,2022-06,outside_fixed_domain,-1,True,True
noaa_2022.csv,1379,202206171052,2022,2022-06,outside_fixed_domain,-1,True,True
noaa_2022.csv,1380,202206171302,2022,2022-06,outside_fixed_domain,-1,True,True
noaa_2022.csv,1381,202206171455,2022,2022-06,outside_fixed_domain,-1,True,True
noaa_2022.csv,1382,202206171818,2022,2022-06,outside_fixed_domain,-1,True,True
noaa_2022.csv,1383,202206180000,2022,2022-06,outside_fixed_domain,-1,True,False
noaa_2022.csv,1384,202206180011,2022,2022-06,outside_fixed_domain,-1,True,True
noaa_2022.csv,1385,202206181126,2022,2022-06,outside_fixed_domain,-1,True,False
noaa_2022.csv,1386,202206181148,2022,2022-06,outside_fixed_domain,-1,True,True
noaa_2022.csv,1387,202206181322,2022,2022-06,outside_fixed_domain,-1,True,True
noaa_2022.csv,1388,202206181736,2022,2022-06,outside_fixed_domain,-1,True,True
noaa_2022.csv,1389,202206182053,2022,2022-06,outside_fixed_domain,-1,True,True
noaa_2022.csv,1390,202206190238,2022,2022-06,outside_fixed_domain,-1,True,False
noaa_2022.csv,1391,202206190311,2022,2022-06,outside_fixed_domain,-1,True,True
noaa_2022.csv,1392,202206190640,2022,2022-06,outside_fixed_domain,-1,True,True
noaa_2022.csv,1393,202206190710,2022,2022-06,outside_fixed_domain,-1,True,True
noaa_2022.csv,1394,202206191345,2022,2022-06,outside_fixed_domain,-1,True,False
noaa_2022.csv,1395,202206191356,2022,2022-06,outside_fixed_domain,-1,True,True
noaa_2022.csv,1396,202206191734,2022,2022-06,outside_fixed_domain,-1,True,True
noaa_2022.csv,1397,202206191953,2022,2022-06,outside_fixed_domain,-1,True,True
noaa_2022.csv,1398,202206192132,2022,2022-06,outside_fixed_domain,-1,True,False
noaa_2022.csv,1399,202206192154,2022,2022-06,outside_fixed_domain,-1,True,True
noaa_2022.csv,1400,202206200100,2022,2022-06,outside_fixed_domain,-1,True,True
noaa_2022.csv,1401,202206200458,2022,2022-06,outside_fixed_domain,-1,True,True
noaa_2022.csv,1402,202206200605,2022,2022-06,outside_fixed_domain,-1,True,True
noaa_2022.csv,1403,202206200708,2022,2022-06,outside_fixed_domain,-1,True,True
noaa_2022.csv,1404,202206201446,2022,2022-06,outside_fixed_domain,-1,True,False
noaa_2022.csv,1405,202206201519,2022,2022-06,outside_fixed_domain,-1,True,True
noaa_2022.csv,1406,202206201605,2022,2022-06,outside_fixed_domain,-1,True,True
noaa_2022.csv,1407,202206202202,2022,2022-06,outside_fixed_domain,-1,True,True
noaa_2022.csv,1408,202206202340,2022,2022-06,outside_fixed_domain,-1,True,True
noaa_2022.csv,1409,202206210233,2022,2022-06,outside_fixed_domain,-1,True,True
noaa_2022.csv,1410,202206210531,2022,2022-06,outside_fixed_domain,-1,True,True
noaa_2022.csv,1411,202206210713,2022,2022-06,outside_fixed_domain,-1,True,True
noaa_2022.csv,1412,202206210944,2022,2022-06,outside_fixed_domain,-1,True,True
noaa_2022.csv,1413,202206211601,2022,2022-06,outside_fixed_domain,-1,True,True
noaa_2022.csv,1414,202206220408,2022,2022-06,outside_fixed_domain,-1,True,True
noaa_2022.csv,1415,202206220502,2022,2022-06,outside_fixed_domain,-1,True,True
noaa_2022.csv,1416,202206220622,2022,2022-06,outside_fixed_domain,-1,True,False
noaa_2022.csv,1417,202206220657,2022,2022-06,outside_fixed_domain,-1,True,True
noaa_2022.csv,1418,202206220748,2022,2022-06,outside_fixed_domain,-1,True,True
noaa_2022.csv,1419,202206220814,2022,2022-06,outside_fixed_domain,-1,True,True
noaa_2022.csv,1420,202206220906,2022,2022-06,outside_fixed_domain,-1,True,True
noaa_2022.csv,1421,202206221024,2022,2022-06,outside_fixed_domain,-1,True,True
noaa_2022.csv,1422,202206221126,2022,2022-06,outside_fixed_domain,-1,True,True
noaa_2022.csv,1423,202206221302,2022,2022-06,outside_fixed_domain,-1,True,True
noaa_2022.csv,1424,202206221434,2022,2022-06,outside_fixed_domain,-1,True,True
noaa_2022.csv,1425,202206221506,2022,2022-06,outside_fixed_domain,-1,True,False
noaa_2022.csv,1426,202206221526,2022,2022-06,outside_fixed_domain,-1,True,True
noaa_2022.csv,1427,202206221616,2022,2022-06,outside_fixed_domain,-1,True,True
noaa_2022.csv,1428,202206222004,2022,2022-06,outside_fixed_domain,-1,True,True
noaa_2022.csv,1429,202206222126,2022,2022-06,outside_fixed_domain,-1,True,True
noaa_2022.csv,1430,202206222316,2022,2022-06,outside_fixed_domain,-1,True,False
noaa_2022.csv,1431,202206222328,2022,2022-06,outside_fixed_domain,-1,True,True
noaa_2022.csv,1432,202206231422,2022,2022-06,outside_fixed_domain,-1,True,True
noaa_2022.csv,1433,202206231957,2022,2022-06,outside_fixed_domain,-1,True,True
noaa_2022.csv,1434,202206232019,2022,2022-06,outside_fixed_domain,-1,True,True
noaa_2022.csv,1435,202206232202,2022,2022-06,outside_fixed_domain,-1,True,True
noaa_2022.csv,1436,202206240009,2022,2022-06,outside_fixed_domain,-1,True,True
noaa_2022.csv,1437,202206240457,2022,2022-06,outside_fixed_domain,-1,True,True
noaa_2022.csv,1438,202206240849,2022,2022-06,outside_fixed_domain,-1,True,True
noaa_2022.csv,1439,202206241249,2022,2022-06,outside_fixed_domain,-1,True,True
noaa_2022.csv,1440,202206241837,2022,2022-06,outside_fixed_domain,-1,True,True
noaa_2022.csv,1441,202206250053,2022,2022-06,outside_fixed_domain,-1,True,True
noaa_2022.csv,1442,202206250112,2022,2022-06,outside_fixed_domain,-1,True,True
noaa_2022.csv,1443,202206250409,2022,2022-06,outside_fixed_domain,-1,True,False
noaa_2022.csv,1444,202206250426,2022,2022-06,outside_fixed_domain,-1,True,True
noaa_2022.csv,1445,202206250719,2022,2022-06,outside_fixed_domain,-1,True,True
noaa_2022.csv,1446,202206251114,2022,2022-06,outside_fixed_domain,-1,True,True
noaa_2022.csv,1447,202206251353,2022,2022-06,outside_fixed_domain,-1,True,True
noaa_2022.csv,1448,202206252227,2022,2022-06,outside_fixed_domain,-1,True,True
noaa_2022.csv,1449,202206252347,2022,2022-06,outside_fixed_domain,-1,True,True
noaa_2022.csv,1450,202206260017,2022,2022-06,outside_fixed_domain,-1,True,True
noaa_2022.csv,1451,202206260206,2022,2022-06,outside_fixed_domain,-1,True,True
noaa_2022.csv,1452,202206260310,2022,2022-06,outside_fixed_domain,-1,True,True
noaa_2022.csv,1453,202206260744,2022,2022-06,outside_fixed_domain,-1,True,True
noaa_2022.csv,1454,202206260800,2022,2022-06,outside_fixed_domain,-1,True,True
noaa_2022.csv,1455,202206261024,2022,2022-06,outside_fixed_domain,-1,True,False
noaa_2022.csv,1456,202206261038,2022,2022-06,outside_fixed_domain,-1,True,False
noaa_2022.csv,1457,202206261048,2022,2022-06,outside_fixed_domain,-1,True,False
noaa_2022.csv,1458,202206261057,2022,2022-06,outside_fixed_domain,-1,True,True
noaa_2022.csv,1459,202206261239,2022,2022-06,outside_fixed_domain,-1,True,True
noaa_2022.csv,1460,202206261409,2022,2022-06,outside_fixed_domain,-1,True,False
noaa_2022.csv,1461,202206261426,2022,2022-06,outside_fixed_domain,-1,True,True
noaa_2022.csv,1462,202206261641,2022,2022-06,outside_fixed_domain,-1,True,True
noaa_2022.csv,1463,202206262218,2022,2022-06,outside_fixed_domain,-1,True,True
noaa_2022.csv,1464,202206270203,2022,2022-06,outside_fixed_domain,-1,True,True
noaa_2022.csv,1465,202206270549,2022,2022-06,outside_fixed_domain,-1,True,False
noaa_2022.csv,1466,202206270611,2022,2022-06,outside_fixed_domain,-1,True,False
noaa_2022.csv,1467,202206270625,2022,2022-06,outside_fixed_domain,-1,True,True
noaa_2022.csv,1468,202206270835,2022,2022-06,outside_fixed_domain,-1,True,True
noaa_2022.csv,1469,202206271720,2022,2022-06,outside_fixed_domain,-1,True,True
noaa_2022.csv,1470,202206271824,2022,2022-06,outside_fixed_domain,-1,True,True
noaa_2022.csv,1471,202206272240,2022,2022-06,outside_fixed_domain,-1,True,True
noaa_2022.csv,1472,202206280351,2022,2022-06,outside_fixed_domain,-1,True,True
noaa_2022.csv,1473,202206280653,2022,2022-06,outside_fixed_domain,-1,True,False
noaa_2022.csv,1474,202206280704,2022,2022-06,outside_fixed_domain,-1,True,True
noaa_2022.csv,1475,202206280747,2022,2022-06,outside_fixed_domain,-1,True,True
noaa_2022.csv,1476,202206281505,2022,2022-06,outside_fixed_domain,-1,True,True
noaa_2022.csv,1477,202206281756,2022,2022-06,outside_fixed_domain,-1,True,True
noaa_2022.csv,1478,202206281812,2022,2022-06,outside_fixed_domain,-1,True,True
noaa_2022.csv,1479,202206281854,2022,2022-06,outside_fixed_domain,-1,True,True
noaa_2022.csv,1480,202206290204,2022,2022-06,outside_fixed_domain,-1,True,False
noaa_2022.csv,1481,202206290214,2022,2022-06,outside_fixed_domain,-1,True,True
noaa_2022.csv,1482,202206291223,2022,2022-06,outside_fixed_domain,-1,True,True
noaa_2022.csv,1483,202206291411,2022,2022-06,outside_fixed_domain,-1,True,True
noaa_2022.csv,1484,202206292300,2022,2022-06,outside_fixed_domain,-1,True,True
noaa_2022.csv,1485,202206300105,2022,2022-06,outside_fixed_domain,-1,True,True
noaa_2022.csv,1486,202206300221,2022,2022-06,outside_fixed_domain,-1,True,True
noaa_2022.csv,1487,202206301053,2022,2022-06,outside_fixed_domain,-1,True,True
noaa_2022.csv,1488,202206301442,2022,2022-06,outside_fixed_domain,-1,True,True
noaa_2022.csv,1489,202207010317,2022,2022-07,outside_fixed_domain,-1,True,True
noaa_2022.csv,1490,202207010747,2022,2022-07,outside_fixed_domain,-1,True,True
noaa_2022.csv,1491,202207021449,2022,2022-07,outside_fixed_domain,-1,True,True
noaa_2022.csv,1492,202207021811,2022,2022-07,outside_fixed_domain,-1,True,True
noaa_2022.csv,1493,202207022125,2022,2022-07,outside_fixed_domain,-1,True,False
noaa_2022.csv,1494,202207022138,2022,2022-07,outside_fixed_domain,-1,True,True
noaa_2022.csv,1495,202207030047,2022,2022-07,outside_fixed_domain,-1,True,True
noaa_2022.csv,1496,202207030403,2022,2022-07,outside_fixed_domain,-1,True,True
noaa_2022.csv,1497,202207030501,2022,2022-07,outside_fixed_domain,-1,True,True
noaa_2022.csv,1498,202207030632,2022,2022-07,outside_fixed_domain,-1,True,True
noaa_2022.csv,1499,202207030725,2022,2022-07,outside_fixed_domain,-1,True,True
noaa_2022.csv,1500,202207030825,2022,2022-07,outside_fixed_domain,-1,True,True
noaa_2022.csv,1501,202207030849,2022,2022-07,outside_fixed_domain,-1,True,True
noaa_2022.csv,1502,202207031014,2022,2022-07,outside_fixed_domain,-1,True,True
noaa_2022.csv,1503,202207031219,2022,2022-07,outside_fixed_domain,-1,True,True
noaa_2022.csv,1504,202207031526,2022,2022-07,outside_fixed_domain,-1,True,True
noaa_2022.csv,1505,202207031734,2022,2022-07,outside_fixed_domain,-1,True,True
noaa_2022.csv,1506,202207031749,2022,2022-07,outside_fixed_domain,-1,True,True
noaa_2022.csv,1507,202207031933,2022,2022-07,outside_fixed_domain,-1,True,True
noaa_2022.csv,1508,202207040244,2022,2022-07,outside_fixed_domain,-1,True,True
noaa_2022.csv,1509,202207040421,2022,2022-07,outside_fixed_domain,-1,True,False
noaa_2022.csv,1510,202207040435,2022,2022-07,outside_fixed_domain,-1,True,False
noaa_2022.csv,1511,202207040454,2022,2022-07,outside_fixed_domain,-1,True,True
noaa_2022.csv,1512,202207040613,2022,2022-07,outside_fixed_domain,-1,True,True
noaa_2022.csv,1513,202207041146,2022,2022-07,outside_fixed_domain,-1,True,False
noaa_2022.csv,1514,202207041205,2022,2022-07,outside_fixed_domain,-1,True,True
noaa_2022.csv,1515,202207041221,2022,2022-07,outside_fixed_domain,-1,True,True
noaa_2022.csv,1516,202207041323,2022,2022-07,outside_fixed_domain,-1,True,True
noaa_2022.csv,1517,202207042107,2022,2022-07,outside_fixed_domain,-1,True,True
noaa_2022.csv,1518,202207042219,2022,2022-07,outside_fixed_domain,-1,True,False
noaa_2022.csv,1519,202207042236,2022,2022-07,outside_fixed_domain,-1,True,True
noaa_2022.csv,1520,202207050053,2022,2022-07,outside_fixed_domain,-1,True,False
noaa_2022.csv,1521,202207050127,2022,2022-07,outside_fixed_domain,-1,True,True
noaa_2022.csv,1522,202207050332,2022,2022-07,outside_fixed_domain,-1,True,False
noaa_2022.csv,1523,202207050359,2022,2022-07,outside_fixed_domain,-1,True,True
noaa_2022.csv,1524,202207050852,2022,2022-07,outside_fixed_domain,-1,True,False
noaa_2022.csv,1525,202207050905,2022,2022-07,outside_fixed_domain,-1,True,True
noaa_2022.csv,1526,202207051047,2022,2022-07,outside_fixed_domain,-1,True,True
noaa_2022.csv,1527,202207051158,2022,2022-07,outside_fixed_domain,-1,True,True
noaa_2022.csv,1528,202207051226,2022,2022-07,outside_fixed_domain,-1,True,True
noaa_2022.csv,1529,202207051844,2022,2022-07,outside_fixed_domain,-1,True,True
noaa_2022.csv,1530,202207052126,2022,2022-07,outside_fixed_domain,-1,True,True
noaa_2022.csv,1531,202207060330,2022,2022-07,outside_fixed_domain,-1,True,True
noaa_2022.csv,1532,202207060350,2022,2022-07,outside_fixed_domain,-1,True,True
noaa_2022.csv,1533,202207060436,2022,2022-07,outside_fixed_domain,-1,True,True
noaa_2022.csv,1534,202207061112,2022,2022-07,outside_fixed_domain,-1,True,True
noaa_2022.csv,1535,202207070116,2022,2022-07,outside_fixed_domain,-1,True,True
noaa_2022.csv,1536,202207080055,2022,2022-07,outside_fixed_domain,-1,True,True
noaa_2022.csv,1537,202207080327,2022,2022-07,outside_fixed_domain,-1,True,True
noaa_2022.csv,1538,202207080803,2022,2022-07,outside_fixed_domain,-1,True,True
noaa_2022.csv,1539,202207081116,2022,2022-07,outside_fixed_domain,-1,True,True
noaa_2022.csv,1540,202207081322,2022,2022-07,outside_fixed_domain,-1,True,False
noaa_2022.csv,1541,202207081403,2022,2022-07,outside_fixed_domain,-1,True,True
noaa_2022.csv,1542,202207081903,2022,2022-07,outside_fixed_domain,-1,True,True
noaa_2022.csv,1543,202207082007,2022,2022-07,selected_peak,1,True,True
noaa_2022.csv,1544,202207090641,2022,2022-07,outside_fixed_domain,-1,True,True
noaa_2022.csv,1545,202207090919,2022,2022-07,outside_fixed_domain,-1,True,True
noaa_2022.csv,1546,202207091056,2022,2022-07,outside_fixed_domain,-1,True,True
noaa_2022.csv,1547,202207091131,2022,2022-07,outside_fixed_domain,-1,True,True
noaa_2022.csv,1548,202207091329,2022,2022-07,outside_fixed_domain,-1,True,True
noaa_2022.csv,1549,202207092056,2022,2022-07,outside_fixed_domain,-1,True,True
noaa_2022.csv,1550,202207092226,2022,2022-07,outside_fixed_domain,-1,True,True
noaa_2022.csv,1551,202207100433,2022,2022-07,outside_fixed_domain,-1,True,True
noaa_2022.csv,1552,202207100446,2022,2022-07,outside_fixed_domain,-1,True,True
noaa_2022.csv,1553,202207100916,2022,2022-07,outside_fixed_domain,-1,True,True
noaa_2022.csv,1554,202207101149,2022,2022-07,outside_fixed_domain,-1,True,True
noaa_2022.csv,1555,202207101318,2022,2022-07,outside_fixed_domain,-1,True,True
noaa_2022.csv,1556,202207101355,2022,2022-07,outside_fixed_domain,-1,True,True
noaa_2022.csv,1557,202207101506,2022,2022-07,outside_fixed_domain,-1,True,True
noaa_2022.csv,1558,202207101746,2022,2022-07,outside_fixed_domain,-1,True,True
noaa_2022.csv,1559,202207101805,2022,2022-07,outside_fixed_domain,-1,True,True
noaa_2022.csv,1560,202207101921,2022,2022-07,outside_fixed_domain,-1,True,True
noaa_2022.csv,1561,202207102019,2022,2022-07,outside_fixed_domain,-1,True,True
noaa_2022.csv,1562,202207102042,2022,2022-07,outside_fixed_domain,-1,True,True
noaa_2022.csv,1563,202207102105,2022,2022-07,outside_fixed_domain,-1,True,False
noaa_2022.csv,1564,202207102119,2022,2022-07,outside_fixed_domain,-1,True,True
noaa_2022.csv,1565,202207102152,2022,2022-07,outside_fixed_domain,-1,True,False
noaa_2022.csv,1566,202207102158,2022,2022-07,outside_fixed_domain,-1,True,True
noaa_2022.csv,1567,202207102208,2022,2022-07,outside_fixed_domain,-1,True,True
noaa_2022.csv,1568,202207102330,2022,2022-07,selected_peak,0,True,True
noaa_2022.csv,1569,202207110038,2022,2022-07,outside_fixed_domain,-1,True,True
noaa_2022.csv,1570,202207110108,2022,2022-07,outside_fixed_domain,-1,True,True
noaa_2022.csv,1571,202207110144,2022,2022-07,outside_fixed_domain,-1,True,True
noaa_2022.csv,1572,202207110407,2022,2022-07,outside_fixed_domain,-1,True,True
noaa_2022.csv,1573,202207110545,2022,2022-07,outside_fixed_domain,-1,True,True
noaa_2022.csv,1574,202207110659,2022,2022-07,outside_fixed_domain,-1,True,True
noaa_2022.csv,1575,202207110832,2022,2022-07,outside_fixed_domain,-1,True,True
noaa_2022.csv,1576,202207110908,2022,2022-07,selected_peak,0,True,True
noaa_2022.csv,1577,202207112029,2022,2022-07,outside_fixed_domain,-1,True,True
noaa_2022.csv,1578,202207112136,2022,2022-07,outside_fixed_domain,-1,True,True
noaa_2022.csv,1579,202207112258,2022,2022-07,outside_fixed_domain,-1,True,True
noaa_2022.csv,1580,202207120149,2022,2022-07,outside_fixed_domain,-1,True,True
noaa_2022.csv,1581,202207120230,2022,2022-07,outside_fixed_domain,-1,True,False
noaa_2022.csv,1582,202207120243,2022,2022-07,outside_fixed_domain,-1,True,False
noaa_2022.csv,1583,202207120249,2022,2022-07,outside_fixed_domain,-1,True,True
noaa_2022.csv,1584,202207120321,2022,2022-07,outside_fixed_domain,-1,True,True
noaa_2022.csv,1585,202207120423,2022,2022-07,outside_fixed_domain,-1,True,True
noaa_2022.csv,1586,202207120934,2022,2022-07,outside_fixed_domain,-1,True,True
noaa_2022.csv,1587,202207121147,2022,2022-07,outside_fixed_domain,-1,True,True
noaa_2022.csv,1588,202207121204,2022,2022-07,outside_fixed_domain,-1,True,True
noaa_2022.csv,1589,202207121327,2022,2022-07,outside_fixed_domain,-1,True,False
noaa_2022.csv,1590,202207121339,2022,2022-07,outside_fixed_domain,-1,True,True
noaa_2022.csv,1591,202207121351,2022,2022-07,outside_fixed_domain,-1,True,True
noaa_2022.csv,1592,202207121553,2022,2022-07,outside_fixed_domain,-1,True,True
noaa_2022.csv,1593,202207121850,2022,2022-07,outside_fixed_domain,-1,True,True
noaa_2022.csv,1594,202207122234,2022,2022-07,outside_fixed_domain,-1,True,True
noaa_2022.csv,1595,202207122324,2022,2022-07,outside_fixed_domain,-1,True,True
noaa_2022.csv,1596,202207130119,2022,2022-07,outside_fixed_domain,-1,True,False
noaa_2022.csv,1597,202207130136,2022,2022-07,outside_fixed_domain,-1,True,True
noaa_2022.csv,1598,202207130150,2022,2022-07,outside_fixed_domain,-1,True,True
noaa_2022.csv,1599,202207130717,2022,2022-07,outside_fixed_domain,-1,True,False
noaa_2022.csv,1600,202207130727,2022,2022-07,outside_fixed_domain,-1,True,True
noaa_2022.csv,1601,202207130953,2022,2022-07,outside_fixed_domain,-1,True,True
noaa_2022.csv,1602,202207131525,2022,2022-07,outside_fixed_domain,-1,True,True
noaa_2022.csv,1603,202207131612,2022,2022-07,outside_fixed_domain,-1,True,False
noaa_2022.csv,1604,202207131709,2022,2022-07,outside_fixed_domain,-1,True,False
noaa_2022.csv,1605,202207131724,2022,2022-07,outside_fixed_domain,-1,True,True
noaa_2022.csv,1606,202207131920,2022,2022-07,outside_fixed_domain,-1,True,True
noaa_2022.csv,1607,202207132044,2022,2022-07,outside_fixed_domain,-1,True,True
noaa_2022.csv,1608,202207132327,2022,2022-07,outside_fixed_domain,-1,True,True
noaa_2022.csv,1609,202207140041,2022,2022-07,outside_fixed_domain,-1,True,True
noaa_2022.csv,1610,202207140246,2022,2022-07,outside_fixed_domain,-1,True,True
noaa_2022.csv,1611,202207140410,2022,2022-07,outside_fixed_domain,-1,True,True
noaa_2022.csv,1612,202207140422,2022,2022-07,selected_peak,0,True,True
noaa_2022.csv,1613,202207140455,2022,2022-07,outside_fixed_domain,-1,True,True
noaa_2022.csv,1614,202207140535,2022,2022-07,outside_fixed_domain,-1,True,True
noaa_2022.csv,1615,202207140640,2022,2022-07,outside_fixed_domain,-1,True,True
noaa_2022.csv,1616,202207140809,2022,2022-07,outside_fixed_domain,-1,True,True
noaa_2022.csv,1617,202207141005,2022,2022-07,outside_fixed_domain,-1,True,True
noaa_2022.csv,1618,202207141154,2022,2022-07,outside_fixed_domain,-1,True,True
noaa_2022.csv,1619,202207141220,2022,2022-07,outside_fixed_domain,-1,True,True
noaa_2022.csv,1620,202207141315,2022,2022-07,outside_fixed_domain,-1,True,False
noaa_2022.csv,1621,202207141324,2022,2022-07,outside_fixed_domain,-1,True,True
noaa_2022.csv,1622,202207141338,2022,2022-07,outside_fixed_domain,-1,True,True
noaa_2022.csv,1623,202207141621,2022,2022-07,outside_fixed_domain,-1,True,False
noaa_2022.csv,1624,202207141645,2022,2022-07,outside_fixed_domain,-1,True,True
noaa_2022.csv,1625,202207142142,2022,2022-07,selected_peak,1,True,True
noaa_2022.csv,1626,202207142305,2022,2022-07,outside_fixed_domain,-1,True,True
noaa_2022.csv,1627,202207150033,2022,2022-07,outside_fixed_domain,-1,True,True
noaa_2022.csv,1628,202207150525,2022,2022-07,outside_fixed_domain,-1,True,True
noaa_2022.csv,1629,202207150713,2022,2022-07,outside_fixed_domain,-1,True,False
noaa_2022.csv,1630,202207150730,2022,2022-07,outside_fixed_domain,-1,True,True
noaa_2022.csv,1631,202207150755,2022,2022-07,outside_fixed_domain,-1,True,True
noaa_2022.csv,1632,202207151156,2022,2022-07,outside_fixed_domain,-1,True,True
noaa_2022.csv,1633,202207151559,2022,2022-07,outside_fixed_domain,-1,True,True
noaa_2022.csv,1634,202207151810,2022,2022-07,outside_fixed_domain,-1,True,True
noaa_2022.csv,1635,202207151838,2022,2022-07,outside_fixed_domain,-1,True,True
noaa_2022.csv,1636,202207152204,2022,2022-07,outside_fixed_domain,-1,True,True
noaa_2022.csv,1637,202207152301,2022,2022-07,outside_fixed_domain,-1,True,True
noaa_2022.csv,1638,202207160240,2022,2022-07,outside_fixed_domain,-1,True,True
noaa_2022.csv,1639,202207160500,2022,2022-07,outside_fixed_domain,-1,True,True
noaa_2022.csv,1640,202207160616,2022,2022-07,selected_peak,0,True,True
noaa_2022.csv,1641,202207160952,2022,2022-07,outside_fixed_domain,-1,True,True
noaa_2022.csv,1642,202207161304,2022,2022-07,outside_fixed_domain,-1,True,True
noaa_2022.csv,1643,202207161334,2022,2022-07,outside_fixed_domain,-1,True,True
noaa_2022.csv,1644,202207161533,2022,2022-07,selected_peak,0,True,True
noaa_2022.csv,1645,202207162020,2022,2022-07,outside_fixed_domain,-1,True,True
noaa_2022.csv,1646,202207170943,2022,2022-07,outside_fixed_domain,-1,True,True
noaa_2022.csv,1647,202207171042,2022,2022-07,outside_fixed_domain,-1,True,True
noaa_2022.csv,1648,202207171152,2022,2022-07,outside_fixed_domain,-1,True,True
noaa_2022.csv,1649,202207171220,2022,2022-07,outside_fixed_domain,-1,True,True
noaa_2022.csv,1650,202207171610,2022,2022-07,outside_fixed_domain,-1,True,True
noaa_2022.csv,1651,202207171720,2022,2022-07,outside_fixed_domain,-1,True,True
noaa_2022.csv,1652,202207172132,2022,2022-07,outside_fixed_domain,-1,True,True
noaa_2022.csv,1653,202207181357,2022,2022-07,outside_fixed_domain,-1,True,True
noaa_2022.csv,1654,202207181559,2022,2022-07,outside_fixed_domain,-1,True,False
noaa_2022.csv,1655,202207182349,2022,2022-07,outside_fixed_domain,-1,True,True
noaa_2022.csv,1656,202207190210,2022,2022-07,outside_fixed_domain,-1,True,True
noaa_2022.csv,1657,202207190239,2022,2022-07,outside_fixed_domain,-1,True,True
noaa_2022.csv,1658,202207190424,2022,2022-07,outside_fixed_domain,-1,True,True
noaa_2022.csv,1659,202207191103,2022,2022-07,outside_fixed_domain,-1,True,True
noaa_2022.csv,1660,202207191320,2022,2022-07,outside_fixed_domain,-1,True,True
noaa_2022.csv,1661,202207191713,2022,2022-07,outside_fixed_domain,-1,True,True
noaa_2022.csv,1662,202207192246,2022,2022-07,outside_fixed_domain,-1,True,True
noaa_2022.csv,1663,202207200206,2022,2022-07,outside_fixed_domain,-1,True,True
noaa_2022.csv,1664,202207200517,2022,2022-07,outside_fixed_domain,-1,True,True
noaa_2022.csv,1665,202207200855,2022,2022-07,outside_fixed_domain,-1,True,False
noaa_2022.csv,1666,202207200906,2022,2022-07,outside_fixed_domain,-1,True,True
noaa_2022.csv,1667,202207201458,2022,2022-07,outside_fixed_domain,-1,True,True
noaa_2022.csv,1668,202207201653,2022,2022-07,outside_fixed_domain,-1,True,True
noaa_2022.csv,1669,202207201917,2022,2022-07,outside_fixed_domain,-1,True,False
noaa_2022.csv,1670,202207201945,2022,2022-07,outside_fixed_domain,-1,True,True
noaa_2022.csv,1671,202207202233,2022,2022-07,outside_fixed_domain,-1,True,True
noaa_2022.csv,1672,202207202301,2022,2022-07,outside_fixed_domain,-1,True,False
noaa_2022.csv,1673,202207210025,2022,2022-07,outside_fixed_domain,-1,True,False
noaa_2022.csv,1674,202207210038,2022,2022-07,outside_fixed_domain,-1,True,True
noaa_2022.csv,1675,202207210102,2022,2022-07,outside_fixed_domain,-1,True,True
noaa_2022.csv,1676,202207210608,2022,2022-07,outside_fixed_domain,-1,True,True
noaa_2022.csv,1677,202207211116,2022,2022-07,outside_fixed_domain,-1,True,True
noaa_2022.csv,1678,202207211249,2022,2022-07,outside_fixed_domain,-1,True,True
noaa_2022.csv,1679,202207211512,2022,2022-07,outside_fixed_domain,-1,True,True
noaa_2022.csv,1680,202207211949,2022,2022-07,outside_fixed_domain,-1,True,True
noaa_2022.csv,1681,202207212042,2022,2022-07,outside_fixed_domain,-1,True,True
noaa_2022.csv,1682,202207212213,2022,2022-07,outside_fixed_domain,-1,True,True
noaa_2022.csv,1683,202207212339,2022,2022-07,outside_fixed_domain,-1,True,True
noaa_2022.csv,1684,202207220056,2022,2022-07,outside_fixed_domain,-1,True,True
noaa_2022.csv,1685,202207220307,2022,2022-07,outside_fixed_domain,-1,True,True
noaa_2022.csv,1686,202207220409,2022,2022-07,outside_fixed_domain,-1,True,True
noaa_2022.csv,1687,202207220745,2022,2022-07,outside_fixed_domain,-1,True,True
noaa_2022.csv,1688,202207221144,2022,2022-07,outside_fixed_domain,-1,True,True
noaa_2022.csv,1689,202207221257,2022,2022-07,outside_fixed_domain,-1,True,False
noaa_2022.csv,1690,202207221308,2022,2022-07,outside_fixed_domain,-1,True,True
noaa_2022.csv,1691,202207221348,2022,2022-07,outside_fixed_domain,-1,True,True
noaa_2022.csv,1692,202207221445,2022,2022-07,outside_fixed_domain,-1,True,False
noaa_2022.csv,1693,202207221459,2022,2022-07,outside_fixed_domain,-1,True,True
noaa_2022.csv,1694,202207222125,2022,2022-07,outside_fixed_domain,-1,True,True
noaa_2022.csv,1695,202207230527,2022,2022-07,outside_fixed_domain,-1,True,True
noaa_2022.csv,1696,202207230757,2022,2022-07,outside_fixed_domain,-1,True,True
noaa_2022.csv,1697,202207230917,2022,2022-07,outside_fixed_domain,-1,True,True
noaa_2022.csv,1698,202207230934,2022,2022-07,outside_fixed_domain,-1,True,False
noaa_2022.csv,1699,202207230954,2022,2022-07,outside_fixed_domain,-1,True,True
noaa_2022.csv,1700,202207231042,2022,2022-07,outside_fixed_domain,-1,True,True
noaa_2022.csv,1701,202207231406,2022,2022-07,outside_fixed_domain,-1,True,True
noaa_2022.csv,1702,202207231437,2022,2022-07,outside_fixed_domain,-1,True,False
noaa_2022.csv,1703,202207231455,2022,2022-07,outside_fixed_domain,-1,True,True
noaa_2022.csv,1704,202207231504,2022,2022-07,outside_fixed_domain,-1,True,True
noaa_2022.csv,1705,202207231747,2022,2022-07,outside_fixed_domain,-1,True,True
noaa_2022.csv,1706,202207231932,2022,2022-07,outside_fixed_domain,-1,True,True
noaa_2022.csv,1707,202207232218,2022,2022-07,outside_fixed_domain,-1,True,False
noaa_2022.csv,1708,202207232235,2022,2022-07,outside_fixed_domain,-1,True,True
noaa_2022.csv,1709,202207240235,2022,2022-07,outside_fixed_domain,-1,True,True
noaa_2022.csv,1710,202207240623,2022,2022-07,outside_fixed_domain,-1,True,False
noaa_2022.csv,1711,202207240654,2022,2022-07,outside_fixed_domain,-1,True,False
noaa_2022.csv,1712,202207240726,2022,2022-07,outside_fixed_domain,-1,True,True
noaa_2022.csv,1713,202207241011,2022,2022-07,outside_fixed_domain,-1,True,True
noaa_2022.csv,1714,202207241459,2022,2022-07,outside_fixed_domain,-1,True,True
noaa_2022.csv,1715,202207241832,2022,2022-07,outside_fixed_domain,-1,True,True
noaa_2022.csv,1716,202207250702,2022,2022-07,outside_fixed_domain,-1,True,True
noaa_2022.csv,1717,202207250822,2022,2022-07,outside_fixed_domain,-1,True,True
noaa_2022.csv,1718,202207251315,2022,2022-07,outside_fixed_domain,-1,True,True
noaa_2022.csv,1719,202207260138,2022,2022-07,outside_fixed_domain,-1,True,True
noaa_2022.csv,1720,202207260248,2022,2022-07,outside_fixed_domain,-1,True,True
noaa_2022.csv,1721,202207260326,2022,2022-07,outside_fixed_domain,-1,True,False
noaa_2022.csv,1722,202207260341,2022,2022-07,outside_fixed_domain,-1,True,True
noaa_2022.csv,1723,202207260551,2022,2022-07,outside_fixed_domain,-1,True,True
noaa_2022.csv,1724,202207260959,2022,2022-07,outside_fixed_domain,-1,True,True
noaa_2022.csv,1725,202207261512,2022,2022-07,outside_fixed_domain,-1,True,True
noaa_2022.csv,1726,202207262207,2022,2022-07,outside_fixed_domain,-1,True,True
noaa_2022.csv,1727,202207262222,2022,2022-07,outside_fixed_domain,-1,True,True
noaa_2022.csv,1728,202207270026,2022,2022-07,outside_fixed_domain,-1,True,True
noaa_2022.csv,1729,202207270217,2022,2022-07,outside_fixed_domain,-1,True,True
noaa_2022.csv,1730,202207270919,2022,2022-07,outside_fixed_domain,-1,True,True
noaa_2022.csv,1731,202207271022,2022,2022-07,outside_fixed_domain,-1,True,True
noaa_2022.csv,1732,202207271048,2022,2022-07,outside_fixed_domain,-1,True,True
noaa_2022.csv,1733,202207271151,2022,2022-07,outside_fixed_domain,-1,True,True
noaa_2022.csv,1734,202207271634,2022,2022-07,outside_fixed_domain,-1,True,True
noaa_2022.csv,1735,202207280602,2022,2022-07,outside_fixed_domain,-1,True,True
noaa_2022.csv,1736,202207290306,2022,2022-07,outside_fixed_domain,-1,True,True
noaa_2022.csv,1737,202207290429,2022,2022-07,outside_fixed_domain,-1,True,True
noaa_2022.csv,1738,202207290606,2022,2022-07,outside_fixed_domain,-1,True,True
noaa_2022.csv,1739,202207290740,2022,2022-07,outside_fixed_domain,-1,True,True
noaa_2022.csv,1740,202207290834,2022,2022-07,outside_fixed_domain,-1,True,True
noaa_2022.csv,1741,202207291025,2022,2022-07,outside_fixed_domain,-1,True,True
noaa_2022.csv,1742,202207291216,2022,2022-07,outside_fixed_domain,-1,True,True
noaa_2022.csv,1743,202207291307,2022,2022-07,outside_fixed_domain,-1,True,True
noaa_2022.csv,1744,202207291352,2022,2022-07,outside_fixed_domain,-1,True,True
noaa_2022.csv,1745,202207291601,2022,2022-07,outside_fixed_domain,-1,True,True
noaa_2022.csv,1746,202207291940,2022,2022-07,outside_fixed_domain,-1,True,True
noaa_2022.csv,1747,202207300029,2022,2022-07,outside_fixed_domain,-1,True,True
noaa_2022.csv,1748,202207300527,2022,2022-07,outside_fixed_domain,-1,True,True
noaa_2022.csv,1749,202207301202,2022,2022-07,outside_fixed_domain,-1,True,True
noaa_2022.csv,1750,202207301345,2022,2022-07,outside_fixed_domain,-1,True,True
noaa_2022.csv,1751,202207301452,2022,2022-07,outside_fixed_domain,-1,True,True
noaa_2022.csv,1752,202207301718,2022,2022-07,outside_fixed_domain,-1,True,True
noaa_2022.csv,1753,202207301814,2022,2022-07,outside_fixed_domain,-1,True,True
noaa_2022.csv,1754,202207302131,2022,2022-07,outside_fixed_domain,-1,True,True
noaa_2022.csv,1755,202207310400,2022,2022-07,outside_fixed_domain,-1,True,True
noaa_2022.csv,1756,202207310414,2022,2022-07,outside_fixed_domain,-1,True,True
noaa_2022.csv,1757,202207311713,2022,2022-07,outside_fixed_domain,-1,True,True
noaa_2022.csv,1758,202207312241,2022,2022-07,outside_fixed_domain,-1,True,True
noaa_2022.csv,1759,202208010708,2022,2022-08,outside_fixed_domain,-1,True,True
noaa_2022.csv,1760,202208011059,2022,2022-08,outside_fixed_domain,-1,True,True
noaa_2022.csv,1761,202208011110,2022,2022-08,outside_fixed_domain,-1,True,True
noaa_2022.csv,1762,202208011433,2022,2022-08,outside_fixed_domain,-1,True,True
noaa_2022.csv,1763,202208011603,2022,2022-08,outside_fixed_domain,-1,True,True
noaa_2022.csv,1764,202208011703,2022,2022-08,outside_fixed_domain,-1,True,True
noaa_2022.csv,1765,202208012044,2022,2022-08,outside_fixed_domain,-1,True,True
noaa_2022.csv,1766,202208012142,2022,2022-08,outside_fixed_domain,-1,True,True
noaa_2022.csv,1767,202208012215,2022,2022-08,outside_fixed_domain,-1,True,True
noaa_2022.csv,1768,202208020636,2022,2022-08,outside_fixed_domain,-1,True,True
noaa_2022.csv,1769,202208020739,2022,2022-08,outside_fixed_domain,-1,True,True
noaa_2022.csv,1770,202208020825,2022,2022-08,outside_fixed_domain,-1,True,True
noaa_2022.csv,1771,202208020954,2022,2022-08,outside_fixed_domain,-1,True,True
noaa_2022.csv,1772,202208021430,2022,2022-08,outside_fixed_domain,-1,True,False
noaa_2022.csv,1773,202208021454,2022,2022-08,outside_fixed_domain,-1,True,True
noaa_2022.csv,1774,202208021515,2022,2022-08,outside_fixed_domain,-1,True,True
noaa_2022.csv,1775,202208021711,2022,2022-08,outside_fixed_domain,-1,True,True
noaa_2022.csv,1776,202208022109,2022,2022-08,outside_fixed_domain,-1,True,False
noaa_2022.csv,1777,202208022123,2022,2022-08,outside_fixed_domain,-1,True,True
noaa_2022.csv,1778,202208030120,2022,2022-08,outside_fixed_domain,-1,True,True
noaa_2022.csv,1779,202208030239,2022,2022-08,outside_fixed_domain,-1,True,True
noaa_2022.csv,1780,202208030434,2022,2022-08,outside_fixed_domain,-1,True,True
noaa_2022.csv,1781,202208030853,2022,2022-08,outside_fixed_domain,-1,True,True
noaa_2022.csv,1782,202208031654,2022,2022-08,outside_fixed_domain,-1,True,True
noaa_2022.csv,1783,202208031750,2022,2022-08,outside_fixed_domain,-1,True,True
noaa_2022.csv,1784,202208040700,2022,2022-08,outside_fixed_domain,-1,True,True
noaa_2022.csv,1785,202208041144,2022,2022-08,outside_fixed_domain,-1,True,True
noaa_2022.csv,1786,202208041444,2022,2022-08,outside_fixed_domain,-1,True,True
noaa_2022.csv,1787,202208050043,2022,2022-08,outside_fixed_domain,-1,True,True
noaa_2022.csv,1788,202208050556,2022,2022-08,outside_fixed_domain,-1,True,True
noaa_2022.csv,1789,202208050627,2022,2022-08,outside_fixed_domain,-1,True,True
noaa_2022.csv,1790,202208050950,2022,2022-08,outside_fixed_domain,-1,True,True
noaa_2022.csv,1791,202208051045,2022,2022-08,outside_fixed_domain,-1,True,True
noaa_2022.csv,1792,202208051415,2022,2022-08,outside_fixed_domain,-1,True,True
noaa_2022.csv,1793,202208051942,2022,2022-08,outside_fixed_domain,-1,True,True
noaa_2022.csv,1794,202208052338,2022,2022-08,outside_fixed_domain,-1,True,True
noaa_2022.csv,1795,202208060056,2022,2022-08,outside_fixed_domain,-1,True,True
noaa_2022.csv,1796,202208060435,2022,2022-08,outside_fixed_domain,-1,True,True
noaa_2022.csv,1797,202208060645,2022,2022-08,outside_fixed_domain,-1,True,True
noaa_2022.csv,1798,202208061342,2022,2022-08,outside_fixed_domain,-1,True,True
noaa_2022.csv,1799,202208062253,2022,2022-08,outside_fixed_domain,-1,True,True
noaa_2022.csv,1800,202208071210,2022,2022-08,outside_fixed_domain,-1,True,True
noaa_2022.csv,1801,202208072122,2022,2022-08,outside_fixed_domain,-1,True,True
noaa_2022.csv,1802,202208072230,2022,2022-08,outside_fixed_domain,-1,True,True
noaa_2022.csv,1803,202208072253,2022,2022-08,outside_fixed_domain,-1,True,True
noaa_2022.csv,1804,202208080359,2022,2022-08,outside_fixed_domain,-1,True,True
noaa_2022.csv,1805,202208080825,2022,2022-08,outside_fixed_domain,-1,True,True
noaa_2022.csv,1806,202208081352,2022,2022-08,outside_fixed_domain,-1,True,True
noaa_2022.csv,1807,202208082153,2022,2022-08,outside_fixed_domain,-1,True,True
noaa_2022.csv,1808,202208091519,2022,2022-08,outside_fixed_domain,-1,True,True
noaa_2022.csv,1809,202208092139,2022,2022-08,outside_fixed_domain,-1,True,True
noaa_2022.csv,1810,202208092314,2022,2022-08,outside_fixed_domain,-1,True,True
noaa_2022.csv,1811,202208100052,2022,2022-08,outside_fixed_domain,-1,True,False
noaa_2022.csv,1812,202208100111,2022,2022-08,outside_fixed_domain,-1,True,True
noaa_2022.csv,1813,202208100527,2022,2022-08,outside_fixed_domain,-1,True,True
noaa_2022.csv,1814,202208110035,2022,2022-08,outside_fixed_domain,-1,True,True
noaa_2022.csv,1815,202208110600,2022,2022-08,outside_fixed_domain,-1,True,False
noaa_2022.csv,1816,202208110629,2022,2022-08,outside_fixed_domain,-1,True,True
noaa_2022.csv,1817,202208110630,2022,2022-08,outside_fixed_domain,-1,True,True
noaa_2022.csv,1818,202208111045,2022,2022-08,outside_fixed_domain,-1,True,True
noaa_2022.csv,1819,202208111609,2022,2022-08,outside_fixed_domain,-1,True,False
noaa_2022.csv,1820,202208111615,2022,2022-08,outside_fixed_domain,-1,True,True
noaa_2022.csv,1821,202208120018,2022,2022-08,outside_fixed_domain,-1,True,True
noaa_2022.csv,1822,202208120452,2022,2022-08,outside_fixed_domain,-1,True,False
noaa_2022.csv,1823,202208120505,2022,2022-08,outside_fixed_domain,-1,True,True
noaa_2022.csv,1824,202208120811,2022,2022-08,outside_fixed_domain,-1,True,True
noaa_2022.csv,1825,202208121006,2022,2022-08,outside_fixed_domain,-1,True,True
noaa_2022.csv,1826,202208121226,2022,2022-08,outside_fixed_domain,-1,True,False
noaa_2022.csv,1827,202208121247,2022,2022-08,outside_fixed_domain,-1,True,True
noaa_2022.csv,1828,202208121621,2022,2022-08,outside_fixed_domain,-1,True,True
noaa_2022.csv,1829,202208121803,2022,2022-08,outside_fixed_domain,-1,True,True
noaa_2022.csv,1830,202208121911,2022,2022-08,outside_fixed_domain,-1,True,True
noaa_2022.csv,1831,202208122311,2022,2022-08,outside_fixed_domain,-1,True,False
noaa_2022.csv,1832,202208122329,2022,2022-08,outside_fixed_domain,-1,True,True
noaa_2022.csv,1833,202208130036,2022,2022-08,outside_fixed_domain,-1,True,True
noaa_2022.csv,1834,202208130058,2022,2022-08,outside_fixed_domain,-1,True,True
noaa_2022.csv,1835,202208130119,2022,2022-08,outside_fixed_domain,-1,True,False
noaa_2022.csv,1836,202208130132,2022,2022-08,outside_fixed_domain,-1,True,True
noaa_2022.csv,1837,202208130234,2022,2022-08,outside_fixed_domain,-1,True,False
noaa_2022.csv,1838,202208130312,2022,2022-08,outside_fixed_domain,-1,True,True
noaa_2022.csv,1839,202208130421,2022,2022-08,outside_fixed_domain,-1,True,True
noaa_2022.csv,1840,202208130448,2022,2022-08,outside_fixed_domain,-1,True,True
noaa_2022.csv,1841,202208130714,2022,2022-08,outside_fixed_domain,-1,True,True
noaa_2022.csv,1842,202208130825,2022,2022-08,outside_fixed_domain,-1,True,True
noaa_2022.csv,1843,202208131008,2022,2022-08,outside_fixed_domain,-1,True,True
noaa_2022.csv,1844,202208131036,2022,2022-08,outside_fixed_domain,-1,True,False
noaa_2022.csv,1845,202208131048,2022,2022-08,outside_fixed_domain,-1,True,True
noaa_2022.csv,1846,202208131230,2022,2022-08,outside_fixed_domain,-1,True,True
noaa_2022.csv,1847,202208131333,2022,2022-08,outside_fixed_domain,-1,True,True
noaa_2022.csv,1848,202208131459,2022,2022-08,outside_fixed_domain,-1,True,True
noaa_2022.csv,1849,202208131512,2022,2022-08,outside_fixed_domain,-1,True,True
noaa_2022.csv,1850,202208131812,2022,2022-08,outside_fixed_domain,-1,True,True
noaa_2022.csv,1851,202208132016,2022,2022-08,outside_fixed_domain,-1,True,True
noaa_2022.csv,1852,202208132137,2022,2022-08,outside_fixed_domain,-1,True,True
noaa_2022.csv,1853,202208132220,2022,2022-08,outside_fixed_domain,-1,True,True
noaa_2022.csv,1854,202208132243,2022,2022-08,outside_fixed_domain,-1,True,False
noaa_2022.csv,1855,202208132259,2022,2022-08,outside_fixed_domain,-1,True,True
noaa_2022.csv,1856,202208140320,2022,2022-08,outside_fixed_domain,-1,True,True
noaa_2022.csv,1857,202208140443,2022,2022-08,outside_fixed_domain,-1,True,True
noaa_2022.csv,1858,202208140617,2022,2022-08,outside_fixed_domain,-1,True,False
noaa_2022.csv,1859,202208140635,2022,2022-08,outside_fixed_domain,-1,True,True
noaa_2022.csv,1860,202208140820,2022,2022-08,outside_fixed_domain,-1,True,True
noaa_2022.csv,1861,202208141125,2022,2022-08,outside_fixed_domain,-1,True,False
noaa_2022.csv,1862,202208141133,2022,2022-08,outside_fixed_domain,-1,True,False
noaa_2022.csv,1863,202208141151,2022,2022-08,outside_fixed_domain,-1,True,True
noaa_2022.csv,1864,202208141355,2022,2022-08,outside_fixed_domain,-1,True,True
noaa_2022.csv,1865,202208141450,2022,2022-08,outside_fixed_domain,-1,True,True
noaa_2022.csv,1866,202208141803,2022,2022-08,outside_fixed_domain,-1,True,True
noaa_2022.csv,1867,202208142138,2022,2022-08,outside_fixed_domain,-1,True,True
noaa_2022.csv,1868,202208150425,2022,2022-08,outside_fixed_domain,-1,True,False
noaa_2022.csv,1869,202208150519,2022,2022-08,outside_fixed_domain,-1,True,True
noaa_2022.csv,1870,202208150805,2022,2022-08,outside_fixed_domain,-1,True,True
noaa_2022.csv,1871,202208150900,2022,2022-08,outside_fixed_domain,-1,True,False
noaa_2022.csv,1872,202208150920,2022,2022-08,outside_fixed_domain,-1,True,True
noaa_2022.csv,1873,202208150936,2022,2022-08,outside_fixed_domain,-1,True,True
noaa_2022.csv,1874,202208151057,2022,2022-08,outside_fixed_domain,-1,True,True
noaa_2022.csv,1875,202208151151,2022,2022-08,outside_fixed_domain,-1,True,False
noaa_2022.csv,1876,202208151203,2022,2022-08,outside_fixed_domain,-1,True,True
noaa_2022.csv,1877,202208151229,2022,2022-08,outside_fixed_domain,-1,True,True
noaa_2022.csv,1878,202208151354,2022,2022-08,outside_fixed_domain,-1,True,True
noaa_2022.csv,1879,202208151427,2022,2022-08,selected_peak,0,True,True
noaa_2022.csv,1880,202208151555,2022,2022-08,outside_fixed_domain,-1,True,True
noaa_2022.csv,1881,202208151640,2022,2022-08,outside_fixed_domain,-1,True,True
noaa_2022.csv,1882,202208151727,2022,2022-08,outside_fixed_domain,-1,True,True
noaa_2022.csv,1883,202208151936,2022,2022-08,outside_fixed_domain,-1,True,True
noaa_2022.csv,1884,202208152020,2022,2022-08,outside_fixed_domain,-1,True,True
noaa_2022.csv,1885,202208152146,2022,2022-08,selected_peak,0,True,True
noaa_2022.csv,1886,202208152242,2022,2022-08,outside_fixed_domain,-1,True,False
noaa_2022.csv,1887,202208152258,2022,2022-08,outside_fixed_domain,-1,True,True
noaa_2022.csv,1888,202208160004,2022,2022-08,outside_fixed_domain,-1,True,True
noaa_2022.csv,1889,202208160100,2022,2022-08,outside_fixed_domain,-1,True,False
noaa_2022.csv,1890,202208160125,2022,2022-08,outside_fixed_domain,-1,True,True
noaa_2022.csv,1891,202208160331,2022,2022-08,outside_fixed_domain,-1,True,True
noaa_2022.csv,1892,202208160451,2022,2022-08,outside_fixed_domain,-1,True,True
noaa_2022.csv,1893,202208160651,2022,2022-08,outside_fixed_domain,-1,True,True
noaa_2022.csv,1894,202208160735,2022,2022-08,outside_fixed_domain,-1,True,True
noaa_2022.csv,1895,202208160752,2022,2022-08,selected_peak,2,True,True
noaa_2022.csv,1896,202208160840,2022,2022-08,outside_fixed_domain,-1,True,True
noaa_2022.csv,1897,202208160928,2022,2022-08,outside_fixed_domain,-1,True,True
noaa_2022.csv,1898,202208161034,2022,2022-08,outside_fixed_domain,-1,True,True
noaa_2022.csv,1899,202208161319,2022,2022-08,outside_fixed_domain,-1,True,True
noaa_2022.csv,1900,202208161356,2022,2022-08,outside_fixed_domain,-1,True,True
noaa_2022.csv,1901,202208162040,2022,2022-08,outside_fixed_domain,-1,True,True
noaa_2022.csv,1902,202208162110,2022,2022-08,selected_peak,1,True,True
noaa_2022.csv,1903,202208162303,2022,2022-08,outside_fixed_domain,-1,True,True
noaa_2022.csv,1904,202208162334,2022,2022-08,outside_fixed_domain,-1,True,True
noaa_2022.csv,1905,202208170133,2022,2022-08,outside_fixed_domain,-1,True,True
noaa_2022.csv,1906,202208170211,2022,2022-08,outside_fixed_domain,-1,True,False
noaa_2022.csv,1907,202208170226,2022,2022-08,outside_fixed_domain,-1,True,True
noaa_2022.csv,1908,202208170447,2022,2022-08,outside_fixed_domain,-1,True,True
noaa_2022.csv,1909,202208170513,2022,2022-08,outside_fixed_domain,-1,True,True
noaa_2022.csv,1910,202208170530,2022,2022-08,outside_fixed_domain,-1,True,True
noaa_2022.csv,1911,202208170643,2022,2022-08,outside_fixed_domain,-1,True,True
noaa_2022.csv,1912,202208170658,2022,2022-08,outside_fixed_domain,-1,True,True
noaa_2022.csv,1913,202208170811,2022,2022-08,outside_fixed_domain,-1,True,True
noaa_2022.csv,1914,202208170928,2022,2022-08,outside_fixed_domain,-1,True,True
noaa_2022.csv,1915,202208171118,2022,2022-08,outside_fixed_domain,-1,True,True
noaa_2022.csv,1916,202208171317,2022,2022-08,outside_fixed_domain,-1,True,False
noaa_2022.csv,1917,202208171326,2022,2022-08,selected_peak,1,True,True
noaa_2022.csv,1918,202208171428,2022,2022-08,selected_peak,0,True,True
noaa_2022.csv,1919,202208171610,2022,2022-08,outside_fixed_domain,-1,True,True
noaa_2022.csv,1920,202208171713,2022,2022-08,outside_fixed_domain,-1,True,False
noaa_2022.csv,1921,202208171725,2022,2022-08,outside_fixed_domain,-1,True,True
noaa_2022.csv,1922,202208171742,2022,2022-08,outside_fixed_domain,-1,True,True
noaa_2022.csv,1923,202208171916,2022,2022-08,outside_fixed_domain,-1,True,True
noaa_2022.csv,1924,202208172036,2022,2022-08,outside_fixed_domain,-1,True,True
noaa_2022.csv,1925,202208172105,2022,2022-08,outside_fixed_domain,-1,True,True
noaa_2022.csv,1926,202208172115,2022,2022-08,outside_fixed_domain,-1,True,True
noaa_2022.csv,1927,202208172201,2022,2022-08,outside_fixed_domain,-1,True,True
noaa_2022.csv,1928,202208172316,2022,2022-08,outside_fixed_domain,-1,True,True
noaa_2022.csv,1929,202208180036,2022,2022-08,outside_fixed_domain,-1,True,True
noaa_2022.csv,1930,202208180250,2022,2022-08,outside_fixed_domain,-1,True,True
noaa_2022.csv,1931,202208180418,2022,2022-08,outside_fixed_domain,-1,True,True
noaa_2022.csv,1932,202208180435,2022,2022-08,outside_fixed_domain,-1,True,True
noaa_2022.csv,1933,202208180504,2022,2022-08,outside_fixed_domain,-1,True,True
noaa_2022.csv,1934,202208180554,2022,2022-08,outside_fixed_domain,-1,True,True
noaa_2022.csv,1935,202208180805,2022,2022-08,outside_fixed_domain,-1,True,True
noaa_2022.csv,1936,202208180835,2022,2022-08,outside_fixed_domain,-1,True,True
noaa_2022.csv,1937,202208180913,2022,2022-08,outside_fixed_domain,-1,True,True
noaa_2022.csv,1938,202208181000,2022,2022-08,selected_peak,0,True,True
noaa_2022.csv,1939,202208181019,2022,2022-08,outside_fixed_domain,-1,True,False
noaa_2022.csv,1940,202208181037,2022,2022-08,selected_peak,0,True,True
noaa_2022.csv,1941,202208181227,2022,2022-08,outside_fixed_domain,-1,True,True
noaa_2022.csv,1942,202208181401,2022,2022-08,selected_peak,0,True,True
noaa_2022.csv,1943,202208181544,2022,2022-08,outside_fixed_domain,-1,True,True
noaa_2022.csv,1944,202208181738,2022,2022-08,outside_fixed_domain,-1,True,False
noaa_2022.csv,1945,202208181746,2022,2022-08,outside_fixed_domain,-1,True,True
noaa_2022.csv,1946,202208181809,2022,2022-08,outside_fixed_domain,-1,True,True
noaa_2022.csv,1947,202208181928,2022,2022-08,outside_fixed_domain,-1,True,True
noaa_2022.csv,1948,202208182001,2022,2022-08,outside_fixed_domain,-1,True,True
noaa_2022.csv,1949,202208182039,2022,2022-08,outside_fixed_domain,-1,True,True
noaa_2022.csv,1950,202208182144,2022,2022-08,outside_fixed_domain,-1,True,True
noaa_2022.csv,1951,202208182208,2022,2022-08,outside_fixed_domain,-1,True,False
noaa_2022.csv,1952,202208182218,2022,2022-08,outside_fixed_domain,-1,True,False
noaa_2022.csv,1953,202208182228,2022,2022-08,outside_fixed_domain,-1,True,True
noaa_2022.csv,1954,202208182343,2022,2022-08,outside_fixed_domain,-1,True,True
noaa_2022.csv,1955,202208190113,2022,2022-08,outside_fixed_domain,-1,True,True
noaa_2022.csv,1956,202208190155,2022,2022-08,outside_fixed_domain,-1,True,True
noaa_2022.csv,1957,202208190314,2022,2022-08,outside_fixed_domain,-1,True,True
noaa_2022.csv,1958,202208190414,2022,2022-08,selected_peak,0,True,True
noaa_2022.csv,1959,202208190605,2022,2022-08,outside_fixed_domain,-1,True,True
noaa_2022.csv,1960,202208190759,2022,2022-08,outside_fixed_domain,-1,True,True
noaa_2022.csv,1961,202208190855,2022,2022-08,outside_fixed_domain,-1,True,True
noaa_2022.csv,1962,202208190922,2022,2022-08,outside_fixed_domain,-1,True,True
noaa_2022.csv,1963,202208191018,2022,2022-08,outside_fixed_domain,-1,True,True
noaa_2022.csv,1964,202208191102,2022,2022-08,outside_fixed_domain,-1,True,True
noaa_2022.csv,1965,202208191145,2022,2022-08,outside_fixed_domain,-1,True,True
noaa_2022.csv,1966,202208191341,2022,2022-08,outside_fixed_domain,-1,True,True
noaa_2022.csv,1967,202208191516,2022,2022-08,outside_fixed_domain,-1,True,True
noaa_2022.csv,1968,202208191601,2022,2022-08,outside_fixed_domain,-1,True,True
noaa_2022.csv,1969,202208191721,2022,2022-08,outside_fixed_domain,-1,True,True
noaa_2022.csv,1970,202208191745,2022,2022-08,outside_fixed_domain,-1,True,True
noaa_2022.csv,1971,202208192008,2022,2022-08,outside_fixed_domain,-1,True,True
noaa_2022.csv,1972,202208192019,2022,2022-08,outside_fixed_domain,-1,True,True
noaa_2022.csv,1973,202208192216,2022,2022-08,outside_fixed_domain,-1,True,True
noaa_2022.csv,1974,202208192230,2022,2022-08,outside_fixed_domain,-1,True,True
noaa_2022.csv,1975,202208192258,2022,2022-08,outside_fixed_domain,-1,True,True
noaa_2022.csv,1976,202208200227,2022,2022-08,outside_fixed_domain,-1,True,True
noaa_2022.csv,1977,202208200329,2022,2022-08,outside_fixed_domain,-1,True,True
noaa_2022.csv,1978,202208200816,2022,2022-08,outside_fixed_domain,-1,True,True
noaa_2022.csv,1979,202208201405,2022,2022-08,outside_fixed_domain,-1,True,True
noaa_2022.csv,1980,202208201752,2022,2022-08,outside_fixed_domain,-1,True,True
noaa_2022.csv,1981,202208202127,2022,2022-08,outside_fixed_domain,-1,True,True
noaa_2022.csv,1982,202208210308,2022,2022-08,outside_fixed_domain,-1,True,False
noaa_2022.csv,1983,202208210332,2022,2022-08,outside_fixed_domain,-1,True,True
noaa_2022.csv,1984,202208210448,2022,2022-08,outside_fixed_domain,-1,True,True
noaa_2022.csv,1985,202208210807,2022,2022-08,outside_fixed_domain,-1,True,True
noaa_2022.csv,1986,202208211733,2022,2022-08,outside_fixed_domain,-1,True,True
noaa_2022.csv,1987,202208211758,2022,2022-08,outside_fixed_domain,-1,True,True
noaa_2022.csv,1988,202208211834,2022,2022-08,outside_fixed_domain,-1,True,True
noaa_2022.csv,1989,202208211959,2022,2022-08,outside_fixed_domain,-1,True,False
noaa_2022.csv,1990,202208212007,2022,2022-08,outside_fixed_domain,-1,True,True
noaa_2022.csv,1991,202208212331,2022,2022-08,outside_fixed_domain,-1,True,True
noaa_2022.csv,1992,202208220014,2022,2022-08,outside_fixed_domain,-1,True,True
noaa_2022.csv,1993,202208220059,2022,2022-08,outside_fixed_domain,-1,True,True
noaa_2022.csv,1994,202208220212,2022,2022-08,outside_fixed_domain,-1,True,True
noaa_2022.csv,1995,202208220314,2022,2022-08,outside_fixed_domain,-1,True,True
noaa_2022.csv,1996,202208220415,2022,2022-08,outside_fixed_domain,-1,True,False
noaa_2022.csv,1997,202208220429,2022,2022-08,outside_fixed_domain,-1,True,False
noaa_2022.csv,1998,202208220459,2022,2022-08,outside_fixed_domain,-1,True,True
noaa_2022.csv,1999,202208220626,2022,2022-08,outside_fixed_domain,-1,True,False
noaa_2022.csv,2000,202208220643,2022,2022-08,outside_fixed_domain,-1,True,True
noaa_2022.csv,2001,202208220655,2022,2022-08,outside_fixed_domain,-1,True,True
noaa_2022.csv,2002,202208220725,2022,2022-08,outside_fixed_domain,-1,True,True
noaa_2022.csv,2003,202208220826,2022,2022-08,outside_fixed_domain,-1,True,True
noaa_2022.csv,2004,202208220840,2022,2022-08,outside_fixed_domain,-1,True,False
noaa_2022.csv,2005,202208220851,2022,2022-08,outside_fixed_domain,-1,True,True
noaa_2022.csv,2006,202208220919,2022,2022-08,outside_fixed_domain,-1,True,True
noaa_2022.csv,2007,202208221045,2022,2022-08,outside_fixed_domain,-1,True,True
noaa_2022.csv,2008,202208221158,2022,2022-08,outside_fixed_domain,-1,True,True
noaa_2022.csv,2009,202208221258,2022,2022-08,outside_fixed_domain,-1,True,False
noaa_2022.csv,2010,202208221318,2022,2022-08,outside_fixed_domain,-1,True,True
noaa_2022.csv,2011,202208221344,2022,2022-08,outside_fixed_domain,-1,True,False
noaa_2022.csv,2012,202208221351,2022,2022-08,outside_fixed_domain,-1,True,True
noaa_2022.csv,2013,202208221401,2022,2022-08,outside_fixed_domain,-1,True,True
noaa_2022.csv,2014,202208221728,2022,2022-08,outside_fixed_domain,-1,True,True
noaa_2022.csv,2015,202208221808,2022,2022-08,outside_fixed_domain,-1,True,False
noaa_2022.csv,2016,202208221840,2022,2022-08,outside_fixed_domain,-1,True,True
noaa_2022.csv,2017,202208221931,2022,2022-08,outside_fixed_domain,-1,True,True
noaa_2022.csv,2018,202208222043,2022,2022-08,outside_fixed_domain,-1,True,True
noaa_2022.csv,2019,202208222134,2022,2022-08,outside_fixed_domain,-1,True,True
noaa_2022.csv,2020,202208222148,2022,2022-08,outside_fixed_domain,-1,True,True
noaa_2022.csv,2021,202208222205,2022,2022-08,outside_fixed_domain,-1,True,True
noaa_2022.csv,2022,202208222331,2022,2022-08,outside_fixed_domain,-1,True,True
noaa_2022.csv,2023,202208222353,2022,2022-08,outside_fixed_domain,-1,True,True
noaa_2022.csv,2024,202208230039,2022,2022-08,outside_fixed_domain,-1,True,True
noaa_2022.csv,2025,202208230116,2022,2022-08,outside_fixed_domain,-1,True,False
noaa_2022.csv,2026,202208230130,2022,2022-08,outside_fixed_domain,-1,True,False
noaa_2022.csv,2027,202208230200,2022,2022-08,outside_fixed_domain,-1,True,True
noaa_2022.csv,2028,202208230516,2022,2022-08,outside_fixed_domain,-1,True,False
noaa_2022.csv,2029,202208230534,2022,2022-08,outside_fixed_domain,-1,True,False
noaa_2022.csv,2030,202208230556,2022,2022-08,outside_fixed_domain,-1,True,True
noaa_2022.csv,2031,202208230833,2022,2022-08,outside_fixed_domain,-1,True,False
noaa_2022.csv,2032,202208230854,2022,2022-08,outside_fixed_domain,-1,True,True
noaa_2022.csv,2033,202208231348,2022,2022-08,outside_fixed_domain,-1,True,True
noaa_2022.csv,2034,202208231532,2022,2022-08,outside_fixed_domain,-1,True,True
noaa_2022.csv,2035,202208231821,2022,2022-08,outside_fixed_domain,-1,True,True
noaa_2022.csv,2036,202208231932,2022,2022-08,outside_fixed_domain,-1,True,True
noaa_2022.csv,2037,202208240716,2022,2022-08,outside_fixed_domain,-1,True,True
noaa_2022.csv,2038,202208241034,2022,2022-08,outside_fixed_domain,-1,True,True
noaa_2022.csv,2039,202208241323,2022,2022-08,outside_fixed_domain,-1,True,True
noaa_2022.csv,2040,202208250021,2022,2022-08,outside_fixed_domain,-1,True,True
noaa_2022.csv,2041,202208250354,2022,2022-08,outside_fixed_domain,-1,True,True
noaa_2022.csv,2042,202208250554,2022,2022-08,outside_fixed_domain,-1,True,False
noaa_2022.csv,2043,202208250617,2022,2022-08,outside_fixed_domain,-1,True,True
noaa_2022.csv,2044,202208250659,2022,2022-08,outside_fixed_domain,-1,True,True
noaa_2022.csv,2045,202208250804,2022,2022-08,outside_fixed_domain,-1,True,True
noaa_2022.csv,2046,202208250922,2022,2022-08,outside_fixed_domain,-1,True,False
noaa_2022.csv,2047,202208250932,2022,2022-08,outside_fixed_domain,-1,True,True
noaa_2022.csv,2048,202208250953,2022,2022-08,outside_fixed_domain,-1,True,True
noaa_2022.csv,2049,202208251108,2022,2022-08,outside_fixed_domain,-1,True,True
noaa_2022.csv,2050,202208251144,2022,2022-08,outside_fixed_domain,-1,True,True
noaa_2022.csv,2051,202208251248,2022,2022-08,outside_fixed_domain,-1,True,True
noaa_2022.csv,2052,202208251344,2022,2022-08,outside_fixed_domain,-1,True,True
noaa_2022.csv,2053,202208251419,2022,2022-08,outside_fixed_domain,-1,True,True
noaa_2022.csv,2054,202208251507,2022,2022-08,outside_fixed_domain,-1,True,True
noaa_2022.csv,2055,202208251540,2022,2022-08,outside_fixed_domain,-1,True,True
noaa_2022.csv,2056,202208251630,2022,2022-08,outside_fixed_domain,-1,True,True
noaa_2022.csv,2057,202208251716,2022,2022-08,outside_fixed_domain,-1,True,True
noaa_2022.csv,2058,202208251734,2022,2022-08,outside_fixed_domain,-1,True,False
noaa_2022.csv,2059,202208251749,2022,2022-08,outside_fixed_domain,-1,True,True
noaa_2022.csv,2060,202208251845,2022,2022-08,outside_fixed_domain,-1,True,False
noaa_2022.csv,2061,202208251903,2022,2022-08,outside_fixed_domain,-1,True,True
noaa_2022.csv,2062,202208251939,2022,2022-08,selected_peak,1,True,True
noaa_2022.csv,2063,202208252154,2022,2022-08,outside_fixed_domain,-1,True,True
noaa_2022.csv,2064,202208252309,2022,2022-08,outside_fixed_domain,-1,True,False
noaa_2022.csv,2065,202208252321,2022,2022-08,selected_peak,0,True,True
noaa_2022.csv,2066,202208260119,2022,2022-08,outside_fixed_domain,-1,True,True
noaa_2022.csv,2067,202208260213,2022,2022-08,outside_fixed_domain,-1,True,False
noaa_2022.csv,2068,202208260242,2022,2022-08,outside_fixed_domain,-1,True,False
noaa_2022.csv,2069,202208260305,2022,2022-08,outside_fixed_domain,-1,True,True
noaa_2022.csv,2070,202208260400,2022,2022-08,outside_fixed_domain,-1,True,True
noaa_2022.csv,2071,202208260511,2022,2022-08,outside_fixed_domain,-1,True,True
noaa_2022.csv,2072,202208260607,2022,2022-08,outside_fixed_domain,-1,True,True
noaa_2022.csv,2073,202208260748,2022,2022-08,outside_fixed_domain,-1,True,True
noaa_2022.csv,2074,202208260834,2022,2022-08,outside_fixed_domain,-1,True,False
noaa_2022.csv,2075,202208260847,2022,2022-08,outside_fixed_domain,-1,True,True
noaa_2022.csv,2076,202208261033,2022,2022-08,outside_fixed_domain,-1,True,False
noaa_2022.csv,2077,202208261041,2022,2022-08,selected_peak,1,True,True
noaa_2022.csv,2078,202208261208,2022,2022-08,selected_peak,3,True,True
noaa_2022.csv,2079,202208261224,2022,2022-08,selected_peak,2,True,True
noaa_2022.csv,2080,202208261809,2022,2022-08,outside_fixed_domain,-1,True,True
noaa_2022.csv,2081,202208262232,2022,2022-08,outside_fixed_domain,-1,True,True
noaa_2022.csv,2082,202208270041,2022,2022-08,outside_fixed_domain,-1,True,False
noaa_2022.csv,2083,202208270057,2022,2022-08,outside_fixed_domain,-1,True,True
noaa_2022.csv,2084,202208270152,2022,2022-08,selected_peak,2,True,True
noaa_2022.csv,2085,202208270605,2022,2022-08,outside_fixed_domain,-1,True,True
noaa_2022.csv,2086,202208270653,2022,2022-08,outside_fixed_domain,-1,True,True
noaa_2022.csv,2087,202208270747,2022,2022-08,outside_fixed_domain,-1,True,True
noaa_2022.csv,2088,202208270911,2022,2022-08,outside_fixed_domain,-1,True,True
noaa_2022.csv,2089,202208271129,2022,2022-08,selected_peak,0,True,True
noaa_2022.csv,2090,202208271200,2022,2022-08,outside_fixed_domain,-1,True,True
noaa_2022.csv,2091,202208271241,2022,2022-08,outside_fixed_domain,-1,True,True
noaa_2022.csv,2092,202208271306,2022,2022-08,outside_fixed_domain,-1,True,True
noaa_2022.csv,2093,202208271454,2022,2022-08,outside_fixed_domain,-1,True,True
noaa_2022.csv,2094,202208271513,2022,2022-08,selected_peak,0,True,True
noaa_2022.csv,2095,202208271545,2022,2022-08,selected_peak,1,True,True
noaa_2022.csv,2096,202208272038,2022,2022-08,outside_fixed_domain,-1,True,True
noaa_2022.csv,2097,202208272111,2022,2022-08,outside_fixed_domain,-1,True,True
noaa_2022.csv,2098,202208272136,2022,2022-08,outside_fixed_domain,-1,True,True
noaa_2022.csv,2099,202208280047,2022,2022-08,selected_peak,0,True,False
noaa_2022.csv,2100,202208280126,2022,2022-08,selected_peak,0,True,True
noaa_2022.csv,2101,202208280232,2022,2022-08,outside_fixed_domain,-1,True,True
noaa_2022.csv,2102,202208280331,2022,2022-08,outside_fixed_domain,-1,True,True
noaa_2022.csv,2103,202208280544,2022,2022-08,outside_fixed_domain,-1,True,True
noaa_2022.csv,2104,202208280650,2022,2022-08,outside_fixed_domain,-1,True,True
noaa_2022.csv,2105,202208280659,2022,2022-08,outside_fixed_domain,-1,True,True
noaa_2022.csv,2106,202208280724,2022,2022-08,outside_fixed_domain,-1,True,True
noaa_2022.csv,2107,202208281117,2022,2022-08,outside_fixed_domain,-1,True,True
noaa_2022.csv,2108,202208281322,2022,2022-08,outside_fixed_domain,-1,True,True
noaa_2022.csv,2109,202208281548,2022,2022-08,selected_peak,3,True,True
noaa_2022.csv,2110,202208281820,2022,2022-08,selected_peak,2,True,True
noaa_2022.csv,2111,202208282333,2022,2022-08,outside_fixed_domain,-1,True,True
noaa_2022.csv,2112,202208290244,2022,2022-08,outside_fixed_domain,-1,True,True
noaa_2022.csv,2113,202208290324,2022,2022-08,selected_peak,2,True,True
noaa_2022.csv,2114,202208290535,2022,2022-08,outside_fixed_domain,-1,True,True
noaa_2022.csv,2115,202208290855,2022,2022-08,outside_fixed_domain,-1,True,True
noaa_2022.csv,2116,202208291048,2022,2022-08,selected_peak,3,True,True
noaa_2022.csv,2117,202208291425,2022,2022-08,outside_fixed_domain,-1,True,False
noaa_2022.csv,2118,202208291446,2022,2022-08,selected_peak,1,True,True
noaa_2022.csv,2119,202208291611,2022,2022-08,selected_peak,2,True,True
noaa_2022.csv,2120,202208291845,2022,2022-08,selected_peak,2,True,True
noaa_2022.csv,2121,202208292143,2022,2022-08,outside_fixed_domain,-1,True,True
noaa_2022.csv,2122,202208300125,2022,2022-08,selected_peak,0,True,False
noaa_2022.csv,2123,202208300158,2022,2022-08,selected_peak,0,True,True
noaa_2022.csv,2124,202208300444,2022,2022-08,outside_fixed_domain,-1,True,True
noaa_2022.csv,2125,202208300818,2022,2022-08,outside_fixed_domain,-1,True,True
noaa_2022.csv,2126,202208301043,2022,2022-08,outside_fixed_domain,-1,True,False
noaa_2022.csv,2127,202208301101,2022,2022-08,outside_fixed_domain,-1,True,True
noaa_2022.csv,2128,202208301410,2022,2022-08,outside_fixed_domain,-1,True,True
noaa_2022.csv,2129,202208301634,2022,2022-08,outside_fixed_domain,-1,True,False
noaa_2022.csv,2130,202208301648,2022,2022-08,outside_fixed_domain,-1,True,False
noaa_2022.csv,2131,202208301735,2022,2022-08,outside_fixed_domain,-1,True,True
noaa_2022.csv,2132,202208310733,2022,2022-08,outside_fixed_domain,-1,True,True
noaa_2022.csv,2133,202208311450,2022,2022-08,outside_fixed_domain,-1,True,True
noaa_2022.csv,2134,202208311833,2022,2022-08,outside_fixed_domain,-1,True,True
noaa_2022.csv,2135,202208311936,2022,2022-08,outside_fixed_domain,-1,True,True
noaa_2022.csv,2136,202208312357,2022,2022-09,outside_fixed_domain,-1,True,True
noaa_2022.csv,2137,202209010114,2022,2022-09,outside_fixed_domain,-1,True,True
noaa_2022.csv,2138,202209010946,2022,2022-09,outside_fixed_domain,-1,True,True
noaa_2022.csv,2139,202209011206,2022,2022-09,outside_fixed_domain,-1,True,False
noaa_2022.csv,2140,202209011215,2022,2022-09,outside_fixed_domain,-1,True,True
noaa_2022.csv,2141,202209011346,2022,2022-09,outside_fixed_domain,-1,True,True
noaa_2022.csv,2142,202209011904,2022,2022-09,outside_fixed_domain,-1,True,True
noaa_2022.csv,2143,202209012203,2022,2022-09,outside_fixed_domain,-1,True,True
noaa_2022.csv,2144,202209020217,2022,2022-09,outside_fixed_domain,-1,True,True
noaa_2022.csv,2145,202209020245,2022,2022-09,outside_fixed_domain,-1,True,True
noaa_2022.csv,2146,202209020301,2022,2022-09,outside_fixed_domain,-1,True,False
noaa_2022.csv,2147,202209020309,2022,2022-09,outside_fixed_domain,-1,True,True
noaa_2022.csv,2148,202209020414,2022,2022-09,outside_fixed_domain,-1,True,True
noaa_2022.csv,2149,202209021000,2022,2022-09,outside_fixed_domain,-1,True,True
noaa_2022.csv,2150,202209021319,2022,2022-09,outside_fixed_domain,-1,True,True
noaa_2022.csv,2151,202209021359,2022,2022-09,outside_fixed_domain,-1,True,True
noaa_2022.csv,2152,202209021456,2022,2022-09,outside_fixed_domain,-1,True,False
noaa_2022.csv,2153,202209021551,2022,2022-09,outside_fixed_domain,-1,True,True
noaa_2022.csv,2154,202209021606,2022,2022-09,outside_fixed_domain,-1,True,False
noaa_2022.csv,2155,202209021615,2022,2022-09,outside_fixed_domain,-1,True,True
noaa_2022.csv,2156,202209021643,2022,2022-09,outside_fixed_domain,-1,True,True
noaa_2022.csv,2157,202209021704,2022,2022-09,outside_fixed_domain,-1,True,True
noaa_2022.csv,2158,202209021945,2022,2022-09,outside_fixed_domain,-1,True,False
noaa_2022.csv,2159,202209021957,2022,2022-09,outside_fixed_domain,-1,True,True
noaa_2022.csv,2160,202209022316,2022,2022-09,outside_fixed_domain,-1,True,True
noaa_2022.csv,2161,202209030205,2022,2022-09,outside_fixed_domain,-1,True,True
noaa_2022.csv,2162,202209030301,2022,2022-09,outside_fixed_domain,-1,True,True
noaa_2022.csv,2163,202209030643,2022,2022-09,outside_fixed_domain,-1,True,False
noaa_2022.csv,2164,202209030656,2022,2022-09,outside_fixed_domain,-1,True,True
noaa_2022.csv,2165,202209030733,2022,2022-09,outside_fixed_domain,-1,True,True
noaa_2022.csv,2166,202209031107,2022,2022-09,outside_fixed_domain,-1,True,True
noaa_2022.csv,2167,202209031127,2022,2022-09,outside_fixed_domain,-1,True,True
noaa_2022.csv,2168,202209031154,2022,2022-09,outside_fixed_domain,-1,True,True
noaa_2022.csv,2169,202209031220,2022,2022-09,outside_fixed_domain,-1,True,True
noaa_2022.csv,2170,202209031336,2022,2022-09,outside_fixed_domain,-1,True,True
noaa_2022.csv,2171,202209031515,2022,2022-09,outside_fixed_domain,-1,True,True
noaa_2022.csv,2172,202209031629,2022,2022-09,outside_fixed_domain,-1,True,True
noaa_2022.csv,2173,202209031640,2022,2022-09,outside_fixed_domain,-1,True,True
noaa_2022.csv,2174,202209031956,2022,2022-09,outside_fixed_domain,-1,True,False
noaa_2022.csv,2175,202209032012,2022,2022-09,outside_fixed_domain,-1,True,True
noaa_2022.csv,2176,202209032105,2022,2022-09,outside_fixed_domain,-1,True,False
noaa_2022.csv,2177,202209032132,2022,2022-09,outside_fixed_domain,-1,True,True
noaa_2022.csv,2178,202209032304,2022,2022-09,outside_fixed_domain,-1,True,False
noaa_2022.csv,2179,202209032315,2022,2022-09,outside_fixed_domain,-1,True,True
noaa_2022.csv,2180,202209032353,2022,2022-09,outside_fixed_domain,-1,True,True
noaa_2022.csv,2181,202209040251,2022,2022-09,outside_fixed_domain,-1,True,True
noaa_2022.csv,2182,202209040516,2022,2022-09,outside_fixed_domain,-1,True,True
noaa_2022.csv,2183,202209040709,2022,2022-09,outside_fixed_domain,-1,True,True
noaa_2022.csv,2184,202209040735,2022,2022-09,outside_fixed_domain,-1,True,True
noaa_2022.csv,2185,202209041014,2022,2022-09,outside_fixed_domain,-1,True,True
noaa_2022.csv,2186,202209041052,2022,2022-09,outside_fixed_domain,-1,True,True
noaa_2022.csv,2187,202209041122,2022,2022-09,outside_fixed_domain,-1,True,False
noaa_2022.csv,2188,202209041141,2022,2022-09,outside_fixed_domain,-1,True,True
noaa_2022.csv,2189,202209041211,2022,2022-09,outside_fixed_domain,-1,True,True
noaa_2022.csv,2190,202209041347,2022,2022-09,outside_fixed_domain,-1,True,True
noaa_2022.csv,2191,202209041403,2022,2022-09,outside_fixed_domain,-1,True,True
noaa_2022.csv,2192,202209041619,2022,2022-09,outside_fixed_domain,-1,True,True
noaa_2022.csv,2193,202209041630,2022,2022-09,outside_fixed_domain,-1,True,True
noaa_2022.csv,2194,202209041800,2022,2022-09,outside_fixed_domain,-1,True,True
noaa_2022.csv,2195,202209041821,2022,2022-09,outside_fixed_domain,-1,True,True
noaa_2022.csv,2196,202209042044,2022,2022-09,outside_fixed_domain,-1,True,True
noaa_2022.csv,2197,202209042140,2022,2022-09,outside_fixed_domain,-1,True,True
noaa_2022.csv,2198,202209050153,2022,2022-09,outside_fixed_domain,-1,True,True
noaa_2022.csv,2199,202209050249,2022,2022-09,outside_fixed_domain,-1,True,True
noaa_2022.csv,2200,202209050314,2022,2022-09,outside_fixed_domain,-1,True,True
noaa_2022.csv,2201,202209050430,2022,2022-09,outside_fixed_domain,-1,True,True
noaa_2022.csv,2202,202209050755,2022,2022-09,outside_fixed_domain,-1,True,False
noaa_2022.csv,2203,202209050816,2022,2022-09,outside_fixed_domain,-1,True,True
noaa_2022.csv,2204,202209050847,2022,2022-09,outside_fixed_domain,-1,True,True
noaa_2022.csv,2205,202209051016,2022,2022-09,outside_fixed_domain,-1,True,True
noaa_2022.csv,2206,202209051030,2022,2022-09,outside_fixed_domain,-1,True,True
noaa_2022.csv,2207,202209051057,2022,2022-09,outside_fixed_domain,-1,True,False
noaa_2022.csv,2208,202209051110,2022,2022-09,outside_fixed_domain,-1,True,True
noaa_2022.csv,2209,202209051712,2022,2022-09,outside_fixed_domain,-1,True,False
noaa_2022.csv,2210,202209051733,2022,2022-09,outside_fixed_domain,-1,True,True
noaa_2022.csv,2211,202209051758,2022,2022-09,selected_peak,0,True,True
noaa_2022.csv,2212,202209051953,2022,2022-09,outside_fixed_domain,-1,True,False
noaa_2022.csv,2213,202209052015,2022,2022-09,outside_fixed_domain,-1,True,True
noaa_2022.csv,2214,202209052302,2022,2022-09,outside_fixed_domain,-1,True,True
noaa_2022.csv,2215,202209060058,2022,2022-09,outside_fixed_domain,-1,True,True
noaa_2022.csv,2216,202209060134,2022,2022-09,outside_fixed_domain,-1,True,True
noaa_2022.csv,2217,202209060321,2022,2022-09,outside_fixed_domain,-1,True,True
noaa_2022.csv,2218,202209061119,2022,2022-09,outside_fixed_domain,-1,True,True
noaa_2022.csv,2219,202209061523,2022,2022-09,outside_fixed_domain,-1,True,True
noaa_2022.csv,2220,202209061647,2022,2022-09,outside_fixed_domain,-1,True,True
noaa_2022.csv,2221,202209061821,2022,2022-09,outside_fixed_domain,-1,True,True
noaa_2022.csv,2222,202209062120,2022,2022-09,outside_fixed_domain,-1,True,True
noaa_2022.csv,2223,202209070132,2022,2022-09,outside_fixed_domain,-1,True,True
noaa_2022.csv,2224,202209071708,2022,2022-09,outside_fixed_domain,-1,True,True
noaa_2022.csv,2225,202209071759,2022,2022-09,outside_fixed_domain,-1,True,True
noaa_2022.csv,2226,202209072343,2022,2022-09,outside_fixed_domain,-1,True,True
noaa_2022.csv,2227,202209080938,2022,2022-09,outside_fixed_domain,-1,True,True
noaa_2022.csv,2228,202209081310,2022,2022-09,outside_fixed_domain,-1,True,True
noaa_2022.csv,2229,202209081547,2022,2022-09,outside_fixed_domain,-1,True,True
noaa_2022.csv,2230,202209081651,2022,2022-09,outside_fixed_domain,-1,True,False
noaa_2022.csv,2231,202209081657,2022,2022-09,outside_fixed_domain,-1,True,True
noaa_2022.csv,2232,202209081745,2022,2022-09,outside_fixed_domain,-1,True,True
noaa_2022.csv,2233,202209090112,2022,2022-09,outside_fixed_domain,-1,True,False
noaa_2022.csv,2234,202209090132,2022,2022-09,outside_fixed_domain,-1,True,True
noaa_2022.csv,2235,202209090201,2022,2022-09,outside_fixed_domain,-1,True,True
noaa_2022.csv,2236,202209090740,2022,2022-09,outside_fixed_domain,-1,True,False
noaa_2022.csv,2237,202209090803,2022,2022-09,outside_fixed_domain,-1,True,True
noaa_2022.csv,2238,202209090922,2022,2022-09,outside_fixed_domain,-1,True,False
noaa_2022.csv,2239,202209090948,2022,2022-09,outside_fixed_domain,-1,True,True
noaa_2022.csv,2240,202209091046,2022,2022-09,outside_fixed_domain,-1,True,True
noaa_2022.csv,2241,202209091222,2022,2022-09,outside_fixed_domain,-1,True,True
noaa_2022.csv,2242,202209091530,2022,2022-09,outside_fixed_domain,-1,True,True
noaa_2022.csv,2243,202209092102,2022,2022-09,outside_fixed_domain,-1,True,True
noaa_2022.csv,2244,202209100159,2022,2022-09,outside_fixed_domain,-1,True,True
noaa_2022.csv,2245,202209100400,2022,2022-09,outside_fixed_domain,-1,True,True
noaa_2022.csv,2246,202209100650,2022,2022-09,outside_fixed_domain,-1,True,False
noaa_2022.csv,2247,202209100715,2022,2022-09,outside_fixed_domain,-1,True,True
noaa_2022.csv,2248,202209100739,2022,2022-09,outside_fixed_domain,-1,True,True
noaa_2022.csv,2249,202209100835,2022,2022-09,outside_fixed_domain,-1,True,True
noaa_2022.csv,2250,202209100853,2022,2022-09,outside_fixed_domain,-1,True,True
noaa_2022.csv,2251,202209101104,2022,2022-09,outside_fixed_domain,-1,True,True
noaa_2022.csv,2252,202209101303,2022,2022-09,outside_fixed_domain,-1,True,True
noaa_2022.csv,2253,202209101913,2022,2022-09,outside_fixed_domain,-1,True,False
noaa_2022.csv,2254,202209101931,2022,2022-09,outside_fixed_domain,-1,True,True
noaa_2022.csv,2255,202209102150,2022,2022-09,outside_fixed_domain,-1,True,True
noaa_2022.csv,2256,202209102349,2022,2022-09,outside_fixed_domain,-1,True,True
noaa_2022.csv,2257,202209110230,2022,2022-09,outside_fixed_domain,-1,True,True
noaa_2022.csv,2258,202209110516,2022,2022-09,outside_fixed_domain,-1,True,True
noaa_2022.csv,2259,202209111027,2022,2022-09,outside_fixed_domain,-1,True,True
noaa_2022.csv,2260,202209111226,2022,2022-09,outside_fixed_domain,-1,True,True
noaa_2022.csv,2261,202209111344,2022,2022-09,outside_fixed_domain,-1,True,True
noaa_2022.csv,2262,202209111431,2022,2022-09,outside_fixed_domain,-1,True,True
noaa_2022.csv,2263,202209111639,2022,2022-09,outside_fixed_domain,-1,True,True
noaa_2022.csv,2264,202209111804,2022,2022-09,outside_fixed_domain,-1,True,True
noaa_2022.csv,2265,202209111822,2022,2022-09,outside_fixed_domain,-1,True,True
noaa_2022.csv,2266,202209112208,2022,2022-09,outside_fixed_domain,-1,True,True
noaa_2022.csv,2267,202209120022,2022,2022-09,outside_fixed_domain,-1,True,True
noaa_2022.csv,2268,202209120312,2022,2022-09,outside_fixed_domain,-1,True,True
noaa_2022.csv,2269,202209120412,2022,2022-09,outside_fixed_domain,-1,True,True
noaa_2022.csv,2270,202209120600,2022,2022-09,outside_fixed_domain,-1,True,True
noaa_2022.csv,2271,202209120621,2022,2022-09,outside_fixed_domain,-1,True,True
noaa_2022.csv,2272,202209120828,2022,2022-09,outside_fixed_domain,-1,True,True
noaa_2022.csv,2273,202209120916,2022,2022-09,outside_fixed_domain,-1,True,True
noaa_2022.csv,2274,202209121117,2022,2022-09,outside_fixed_domain,-1,True,True
noaa_2022.csv,2275,202209121211,2022,2022-09,outside_fixed_domain,-1,True,True
noaa_2022.csv,2276,202209121255,2022,2022-09,outside_fixed_domain,-1,True,True
noaa_2022.csv,2277,202209121609,2022,2022-09,outside_fixed_domain,-1,True,True
noaa_2022.csv,2278,202209121854,2022,2022-09,outside_fixed_domain,-1,True,True
noaa_2022.csv,2279,202209121952,2022,2022-09,outside_fixed_domain,-1,True,True
noaa_2022.csv,2280,202209122041,2022,2022-09,outside_fixed_domain,-1,True,True
noaa_2022.csv,2281,202209122337,2022,2022-09,selected_peak,1,True,True
noaa_2022.csv,2282,202209130126,2022,2022-09,outside_fixed_domain,-1,True,True
noaa_2022.csv,2283,202209130258,2022,2022-09,outside_fixed_domain,-1,True,True
noaa_2022.csv,2284,202209130346,2022,2022-09,outside_fixed_domain,-1,True,True
noaa_2022.csv,2285,202209130553,2022,2022-09,outside_fixed_domain,-1,True,True
noaa_2022.csv,2286,202209130851,2022,2022-09,outside_fixed_domain,-1,True,True
noaa_2022.csv,2287,202209131127,2022,2022-09,outside_fixed_domain,-1,True,True
noaa_2022.csv,2288,202209131156,2022,2022-09,outside_fixed_domain,-1,True,True
noaa_2022.csv,2289,202209131231,2022,2022-09,outside_fixed_domain,-1,True,True
noaa_2022.csv,2290,202209131327,2022,2022-09,outside_fixed_domain,-1,True,False
noaa_2022.csv,2291,202209131339,2022,2022-09,outside_fixed_domain,-1,True,False
noaa_2022.csv,2292,202209131405,2022,2022-09,outside_fixed_domain,-1,True,True
noaa_2022.csv,2293,202209131449,2022,2022-09,outside_fixed_domain,-1,True,False
noaa_2022.csv,2294,202209131507,2022,2022-09,outside_fixed_domain,-1,True,True
noaa_2022.csv,2295,202209131725,2022,2022-09,outside_fixed_domain,-1,True,True
noaa_2022.csv,2296,202209131750,2022,2022-09,outside_fixed_domain,-1,True,True
noaa_2022.csv,2297,202209132017,2022,2022-09,outside_fixed_domain,-1,True,False
noaa_2022.csv,2298,202209132037,2022,2022-09,outside_fixed_domain,-1,True,True
noaa_2022.csv,2299,202209132157,2022,2022-09,outside_fixed_domain,-1,True,False
noaa_2022.csv,2300,202209132204,2022,2022-09,outside_fixed_domain,-1,True,True
noaa_2022.csv,2301,202209132230,2022,2022-09,outside_fixed_domain,-1,True,False
noaa_2022.csv,2302,202209132241,2022,2022-09,outside_fixed_domain,-1,True,True
noaa_2022.csv,2303,202209140055,2022,2022-09,outside_fixed_domain,-1,True,True
noaa_2022.csv,2304,202209140252,2022,2022-09,outside_fixed_domain,-1,True,True
noaa_2022.csv,2305,202209140330,2022,2022-09,outside_fixed_domain,-1,True,False
noaa_2022.csv,2306,202209140337,2022,2022-09,outside_fixed_domain,-1,True,True
noaa_2022.csv,2307,202209140349,2022,2022-09,outside_fixed_domain,-1,True,True
noaa_2022.csv,2308,202209140422,2022,2022-09,outside_fixed_domain,-1,True,True
noaa_2022.csv,2309,202209140515,2022,2022-09,outside_fixed_domain,-1,True,True
noaa_2022.csv,2310,202209140551,2022,2022-09,outside_fixed_domain,-1,True,True
noaa_2022.csv,2311,202209140941,2022,2022-09,selected_peak,0,True,True
noaa_2022.csv,2312,202209141113,2022,2022-09,outside_fixed_domain,-1,True,True
noaa_2022.csv,2313,202209141206,2022,2022-09,outside_fixed_domain,-1,True,True
noaa_2022.csv,2314,202209141420,2022,2022-09,outside_fixed_domain,-1,True,True
noaa_2022.csv,2315,202209141448,2022,2022-09,outside_fixed_domain,-1,True,True
noaa_2022.csv,2316,202209141932,2022,2022-09,outside_fixed_domain,-1,True,True
noaa_2022.csv,2317,202209150155,2022,2022-09,outside_fixed_domain,-1,True,True
noaa_2022.csv,2318,202209150228,2022,2022-09,outside_fixed_domain,-1,True,True
noaa_2022.csv,2319,202209150303,2022,2022-09,outside_fixed_domain,-1,True,True
noaa_2022.csv,2320,202209150554,2022,2022-09,outside_fixed_domain,-1,True,True
noaa_2022.csv,2321,202209151127,2022,2022-09,outside_fixed_domain,-1,True,True
noaa_2022.csv,2322,202209151651,2022,2022-09,outside_fixed_domain,-1,True,True
noaa_2022.csv,2323,202209151912,2022,2022-09,outside_fixed_domain,-1,True,True
noaa_2022.csv,2324,202209160017,2022,2022-09,outside_fixed_domain,-1,True,True
noaa_2022.csv,2325,202209160100,2022,2022-09,outside_fixed_domain,-1,True,True
noaa_2022.csv,2326,202209160254,2022,2022-09,outside_fixed_domain,-1,True,True
noaa_2022.csv,2327,202209160308,2022,2022-09,outside_fixed_domain,-1,True,True
noaa_2022.csv,2328,202209160420,2022,2022-09,outside_fixed_domain,-1,True,True
noaa_2022.csv,2329,202209160611,2022,2022-09,outside_fixed_domain,-1,True,True
noaa_2022.csv,2330,202209160725,2022,2022-09,outside_fixed_domain,-1,True,False
noaa_2022.csv,2331,202209160735,2022,2022-09,outside_fixed_domain,-1,True,True
noaa_2022.csv,2332,202209160944,2022,2022-09,selected_peak,3,True,True
noaa_2022.csv,2333,202209161520,2022,2022-09,outside_fixed_domain,-1,True,True
noaa_2022.csv,2334,202209161549,2022,2022-09,selected_peak,3,True,True
noaa_2022.csv,2335,202209161902,2022,2022-09,outside_fixed_domain,-1,True,True
noaa_2022.csv,2336,202209162106,2022,2022-09,outside_fixed_domain,-1,True,True
noaa_2022.csv,2337,202209162259,2022,2022-09,outside_fixed_domain,-1,True,True
noaa_2022.csv,2338,202209162337,2022,2022-09,outside_fixed_domain,-1,True,False
noaa_2022.csv,2339,202209162350,2022,2022-09,outside_fixed_domain,-1,True,True
noaa_2022.csv,2340,202209170133,2022,2022-09,outside_fixed_domain,-1,True,True
noaa_2022.csv,2341,202209170431,2022,2022-09,outside_fixed_domain,-1,True,True
noaa_2022.csv,2342,202209170512,2022,2022-09,outside_fixed_domain,-1,True,True
noaa_2022.csv,2343,202209170815,2022,2022-09,outside_fixed_domain,-1,True,True
noaa_2022.csv,2344,202209170831,2022,2022-09,outside_fixed_domain,-1,True,True
noaa_2022.csv,2345,202209171242,2022,2022-09,selected_peak,0,True,False
noaa_2022.csv,2346,202209171321,2022,2022-09,selected_peak,1,True,True
noaa_2022.csv,2347,202209172013,2022,2022-09,outside_fixed_domain,-1,True,True
noaa_2022.csv,2348,202209172032,2022,2022-09,selected_peak,1,True,True
noaa_2022.csv,2349,202209172312,2022,2022-09,outside_fixed_domain,-1,True,True
noaa_2022.csv,2350,202209180414,2022,2022-09,outside_fixed_domain,-1,True,True
noaa_2022.csv,2351,202209181045,2022,2022-09,outside_fixed_domain,-1,True,True
noaa_2022.csv,2352,202209181124,2022,2022-09,outside_fixed_domain,-1,True,True
noaa_2022.csv,2353,202209181259,2022,2022-09,outside_fixed_domain,-1,True,True
noaa_2022.csv,2354,202209181502,2022,2022-09,outside_fixed_domain,-1,True,False
noaa_2022.csv,2355,202209181518,2022,2022-09,outside_fixed_domain,-1,True,False
noaa_2022.csv,2356,202209181608,2022,2022-09,outside_fixed_domain,-1,True,True
noaa_2022.csv,2357,202209182035,2022,2022-09,outside_fixed_domain,-1,True,True
noaa_2022.csv,2358,202209182324,2022,2022-09,outside_fixed_domain,-1,True,True
noaa_2022.csv,2359,202209190043,2022,2022-09,outside_fixed_domain,-1,True,True
noaa_2022.csv,2360,202209190225,2022,2022-09,outside_fixed_domain,-1,True,True
noaa_2022.csv,2361,202209190535,2022,2022-09,outside_fixed_domain,-1,True,True
noaa_2022.csv,2362,202209190605,2022,2022-09,outside_fixed_domain,-1,True,True
noaa_2022.csv,2363,202209191029,2022,2022-09,outside_fixed_domain,-1,True,True
noaa_2022.csv,2364,202209191143,2022,2022-09,outside_fixed_domain,-1,True,True
noaa_2022.csv,2365,202209191346,2022,2022-09,outside_fixed_domain,-1,True,True
noaa_2022.csv,2366,202209191902,2022,2022-09,outside_fixed_domain,-1,True,False
noaa_2022.csv,2367,202209191930,2022,2022-09,outside_fixed_domain,-1,True,True
noaa_2022.csv,2368,202209200535,2022,2022-09,outside_fixed_domain,-1,True,True
noaa_2022.csv,2369,202209200918,2022,2022-09,outside_fixed_domain,-1,True,True
noaa_2022.csv,2370,202209201113,2022,2022-09,selected_peak,0,True,True
noaa_2022.csv,2371,202209201451,2022,2022-09,outside_fixed_domain,-1,True,True
noaa_2022.csv,2372,202209201624,2022,2022-09,outside_fixed_domain,-1,True,True
noaa_2022.csv,2373,202209201833,2022,2022-09,outside_fixed_domain,-1,True,True
noaa_2022.csv,2374,202209202059,2022,2022-09,outside_fixed_domain,-1,True,True
noaa_2022.csv,2375,202209210512,2022,2022-09,outside_fixed_domain,-1,True,True
noaa_2022.csv,2376,202209210651,2022,2022-09,selected_peak,0,True,True
noaa_2022.csv,2377,202209211241,2022,2022-09,outside_fixed_domain,-1,True,True
noaa_2022.csv,2378,202209211814,2022,2022-09,outside_fixed_domain,-1,True,True
noaa_2022.csv,2379,202209212308,2022,2022-09,outside_fixed_domain,-1,True,True
noaa_2022.csv,2380,202209220123,2022,2022-09,outside_fixed_domain,-1,True,True
noaa_2022.csv,2381,202209220352,2022,2022-09,outside_fixed_domain,-1,True,True
noaa_2022.csv,2382,202209220426,2022,2022-09,outside_fixed_domain,-1,True,True
noaa_2022.csv,2383,202209220840,2022,2022-09,outside_fixed_domain,-1,True,True
noaa_2022.csv,2384,202209220942,2022,2022-09,outside_fixed_domain,-1,True,True
noaa_2022.csv,2385,202209221015,2022,2022-09,outside_fixed_domain,-1,True,False
noaa_2022.csv,2386,202209221033,2022,2022-09,outside_fixed_domain,-1,True,True
noaa_2022.csv,2387,202209221123,2022,2022-09,outside_fixed_domain,-1,True,True
noaa_2022.csv,2388,202209221421,2022,2022-09,outside_fixed_domain,-1,True,True
noaa_2022.csv,2389,202209221814,2022,2022-09,outside_fixed_domain,-1,True,True
noaa_2022.csv,2390,202209222012,2022,2022-09,outside_fixed_domain,-1,True,True
noaa_2022.csv,2391,202209230009,2022,2022-09,outside_fixed_domain,-1,True,True
noaa_2022.csv,2392,202209230230,2022,2022-09,outside_fixed_domain,-1,True,True
noaa_2022.csv,2393,202209230332,2022,2022-09,outside_fixed_domain,-1,True,True
noaa_2022.csv,2394,202209230422,2022,2022-09,outside_fixed_domain,-1,True,True
noaa_2022.csv,2395,202209230459,2022,2022-09,outside_fixed_domain,-1,True,True
noaa_2022.csv,2396,202209230834,2022,2022-09,outside_fixed_domain,-1,True,True
noaa_2022.csv,2397,202209230847,2022,2022-09,outside_fixed_domain,-1,True,True
noaa_2022.csv,2398,202209230929,2022,2022-09,outside_fixed_domain,-1,True,True
noaa_2022.csv,2399,202209231129,2022,2022-09,outside_fixed_domain,-1,True,True
noaa_2022.csv,2400,202209231235,2022,2022-09,outside_fixed_domain,-1,True,True
noaa_2022.csv,2401,202209231414,2022,2022-09,outside_fixed_domain,-1,True,False
noaa_2022.csv,2402,202209231426,2022,2022-09,outside_fixed_domain,-1,True,True
noaa_2022.csv,2403,202209231712,2022,2022-09,outside_fixed_domain,-1,True,True
noaa_2022.csv,2404,202209231748,2022,2022-09,selected_peak,0,True,True
noaa_2022.csv,2405,202209232150,2022,2022-09,outside_fixed_domain,-1,True,False
noaa_2022.csv,2406,202209232159,2022,2022-09,outside_fixed_domain,-1,True,False
noaa_2022.csv,2407,202209232221,2022,2022-09,outside_fixed_domain,-1,True,True
noaa_2022.csv,2408,202209232323,2022,2022-09,outside_fixed_domain,-1,True,True
noaa_2022.csv,2409,202209240435,2022,2022-09,outside_fixed_domain,-1,True,True
noaa_2022.csv,2410,202209240639,2022,2022-09,outside_fixed_domain,-1,True,True
noaa_2022.csv,2411,202209240658,2022,2022-09,outside_fixed_domain,-1,True,True
noaa_2022.csv,2412,202209240746,2022,2022-09,outside_fixed_domain,-1,True,True
noaa_2022.csv,2413,202209241221,2022,2022-09,outside_fixed_domain,-1,True,True
noaa_2022.csv,2414,202209241422,2022,2022-09,outside_fixed_domain,-1,True,False
noaa_2022.csv,2415,202209241447,2022,2022-09,outside_fixed_domain,-1,True,True
noaa_2022.csv,2416,202209241553,2022,2022-09,outside_fixed_domain,-1,True,True
noaa_2022.csv,2417,202209241643,2022,2022-09,outside_fixed_domain,-1,True,True
noaa_2022.csv,2418,202209241659,2022,2022-09,outside_fixed_domain,-1,True,True
noaa_2022.csv,2419,202209241841,2022,2022-09,outside_fixed_domain,-1,True,True
noaa_2022.csv,2420,202209242256,2022,2022-09,outside_fixed_domain,-1,True,True
noaa_2022.csv,2421,202209250057,2022,2022-09,outside_fixed_domain,-1,True,True
noaa_2022.csv,2422,202209250259,2022,2022-09,outside_fixed_domain,-1,True,True
noaa_2022.csv,2423,202209250329,2022,2022-09,outside_fixed_domain,-1,True,True
noaa_2022.csv,2424,202209250452,2022,2022-09,outside_fixed_domain,-1,True,True
noaa_2022.csv,2425,202209250612,2022,2022-09,outside_fixed_domain,-1,True,True
noaa_2022.csv,2426,202209250701,2022,2022-09,outside_fixed_domain,-1,True,True
noaa_2022.csv,2427,202209250925,2022,2022-09,outside_fixed_domain,-1,True,True
noaa_2022.csv,2428,202209251857,2022,2022-09,outside_fixed_domain,-1,True,True
noaa_2022.csv,2429,202209251924,2022,2022-09,outside_fixed_domain,-1,True,True
noaa_2022.csv,2430,202209252043,2022,2022-09,outside_fixed_domain,-1,True,False
noaa_2022.csv,2431,202209252054,2022,2022-09,outside_fixed_domain,-1,True,True
noaa_2022.csv,2432,202209260848,2022,2022-09,outside_fixed_domain,-1,True,True
noaa_2022.csv,2433,202209261239,2022,2022-09,outside_fixed_domain,-1,True,True
noaa_2022.csv,2434,202209261537,2022,2022-09,outside_fixed_domain,-1,True,True
noaa_2022.csv,2435,202209261757,2022,2022-09,outside_fixed_domain,-1,True,True
noaa_2022.csv,2436,202209262044,2022,2022-09,outside_fixed_domain,-1,True,True
noaa_2022.csv,2437,202209270408,2022,2022-09,outside_fixed_domain,-1,True,False
noaa_2022.csv,2438,202209270432,2022,2022-09,outside_fixed_domain,-1,True,True
noaa_2022.csv,2439,202209270637,2022,2022-09,outside_fixed_domain,-1,True,True
noaa_2022.csv,2440,202209271144,2022,2022-09,outside_fixed_domain,-1,True,True
noaa_2022.csv,2441,202209271340,2022,2022-09,outside_fixed_domain,-1,True,True
noaa_2022.csv,2442,202209271439,2022,2022-09,outside_fixed_domain,-1,True,False
noaa_2022.csv,2443,202209271453,2022,2022-09,outside_fixed_domain,-1,True,True
noaa_2022.csv,2444,202209271642,2022,2022-09,outside_fixed_domain,-1,True,True
noaa_2022.csv,2445,202209271949,2022,2022-09,outside_fixed_domain,-1,True,True
noaa_2022.csv,2446,202209272253,2022,2022-09,outside_fixed_domain,-1,True,False
noaa_2022.csv,2447,202209272302,2022,2022-09,outside_fixed_domain,-1,True,True
noaa_2022.csv,2448,202209280011,2022,2022-09,outside_fixed_domain,-1,True,True
noaa_2022.csv,2449,202209280041,2022,2022-09,outside_fixed_domain,-1,True,True
noaa_2022.csv,2450,202209280253,2022,2022-09,outside_fixed_domain,-1,True,True
noaa_2022.csv,2451,202209280746,2022,2022-09,outside_fixed_domain,-1,True,True
noaa_2022.csv,2452,202209280839,2022,2022-09,outside_fixed_domain,-1,True,True
noaa_2022.csv,2453,202209281108,2022,2022-09,outside_fixed_domain,-1,True,False
noaa_2022.csv,2454,202209281128,2022,2022-09,outside_fixed_domain,-1,True,True
noaa_2022.csv,2455,202209281852,2022,2022-09,outside_fixed_domain,-1,True,True
noaa_2022.csv,2456,202209282340,2022,2022-09,outside_fixed_domain,-1,True,True
noaa_2022.csv,2457,202209290514,2022,2022-09,outside_fixed_domain,-1,True,False
noaa_2022.csv,2458,202209290558,2022,2022-09,outside_fixed_domain,-1,True,True
noaa_2022.csv,2459,202209291150,2022,2022-09,outside_fixed_domain,-1,True,False
noaa_2022.csv,2460,202209291309,2022,2022-09,outside_fixed_domain,-1,True,True
noaa_2022.csv,2461,202209291333,2022,2022-09,outside_fixed_domain,-1,True,True
noaa_2022.csv,2462,202209292010,2022,2022-09,outside_fixed_domain,-1,True,True
noaa_2022.csv,2463,202209292346,2022,2022-09,outside_fixed_domain,-1,True,True
noaa_2022.csv,2464,202209300151,2022,2022-09,outside_fixed_domain,-1,True,True
noaa_2022.csv,2465,202209300318,2022,2022-09,outside_fixed_domain,-1,True,True
noaa_2022.csv,2466,202209300346,2022,2022-09,selected_peak,0,True,False
noaa_2022.csv,2467,202209300651,2022,2022-09,outside_fixed_domain,-1,True,True
noaa_2022.csv,2468,202209300836,2022,2022-09,outside_fixed_domain,-1,True,True
noaa_2022.csv,2469,202209301133,2022,2022-09,outside_fixed_domain,-1,True,True
noaa_2022.csv,2470,202209301403,2022,2022-09,outside_fixed_domain,-1,True,True
noaa_2022.csv,2471,202209301503,2022,2022-09,outside_fixed_domain,-1,True,True
noaa_2022.csv,2472,202209301527,2022,2022-09,outside_fixed_domain,-1,True,True
noaa_2022.csv,2473,202209301611,2022,2022-09,selected_peak,1,True,True
noaa_2022.csv,2474,202209301730,2022,2022-09,selected_peak,0,True,True
noaa_2022.csv,2475,202209302237,2022,2022-09,outside_fixed_domain,-1,True,True
noaa_2022.csv,2476,202209302333,2022,2022-09,outside_fixed_domain,-1,True,True
noaa_2022.csv,2477,202210010209,2022,2022-10,outside_fixed_domain,-1,True,True
noaa_2022.csv,2478,202210010355,2022,2022-10,outside_fixed_domain,-1,True,True
noaa_2022.csv,2479,202210010412,2022,2022-10,outside_fixed_domain,-1,True,True
noaa_2022.csv,2480,202210010442,2022,2022-10,outside_fixed_domain,-1,True,True
noaa_2022.csv,2481,202210010614,2022,2022-10,outside_fixed_domain,-1,True,False
noaa_2022.csv,2482,202210010624,2022,2022-10,outside_fixed_domain,-1,True,True
noaa_2022.csv,2483,202210010707,2022,2022-10,outside_fixed_domain,-1,True,True
noaa_2022.csv,2484,202210010754,2022,2022-10,outside_fixed_domain,-1,True,False
noaa_2022.csv,2485,202210010822,2022,2022-10,outside_fixed_domain,-1,True,True
noaa_2022.csv,2486,202210011729,2022,2022-10,outside_fixed_domain,-1,True,True
noaa_2022.csv,2487,202210011758,2022,2022-10,outside_fixed_domain,-1,True,True
noaa_2022.csv,2488,202210011821,2022,2022-10,outside_fixed_domain,-1,True,True
noaa_2022.csv,2489,202210011958,2022,2022-10,selected_peak,3,True,True
noaa_2022.csv,2490,202210020208,2022,2022-10,selected_peak,3,True,True
noaa_2022.csv,2491,202210020518,2022,2022-10,outside_fixed_domain,-1,True,True
noaa_2022.csv,2492,202210020542,2022,2022-10,outside_fixed_domain,-1,True,True
noaa_2022.csv,2493,202210021036,2022,2022-10,outside_fixed_domain,-1,True,True
noaa_2022.csv,2494,202210021130,2022,2022-10,outside_fixed_domain,-1,True,True
noaa_2022.csv,2495,202210021145,2022,2022-10,outside_fixed_domain,-1,True,True
noaa_2022.csv,2496,202210021352,2022,2022-10,selected_peak,0,True,True
noaa_2022.csv,2497,202210021448,2022,2022-10,outside_fixed_domain,-1,True,True
noaa_2022.csv,2498,202210021534,2022,2022-10,selected_peak,0,True,True
noaa_2022.csv,2499,202210021723,2022,2022-10,outside_fixed_domain,-1,True,False
noaa_2022.csv,2500,202210021753,2022,2022-10,outside_fixed_domain,-1,True,True
noaa_2022.csv,2501,202210021849,2022,2022-10,outside_fixed_domain,-1,True,True
noaa_2022.csv,2502,202210021953,2022,2022-10,selected_peak,4,True,True
noaa_2022.csv,2503,202210022249,2022,2022-10,outside_fixed_domain,-1,True,True
noaa_2022.csv,2504,202210030219,2022,2022-10,selected_peak,1,True,True
noaa_2022.csv,2505,202210030340,2022,2022-10,outside_fixed_domain,-1,True,True
noaa_2022.csv,2506,202210030712,2022,2022-10,outside_fixed_domain,-1,True,True
noaa_2022.csv,2507,202210030805,2022,2022-10,outside_fixed_domain,-1,True,True
noaa_2022.csv,2508,202210030909,2022,2022-10,outside_fixed_domain,-1,True,False
noaa_2022.csv,2509,202210030938,2022,2022-10,selected_peak,2,True,True
noaa_2022.csv,2510,202210031103,2022,2022-10,selected_peak,0,True,True
noaa_2022.csv,2511,202210031216,2022,2022-10,outside_fixed_domain,-1,True,True
noaa_2022.csv,2512,202210031311,2022,2022-10,outside_fixed_domain,-1,True,True
noaa_2022.csv,2513,202210031413,2022,2022-10,outside_fixed_domain,-1,True,False
noaa_2022.csv,2514,202210031433,2022,2022-10,outside_fixed_domain,-1,True,False
noaa_2022.csv,2515,202210031444,2022,2022-10,outside_fixed_domain,-1,True,True
noaa_2022.csv,2516,202210031520,2022,2022-10,selected_peak,0,True,True
noaa_2022.csv,2517,202210031741,2022,2022-10,outside_fixed_domain,-1,True,True
noaa_2022.csv,2518,202210031823,2022,2022-10,outside_fixed_domain,-1,True,False
noaa_2022.csv,2519,202210031834,2022,2022-10,outside_fixed_domain,-1,True,True
noaa_2022.csv,2520,202210031930,2022,2022-10,outside_fixed_domain,-1,True,False
noaa_2022.csv,2521,202210031938,2022,2022-10,outside_fixed_domain,-1,True,False
noaa_2022.csv,2522,202210031957,2022,2022-10,selected_peak,0,True,True
noaa_2022.csv,2523,202210032113,2022,2022-10,selected_peak,1,True,True
noaa_2022.csv,2524,202210040037,2022,2022-10,outside_fixed_domain,-1,True,True
noaa_2022.csv,2525,202210040421,2022,2022-10,outside_fixed_domain,-1,True,True
noaa_2022.csv,2526,202210040524,2022,2022-10,outside_fixed_domain,-1,True,True
noaa_2022.csv,2527,202210041226,2022,2022-10,outside_fixed_domain,-1,True,False
noaa_2022.csv,2528,202210041248,2022,2022-10,selected_peak,0,True,True
noaa_2022.csv,2529,202210041926,2022,2022-10,outside_fixed_domain,-1,True,True
noaa_2022.csv,2530,202210042247,2022,2022-10,outside_fixed_domain,-1,True,True
noaa_2022.csv,2531,202210050151,2022,2022-10,outside_fixed_domain,-1,True,True
noaa_2022.csv,2532,202210050611,2022,2022-10,outside_fixed_domain,-1,True,True
noaa_2022.csv,2533,202210050805,2022,2022-10,outside_fixed_domain,-1,True,True
noaa_2022.csv,2534,202210050847,2022,2022-10,outside_fixed_domain,-1,True,True
noaa_2022.csv,2535,202210051031,2022,2022-10,outside_fixed_domain,-1,True,True
noaa_2022.csv,2536,202210051045,2022,2022-10,outside_fixed_domain,-1,True,False
noaa_2022.csv,2537,202210051055,2022,2022-10,outside_fixed_domain,-1,True,True
noaa_2022.csv,2538,202210051154,2022,2022-10,outside_fixed_domain,-1,True,True
noaa_2022.csv,2539,202210052011,2022,2022-10,outside_fixed_domain,-1,True,True
noaa_2022.csv,2540,202210060157,2022,2022-10,outside_fixed_domain,-1,True,True
noaa_2022.csv,2541,202210060541,2022,2022-10,outside_fixed_domain,-1,True,True
noaa_2022.csv,2542,202210060828,2022,2022-10,outside_fixed_domain,-1,True,True
noaa_2022.csv,2543,202210061533,2022,2022-10,outside_fixed_domain,-1,True,True
noaa_2022.csv,2544,202210061824,2022,2022-10,outside_fixed_domain,-1,True,True
noaa_2022.csv,2545,202210062259,2022,2022-10,outside_fixed_domain,-1,True,True
noaa_2022.csv,2546,202210070206,2022,2022-10,outside_fixed_domain,-1,True,True
noaa_2022.csv,2547,202210070340,2022,2022-10,outside_fixed_domain,-1,True,True
noaa_2022.csv,2548,202210070408,2022,2022-10,outside_fixed_domain,-1,True,True
noaa_2022.csv,2549,202210071219,2022,2022-10,outside_fixed_domain,-1,True,True
noaa_2022.csv,2550,202210071421,2022,2022-10,selected_peak,0,True,True
noaa_2022.csv,2551,202210071849,2022,2022-10,outside_fixed_domain,-1,True,True
noaa_2022.csv,2552,202210072038,2022,2022-10,outside_fixed_domain,-1,True,True
noaa_2022.csv,2553,202210072201,2022,2022-10,outside_fixed_domain,-1,True,True
noaa_2022.csv,2554,202210080027,2022,2022-10,outside_fixed_domain,-1,True,True
noaa_2022.csv,2555,202210080929,2022,2022-10,outside_fixed_domain,-1,True,True
noaa_2022.csv,2556,202210081140,2022,2022-10,outside_fixed_domain,-1,True,True
noaa_2022.csv,2557,202210081614,2022,2022-10,outside_fixed_domain,-1,True,True
noaa_2022.csv,2558,202210081847,2022,2022-10,outside_fixed_domain,-1,True,True
noaa_2022.csv,2559,202210081949,2022,2022-10,outside_fixed_domain,-1,True,True
noaa_2022.csv,2560,202210082128,2022,2022-10,outside_fixed_domain,-1,True,True
noaa_2022.csv,2561,202210090208,2022,2022-10,outside_fixed_domain,-1,True,True
noaa_2022.csv,2562,202210090805,2022,2022-10,outside_fixed_domain,-1,True,False
noaa_2022.csv,2563,202210090820,2022,2022-10,outside_fixed_domain,-1,True,True
noaa_2022.csv,2564,202210090915,2022,2022-10,outside_fixed_domain,-1,True,True
noaa_2022.csv,2565,202210091017,2022,2022-10,outside_fixed_domain,-1,True,False
noaa_2022.csv,2566,202210091027,2022,2022-10,outside_fixed_domain,-1,True,True
noaa_2022.csv,2567,202210091058,2022,2022-10,outside_fixed_domain,-1,True,True
noaa_2022.csv,2568,202210091410,2022,2022-10,outside_fixed_domain,-1,True,True
noaa_2022.csv,2569,202210091837,2022,2022-10,outside_fixed_domain,-1,True,True
noaa_2022.csv,2570,202210092147,2022,2022-10,outside_fixed_domain,-1,True,True
noaa_2022.csv,2571,202210092211,2022,2022-10,outside_fixed_domain,-1,True,True
noaa_2022.csv,2572,202210092344,2022,2022-10,outside_fixed_domain,-1,True,False
noaa_2022.csv,2573,202210100003,2022,2022-10,outside_fixed_domain,-1,True,False
noaa_2022.csv,2574,202210100035,2022,2022-10,selected_peak,0,True,True
noaa_2022.csv,2575,202210100702,2022,2022-10,outside_fixed_domain,-1,True,True
noaa_2022.csv,2576,202210100954,2022,2022-10,outside_fixed_domain,-1,True,True
noaa_2022.csv,2577,202210101534,2022,2022-10,outside_fixed_domain,-1,True,True
noaa_2022.csv,2578,202210101605,2022,2022-10,selected_peak,1,True,True
noaa_2022.csv,2579,202210101915,2022,2022-10,outside_fixed_domain,-1,True,True
noaa_2022.csv,2580,202210102047,2022,2022-10,outside_fixed_domain,-1,True,True
noaa_2022.csv,2581,202210102131,2022,2022-10,outside_fixed_domain,-1,True,True
noaa_2022.csv,2582,202210102200,2022,2022-10,outside_fixed_domain,-1,True,True
noaa_2022.csv,2583,202210102314,2022,2022-10,outside_fixed_domain,-1,True,True
noaa_2022.csv,2584,202210110134,2022,2022-10,outside_fixed_domain,-1,True,True
noaa_2022.csv,2585,202210110158,2022,2022-10,outside_fixed_domain,-1,True,True
noaa_2022.csv,2586,202210110328,2022,2022-10,outside_fixed_domain,-1,True,False
noaa_2022.csv,2587,202210110353,2022,2022-10,outside_fixed_domain,-1,True,True
noaa_2022.csv,2588,202210110836,2022,2022-10,selected_peak,2,True,True
noaa_2022.csv,2589,202210111046,2022,2022-10,selected_peak,0,True,True
noaa_2022.csv,2590,202210111245,2022,2022-10,outside_fixed_domain,-1,True,True
noaa_2022.csv,2591,202210111627,2022,2022-10,outside_fixed_domain,-1,True,True
noaa_2022.csv,2592,202210111804,2022,2022-10,outside_fixed_domain,-1,True,True
noaa_2022.csv,2593,202210111916,2022,2022-10,outside_fixed_domain,-1,True,True
noaa_2022.csv,2594,202210112036,2022,2022-10,outside_fixed_domain,-1,True,True
noaa_2022.csv,2595,202210112113,2022,2022-10,outside_fixed_domain,-1,True,True
noaa_2022.csv,2596,202210120225,2022,2022-10,outside_fixed_domain,-1,True,True
noaa_2022.csv,2597,202210120846,2022,2022-10,outside_fixed_domain,-1,True,True
noaa_2022.csv,2598,202210121414,2022,2022-10,outside_fixed_domain,-1,True,True
noaa_2022.csv,2599,202210121624,2022,2022-10,outside_fixed_domain,-1,True,True
noaa_2022.csv,2600,202210121923,2022,2022-10,outside_fixed_domain,-1,True,True
noaa_2022.csv,2601,202210122354,2022,2022-10,selected_peak,0,True,True
noaa_2022.csv,2602,202210130148,2022,2022-10,outside_fixed_domain,-1,True,False
noaa_2022.csv,2603,202210130222,2022,2022-10,outside_fixed_domain,-1,True,True
noaa_2022.csv,2604,202210130438,2022,2022-10,outside_fixed_domain,-1,True,True
noaa_2022.csv,2605,202210130750,2022,2022-10,outside_fixed_domain,-1,True,True
noaa_2022.csv,2606,202210130903,2022,2022-10,outside_fixed_domain,-1,True,True
noaa_2022.csv,2607,202210131132,2022,2022-10,outside_fixed_domain,-1,True,True
noaa_2022.csv,2608,202210131717,2022,2022-10,outside_fixed_domain,-1,True,True
noaa_2022.csv,2609,202210132154,2022,2022-10,outside_fixed_domain,-1,True,True
noaa_2022.csv,2610,202210140125,2022,2022-10,outside_fixed_domain,-1,True,False
noaa_2022.csv,2611,202210140142,2022,2022-10,outside_fixed_domain,-1,True,True
noaa_2022.csv,2612,202210140920,2022,2022-10,selected_peak,0,True,False
noaa_2022.csv,2613,202210140951,2022,2022-10,selected_peak,0,True,True
noaa_2022.csv,2614,202210150725,2022,2022-10,outside_fixed_domain,-1,True,True
noaa_2022.csv,2615,202210151407,2022,2022-10,outside_fixed_domain,-1,True,True
noaa_2022.csv,2616,202210151756,2022,2022-10,outside_fixed_domain,-1,True,True
noaa_2022.csv,2617,202210160758,2022,2022-10,outside_fixed_domain,-1,True,True
noaa_2022.csv,2618,202210161430,2022,2022-10,outside_fixed_domain,-1,True,True
noaa_2022.csv,2619,202210161603,2022,2022-10,outside_fixed_domain,-1,True,True
noaa_2022.csv,2620,202210161910,2022,2022-10,outside_fixed_domain,-1,True,True
noaa_2022.csv,2621,202210170158,2022,2022-10,outside_fixed_domain,-1,True,False
noaa_2022.csv,2622,202210170216,2022,2022-10,outside_fixed_domain,-1,True,True
noaa_2022.csv,2623,202210171511,2022,2022-10,outside_fixed_domain,-1,True,True
noaa_2022.csv,2624,202210172321,2022,2022-10,outside_fixed_domain,-1,True,True
noaa_2022.csv,2625,202210180316,2022,2022-10,outside_fixed_domain,-1,True,True
noaa_2022.csv,2626,202210180733,2022,2022-10,outside_fixed_domain,-1,True,True
noaa_2022.csv,2627,202210181408,2022,2022-10,outside_fixed_domain,-1,True,True
noaa_2022.csv,2628,202210181632,2022,2022-10,outside_fixed_domain,-1,True,True
noaa_2022.csv,2629,202210181746,2022,2022-10,outside_fixed_domain,-1,True,True
noaa_2022.csv,2630,202210182136,2022,2022-10,outside_fixed_domain,-1,True,True
noaa_2022.csv,2631,202210182340,2022,2022-10,outside_fixed_domain,-1,True,True
noaa_2022.csv,2632,202210190009,2022,2022-10,outside_fixed_domain,-1,True,True
noaa_2022.csv,2633,202210190032,2022,2022-10,outside_fixed_domain,-1,True,True
noaa_2022.csv,2634,202210190133,2022,2022-10,outside_fixed_domain,-1,True,True
noaa_2022.csv,2635,202210190728,2022,2022-10,outside_fixed_domain,-1,True,True
noaa_2022.csv,2636,202210191355,2022,2022-10,outside_fixed_domain,-1,True,True
noaa_2022.csv,2637,202210191507,2022,2022-10,outside_fixed_domain,-1,True,True
noaa_2022.csv,2638,202210191734,2022,2022-10,outside_fixed_domain,-1,True,True
noaa_2022.csv,2639,202210192100,2022,2022-10,outside_fixed_domain,-1,True,True
noaa_2022.csv,2640,202210192121,2022,2022-10,outside_fixed_domain,-1,True,True
noaa_2022.csv,2641,202210192140,2022,2022-10,outside_fixed_domain,-1,True,True
noaa_2022.csv,2642,202210192334,2022,2022-10,outside_fixed_domain,-1,True,True
noaa_2022.csv,2643,202210200031,2022,2022-10,outside_fixed_domain,-1,True,True
noaa_2022.csv,2644,202210200150,2022,2022-10,outside_fixed_domain,-1,True,True
noaa_2022.csv,2645,202210200315,2022,2022-10,outside_fixed_domain,-1,True,True
noaa_2022.csv,2646,202210200544,2022,2022-10,outside_fixed_domain,-1,True,True
noaa_2022.csv,2647,202210200613,2022,2022-10,outside_fixed_domain,-1,True,False
noaa_2022.csv,2648,202210200625,2022,2022-10,outside_fixed_domain,-1,True,False
noaa_2022.csv,2649,202210200637,2022,2022-10,outside_fixed_domain,-1,True,True
noaa_2022.csv,2650,202210201234,2022,2022-10,outside_fixed_domain,-1,True,True
noaa_2022.csv,2651,202210201253,2022,2022-10,outside_fixed_domain,-1,True,False
noaa_2022.csv,2652,202210201315,2022,2022-10,outside_fixed_domain,-1,True,False
noaa_2022.csv,2653,202210201324,2022,2022-10,outside_fixed_domain,-1,True,True
noaa_2022.csv,2654,202210201517,2022,2022-10,outside_fixed_domain,-1,True,True
noaa_2022.csv,2655,202210201633,2022,2022-10,outside_fixed_domain,-1,True,True
noaa_2022.csv,2656,202210201640,2022,2022-10,outside_fixed_domain,-1,True,True
noaa_2022.csv,2657,202210201740,2022,2022-10,outside_fixed_domain,-1,True,True
noaa_2022.csv,2658,202210201906,2022,2022-10,outside_fixed_domain,-1,True,True
noaa_2022.csv,2659,202210201947,2022,2022-10,outside_fixed_domain,-1,True,True
noaa_2022.csv,2660,202210202020,2022,2022-10,outside_fixed_domain,-1,True,True
noaa_2022.csv,2661,202210202042,2022,2022-10,outside_fixed_domain,-1,True,True
noaa_2022.csv,2662,202210202204,2022,2022-10,outside_fixed_domain,-1,True,True
noaa_2022.csv,2663,202210202300,2022,2022-10,outside_fixed_domain,-1,True,True
noaa_2022.csv,2664,202210210107,2022,2022-10,outside_fixed_domain,-1,True,True
noaa_2022.csv,2665,202210210205,2022,2022-10,outside_fixed_domain,-1,True,True
noaa_2022.csv,2666,202210210316,2022,2022-10,outside_fixed_domain,-1,True,True
noaa_2022.csv,2667,202210210426,2022,2022-10,outside_fixed_domain,-1,True,True
noaa_2022.csv,2668,202210210601,2022,2022-10,outside_fixed_domain,-1,True,True
noaa_2022.csv,2669,202210210707,2022,2022-10,outside_fixed_domain,-1,True,True
noaa_2022.csv,2670,202210211341,2022,2022-10,outside_fixed_domain,-1,True,True
noaa_2022.csv,2671,202210220013,2022,2022-10,outside_fixed_domain,-1,True,False
noaa_2022.csv,2672,202210220034,2022,2022-10,outside_fixed_domain,-1,True,False
noaa_2022.csv,2673,202210220045,2022,2022-10,outside_fixed_domain,-1,True,False
noaa_2022.csv,2674,202210220125,2022,2022-10,outside_fixed_domain,-1,True,True
noaa_2022.csv,2675,202210220244,2022,2022-10,outside_fixed_domain,-1,True,True
noaa_2022.csv,2676,202210220527,2022,2022-10,outside_fixed_domain,-1,True,True
noaa_2022.csv,2677,202210221024,2022,2022-10,outside_fixed_domain,-1,True,True
noaa_2022.csv,2678,202210221455,2022,2022-10,outside_fixed_domain,-1,True,True
noaa_2022.csv,2679,202210230715,2022,2022-10,outside_fixed_domain,-1,True,True
noaa_2022.csv,2680,202210231552,2022,2022-10,outside_fixed_domain,-1,True,True
noaa_2022.csv,2681,202210231805,2022,2022-10,outside_fixed_domain,-1,True,True
noaa_2022.csv,2682,202210232057,2022,2022-10,outside_fixed_domain,-1,True,True
noaa_2022.csv,2683,202210232348,2022,2022-10,outside_fixed_domain,-1,True,True
noaa_2022.csv,2684,202210240532,2022,2022-10,outside_fixed_domain,-1,True,True
noaa_2022.csv,2685,202210240750,2022,2022-10,outside_fixed_domain,-1,True,True
noaa_2022.csv,2686,202210241000,2022,2022-10,outside_fixed_domain,-1,True,True
noaa_2022.csv,2687,202210241204,2022,2022-10,outside_fixed_domain,-1,True,True
noaa_2022.csv,2688,202210241237,2022,2022-10,outside_fixed_domain,-1,True,True
noaa_2022.csv,2689,202210241314,2022,2022-10,outside_fixed_domain,-1,True,False
noaa_2022.csv,2690,202210241330,2022,2022-10,outside_fixed_domain,-1,True,True
noaa_2022.csv,2691,202210241852,2022,2022-10,outside_fixed_domain,-1,True,True
noaa_2022.csv,2692,202210250507,2022,2022-10,outside_fixed_domain,-1,True,True
noaa_2022.csv,2693,202210251217,2022,2022-10,outside_fixed_domain,-1,True,True
noaa_2022.csv,2694,202210251504,2022,2022-10,outside_fixed_domain,-1,True,True
noaa_2022.csv,2695,202210251852,2022,2022-10,outside_fixed_domain,-1,True,True
noaa_2022.csv,2696,202210252149,2022,2022-10,outside_fixed_domain,-1,True,True
noaa_2022.csv,2697,202210260344,2022,2022-10,outside_fixed_domain,-1,True,True
noaa_2022.csv,2698,202210260409,2022,2022-10,outside_fixed_domain,-1,True,True
noaa_2022.csv,2699,202210261231,2022,2022-10,outside_fixed_domain,-1,True,True
noaa_2022.csv,2700,202210262222,2022,2022-10,outside_fixed_domain,-1,True,True
noaa_2022.csv,2701,202210270050,2022,2022-10,outside_fixed_domain,-1,True,False
noaa_2022.csv,2702,202210270116,2022,2022-10,outside_fixed_domain,-1,True,True
noaa_2022.csv,2703,202210270143,2022,2022-10,outside_fixed_domain,-1,True,True
noaa_2022.csv,2704,202210270432,2022,2022-10,outside_fixed_domain,-1,True,True
noaa_2022.csv,2705,202210270628,2022,2022-10,outside_fixed_domain,-1,True,False
noaa_2022.csv,2706,202210270639,2022,2022-10,outside_fixed_domain,-1,True,True
noaa_2022.csv,2707,202210270847,2022,2022-10,outside_fixed_domain,-1,True,True
noaa_2022.csv,2708,202210280009,2022,2022-10,outside_fixed_domain,-1,True,True
noaa_2022.csv,2709,202210280829,2022,2022-10,outside_fixed_domain,-1,True,True
noaa_2022.csv,2710,202210281109,2022,2022-10,outside_fixed_domain,-1,True,True
noaa_2022.csv,2711,202210282023,2022,2022-10,outside_fixed_domain,-1,True,True
noaa_2022.csv,2712,202210282215,2022,2022-10,outside_fixed_domain,-1,True,True
noaa_2022.csv,2713,202210290951,2022,2022-10,outside_fixed_domain,-1,True,True
noaa_2022.csv,2714,202210291024,2022,2022-10,outside_fixed_domain,-1,True,True
noaa_2022.csv,2715,202210291545,2022,2022-10,outside_fixed_domain,-1,True,True
noaa_2022.csv,2716,202210292343,2022,2022-10,outside_fixed_domain,-1,True,True
noaa_2022.csv,2717,202210300143,2022,2022-10,outside_fixed_domain,-1,True,True
noaa_2022.csv,2718,202210300900,2022,2022-10,outside_fixed_domain,-1,True,True
noaa_2022.csv,2719,202210301119,2022,2022-10,outside_fixed_domain,-1,True,True
noaa_2022.csv,2720,202210301224,2022,2022-10,outside_fixed_domain,-1,True,True
noaa_2022.csv,2721,202210301436,2022,2022-10,outside_fixed_domain,-1,True,False
noaa_2022.csv,2722,202210301448,2022,2022-10,outside_fixed_domain,-1,True,True
noaa_2022.csv,2723,202210301648,2022,2022-10,outside_fixed_domain,-1,True,True
noaa_2022.csv,2724,202210301702,2022,2022-10,outside_fixed_domain,-1,True,True
noaa_2022.csv,2725,202210301925,2022,2022-10,outside_fixed_domain,-1,True,True
noaa_2022.csv,2726,202210310205,2022,2022-10,outside_fixed_domain,-1,True,False
noaa_2022.csv,2727,202210310220,2022,2022-10,outside_fixed_domain,-1,True,False
noaa_2022.csv,2728,202210311319,2022,2022-10,outside_fixed_domain,-1,True,True
noaa_2022.csv,2729,202210312032,2022,2022-10,outside_fixed_domain,-1,True,True
noaa_2022.csv,2730,202211010053,2022,2022-11,outside_fixed_domain,-1,True,True
noaa_2022.csv,2731,202211010615,2022,2022-11,outside_fixed_domain,-1,True,True
noaa_2022.csv,2732,202211011100,2022,2022-11,outside_fixed_domain,-1,True,True
noaa_2022.csv,2733,202211011350,2022,2022-11,outside_fixed_domain,-1,True,True
noaa_2022.csv,2734,202211020207,2022,2022-11,outside_fixed_domain,-1,True,True
noaa_2022.csv,2735,202211020626,2022,2022-11,outside_fixed_domain,-1,True,False
noaa_2022.csv,2736,202211020634,2022,2022-11,outside_fixed_domain,-1,True,True
noaa_2022.csv,2737,202211020804,2022,2022-11,outside_fixed_domain,-1,True,True
noaa_2022.csv,2738,202211022050,2022,2022-11,outside_fixed_domain,-1,True,True
noaa_2022.csv,2739,202211022303,2022,2022-11,outside_fixed_domain,-1,True,True
noaa_2022.csv,2740,202211030217,2022,2022-11,outside_fixed_domain,-1,True,True
noaa_2022.csv,2741,202211030637,2022,2022-11,outside_fixed_domain,-1,True,True
noaa_2022.csv,2742,202211031440,2022,2022-11,outside_fixed_domain,-1,True,True
noaa_2022.csv,2743,202211031643,2022,2022-11,outside_fixed_domain,-1,True,True
noaa_2022.csv,2744,202211031718,2022,2022-11,outside_fixed_domain,-1,True,True
noaa_2022.csv,2745,202211040633,2022,2022-11,outside_fixed_domain,-1,True,True
noaa_2022.csv,2746,202211040713,2022,2022-11,outside_fixed_domain,-1,True,True
noaa_2022.csv,2747,202211041050,2022,2022-11,outside_fixed_domain,-1,True,True
noaa_2022.csv,2748,202211041527,2022,2022-11,outside_fixed_domain,-1,True,True
noaa_2022.csv,2749,202211041847,2022,2022-11,outside_fixed_domain,-1,True,True
noaa_2022.csv,2750,202211042022,2022,2022-11,outside_fixed_domain,-1,True,True
noaa_2022.csv,2751,202211042213,2022,2022-11,outside_fixed_domain,-1,True,True
noaa_2022.csv,2752,202211050910,2022,2022-11,outside_fixed_domain,-1,True,True
noaa_2022.csv,2753,202211060057,2022,2022-11,outside_fixed_domain,-1,True,False
noaa_2022.csv,2754,202211060110,2022,2022-11,outside_fixed_domain,-1,True,True
noaa_2022.csv,2755,202211061158,2022,2022-11,outside_fixed_domain,-1,True,True
noaa_2022.csv,2756,202211061506,2022,2022-11,outside_fixed_domain,-1,True,True
noaa_2022.csv,2757,202211061702,2022,2022-11,outside_fixed_domain,-1,True,False
noaa_2022.csv,2758,202211061717,2022,2022-11,outside_fixed_domain,-1,True,True
noaa_2022.csv,2759,202211062106,2022,2022-11,outside_fixed_domain,-1,True,True
noaa_2022.csv,2760,202211062139,2022,2022-11,outside_fixed_domain,-1,True,True
noaa_2022.csv,2761,202211062359,2022,2022-11,selected_peak,2,True,True
noaa_2022.csv,2762,202211070641,2022,2022-11,outside_fixed_domain,-1,True,True
noaa_2022.csv,2763,202211071421,2022,2022-11,outside_fixed_domain,-1,True,True
noaa_2022.csv,2764,202211072258,2022,2022-11,outside_fixed_domain,-1,True,True
noaa_2022.csv,2765,202211080305,2022,2022-11,outside_fixed_domain,-1,True,True
noaa_2022.csv,2766,202211081643,2022,2022-11,outside_fixed_domain,-1,True,True
noaa_2022.csv,2767,202211090720,2022,2022-11,outside_fixed_domain,-1,True,True
noaa_2022.csv,2768,202211090859,2022,2022-11,outside_fixed_domain,-1,True,True
noaa_2022.csv,2769,202211090956,2022,2022-11,outside_fixed_domain,-1,True,True
noaa_2022.csv,2770,202211091046,2022,2022-11,outside_fixed_domain,-1,True,True
noaa_2022.csv,2771,202211091328,2022,2022-11,outside_fixed_domain,-1,True,True
noaa_2022.csv,2772,202211091552,2022,2022-11,outside_fixed_domain,-1,True,True
noaa_2022.csv,2773,202211091755,2022,2022-11,outside_fixed_domain,-1,True,True
noaa_2022.csv,2774,202211091946,2022,2022-11,outside_fixed_domain,-1,True,True
noaa_2022.csv,2775,202211100123,2022,2022-11,outside_fixed_domain,-1,True,True
noaa_2022.csv,2776,202211100309,2022,2022-11,outside_fixed_domain,-1,True,True
noaa_2022.csv,2777,202211100527,2022,2022-11,outside_fixed_domain,-1,True,False
noaa_2022.csv,2778,202211100556,2022,2022-11,outside_fixed_domain,-1,True,True
noaa_2022.csv,2779,202211101159,2022,2022-11,outside_fixed_domain,-1,True,True
noaa_2022.csv,2780,202211101710,2022,2022-11,outside_fixed_domain,-1,True,True
noaa_2022.csv,2781,202211101809,2022,2022-11,outside_fixed_domain,-1,True,True
noaa_2022.csv,2782,202211102130,2022,2022-11,outside_fixed_domain,-1,True,True
noaa_2022.csv,2783,202211102251,2022,2022-11,outside_fixed_domain,-1,True,True
noaa_2022.csv,2784,202211110036,2022,2022-11,outside_fixed_domain,-1,True,True
noaa_2022.csv,2785,202211110125,2022,2022-11,outside_fixed_domain,-1,True,True
noaa_2022.csv,2786,202211110145,2022,2022-11,outside_fixed_domain,-1,True,True
noaa_2022.csv,2787,202211110310,2022,2022-11,outside_fixed_domain,-1,True,True
noaa_2022.csv,2788,202211110336,2022,2022-11,outside_fixed_domain,-1,True,True
noaa_2022.csv,2789,202211110433,2022,2022-11,outside_fixed_domain,-1,True,True
noaa_2022.csv,2790,202211110507,2022,2022-11,outside_fixed_domain,-1,True,True
noaa_2022.csv,2791,202211110546,2022,2022-11,outside_fixed_domain,-1,True,True
noaa_2022.csv,2792,202211110604,2022,2022-11,outside_fixed_domain,-1,True,True
noaa_2022.csv,2793,202211110700,2022,2022-11,selected_peak,0,True,True
noaa_2022.csv,2794,202211110745,2022,2022-11,outside_fixed_domain,-1,True,True
noaa_2022.csv,2795,202211110815,2022,2022-11,outside_fixed_domain,-1,True,True
noaa_2022.csv,2796,202211110858,2022,2022-11,outside_fixed_domain,-1,True,True
noaa_2022.csv,2797,202211110944,2022,2022-11,outside_fixed_domain,-1,True,True
noaa_2022.csv,2798,202211111132,2022,2022-11,selected_peak,0,True,True
noaa_2022.csv,2799,202211111202,2022,2022-11,outside_fixed_domain,-1,True,True
noaa_2022.csv,2800,202211111335,2022,2022-11,outside_fixed_domain,-1,True,True
noaa_2022.csv,2801,202211111745,2022,2022-11,outside_fixed_domain,-1,True,True
noaa_2022.csv,2802,202211111803,2022,2022-11,outside_fixed_domain,-1,True,True
noaa_2022.csv,2803,202211111822,2022,2022-11,outside_fixed_domain,-1,True,True
noaa_2022.csv,2804,202211112221,2022,2022-11,outside_fixed_domain,-1,True,True
noaa_2022.csv,2805,202211120009,2022,2022-11,selected_peak,0,True,True
noaa_2022.csv,2806,202211120217,2022,2022-11,outside_fixed_domain,-1,True,True
noaa_2022.csv,2807,202211120314,2022,2022-11,outside_fixed_domain,-1,True,True
noaa_2022.csv,2808,202211120428,2022,2022-11,outside_fixed_domain,-1,True,True
noaa_2022.csv,2809,202211121231,2022,2022-11,outside_fixed_domain,-1,True,True
noaa_2022.csv,2810,202211121428,2022,2022-11,outside_fixed_domain,-1,True,False
noaa_2022.csv,2811,202211121437,2022,2022-11,outside_fixed_domain,-1,True,False
noaa_2022.csv,2812,202211121443,2022,2022-11,outside_fixed_domain,-1,True,True
noaa_2022.csv,2813,202211121504,2022,2022-11,outside_fixed_domain,-1,True,True
noaa_2022.csv,2814,202211121626,2022,2022-11,outside_fixed_domain,-1,True,False
noaa_2022.csv,2815,202211121651,2022,2022-11,outside_fixed_domain,-1,True,False
noaa_2022.csv,2816,202211121702,2022,2022-11,outside_fixed_domain,-1,True,True
noaa_2022.csv,2817,202211121801,2022,2022-11,outside_fixed_domain,-1,True,True
noaa_2022.csv,2818,202211122150,2022,2022-11,outside_fixed_domain,-1,True,True
noaa_2022.csv,2819,202211130159,2022,2022-11,outside_fixed_domain,-1,True,False
noaa_2022.csv,2820,202211130220,2022,2022-11,outside_fixed_domain,-1,True,True
noaa_2022.csv,2821,202211130310,2022,2022-11,outside_fixed_domain,-1,True,True
noaa_2022.csv,2822,202211130427,2022,2022-11,outside_fixed_domain,-1,True,True
noaa_2022.csv,2823,202211130617,2022,2022-11,outside_fixed_domain,-1,True,True
noaa_2022.csv,2824,202211130649,2022,2022-11,outside_fixed_domain,-1,True,True
noaa_2022.csv,2825,202211130744,2022,2022-11,outside_fixed_domain,-1,True,True
noaa_2022.csv,2826,202211131251,2022,2022-11,outside_fixed_domain,-1,True,True
noaa_2022.csv,2827,202211131833,2022,2022-11,outside_fixed_domain,-1,True,True
noaa_2022.csv,2828,202211131902,2022,2022-11,outside_fixed_domain,-1,True,True
noaa_2022.csv,2829,202211132002,2022,2022-11,outside_fixed_domain,-1,True,True
noaa_2022.csv,2830,202211132032,2022,2022-11,outside_fixed_domain,-1,True,True
noaa_2022.csv,2831,202211132159,2022,2022-11,outside_fixed_domain,-1,True,True
noaa_2022.csv,2832,202211132211,2022,2022-11,outside_fixed_domain,-1,True,True
noaa_2022.csv,2833,202211140033,2022,2022-11,outside_fixed_domain,-1,True,True
noaa_2022.csv,2834,202211140114,2022,2022-11,outside_fixed_domain,-1,True,True
noaa_2022.csv,2835,202211140244,2022,2022-11,outside_fixed_domain,-1,True,True
noaa_2022.csv,2836,202211140345,2022,2022-11,outside_fixed_domain,-1,True,True
noaa_2022.csv,2837,202211140710,2022,2022-11,outside_fixed_domain,-1,True,True
noaa_2022.csv,2838,202211141258,2022,2022-11,outside_fixed_domain,-1,True,True
noaa_2022.csv,2839,202211141334,2022,2022-11,outside_fixed_domain,-1,True,True
noaa_2022.csv,2840,202211141724,2022,2022-11,outside_fixed_domain,-1,True,True
noaa_2022.csv,2841,202211141804,2022,2022-11,outside_fixed_domain,-1,True,True
noaa_2022.csv,2842,202211141923,2022,2022-11,outside_fixed_domain,-1,True,True
noaa_2022.csv,2843,202211142112,2022,2022-11,outside_fixed_domain,-1,True,True
noaa_2022.csv,2844,202211142148,2022,2022-11,outside_fixed_domain,-1,True,True
noaa_2022.csv,2845,202211150048,2022,2022-11,outside_fixed_domain,-1,True,True
noaa_2022.csv,2846,202211150242,2022,2022-11,selected_peak,0,True,True
noaa_2022.csv,2847,202211150347,2022,2022-11,outside_fixed_domain,-1,True,True
noaa_2022.csv,2848,202211150414,2022,2022-11,outside_fixed_domain,-1,True,False
noaa_2022.csv,2849,202211150429,2022,2022-11,outside_fixed_domain,-1,True,False
noaa_2022.csv,2850,202211150449,2022,2022-11,outside_fixed_domain,-1,True,True
noaa_2022.csv,2851,202211150546,2022,2022-11,outside_fixed_domain,-1,True,True
noaa_2022.csv,2852,202211150654,2022,2022-11,outside_fixed_domain,-1,True,True
noaa_2022.csv,2853,202211150804,2022,2022-11,outside_fixed_domain,-1,True,True
noaa_2022.csv,2854,202211150911,2022,2022-11,outside_fixed_domain,-1,True,True
noaa_2022.csv,2855,202211151036,2022,2022-11,outside_fixed_domain,-1,True,True
noaa_2022.csv,2856,202211151308,2022,2022-11,outside_fixed_domain,-1,True,True
noaa_2022.csv,2857,202211151354,2022,2022-11,outside_fixed_domain,-1,True,True
noaa_2022.csv,2858,202211151512,2022,2022-11,outside_fixed_domain,-1,True,True
noaa_2022.csv,2859,202211151940,2022,2022-11,outside_fixed_domain,-1,True,True
noaa_2022.csv,2860,202211152007,2022,2022-11,outside_fixed_domain,-1,True,True
noaa_2022.csv,2861,202211152133,2022,2022-11,outside_fixed_domain,-1,True,False
noaa_2022.csv,2862,202211152144,2022,2022-11,outside_fixed_domain,-1,True,True
noaa_2022.csv,2863,202211152305,2022,2022-11,outside_fixed_domain,-1,True,True
noaa_2022.csv,2864,202211152348,2022,2022-11,outside_fixed_domain,-1,True,True
noaa_2022.csv,2865,202211160314,2022,2022-11,outside_fixed_domain,-1,True,False
noaa_2022.csv,2866,202211160328,2022,2022-11,outside_fixed_domain,-1,True,True
noaa_2022.csv,2867,202211160527,2022,2022-11,outside_fixed_domain,-1,True,True
noaa_2022.csv,2868,202211160648,2022,2022-11,outside_fixed_domain,-1,True,False
noaa_2022.csv,2869,202211160717,2022,2022-11,outside_fixed_domain,-1,True,True
noaa_2022.csv,2870,202211160813,2022,2022-11,outside_fixed_domain,-1,True,True
noaa_2022.csv,2871,202211160835,2022,2022-11,outside_fixed_domain,-1,True,True
noaa_2022.csv,2872,202211161121,2022,2022-11,outside_fixed_domain,-1,True,True
noaa_2022.csv,2873,202211161251,2022,2022-11,outside_fixed_domain,-1,True,True
noaa_2022.csv,2874,202211162303,2022,2022-11,outside_fixed_domain,-1,True,True
noaa_2022.csv,2875,202211170726,2022,2022-11,outside_fixed_domain,-1,True,False
noaa_2022.csv,2876,202211170741,2022,2022-11,outside_fixed_domain,-1,True,True
noaa_2022.csv,2877,202211170908,2022,2022-11,outside_fixed_domain,-1,True,True
noaa_2022.csv,2878,202211171214,2022,2022-11,outside_fixed_domain,-1,True,False
noaa_2022.csv,2879,202211171234,2022,2022-11,outside_fixed_domain,-1,True,True
noaa_2022.csv,2880,202211171517,2022,2022-11,outside_fixed_domain,-1,True,True
noaa_2022.csv,2881,202211171632,2022,2022-11,outside_fixed_domain,-1,True,True
noaa_2022.csv,2882,202211171726,2022,2022-11,outside_fixed_domain,-1,True,True
noaa_2022.csv,2883,202211172125,2022,2022-11,outside_fixed_domain,-1,True,True
noaa_2022.csv,2884,202211172336,2022,2022-11,outside_fixed_domain,-1,True,True
noaa_2022.csv,2885,202211180826,2022,2022-11,outside_fixed_domain,-1,True,True
noaa_2022.csv,2886,202211180857,2022,2022-11,outside_fixed_domain,-1,True,True
noaa_2022.csv,2887,202211181027,2022,2022-11,outside_fixed_domain,-1,True,True
noaa_2022.csv,2888,202211181123,2022,2022-11,outside_fixed_domain,-1,True,True
noaa_2022.csv,2889,202211181350,2022,2022-11,outside_fixed_domain,-1,True,True
noaa_2022.csv,2890,202211181457,2022,2022-11,outside_fixed_domain,-1,True,True
noaa_2022.csv,2891,202211181844,2022,2022-11,outside_fixed_domain,-1,True,True
noaa_2022.csv,2892,202211182159,2022,2022-11,outside_fixed_domain,-1,True,True
noaa_2022.csv,2893,202211182352,2022,2022-11,outside_fixed_domain,-1,True,True
noaa_2022.csv,2894,202211190104,2022,2022-11,outside_fixed_domain,-1,True,False
noaa_2022.csv,2895,202211190128,2022,2022-11,outside_fixed_domain,-1,True,True
noaa_2022.csv,2896,202211190251,2022,2022-11,outside_fixed_domain,-1,True,True
noaa_2022.csv,2897,202211190605,2022,2022-11,outside_fixed_domain,-1,True,True
noaa_2022.csv,2898,202211190750,2022,2022-11,outside_fixed_domain,-1,True,True
noaa_2022.csv,2899,202211191235,2022,2022-11,outside_fixed_domain,-1,True,False
noaa_2022.csv,2900,202211191242,2022,2022-11,selected_peak,0,True,True
noaa_2022.csv,2901,202211191703,2022,2022-11,outside_fixed_domain,-1,True,True
noaa_2022.csv,2902,202211191920,2022,2022-11,outside_fixed_domain,-1,True,True
noaa_2022.csv,2903,202211200314,2022,2022-11,outside_fixed_domain,-1,True,True
noaa_2022.csv,2904,202211200551,2022,2022-11,outside_fixed_domain,-1,True,True
noaa_2022.csv,2905,202211200755,2022,2022-11,outside_fixed_domain,-1,True,True
noaa_2022.csv,2906,202211200947,2022,2022-11,outside_fixed_domain,-1,True,True
noaa_2022.csv,2907,202211201202,2022,2022-11,outside_fixed_domain,-1,True,True
noaa_2022.csv,2908,202211201726,2022,2022-11,outside_fixed_domain,-1,True,False
noaa_2022.csv,2909,202211201737,2022,2022-11,outside_fixed_domain,-1,True,True
noaa_2022.csv,2910,202211201817,2022,2022-11,outside_fixed_domain,-1,True,True
noaa_2022.csv,2911,202211202355,2022,2022-11,outside_fixed_domain,-1,True,True
noaa_2022.csv,2912,202211210158,2022,2022-11,outside_fixed_domain,-1,True,True
noaa_2022.csv,2913,202211210210,2022,2022-11,outside_fixed_domain,-1,True,True
noaa_2022.csv,2914,202211210330,2022,2022-11,outside_fixed_domain,-1,True,True
noaa_2022.csv,2915,202211210632,2022,2022-11,outside_fixed_domain,-1,True,False
noaa_2022.csv,2916,202211210657,2022,2022-11,outside_fixed_domain,-1,True,True
noaa_2022.csv,2917,202211212258,2022,2022-11,outside_fixed_domain,-1,True,True
noaa_2022.csv,2918,202211220659,2022,2022-11,outside_fixed_domain,-1,True,True
noaa_2022.csv,2919,202211221027,2022,2022-11,outside_fixed_domain,-1,True,False
noaa_2022.csv,2920,202211221052,2022,2022-11,outside_fixed_domain,-1,True,True
noaa_2022.csv,2921,202211221214,2022,2022-11,outside_fixed_domain,-1,True,True
noaa_2022.csv,2922,202211221247,2022,2022-11,outside_fixed_domain,-1,True,True
noaa_2022.csv,2923,202211221304,2022,2022-11,outside_fixed_domain,-1,True,False
noaa_2022.csv,2924,202211221347,2022,2022-11,outside_fixed_domain,-1,True,True
noaa_2022.csv,2925,202211221849,2022,2022-11,outside_fixed_domain,-1,True,True
noaa_2022.csv,2926,202211222001,2022,2022-11,outside_fixed_domain,-1,True,False
noaa_2022.csv,2927,202211222101,2022,2022-11,outside_fixed_domain,-1,True,True
noaa_2022.csv,2928,202211230102,2022,2022-11,outside_fixed_domain,-1,True,True
noaa_2022.csv,2929,202211231640,2022,2022-11,outside_fixed_domain,-1,True,True
noaa_2022.csv,2930,202211231839,2022,2022-11,outside_fixed_domain,-1,True,True
noaa_2022.csv,2931,202211232044,2022,2022-11,outside_fixed_domain,-1,True,True
noaa_2022.csv,2932,202211240139,2022,2022-11,outside_fixed_domain,-1,True,True
noaa_2022.csv,2933,202211240616,2022,2022-11,outside_fixed_domain,-1,True,True
noaa_2022.csv,2934,202211250703,2022,2022-11,outside_fixed_domain,-1,True,True
noaa_2022.csv,2935,202211250919,2022,2022-11,outside_fixed_domain,-1,True,True
noaa_2022.csv,2936,202211251520,2022,2022-11,outside_fixed_domain,-1,True,True
noaa_2022.csv,2937,202211251913,2022,2022-11,outside_fixed_domain,-1,True,True
noaa_2022.csv,2938,202211260025,2022,2022-11,outside_fixed_domain,-1,True,True
noaa_2022.csv,2939,202211260203,2022,2022-11,outside_fixed_domain,-1,True,True
noaa_2022.csv,2940,202211260430,2022,2022-11,outside_fixed_domain,-1,True,True
noaa_2022.csv,2941,202211260630,2022,2022-11,outside_fixed_domain,-1,True,True
noaa_2022.csv,2942,202211260723,2022,2022-11,outside_fixed_domain,-1,True,True
noaa_2022.csv,2943,202211260821,2022,2022-11,outside_fixed_domain,-1,True,False
noaa_2022.csv,2944,202211260856,2022,2022-11,outside_fixed_domain,-1,True,True
noaa_2022.csv,2945,202211261040,2022,2022-11,outside_fixed_domain,-1,True,True
noaa_2022.csv,2946,202211280233,2022,2022-11,outside_fixed_domain,-1,True,True
noaa_2022.csv,2947,202211280710,2022,2022-11,outside_fixed_domain,-1,True,True
noaa_2022.csv,2948,202211281249,2022,2022-11,outside_fixed_domain,-1,True,True
noaa_2022.csv,2949,202211282006,2022,2022-11,outside_fixed_domain,-1,True,True
noaa_2022.csv,2950,202211282110,2022,2022-11,outside_fixed_domain,-1,True,True
noaa_2022.csv,2951,202211290216,2022,2022-11,outside_fixed_domain,-1,True,True
noaa_2022.csv,2952,202211290522,2022,2022-11,outside_fixed_domain,-1,True,True
noaa_2022.csv,2953,202211290628,2022,2022-11,outside_fixed_domain,-1,True,True
noaa_2022.csv,2954,202211290935,2022,2022-11,outside_fixed_domain,-1,True,True
noaa_2022.csv,2955,202211300534,2022,2022-11,outside_fixed_domain,-1,True,True
noaa_2022.csv,2956,202211300616,2022,2022-11,outside_fixed_domain,-1,True,True
noaa_2022.csv,2957,202211301106,2022,2022-11,outside_fixed_domain,-1,True,True
noaa_2022.csv,2958,202211301222,2022,2022-11,outside_fixed_domain,-1,True,True
noaa_2022.csv,2959,202211301400,2022,2022-11,outside_fixed_domain,-1,True,False
noaa_2022.csv,2960,202211301419,2022,2022-11,outside_fixed_domain,-1,True,True
noaa_2022.csv,2961,202211301610,2022,2022-11,outside_fixed_domain,-1,True,True
noaa_2022.csv,2962,202211301701,2022,2022-11,outside_fixed_domain,-1,True,True
noaa_2022.csv,2963,202211301803,2022,2022-11,outside_fixed_domain,-1,True,False
noaa_2022.csv,2964,202211301826,2022,2022-11,outside_fixed_domain,-1,True,True
noaa_2022.csv,2965,202211302222,2022,2022-11,outside_fixed_domain,-1,True,True
noaa_2022.csv,2966,202212010110,2022,2022-12,outside_fixed_domain,-1,True,True
noaa_2022.csv,2967,202212010400,2022,2022-12,outside_fixed_domain,-1,True,True
noaa_2022.csv,2968,202212010704,2022,2022-12,selected_peak,0,True,True
noaa_2022.csv,2969,202212011340,2022,2022-12,outside_fixed_domain,-1,True,True
noaa_2022.csv,2970,202212011408,2022,2022-12,outside_fixed_domain,-1,True,True
noaa_2022.csv,2971,202212011522,2022,2022-12,outside_fixed_domain,-1,True,True
noaa_2022.csv,2972,202212011657,2022,2022-12,outside_fixed_domain,-1,True,True
noaa_2022.csv,2973,202212011727,2022,2022-12,outside_fixed_domain,-1,True,True
noaa_2022.csv,2974,202212011856,2022,2022-12,outside_fixed_domain,-1,True,True
noaa_2022.csv,2975,202212020157,2022,2022-12,outside_fixed_domain,-1,True,True
noaa_2022.csv,2976,202212020331,2022,2022-12,outside_fixed_domain,-1,True,True
noaa_2022.csv,2977,202212020626,2022,2022-12,outside_fixed_domain,-1,True,True
noaa_2022.csv,2978,202212020909,2022,2022-12,outside_fixed_domain,-1,True,True
noaa_2022.csv,2979,202212021812,2022,2022-12,outside_fixed_domain,-1,True,True
noaa_2022.csv,2980,202212022347,2022,2022-12,outside_fixed_domain,-1,True,True
noaa_2022.csv,2981,202212030146,2022,2022-12,outside_fixed_domain,-1,True,True
noaa_2022.csv,2982,202212030217,2022,2022-12,outside_fixed_domain,-1,True,True
noaa_2022.csv,2983,202212030556,2022,2022-12,outside_fixed_domain,-1,True,True
noaa_2022.csv,2984,202212030612,2022,2022-12,outside_fixed_domain,-1,True,True
noaa_2022.csv,2985,202212030756,2022,2022-12,outside_fixed_domain,-1,True,True
noaa_2022.csv,2986,202212030932,2022,2022-12,outside_fixed_domain,-1,True,True
noaa_2022.csv,2987,202212031056,2022,2022-12,outside_fixed_domain,-1,True,False
noaa_2022.csv,2988,202212031122,2022,2022-12,outside_fixed_domain,-1,True,True
noaa_2022.csv,2989,202212031420,2022,2022-12,outside_fixed_domain,-1,True,True
noaa_2022.csv,2990,202212031525,2022,2022-12,outside_fixed_domain,-1,True,True
noaa_2022.csv,2991,202212031735,2022,2022-12,selected_peak,0,True,True
noaa_2022.csv,2992,202212031848,2022,2022-12,outside_fixed_domain,-1,True,True
noaa_2022.csv,2993,202212040208,2022,2022-12,outside_fixed_domain,-1,True,True
noaa_2022.csv,2994,202212041230,2022,2022-12,outside_fixed_domain,-1,True,True
noaa_2022.csv,2995,202212041600,2022,2022-12,outside_fixed_domain,-1,True,True
noaa_2022.csv,2996,202212041616,2022,2022-12,outside_fixed_domain,-1,True,True
noaa_2022.csv,2997,202212041807,2022,2022-12,outside_fixed_domain,-1,True,False
noaa_2022.csv,2998,202212041823,2022,2022-12,outside_fixed_domain,-1,True,True
noaa_2022.csv,2999,202212042149,2022,2022-12,outside_fixed_domain,-1,True,True
noaa_2022.csv,3000,202212050140,2022,2022-12,outside_fixed_domain,-1,True,True
noaa_2022.csv,3001,202212050518,2022,2022-12,outside_fixed_domain,-1,True,True
noaa_2022.csv,3002,202212050632,2022,2022-12,outside_fixed_domain,-1,True,True
noaa_2022.csv,3003,202212050904,2022,2022-12,outside_fixed_domain,-1,True,True
noaa_2022.csv,3004,202212051010,2022,2022-12,outside_fixed_domain,-1,True,True
noaa_2022.csv,3005,202212051038,2022,2022-12,outside_fixed_domain,-1,True,True
noaa_2022.csv,3006,202212051508,2022,2022-12,outside_fixed_domain,-1,True,True
noaa_2022.csv,3007,202212051550,2022,2022-12,outside_fixed_domain,-1,True,True
noaa_2022.csv,3008,202212051644,2022,2022-12,outside_fixed_domain,-1,True,False
noaa_2022.csv,3009,202212051656,2022,2022-12,outside_fixed_domain,-1,True,True
noaa_2022.csv,3010,202212052044,2022,2022-12,outside_fixed_domain,-1,True,True
noaa_2022.csv,3011,202212061408,2022,2022-12,outside_fixed_domain,-1,True,False
noaa_2022.csv,3012,202212061418,2022,2022-12,outside_fixed_domain,-1,True,True
noaa_2022.csv,3013,202212061803,2022,2022-12,outside_fixed_domain,-1,True,True
noaa_2022.csv,3014,202212062138,2022,2022-12,outside_fixed_domain,-1,True,True
noaa_2022.csv,3015,202212062354,2022,2022-12,outside_fixed_domain,-1,True,True
noaa_2022.csv,3016,202212071100,2022,2022-12,outside_fixed_domain,-1,True,True
noaa_2022.csv,3017,202212071157,2022,2022-12,outside_fixed_domain,-1,True,True
noaa_2022.csv,3018,202212071256,2022,2022-12,outside_fixed_domain,-1,True,True
noaa_2022.csv,3019,202212071516,2022,2022-12,outside_fixed_domain,-1,True,True
noaa_2022.csv,3020,202212071559,2022,2022-12,outside_fixed_domain,-1,True,True
noaa_2022.csv,3021,202212071623,2022,2022-12,outside_fixed_domain,-1,True,True
noaa_2022.csv,3022,202212071746,2022,2022-12,outside_fixed_domain,-1,True,True
noaa_2022.csv,3023,202212071901,2022,2022-12,outside_fixed_domain,-1,True,True
noaa_2022.csv,3024,202212072308,2022,2022-12,outside_fixed_domain,-1,True,True
noaa_2022.csv,3025,202212080530,2022,2022-12,outside_fixed_domain,-1,True,True
noaa_2022.csv,3026,202212080554,2022,2022-12,outside_fixed_domain,-1,True,True
noaa_2022.csv,3027,202212080736,2022,2022-12,outside_fixed_domain,-1,True,True
noaa_2022.csv,3028,202212082052,2022,2022-12,outside_fixed_domain,-1,True,True
noaa_2022.csv,3029,202212090542,2022,2022-12,outside_fixed_domain,-1,True,False
noaa_2022.csv,3030,202212090614,2022,2022-12,outside_fixed_domain,-1,True,True
noaa_2022.csv,3031,202212090721,2022,2022-12,outside_fixed_domain,-1,True,True
noaa_2022.csv,3032,202212090914,2022,2022-12,outside_fixed_domain,-1,True,True
noaa_2022.csv,3033,202212091043,2022,2022-12,outside_fixed_domain,-1,True,False
noaa_2022.csv,3034,202212091054,2022,2022-12,outside_fixed_domain,-1,True,True
noaa_2022.csv,3035,202212091126,2022,2022-12,outside_fixed_domain,-1,True,False
noaa_2022.csv,3036,202212091137,2022,2022-12,outside_fixed_domain,-1,True,False
noaa_2022.csv,3037,202212091237,2022,2022-12,outside_fixed_domain,-1,True,True
noaa_2022.csv,3038,202212091347,2022,2022-12,outside_fixed_domain,-1,True,False
noaa_2022.csv,3039,202212091359,2022,2022-12,outside_fixed_domain,-1,True,True
noaa_2022.csv,3040,202212091547,2022,2022-12,outside_fixed_domain,-1,True,False
noaa_2022.csv,3041,202212091635,2022,2022-12,outside_fixed_domain,-1,True,True
noaa_2022.csv,3042,202212091917,2022,2022-12,outside_fixed_domain,-1,True,True
noaa_2022.csv,3043,202212092142,2022,2022-12,outside_fixed_domain,-1,True,True
noaa_2022.csv,3044,202212092238,2022,2022-12,outside_fixed_domain,-1,True,True
noaa_2022.csv,3045,202212100601,2022,2022-12,outside_fixed_domain,-1,True,False
noaa_2022.csv,3046,202212100622,2022,2022-12,outside_fixed_domain,-1,True,False
noaa_2022.csv,3047,202212100638,2022,2022-12,outside_fixed_domain,-1,True,True
noaa_2022.csv,3048,202212100755,2022,2022-12,outside_fixed_domain,-1,True,True
noaa_2022.csv,3049,202212100950,2022,2022-12,outside_fixed_domain,-1,True,False
noaa_2022.csv,3050,202212101014,2022,2022-12,outside_fixed_domain,-1,True,False
noaa_2022.csv,3051,202212101039,2022,2022-12,outside_fixed_domain,-1,True,True
noaa_2022.csv,3052,202212101552,2022,2022-12,outside_fixed_domain,-1,True,True
noaa_2022.csv,3053,202212101804,2022,2022-12,outside_fixed_domain,-1,True,True
noaa_2022.csv,3054,202212102035,2022,2022-12,outside_fixed_domain,-1,True,True
noaa_2022.csv,3055,202212110222,2022,2022-12,outside_fixed_domain,-1,True,True
noaa_2022.csv,3056,202212110612,2022,2022-12,outside_fixed_domain,-1,True,False
noaa_2022.csv,3057,202212110634,2022,2022-12,outside_fixed_domain,-1,True,True
noaa_2022.csv,3058,202212111125,2022,2022-12,outside_fixed_domain,-1,True,True
noaa_2022.csv,3059,202212111433,2022,2022-12,outside_fixed_domain,-1,True,True
noaa_2022.csv,3060,202212111459,2022,2022-12,outside_fixed_domain,-1,True,True
noaa_2022.csv,3061,202212111543,2022,2022-12,outside_fixed_domain,-1,True,True
noaa_2022.csv,3062,202212111833,2022,2022-12,outside_fixed_domain,-1,True,True
noaa_2022.csv,3063,202212120006,2022,2022-12,outside_fixed_domain,-1,True,False
noaa_2022.csv,3064,202212120053,2022,2022-12,outside_fixed_domain,-1,True,True
noaa_2022.csv,3065,202212120347,2022,2022-12,outside_fixed_domain,-1,True,True
noaa_2022.csv,3066,202212120921,2022,2022-12,outside_fixed_domain,-1,True,True
noaa_2022.csv,3067,202212121457,2022,2022-12,outside_fixed_domain,-1,True,True
noaa_2022.csv,3068,202212121931,2022,2022-12,outside_fixed_domain,-1,True,True
noaa_2022.csv,3069,202212130900,2022,2022-12,outside_fixed_domain,-1,True,True
noaa_2022.csv,3070,202212131947,2022,2022-12,outside_fixed_domain,-1,True,True
noaa_2022.csv,3071,202212132312,2022,2022-12,outside_fixed_domain,-1,True,True
noaa_2022.csv,3072,202212140023,2022,2022-12,outside_fixed_domain,-1,True,True
noaa_2022.csv,3073,202212140323,2022,2022-12,outside_fixed_domain,-1,True,True
noaa_2022.csv,3074,202212140402,2022,2022-12,outside_fixed_domain,-1,True,True
noaa_2022.csv,3075,202212140435,2022,2022-12,outside_fixed_domain,-1,True,True
noaa_2022.csv,3076,202212140537,2022,2022-12,outside_fixed_domain,-1,True,True
noaa_2022.csv,3077,202212140710,2022,2022-12,outside_fixed_domain,-1,True,False
noaa_2022.csv,3078,202212140730,2022,2022-12,selected_peak,1,True,True
noaa_2022.csv,3079,202212140824,2022,2022-12,selected_peak,0,True,True
noaa_2022.csv,3080,202212140920,2022,2022-12,selected_peak,0,True,True
noaa_2022.csv,3081,202212141024,2022,2022-12,outside_fixed_domain,-1,True,True
noaa_2022.csv,3082,202212141145,2022,2022-12,selected_peak,0,True,True
noaa_2022.csv,3083,202212141224,2022,2022-12,selected_peak,2,True,True
noaa_2022.csv,3084,202212141431,2022,2022-12,selected_peak,3,True,True
noaa_2022.csv,3085,202212141454,2022,2022-12,selected_peak,2,True,True
noaa_2022.csv,3086,202212141604,2022,2022-12,outside_fixed_domain,-1,True,True
noaa_2022.csv,3087,202212141703,2022,2022-12,selected_peak,1,True,True
noaa_2022.csv,3088,202212141903,2022,2022-12,outside_fixed_domain,-1,True,True
noaa_2022.csv,3089,202212141927,2022,2022-12,outside_fixed_domain,-1,True,False
noaa_2022.csv,3090,202212141938,2022,2022-12,outside_fixed_domain,-1,True,True
noaa_2022.csv,3091,202212142031,2022,2022-12,selected_peak,0,True,False
noaa_2022.csv,3092,202212142052,2022,2022-12,selected_peak,1,True,True
noaa_2022.csv,3093,202212142133,2022,2022-12,selected_peak,0,True,False
noaa_2022.csv,3094,202212142145,2022,2022-12,selected_peak,1,True,False
noaa_2022.csv,3095,202212142157,2022,2022-12,selected_peak,2,True,True
noaa_2022.csv,3096,202212142341,2022,2022-12,outside_fixed_domain,-1,True,True
noaa_2022.csv,3097,202212150042,2022,2022-12,outside_fixed_domain,-1,True,True
noaa_2022.csv,3098,202212150124,2022,2022-12,selected_peak,0,True,True
noaa_2022.csv,3099,202212150243,2022,2022-12,outside_fixed_domain,-1,True,False
noaa_2022.csv,3100,202212150303,2022,2022-12,outside_fixed_domain,-1,True,True
noaa_2022.csv,3101,202212150425,2022,2022-12,outside_fixed_domain,-1,True,False
noaa_2022.csv,3102,202212150455,2022,2022-12,outside_fixed_domain,-1,True,True
noaa_2022.csv,3103,202212150655,2022,2022-12,selected_peak,1,True,True
noaa_2022.csv,3104,202212150754,2022,2022-12,selected_peak,0,True,False
noaa_2022.csv,3105,202212150802,2022,2022-12,outside_fixed_domain,-1,True,True
noaa_2022.csv,3106,202212150955,2022,2022-12,selected_peak,0,True,False
noaa_2022.csv,3107,202212151023,2022,2022-12,selected_peak,0,True,True
noaa_2022.csv,3108,202212151157,2022,2022-12,outside_fixed_domain,-1,True,True
noaa_2022.csv,3109,202212151308,2022,2022-12,outside_fixed_domain,-1,True,True
noaa_2022.csv,3110,202212151359,2022,2022-12,outside_fixed_domain,-1,True,False
noaa_2022.csv,3111,202212151418,2022,2022-12,outside_fixed_domain,-1,True,True
noaa_2022.csv,3112,202212151538,2022,2022-12,outside_fixed_domain,-1,True,True
noaa_2022.csv,3113,202212151558,2022,2022-12,selected_peak,0,True,True
noaa_2022.csv,3114,202212151635,2022,2022-12,selected_peak,0,True,False
noaa_2022.csv,3115,202212151647,2022,2022-12,selected_peak,1,True,True
noaa_2022.csv,3116,202212152100,2022,2022-12,outside_fixed_domain,-1,True,True
noaa_2022.csv,3117,202212152153,2022,2022-12,outside_fixed_domain,-1,True,False
noaa_2022.csv,3118,202212152212,2022,2022-12,outside_fixed_domain,-1,True,False
noaa_2022.csv,3119,202212152220,2022,2022-12,selected_peak,3,True,True
noaa_2022.csv,3120,202212160130,2022,2022-12,selected_peak,2,True,True
noaa_2022.csv,3121,202212160326,2022,2022-12,outside_fixed_domain,-1,True,True
noaa_2022.csv,3122,202212160346,2022,2022-12,outside_fixed_domain,-1,True,True
noaa_2022.csv,3123,202212160403,2022,2022-12,outside_fixed_domain,-1,True,True
noaa_2022.csv,3124,202212160442,2022,2022-12,selected_peak,0,True,True
noaa_2022.csv,3125,202212160535,2022,2022-12,selected_peak,0,True,True
noaa_2022.csv,3126,202212160630,2022,2022-12,selected_peak,0,True,True
noaa_2022.csv,3127,202212160715,2022,2022-12,outside_fixed_domain,-1,True,True
noaa_2022.csv,3128,202212160726,2022,2022-12,selected_peak,0,True,True
noaa_2022.csv,3129,202212160855,2022,2022-12,selected_peak,0,True,True
noaa_2022.csv,3130,202212160933,2022,2022-12,selected_peak,0,True,True
noaa_2022.csv,3131,202212161002,2022,2022-12,selected_peak,2,True,True
noaa_2022.csv,3132,202212161136,2022,2022-12,outside_fixed_domain,-1,True,True
noaa_2022.csv,3133,202212161323,2022,2022-12,outside_fixed_domain,-1,True,True
noaa_2022.csv,3134,202212161347,2022,2022-12,outside_fixed_domain,-1,True,True
noaa_2022.csv,3135,202212161424,2022,2022-12,selected_peak,1,True,True
noaa_2022.csv,3136,202212161534,2022,2022-12,selected_peak,0,True,True
noaa_2022.csv,3137,202212161800,2022,2022-12,outside_fixed_domain,-1,True,True
noaa_2022.csv,3138,202212161902,2022,2022-12,outside_fixed_domain,-1,True,True
noaa_2022.csv,3139,202212161959,2022,2022-12,outside_fixed_domain,-1,True,True
noaa_2022.csv,3140,202212162050,2022,2022-12,outside_fixed_domain,-1,True,True
noaa_2022.csv,3141,202212162210,2022,2022-12,outside_fixed_domain,-1,True,True
noaa_2022.csv,3142,202212162307,2022,2022-12,outside_fixed_domain,-1,True,True
noaa_2022.csv,3143,202212162331,2022,2022-12,outside_fixed_domain,-1,True,False
noaa_2022.csv,3144,202212162344,2022,2022-12,outside_fixed_domain,-1,True,True
noaa_2022.csv,3145,202212170051,2022,2022-12,outside_fixed_domain,-1,True,True
noaa_2022.csv,3146,202212170220,2022,2022-12,outside_fixed_domain,-1,True,True
noaa_2022.csv,3147,202212170426,2022,2022-12,outside_fixed_domain,-1,True,True
noaa_2022.csv,3148,202212170519,2022,2022-12,outside_fixed_domain,-1,True,False
noaa_2022.csv,3149,202212170536,2022,2022-12,outside_fixed_domain,-1,True,True
noaa_2022.csv,3150,202212170847,2022,2022-12,outside_fixed_domain,-1,True,True
noaa_2022.csv,3151,202212171542,2022,2022-12,outside_fixed_domain,-1,True,False
noaa_2022.csv,3152,202212171600,2022,2022-12,outside_fixed_domain,-1,True,True
noaa_2022.csv,3153,202212171729,2022,2022-12,outside_fixed_domain,-1,True,True
noaa_2022.csv,3154,202212171939,2022,2022-12,selected_peak,0,True,True
noaa_2022.csv,3155,202212172158,2022,2022-12,outside_fixed_domain,-1,True,True
noaa_2022.csv,3156,202212180113,2022,2022-12,outside_fixed_domain,-1,True,True
noaa_2022.csv,3157,202212180442,2022,2022-12,outside_fixed_domain,-1,True,True
noaa_2022.csv,3158,202212180934,2022,2022-12,outside_fixed_domain,-1,True,True
noaa_2022.csv,3159,202212180959,2022,2022-12,outside_fixed_domain,-1,True,True
noaa_2022.csv,3160,202212181311,2022,2022-12,outside_fixed_domain,-1,True,True
noaa_2022.csv,3161,202212181406,2022,2022-12,outside_fixed_domain,-1,True,True
noaa_2022.csv,3162,202212181640,2022,2022-12,outside_fixed_domain,-1,True,True
noaa_2022.csv,3163,202212181953,2022,2022-12,outside_fixed_domain,-1,True,True
noaa_2022.csv,3164,202212182306,2022,2022-12,outside_fixed_domain,-1,True,True
noaa_2022.csv,3165,202212190214,2022,2022-12,outside_fixed_domain,-1,True,True
noaa_2022.csv,3166,202212190332,2022,2022-12,outside_fixed_domain,-1,True,True
noaa_2022.csv,3167,202212190556,2022,2022-12,outside_fixed_domain,-1,True,True
noaa_2022.csv,3168,202212190622,2022,2022-12,outside_fixed_domain,-1,True,True
noaa_2022.csv,3169,202212190849,2022,2022-12,outside_fixed_domain,-1,True,True
noaa_2022.csv,3170,202212191030,2022,2022-12,outside_fixed_domain,-1,True,True
noaa_2022.csv,3171,202212191136,2022,2022-12,outside_fixed_domain,-1,True,True
noaa_2022.csv,3172,202212191344,2022,2022-12,outside_fixed_domain,-1,True,True
noaa_2022.csv,3173,202212191417,2022,2022-12,outside_fixed_domain,-1,True,True
noaa_2022.csv,3174,202212191835,2022,2022-12,outside_fixed_domain,-1,True,True
noaa_2022.csv,3175,202212192051,2022,2022-12,outside_fixed_domain,-1,True,True
noaa_2022.csv,3176,202212192207,2022,2022-12,outside_fixed_domain,-1,True,True
noaa_2022.csv,3177,202212192318,2022,2022-12,outside_fixed_domain,-1,True,False
noaa_2022.csv,3178,202212192346,2022,2022-12,outside_fixed_domain,-1,True,True
noaa_2022.csv,3179,202212200346,2022,2022-12,outside_fixed_domain,-1,True,True
noaa_2022.csv,3180,202212200521,2022,2022-12,outside_fixed_domain,-1,True,False
noaa_2022.csv,3181,202212200603,2022,2022-12,outside_fixed_domain,-1,True,True
noaa_2022.csv,3182,202212200740,2022,2022-12,outside_fixed_domain,-1,True,True
noaa_2022.csv,3183,202212200842,2022,2022-12,outside_fixed_domain,-1,True,True
noaa_2022.csv,3184,202212201351,2022,2022-12,outside_fixed_domain,-1,True,False
noaa_2022.csv,3185,202212201359,2022,2022-12,selected_peak,0,True,True
noaa_2022.csv,3186,202212201953,2022,2022-12,outside_fixed_domain,-1,True,True
noaa_2022.csv,3187,202212202010,2022,2022-12,outside_fixed_domain,-1,True,True
noaa_2022.csv,3188,202212202356,2022,2022-12,outside_fixed_domain,-1,True,False
noaa_2022.csv,3189,202212210007,2022,2022-12,outside_fixed_domain,-1,True,True
noaa_2022.csv,3190,202212210513,2022,2022-12,outside_fixed_domain,-1,True,True
noaa_2022.csv,3191,202212210557,2022,2022-12,outside_fixed_domain,-1,True,True
noaa_2022.csv,3192,202212210855,2022,2022-12,outside_fixed_domain,-1,True,True
noaa_2022.csv,3193,202212211204,2022,2022-12,outside_fixed_domain,-1,True,True
noaa_2022.csv,3194,202212212037,2022,2022-12,outside_fixed_domain,-1,True,False
noaa_2022.csv,3195,202212212055,2022,2022-12,outside_fixed_domain,-1,True,True
noaa_2022.csv,3196,202212212204,2022,2022-12,outside_fixed_domain,-1,True,False
noaa_2022.csv,3197,202212212226,2022,2022-12,outside_fixed_domain,-1,True,True
noaa_2022.csv,3198,202212220343,2022,2022-12,outside_fixed_domain,-1,True,False
noaa_2022.csv,3199,202212220357,2022,2022-12,outside_fixed_domain,-1,True,True
noaa_2022.csv,3200,202212220529,2022,2022-12,outside_fixed_domain,-1,True,True
noaa_2022.csv,3201,202212221333,2022,2022-12,outside_fixed_domain,-1,True,True
noaa_2022.csv,3202,202212221452,2022,2022-12,outside_fixed_domain,-1,True,True
noaa_2022.csv,3203,202212221955,2022,2022-12,outside_fixed_domain,-1,True,True
noaa_2022.csv,3204,202212222103,2022,2022-12,outside_fixed_domain,-1,True,False
noaa_2022.csv,3205,202212222122,2022,2022-12,outside_fixed_domain,-1,True,True
noaa_2022.csv,3206,202212230124,2022,2022-12,outside_fixed_domain,-1,True,True
noaa_2022.csv,3207,202212230433,2022,2022-12,outside_fixed_domain,-1,True,True
noaa_2022.csv,3208,202212230454,2022,2022-12,outside_fixed_domain,-1,True,True
noaa_2022.csv,3209,202212230926,2022,2022-12,outside_fixed_domain,-1,True,True
noaa_2022.csv,3210,202212231043,2022,2022-12,outside_fixed_domain,-1,True,True
noaa_2022.csv,3211,202212231402,2022,2022-12,outside_fixed_domain,-1,True,False
noaa_2022.csv,3212,202212231428,2022,2022-12,outside_fixed_domain,-1,True,True
noaa_2022.csv,3213,202212231610,2022,2022-12,outside_fixed_domain,-1,True,True
noaa_2022.csv,3214,202212231845,2022,2022-12,outside_fixed_domain,-1,True,True
noaa_2022.csv,3215,202212232308,2022,2022-12,outside_fixed_domain,-1,True,True
noaa_2022.csv,3216,202212232329,2022,2022-12,outside_fixed_domain,-1,True,True
noaa_2022.csv,3217,202212240020,2022,2022-12,outside_fixed_domain,-1,True,True
noaa_2022.csv,3218,202212240407,2022,2022-12,outside_fixed_domain,-1,True,True
noaa_2022.csv,3219,202212240656,2022,2022-12,outside_fixed_domain,-1,True,False
noaa_2022.csv,3220,202212240730,2022,2022-12,outside_fixed_domain,-1,True,True
noaa_2022.csv,3221,202212240804,2022,2022-12,outside_fixed_domain,-1,True,True
noaa_2022.csv,3222,202212241138,2022,2022-12,outside_fixed_domain,-1,True,True
noaa_2022.csv,3223,202212241223,2022,2022-12,outside_fixed_domain,-1,True,True
noaa_2022.csv,3224,202212241345,2022,2022-12,outside_fixed_domain,-1,True,True
noaa_2022.csv,3225,202212241904,2022,2022-12,outside_fixed_domain,-1,True,True
noaa_2022.csv,3226,202212242314,2022,2022-12,outside_fixed_domain,-1,True,True
noaa_2022.csv,3227,202212242343,2022,2022-12,outside_fixed_domain,-1,True,True
noaa_2022.csv,3228,202212250028,2022,2022-12,outside_fixed_domain,-1,True,False
noaa_2022.csv,3229,202212250045,2022,2022-12,outside_fixed_domain,-1,True,True
noaa_2022.csv,3230,202212250333,2022,2022-12,outside_fixed_domain,-1,True,True
noaa_2022.csv,3231,202212250606,2022,2022-12,outside_fixed_domain,-1,True,True
noaa_2022.csv,3232,202212250654,2022,2022-12,outside_fixed_domain,-1,True,True
noaa_2022.csv,3233,202212251604,2022,2022-12,outside_fixed_domain,-1,True,True
noaa_2022.csv,3234,202212251830,2022,2022-12,outside_fixed_domain,-1,True,True
noaa_2022.csv,3235,202212252150,2022,2022-12,outside_fixed_domain,-1,True,True
noaa_2022.csv,3236,202212260138,2022,2022-12,outside_fixed_domain,-1,True,True
noaa_2022.csv,3237,202212260525,2022,2022-12,outside_fixed_domain,-1,True,True
noaa_2022.csv,3238,202212260612,2022,2022-12,outside_fixed_domain,-1,True,True
noaa_2022.csv,3239,202212260804,2022,2022-12,outside_fixed_domain,-1,True,True
noaa_2022.csv,3240,202212260854,2022,2022-12,outside_fixed_domain,-1,True,True
noaa_2022.csv,3241,202212260953,2022,2022-12,outside_fixed_domain,-1,True,True
noaa_2022.csv,3242,202212261115,2022,2022-12,outside_fixed_domain,-1,True,True
noaa_2022.csv,3243,202212261222,2022,2022-12,outside_fixed_domain,-1,True,True
noaa_2022.csv,3244,202212261251,2022,2022-12,outside_fixed_domain,-1,True,False
noaa_2022.csv,3245,202212261301,2022,2022-12,outside_fixed_domain,-1,True,False
noaa_2022.csv,3246,202212261315,2022,2022-12,outside_fixed_domain,-1,True,True
noaa_2022.csv,3247,202212261341,2022,2022-12,outside_fixed_domain,-1,True,True
noaa_2022.csv,3248,202212261538,2022,2022-12,outside_fixed_domain,-1,True,True
noaa_2022.csv,3249,202212261651,2022,2022-12,outside_fixed_domain,-1,True,True
noaa_2022.csv,3250,202212261746,2022,2022-12,outside_fixed_domain,-1,True,True
noaa_2022.csv,3251,202212261942,2022,2022-12,outside_fixed_domain,-1,True,True
noaa_2022.csv,3252,202212262047,2022,2022-12,outside_fixed_domain,-1,True,True
noaa_2022.csv,3253,202212262142,2022,2022-12,outside_fixed_domain,-1,True,True
noaa_2022.csv,3254,202212262216,2022,2022-12,outside_fixed_domain,-1,True,True
noaa_2022.csv,3255,202212262233,2022,2022-12,outside_fixed_domain,-1,True,True
noaa_2022.csv,3256,202212262313,2022,2022-12,outside_fixed_domain,-1,True,True
noaa_2022.csv,3257,202212270032,2022,2022-12,outside_fixed_domain,-1,True,False
noaa_2022.csv,3258,202212270046,2022,2022-12,selected_peak,1,True,True
noaa_2022.csv,3259,202212270239,2022,2022-12,outside_fixed_domain,-1,True,False
noaa_2022.csv,3260,202212270254,2022,2022-12,outside_fixed_domain,-1,True,False
noaa_2022.csv,3261,202212270315,2022,2022-12,outside_fixed_domain,-1,True,True
noaa_2022.csv,3262,202212270419,2022,2022-12,outside_fixed_domain,-1,True,False
noaa_2022.csv,3263,202212270442,2022,2022-12,outside_fixed_domain,-1,True,True
noaa_2022.csv,3264,202212270518,2022,2022-12,outside_fixed_domain,-1,True,True
noaa_2022.csv,3265,202212270706,2022,2022-12,outside_fixed_domain,-1,True,True
noaa_2022.csv,3266,202212270802,2022,2022-12,selected_peak,0,True,True
noaa_2022.csv,3267,202212270911,2022,2022-12,outside_fixed_domain,-1,True,True
noaa_2022.csv,3268,202212271245,2022,2022-12,outside_fixed_domain,-1,True,True
noaa_2022.csv,3269,202212271615,2022,2022-12,selected_peak,0,True,True
noaa_2022.csv,3270,202212271712,2022,2022-12,outside_fixed_domain,-1,True,True
noaa_2022.csv,3271,202212271934,2022,2022-12,outside_fixed_domain,-1,True,False
noaa_2022.csv,3272,202212272008,2022,2022-12,outside_fixed_domain,-1,True,True
noaa_2022.csv,3273,202212272034,2022,2022-12,outside_fixed_domain,-1,True,True
noaa_2022.csv,3274,202212272144,2022,2022-12,outside_fixed_domain,-1,True,True
noaa_2022.csv,3275,202212280211,2022,2022-12,outside_fixed_domain,-1,True,False
noaa_2022.csv,3276,202212280241,2022,2022-12,outside_fixed_domain,-1,True,True
noaa_2022.csv,3277,202212280844,2022,2022-12,outside_fixed_domain,-1,True,True
noaa_2022.csv,3278,202212281409,2022,2022-12,outside_fixed_domain,-1,True,True
noaa_2022.csv,3279,202212281440,2022,2022-12,outside_fixed_domain,-1,True,True
noaa_2022.csv,3280,202212281649,2022,2022-12,outside_fixed_domain,-1,True,True
noaa_2022.csv,3281,202212282006,2022,2022-12,outside_fixed_domain,-1,True,True
noaa_2022.csv,3282,202212290632,2022,2022-12,selected_peak,0,True,True
noaa_2022.csv,3283,202212291027,2022,2022-12,outside_fixed_domain,-1,True,True
noaa_2022.csv,3284,202212291103,2022,2022-12,outside_fixed_domain,-1,True,True
noaa_2022.csv,3285,202212291403,2022,2022-12,outside_fixed_domain,-1,True,True
noaa_2022.csv,3286,202212291812,2022,2022-12,selected_peak,1,True,False
noaa_2022.csv,3287,202212291826,2022,2022-12,selected_peak,1,True,True
noaa_2022.csv,3288,202212292107,2022,2022-12,outside_fixed_domain,-1,True,True
noaa_2022.csv,3289,202212292354,2022,2022-12,outside_fixed_domain,-1,True,False
noaa_2022.csv,3290,202212300013,2022,2022-12,outside_fixed_domain,-1,True,False
noaa_2022.csv,3291,202212300034,2022,2022-12,outside_fixed_domain,-1,True,True
noaa_2022.csv,3292,202212300401,2022,2022-12,outside_fixed_domain,-1,True,True
noaa_2022.csv,3293,202212300453,2022,2022-12,outside_fixed_domain,-1,True,False
noaa_2022.csv,3294,202212300508,2022,2022-12,outside_fixed_domain,-1,True,True
noaa_2022.csv,3295,202212300725,2022,2022-12,outside_fixed_domain,-1,True,False
noaa_2022.csv,3296,202212300742,2022,2022-12,outside_fixed_domain,-1,True,True
noaa_2022.csv,3297,202212300901,2022,2022-12,outside_fixed_domain,-1,True,True
noaa_2022.csv,3298,202212301103,2022,2022-12,outside_fixed_domain,-1,True,True
noaa_2022.csv,3299,202212301344,2022,2022-12,outside_fixed_domain,-1,True,True
noaa_2022.csv,3300,202212301400,2022,2022-12,outside_fixed_domain,-1,True,True
noaa_2022.csv,3301,202212301524,2022,2022-12,selected_peak,0,True,True
noaa_2022.csv,3302,202212301638,2022,2022-12,outside_fixed_domain,-1,True,True
noaa_2022.csv,3303,202212301906,2022,2022-12,outside_fixed_domain,-1,True,True
noaa_2022.csv,3304,202212301926,2022,2022-12,selected_peak,2,True,True
noaa_2022.csv,3305,202212302130,2022,2022-12,outside_fixed_domain,-1,True,True
noaa_2022.csv,3306,202212310128,2022,2022-12,outside_fixed_domain,-1,True,True
noaa_2022.csv,3307,202212310227,2022,2022-12,outside_fixed_domain,-1,True,True
noaa_2022.csv,3308,202212311124,2022,2022-12,outside_fixed_domain,-1,True,True
noaa_2022.csv,3309,202212311616,2022,2022-12,outside_fixed_domain,-1,True,True
noaa_2022.csv,3310,202212311717,2022,2022-12,outside_fixed_domain,-1,True,True
noaa_2022.csv,3311,202212311743,2022,2022-12,outside_fixed_domain,-1,True,True
noaa_2022.csv,3312,202212312052,2022,2022-12,outside_fixed_domain,-1,True,True
noaa_2022.csv,3313,202212312138,2022,2022-12,outside_fixed_domain,-1,True,True
noaa_2022.csv,3314,202212312347,2022,2022-12,outside_fixed_domain,-1,True,True
noaa_2023.csv,0,202301010031,2023,2023-01,outside_fixed_domain,-1,True,True
noaa_2023.csv,1,202301010204,2023,2023-01,outside_fixed_domain,-1,True,True
noaa_2023.csv,2,202301010658,2023,2023-01,outside_fixed_domain,-1,True,True
noaa_2023.csv,3,202301010735,2023,2023-01,outside_fixed_domain,-1,True,True
noaa_2023.csv,4,202301011416,2023,2023-01,outside_fixed_domain,-1,True,True
noaa_2023.csv,5,202301011743,2023,2023-01,outside_fixed_domain,-1,True,True
noaa_2023.csv,6,202301011931,2023,2023-01,outside_fixed_domain,-1,True,True
noaa_2023.csv,7,202301012209,2023,2023-01,outside_fixed_domain,-1,True,True
noaa_2023.csv,8,202301012252,2023,2023-01,outside_fixed_domain,-1,True,True
noaa_2023.csv,9,202301020522,2023,2023-01,outside_fixed_domain,-1,True,True
noaa_2023.csv,10,202301020609,2023,2023-01,outside_fixed_domain,-1,True,True
noaa_2023.csv,11,202301020944,2023,2023-01,outside_fixed_domain,-1,True,True
noaa_2023.csv,12,202301021129,2023,2023-01,outside_fixed_domain,-1,True,False
noaa_2023.csv,13,202301021141,2023,2023-01,outside_fixed_domain,-1,True,True
noaa_2023.csv,14,202301021601,2023,2023-01,outside_fixed_domain,-1,True,True
noaa_2023.csv,15,202301022137,2023,2023-01,outside_fixed_domain,-1,True,True
noaa_2023.csv,16,202301022210,2023,2023-01,outside_fixed_domain,-1,True,True
noaa_2023.csv,17,202301022257,2023,2023-01,outside_fixed_domain,-1,True,True
noaa_2023.csv,18,202301030103,2023,2023-01,outside_fixed_domain,-1,True,True
noaa_2023.csv,19,202301030451,2023,2023-01,outside_fixed_domain,-1,True,True
noaa_2023.csv,20,202301030620,2023,2023-01,outside_fixed_domain,-1,True,True
noaa_2023.csv,21,202301032343,2023,2023-01,outside_fixed_domain,-1,True,True
noaa_2023.csv,22,202301040718,2023,2023-01,outside_fixed_domain,-1,True,True
noaa_2023.csv,23,202301041626,2023,2023-01,outside_fixed_domain,-1,True,True
noaa_2023.csv,24,202301041814,2023,2023-01,outside_fixed_domain,-1,True,False
noaa_2023.csv,25,202301041834,2023,2023-01,outside_fixed_domain,-1,True,True
noaa_2023.csv,26,202301050242,2023,2023-01,outside_fixed_domain,-1,True,True
noaa_2023.csv,27,202301050343,2023,2023-01,outside_fixed_domain,-1,True,True
noaa_2023.csv,28,202301050506,2023,2023-01,outside_fixed_domain,-1,True,True
noaa_2023.csv,29,202301051906,2023,2023-01,outside_fixed_domain,-1,True,True
noaa_2023.csv,30,202301052211,2023,2023-01,outside_fixed_domain,-1,True,True
noaa_2023.csv,31,202301052247,2023,2023-01,outside_fixed_domain,-1,True,True
noaa_2023.csv,32,202301060043,2023,2023-01,selected_peak,4,True,True
noaa_2023.csv,33,202301060324,2023,2023-01,outside_fixed_domain,-1,True,True
noaa_2023.csv,34,202301060356,2023,2023-01,outside_fixed_domain,-1,True,True
noaa_2023.csv,35,202301061158,2023,2023-01,outside_fixed_domain,-1,True,True
noaa_2023.csv,36,202301061223,2023,2023-01,outside_fixed_domain,-1,True,True
noaa_2023.csv,37,202301061450,2023,2023-01,outside_fixed_domain,-1,True,True
noaa_2023.csv,38,202301061551,2023,2023-01,outside_fixed_domain,-1,True,True
noaa_2023.csv,39,202301061843,2023,2023-01,outside_fixed_domain,-1,True,True
noaa_2023.csv,40,202301062021,2023,2023-01,outside_fixed_domain,-1,True,True
noaa_2023.csv,41,202301062317,2023,2023-01,outside_fixed_domain,-1,True,True
noaa_2023.csv,42,202301070040,2023,2023-01,selected_peak,0,True,True
noaa_2023.csv,43,202301070456,2023,2023-01,outside_fixed_domain,-1,True,True
noaa_2023.csv,44,202301070854,2023,2023-01,outside_fixed_domain,-1,True,False
noaa_2023.csv,45,202301070928,2023,2023-01,outside_fixed_domain,-1,True,True
noaa_2023.csv,46,202301071048,2023,2023-01,outside_fixed_domain,-1,True,False
noaa_2023.csv,47,202301071106,2023,2023-01,outside_fixed_domain,-1,True,True
noaa_2023.csv,48,202301071629,2023,2023-01,outside_fixed_domain,-1,True,True
noaa_2023.csv,49,202301071813,2023,2023-01,outside_fixed_domain,-1,True,False
noaa_2023.csv,50,202301071831,2023,2023-01,outside_fixed_domain,-1,True,True
noaa_2023.csv,51,202301072044,2023,2023-01,outside_fixed_domain,-1,True,False
noaa_2023.csv,52,202301072052,2023,2023-01,outside_fixed_domain,-1,True,True
noaa_2023.csv,53,202301072201,2023,2023-01,outside_fixed_domain,-1,True,True
noaa_2023.csv,54,202301072230,2023,2023-01,outside_fixed_domain,-1,True,True
noaa_2023.csv,55,202301072327,2023,2023-01,outside_fixed_domain,-1,True,True
noaa_2023.csv,56,202301072343,2023,2023-01,outside_fixed_domain,-1,True,True
noaa_2023.csv,57,202301080220,2023,2023-01,outside_fixed_domain,-1,True,True
noaa_2023.csv,58,202301080252,2023,2023-01,outside_fixed_domain,-1,True,False
noaa_2023.csv,59,202301080317,2023,2023-01,outside_fixed_domain,-1,True,False
noaa_2023.csv,60,202301080337,2023,2023-01,outside_fixed_domain,-1,True,True
noaa_2023.csv,61,202301080437,2023,2023-01,outside_fixed_domain,-1,True,True
noaa_2023.csv,62,202301080658,2023,2023-01,outside_fixed_domain,-1,True,False
noaa_2023.csv,63,202301080711,2023,2023-01,outside_fixed_domain,-1,True,True
noaa_2023.csv,64,202301080839,2023,2023-01,selected_peak,0,True,True
noaa_2023.csv,65,202301081156,2023,2023-01,outside_fixed_domain,-1,True,True
noaa_2023.csv,66,202301081222,2023,2023-01,outside_fixed_domain,-1,True,True
noaa_2023.csv,67,202301081426,2023,2023-01,outside_fixed_domain,-1,True,True
noaa_2023.csv,68,202301081451,2023,2023-01,selected_peak,0,True,True
noaa_2023.csv,69,202301081844,2023,2023-01,outside_fixed_domain,-1,True,False
noaa_2023.csv,70,202301081902,2023,2023-01,selected_peak,0,True,True
noaa_2023.csv,71,202301082136,2023,2023-01,outside_fixed_domain,-1,True,True
noaa_2023.csv,72,202301082237,2023,2023-01,outside_fixed_domain,-1,True,True
noaa_2023.csv,73,202301090028,2023,2023-01,outside_fixed_domain,-1,True,False
noaa_2023.csv,74,202301090051,2023,2023-01,selected_peak,0,True,True
noaa_2023.csv,75,202301090154,2023,2023-01,outside_fixed_domain,-1,True,False
noaa_2023.csv,76,202301090202,2023,2023-01,outside_fixed_domain,-1,True,True
noaa_2023.csv,77,202301090446,2023,2023-01,outside_fixed_domain,-1,True,True
noaa_2023.csv,78,202301090545,2023,2023-01,outside_fixed_domain,-1,True,True
noaa_2023.csv,79,202301090657,2023,2023-01,outside_fixed_domain,-1,True,True
noaa_2023.csv,80,202301090845,2023,2023-01,selected_peak,1,True,True
noaa_2023.csv,81,202301091315,2023,2023-01,selected_peak,0,True,True
noaa_2023.csv,82,202301091448,2023,2023-01,outside_fixed_domain,-1,True,True
noaa_2023.csv,83,202301091543,2023,2023-01,outside_fixed_domain,-1,True,True
noaa_2023.csv,84,202301091643,2023,2023-01,outside_fixed_domain,-1,True,True
noaa_2023.csv,85,202301091837,2023,2023-01,selected_peak,4,True,True
noaa_2023.csv,86,202301092050,2023,2023-01,outside_fixed_domain,-1,True,True
noaa_2023.csv,87,202301092202,2023,2023-01,outside_fixed_domain,-1,True,True
noaa_2023.csv,88,202301092227,2023,2023-01,outside_fixed_domain,-1,True,True
noaa_2023.csv,89,202301092244,2023,2023-01,outside_fixed_domain,-1,True,True
noaa_2023.csv,90,202301100009,2023,2023-01,selected_peak,2,True,True
noaa_2023.csv,91,202301100047,2023,2023-01,outside_fixed_domain,-1,True,True
noaa_2023.csv,92,202301100208,2023,2023-01,selected_peak,0,True,True
noaa_2023.csv,93,202301100233,2023,2023-01,selected_peak,1,True,True
noaa_2023.csv,94,202301100337,2023,2023-01,outside_fixed_domain,-1,True,True
noaa_2023.csv,95,202301100512,2023,2023-01,outside_fixed_domain,-1,True,True
noaa_2023.csv,96,202301100554,2023,2023-01,outside_fixed_domain,-1,True,True
noaa_2023.csv,97,202301100804,2023,2023-01,outside_fixed_domain,-1,True,True
noaa_2023.csv,98,202301100854,2023,2023-01,outside_fixed_domain,-1,True,True
noaa_2023.csv,99,202301101059,2023,2023-01,selected_peak,0,True,True
noaa_2023.csv,100,202301101210,2023,2023-01,outside_fixed_domain,-1,True,True
noaa_2023.csv,101,202301101241,2023,2023-01,outside_fixed_domain,-1,True,True
noaa_2023.csv,102,202301101258,2023,2023-01,outside_fixed_domain,-1,True,True
noaa_2023.csv,103,202301101349,2023,2023-01,outside_fixed_domain,-1,True,True
noaa_2023.csv,104,202301101444,2023,2023-01,outside_fixed_domain,-1,True,True
noaa_2023.csv,105,202301101602,2023,2023-01,outside_fixed_domain,-1,True,True
noaa_2023.csv,106,202301101717,2023,2023-01,selected_peak,0,True,True
noaa_2023.csv,107,202301101744,2023,2023-01,selected_peak,0,True,True
noaa_2023.csv,108,202301101931,2023,2023-01,outside_fixed_domain,-1,True,True
noaa_2023.csv,109,202301102009,2023,2023-01,outside_fixed_domain,-1,True,False
noaa_2023.csv,110,202301102026,2023,2023-01,outside_fixed_domain,-1,True,True
noaa_2023.csv,111,202301102239,2023,2023-01,selected_peak,4,True,True
noaa_2023.csv,112,202301102345,2023,2023-01,outside_fixed_domain,-1,True,True
noaa_2023.csv,113,202301110039,2023,2023-01,selected_peak,1,True,True
noaa_2023.csv,114,202301110149,2023,2023-01,selected_peak,3,True,True
noaa_2023.csv,115,202301110328,2023,2023-01,outside_fixed_domain,-1,True,True
noaa_2023.csv,116,202301110512,2023,2023-01,outside_fixed_domain,-1,True,True
noaa_2023.csv,117,202301110531,2023,2023-01,selected_peak,0,True,True
noaa_2023.csv,118,202301110825,2023,2023-01,selected_peak,1,True,True
noaa_2023.csv,119,202301111032,2023,2023-01,outside_fixed_domain,-1,True,True
noaa_2023.csv,120,202301111526,2023,2023-01,outside_fixed_domain,-1,True,True
noaa_2023.csv,121,202301112047,2023,2023-01,outside_fixed_domain,-1,True,True
noaa_2023.csv,122,202301120335,2023,2023-01,outside_fixed_domain,-1,True,True
noaa_2023.csv,123,202301120553,2023,2023-01,selected_peak,0,True,False
noaa_2023.csv,124,202301120633,2023,2023-01,selected_peak,0,True,True
noaa_2023.csv,125,202301120746,2023,2023-01,outside_fixed_domain,-1,True,True
noaa_2023.csv,126,202301120806,2023,2023-01,outside_fixed_domain,-1,True,True
noaa_2023.csv,127,202301121000,2023,2023-01,outside_fixed_domain,-1,True,True
noaa_2023.csv,128,202301121108,2023,2023-01,selected_peak,0,True,True
noaa_2023.csv,129,202301121344,2023,2023-01,outside_fixed_domain,-1,True,True
noaa_2023.csv,130,202301121439,2023,2023-01,selected_peak,0,True,True
noaa_2023.csv,131,202301121548,2023,2023-01,outside_fixed_domain,-1,True,True
noaa_2023.csv,132,202301121842,2023,2023-01,outside_fixed_domain,-1,True,False
noaa_2023.csv,133,202301121903,2023,2023-01,selected_peak,0,True,True
noaa_2023.csv,134,202301122024,2023,2023-01,outside_fixed_domain,-1,True,True
noaa_2023.csv,135,202301122050,2023,2023-01,outside_fixed_domain,-1,True,True
noaa_2023.csv,136,202301122214,2023,2023-01,outside_fixed_domain,-1,True,False
noaa_2023.csv,137,202301122233,2023,2023-01,outside_fixed_domain,-1,True,True
noaa_2023.csv,138,202301130253,2023,2023-01,selected_peak,0,True,True
noaa_2023.csv,139,202301130804,2023,2023-01,outside_fixed_domain,-1,True,True
noaa_2023.csv,140,202301130903,2023,2023-01,outside_fixed_domain,-1,True,False
noaa_2023.csv,141,202301130925,2023,2023-01,outside_fixed_domain,-1,True,True
noaa_2023.csv,142,202301131005,2023,2023-01,selected_peak,2,True,True
noaa_2023.csv,143,202301131455,2023,2023-01,outside_fixed_domain,-1,True,True
noaa_2023.csv,144,202301131654,2023,2023-01,outside_fixed_domain,-1,True,True
noaa_2023.csv,145,202301131726,2023,2023-01,outside_fixed_domain,-1,True,True
noaa_2023.csv,146,202301132041,2023,2023-01,outside_fixed_domain,-1,True,True
noaa_2023.csv,147,202301132125,2023,2023-01,outside_fixed_domain,-1,True,True
noaa_2023.csv,148,202301141057,2023,2023-01,outside_fixed_domain,-1,True,True
noaa_2023.csv,149,202301141343,2023,2023-01,outside_fixed_domain,-1,True,True
noaa_2023.csv,150,202301141434,2023,2023-01,outside_fixed_domain,-1,True,False
noaa_2023.csv,151,202301141445,2023,2023-01,outside_fixed_domain,-1,True,True
noaa_2023.csv,152,202301141529,2023,2023-01,outside_fixed_domain,-1,True,True
noaa_2023.csv,153,202301141954,2023,2023-01,outside_fixed_domain,-1,True,False
noaa_2023.csv,154,202301142006,2023,2023-01,selected_peak,2,True,True
noaa_2023.csv,155,202301142037,2023,2023-01,selected_peak,2,True,True
noaa_2023.csv,156,202301150308,2023,2023-01,selected_peak,3,True,True
noaa_2023.csv,157,202301151207,2023,2023-01,outside_fixed_domain,-1,True,True
noaa_2023.csv,158,202301151416,2023,2023-01,selected_peak,2,True,True
noaa_2023.csv,159,202301151929,2023,2023-01,outside_fixed_domain,-1,True,True
noaa_2023.csv,160,202301152120,2023,2023-01,outside_fixed_domain,-1,True,True
noaa_2023.csv,161,202301160432,2023,2023-01,outside_fixed_domain,-1,True,True
noaa_2023.csv,162,202301160509,2023,2023-01,outside_fixed_domain,-1,True,True
noaa_2023.csv,163,202301160909,2023,2023-01,outside_fixed_domain,-1,True,True
noaa_2023.csv,164,202301161136,2023,2023-01,outside_fixed_domain,-1,True,True
noaa_2023.csv,165,202301161424,2023,2023-01,outside_fixed_domain,-1,True,True
noaa_2023.csv,166,202301170002,2023,2023-01,outside_fixed_domain,-1,True,True
noaa_2023.csv,167,202301170113,2023,2023-01,outside_fixed_domain,-1,True,True
noaa_2023.csv,168,202301170416,2023,2023-01,outside_fixed_domain,-1,True,True
noaa_2023.csv,169,202301170515,2023,2023-01,outside_fixed_domain,-1,True,True
noaa_2023.csv,170,202301171310,2023,2023-01,outside_fixed_domain,-1,True,True
noaa_2023.csv,171,202301171458,2023,2023-01,outside_fixed_domain,-1,True,True
noaa_2023.csv,172,202301172030,2023,2023-01,outside_fixed_domain,-1,True,True
noaa_2023.csv,173,202301172229,2023,2023-01,outside_fixed_domain,-1,True,True
noaa_2023.csv,174,202301172316,2023,2023-01,selected_peak,1,True,True
noaa_2023.csv,175,202301180135,2023,2023-01,outside_fixed_domain,-1,True,True
noaa_2023.csv,176,202301180458,2023,2023-01,outside_fixed_domain,-1,True,True
noaa_2023.csv,177,202301181021,2023,2023-01,selected_peak,1,True,True
noaa_2023.csv,178,202301181358,2023,2023-01,outside_fixed_domain,-1,True,True
noaa_2023.csv,179,202301181434,2023,2023-01,outside_fixed_domain,-1,True,True
noaa_2023.csv,180,202301181523,2023,2023-01,outside_fixed_domain,-1,True,True
noaa_2023.csv,181,202301182037,2023,2023-01,outside_fixed_domain,-1,True,True
noaa_2023.csv,182,202301182258,2023,2023-01,outside_fixed_domain,-1,True,True
noaa_2023.csv,183,202301190055,2023,2023-01,outside_fixed_domain,-1,True,True
noaa_2023.csv,184,202301190347,2023,2023-01,outside_fixed_domain,-1,True,False
noaa_2023.csv,185,202301190400,2023,2023-01,selected_peak,0,True,True
noaa_2023.csv,186,202301190526,2023,2023-01,outside_fixed_domain,-1,True,True
noaa_2023.csv,187,202301190841,2023,2023-01,outside_fixed_domain,-1,True,True
noaa_2023.csv,188,202301190941,2023,2023-01,outside_fixed_domain,-1,True,True
noaa_2023.csv,189,202301191006,2023,2023-01,selected_peak,0,True,True
noaa_2023.csv,190,202301191057,2023,2023-01,outside_fixed_domain,-1,True,True
noaa_2023.csv,191,202301191526,2023,2023-01,outside_fixed_domain,-1,True,True
noaa_2023.csv,192,202301191835,2023,2023-01,outside_fixed_domain,-1,True,True
noaa_2023.csv,193,202301192247,2023,2023-01,outside_fixed_domain,-1,True,True
noaa_2023.csv,194,202301200134,2023,2023-01,outside_fixed_domain,-1,True,True
noaa_2023.csv,195,202301201253,2023,2023-01,outside_fixed_domain,-1,True,True
noaa_2023.csv,196,202301201347,2023,2023-01,outside_fixed_domain,-1,True,True
noaa_2023.csv,197,202301201650,2023,2023-01,outside_fixed_domain,-1,True,True
noaa_2023.csv,198,202301202243,2023,2023-01,outside_fixed_domain,-1,True,True
noaa_2023.csv,199,202301202341,2023,2023-01,outside_fixed_domain,-1,True,True
noaa_2023.csv,200,202301210148,2023,2023-01,outside_fixed_domain,-1,True,True
noaa_2023.csv,201,202301210232,2023,2023-01,outside_fixed_domain,-1,True,True
noaa_2023.csv,202,202301210356,2023,2023-01,outside_fixed_domain,-1,True,True
noaa_2023.csv,203,202301210531,2023,2023-01,outside_fixed_domain,-1,True,True
noaa_2023.csv,204,202301210935,2023,2023-01,outside_fixed_domain,-1,True,True
noaa_2023.csv,205,202301211102,2023,2023-01,outside_fixed_domain,-1,True,False
noaa_2023.csv,206,202301211121,2023,2023-01,outside_fixed_domain,-1,True,True
noaa_2023.csv,207,202301212009,2023,2023-01,outside_fixed_domain,-1,True,True
noaa_2023.csv,208,202301220209,2023,2023-01,outside_fixed_domain,-1,True,True
noaa_2023.csv,209,202301221037,2023,2023-01,outside_fixed_domain,-1,True,True
noaa_2023.csv,210,202301221139,2023,2023-01,outside_fixed_domain,-1,True,False
noaa_2023.csv,211,202301221152,2023,2023-01,outside_fixed_domain,-1,True,False
noaa_2023.csv,212,202301221200,2023,2023-01,outside_fixed_domain,-1,True,False
noaa_2023.csv,213,202301221211,2023,2023-01,selected_peak,0,True,True
noaa_2023.csv,214,202301221404,2023,2023-01,outside_fixed_domain,-1,True,True
noaa_2023.csv,215,202301221501,2023,2023-01,outside_fixed_domain,-1,True,True
noaa_2023.csv,216,202301221547,2023,2023-01,outside_fixed_domain,-1,True,True
noaa_2023.csv,217,202301221649,2023,2023-01,selected_peak,0,True,True
noaa_2023.csv,218,202301222054,2023,2023-01,outside_fixed_domain,-1,True,True
noaa_2023.csv,219,202301222206,2023,2023-01,outside_fixed_domain,-1,True,True
noaa_2023.csv,220,202301230610,2023,2023-01,outside_fixed_domain,-1,True,True
noaa_2023.csv,221,202301230736,2023,2023-01,outside_fixed_domain,-1,True,True
noaa_2023.csv,222,202301230928,2023,2023-01,outside_fixed_domain,-1,True,False
noaa_2023.csv,223,202301230946,2023,2023-01,outside_fixed_domain,-1,True,True
noaa_2023.csv,224,202301231123,2023,2023-01,outside_fixed_domain,-1,True,True
noaa_2023.csv,225,202301231832,2023,2023-01,outside_fixed_domain,-1,True,True
noaa_2023.csv,226,202301232252,2023,2023-01,outside_fixed_domain,-1,True,True
noaa_2023.csv,227,202301240411,2023,2023-01,outside_fixed_domain,-1,True,True
noaa_2023.csv,228,202301240537,2023,2023-01,outside_fixed_domain,-1,True,True
noaa_2023.csv,229,202301240657,2023,2023-01,outside_fixed_domain,-1,True,False
noaa_2023.csv,230,202301240717,2023,2023-01,outside_fixed_domain,-1,True,True
noaa_2023.csv,231,202301240824,2023,2023-01,outside_fixed_domain,-1,True,True
noaa_2023.csv,232,202301241318,2023,2023-01,outside_fixed_domain,-1,True,True
noaa_2023.csv,233,202301241334,2023,2023-01,outside_fixed_domain,-1,True,True
noaa_2023.csv,234,202301241359,2023,2023-01,outside_fixed_domain,-1,True,False
noaa_2023.csv,235,202301241508,2023,2023-01,outside_fixed_domain,-1,True,True
noaa_2023.csv,236,202301241643,2023,2023-01,outside_fixed_domain,-1,True,True
noaa_2023.csv,237,202301241846,2023,2023-01,outside_fixed_domain,-1,True,True
noaa_2023.csv,238,202301250131,2023,2023-01,outside_fixed_domain,-1,True,False
noaa_2023.csv,239,202301250146,2023,2023-01,outside_fixed_domain,-1,True,True
noaa_2023.csv,240,202301250443,2023,2023-01,outside_fixed_domain,-1,True,True
noaa_2023.csv,241,202301250759,2023,2023-01,outside_fixed_domain,-1,True,True
noaa_2023.csv,242,202301250821,2023,2023-01,outside_fixed_domain,-1,True,True
noaa_2023.csv,243,202301250937,2023,2023-01,selected_peak,2,True,True
noaa_2023.csv,244,202301251444,2023,2023-01,outside_fixed_domain,-1,True,True
noaa_2023.csv,245,202301251642,2023,2023-01,selected_peak,0,True,True
noaa_2023.csv,246,202301252152,2023,2023-01,outside_fixed_domain,-1,True,True
noaa_2023.csv,247,202301252223,2023,2023-01,selected_peak,1,True,True
noaa_2023.csv,248,202301260244,2023,2023-01,outside_fixed_domain,-1,True,True
noaa_2023.csv,249,202301260419,2023,2023-01,outside_fixed_domain,-1,True,True
noaa_2023.csv,250,202301260645,2023,2023-01,outside_fixed_domain,-1,True,True
noaa_2023.csv,251,202301260724,2023,2023-01,outside_fixed_domain,-1,True,True
noaa_2023.csv,252,202301261236,2023,2023-01,outside_fixed_domain,-1,True,True
noaa_2023.csv,253,202301261253,2023,2023-01,selected_peak,1,True,True
noaa_2023.csv,254,202301261432,2023,2023-01,outside_fixed_domain,-1,True,True
noaa_2023.csv,255,202301261451,2023,2023-01,outside_fixed_domain,-1,True,True
noaa_2023.csv,256,202301261806,2023,2023-01,outside_fixed_domain,-1,True,True
noaa_2023.csv,257,202301261908,2023,2023-01,outside_fixed_domain,-1,True,True
noaa_2023.csv,258,202301262318,2023,2023-01,outside_fixed_domain,-1,True,True
noaa_2023.csv,259,202301270121,2023,2023-01,outside_fixed_domain,-1,True,True
noaa_2023.csv,260,202301272133,2023,2023-01,outside_fixed_domain,-1,True,True
noaa_2023.csv,261,202301280733,2023,2023-01,outside_fixed_domain,-1,True,True
noaa_2023.csv,262,202301280857,2023,2023-01,outside_fixed_domain,-1,True,True
noaa_2023.csv,263,202301281151,2023,2023-01,outside_fixed_domain,-1,True,True
noaa_2023.csv,264,202301290001,2023,2023-01,outside_fixed_domain,-1,True,True
noaa_2023.csv,265,202301291204,2023,2023-01,outside_fixed_domain,-1,True,True
noaa_2023.csv,266,202301300404,2023,2023-01,outside_fixed_domain,-1,True,True
noaa_2023.csv,267,202301300558,2023,2023-01,outside_fixed_domain,-1,True,True
noaa_2023.csv,268,202301300615,2023,2023-01,outside_fixed_domain,-1,True,True
noaa_2023.csv,269,202301300739,2023,2023-01,outside_fixed_domain,-1,True,True
noaa_2023.csv,270,202301301153,2023,2023-01,outside_fixed_domain,-1,True,True
noaa_2023.csv,271,202301301551,2023,2023-01,outside_fixed_domain,-1,True,True
noaa_2023.csv,272,202301301744,2023,2023-01,outside_fixed_domain,-1,True,True
noaa_2023.csv,273,202301301844,2023,2023-01,outside_fixed_domain,-1,True,True
noaa_2023.csv,274,202301302053,2023,2023-01,outside_fixed_domain,-1,True,True
noaa_2023.csv,275,202301302154,2023,2023-01,outside_fixed_domain,-1,True,True
noaa_2023.csv,276,202301302337,2023,2023-01,outside_fixed_domain,-1,True,False
noaa_2023.csv,277,202301310021,2023,2023-01,outside_fixed_domain,-1,True,True
noaa_2023.csv,278,202301310652,2023,2023-01,outside_fixed_domain,-1,True,True
noaa_2023.csv,279,202301311045,2023,2023-01,outside_fixed_domain,-1,True,True
noaa_2023.csv,280,202301311256,2023,2023-01,outside_fixed_domain,-1,True,False
noaa_2023.csv,281,202301311312,2023,2023-01,outside_fixed_domain,-1,True,True
noaa_2023.csv,282,202301311517,2023,2023-01,outside_fixed_domain,-1,True,True
noaa_2023.csv,283,202301311612,2023,2023-01,outside_fixed_domain,-1,True,True
noaa_2023.csv,284,202301311814,2023,2023-01,outside_fixed_domain,-1,True,True
noaa_2023.csv,285,202301311921,2023,2023-01,outside_fixed_domain,-1,True,True
noaa_2023.csv,286,202301312205,2023,2023-01,outside_fixed_domain,-1,True,True
noaa_2023.csv,287,202302010100,2023,2023-02,outside_fixed_domain,-1,True,True
noaa_2023.csv,288,202302010120,2023,2023-02,outside_fixed_domain,-1,True,True
noaa_2023.csv,289,202302010811,2023,2023-02,outside_fixed_domain,-1,True,True
noaa_2023.csv,290,202302011750,2023,2023-02,outside_fixed_domain,-1,True,False
noaa_2023.csv,291,202302012233,2023,2023-02,outside_fixed_domain,-1,True,True
noaa_2023.csv,292,202302020424,2023,2023-02,outside_fixed_domain,-1,True,True
noaa_2023.csv,293,202302021401,2023,2023-02,outside_fixed_domain,-1,True,True
noaa_2023.csv,294,202302030008,2023,2023-02,outside_fixed_domain,-1,True,True
noaa_2023.csv,295,202302030231,2023,2023-02,outside_fixed_domain,-1,True,True
noaa_2023.csv,296,202302030843,2023,2023-02,outside_fixed_domain,-1,True,True
noaa_2023.csv,297,202302031520,2023,2023-02,outside_fixed_domain,-1,True,True
noaa_2023.csv,298,202302031542,2023,2023-02,outside_fixed_domain,-1,True,True
noaa_2023.csv,299,202302031630,2023,2023-02,outside_fixed_domain,-1,True,True
noaa_2023.csv,300,202302040025,2023,2023-02,outside_fixed_domain,-1,True,True
noaa_2023.csv,301,202302040506,2023,2023-02,outside_fixed_domain,-1,True,True
noaa_2023.csv,302,202302040649,2023,2023-02,outside_fixed_domain,-1,True,True
noaa_2023.csv,303,202302041517,2023,2023-02,outside_fixed_domain,-1,True,True
noaa_2023.csv,304,202302050245,2023,2023-02,outside_fixed_domain,-1,True,True
noaa_2023.csv,305,202302050316,2023,2023-02,outside_fixed_domain,-1,True,True
noaa_2023.csv,306,202302051038,2023,2023-02,outside_fixed_domain,-1,True,True
noaa_2023.csv,307,202302061144,2023,2023-02,outside_fixed_domain,-1,True,True
noaa_2023.csv,308,202302061158,2023,2023-02,outside_fixed_domain,-1,True,True
noaa_2023.csv,309,202302061536,2023,2023-02,outside_fixed_domain,-1,True,True
noaa_2023.csv,310,202302061607,2023,2023-02,outside_fixed_domain,-1,True,False
noaa_2023.csv,311,202302061628,2023,2023-02,outside_fixed_domain,-1,True,True
noaa_2023.csv,312,202302061655,2023,2023-02,outside_fixed_domain,-1,True,True
noaa_2023.csv,313,202302061737,2023,2023-02,outside_fixed_domain,-1,True,True
noaa_2023.csv,314,202302061752,2023,2023-02,outside_fixed_domain,-1,True,True
noaa_2023.csv,315,202302062016,2023,2023-02,outside_fixed_domain,-1,True,True
noaa_2023.csv,316,202302070120,2023,2023-02,outside_fixed_domain,-1,True,True
noaa_2023.csv,317,202302070234,2023,2023-02,outside_fixed_domain,-1,True,True
noaa_2023.csv,318,202302070337,2023,2023-02,outside_fixed_domain,-1,True,True
noaa_2023.csv,319,202302070600,2023,2023-02,outside_fixed_domain,-1,True,True
noaa_2023.csv,320,202302070708,2023,2023-02,outside_fixed_domain,-1,True,True
noaa_2023.csv,321,202302070822,2023,2023-02,outside_fixed_domain,-1,True,True
noaa_2023.csv,322,202302070948,2023,2023-02,outside_fixed_domain,-1,True,True
noaa_2023.csv,323,202302071202,2023,2023-02,outside_fixed_domain,-1,True,False
noaa_2023.csv,324,202302071216,2023,2023-02,outside_fixed_domain,-1,True,False
noaa_2023.csv,325,202302071226,2023,2023-02,outside_fixed_domain,-1,True,True
noaa_2023.csv,326,202302071309,2023,2023-02,outside_fixed_domain,-1,True,False
noaa_2023.csv,327,202302071333,2023,2023-02,selected_peak,0,True,True
noaa_2023.csv,328,202302071710,2023,2023-02,outside_fixed_domain,-1,True,True
noaa_2023.csv,329,202302071809,2023,2023-02,outside_fixed_domain,-1,True,True
noaa_2023.csv,330,202302071926,2023,2023-02,outside_fixed_domain,-1,True,True
noaa_2023.csv,331,202302072001,2023,2023-02,selected_peak,0,True,True
noaa_2023.csv,332,202302072121,2023,2023-02,outside_fixed_domain,-1,True,False
noaa_2023.csv,333,202302072134,2023,2023-02,outside_fixed_domain,-1,True,True
noaa_2023.csv,334,202302072233,2023,2023-02,outside_fixed_domain,-1,True,False
noaa_2023.csv,335,202302072246,2023,2023-02,selected_peak,2,True,True
noaa_2023.csv,336,202302080211,2023,2023-02,outside_fixed_domain,-1,True,True
noaa_2023.csv,337,202302080245,2023,2023-02,selected_peak,1,True,True
noaa_2023.csv,338,202302080504,2023,2023-02,outside_fixed_domain,-1,True,True
noaa_2023.csv,339,202302080626,2023,2023-02,outside_fixed_domain,-1,True,True
noaa_2023.csv,340,202302081003,2023,2023-02,outside_fixed_domain,-1,True,True
noaa_2023.csv,341,202302081500,2023,2023-02,outside_fixed_domain,-1,True,True
noaa_2023.csv,342,202302081528,2023,2023-02,selected_peak,0,True,True
noaa_2023.csv,343,202302081839,2023,2023-02,outside_fixed_domain,-1,True,True
noaa_2023.csv,344,202302081956,2023,2023-02,selected_peak,0,True,True
noaa_2023.csv,345,202302082103,2023,2023-02,selected_peak,0,True,False
noaa_2023.csv,346,202302082121,2023,2023-02,selected_peak,0,True,True
noaa_2023.csv,347,202302090245,2023,2023-02,selected_peak,1,True,True
noaa_2023.csv,348,202302090511,2023,2023-02,outside_fixed_domain,-1,True,False
noaa_2023.csv,349,202302090533,2023,2023-02,outside_fixed_domain,-1,True,True
noaa_2023.csv,350,202302090711,2023,2023-02,selected_peak,0,True,True
noaa_2023.csv,351,202302090849,2023,2023-02,selected_peak,1,True,True
noaa_2023.csv,352,202302091203,2023,2023-02,outside_fixed_domain,-1,True,True
noaa_2023.csv,353,202302091444,2023,2023-02,selected_peak,0,True,True
noaa_2023.csv,354,202302091514,2023,2023-02,selected_peak,0,True,True
noaa_2023.csv,355,202302091707,2023,2023-02,outside_fixed_domain,-1,True,True
noaa_2023.csv,356,202302091745,2023,2023-02,outside_fixed_domain,-1,True,False
noaa_2023.csv,357,202302091804,2023,2023-02,outside_fixed_domain,-1,True,False
noaa_2023.csv,358,202302091818,2023,2023-02,selected_peak,1,True,True
noaa_2023.csv,359,202302092104,2023,2023-02,outside_fixed_domain,-1,True,True
noaa_2023.csv,360,202302092241,2023,2023-02,outside_fixed_domain,-1,True,True
noaa_2023.csv,361,202302100018,2023,2023-02,outside_fixed_domain,-1,True,True
noaa_2023.csv,362,202302100245,2023,2023-02,selected_peak,2,True,True
noaa_2023.csv,363,202302100535,2023,2023-02,outside_fixed_domain,-1,True,True
noaa_2023.csv,364,202302100802,2023,2023-02,selected_peak,0,True,True
noaa_2023.csv,365,202302100845,2023,2023-02,outside_fixed_domain,-1,True,True
noaa_2023.csv,366,202302100900,2023,2023-02,outside_fixed_domain,-1,True,True
noaa_2023.csv,367,202302101023,2023,2023-02,outside_fixed_domain,-1,True,True
noaa_2023.csv,368,202302101043,2023,2023-02,outside_fixed_domain,-1,True,True
noaa_2023.csv,369,202302101435,2023,2023-02,selected_peak,0,True,True
noaa_2023.csv,370,202302102219,2023,2023-02,outside_fixed_domain,-1,True,True
noaa_2023.csv,371,202302102234,2023,2023-02,selected_peak,0,True,True
noaa_2023.csv,372,202302102355,2023,2023-02,outside_fixed_domain,-1,True,True
noaa_2023.csv,373,202302110610,2023,2023-02,outside_fixed_domain,-1,True,False
noaa_2023.csv,374,202302110627,2023,2023-02,outside_fixed_domain,-1,True,False
noaa_2023.csv,375,202302110642,2023,2023-02,outside_fixed_domain,-1,True,True
noaa_2023.csv,376,202302110748,2023,2023-02,outside_fixed_domain,-1,True,False
noaa_2023.csv,377,202302110759,2023,2023-02,selected_peak,1,True,True
noaa_2023.csv,378,202302110913,2023,2023-02,outside_fixed_domain,-1,True,True
noaa_2023.csv,379,202302111042,2023,2023-02,selected_peak,0,True,False
noaa_2023.csv,380,202302111129,2023,2023-02,selected_peak,0,True,True
noaa_2023.csv,381,202302111205,2023,2023-02,selected_peak,0,True,True
noaa_2023.csv,382,202302111540,2023,2023-02,selected_peak,4,True,True
noaa_2023.csv,383,202302111711,2023,2023-02,selected_peak,0,True,True
noaa_2023.csv,384,202302112245,2023,2023-02,outside_fixed_domain,-1,True,True
noaa_2023.csv,385,202302120147,2023,2023-02,outside_fixed_domain,-1,True,True
noaa_2023.csv,386,202302120233,2023,2023-02,outside_fixed_domain,-1,True,True
noaa_2023.csv,387,202302120334,2023,2023-02,outside_fixed_domain,-1,True,True
noaa_2023.csv,388,202302120456,2023,2023-02,outside_fixed_domain,-1,True,True
noaa_2023.csv,389,202302120524,2023,2023-02,outside_fixed_domain,-1,True,True
noaa_2023.csv,390,202302120835,2023,2023-02,selected_peak,2,True,True
noaa_2023.csv,391,202302120911,2023,2023-02,selected_peak,0,True,True
noaa_2023.csv,392,202302121323,2023,2023-02,selected_peak,0,True,True
noaa_2023.csv,393,202302121503,2023,2023-02,outside_fixed_domain,-1,True,True
noaa_2023.csv,394,202302121533,2023,2023-02,selected_peak,0,True,True
noaa_2023.csv,395,202302121717,2023,2023-02,outside_fixed_domain,-1,True,True
noaa_2023.csv,396,202302121956,2023,2023-02,outside_fixed_domain,-1,True,True
noaa_2023.csv,397,202302122254,2023,2023-02,outside_fixed_domain,-1,True,True
noaa_2023.csv,398,202302122357,2023,2023-02,outside_fixed_domain,-1,True,False
noaa_2023.csv,399,202302130009,2023,2023-02,outside_fixed_domain,-1,True,True
noaa_2023.csv,400,202302130504,2023,2023-02,selected_peak,0,True,True
noaa_2023.csv,401,202302130654,2023,2023-02,outside_fixed_domain,-1,True,True
noaa_2023.csv,402,202302130759,2023,2023-02,outside_fixed_domain,-1,True,True
noaa_2023.csv,403,202302131029,2023,2023-02,outside_fixed_domain,-1,True,False
noaa_2023.csv,404,202302131043,2023,2023-02,outside_fixed_domain,-1,True,True
noaa_2023.csv,405,202302131255,2023,2023-02,outside_fixed_domain,-1,True,False
noaa_2023.csv,406,202302131311,2023,2023-02,outside_fixed_domain,-1,True,True
noaa_2023.csv,407,202302131422,2023,2023-02,outside_fixed_domain,-1,True,True
noaa_2023.csv,408,202302131529,2023,2023-02,outside_fixed_domain,-1,True,False
noaa_2023.csv,409,202302131549,2023,2023-02,selected_peak,0,True,True
noaa_2023.csv,410,202302131810,2023,2023-02,outside_fixed_domain,-1,True,False
noaa_2023.csv,411,202302131827,2023,2023-02,outside_fixed_domain,-1,True,True
noaa_2023.csv,412,202302131857,2023,2023-02,outside_fixed_domain,-1,True,False
noaa_2023.csv,413,202302131931,2023,2023-02,outside_fixed_domain,-1,True,True
noaa_2023.csv,414,202302140013,2023,2023-02,outside_fixed_domain,-1,True,True
noaa_2023.csv,415,202302140157,2023,2023-02,selected_peak,1,True,True
noaa_2023.csv,416,202302140406,2023,2023-02,outside_fixed_domain,-1,True,False
noaa_2023.csv,417,202302140425,2023,2023-02,outside_fixed_domain,-1,True,True
noaa_2023.csv,418,202302140508,2023,2023-02,outside_fixed_domain,-1,True,False
noaa_2023.csv,419,202302140526,2023,2023-02,outside_fixed_domain,-1,True,True
noaa_2023.csv,420,202302140613,2023,2023-02,outside_fixed_domain,-1,True,True
noaa_2023.csv,421,202302140937,2023,2023-02,outside_fixed_domain,-1,True,True
noaa_2023.csv,422,202302141038,2023,2023-02,outside_fixed_domain,-1,True,True
noaa_2023.csv,423,202302141111,2023,2023-02,outside_fixed_domain,-1,True,True
noaa_2023.csv,424,202302141159,2023,2023-02,selected_peak,1,True,True
noaa_2023.csv,425,202302142113,2023,2023-02,outside_fixed_domain,-1,True,True
noaa_2023.csv,426,202302150215,2023,2023-02,outside_fixed_domain,-1,True,True
noaa_2023.csv,427,202302150251,2023,2023-02,outside_fixed_domain,-1,True,True
noaa_2023.csv,428,202302150411,2023,2023-02,outside_fixed_domain,-1,True,False
noaa_2023.csv,429,202302150438,2023,2023-02,selected_peak,0,True,True
noaa_2023.csv,430,202302150516,2023,2023-02,selected_peak,1,True,True
noaa_2023.csv,431,202302150642,2023,2023-02,selected_peak,0,True,True
noaa_2023.csv,432,202302150842,2023,2023-02,outside_fixed_domain,-1,True,True
noaa_2023.csv,433,202302150904,2023,2023-02,outside_fixed_domain,-1,True,True
noaa_2023.csv,434,202302151004,2023,2023-02,outside_fixed_domain,-1,True,False
noaa_2023.csv,435,202302151021,2023,2023-02,outside_fixed_domain,-1,True,True
noaa_2023.csv,436,202302151246,2023,2023-02,outside_fixed_domain,-1,True,True
noaa_2023.csv,437,202302151326,2023,2023-02,outside_fixed_domain,-1,True,False
noaa_2023.csv,438,202302151339,2023,2023-02,outside_fixed_domain,-1,True,True
noaa_2023.csv,439,202302151552,2023,2023-02,outside_fixed_domain,-1,True,True
noaa_2023.csv,440,202302151731,2023,2023-02,outside_fixed_domain,-1,True,False
noaa_2023.csv,441,202302151742,2023,2023-02,outside_fixed_domain,-1,True,True
noaa_2023.csv,442,202302151923,2023,2023-02,outside_fixed_domain,-1,True,True
noaa_2023.csv,443,202302151949,2023,2023-02,outside_fixed_domain,-1,True,True
noaa_2023.csv,444,202302152105,2023,2023-02,selected_peak,0,True,True
noaa_2023.csv,445,202302152327,2023,2023-02,outside_fixed_domain,-1,True,True
noaa_2023.csv,446,202302160019,2023,2023-02,selected_peak,0,True,True
noaa_2023.csv,447,202302160503,2023,2023-02,outside_fixed_domain,-1,True,True
noaa_2023.csv,448,202302160636,2023,2023-02,outside_fixed_domain,-1,True,True
noaa_2023.csv,449,202302160803,2023,2023-02,outside_fixed_domain,-1,True,False
noaa_2023.csv,450,202302160843,2023,2023-02,outside_fixed_domain,-1,True,True
noaa_2023.csv,451,202302161016,2023,2023-02,outside_fixed_domain,-1,True,True
noaa_2023.csv,452,202302161645,2023,2023-02,outside_fixed_domain,-1,True,True
noaa_2023.csv,453,202302161834,2023,2023-02,outside_fixed_domain,-1,True,False
noaa_2023.csv,454,202302161903,2023,2023-02,outside_fixed_domain,-1,True,True
noaa_2023.csv,455,202302162039,2023,2023-02,outside_fixed_domain,-1,True,True
noaa_2023.csv,456,202302170131,2023,2023-02,outside_fixed_domain,-1,True,True
noaa_2023.csv,457,202302170419,2023,2023-02,outside_fixed_domain,-1,True,True
noaa_2023.csv,458,202302170729,2023,2023-02,outside_fixed_domain,-1,True,True
noaa_2023.csv,459,202302170929,2023,2023-02,outside_fixed_domain,-1,True,True
noaa_2023.csv,460,202302171024,2023,2023-02,outside_fixed_domain,-1,True,True
noaa_2023.csv,461,202302171044,2023,2023-02,outside_fixed_domain,-1,True,True
noaa_2023.csv,462,202302171143,2023,2023-02,outside_fixed_domain,-1,True,True
noaa_2023.csv,463,202302171938,2023,2023-02,selected_peak,4,True,True
noaa_2023.csv,464,202302180816,2023,2023-02,outside_fixed_domain,-1,True,True
noaa_2023.csv,465,202302181149,2023,2023-02,outside_fixed_domain,-1,True,True
noaa_2023.csv,466,202302181831,2023,2023-02,outside_fixed_domain,-1,True,True
noaa_2023.csv,467,202302182214,2023,2023-02,outside_fixed_domain,-1,True,True
noaa_2023.csv,468,202302190355,2023,2023-02,outside_fixed_domain,-1,True,True
noaa_2023.csv,469,202302190721,2023,2023-02,outside_fixed_domain,-1,True,False
noaa_2023.csv,470,202302190731,2023,2023-02,outside_fixed_domain,-1,True,True
noaa_2023.csv,471,202302190744,2023,2023-02,outside_fixed_domain,-1,True,False
noaa_2023.csv,472,202302190800,2023,2023-02,outside_fixed_domain,-1,True,True
noaa_2023.csv,473,202302191252,2023,2023-02,outside_fixed_domain,-1,True,True
noaa_2023.csv,474,202302191450,2023,2023-02,outside_fixed_domain,-1,True,True
noaa_2023.csv,475,202302191542,2023,2023-02,outside_fixed_domain,-1,True,True
noaa_2023.csv,476,202302191709,2023,2023-02,outside_fixed_domain,-1,True,True
noaa_2023.csv,477,202302191853,2023,2023-02,outside_fixed_domain,-1,True,True
noaa_2023.csv,478,202302192054,2023,2023-02,outside_fixed_domain,-1,True,True
noaa_2023.csv,479,202302192357,2023,2023-02,outside_fixed_domain,-1,True,True
noaa_2023.csv,480,202302200119,2023,2023-02,outside_fixed_domain,-1,True,True
noaa_2023.csv,481,202302200208,2023,2023-02,outside_fixed_domain,-1,True,True
noaa_2023.csv,482,202302200412,2023,2023-02,outside_fixed_domain,-1,True,True
noaa_2023.csv,483,202302200439,2023,2023-02,outside_fixed_domain,-1,True,True
noaa_2023.csv,484,202302200558,2023,2023-02,outside_fixed_domain,-1,True,True
noaa_2023.csv,485,202302200641,2023,2023-02,outside_fixed_domain,-1,True,False
noaa_2023.csv,486,202302200649,2023,2023-02,outside_fixed_domain,-1,True,True
noaa_2023.csv,487,202302201025,2023,2023-02,outside_fixed_domain,-1,True,True
noaa_2023.csv,488,202302201447,2023,2023-02,selected_peak,2,True,True
noaa_2023.csv,489,202302201622,2023,2023-02,outside_fixed_domain,-1,True,True
noaa_2023.csv,490,202302201737,2023,2023-02,outside_fixed_domain,-1,True,True
noaa_2023.csv,491,202302201905,2023,2023-02,outside_fixed_domain,-1,True,True
noaa_2023.csv,492,202302202158,2023,2023-02,outside_fixed_domain,-1,True,True
noaa_2023.csv,493,202302202214,2023,2023-02,outside_fixed_domain,-1,True,True
noaa_2023.csv,494,202302202319,2023,2023-02,outside_fixed_domain,-1,True,True
noaa_2023.csv,495,202302210340,2023,2023-02,outside_fixed_domain,-1,True,True
noaa_2023.csv,496,202302210435,2023,2023-02,outside_fixed_domain,-1,True,True
noaa_2023.csv,497,202302211040,2023,2023-02,outside_fixed_domain,-1,True,False
noaa_2023.csv,498,202302211105,2023,2023-02,selected_peak,0,True,False
noaa_2023.csv,499,202302211114,2023,2023-02,selected_peak,2,True,True
noaa_2023.csv,500,202302211217,2023,2023-02,outside_fixed_domain,-1,True,True
noaa_2023.csv,501,202302211420,2023,2023-02,outside_fixed_domain,-1,True,True
noaa_2023.csv,502,202302211826,2023,2023-02,outside_fixed_domain,-1,True,True
noaa_2023.csv,503,202302211923,2023,2023-02,outside_fixed_domain,-1,True,True
noaa_2023.csv,504,202302211957,2023,2023-02,selected_peak,2,True,True
noaa_2023.csv,505,202302212101,2023,2023-02,outside_fixed_domain,-1,True,True
noaa_2023.csv,506,202302212143,2023,2023-02,outside_fixed_domain,-1,True,True
noaa_2023.csv,507,202302212353,2023,2023-02,outside_fixed_domain,-1,True,True
noaa_2023.csv,508,202302220010,2023,2023-02,outside_fixed_domain,-1,True,True
noaa_2023.csv,509,202302220113,2023,2023-02,outside_fixed_domain,-1,True,True
noaa_2023.csv,510,202302220237,2023,2023-02,outside_fixed_domain,-1,True,True
noaa_2023.csv,511,202302220407,2023,2023-02,outside_fixed_domain,-1,True,True
noaa_2023.csv,512,202302220451,2023,2023-02,selected_peak,0,True,True
noaa_2023.csv,513,202302220757,2023,2023-02,outside_fixed_domain,-1,True,True
noaa_2023.csv,514,202302221022,2023,2023-02,outside_fixed_domain,-1,True,True
noaa_2023.csv,515,202302221226,2023,2023-02,outside_fixed_domain,-1,True,True
noaa_2023.csv,516,202302221246,2023,2023-02,outside_fixed_domain,-1,True,True
noaa_2023.csv,517,202302221336,2023,2023-02,selected_peak,1,True,True
noaa_2023.csv,518,202302221646,2023,2023-02,outside_fixed_domain,-1,True,True
noaa_2023.csv,519,202302222252,2023,2023-02,outside_fixed_domain,-1,True,True
noaa_2023.csv,520,202302230043,2023,2023-02,outside_fixed_domain,-1,True,True
noaa_2023.csv,521,202302230213,2023,2023-02,outside_fixed_domain,-1,True,True
noaa_2023.csv,522,202302230330,2023,2023-02,outside_fixed_domain,-1,True,False
noaa_2023.csv,523,202302230400,2023,2023-02,outside_fixed_domain,-1,True,True
noaa_2023.csv,524,202302230516,2023,2023-02,outside_fixed_domain,-1,True,True
noaa_2023.csv,525,202302230600,2023,2023-02,outside_fixed_domain,-1,True,True
noaa_2023.csv,526,202302230611,2023,2023-02,selected_peak,0,True,True
noaa_2023.csv,527,202302230758,2023,2023-02,outside_fixed_domain,-1,True,True
noaa_2023.csv,528,202302230832,2023,2023-02,selected_peak,0,True,False
noaa_2023.csv,529,202302230851,2023,2023-02,selected_peak,0,True,True
noaa_2023.csv,530,202302231219,2023,2023-02,outside_fixed_domain,-1,True,True
noaa_2023.csv,531,202302231424,2023,2023-02,outside_fixed_domain,-1,True,True
noaa_2023.csv,532,202302231504,2023,2023-02,outside_fixed_domain,-1,True,True
noaa_2023.csv,533,202302231752,2023,2023-02,outside_fixed_domain,-1,True,True
noaa_2023.csv,534,202302232307,2023,2023-02,outside_fixed_domain,-1,True,True
noaa_2023.csv,535,202302240025,2023,2023-02,outside_fixed_domain,-1,True,False
noaa_2023.csv,536,202302240033,2023,2023-02,outside_fixed_domain,-1,True,True
noaa_2023.csv,537,202302240246,2023,2023-02,outside_fixed_domain,-1,True,True
noaa_2023.csv,538,202302240554,2023,2023-02,outside_fixed_domain,-1,True,True
noaa_2023.csv,539,202302240654,2023,2023-02,outside_fixed_domain,-1,True,True
noaa_2023.csv,540,202302240935,2023,2023-02,outside_fixed_domain,-1,True,True
noaa_2023.csv,541,202302241119,2023,2023-02,outside_fixed_domain,-1,True,True
noaa_2023.csv,542,202302241258,2023,2023-02,outside_fixed_domain,-1,True,True
noaa_2023.csv,543,202302241711,2023,2023-02,selected_peak,0,True,True
noaa_2023.csv,544,202302242003,2023,2023-02,selected_peak,2,True,True
noaa_2023.csv,545,202302250300,2023,2023-02,outside_fixed_domain,-1,True,True
noaa_2023.csv,546,202302250412,2023,2023-02,outside_fixed_domain,-1,True,True
noaa_2023.csv,547,202302250707,2023,2023-02,outside_fixed_domain,-1,True,True
noaa_2023.csv,548,202302251110,2023,2023-02,outside_fixed_domain,-1,True,False
noaa_2023.csv,549,202302251129,2023,2023-02,outside_fixed_domain,-1,True,False
noaa_2023.csv,550,202302251142,2023,2023-02,outside_fixed_domain,-1,True,True
noaa_2023.csv,551,202302251502,2023,2023-02,outside_fixed_domain,-1,True,True
noaa_2023.csv,552,202302251534,2023,2023-02,selected_peak,0,True,True
noaa_2023.csv,553,202302251840,2023,2023-02,selected_peak,3,True,True
noaa_2023.csv,554,202302261151,2023,2023-02,outside_fixed_domain,-1,True,True
noaa_2023.csv,555,202302261910,2023,2023-02,outside_fixed_domain,-1,True,True
noaa_2023.csv,556,202302262045,2023,2023-02,outside_fixed_domain,-1,True,False
noaa_2023.csv,557,202302262057,2023,2023-02,outside_fixed_domain,-1,True,True
noaa_2023.csv,558,202302262113,2023,2023-02,outside_fixed_domain,-1,True,True
noaa_2023.csv,559,202302262239,2023,2023-02,outside_fixed_domain,-1,True,True
noaa_2023.csv,560,202302271012,2023,2023-02,outside_fixed_domain,-1,True,True
noaa_2023.csv,561,202302271743,2023,2023-02,outside_fixed_domain,-1,True,True
noaa_2023.csv,562,202302280408,2023,2023-02,outside_fixed_domain,-1,True,True
noaa_2023.csv,563,202302280450,2023,2023-02,outside_fixed_domain,-1,True,True
noaa_2023.csv,564,202302280620,2023,2023-02,outside_fixed_domain,-1,True,True
noaa_2023.csv,565,202302280648,2023,2023-02,outside_fixed_domain,-1,True,True
noaa_2023.csv,566,202302281605,2023,2023-02,outside_fixed_domain,-1,True,True
noaa_2023.csv,567,202302281735,2023,2023-02,selected_peak,3,True,True
noaa_2023.csv,568,202302282221,2023,2023-02,outside_fixed_domain,-1,True,True
noaa_2023.csv,569,202303010056,2023,2023-03,selected_peak,0,True,True
noaa_2023.csv,570,202303010143,2023,2023-03,outside_fixed_domain,-1,True,True
noaa_2023.csv,571,202303010252,2023,2023-03,outside_fixed_domain,-1,True,True
noaa_2023.csv,572,202303010358,2023,2023-03,outside_fixed_domain,-1,True,True
noaa_2023.csv,573,202303010412,2023,2023-03,outside_fixed_domain,-1,True,True
noaa_2023.csv,574,202303010608,2023,2023-03,outside_fixed_domain,-1,True,True
noaa_2023.csv,575,202303010626,2023,2023-03,outside_fixed_domain,-1,True,False
noaa_2023.csv,576,202303010633,2023,2023-03,outside_fixed_domain,-1,True,True
noaa_2023.csv,577,202303010901,2023,2023-03,outside_fixed_domain,-1,True,True
noaa_2023.csv,578,202303011928,2023,2023-03,outside_fixed_domain,-1,True,True
noaa_2023.csv,579,202303012318,2023,2023-03,outside_fixed_domain,-1,True,True
noaa_2023.csv,580,202303020346,2023,2023-03,outside_fixed_domain,-1,True,True
noaa_2023.csv,581,202303020439,2023,2023-03,outside_fixed_domain,-1,True,True
noaa_2023.csv,582,202303020756,2023,2023-03,outside_fixed_domain,-1,True,True
noaa_2023.csv,583,202303021026,2023,2023-03,outside_fixed_domain,-1,True,True
noaa_2023.csv,584,202303021036,2023,2023-03,outside_fixed_domain,-1,True,True
noaa_2023.csv,585,202303021135,2023,2023-03,outside_fixed_domain,-1,True,True
noaa_2023.csv,586,202303021204,2023,2023-03,outside_fixed_domain,-1,True,True
noaa_2023.csv,587,202303022059,2023,2023-03,selected_peak,2,True,True
noaa_2023.csv,588,202303030210,2023,2023-03,outside_fixed_domain,-1,True,True
noaa_2023.csv,589,202303031008,2023,2023-03,selected_peak,2,True,True
noaa_2023.csv,590,202303031426,2023,2023-03,outside_fixed_domain,-1,True,True
noaa_2023.csv,591,202303031448,2023,2023-03,outside_fixed_domain,-1,True,False
noaa_2023.csv,592,202303031546,2023,2023-03,outside_fixed_domain,-1,True,True
noaa_2023.csv,593,202303031739,2023,2023-03,selected_peak,4,True,True
noaa_2023.csv,594,202303032313,2023,2023-03,outside_fixed_domain,-1,True,True
noaa_2023.csv,595,202303032322,2023,2023-03,outside_fixed_domain,-1,True,True
noaa_2023.csv,596,202303040001,2023,2023-03,outside_fixed_domain,-1,True,True
noaa_2023.csv,597,202303040217,2023,2023-03,outside_fixed_domain,-1,True,True
noaa_2023.csv,598,202303040454,2023,2023-03,outside_fixed_domain,-1,True,True
noaa_2023.csv,599,202303040706,2023,2023-03,selected_peak,0,True,True
noaa_2023.csv,600,202303040721,2023,2023-03,outside_fixed_domain,-1,True,True
noaa_2023.csv,601,202303040813,2023,2023-03,outside_fixed_domain,-1,True,True
noaa_2023.csv,602,202303041154,2023,2023-03,outside_fixed_domain,-1,True,True
noaa_2023.csv,603,202303041313,2023,2023-03,outside_fixed_domain,-1,True,False
noaa_2023.csv,604,202303041334,2023,2023-03,selected_peak,0,True,True
noaa_2023.csv,605,202303041435,2023,2023-03,outside_fixed_domain,-1,True,True
noaa_2023.csv,606,202303041454,2023,2023-03,outside_fixed_domain,-1,True,False
noaa_2023.csv,607,202303041519,2023,2023-03,selected_peak,2,True,True
noaa_2023.csv,608,202303041950,2023,2023-03,outside_fixed_domain,-1,True,True
noaa_2023.csv,609,202303042025,2023,2023-03,outside_fixed_domain,-1,True,False
noaa_2023.csv,610,202303042051,2023,2023-03,outside_fixed_domain,-1,True,True
noaa_2023.csv,611,202303042200,2023,2023-03,outside_fixed_domain,-1,True,True
noaa_2023.csv,612,202303042333,2023,2023-03,outside_fixed_domain,-1,True,True
noaa_2023.csv,613,202303050037,2023,2023-03,outside_fixed_domain,-1,True,True
noaa_2023.csv,614,202303050240,2023,2023-03,selected_peak,0,True,True
noaa_2023.csv,615,202303050344,2023,2023-03,outside_fixed_domain,-1,True,True
noaa_2023.csv,616,202303051124,2023,2023-03,outside_fixed_domain,-1,True,True
noaa_2023.csv,617,202303051323,2023,2023-03,outside_fixed_domain,-1,True,True
noaa_2023.csv,618,202303051624,2023,2023-03,selected_peak,0,True,False
noaa_2023.csv,619,202303051653,2023,2023-03,selected_peak,0,True,True
noaa_2023.csv,620,202303051923,2023,2023-03,outside_fixed_domain,-1,True,True
noaa_2023.csv,621,202303052054,2023,2023-03,outside_fixed_domain,-1,True,True
noaa_2023.csv,622,202303052129,2023,2023-03,selected_peak,2,True,True
noaa_2023.csv,623,202303060114,2023,2023-03,outside_fixed_domain,-1,True,True
noaa_2023.csv,624,202303060208,2023,2023-03,selected_peak,3,True,True
noaa_2023.csv,625,202303060857,2023,2023-03,selected_peak,0,True,True
noaa_2023.csv,626,202303061201,2023,2023-03,outside_fixed_domain,-1,True,True
noaa_2023.csv,627,202303061419,2023,2023-03,outside_fixed_domain,-1,True,False
noaa_2023.csv,628,202303061430,2023,2023-03,outside_fixed_domain,-1,True,True
noaa_2023.csv,629,202303061705,2023,2023-03,outside_fixed_domain,-1,True,False
noaa_2023.csv,630,202303061724,2023,2023-03,selected_peak,0,True,True
noaa_2023.csv,631,202303070223,2023,2023-03,outside_fixed_domain,-1,True,True
noaa_2023.csv,632,202303070358,2023,2023-03,outside_fixed_domain,-1,True,True
noaa_2023.csv,633,202303070811,2023,2023-03,outside_fixed_domain,-1,True,True
noaa_2023.csv,634,202303071026,2023,2023-03,outside_fixed_domain,-1,True,True
noaa_2023.csv,635,202303071244,2023,2023-03,outside_fixed_domain,-1,True,True
noaa_2023.csv,636,202303071733,2023,2023-03,outside_fixed_domain,-1,True,True
noaa_2023.csv,637,202303080240,2023,2023-03,outside_fixed_domain,-1,True,True
noaa_2023.csv,638,202303080519,2023,2023-03,outside_fixed_domain,-1,True,True
noaa_2023.csv,639,202303080953,2023,2023-03,selected_peak,0,True,True
noaa_2023.csv,640,202303081335,2023,2023-03,outside_fixed_domain,-1,True,True
noaa_2023.csv,641,202303081621,2023,2023-03,outside_fixed_domain,-1,True,True
noaa_2023.csv,642,202303081927,2023,2023-03,outside_fixed_domain,-1,True,True
noaa_2023.csv,643,202303082235,2023,2023-03,selected_peak,0,True,True
noaa_2023.csv,644,202303082357,2023,2023-03,outside_fixed_domain,-1,True,True
noaa_2023.csv,645,202303090044,2023,2023-03,outside_fixed_domain,-1,True,True
noaa_2023.csv,646,202303090114,2023,2023-03,outside_fixed_domain,-1,True,True
noaa_2023.csv,647,202303090626,2023,2023-03,outside_fixed_domain,-1,True,True
noaa_2023.csv,648,202303091003,2023,2023-03,outside_fixed_domain,-1,True,True
noaa_2023.csv,649,202303091338,2023,2023-03,outside_fixed_domain,-1,True,False
noaa_2023.csv,650,202303091402,2023,2023-03,outside_fixed_domain,-1,True,True
noaa_2023.csv,651,202303091450,2023,2023-03,outside_fixed_domain,-1,True,True
noaa_2023.csv,652,202303091810,2023,2023-03,outside_fixed_domain,-1,True,True
noaa_2023.csv,653,202303091824,2023,2023-03,outside_fixed_domain,-1,True,True
noaa_2023.csv,654,202303091959,2023,2023-03,outside_fixed_domain,-1,True,False
noaa_2023.csv,655,202303092017,2023,2023-03,outside_fixed_domain,-1,True,True
noaa_2023.csv,656,202303092056,2023,2023-03,outside_fixed_domain,-1,True,True
noaa_2023.csv,657,202303092321,2023,2023-03,outside_fixed_domain,-1,True,True
noaa_2023.csv,658,202303100642,2023,2023-03,outside_fixed_domain,-1,True,True
noaa_2023.csv,659,202303100956,2023,2023-03,outside_fixed_domain,-1,True,False
noaa_2023.csv,660,202303101016,2023,2023-03,outside_fixed_domain,-1,True,True
noaa_2023.csv,661,202303101312,2023,2023-03,outside_fixed_domain,-1,True,True
noaa_2023.csv,662,202303101438,2023,2023-03,outside_fixed_domain,-1,True,False
noaa_2023.csv,663,202303101511,2023,2023-03,outside_fixed_domain,-1,True,False
noaa_2023.csv,664,202303101519,2023,2023-03,outside_fixed_domain,-1,True,True
noaa_2023.csv,665,202303110055,2023,2023-03,outside_fixed_domain,-1,True,True
noaa_2023.csv,666,202303110530,2023,2023-03,outside_fixed_domain,-1,True,True
noaa_2023.csv,667,202303110603,2023,2023-03,outside_fixed_domain,-1,True,True
noaa_2023.csv,668,202303111008,2023,2023-03,outside_fixed_domain,-1,True,True
noaa_2023.csv,669,202303111029,2023,2023-03,outside_fixed_domain,-1,True,True
noaa_2023.csv,670,202303111428,2023,2023-03,outside_fixed_domain,-1,True,False
noaa_2023.csv,671,202303111454,2023,2023-03,outside_fixed_domain,-1,True,True
noaa_2023.csv,672,202303120702,2023,2023-03,outside_fixed_domain,-1,True,True
noaa_2023.csv,673,202303121010,2023,2023-03,outside_fixed_domain,-1,True,True
noaa_2023.csv,674,202303140459,2023,2023-03,outside_fixed_domain,-1,True,True
noaa_2023.csv,675,202303140552,2023,2023-03,outside_fixed_domain,-1,True,True
noaa_2023.csv,676,202303140802,2023,2023-03,outside_fixed_domain,-1,True,True
noaa_2023.csv,677,202303141100,2023,2023-03,outside_fixed_domain,-1,True,True
noaa_2023.csv,678,202303142216,2023,2023-03,outside_fixed_domain,-1,True,True
noaa_2023.csv,679,202303142325,2023,2023-03,outside_fixed_domain,-1,True,True
noaa_2023.csv,680,202303150623,2023,2023-03,outside_fixed_domain,-1,True,True
noaa_2023.csv,681,202303151936,2023,2023-03,outside_fixed_domain,-1,True,True
noaa_2023.csv,682,202303160615,2023,2023-03,outside_fixed_domain,-1,True,True
noaa_2023.csv,683,202303161243,2023,2023-03,outside_fixed_domain,-1,True,True
noaa_2023.csv,684,202303170612,2023,2023-03,outside_fixed_domain,-1,True,True
noaa_2023.csv,685,202303170645,2023,2023-03,outside_fixed_domain,-1,True,True
noaa_2023.csv,686,202303171030,2023,2023-03,outside_fixed_domain,-1,True,True
noaa_2023.csv,687,202303171215,2023,2023-03,outside_fixed_domain,-1,True,False
noaa_2023.csv,688,202303171258,2023,2023-03,outside_fixed_domain,-1,True,True
noaa_2023.csv,689,202303171504,2023,2023-03,selected_peak,0,True,True
noaa_2023.csv,690,202303180027,2023,2023-03,outside_fixed_domain,-1,True,True
noaa_2023.csv,691,202303180710,2023,2023-03,outside_fixed_domain,-1,True,True
noaa_2023.csv,692,202303190212,2023,2023-03,outside_fixed_domain,-1,True,True
noaa_2023.csv,693,202303190323,2023,2023-03,outside_fixed_domain,-1,True,True
noaa_2023.csv,694,202303190354,2023,2023-03,outside_fixed_domain,-1,True,True
noaa_2023.csv,695,202303190630,2023,2023-03,outside_fixed_domain,-1,True,True
noaa_2023.csv,696,202303190839,2023,2023-03,outside_fixed_domain,-1,True,True
noaa_2023.csv,697,202303191146,2023,2023-03,outside_fixed_domain,-1,True,True
noaa_2023.csv,698,202303191704,2023,2023-03,outside_fixed_domain,-1,True,True
noaa_2023.csv,699,202303191759,2023,2023-03,outside_fixed_domain,-1,True,True
noaa_2023.csv,700,202303191902,2023,2023-03,outside_fixed_domain,-1,True,True
noaa_2023.csv,701,202303200057,2023,2023-03,outside_fixed_domain,-1,True,False
noaa_2023.csv,702,202303200119,2023,2023-03,selected_peak,0,True,True
noaa_2023.csv,703,202303200924,2023,2023-03,outside_fixed_domain,-1,True,True
noaa_2023.csv,704,202303210809,2023,2023-03,outside_fixed_domain,-1,True,True
noaa_2023.csv,705,202303211016,2023,2023-03,outside_fixed_domain,-1,True,True
noaa_2023.csv,706,202303211346,2023,2023-03,outside_fixed_domain,-1,True,True
noaa_2023.csv,707,202303212207,2023,2023-03,outside_fixed_domain,-1,True,True
noaa_2023.csv,708,202303212349,2023,2023-03,outside_fixed_domain,-1,True,True
noaa_2023.csv,709,202303220653,2023,2023-03,outside_fixed_domain,-1,True,False
noaa_2023.csv,710,202303220710,2023,2023-03,outside_fixed_domain,-1,True,True
noaa_2023.csv,711,202303221152,2023,2023-03,outside_fixed_domain,-1,True,True
noaa_2023.csv,712,202303221539,2023,2023-03,outside_fixed_domain,-1,True,False
noaa_2023.csv,713,202303221624,2023,2023-03,outside_fixed_domain,-1,True,True
noaa_2023.csv,714,202303231155,2023,2023-03,outside_fixed_domain,-1,True,True
noaa_2023.csv,715,202303231313,2023,2023-03,outside_fixed_domain,-1,True,True
noaa_2023.csv,716,202303232142,2023,2023-03,outside_fixed_domain,-1,True,True
noaa_2023.csv,717,202303240350,2023,2023-03,outside_fixed_domain,-1,True,True
noaa_2023.csv,718,202303240401,2023,2023-03,outside_fixed_domain,-1,True,True
noaa_2023.csv,719,202303240604,2023,2023-03,outside_fixed_domain,-1,True,True
noaa_2023.csv,720,202303240625,2023,2023-03,outside_fixed_domain,-1,True,True
noaa_2023.csv,721,202303241204,2023,2023-03,outside_fixed_domain,-1,True,True
noaa_2023.csv,722,202303241324,2023,2023-03,outside_fixed_domain,-1,True,True
noaa_2023.csv,723,202303241641,2023,2023-03,outside_fixed_domain,-1,True,True
noaa_2023.csv,724,202303241822,2023,2023-03,outside_fixed_domain,-1,True,True
noaa_2023.csv,725,202303250032,2023,2023-03,outside_fixed_domain,-1,True,False
noaa_2023.csv,726,202303250045,2023,2023-03,outside_fixed_domain,-1,True,True
noaa_2023.csv,727,202303251254,2023,2023-03,outside_fixed_domain,-1,True,True
noaa_2023.csv,728,202303260359,2023,2023-03,outside_fixed_domain,-1,True,True
noaa_2023.csv,729,202303261435,2023,2023-03,outside_fixed_domain,-1,True,False
noaa_2023.csv,730,202303261448,2023,2023-03,outside_fixed_domain,-1,True,True
noaa_2023.csv,731,202303261658,2023,2023-03,outside_fixed_domain,-1,True,True
noaa_2023.csv,732,202303262137,2023,2023-03,outside_fixed_domain,-1,True,True
noaa_2023.csv,733,202303262356,2023,2023-03,outside_fixed_domain,-1,True,True
noaa_2023.csv,734,202303270517,2023,2023-03,outside_fixed_domain,-1,True,True
noaa_2023.csv,735,202303270536,2023,2023-03,outside_fixed_domain,-1,True,True
noaa_2023.csv,736,202303270620,2023,2023-03,outside_fixed_domain,-1,True,True
noaa_2023.csv,737,202303270727,2023,2023-03,outside_fixed_domain,-1,True,True
noaa_2023.csv,738,202303270932,2023,2023-03,outside_fixed_domain,-1,True,True
noaa_2023.csv,739,202303271046,2023,2023-03,outside_fixed_domain,-1,True,True
noaa_2023.csv,740,202303271851,2023,2023-03,outside_fixed_domain,-1,True,True
noaa_2023.csv,741,202303272021,2023,2023-03,outside_fixed_domain,-1,True,False
noaa_2023.csv,742,202303272102,2023,2023-03,outside_fixed_domain,-1,True,True
noaa_2023.csv,743,202303280706,2023,2023-03,outside_fixed_domain,-1,True,True
noaa_2023.csv,744,202303281037,2023,2023-03,outside_fixed_domain,-1,True,True
noaa_2023.csv,745,202303281500,2023,2023-03,outside_fixed_domain,-1,True,True
noaa_2023.csv,746,202303281536,2023,2023-03,outside_fixed_domain,-1,True,True
noaa_2023.csv,747,202303281854,2023,2023-03,outside_fixed_domain,-1,True,True
noaa_2023.csv,748,202303282138,2023,2023-03,outside_fixed_domain,-1,True,True
noaa_2023.csv,749,202303282301,2023,2023-03,outside_fixed_domain,-1,True,True
noaa_2023.csv,750,202303290022,2023,2023-03,outside_fixed_domain,-1,True,True
noaa_2023.csv,751,202303290218,2023,2023-03,selected_peak,4,True,True
noaa_2023.csv,752,202303291347,2023,2023-03,selected_peak,0,True,True
noaa_2023.csv,753,202303291558,2023,2023-03,outside_fixed_domain,-1,True,False
noaa_2023.csv,754,202303291614,2023,2023-03,outside_fixed_domain,-1,True,True
noaa_2023.csv,755,202303292335,2023,2023-03,selected_peak,0,True,True
noaa_2023.csv,756,202303300724,2023,2023-03,selected_peak,2,True,True
noaa_2023.csv,757,202303301416,2023,2023-03,outside_fixed_domain,-1,True,True
noaa_2023.csv,758,202303301939,2023,2023-03,outside_fixed_domain,-1,True,True
noaa_2023.csv,759,202303302308,2023,2023-03,outside_fixed_domain,-1,True,True
noaa_2023.csv,760,202303310139,2023,2023-03,outside_fixed_domain,-1,True,True
noaa_2023.csv,761,202303310233,2023,2023-03,outside_fixed_domain,-1,True,True
noaa_2023.csv,762,202303310530,2023,2023-03,outside_fixed_domain,-1,True,True
noaa_2023.csv,763,202303310903,2023,2023-03,outside_fixed_domain,-1,True,True
noaa_2023.csv,764,202303310954,2023,2023-03,outside_fixed_domain,-1,True,True
noaa_2023.csv,765,202303311103,2023,2023-03,outside_fixed_domain,-1,True,False
noaa_2023.csv,766,202303311124,2023,2023-03,outside_fixed_domain,-1,True,True
noaa_2023.csv,767,202303311351,2023,2023-03,outside_fixed_domain,-1,True,True
noaa_2023.csv,768,202303311418,2023,2023-03,outside_fixed_domain,-1,True,True
noaa_2023.csv,769,202303311718,2023,2023-03,outside_fixed_domain,-1,True,True
noaa_2023.csv,770,202303312039,2023,2023-03,outside_fixed_domain,-1,True,True
noaa_2023.csv,771,202303312334,2023,2023-03,outside_fixed_domain,-1,True,True
noaa_2023.csv,772,202304010249,2023,2023-04,outside_fixed_domain,-1,True,False
noaa_2023.csv,773,202304020803,2023,2023-04,outside_fixed_domain,-1,True,True
noaa_2023.csv,774,202304021846,2023,2023-04,outside_fixed_domain,-1,True,True
noaa_2023.csv,775,202304022018,2023,2023-04,outside_fixed_domain,-1,True,True
noaa_2023.csv,776,202304022144,2023,2023-04,outside_fixed_domain,-1,True,False
noaa_2023.csv,777,202304022158,2023,2023-04,outside_fixed_domain,-1,True,True
noaa_2023.csv,778,202304022259,2023,2023-04,outside_fixed_domain,-1,True,True
noaa_2023.csv,779,202304030551,2023,2023-04,outside_fixed_domain,-1,True,True
noaa_2023.csv,780,202304032217,2023,2023-04,outside_fixed_domain,-1,True,True
noaa_2023.csv,781,202304032242,2023,2023-04,outside_fixed_domain,-1,True,True
noaa_2023.csv,782,202304032349,2023,2023-04,outside_fixed_domain,-1,True,True
noaa_2023.csv,783,202304040228,2023,2023-04,outside_fixed_domain,-1,True,False
noaa_2023.csv,784,202304040303,2023,2023-04,outside_fixed_domain,-1,True,True
noaa_2023.csv,785,202304041324,2023,2023-04,outside_fixed_domain,-1,True,True
noaa_2023.csv,786,202304050516,2023,2023-04,outside_fixed_domain,-1,True,True
noaa_2023.csv,787,202304051203,2023,2023-04,outside_fixed_domain,-1,True,True
noaa_2023.csv,788,202304051536,2023,2023-04,outside_fixed_domain,-1,True,True
noaa_2023.csv,789,202304051707,2023,2023-04,outside_fixed_domain,-1,True,True
noaa_2023.csv,790,202304051741,2023,2023-04,outside_fixed_domain,-1,True,False
noaa_2023.csv,791,202304051801,2023,2023-04,outside_fixed_domain,-1,True,True
noaa_2023.csv,792,202304051857,2023,2023-04,outside_fixed_domain,-1,True,True
noaa_2023.csv,793,202304052202,2023,2023-04,outside_fixed_domain,-1,True,True
noaa_2023.csv,794,202304060112,2023,2023-04,outside_fixed_domain,-1,True,True
noaa_2023.csv,795,202304060448,2023,2023-04,outside_fixed_domain,-1,True,True
noaa_2023.csv,796,202304060536,2023,2023-04,selected_peak,1,True,True
noaa_2023.csv,797,202304061246,2023,2023-04,outside_fixed_domain,-1,True,False
noaa_2023.csv,798,202304061300,2023,2023-04,outside_fixed_domain,-1,True,True
noaa_2023.csv,799,202304061321,2023,2023-04,outside_fixed_domain,-1,True,True
noaa_2023.csv,800,202304070235,2023,2023-04,outside_fixed_domain,-1,True,True
noaa_2023.csv,801,202304070621,2023,2023-04,outside_fixed_domain,-1,True,True
noaa_2023.csv,802,202304071627,2023,2023-04,outside_fixed_domain,-1,True,True
noaa_2023.csv,803,202304072014,2023,2023-04,outside_fixed_domain,-1,True,True
noaa_2023.csv,804,202304072033,2023,2023-04,outside_fixed_domain,-1,True,True
noaa_2023.csv,805,202304072324,2023,2023-04,outside_fixed_domain,-1,True,True
noaa_2023.csv,806,202304080138,2023,2023-04,selected_peak,1,True,True
noaa_2023.csv,807,202304080432,2023,2023-04,outside_fixed_domain,-1,True,True
noaa_2023.csv,808,202304081024,2023,2023-04,outside_fixed_domain,-1,True,True
noaa_2023.csv,809,202304081114,2023,2023-04,outside_fixed_domain,-1,True,True
noaa_2023.csv,810,202304081320,2023,2023-04,outside_fixed_domain,-1,True,True
noaa_2023.csv,811,202304081406,2023,2023-04,outside_fixed_domain,-1,True,True
noaa_2023.csv,812,202304081722,2023,2023-04,outside_fixed_domain,-1,True,True
noaa_2023.csv,813,202304081837,2023,2023-04,outside_fixed_domain,-1,True,False
noaa_2023.csv,814,202304081916,2023,2023-04,outside_fixed_domain,-1,True,True
noaa_2023.csv,815,202304081937,2023,2023-04,outside_fixed_domain,-1,True,True
noaa_2023.csv,816,202304082153,2023,2023-04,outside_fixed_domain,-1,True,True
noaa_2023.csv,817,202304082247,2023,2023-04,outside_fixed_domain,-1,True,True
noaa_2023.csv,818,202304090125,2023,2023-04,outside_fixed_domain,-1,True,True
noaa_2023.csv,819,202304090214,2023,2023-04,outside_fixed_domain,-1,True,False
noaa_2023.csv,820,202304090254,2023,2023-04,outside_fixed_domain,-1,True,True
noaa_2023.csv,821,202304090551,2023,2023-04,outside_fixed_domain,-1,True,True
noaa_2023.csv,822,202304090733,2023,2023-04,outside_fixed_domain,-1,True,False
noaa_2023.csv,823,202304090753,2023,2023-04,outside_fixed_domain,-1,True,True
noaa_2023.csv,824,202304091445,2023,2023-04,outside_fixed_domain,-1,True,True
noaa_2023.csv,825,202304091614,2023,2023-04,outside_fixed_domain,-1,True,False
noaa_2023.csv,826,202304091632,2023,2023-04,outside_fixed_domain,-1,True,True
noaa_2023.csv,827,202304091813,2023,2023-04,outside_fixed_domain,-1,True,False
noaa_2023.csv,828,202304091836,2023,2023-04,outside_fixed_domain,-1,True,True
noaa_2023.csv,829,202304091916,2023,2023-04,outside_fixed_domain,-1,True,True
noaa_2023.csv,830,202304092032,2023,2023-04,outside_fixed_domain,-1,True,True
noaa_2023.csv,831,202304092101,2023,2023-04,outside_fixed_domain,-1,True,False
noaa_2023.csv,832,202304092128,2023,2023-04,outside_fixed_domain,-1,True,True
noaa_2023.csv,833,202304100123,2023,2023-04,outside_fixed_domain,-1,True,True
noaa_2023.csv,834,202304100206,2023,2023-04,outside_fixed_domain,-1,True,False
noaa_2023.csv,835,202304100217,2023,2023-04,outside_fixed_domain,-1,True,False
noaa_2023.csv,836,202304100247,2023,2023-04,outside_fixed_domain,-1,True,True
noaa_2023.csv,837,202304100401,2023,2023-04,outside_fixed_domain,-1,True,True
noaa_2023.csv,838,202304100414,2023,2023-04,outside_fixed_domain,-1,True,False
noaa_2023.csv,839,202304100432,2023,2023-04,outside_fixed_domain,-1,True,True
noaa_2023.csv,840,202304100510,2023,2023-04,selected_peak,1,True,True
noaa_2023.csv,841,202304100937,2023,2023-04,outside_fixed_domain,-1,True,True
noaa_2023.csv,842,202304101122,2023,2023-04,outside_fixed_domain,-1,True,True
noaa_2023.csv,843,202304101308,2023,2023-04,outside_fixed_domain,-1,True,False
noaa_2023.csv,844,202304101323,2023,2023-04,outside_fixed_domain,-1,True,False
noaa_2023.csv,845,202304101346,2023,2023-04,outside_fixed_domain,-1,True,True
noaa_2023.csv,846,202304101428,2023,2023-04,outside_fixed_domain,-1,True,True
noaa_2023.csv,847,202304101442,2023,2023-04,outside_fixed_domain,-1,True,True
noaa_2023.csv,848,202304101535,2023,2023-04,outside_fixed_domain,-1,True,True
noaa_2023.csv,849,202304101647,2023,2023-04,outside_fixed_domain,-1,True,True
noaa_2023.csv,850,202304101720,2023,2023-04,outside_fixed_domain,-1,True,True
noaa_2023.csv,851,202304101849,2023,2023-04,outside_fixed_domain,-1,True,True
noaa_2023.csv,852,202304101932,2023,2023-04,outside_fixed_domain,-1,True,True
noaa_2023.csv,853,202304102230,2023,2023-04,outside_fixed_domain,-1,True,True
noaa_2023.csv,854,202304102315,2023,2023-04,outside_fixed_domain,-1,True,True
noaa_2023.csv,855,202304102358,2023,2023-04,outside_fixed_domain,-1,True,True
noaa_2023.csv,856,202304110124,2023,2023-04,outside_fixed_domain,-1,True,True
noaa_2023.csv,857,202304110141,2023,2023-04,outside_fixed_domain,-1,True,True
noaa_2023.csv,858,202304110259,2023,2023-04,outside_fixed_domain,-1,True,True
noaa_2023.csv,859,202304110517,2023,2023-04,outside_fixed_domain,-1,True,True
noaa_2023.csv,860,202304110705,2023,2023-04,outside_fixed_domain,-1,True,True
noaa_2023.csv,861,202304110805,2023,2023-04,outside_fixed_domain,-1,True,True
noaa_2023.csv,862,202304110942,2023,2023-04,outside_fixed_domain,-1,True,False
noaa_2023.csv,863,202304110951,2023,2023-04,selected_peak,0,True,True
noaa_2023.csv,864,202304111432,2023,2023-04,outside_fixed_domain,-1,True,True
noaa_2023.csv,865,202304112230,2023,2023-04,outside_fixed_domain,-1,True,True
noaa_2023.csv,866,202304120450,2023,2023-04,outside_fixed_domain,-1,True,True
noaa_2023.csv,867,202304120836,2023,2023-04,outside_fixed_domain,-1,True,True
noaa_2023.csv,868,202304121133,2023,2023-04,outside_fixed_domain,-1,True,True
noaa_2023.csv,869,202304121538,2023,2023-04,outside_fixed_domain,-1,True,True
noaa_2023.csv,870,202304122222,2023,2023-04,outside_fixed_domain,-1,True,True
noaa_2023.csv,871,202304122254,2023,2023-04,outside_fixed_domain,-1,True,False
noaa_2023.csv,872,202304122306,2023,2023-04,outside_fixed_domain,-1,True,True
noaa_2023.csv,873,202304122326,2023,2023-04,outside_fixed_domain,-1,True,True
noaa_2023.csv,874,202304130024,2023,2023-04,outside_fixed_domain,-1,True,False
noaa_2023.csv,875,202304130103,2023,2023-04,outside_fixed_domain,-1,True,True
noaa_2023.csv,876,202304130115,2023,2023-04,outside_fixed_domain,-1,True,True
noaa_2023.csv,877,202304130217,2023,2023-04,outside_fixed_domain,-1,True,True
noaa_2023.csv,878,202304130354,2023,2023-04,outside_fixed_domain,-1,True,True
noaa_2023.csv,879,202304130424,2023,2023-04,outside_fixed_domain,-1,True,False
noaa_2023.csv,880,202304130441,2023,2023-04,outside_fixed_domain,-1,True,True
noaa_2023.csv,881,202304130753,2023,2023-04,outside_fixed_domain,-1,True,True
noaa_2023.csv,882,202304130815,2023,2023-04,outside_fixed_domain,-1,True,True
noaa_2023.csv,883,202304131032,2023,2023-04,outside_fixed_domain,-1,True,False
noaa_2023.csv,884,202304131053,2023,2023-04,outside_fixed_domain,-1,True,True
noaa_2023.csv,885,202304131153,2023,2023-04,outside_fixed_domain,-1,True,True
noaa_2023.csv,886,202304131850,2023,2023-04,outside_fixed_domain,-1,True,True
noaa_2023.csv,887,202304132029,2023,2023-04,outside_fixed_domain,-1,True,True
noaa_2023.csv,888,202304140508,2023,2023-04,outside_fixed_domain,-1,True,True
noaa_2023.csv,889,202304141046,2023,2023-04,outside_fixed_domain,-1,True,True
noaa_2023.csv,890,202304141244,2023,2023-04,outside_fixed_domain,-1,True,True
noaa_2023.csv,891,202304141318,2023,2023-04,outside_fixed_domain,-1,True,True
noaa_2023.csv,892,202304141337,2023,2023-04,outside_fixed_domain,-1,True,True
noaa_2023.csv,893,202304141543,2023,2023-04,outside_fixed_domain,-1,True,True
noaa_2023.csv,894,202304141610,2023,2023-04,selected_peak,0,True,True
noaa_2023.csv,895,202304141644,2023,2023-04,outside_fixed_domain,-1,True,True
noaa_2023.csv,896,202304141850,2023,2023-04,outside_fixed_domain,-1,True,False
noaa_2023.csv,897,202304141920,2023,2023-04,outside_fixed_domain,-1,True,True
noaa_2023.csv,898,202304141951,2023,2023-04,outside_fixed_domain,-1,True,True
noaa_2023.csv,899,202304142039,2023,2023-04,outside_fixed_domain,-1,True,True
noaa_2023.csv,900,202304142057,2023,2023-04,outside_fixed_domain,-1,True,True
noaa_2023.csv,901,202304142318,2023,2023-04,selected_peak,0,True,True
noaa_2023.csv,902,202304150132,2023,2023-04,outside_fixed_domain,-1,True,True
noaa_2023.csv,903,202304150149,2023,2023-04,outside_fixed_domain,-1,True,True
noaa_2023.csv,904,202304150300,2023,2023-04,outside_fixed_domain,-1,True,True
noaa_2023.csv,905,202304150518,2023,2023-04,outside_fixed_domain,-1,True,True
noaa_2023.csv,906,202304150538,2023,2023-04,outside_fixed_domain,-1,True,False
noaa_2023.csv,907,202304150550,2023,2023-04,outside_fixed_domain,-1,True,True
noaa_2023.csv,908,202304150627,2023,2023-04,outside_fixed_domain,-1,True,False
noaa_2023.csv,909,202304150659,2023,2023-04,outside_fixed_domain,-1,True,True
noaa_2023.csv,910,202304150844,2023,2023-04,outside_fixed_domain,-1,True,True
noaa_2023.csv,911,202304150905,2023,2023-04,outside_fixed_domain,-1,True,True
noaa_2023.csv,912,202304150945,2023,2023-04,outside_fixed_domain,-1,True,True
noaa_2023.csv,913,202304151250,2023,2023-04,outside_fixed_domain,-1,True,True
noaa_2023.csv,914,202304151316,2023,2023-04,outside_fixed_domain,-1,True,True
noaa_2023.csv,915,202304151611,2023,2023-04,outside_fixed_domain,-1,True,True
noaa_2023.csv,916,202304151712,2023,2023-04,outside_fixed_domain,-1,True,True
noaa_2023.csv,917,202304152110,2023,2023-04,outside_fixed_domain,-1,True,True
noaa_2023.csv,918,202304160328,2023,2023-04,outside_fixed_domain,-1,True,True
noaa_2023.csv,919,202304160933,2023,2023-04,outside_fixed_domain,-1,True,True
noaa_2023.csv,920,202304161731,2023,2023-04,outside_fixed_domain,-1,True,True
noaa_2023.csv,921,202304161944,2023,2023-04,outside_fixed_domain,-1,True,True
noaa_2023.csv,922,202304170053,2023,2023-04,outside_fixed_domain,-1,True,True
noaa_2023.csv,923,202304170321,2023,2023-04,outside_fixed_domain,-1,True,True
noaa_2023.csv,924,202304170408,2023,2023-04,outside_fixed_domain,-1,True,True
noaa_2023.csv,925,202304170621,2023,2023-04,outside_fixed_domain,-1,True,True
noaa_2023.csv,926,202304170731,2023,2023-04,outside_fixed_domain,-1,True,True
noaa_2023.csv,927,202304170828,2023,2023-04,outside_fixed_domain,-1,True,True
noaa_2023.csv,928,202304171417,2023,2023-04,outside_fixed_domain,-1,True,True
noaa_2023.csv,929,202304180356,2023,2023-04,outside_fixed_domain,-1,True,True
noaa_2023.csv,930,202304180524,2023,2023-04,outside_fixed_domain,-1,True,True
noaa_2023.csv,931,202304180927,2023,2023-04,outside_fixed_domain,-1,True,True
noaa_2023.csv,932,202304181427,2023,2023-04,outside_fixed_domain,-1,True,True
noaa_2023.csv,933,202304181521,2023,2023-04,outside_fixed_domain,-1,True,True
noaa_2023.csv,934,202304181800,2023,2023-04,outside_fixed_domain,-1,True,True
noaa_2023.csv,935,202304181907,2023,2023-04,outside_fixed_domain,-1,True,True
noaa_2023.csv,936,202304182245,2023,2023-04,outside_fixed_domain,-1,True,True
noaa_2023.csv,937,202304190420,2023,2023-04,outside_fixed_domain,-1,True,True
noaa_2023.csv,938,202304190811,2023,2023-04,outside_fixed_domain,-1,True,True
noaa_2023.csv,939,202304191307,2023,2023-04,outside_fixed_domain,-1,True,False
noaa_2023.csv,940,202304191324,2023,2023-04,outside_fixed_domain,-1,True,False
noaa_2023.csv,941,202304191338,2023,2023-04,outside_fixed_domain,-1,True,True
noaa_2023.csv,942,202304192331,2023,2023-04,outside_fixed_domain,-1,True,True
noaa_2023.csv,943,202304200112,2023,2023-04,outside_fixed_domain,-1,True,True
noaa_2023.csv,944,202304200304,2023,2023-04,outside_fixed_domain,-1,True,False
noaa_2023.csv,945,202304200317,2023,2023-04,outside_fixed_domain,-1,True,True
noaa_2023.csv,946,202304200716,2023,2023-04,outside_fixed_domain,-1,True,True
noaa_2023.csv,947,202304200737,2023,2023-04,outside_fixed_domain,-1,True,True
noaa_2023.csv,948,202304200917,2023,2023-04,outside_fixed_domain,-1,True,True
noaa_2023.csv,949,202304201047,2023,2023-04,outside_fixed_domain,-1,True,True
noaa_2023.csv,950,202304201214,2023,2023-04,outside_fixed_domain,-1,True,True
noaa_2023.csv,951,202304201605,2023,2023-04,outside_fixed_domain,-1,True,True
noaa_2023.csv,952,202304202223,2023,2023-04,outside_fixed_domain,-1,True,True
noaa_2023.csv,953,202304202320,2023,2023-04,outside_fixed_domain,-1,True,True
noaa_2023.csv,954,202304210207,2023,2023-04,outside_fixed_domain,-1,True,True
noaa_2023.csv,955,202304210559,2023,2023-04,outside_fixed_domain,-1,True,True
noaa_2023.csv,956,202304210659,2023,2023-04,outside_fixed_domain,-1,True,True
noaa_2023.csv,957,202304211744,2023,2023-04,selected_peak,0,True,True
noaa_2023.csv,958,202304212212,2023,2023-04,outside_fixed_domain,-1,True,True
noaa_2023.csv,959,202304220134,2023,2023-04,outside_fixed_domain,-1,True,True
noaa_2023.csv,960,202304220651,2023,2023-04,outside_fixed_domain,-1,True,True
noaa_2023.csv,961,202304221001,2023,2023-04,outside_fixed_domain,-1,True,True
noaa_2023.csv,962,202304221552,2023,2023-04,outside_fixed_domain,-1,True,True
noaa_2023.csv,963,202304230233,2023,2023-04,outside_fixed_domain,-1,True,True
noaa_2023.csv,964,202304230451,2023,2023-04,outside_fixed_domain,-1,True,True
noaa_2023.csv,965,202304230633,2023,2023-04,outside_fixed_domain,-1,True,True
noaa_2023.csv,966,202304231706,2023,2023-04,outside_fixed_domain,-1,True,True
noaa_2023.csv,967,202304232031,2023,2023-04,outside_fixed_domain,-1,True,True
noaa_2023.csv,968,202304241107,2023,2023-04,outside_fixed_domain,-1,True,True
noaa_2023.csv,969,202304241259,2023,2023-04,outside_fixed_domain,-1,True,True
noaa_2023.csv,970,202304241614,2023,2023-04,outside_fixed_domain,-1,True,True
noaa_2023.csv,971,202304241719,2023,2023-04,outside_fixed_domain,-1,True,True
noaa_2023.csv,972,202304250255,2023,2023-04,outside_fixed_domain,-1,True,True
noaa_2023.csv,973,202304250758,2023,2023-04,outside_fixed_domain,-1,True,True
noaa_2023.csv,974,202304250946,2023,2023-04,outside_fixed_domain,-1,True,True
noaa_2023.csv,975,202304251712,2023,2023-04,outside_fixed_domain,-1,True,True
noaa_2023.csv,976,202304261410,2023,2023-04,outside_fixed_domain,-1,True,True
noaa_2023.csv,977,202304262357,2023,2023-04,outside_fixed_domain,-1,True,True
noaa_2023.csv,978,202304270041,2023,2023-04,outside_fixed_domain,-1,True,True
noaa_2023.csv,979,202304270228,2023,2023-04,outside_fixed_domain,-1,True,True
noaa_2023.csv,980,202304270812,2023,2023-04,outside_fixed_domain,-1,True,True
noaa_2023.csv,981,202304270842,2023,2023-04,outside_fixed_domain,-1,True,True
noaa_2023.csv,982,202304270914,2023,2023-04,outside_fixed_domain,-1,True,False
noaa_2023.csv,983,202304270937,2023,2023-04,outside_fixed_domain,-1,True,True
noaa_2023.csv,984,202304271030,2023,2023-04,outside_fixed_domain,-1,True,True
noaa_2023.csv,985,202304271104,2023,2023-04,selected_peak,1,True,True
noaa_2023.csv,986,202304271602,2023,2023-04,outside_fixed_domain,-1,True,True
noaa_2023.csv,987,202304271827,2023,2023-04,outside_fixed_domain,-1,True,True
noaa_2023.csv,988,202304271913,2023,2023-04,outside_fixed_domain,-1,True,False
noaa_2023.csv,989,202304271925,2023,2023-04,outside_fixed_domain,-1,True,False
noaa_2023.csv,990,202304271943,2023,2023-04,outside_fixed_domain,-1,True,True
noaa_2023.csv,991,202304272234,2023,2023-04,outside_fixed_domain,-1,True,True
noaa_2023.csv,992,202304272311,2023,2023-04,outside_fixed_domain,-1,True,True
noaa_2023.csv,993,202304280038,2023,2023-04,outside_fixed_domain,-1,True,False
noaa_2023.csv,994,202304280111,2023,2023-04,outside_fixed_domain,-1,True,True
noaa_2023.csv,995,202304280521,2023,2023-04,outside_fixed_domain,-1,True,False
noaa_2023.csv,996,202304280536,2023,2023-04,outside_fixed_domain,-1,True,True
noaa_2023.csv,997,202304280909,2023,2023-04,outside_fixed_domain,-1,True,True
noaa_2023.csv,998,202304281523,2023,2023-04,outside_fixed_domain,-1,True,True
noaa_2023.csv,999,202304281717,2023,2023-04,outside_fixed_domain,-1,True,False
noaa_2023.csv,1000,202304281734,2023,2023-04,outside_fixed_domain,-1,True,True
noaa_2023.csv,1001,202304281813,2023,2023-04,outside_fixed_domain,-1,True,True
noaa_2023.csv,1002,202304281914,2023,2023-04,outside_fixed_domain,-1,True,True
noaa_2023.csv,1003,202304281953,2023,2023-04,outside_fixed_domain,-1,True,False
noaa_2023.csv,1004,202304282016,2023,2023-04,outside_fixed_domain,-1,True,True
noaa_2023.csv,1005,202304282110,2023,2023-04,outside_fixed_domain,-1,True,True
noaa_2023.csv,1006,202304290348,2023,2023-04,outside_fixed_domain,-1,True,True
noaa_2023.csv,1007,202304290610,2023,2023-04,outside_fixed_domain,-1,True,True
noaa_2023.csv,1008,202304290831,2023,2023-04,outside_fixed_domain,-1,True,True
noaa_2023.csv,1009,202304291000,2023,2023-04,outside_fixed_domain,-1,True,True
noaa_2023.csv,1010,202304291243,2023,2023-04,outside_fixed_domain,-1,True,True
noaa_2023.csv,1011,202304291315,2023,2023-04,outside_fixed_domain,-1,True,True
noaa_2023.csv,1012,202304291346,2023,2023-04,outside_fixed_domain,-1,True,True
noaa_2023.csv,1013,202304291902,2023,2023-04,outside_fixed_domain,-1,True,False
noaa_2023.csv,1014,202304291948,2023,2023-04,outside_fixed_domain,-1,True,True
noaa_2023.csv,1015,202304292255,2023,2023-04,outside_fixed_domain,-1,True,True
noaa_2023.csv,1016,202304300210,2023,2023-04,outside_fixed_domain,-1,True,True
noaa_2023.csv,1017,202304300835,2023,2023-04,outside_fixed_domain,-1,True,True
noaa_2023.csv,1018,202304301426,2023,2023-04,outside_fixed_domain,-1,True,False
noaa_2023.csv,1019,202304301510,2023,2023-04,outside_fixed_domain,-1,True,True
noaa_2023.csv,1020,202304301641,2023,2023-04,outside_fixed_domain,-1,True,True
noaa_2023.csv,1021,202304301956,2023,2023-04,selected_peak,1,True,True
noaa_2023.csv,1022,202304302126,2023,2023-04,outside_fixed_domain,-1,True,True
noaa_2023.csv,1023,202305010018,2023,2023-05,outside_fixed_domain,-1,True,True
noaa_2023.csv,1024,202305010055,2023,2023-05,selected_peak,0,True,True
noaa_2023.csv,1025,202305010248,2023,2023-05,outside_fixed_domain,-1,True,True
noaa_2023.csv,1026,202305010441,2023,2023-05,outside_fixed_domain,-1,True,True
noaa_2023.csv,1027,202305010556,2023,2023-05,outside_fixed_domain,-1,True,False
noaa_2023.csv,1028,202305010609,2023,2023-05,outside_fixed_domain,-1,True,True
noaa_2023.csv,1029,202305010653,2023,2023-05,outside_fixed_domain,-1,True,True
noaa_2023.csv,1030,202305010741,2023,2023-05,outside_fixed_domain,-1,True,True
noaa_2023.csv,1031,202305011103,2023,2023-05,outside_fixed_domain,-1,True,True
noaa_2023.csv,1032,202305011152,2023,2023-05,outside_fixed_domain,-1,True,True
noaa_2023.csv,1033,202305011302,2023,2023-05,selected_peak,3,True,True
noaa_2023.csv,1034,202305011338,2023,2023-05,outside_fixed_domain,-1,True,True
noaa_2023.csv,1035,202305011426,2023,2023-05,outside_fixed_domain,-1,True,True
noaa_2023.csv,1036,202305011516,2023,2023-05,outside_fixed_domain,-1,True,True
noaa_2023.csv,1037,202305011732,2023,2023-05,outside_fixed_domain,-1,True,True
noaa_2023.csv,1038,202305011858,2023,2023-05,outside_fixed_domain,-1,True,True
noaa_2023.csv,1039,202305012141,2023,2023-05,outside_fixed_domain,-1,True,True
noaa_2023.csv,1040,202305012202,2023,2023-05,outside_fixed_domain,-1,True,False
noaa_2023.csv,1041,202305012219,2023,2023-05,outside_fixed_domain,-1,True,True
noaa_2023.csv,1042,202305020236,2023,2023-05,outside_fixed_domain,-1,True,True
noaa_2023.csv,1043,202305020403,2023,2023-05,outside_fixed_domain,-1,True,True
noaa_2023.csv,1044,202305020437,2023,2023-05,outside_fixed_domain,-1,True,True
noaa_2023.csv,1045,202305020453,2023,2023-05,outside_fixed_domain,-1,True,True
noaa_2023.csv,1046,202305020552,2023,2023-05,outside_fixed_domain,-1,True,True
noaa_2023.csv,1047,202305021044,2023,2023-05,outside_fixed_domain,-1,True,True
noaa_2023.csv,1048,202305021729,2023,2023-05,outside_fixed_domain,-1,True,True
noaa_2023.csv,1049,202305021806,2023,2023-05,outside_fixed_domain,-1,True,True
noaa_2023.csv,1050,202305021855,2023,2023-05,outside_fixed_domain,-1,True,True
noaa_2023.csv,1051,202305022055,2023,2023-05,outside_fixed_domain,-1,True,False
noaa_2023.csv,1052,202305022126,2023,2023-05,outside_fixed_domain,-1,True,True
noaa_2023.csv,1053,202305022253,2023,2023-05,outside_fixed_domain,-1,True,True
noaa_2023.csv,1054,202305030058,2023,2023-05,outside_fixed_domain,-1,True,True
noaa_2023.csv,1055,202305030312,2023,2023-05,outside_fixed_domain,-1,True,True
noaa_2023.csv,1056,202305030343,2023,2023-05,outside_fixed_domain,-1,True,True
noaa_2023.csv,1057,202305030438,2023,2023-05,outside_fixed_domain,-1,True,True
noaa_2023.csv,1058,202305030452,2023,2023-05,outside_fixed_domain,-1,True,True
noaa_2023.csv,1059,202305030714,2023,2023-05,outside_fixed_domain,-1,True,False
noaa_2023.csv,1060,202305030725,2023,2023-05,outside_fixed_domain,-1,True,True
noaa_2023.csv,1061,202305030915,2023,2023-05,selected_peak,2,True,True
noaa_2023.csv,1062,202305031003,2023,2023-05,selected_peak,1,True,True
noaa_2023.csv,1063,202305031036,2023,2023-05,selected_peak,3,True,True
noaa_2023.csv,1064,202305031204,2023,2023-05,outside_fixed_domain,-1,True,True
noaa_2023.csv,1065,202305031224,2023,2023-05,selected_peak,1,True,True
noaa_2023.csv,1066,202305031343,2023,2023-05,selected_peak,1,True,True
noaa_2023.csv,1067,202305031455,2023,2023-05,outside_fixed_domain,-1,True,True
noaa_2023.csv,1068,202305031623,2023,2023-05,outside_fixed_domain,-1,True,True
noaa_2023.csv,1069,202305031743,2023,2023-05,outside_fixed_domain,-1,True,True
noaa_2023.csv,1070,202305031808,2023,2023-05,outside_fixed_domain,-1,True,True
noaa_2023.csv,1071,202305031920,2023,2023-05,outside_fixed_domain,-1,True,True
noaa_2023.csv,1072,202305032047,2023,2023-05,outside_fixed_domain,-1,True,True
noaa_2023.csv,1073,202305032130,2023,2023-05,outside_fixed_domain,-1,True,False
noaa_2023.csv,1074,202305032207,2023,2023-05,outside_fixed_domain,-1,True,True
noaa_2023.csv,1075,202305040037,2023,2023-05,outside_fixed_domain,-1,True,True
noaa_2023.csv,1076,202305040153,2023,2023-05,outside_fixed_domain,-1,True,True
noaa_2023.csv,1077,202305040251,2023,2023-05,outside_fixed_domain,-1,True,True
noaa_2023.csv,1078,202305040458,2023,2023-05,outside_fixed_domain,-1,True,True
noaa_2023.csv,1079,202305040805,2023,2023-05,selected_peak,2,True,True
noaa_2023.csv,1080,202305041428,2023,2023-05,outside_fixed_domain,-1,True,True
noaa_2023.csv,1081,202305041555,2023,2023-05,outside_fixed_domain,-1,True,True
noaa_2023.csv,1082,202305041804,2023,2023-05,outside_fixed_domain,-1,True,True
noaa_2023.csv,1083,202305042121,2023,2023-05,outside_fixed_domain,-1,True,True
noaa_2023.csv,1084,202305050053,2023,2023-05,outside_fixed_domain,-1,True,True
noaa_2023.csv,1085,202305050514,2023,2023-05,outside_fixed_domain,-1,True,True
noaa_2023.csv,1086,202305050652,2023,2023-05,outside_fixed_domain,-1,True,True
noaa_2023.csv,1087,202305050730,2023,2023-05,selected_peak,1,True,True
noaa_2023.csv,1088,202305051518,2023,2023-05,selected_peak,0,True,False
noaa_2023.csv,1089,202305051539,2023,2023-05,outside_fixed_domain,-1,True,True
noaa_2023.csv,1090,202305052211,2023,2023-05,outside_fixed_domain,-1,True,True
noaa_2023.csv,1091,202305060011,2023,2023-05,outside_fixed_domain,-1,True,False
noaa_2023.csv,1092,202305060036,2023,2023-05,outside_fixed_domain,-1,True,True
noaa_2023.csv,1093,202305060718,2023,2023-05,outside_fixed_domain,-1,True,True
noaa_2023.csv,1094,202305061450,2023,2023-05,outside_fixed_domain,-1,True,True
noaa_2023.csv,1095,202305061737,2023,2023-05,outside_fixed_domain,-1,True,True
noaa_2023.csv,1096,202305062142,2023,2023-05,outside_fixed_domain,-1,True,True
noaa_2023.csv,1097,202305070137,2023,2023-05,outside_fixed_domain,-1,True,True
noaa_2023.csv,1098,202305070348,2023,2023-05,outside_fixed_domain,-1,True,True
noaa_2023.csv,1099,202305070959,2023,2023-05,outside_fixed_domain,-1,True,True
noaa_2023.csv,1100,202305071201,2023,2023-05,outside_fixed_domain,-1,True,True
noaa_2023.csv,1101,202305072101,2023,2023-05,outside_fixed_domain,-1,True,True
noaa_2023.csv,1102,202305072140,2023,2023-05,selected_peak,0,True,False
noaa_2023.csv,1103,202305072253,2023,2023-05,selected_peak,0,True,True
noaa_2023.csv,1104,202305080216,2023,2023-05,outside_fixed_domain,-1,True,True
noaa_2023.csv,1105,202305080640,2023,2023-05,outside_fixed_domain,-1,True,True
noaa_2023.csv,1106,202305080820,2023,2023-05,outside_fixed_domain,-1,True,False
noaa_2023.csv,1107,202305080830,2023,2023-05,outside_fixed_domain,-1,True,True
noaa_2023.csv,1108,202305080950,2023,2023-05,outside_fixed_domain,-1,True,True
noaa_2023.csv,1109,202305081056,2023,2023-05,outside_fixed_domain,-1,True,False
noaa_2023.csv,1110,202305081111,2023,2023-05,outside_fixed_domain,-1,True,True
noaa_2023.csv,1111,202305081228,2023,2023-05,outside_fixed_domain,-1,True,True
noaa_2023.csv,1112,202305081410,2023,2023-05,outside_fixed_domain,-1,True,True
noaa_2023.csv,1113,202305081502,2023,2023-05,outside_fixed_domain,-1,True,False
noaa_2023.csv,1114,202305081523,2023,2023-05,outside_fixed_domain,-1,True,True
noaa_2023.csv,1115,202305081559,2023,2023-05,outside_fixed_domain,-1,True,True
noaa_2023.csv,1116,202305082011,2023,2023-05,selected_peak,1,True,True
noaa_2023.csv,1117,202305082231,2023,2023-05,outside_fixed_domain,-1,True,True
noaa_2023.csv,1118,202305090143,2023,2023-05,outside_fixed_domain,-1,True,False
noaa_2023.csv,1119,202305090152,2023,2023-05,outside_fixed_domain,-1,True,True
noaa_2023.csv,1120,202305090243,2023,2023-05,outside_fixed_domain,-1,True,True
noaa_2023.csv,1121,202305090342,2023,2023-05,selected_peak,3,True,True
noaa_2023.csv,1122,202305090555,2023,2023-05,selected_peak,0,True,True
noaa_2023.csv,1123,202305090758,2023,2023-05,outside_fixed_domain,-1,True,True
noaa_2023.csv,1124,202305090918,2023,2023-05,outside_fixed_domain,-1,True,True
noaa_2023.csv,1125,202305091000,2023,2023-05,selected_peak,0,True,True
noaa_2023.csv,1126,202305091109,2023,2023-05,outside_fixed_domain,-1,True,True
noaa_2023.csv,1127,202305091159,2023,2023-05,outside_fixed_domain,-1,True,False
noaa_2023.csv,1128,202305091222,2023,2023-05,outside_fixed_domain,-1,True,True
noaa_2023.csv,1129,202305091358,2023,2023-05,outside_fixed_domain,-1,True,True
noaa_2023.csv,1130,202305091423,2023,2023-05,outside_fixed_domain,-1,True,True
noaa_2023.csv,1131,202305091743,2023,2023-05,outside_fixed_domain,-1,True,True
noaa_2023.csv,1132,202305091820,2023,2023-05,selected_peak,2,True,True
noaa_2023.csv,1133,202305092032,2023,2023-05,selected_peak,2,True,True
noaa_2023.csv,1134,202305100131,2023,2023-05,outside_fixed_domain,-1,True,True
noaa_2023.csv,1135,202305100310,2023,2023-05,outside_fixed_domain,-1,True,True
noaa_2023.csv,1136,202305100402,2023,2023-05,outside_fixed_domain,-1,True,False
noaa_2023.csv,1137,202305100415,2023,2023-05,outside_fixed_domain,-1,True,True
noaa_2023.csv,1138,202305101411,2023,2023-05,selected_peak,1,True,True
noaa_2023.csv,1139,202305101454,2023,2023-05,outside_fixed_domain,-1,True,True
noaa_2023.csv,1140,202305101557,2023,2023-05,outside_fixed_domain,-1,True,True
noaa_2023.csv,1141,202305101836,2023,2023-05,outside_fixed_domain,-1,True,True
noaa_2023.csv,1142,202305101922,2023,2023-05,outside_fixed_domain,-1,True,True
noaa_2023.csv,1143,202305101953,2023,2023-05,outside_fixed_domain,-1,True,True
noaa_2023.csv,1144,202305102207,2023,2023-05,outside_fixed_domain,-1,True,True
noaa_2023.csv,1145,202305110020,2023,2023-05,outside_fixed_domain,-1,True,False
noaa_2023.csv,1146,202305110046,2023,2023-05,outside_fixed_domain,-1,True,True
noaa_2023.csv,1147,202305110102,2023,2023-05,outside_fixed_domain,-1,True,True
noaa_2023.csv,1148,202305110251,2023,2023-05,outside_fixed_domain,-1,True,True
noaa_2023.csv,1149,202305110425,2023,2023-05,outside_fixed_domain,-1,True,True
noaa_2023.csv,1150,202305110847,2023,2023-05,selected_peak,1,True,True
noaa_2023.csv,1151,202305111259,2023,2023-05,outside_fixed_domain,-1,True,True
noaa_2023.csv,1152,202305111353,2023,2023-05,outside_fixed_domain,-1,True,True
noaa_2023.csv,1153,202305111813,2023,2023-05,selected_peak,1,True,True
noaa_2023.csv,1154,202305111953,2023,2023-05,outside_fixed_domain,-1,True,True
noaa_2023.csv,1155,202305112010,2023,2023-05,outside_fixed_domain,-1,True,True
noaa_2023.csv,1156,202305120810,2023,2023-05,outside_fixed_domain,-1,True,True
noaa_2023.csv,1157,202305121133,2023,2023-05,outside_fixed_domain,-1,True,True
noaa_2023.csv,1158,202305121231,2023,2023-05,outside_fixed_domain,-1,True,False
noaa_2023.csv,1159,202305121317,2023,2023-05,outside_fixed_domain,-1,True,True
noaa_2023.csv,1160,202305121403,2023,2023-05,outside_fixed_domain,-1,True,True
noaa_2023.csv,1161,202305121519,2023,2023-05,outside_fixed_domain,-1,True,True
noaa_2023.csv,1162,202305121904,2023,2023-05,outside_fixed_domain,-1,True,True
noaa_2023.csv,1163,202305122034,2023,2023-05,outside_fixed_domain,-1,True,True
noaa_2023.csv,1164,202305122239,2023,2023-05,outside_fixed_domain,-1,True,True
noaa_2023.csv,1165,202305122322,2023,2023-05,outside_fixed_domain,-1,True,False
noaa_2023.csv,1166,202305122353,2023,2023-05,outside_fixed_domain,-1,True,True
noaa_2023.csv,1167,202305131016,2023,2023-05,outside_fixed_domain,-1,True,True
noaa_2023.csv,1168,202305131341,2023,2023-05,outside_fixed_domain,-1,True,True
noaa_2023.csv,1169,202305131441,2023,2023-05,outside_fixed_domain,-1,True,False
noaa_2023.csv,1170,202305131448,2023,2023-05,outside_fixed_domain,-1,True,True
noaa_2023.csv,1171,202305131628,2023,2023-05,outside_fixed_domain,-1,True,True
noaa_2023.csv,1172,202305131835,2023,2023-05,outside_fixed_domain,-1,True,True
noaa_2023.csv,1173,202305132047,2023,2023-05,outside_fixed_domain,-1,True,True
noaa_2023.csv,1174,202305132126,2023,2023-05,outside_fixed_domain,-1,True,True
noaa_2023.csv,1175,202305132223,2023,2023-05,outside_fixed_domain,-1,True,True
noaa_2023.csv,1176,202305132336,2023,2023-05,outside_fixed_domain,-1,True,True
noaa_2023.csv,1177,202305140354,2023,2023-05,outside_fixed_domain,-1,True,False
noaa_2023.csv,1178,202305140418,2023,2023-05,outside_fixed_domain,-1,True,True
noaa_2023.csv,1179,202305140435,2023,2023-05,outside_fixed_domain,-1,True,True
noaa_2023.csv,1180,202305140907,2023,2023-05,outside_fixed_domain,-1,True,True
noaa_2023.csv,1181,202305141143,2023,2023-05,outside_fixed_domain,-1,True,True
noaa_2023.csv,1182,202305150046,2023,2023-05,outside_fixed_domain,-1,True,True
noaa_2023.csv,1183,202305150722,2023,2023-05,outside_fixed_domain,-1,True,False
noaa_2023.csv,1184,202305150730,2023,2023-05,outside_fixed_domain,-1,True,False
noaa_2023.csv,1185,202305150933,2023,2023-05,outside_fixed_domain,-1,True,True
noaa_2023.csv,1186,202305160421,2023,2023-05,outside_fixed_domain,-1,True,False
noaa_2023.csv,1187,202305160440,2023,2023-05,outside_fixed_domain,-1,True,True
noaa_2023.csv,1188,202305160942,2023,2023-05,outside_fixed_domain,-1,True,True
noaa_2023.csv,1189,202305161200,2023,2023-05,outside_fixed_domain,-1,True,True
noaa_2023.csv,1190,202305161339,2023,2023-05,outside_fixed_domain,-1,True,True
noaa_2023.csv,1191,202305161535,2023,2023-05,outside_fixed_domain,-1,True,True
noaa_2023.csv,1192,202305161631,2023,2023-05,selected_peak,3,True,True
noaa_2023.csv,1193,202305170150,2023,2023-05,outside_fixed_domain,-1,True,True
noaa_2023.csv,1194,202305170336,2023,2023-05,outside_fixed_domain,-1,True,True
noaa_2023.csv,1195,202305170752,2023,2023-05,outside_fixed_domain,-1,True,True
noaa_2023.csv,1196,202305170823,2023,2023-05,outside_fixed_domain,-1,True,True
noaa_2023.csv,1197,202305171430,2023,2023-05,outside_fixed_domain,-1,True,True
noaa_2023.csv,1198,202305171614,2023,2023-05,outside_fixed_domain,-1,True,True
noaa_2023.csv,1199,202305171834,2023,2023-05,outside_fixed_domain,-1,True,True
noaa_2023.csv,1200,202305171924,2023,2023-05,outside_fixed_domain,-1,True,True
noaa_2023.csv,1201,202305172138,2023,2023-05,outside_fixed_domain,-1,True,True
noaa_2023.csv,1202,202305180303,2023,2023-05,outside_fixed_domain,-1,True,True
noaa_2023.csv,1203,202305180407,2023,2023-05,outside_fixed_domain,-1,True,True
noaa_2023.csv,1204,202305180451,2023,2023-05,outside_fixed_domain,-1,True,True
noaa_2023.csv,1205,202305180613,2023,2023-05,selected_peak,0,True,True
noaa_2023.csv,1206,202305180648,2023,2023-05,selected_peak,0,True,True
noaa_2023.csv,1207,202305180947,2023,2023-05,outside_fixed_domain,-1,True,False
noaa_2023.csv,1208,202305181012,2023,2023-05,outside_fixed_domain,-1,True,True
noaa_2023.csv,1209,202305181057,2023,2023-05,outside_fixed_domain,-1,True,False
noaa_2023.csv,1210,202305181119,2023,2023-05,outside_fixed_domain,-1,True,True
noaa_2023.csv,1211,202305181132,2023,2023-05,selected_peak,1,True,False
noaa_2023.csv,1212,202305181200,2023,2023-05,selected_peak,1,True,True
noaa_2023.csv,1213,202305181239,2023,2023-05,selected_peak,0,True,True
noaa_2023.csv,1214,202305181543,2023,2023-05,outside_fixed_domain,-1,True,True
noaa_2023.csv,1215,202305181721,2023,2023-05,outside_fixed_domain,-1,True,False
noaa_2023.csv,1216,202305181732,2023,2023-05,selected_peak,0,True,True
noaa_2023.csv,1217,202305182012,2023,2023-05,selected_peak,2,True,False
noaa_2023.csv,1218,202305182051,2023,2023-05,selected_peak,2,True,True
noaa_2023.csv,1219,202305190005,2023,2023-05,outside_fixed_domain,-1,True,True
noaa_2023.csv,1220,202305190041,2023,2023-05,selected_peak,2,True,True
noaa_2023.csv,1221,202305190248,2023,2023-05,outside_fixed_domain,-1,True,False
noaa_2023.csv,1222,202305190305,2023,2023-05,selected_peak,0,True,True
noaa_2023.csv,1223,202305190437,2023,2023-05,outside_fixed_domain,-1,True,False
noaa_2023.csv,1224,202305190449,2023,2023-05,selected_peak,1,True,True
noaa_2023.csv,1225,202305190621,2023,2023-05,outside_fixed_domain,-1,True,False
noaa_2023.csv,1226,202305190625,2023,2023-05,outside_fixed_domain,-1,True,True
noaa_2023.csv,1227,202305190643,2023,2023-05,outside_fixed_domain,-1,True,True
noaa_2023.csv,1228,202305190728,2023,2023-05,outside_fixed_domain,-1,True,True
noaa_2023.csv,1229,202305190923,2023,2023-05,outside_fixed_domain,-1,True,True
noaa_2023.csv,1230,202305191007,2023,2023-05,outside_fixed_domain,-1,True,True
noaa_2023.csv,1231,202305191217,2023,2023-05,outside_fixed_domain,-1,True,True
noaa_2023.csv,1232,202305191530,2023,2023-05,outside_fixed_domain,-1,True,True
noaa_2023.csv,1233,202305191615,2023,2023-05,outside_fixed_domain,-1,True,True
noaa_2023.csv,1234,202305191710,2023,2023-05,outside_fixed_domain,-1,True,False
noaa_2023.csv,1235,202305191724,2023,2023-05,outside_fixed_domain,-1,True,True
noaa_2023.csv,1236,202305191905,2023,2023-05,outside_fixed_domain,-1,True,True
noaa_2023.csv,1237,202305191936,2023,2023-05,outside_fixed_domain,-1,True,False
noaa_2023.csv,1238,202305191945,2023,2023-05,selected_peak,1,True,False
noaa_2023.csv,1239,202305192014,2023,2023-05,selected_peak,1,True,True
noaa_2023.csv,1240,202305200013,2023,2023-05,outside_fixed_domain,-1,True,True
noaa_2023.csv,1241,202305200037,2023,2023-05,outside_fixed_domain,-1,True,True
noaa_2023.csv,1242,202305200224,2023,2023-05,outside_fixed_domain,-1,True,False
noaa_2023.csv,1243,202305200237,2023,2023-05,outside_fixed_domain,-1,True,True
noaa_2023.csv,1244,202305200308,2023,2023-05,outside_fixed_domain,-1,True,True
noaa_2023.csv,1245,202305200418,2023,2023-05,outside_fixed_domain,-1,True,True
noaa_2023.csv,1246,202305200436,2023,2023-05,outside_fixed_domain,-1,True,True
noaa_2023.csv,1247,202305200542,2023,2023-05,outside_fixed_domain,-1,True,True
noaa_2023.csv,1248,202305200649,2023,2023-05,selected_peak,0,True,True
noaa_2023.csv,1249,202305200716,2023,2023-05,selected_peak,3,True,True
noaa_2023.csv,1250,202305200918,2023,2023-05,selected_peak,0,True,True
noaa_2023.csv,1251,202305201048,2023,2023-05,selected_peak,0,True,True
noaa_2023.csv,1252,202305201225,2023,2023-05,selected_peak,3,True,True
noaa_2023.csv,1253,202305201418,2023,2023-05,outside_fixed_domain,-1,True,True
noaa_2023.csv,1254,202305201454,2023,2023-05,selected_peak,3,True,True
noaa_2023.csv,1255,202305201614,2023,2023-05,outside_fixed_domain,-1,True,True
noaa_2023.csv,1256,202305201648,2023,2023-05,outside_fixed_domain,-1,True,True
noaa_2023.csv,1257,202305201700,2023,2023-05,outside_fixed_domain,-1,True,True
noaa_2023.csv,1258,202305201737,2023,2023-05,outside_fixed_domain,-1,True,False
noaa_2023.csv,1259,202305201759,2023,2023-05,outside_fixed_domain,-1,True,True
noaa_2023.csv,1260,202305201842,2023,2023-05,outside_fixed_domain,-1,True,False
noaa_2023.csv,1261,202305201857,2023,2023-05,selected_peak,0,True,True
noaa_2023.csv,1262,202305201937,2023,2023-05,outside_fixed_domain,-1,True,False
noaa_2023.csv,1263,202305201957,2023,2023-05,outside_fixed_domain,-1,True,False
noaa_2023.csv,1264,202305202019,2023,2023-05,outside_fixed_domain,-1,True,True
noaa_2023.csv,1265,202305202057,2023,2023-05,outside_fixed_domain,-1,True,True
noaa_2023.csv,1266,202305202252,2023,2023-05,selected_peak,2,True,True
noaa_2023.csv,1267,202305210059,2023,2023-05,outside_fixed_domain,-1,True,True
noaa_2023.csv,1268,202305210218,2023,2023-05,selected_peak,0,True,True
noaa_2023.csv,1269,202305210351,2023,2023-05,outside_fixed_domain,-1,True,True
noaa_2023.csv,1270,202305210459,2023,2023-05,outside_fixed_domain,-1,True,True
noaa_2023.csv,1271,202305210530,2023,2023-05,outside_fixed_domain,-1,True,True
noaa_2023.csv,1272,202305210640,2023,2023-05,outside_fixed_domain,-1,True,True
noaa_2023.csv,1273,202305210740,2023,2023-05,outside_fixed_domain,-1,True,True
noaa_2023.csv,1274,202305210827,2023,2023-05,outside_fixed_domain,-1,True,True
noaa_2023.csv,1275,202305211120,2023,2023-05,outside_fixed_domain,-1,True,True
noaa_2023.csv,1276,202305211504,2023,2023-05,outside_fixed_domain,-1,True,True
noaa_2023.csv,1277,202305211549,2023,2023-05,selected_peak,1,True,True
noaa_2023.csv,1278,202305212055,2023,2023-05,outside_fixed_domain,-1,True,True
noaa_2023.csv,1279,202305212136,2023,2023-05,outside_fixed_domain,-1,True,True
noaa_2023.csv,1280,202305220055,2023,2023-05,outside_fixed_domain,-1,True,True
noaa_2023.csv,1281,202305220217,2023,2023-05,outside_fixed_domain,-1,True,True
noaa_2023.csv,1282,202305220330,2023,2023-05,outside_fixed_domain,-1,True,True
noaa_2023.csv,1283,202305220450,2023,2023-05,outside_fixed_domain,-1,True,True
noaa_2023.csv,1284,202305220606,2023,2023-05,outside_fixed_domain,-1,True,True
noaa_2023.csv,1285,202305220929,2023,2023-05,outside_fixed_domain,-1,True,True
noaa_2023.csv,1286,202305221319,2023,2023-05,outside_fixed_domain,-1,True,True
noaa_2023.csv,1287,202305221330,2023,2023-05,selected_peak,1,True,True
noaa_2023.csv,1288,202305221410,2023,2023-05,outside_fixed_domain,-1,True,True
noaa_2023.csv,1289,202305221826,2023,2023-05,outside_fixed_domain,-1,True,True
noaa_2023.csv,1290,202305230655,2023,2023-05,outside_fixed_domain,-1,True,False
noaa_2023.csv,1291,202305230709,2023,2023-05,outside_fixed_domain,-1,True,True
noaa_2023.csv,1292,202305230744,2023,2023-05,outside_fixed_domain,-1,True,True
noaa_2023.csv,1293,202305231002,2023,2023-05,outside_fixed_domain,-1,True,True
noaa_2023.csv,1294,202305231036,2023,2023-05,outside_fixed_domain,-1,True,True
noaa_2023.csv,1295,202305231154,2023,2023-05,outside_fixed_domain,-1,True,False
noaa_2023.csv,1296,202305231207,2023,2023-05,selected_peak,1,True,True
noaa_2023.csv,1297,202305231406,2023,2023-05,outside_fixed_domain,-1,True,True
noaa_2023.csv,1298,202305231434,2023,2023-05,outside_fixed_domain,-1,True,True
noaa_2023.csv,1299,202305231528,2023,2023-05,outside_fixed_domain,-1,True,True
noaa_2023.csv,1300,202305231601,2023,2023-05,outside_fixed_domain,-1,True,True
noaa_2023.csv,1301,202305231622,2023,2023-05,outside_fixed_domain,-1,True,True
noaa_2023.csv,1302,202305231911,2023,2023-05,outside_fixed_domain,-1,True,True
noaa_2023.csv,1303,202305231933,2023,2023-05,outside_fixed_domain,-1,True,True
noaa_2023.csv,1304,202305232028,2023,2023-05,outside_fixed_domain,-1,True,True
noaa_2023.csv,1305,202305240334,2023,2023-05,outside_fixed_domain,-1,True,False
noaa_2023.csv,1306,202305240405,2023,2023-05,outside_fixed_domain,-1,True,True
noaa_2023.csv,1307,202305240747,2023,2023-05,outside_fixed_domain,-1,True,False
noaa_2023.csv,1308,202305240805,2023,2023-05,outside_fixed_domain,-1,True,True
noaa_2023.csv,1309,202305240951,2023,2023-05,selected_peak,0,True,True
noaa_2023.csv,1310,202305241024,2023,2023-05,outside_fixed_domain,-1,True,True
noaa_2023.csv,1311,202305241341,2023,2023-05,outside_fixed_domain,-1,True,True
noaa_2023.csv,1312,202305241456,2023,2023-05,outside_fixed_domain,-1,True,True
noaa_2023.csv,1313,202305241704,2023,2023-05,selected_peak,1,True,True
noaa_2023.csv,1314,202305241903,2023,2023-05,outside_fixed_domain,-1,True,True
noaa_2023.csv,1315,202305241947,2023,2023-05,outside_fixed_domain,-1,True,True
noaa_2023.csv,1316,202305242010,2023,2023-05,outside_fixed_domain,-1,True,True
noaa_2023.csv,1317,202305242211,2023,2023-05,outside_fixed_domain,-1,True,True
noaa_2023.csv,1318,202305242233,2023,2023-05,outside_fixed_domain,-1,True,True
noaa_2023.csv,1319,202305250201,2023,2023-05,outside_fixed_domain,-1,True,True
noaa_2023.csv,1320,202305250259,2023,2023-05,outside_fixed_domain,-1,True,True
noaa_2023.csv,1321,202305250435,2023,2023-05,outside_fixed_domain,-1,True,True
noaa_2023.csv,1322,202305250529,2023,2023-05,outside_fixed_domain,-1,True,True
noaa_2023.csv,1323,202305250741,2023,2023-05,outside_fixed_domain,-1,True,True
noaa_2023.csv,1324,202305250809,2023,2023-05,outside_fixed_domain,-1,True,True
noaa_2023.csv,1325,202305250858,2023,2023-05,outside_fixed_domain,-1,True,True
noaa_2023.csv,1326,202305250922,2023,2023-05,outside_fixed_domain,-1,True,True
noaa_2023.csv,1327,202305251054,2023,2023-05,outside_fixed_domain,-1,True,True
noaa_2023.csv,1328,202305251250,2023,2023-05,outside_fixed_domain,-1,True,True
noaa_2023.csv,1329,202305251304,2023,2023-05,outside_fixed_domain,-1,True,True
noaa_2023.csv,1330,202305251347,2023,2023-05,outside_fixed_domain,-1,True,False
noaa_2023.csv,1331,202305251353,2023,2023-05,outside_fixed_domain,-1,True,True
noaa_2023.csv,1332,202305251418,2023,2023-05,outside_fixed_domain,-1,True,False
noaa_2023.csv,1333,202305251437,2023,2023-05,selected_peak,0,True,True
noaa_2023.csv,1334,202305251728,2023,2023-05,outside_fixed_domain,-1,True,True
noaa_2023.csv,1335,202305252113,2023,2023-05,outside_fixed_domain,-1,True,True
noaa_2023.csv,1336,202305260102,2023,2023-05,outside_fixed_domain,-1,True,False
noaa_2023.csv,1337,202305260128,2023,2023-05,outside_fixed_domain,-1,True,True
noaa_2023.csv,1338,202305260828,2023,2023-05,outside_fixed_domain,-1,True,True
noaa_2023.csv,1339,202305261320,2023,2023-05,outside_fixed_domain,-1,True,False
noaa_2023.csv,1340,202305261400,2023,2023-05,outside_fixed_domain,-1,True,True
noaa_2023.csv,1341,202305261656,2023,2023-05,outside_fixed_domain,-1,True,True
noaa_2023.csv,1342,202305261741,2023,2023-05,outside_fixed_domain,-1,True,True
noaa_2023.csv,1343,202305261853,2023,2023-05,outside_fixed_domain,-1,True,True
noaa_2023.csv,1344,202305261956,2023,2023-05,outside_fixed_domain,-1,True,True
noaa_2023.csv,1345,202305262147,2023,2023-05,outside_fixed_domain,-1,True,True
noaa_2023.csv,1346,202305262235,2023,2023-05,outside_fixed_domain,-1,True,False
noaa_2023.csv,1347,202305262248,2023,2023-05,selected_peak,0,True,True
noaa_2023.csv,1348,202305270432,2023,2023-05,outside_fixed_domain,-1,True,True
noaa_2023.csv,1349,202305270602,2023,2023-05,outside_fixed_domain,-1,True,True
noaa_2023.csv,1350,202305271432,2023,2023-05,outside_fixed_domain,-1,True,True
noaa_2023.csv,1351,202305271512,2023,2023-05,outside_fixed_domain,-1,True,False
noaa_2023.csv,1352,202305271533,2023,2023-05,outside_fixed_domain,-1,True,True
noaa_2023.csv,1353,202305271814,2023,2023-05,outside_fixed_domain,-1,True,True
noaa_2023.csv,1354,202305271912,2023,2023-05,outside_fixed_domain,-1,True,True
noaa_2023.csv,1355,202305272146,2023,2023-05,outside_fixed_domain,-1,True,True
noaa_2023.csv,1356,202305280145,2023,2023-05,outside_fixed_domain,-1,True,True
noaa_2023.csv,1357,202305280341,2023,2023-05,outside_fixed_domain,-1,True,True
noaa_2023.csv,1358,202305280919,2023,2023-05,outside_fixed_domain,-1,True,True
noaa_2023.csv,1359,202305281021,2023,2023-05,selected_peak,0,True,True
noaa_2023.csv,1360,202305281217,2023,2023-05,outside_fixed_domain,-1,True,True
noaa_2023.csv,1361,202305281448,2023,2023-05,outside_fixed_domain,-1,True,True
noaa_2023.csv,1362,202305281534,2023,2023-05,outside_fixed_domain,-1,True,True
noaa_2023.csv,1363,202305281654,2023,2023-05,outside_fixed_domain,-1,True,True
noaa_2023.csv,1364,202305282031,2023,2023-05,outside_fixed_domain,-1,True,True
noaa_2023.csv,1365,202305282124,2023,2023-05,outside_fixed_domain,-1,True,True
noaa_2023.csv,1366,202305290415,2023,2023-05,outside_fixed_domain,-1,True,False
noaa_2023.csv,1367,202305290458,2023,2023-05,outside_fixed_domain,-1,True,True
noaa_2023.csv,1368,202305290715,2023,2023-05,outside_fixed_domain,-1,True,True
noaa_2023.csv,1369,202305291811,2023,2023-05,outside_fixed_domain,-1,True,False
noaa_2023.csv,1370,202305291825,2023,2023-05,outside_fixed_domain,-1,True,True
noaa_2023.csv,1371,202305292325,2023,2023-05,outside_fixed_domain,-1,True,True
noaa_2023.csv,1372,202305300009,2023,2023-05,outside_fixed_domain,-1,True,True
noaa_2023.csv,1373,202305300326,2023,2023-05,outside_fixed_domain,-1,True,True
noaa_2023.csv,1374,202305300356,2023,2023-05,outside_fixed_domain,-1,True,True
noaa_2023.csv,1375,202305300754,2023,2023-05,selected_peak,0,True,True
noaa_2023.csv,1376,202305301015,2023,2023-05,selected_peak,0,True,True
noaa_2023.csv,1377,202305301335,2023,2023-05,selected_peak,0,True,True
noaa_2023.csv,1378,202305301624,2023,2023-05,outside_fixed_domain,-1,True,False
noaa_2023.csv,1379,202305301641,2023,2023-05,outside_fixed_domain,-1,True,True
noaa_2023.csv,1380,202305302230,2023,2023-05,outside_fixed_domain,-1,True,True
noaa_2023.csv,1381,202305310052,2023,2023-05,outside_fixed_domain,-1,True,True
noaa_2023.csv,1382,202305310159,2023,2023-05,outside_fixed_domain,-1,True,True
noaa_2023.csv,1383,202305310338,2023,2023-05,outside_fixed_domain,-1,True,True
noaa_2023.csv,1384,202305310424,2023,2023-05,selected_peak,0,True,True
noaa_2023.csv,1385,202305310514,2023,2023-05,outside_fixed_domain,-1,True,True
noaa_2023.csv,1386,202305310601,2023,2023-05,outside_fixed_domain,-1,True,True
noaa_2023.csv,1387,202305310735,2023,2023-05,outside_fixed_domain,-1,True,True
noaa_2023.csv,1388,202305310816,2023,2023-05,outside_fixed_domain,-1,True,True
noaa_2023.csv,1389,202305311010,2023,2023-05,outside_fixed_domain,-1,True,True
noaa_2023.csv,1390,202305311050,2023,2023-05,outside_fixed_domain,-1,True,True
noaa_2023.csv,1391,202305311223,2023,2023-05,selected_peak,0,True,True
noaa_2023.csv,1392,202305311329,2023,2023-05,outside_fixed_domain,-1,True,False
noaa_2023.csv,1393,202305311343,2023,2023-05,outside_fixed_domain,-1,True,True
noaa_2023.csv,1394,202305311455,2023,2023-05,outside_fixed_domain,-1,True,True
noaa_2023.csv,1395,202305311543,2023,2023-05,outside_fixed_domain,-1,True,True
noaa_2023.csv,1396,202305311609,2023,2023-05,outside_fixed_domain,-1,True,False
noaa_2023.csv,1397,202305311636,2023,2023-05,outside_fixed_domain,-1,True,True
noaa_2023.csv,1398,202305311644,2023,2023-05,outside_fixed_domain,-1,True,True
noaa_2023.csv,1399,202305311953,2023,2023-05,outside_fixed_domain,-1,True,True
noaa_2023.csv,1400,202305312040,2023,2023-05,outside_fixed_domain,-1,True,True
noaa_2023.csv,1401,202305312147,2023,2023-05,selected_peak,0,True,False
noaa_2023.csv,1402,202305312214,2023,2023-05,selected_peak,2,True,True
noaa_2023.csv,1403,202306010020,2023,2023-06,outside_fixed_domain,-1,True,True
noaa_2023.csv,1404,202306010125,2023,2023-06,outside_fixed_domain,-1,True,True
noaa_2023.csv,1405,202306010808,2023,2023-06,outside_fixed_domain,-1,True,True
noaa_2023.csv,1406,202306010909,2023,2023-06,outside_fixed_domain,-1,True,True
noaa_2023.csv,1407,202306011113,2023,2023-06,outside_fixed_domain,-1,True,True
noaa_2023.csv,1408,202306011326,2023,2023-06,outside_fixed_domain,-1,True,False
noaa_2023.csv,1409,202306011347,2023,2023-06,outside_fixed_domain,-1,True,True
noaa_2023.csv,1410,202306011439,2023,2023-06,outside_fixed_domain,-1,True,True
noaa_2023.csv,1411,202306011848,2023,2023-06,outside_fixed_domain,-1,True,True
noaa_2023.csv,1412,202306012023,2023,2023-06,outside_fixed_domain,-1,True,True
noaa_2023.csv,1413,202306020232,2023,2023-06,selected_peak,0,True,True
noaa_2023.csv,1414,202306021359,2023,2023-06,outside_fixed_domain,-1,True,True
noaa_2023.csv,1415,202306021514,2023,2023-06,outside_fixed_domain,-1,True,True
noaa_2023.csv,1416,202306022226,2023,2023-06,outside_fixed_domain,-1,True,True
noaa_2023.csv,1417,202306022354,2023,2023-06,outside_fixed_domain,-1,True,False
noaa_2023.csv,1418,202306030016,2023,2023-06,outside_fixed_domain,-1,True,True
noaa_2023.csv,1419,202306030709,2023,2023-06,outside_fixed_domain,-1,True,True
noaa_2023.csv,1420,202306030753,2023,2023-06,outside_fixed_domain,-1,True,True
noaa_2023.csv,1421,202306031144,2023,2023-06,outside_fixed_domain,-1,True,True
noaa_2023.csv,1422,202306031401,2023,2023-06,outside_fixed_domain,-1,True,True
noaa_2023.csv,1423,202306031833,2023,2023-06,outside_fixed_domain,-1,True,True
noaa_2023.csv,1424,202306032048,2023,2023-06,outside_fixed_domain,-1,True,True
noaa_2023.csv,1425,202306032140,2023,2023-06,outside_fixed_domain,-1,True,True
noaa_2023.csv,1426,202306032302,2023,2023-06,outside_fixed_domain,-1,True,True
noaa_2023.csv,1427,202306040008,2023,2023-06,outside_fixed_domain,-1,True,True
noaa_2023.csv,1428,202306040108,2023,2023-06,outside_fixed_domain,-1,True,True
noaa_2023.csv,1429,202306040154,2023,2023-06,outside_fixed_domain,-1,True,True
noaa_2023.csv,1430,202306040332,2023,2023-06,outside_fixed_domain,-1,True,True
noaa_2023.csv,1431,202306040419,2023,2023-06,outside_fixed_domain,-1,True,True
noaa_2023.csv,1432,202306040849,2023,2023-06,outside_fixed_domain,-1,True,True
noaa_2023.csv,1433,202306040940,2023,2023-06,outside_fixed_domain,-1,True,True
noaa_2023.csv,1434,202306041156,2023,2023-06,outside_fixed_domain,-1,True,True
noaa_2023.csv,1435,202306041425,2023,2023-06,outside_fixed_domain,-1,True,True
noaa_2023.csv,1436,202306041655,2023,2023-06,outside_fixed_domain,-1,True,True
noaa_2023.csv,1437,202306042359,2023,2023-06,outside_fixed_domain,-1,True,True
noaa_2023.csv,1438,202306050248,2023,2023-06,outside_fixed_domain,-1,True,True
noaa_2023.csv,1439,202306050630,2023,2023-06,outside_fixed_domain,-1,True,True
noaa_2023.csv,1440,202306051001,2023,2023-06,outside_fixed_domain,-1,True,True
noaa_2023.csv,1441,202306051111,2023,2023-06,outside_fixed_domain,-1,True,True
noaa_2023.csv,1442,202306052119,2023,2023-06,outside_fixed_domain,-1,True,True
noaa_2023.csv,1443,202306060054,2023,2023-06,outside_fixed_domain,-1,True,True
noaa_2023.csv,1444,202306060828,2023,2023-06,outside_fixed_domain,-1,True,True
noaa_2023.csv,1445,202306060907,2023,2023-06,outside_fixed_domain,-1,True,True
noaa_2023.csv,1446,202306061713,2023,2023-06,outside_fixed_domain,-1,True,True
noaa_2023.csv,1447,202306061825,2023,2023-06,outside_fixed_domain,-1,True,True
noaa_2023.csv,1448,202306061855,2023,2023-06,outside_fixed_domain,-1,True,True
noaa_2023.csv,1449,202306070332,2023,2023-06,outside_fixed_domain,-1,True,True
noaa_2023.csv,1450,202306070616,2023,2023-06,outside_fixed_domain,-1,True,True
noaa_2023.csv,1451,202306070901,2023,2023-06,outside_fixed_domain,-1,True,True
noaa_2023.csv,1452,202306071118,2023,2023-06,selected_peak,2,True,True
noaa_2023.csv,1453,202306071548,2023,2023-06,outside_fixed_domain,-1,True,True
noaa_2023.csv,1454,202306071825,2023,2023-06,outside_fixed_domain,-1,True,False
noaa_2023.csv,1455,202306071846,2023,2023-06,outside_fixed_domain,-1,True,True
noaa_2023.csv,1456,202306080209,2023,2023-06,outside_fixed_domain,-1,True,True
noaa_2023.csv,1457,202306080248,2023,2023-06,outside_fixed_domain,-1,True,True
noaa_2023.csv,1458,202306080443,2023,2023-06,outside_fixed_domain,-1,True,True
noaa_2023.csv,1459,202306080749,2023,2023-06,outside_fixed_domain,-1,True,True
noaa_2023.csv,1460,202306081008,2023,2023-06,outside_fixed_domain,-1,True,True
noaa_2023.csv,1461,202306081650,2023,2023-06,outside_fixed_domain,-1,True,True
noaa_2023.csv,1462,202306082356,2023,2023-06,outside_fixed_domain,-1,True,True
noaa_2023.csv,1463,202306090115,2023,2023-06,outside_fixed_domain,-1,True,True
noaa_2023.csv,1464,202306091334,2023,2023-06,outside_fixed_domain,-1,True,True
noaa_2023.csv,1465,202306091428,2023,2023-06,outside_fixed_domain,-1,True,True
noaa_2023.csv,1466,202306091648,2023,2023-06,selected_peak,1,True,True
noaa_2023.csv,1467,202306092308,2023,2023-06,outside_fixed_domain,-1,True,True
noaa_2023.csv,1468,202306092334,2023,2023-06,outside_fixed_domain,-1,True,True
noaa_2023.csv,1469,202306100213,2023,2023-06,outside_fixed_domain,-1,True,False
noaa_2023.csv,1470,202306100227,2023,2023-06,outside_fixed_domain,-1,True,True
noaa_2023.csv,1471,202306100324,2023,2023-06,outside_fixed_domain,-1,True,True
noaa_2023.csv,1472,202306101529,2023,2023-06,outside_fixed_domain,-1,True,True
noaa_2023.csv,1473,202306101815,2023,2023-06,outside_fixed_domain,-1,True,False
noaa_2023.csv,1474,202306101825,2023,2023-06,outside_fixed_domain,-1,True,True
noaa_2023.csv,1475,202306102059,2023,2023-06,outside_fixed_domain,-1,True,True
noaa_2023.csv,1476,202306102110,2023,2023-06,outside_fixed_domain,-1,True,True
noaa_2023.csv,1477,202306110155,2023,2023-06,outside_fixed_domain,-1,True,True
noaa_2023.csv,1478,202306110441,2023,2023-06,outside_fixed_domain,-1,True,True
noaa_2023.csv,1479,202306110530,2023,2023-06,outside_fixed_domain,-1,True,True
noaa_2023.csv,1480,202306110621,2023,2023-06,outside_fixed_domain,-1,True,True
noaa_2023.csv,1481,202306111436,2023,2023-06,outside_fixed_domain,-1,True,False
noaa_2023.csv,1482,202306111456,2023,2023-06,outside_fixed_domain,-1,True,True
noaa_2023.csv,1483,202306120306,2023,2023-06,outside_fixed_domain,-1,True,True
noaa_2023.csv,1484,202306120649,2023,2023-06,outside_fixed_domain,-1,True,True
noaa_2023.csv,1485,202306120847,2023,2023-06,outside_fixed_domain,-1,True,True
noaa_2023.csv,1486,202306120953,2023,2023-06,outside_fixed_domain,-1,True,False
noaa_2023.csv,1487,202306121019,2023,2023-06,outside_fixed_domain,-1,True,True
noaa_2023.csv,1488,202306121309,2023,2023-06,outside_fixed_domain,-1,True,True
noaa_2023.csv,1489,202306122019,2023,2023-06,outside_fixed_domain,-1,True,True
noaa_2023.csv,1490,202306122136,2023,2023-06,outside_fixed_domain,-1,True,True
noaa_2023.csv,1491,202306122308,2023,2023-06,outside_fixed_domain,-1,True,False
noaa_2023.csv,1492,202306122316,2023,2023-06,outside_fixed_domain,-1,True,True
noaa_2023.csv,1493,202306131157,2023,2023-06,outside_fixed_domain,-1,True,True
noaa_2023.csv,1494,202306131241,2023,2023-06,outside_fixed_domain,-1,True,True
noaa_2023.csv,1495,202306131423,2023,2023-06,outside_fixed_domain,-1,True,True
noaa_2023.csv,1496,202306131503,2023,2023-06,outside_fixed_domain,-1,True,True
noaa_2023.csv,1497,202306131730,2023,2023-06,outside_fixed_domain,-1,True,True
noaa_2023.csv,1498,202306132000,2023,2023-06,outside_fixed_domain,-1,True,False
noaa_2023.csv,1499,202306132020,2023,2023-06,outside_fixed_domain,-1,True,True
noaa_2023.csv,1500,202306132329,2023,2023-06,outside_fixed_domain,-1,True,False
noaa_2023.csv,1501,202306132339,2023,2023-06,outside_fixed_domain,-1,True,True
noaa_2023.csv,1502,202306140854,2023,2023-06,outside_fixed_domain,-1,True,True
noaa_2023.csv,1503,202306140928,2023,2023-06,outside_fixed_domain,-1,True,True
noaa_2023.csv,1504,202306141001,2023,2023-06,outside_fixed_domain,-1,True,True
noaa_2023.csv,1505,202306141504,2023,2023-06,outside_fixed_domain,-1,True,True
noaa_2023.csv,1506,202306141916,2023,2023-06,outside_fixed_domain,-1,True,True
noaa_2023.csv,1507,202306142029,2023,2023-06,outside_fixed_domain,-1,True,True
noaa_2023.csv,1508,202306142203,2023,2023-06,outside_fixed_domain,-1,True,True
noaa_2023.csv,1509,202306142248,2023,2023-06,outside_fixed_domain,-1,True,True
noaa_2023.csv,1510,202306142329,2023,2023-06,outside_fixed_domain,-1,True,True
noaa_2023.csv,1511,202306150123,2023,2023-06,outside_fixed_domain,-1,True,True
noaa_2023.csv,1512,202306150313,2023,2023-06,outside_fixed_domain,-1,True,True
noaa_2023.csv,1513,202306151233,2023,2023-06,outside_fixed_domain,-1,True,True
noaa_2023.csv,1514,202306151712,2023,2023-06,outside_fixed_domain,-1,True,True
noaa_2023.csv,1515,202306160233,2023,2023-06,outside_fixed_domain,-1,True,False
noaa_2023.csv,1516,202306160246,2023,2023-06,outside_fixed_domain,-1,True,True
noaa_2023.csv,1517,202306160347,2023,2023-06,outside_fixed_domain,-1,True,True
noaa_2023.csv,1518,202306160521,2023,2023-06,selected_peak,0,True,True
noaa_2023.csv,1519,202306160609,2023,2023-06,outside_fixed_domain,-1,True,True
noaa_2023.csv,1520,202306160849,2023,2023-06,outside_fixed_domain,-1,True,True
noaa_2023.csv,1521,202306161020,2023,2023-06,selected_peak,0,True,True
noaa_2023.csv,1522,202306161316,2023,2023-06,outside_fixed_domain,-1,True,True
noaa_2023.csv,1523,202306161612,2023,2023-06,outside_fixed_domain,-1,True,True
noaa_2023.csv,1524,202306161952,2023,2023-06,selected_peak,0,True,True
noaa_2023.csv,1525,202306162134,2023,2023-06,outside_fixed_domain,-1,True,True
noaa_2023.csv,1526,202306171607,2023,2023-06,outside_fixed_domain,-1,True,True
noaa_2023.csv,1527,202306171653,2023,2023-06,outside_fixed_domain,-1,True,True
noaa_2023.csv,1528,202306172150,2023,2023-06,outside_fixed_domain,-1,True,True
noaa_2023.csv,1529,202306172346,2023,2023-06,outside_fixed_domain,-1,True,False
noaa_2023.csv,1530,202306180003,2023,2023-06,outside_fixed_domain,-1,True,True
noaa_2023.csv,1531,202306180025,2023,2023-06,selected_peak,0,True,True
noaa_2023.csv,1532,202306180204,2023,2023-06,outside_fixed_domain,-1,True,True
noaa_2023.csv,1533,202306180450,2023,2023-06,outside_fixed_domain,-1,True,True
noaa_2023.csv,1534,202306180531,2023,2023-06,outside_fixed_domain,-1,True,True
noaa_2023.csv,1535,202306181325,2023,2023-06,selected_peak,1,True,True
noaa_2023.csv,1536,202306182225,2023,2023-06,outside_fixed_domain,-1,True,False
noaa_2023.csv,1537,202306182243,2023,2023-06,outside_fixed_domain,-1,True,True
noaa_2023.csv,1538,202306190146,2023,2023-06,outside_fixed_domain,-1,True,True
noaa_2023.csv,1539,202306190337,2023,2023-06,selected_peak,0,True,True
noaa_2023.csv,1540,202306190408,2023,2023-06,outside_fixed_domain,-1,True,True
noaa_2023.csv,1541,202306190705,2023,2023-06,outside_fixed_domain,-1,True,True
noaa_2023.csv,1542,202306191135,2023,2023-06,outside_fixed_domain,-1,True,True
noaa_2023.csv,1543,202306191206,2023,2023-06,selected_peak,0,True,True
noaa_2023.csv,1544,202306191615,2023,2023-06,outside_fixed_domain,-1,True,True
noaa_2023.csv,1545,202306191652,2023,2023-06,outside_fixed_domain,-1,True,True
noaa_2023.csv,1546,202306191709,2023,2023-06,outside_fixed_domain,-1,True,False
noaa_2023.csv,1547,202306191725,2023,2023-06,outside_fixed_domain,-1,True,True
noaa_2023.csv,1548,202306191839,2023,2023-06,outside_fixed_domain,-1,True,True
noaa_2023.csv,1549,202306200017,2023,2023-06,outside_fixed_domain,-1,True,True
noaa_2023.csv,1550,202306200325,2023,2023-06,outside_fixed_domain,-1,True,True
noaa_2023.csv,1551,202306200447,2023,2023-06,outside_fixed_domain,-1,True,True
noaa_2023.csv,1552,202306201047,2023,2023-06,outside_fixed_domain,-1,True,False
noaa_2023.csv,1553,202306201109,2023,2023-06,selected_peak,0,True,False
noaa_2023.csv,1554,202306201117,2023,2023-06,selected_peak,1,True,True
noaa_2023.csv,1555,202306201211,2023,2023-06,outside_fixed_domain,-1,True,True
noaa_2023.csv,1556,202306201300,2023,2023-06,outside_fixed_domain,-1,True,True
noaa_2023.csv,1557,202306201342,2023,2023-06,outside_fixed_domain,-1,True,False
noaa_2023.csv,1558,202306201349,2023,2023-06,outside_fixed_domain,-1,True,True
noaa_2023.csv,1559,202306201400,2023,2023-06,outside_fixed_domain,-1,True,True
noaa_2023.csv,1560,202306201436,2023,2023-06,outside_fixed_domain,-1,True,True
noaa_2023.csv,1561,202306201523,2023,2023-06,outside_fixed_domain,-1,True,False
noaa_2023.csv,1562,202306201537,2023,2023-06,outside_fixed_domain,-1,True,False
noaa_2023.csv,1563,202306201544,2023,2023-06,selected_peak,0,True,True
noaa_2023.csv,1564,202306201627,2023,2023-06,selected_peak,0,True,True
noaa_2023.csv,1565,202306201642,2023,2023-06,selected_peak,4,True,True
noaa_2023.csv,1566,202306210040,2023,2023-06,outside_fixed_domain,-1,True,True
noaa_2023.csv,1567,202306210300,2023,2023-06,outside_fixed_domain,-1,True,False
noaa_2023.csv,1568,202306210328,2023,2023-06,outside_fixed_domain,-1,True,True
noaa_2023.csv,1569,202306211040,2023,2023-06,outside_fixed_domain,-1,True,True
noaa_2023.csv,1570,202306211231,2023,2023-06,selected_peak,0,True,True
noaa_2023.csv,1571,202306211531,2023,2023-06,selected_peak,0,True,True
noaa_2023.csv,1572,202306211648,2023,2023-06,outside_fixed_domain,-1,True,True
noaa_2023.csv,1573,202306212008,2023,2023-06,outside_fixed_domain,-1,True,False
noaa_2023.csv,1574,202306212039,2023,2023-06,outside_fixed_domain,-1,True,True
noaa_2023.csv,1575,202306220102,2023,2023-06,outside_fixed_domain,-1,True,True
noaa_2023.csv,1576,202306220817,2023,2023-06,outside_fixed_domain,-1,True,True
noaa_2023.csv,1577,202306221043,2023,2023-06,outside_fixed_domain,-1,True,True
noaa_2023.csv,1578,202306221057,2023,2023-06,selected_peak,0,True,True
noaa_2023.csv,1579,202306221319,2023,2023-06,outside_fixed_domain,-1,True,True
noaa_2023.csv,1580,202306221340,2023,2023-06,outside_fixed_domain,-1,True,True
noaa_2023.csv,1581,202306222329,2023,2023-06,selected_peak,2,True,True
noaa_2023.csv,1582,202306230320,2023,2023-06,outside_fixed_domain,-1,True,True
noaa_2023.csv,1583,202306230958,2023,2023-06,outside_fixed_domain,-1,True,True
noaa_2023.csv,1584,202306231406,2023,2023-06,outside_fixed_domain,-1,True,True
noaa_2023.csv,1585,202306231635,2023,2023-06,outside_fixed_domain,-1,True,False
noaa_2023.csv,1586,202306231656,2023,2023-06,outside_fixed_domain,-1,True,True
noaa_2023.csv,1587,202306231837,2023,2023-06,outside_fixed_domain,-1,True,True
noaa_2023.csv,1588,202306232053,2023,2023-06,outside_fixed_domain,-1,True,True
noaa_2023.csv,1589,202306232312,2023,2023-06,outside_fixed_domain,-1,True,True
noaa_2023.csv,1590,202306240012,2023,2023-06,outside_fixed_domain,-1,True,True
noaa_2023.csv,1591,202306240305,2023,2023-06,outside_fixed_domain,-1,True,True
noaa_2023.csv,1592,202306240431,2023,2023-06,outside_fixed_domain,-1,True,True
noaa_2023.csv,1593,202306240637,2023,2023-06,outside_fixed_domain,-1,True,True
noaa_2023.csv,1594,202306240713,2023,2023-06,outside_fixed_domain,-1,True,True
noaa_2023.csv,1595,202306240725,2023,2023-06,outside_fixed_domain,-1,True,True
noaa_2023.csv,1596,202306240824,2023,2023-06,outside_fixed_domain,-1,True,True
noaa_2023.csv,1597,202306240911,2023,2023-06,outside_fixed_domain,-1,True,True
noaa_2023.csv,1598,202306241211,2023,2023-06,selected_peak,0,True,True
noaa_2023.csv,1599,202306241600,2023,2023-06,outside_fixed_domain,-1,True,True
noaa_2023.csv,1600,202306241742,2023,2023-06,outside_fixed_domain,-1,True,True
noaa_2023.csv,1601,202306242013,2023,2023-06,outside_fixed_domain,-1,True,False
noaa_2023.csv,1602,202306242035,2023,2023-06,outside_fixed_domain,-1,True,True
noaa_2023.csv,1603,202306242105,2023,2023-06,outside_fixed_domain,-1,True,True
noaa_2023.csv,1604,202306242237,2023,2023-06,outside_fixed_domain,-1,True,False
noaa_2023.csv,1605,202306242300,2023,2023-06,outside_fixed_domain,-1,True,True
noaa_2023.csv,1606,202306242332,2023,2023-06,outside_fixed_domain,-1,True,True
noaa_2023.csv,1607,202306250137,2023,2023-06,outside_fixed_domain,-1,True,True
noaa_2023.csv,1608,202306250215,2023,2023-06,outside_fixed_domain,-1,True,True
noaa_2023.csv,1609,202306250412,2023,2023-06,outside_fixed_domain,-1,True,True
noaa_2023.csv,1610,202306250654,2023,2023-06,outside_fixed_domain,-1,True,True
noaa_2023.csv,1611,202306251002,2023,2023-06,outside_fixed_domain,-1,True,True
noaa_2023.csv,1612,202306251051,2023,2023-06,outside_fixed_domain,-1,True,True
noaa_2023.csv,1613,202306251203,2023,2023-06,outside_fixed_domain,-1,True,True
noaa_2023.csv,1614,202306251716,2023,2023-06,outside_fixed_domain,-1,True,False
noaa_2023.csv,1615,202306251728,2023,2023-06,outside_fixed_domain,-1,True,False
noaa_2023.csv,1616,202306251746,2023,2023-06,outside_fixed_domain,-1,True,True
noaa_2023.csv,1617,202306251947,2023,2023-06,outside_fixed_domain,-1,True,True
noaa_2023.csv,1618,202306252019,2023,2023-06,outside_fixed_domain,-1,True,True
noaa_2023.csv,1619,202306252156,2023,2023-06,outside_fixed_domain,-1,True,True
noaa_2023.csv,1620,202306252258,2023,2023-06,outside_fixed_domain,-1,True,True
noaa_2023.csv,1621,202306252315,2023,2023-06,outside_fixed_domain,-1,True,True
noaa_2023.csv,1622,202306260047,2023,2023-06,outside_fixed_domain,-1,True,True
noaa_2023.csv,1623,202306260131,2023,2023-06,outside_fixed_domain,-1,True,True
noaa_2023.csv,1624,202306260219,2023,2023-06,outside_fixed_domain,-1,True,True
noaa_2023.csv,1625,202306260349,2023,2023-06,outside_fixed_domain,-1,True,True
noaa_2023.csv,1626,202306260509,2023,2023-06,outside_fixed_domain,-1,True,True
noaa_2023.csv,1627,202306260622,2023,2023-06,outside_fixed_domain,-1,True,True
noaa_2023.csv,1628,202306260823,2023,2023-06,outside_fixed_domain,-1,True,True
noaa_2023.csv,1629,202306261143,2023,2023-06,outside_fixed_domain,-1,True,True
noaa_2023.csv,1630,202306261213,2023,2023-06,outside_fixed_domain,-1,True,True
noaa_2023.csv,1631,202306261608,2023,2023-06,selected_peak,0,True,True
noaa_2023.csv,1632,202306261946,2023,2023-06,outside_fixed_domain,-1,True,True
noaa_2023.csv,1633,202306262216,2023,2023-06,outside_fixed_domain,-1,True,True
noaa_2023.csv,1634,202306262312,2023,2023-06,outside_fixed_domain,-1,True,True
noaa_2023.csv,1635,202306262340,2023,2023-06,outside_fixed_domain,-1,True,True
noaa_2023.csv,1636,202306270122,2023,2023-06,outside_fixed_domain,-1,True,True
noaa_2023.csv,1637,202306270324,2023,2023-06,outside_fixed_domain,-1,True,True
noaa_2023.csv,1638,202306270557,2023,2023-06,outside_fixed_domain,-1,True,True
noaa_2023.csv,1639,202306270651,2023,2023-06,outside_fixed_domain,-1,True,True
noaa_2023.csv,1640,202306270911,2023,2023-06,outside_fixed_domain,-1,True,True
noaa_2023.csv,1641,202306271457,2023,2023-06,selected_peak,0,True,False
noaa_2023.csv,1642,202306271519,2023,2023-06,outside_fixed_domain,-1,True,True
noaa_2023.csv,1643,202306271557,2023,2023-06,outside_fixed_domain,-1,True,True
noaa_2023.csv,1644,202306271630,2023,2023-06,outside_fixed_domain,-1,True,True
noaa_2023.csv,1645,202306271743,2023,2023-06,outside_fixed_domain,-1,True,True
noaa_2023.csv,1646,202306271752,2023,2023-06,outside_fixed_domain,-1,True,True
noaa_2023.csv,1647,202306271838,2023,2023-06,outside_fixed_domain,-1,True,False
noaa_2023.csv,1648,202306271856,2023,2023-06,outside_fixed_domain,-1,True,True
noaa_2023.csv,1649,202306271928,2023,2023-06,outside_fixed_domain,-1,True,True
noaa_2023.csv,1650,202306272010,2023,2023-06,outside_fixed_domain,-1,True,True
noaa_2023.csv,1651,202306272111,2023,2023-06,outside_fixed_domain,-1,True,False
noaa_2023.csv,1652,202306272128,2023,2023-06,outside_fixed_domain,-1,True,True
noaa_2023.csv,1653,202306272222,2023,2023-06,outside_fixed_domain,-1,True,True
noaa_2023.csv,1654,202306272317,2023,2023-06,outside_fixed_domain,-1,True,True
noaa_2023.csv,1655,202306280029,2023,2023-06,outside_fixed_domain,-1,True,True
noaa_2023.csv,1656,202306280214,2023,2023-06,outside_fixed_domain,-1,True,True
noaa_2023.csv,1657,202306280328,2023,2023-06,outside_fixed_domain,-1,True,True
noaa_2023.csv,1658,202306280402,2023,2023-06,outside_fixed_domain,-1,True,True
noaa_2023.csv,1659,202306280826,2023,2023-06,selected_peak,1,True,True
noaa_2023.csv,1660,202306281327,2023,2023-06,outside_fixed_domain,-1,True,True
noaa_2023.csv,1661,202306281641,2023,2023-06,outside_fixed_domain,-1,True,True
noaa_2023.csv,1662,202306281833,2023,2023-06,outside_fixed_domain,-1,True,True
noaa_2023.csv,1663,202306281854,2023,2023-06,outside_fixed_domain,-1,True,True
noaa_2023.csv,1664,202306281944,2023,2023-06,outside_fixed_domain,-1,True,True
noaa_2023.csv,1665,202306282302,2023,2023-06,outside_fixed_domain,-1,True,True
noaa_2023.csv,1666,202306290250,2023,2023-06,outside_fixed_domain,-1,True,True
noaa_2023.csv,1667,202306290350,2023,2023-06,outside_fixed_domain,-1,True,False
noaa_2023.csv,1668,202306290410,2023,2023-06,outside_fixed_domain,-1,True,True
noaa_2023.csv,1669,202306290803,2023,2023-06,outside_fixed_domain,-1,True,True
noaa_2023.csv,1670,202306291055,2023,2023-06,outside_fixed_domain,-1,True,True
noaa_2023.csv,1671,202306291227,2023,2023-06,outside_fixed_domain,-1,True,False
noaa_2023.csv,1672,202306291244,2023,2023-06,outside_fixed_domain,-1,True,True
noaa_2023.csv,1673,202306291400,2023,2023-06,selected_peak,2,True,True
noaa_2023.csv,1674,202306292002,2023,2023-06,outside_fixed_domain,-1,True,True
noaa_2023.csv,1675,202306292152,2023,2023-06,outside_fixed_domain,-1,True,True
noaa_2023.csv,1676,202306300609,2023,2023-06,outside_fixed_domain,-1,True,True
noaa_2023.csv,1677,202306300708,2023,2023-06,outside_fixed_domain,-1,True,True
noaa_2023.csv,1678,202306300951,2023,2023-06,outside_fixed_domain,-1,True,True
noaa_2023.csv,1679,202306301116,2023,2023-06,outside_fixed_domain,-1,True,True
noaa_2023.csv,1680,202306301239,2023,2023-06,outside_fixed_domain,-1,True,True
noaa_2023.csv,1681,202306301344,2023,2023-06,outside_fixed_domain,-1,True,True
noaa_2023.csv,1682,202306301853,2023,2023-06,outside_fixed_domain,-1,True,True
noaa_2023.csv,1683,202306301903,2023,2023-06,outside_fixed_domain,-1,True,True
noaa_2023.csv,1684,202307010700,2023,2023-07,outside_fixed_domain,-1,True,True
noaa_2023.csv,1685,202307010718,2023,2023-07,outside_fixed_domain,-1,True,True
noaa_2023.csv,1686,202307010912,2023,2023-07,outside_fixed_domain,-1,True,True
noaa_2023.csv,1687,202307011134,2023,2023-07,outside_fixed_domain,-1,True,True
noaa_2023.csv,1688,202307011247,2023,2023-07,outside_fixed_domain,-1,True,True
noaa_2023.csv,1689,202307011356,2023,2023-07,outside_fixed_domain,-1,True,True
noaa_2023.csv,1690,202307011553,2023,2023-07,outside_fixed_domain,-1,True,True
noaa_2023.csv,1691,202307011905,2023,2023-07,outside_fixed_domain,-1,True,True
noaa_2023.csv,1692,202307011957,2023,2023-07,outside_fixed_domain,-1,True,True
noaa_2023.csv,1693,202307012207,2023,2023-07,selected_peak,0,True,True
noaa_2023.csv,1694,202307020229,2023,2023-07,selected_peak,1,True,True
noaa_2023.csv,1695,202307020246,2023,2023-07,outside_fixed_domain,-1,True,True
noaa_2023.csv,1696,202307020327,2023,2023-07,outside_fixed_domain,-1,True,True
noaa_2023.csv,1697,202307020817,2023,2023-07,outside_fixed_domain,-1,True,True
noaa_2023.csv,1698,202307020845,2023,2023-07,outside_fixed_domain,-1,True,True
noaa_2023.csv,1699,202307021106,2023,2023-07,outside_fixed_domain,-1,True,False
noaa_2023.csv,1700,202307021124,2023,2023-07,outside_fixed_domain,-1,True,False
noaa_2023.csv,1701,202307021144,2023,2023-07,outside_fixed_domain,-1,True,True
noaa_2023.csv,1702,202307021725,2023,2023-07,outside_fixed_domain,-1,True,True
noaa_2023.csv,1703,202307022119,2023,2023-07,outside_fixed_domain,-1,True,True
noaa_2023.csv,1704,202307022216,2023,2023-07,outside_fixed_domain,-1,True,True
noaa_2023.csv,1705,202307022254,2023,2023-07,selected_peak,4,True,True
noaa_2023.csv,1706,202307030256,2023,2023-07,outside_fixed_domain,-1,True,True
noaa_2023.csv,1707,202307030415,2023,2023-07,outside_fixed_domain,-1,True,True
noaa_2023.csv,1708,202307030523,2023,2023-07,outside_fixed_domain,-1,True,True
noaa_2023.csv,1709,202307030619,2023,2023-07,outside_fixed_domain,-1,True,True
noaa_2023.csv,1710,202307030643,2023,2023-07,selected_peak,0,True,True
noaa_2023.csv,1711,202307030746,2023,2023-07,outside_fixed_domain,-1,True,True
noaa_2023.csv,1712,202307031151,2023,2023-07,outside_fixed_domain,-1,True,True
noaa_2023.csv,1713,202307031227,2023,2023-07,outside_fixed_domain,-1,True,True
noaa_2023.csv,1714,202307031440,2023,2023-07,outside_fixed_domain,-1,True,True
noaa_2023.csv,1715,202307031504,2023,2023-07,outside_fixed_domain,-1,True,False
noaa_2023.csv,1716,202307031516,2023,2023-07,outside_fixed_domain,-1,True,True
noaa_2023.csv,1717,202307031756,2023,2023-07,outside_fixed_domain,-1,True,False
noaa_2023.csv,1718,202307031807,2023,2023-07,outside_fixed_domain,-1,True,True
noaa_2023.csv,1719,202307032043,2023,2023-07,outside_fixed_domain,-1,True,False
noaa_2023.csv,1720,202307032102,2023,2023-07,outside_fixed_domain,-1,True,True
noaa_2023.csv,1721,202307032309,2023,2023-07,outside_fixed_domain,-1,True,True
noaa_2023.csv,1722,202307032345,2023,2023-07,outside_fixed_domain,-1,True,True
noaa_2023.csv,1723,202307040023,2023,2023-07,outside_fixed_domain,-1,True,True
noaa_2023.csv,1724,202307040156,2023,2023-07,outside_fixed_domain,-1,True,True
noaa_2023.csv,1725,202307040222,2023,2023-07,outside_fixed_domain,-1,True,True
noaa_2023.csv,1726,202307040636,2023,2023-07,outside_fixed_domain,-1,True,True
noaa_2023.csv,1727,202307040808,2023,2023-07,outside_fixed_domain,-1,True,True
noaa_2023.csv,1728,202307041220,2023,2023-07,selected_peak,0,True,True
noaa_2023.csv,1729,202307041844,2023,2023-07,outside_fixed_domain,-1,True,False
noaa_2023.csv,1730,202307041902,2023,2023-07,outside_fixed_domain,-1,True,False
noaa_2023.csv,1731,202307041908,2023,2023-07,outside_fixed_domain,-1,True,True
noaa_2023.csv,1732,202307042121,2023,2023-07,outside_fixed_domain,-1,True,True
noaa_2023.csv,1733,202307042204,2023,2023-07,outside_fixed_domain,-1,True,True
noaa_2023.csv,1734,202307042327,2023,2023-07,outside_fixed_domain,-1,True,True
noaa_2023.csv,1735,202307050136,2023,2023-07,outside_fixed_domain,-1,True,True
noaa_2023.csv,1736,202307050322,2023,2023-07,outside_fixed_domain,-1,True,True
noaa_2023.csv,1737,202307050404,2023,2023-07,outside_fixed_domain,-1,True,True
noaa_2023.csv,1738,202307050833,2023,2023-07,outside_fixed_domain,-1,True,True
noaa_2023.csv,1739,202307051033,2023,2023-07,outside_fixed_domain,-1,True,True
noaa_2023.csv,1740,202307051055,2023,2023-07,outside_fixed_domain,-1,True,True
noaa_2023.csv,1741,202307051341,2023,2023-07,outside_fixed_domain,-1,True,True
noaa_2023.csv,1742,202307051540,2023,2023-07,outside_fixed_domain,-1,True,True
noaa_2023.csv,1743,202307051606,2023,2023-07,outside_fixed_domain,-1,True,True
noaa_2023.csv,1744,202307051811,2023,2023-07,outside_fixed_domain,-1,True,True
noaa_2023.csv,1745,202307051836,2023,2023-07,selected_peak,0,True,True
noaa_2023.csv,1746,202307052239,2023,2023-07,outside_fixed_domain,-1,True,True
noaa_2023.csv,1747,202307060240,2023,2023-07,outside_fixed_domain,-1,True,True
noaa_2023.csv,1748,202307060312,2023,2023-07,outside_fixed_domain,-1,True,True
noaa_2023.csv,1749,202307060415,2023,2023-07,outside_fixed_domain,-1,True,False
noaa_2023.csv,1750,202307060436,2023,2023-07,outside_fixed_domain,-1,True,True
noaa_2023.csv,1751,202307060815,2023,2023-07,outside_fixed_domain,-1,True,True
noaa_2023.csv,1752,202307060942,2023,2023-07,outside_fixed_domain,-1,True,False
noaa_2023.csv,1753,202307061010,2023,2023-07,outside_fixed_domain,-1,True,True
noaa_2023.csv,1754,202307061032,2023,2023-07,selected_peak,0,True,True
noaa_2023.csv,1755,202307061204,2023,2023-07,outside_fixed_domain,-1,True,True
noaa_2023.csv,1756,202307062341,2023,2023-07,outside_fixed_domain,-1,True,True
noaa_2023.csv,1757,202307070541,2023,2023-07,outside_fixed_domain,-1,True,True
noaa_2023.csv,1758,202307070617,2023,2023-07,selected_peak,2,True,True
noaa_2023.csv,1759,202307070725,2023,2023-07,outside_fixed_domain,-1,True,True
noaa_2023.csv,1760,202307071351,2023,2023-07,outside_fixed_domain,-1,True,True
noaa_2023.csv,1761,202307071816,2023,2023-07,outside_fixed_domain,-1,True,True
noaa_2023.csv,1762,202307080127,2023,2023-07,outside_fixed_domain,-1,True,True
noaa_2023.csv,1763,202307081112,2023,2023-07,outside_fixed_domain,-1,True,True
noaa_2023.csv,1764,202307081401,2023,2023-07,outside_fixed_domain,-1,True,False
noaa_2023.csv,1765,202307081417,2023,2023-07,outside_fixed_domain,-1,True,True
noaa_2023.csv,1766,202307081847,2023,2023-07,outside_fixed_domain,-1,True,True
noaa_2023.csv,1767,202307082111,2023,2023-07,outside_fixed_domain,-1,True,True
noaa_2023.csv,1768,202307082153,2023,2023-07,outside_fixed_domain,-1,True,True
noaa_2023.csv,1769,202307082313,2023,2023-07,outside_fixed_domain,-1,True,True
noaa_2023.csv,1770,202307082337,2023,2023-07,outside_fixed_domain,-1,True,False
noaa_2023.csv,1771,202307090005,2023,2023-07,outside_fixed_domain,-1,True,True
noaa_2023.csv,1772,202307090540,2023,2023-07,outside_fixed_domain,-1,True,True
noaa_2023.csv,1773,202307091100,2023,2023-07,outside_fixed_domain,-1,True,False
noaa_2023.csv,1774,202307091130,2023,2023-07,outside_fixed_domain,-1,True,True
noaa_2023.csv,1775,202307091345,2023,2023-07,outside_fixed_domain,-1,True,True
noaa_2023.csv,1776,202307091806,2023,2023-07,outside_fixed_domain,-1,True,True
noaa_2023.csv,1777,202307092310,2023,2023-07,outside_fixed_domain,-1,True,True
noaa_2023.csv,1778,202307092331,2023,2023-07,outside_fixed_domain,-1,True,True
noaa_2023.csv,1779,202307092350,2023,2023-07,outside_fixed_domain,-1,True,True
noaa_2023.csv,1780,202307100025,2023,2023-07,outside_fixed_domain,-1,True,False
noaa_2023.csv,1781,202307100035,2023,2023-07,outside_fixed_domain,-1,True,True
noaa_2023.csv,1782,202307100149,2023,2023-07,outside_fixed_domain,-1,True,True
noaa_2023.csv,1783,202307100329,2023,2023-07,selected_peak,1,True,True
noaa_2023.csv,1784,202307100458,2023,2023-07,outside_fixed_domain,-1,True,False
noaa_2023.csv,1785,202307100524,2023,2023-07,outside_fixed_domain,-1,True,True
noaa_2023.csv,1786,202307100611,2023,2023-07,outside_fixed_domain,-1,True,True
noaa_2023.csv,1787,202307100907,2023,2023-07,outside_fixed_domain,-1,True,True
noaa_2023.csv,1788,202307100946,2023,2023-07,outside_fixed_domain,-1,True,True
noaa_2023.csv,1789,202307101014,2023,2023-07,outside_fixed_domain,-1,True,True
noaa_2023.csv,1790,202307101448,2023,2023-07,outside_fixed_domain,-1,True,True
noaa_2023.csv,1791,202307101712,2023,2023-07,outside_fixed_domain,-1,True,True
noaa_2023.csv,1792,202307101917,2023,2023-07,outside_fixed_domain,-1,True,True
noaa_2023.csv,1793,202307102206,2023,2023-07,selected_peak,0,True,True
noaa_2023.csv,1794,202307110145,2023,2023-07,outside_fixed_domain,-1,True,True
noaa_2023.csv,1795,202307110210,2023,2023-07,outside_fixed_domain,-1,True,True
noaa_2023.csv,1796,202307110357,2023,2023-07,outside_fixed_domain,-1,True,True
noaa_2023.csv,1797,202307110458,2023,2023-07,outside_fixed_domain,-1,True,True
noaa_2023.csv,1798,202307110919,2023,2023-07,outside_fixed_domain,-1,True,True
noaa_2023.csv,1799,202307111113,2023,2023-07,outside_fixed_domain,-1,True,True
noaa_2023.csv,1800,202307111250,2023,2023-07,outside_fixed_domain,-1,True,True
noaa_2023.csv,1801,202307111320,2023,2023-07,outside_fixed_domain,-1,True,True
noaa_2023.csv,1802,202307111419,2023,2023-07,selected_peak,1,True,True
noaa_2023.csv,1803,202307111602,2023,2023-07,selected_peak,0,True,True
noaa_2023.csv,1804,202307111751,2023,2023-07,selected_peak,3,True,True
noaa_2023.csv,1805,202307111920,2023,2023-07,selected_peak,0,True,True
noaa_2023.csv,1806,202307112204,2023,2023-07,selected_peak,3,True,True
noaa_2023.csv,1807,202307112334,2023,2023-07,selected_peak,0,True,True
noaa_2023.csv,1808,202307120021,2023,2023-07,selected_peak,0,True,True
noaa_2023.csv,1809,202307120210,2023,2023-07,outside_fixed_domain,-1,True,True
noaa_2023.csv,1810,202307120431,2023,2023-07,selected_peak,0,True,True
noaa_2023.csv,1811,202307120510,2023,2023-07,selected_peak,0,True,True
noaa_2023.csv,1812,202307120610,2023,2023-07,outside_fixed_domain,-1,True,True
noaa_2023.csv,1813,202307120823,2023,2023-07,outside_fixed_domain,-1,True,True
noaa_2023.csv,1814,202307120839,2023,2023-07,outside_fixed_domain,-1,True,False
noaa_2023.csv,1815,202307120849,2023,2023-07,selected_peak,3,True,True
noaa_2023.csv,1816,202307121023,2023,2023-07,outside_fixed_domain,-1,True,True
noaa_2023.csv,1817,202307121458,2023,2023-07,outside_fixed_domain,-1,True,True
noaa_2023.csv,1818,202307121510,2023,2023-07,outside_fixed_domain,-1,True,True
noaa_2023.csv,1819,202307121727,2023,2023-07,outside_fixed_domain,-1,True,True
noaa_2023.csv,1820,202307121934,2023,2023-07,outside_fixed_domain,-1,True,True
noaa_2023.csv,1821,202307122223,2023,2023-07,outside_fixed_domain,-1,True,True
noaa_2023.csv,1822,202307122239,2023,2023-07,outside_fixed_domain,-1,True,False
noaa_2023.csv,1823,202307122252,2023,2023-07,outside_fixed_domain,-1,True,True
noaa_2023.csv,1824,202307130032,2023,2023-07,outside_fixed_domain,-1,True,True
noaa_2023.csv,1825,202307130052,2023,2023-07,outside_fixed_domain,-1,True,True
noaa_2023.csv,1826,202307130204,2023,2023-07,outside_fixed_domain,-1,True,False
noaa_2023.csv,1827,202307130219,2023,2023-07,outside_fixed_domain,-1,True,True
noaa_2023.csv,1828,202307130243,2023,2023-07,outside_fixed_domain,-1,True,True
noaa_2023.csv,1829,202307130505,2023,2023-07,outside_fixed_domain,-1,True,True
noaa_2023.csv,1830,202307130802,2023,2023-07,outside_fixed_domain,-1,True,True
noaa_2023.csv,1831,202307130935,2023,2023-07,outside_fixed_domain,-1,True,True
noaa_2023.csv,1832,202307131113,2023,2023-07,outside_fixed_domain,-1,True,True
noaa_2023.csv,1833,202307131222,2023,2023-07,outside_fixed_domain,-1,True,True
noaa_2023.csv,1834,202307131648,2023,2023-07,outside_fixed_domain,-1,True,True
noaa_2023.csv,1835,202307131828,2023,2023-07,outside_fixed_domain,-1,True,False
noaa_2023.csv,1836,202307131855,2023,2023-07,selected_peak,1,True,True
noaa_2023.csv,1837,202307132222,2023,2023-07,outside_fixed_domain,-1,True,True
noaa_2023.csv,1838,202307132238,2023,2023-07,outside_fixed_domain,-1,True,True
noaa_2023.csv,1839,202307140026,2023,2023-07,outside_fixed_domain,-1,True,True
noaa_2023.csv,1840,202307140904,2023,2023-07,outside_fixed_domain,-1,True,False
noaa_2023.csv,1841,202307140922,2023,2023-07,selected_peak,0,True,True
noaa_2023.csv,1842,202307141050,2023,2023-07,outside_fixed_domain,-1,True,True
noaa_2023.csv,1843,202307141134,2023,2023-07,outside_fixed_domain,-1,True,False
noaa_2023.csv,1844,202307141156,2023,2023-07,outside_fixed_domain,-1,True,True
noaa_2023.csv,1845,202307141328,2023,2023-07,outside_fixed_domain,-1,True,True
noaa_2023.csv,1846,202307141350,2023,2023-07,outside_fixed_domain,-1,True,True
noaa_2023.csv,1847,202307141827,2023,2023-07,outside_fixed_domain,-1,True,True
noaa_2023.csv,1848,202307141934,2023,2023-07,outside_fixed_domain,-1,True,True
noaa_2023.csv,1849,202307142135,2023,2023-07,outside_fixed_domain,-1,True,True
noaa_2023.csv,1850,202307150005,2023,2023-07,outside_fixed_domain,-1,True,True
noaa_2023.csv,1851,202307150558,2023,2023-07,outside_fixed_domain,-1,True,True
noaa_2023.csv,1852,202307150721,2023,2023-07,selected_peak,1,True,True
noaa_2023.csv,1853,202307150817,2023,2023-07,outside_fixed_domain,-1,True,True
noaa_2023.csv,1854,202307150943,2023,2023-07,selected_peak,0,True,True
noaa_2023.csv,1855,202307151005,2023,2023-07,selected_peak,1,True,True
noaa_2023.csv,1856,202307151559,2023,2023-07,outside_fixed_domain,-1,True,True
noaa_2023.csv,1857,202307151950,2023,2023-07,outside_fixed_domain,-1,True,True
noaa_2023.csv,1858,202307152050,2023,2023-07,outside_fixed_domain,-1,True,False
noaa_2023.csv,1859,202307152104,2023,2023-07,outside_fixed_domain,-1,True,True
noaa_2023.csv,1860,202307160040,2023,2023-07,outside_fixed_domain,-1,True,True
noaa_2023.csv,1861,202307160102,2023,2023-07,outside_fixed_domain,-1,True,True
noaa_2023.csv,1862,202307160201,2023,2023-07,outside_fixed_domain,-1,True,True
noaa_2023.csv,1863,202307160449,2023,2023-07,outside_fixed_domain,-1,True,True
noaa_2023.csv,1864,202307160601,2023,2023-07,outside_fixed_domain,-1,True,True
noaa_2023.csv,1865,202307160647,2023,2023-07,outside_fixed_domain,-1,True,True
noaa_2023.csv,1866,202307160816,2023,2023-07,selected_peak,0,True,True
noaa_2023.csv,1867,202307160831,2023,2023-07,outside_fixed_domain,-1,True,True
noaa_2023.csv,1868,202307161025,2023,2023-07,outside_fixed_domain,-1,True,True
noaa_2023.csv,1869,202307161327,2023,2023-07,outside_fixed_domain,-1,True,False
noaa_2023.csv,1870,202307161336,2023,2023-07,outside_fixed_domain,-1,True,False
noaa_2023.csv,1871,202307161347,2023,2023-07,outside_fixed_domain,-1,True,True
noaa_2023.csv,1872,202307161457,2023,2023-07,selected_peak,1,True,True
noaa_2023.csv,1873,202307161707,2023,2023-07,outside_fixed_domain,-1,True,True
noaa_2023.csv,1874,202307161736,2023,2023-07,selected_peak,2,True,True
noaa_2023.csv,1875,202307161859,2023,2023-07,outside_fixed_domain,-1,True,True
noaa_2023.csv,1876,202307162038,2023,2023-07,outside_fixed_domain,-1,True,False
noaa_2023.csv,1877,202307162049,2023,2023-07,outside_fixed_domain,-1,True,True
noaa_2023.csv,1878,202307170003,2023,2023-07,outside_fixed_domain,-1,True,True
noaa_2023.csv,1879,202307170135,2023,2023-07,outside_fixed_domain,-1,True,True
noaa_2023.csv,1880,202307170206,2023,2023-07,outside_fixed_domain,-1,True,True
noaa_2023.csv,1881,202307170315,2023,2023-07,outside_fixed_domain,-1,True,True
noaa_2023.csv,1882,202307170335,2023,2023-07,outside_fixed_domain,-1,True,False
noaa_2023.csv,1883,202307170346,2023,2023-07,outside_fixed_domain,-1,True,True
noaa_2023.csv,1884,202307170427,2023,2023-07,outside_fixed_domain,-1,True,True
noaa_2023.csv,1885,202307170438,2023,2023-07,outside_fixed_domain,-1,True,True
noaa_2023.csv,1886,202307170512,2023,2023-07,outside_fixed_domain,-1,True,True
noaa_2023.csv,1887,202307170555,2023,2023-07,outside_fixed_domain,-1,True,True
noaa_2023.csv,1888,202307170645,2023,2023-07,outside_fixed_domain,-1,True,True
noaa_2023.csv,1889,202307170812,2023,2023-07,outside_fixed_domain,-1,True,True
noaa_2023.csv,1890,202307170917,2023,2023-07,outside_fixed_domain,-1,True,True
noaa_2023.csv,1891,202307171506,2023,2023-07,outside_fixed_domain,-1,True,True
noaa_2023.csv,1892,202307171725,2023,2023-07,outside_fixed_domain,-1,True,True
noaa_2023.csv,1893,202307171818,2023,2023-07,outside_fixed_domain,-1,True,True
noaa_2023.csv,1894,202307171847,2023,2023-07,outside_fixed_domain,-1,True,True
noaa_2023.csv,1895,202307171953,2023,2023-07,outside_fixed_domain,-1,True,True
noaa_2023.csv,1896,202307172204,2023,2023-07,outside_fixed_domain,-1,True,True
noaa_2023.csv,1897,202307172223,2023,2023-07,outside_fixed_domain,-1,True,True
noaa_2023.csv,1898,202307172241,2023,2023-07,selected_peak,1,True,True
noaa_2023.csv,1899,202307172317,2023,2023-07,selected_peak,2,True,False
noaa_2023.csv,1900,202307172337,2023,2023-07,selected_peak,3,True,True
noaa_2023.csv,1901,202307180606,2023,2023-07,outside_fixed_domain,-1,True,True
noaa_2023.csv,1902,202307180645,2023,2023-07,selected_peak,0,True,True
noaa_2023.csv,1903,202307180900,2023,2023-07,outside_fixed_domain,-1,True,True
noaa_2023.csv,1904,202307181036,2023,2023-07,outside_fixed_domain,-1,True,True
noaa_2023.csv,1905,202307181239,2023,2023-07,outside_fixed_domain,-1,True,True
noaa_2023.csv,1906,202307181533,2023,2023-07,outside_fixed_domain,-1,True,True
noaa_2023.csv,1907,202307181720,2023,2023-07,outside_fixed_domain,-1,True,True
noaa_2023.csv,1908,202307181825,2023,2023-07,outside_fixed_domain,-1,True,True
noaa_2023.csv,1909,202307181916,2023,2023-07,outside_fixed_domain,-1,True,False
noaa_2023.csv,1910,202307181932,2023,2023-07,selected_peak,0,True,False
noaa_2023.csv,1911,202307182000,2023,2023-07,selected_peak,0,True,True
noaa_2023.csv,1912,202307182016,2023,2023-07,selected_peak,1,True,True
noaa_2023.csv,1913,202307182236,2023,2023-07,outside_fixed_domain,-1,True,True
noaa_2023.csv,1914,202307190601,2023,2023-07,outside_fixed_domain,-1,True,True
noaa_2023.csv,1915,202307190651,2023,2023-07,outside_fixed_domain,-1,True,True
noaa_2023.csv,1916,202307190708,2023,2023-07,outside_fixed_domain,-1,True,True
noaa_2023.csv,1917,202307190815,2023,2023-07,outside_fixed_domain,-1,True,False
noaa_2023.csv,1918,202307190830,2023,2023-07,outside_fixed_domain,-1,True,True
noaa_2023.csv,1919,202307191019,2023,2023-07,outside_fixed_domain,-1,True,True
noaa_2023.csv,1920,202307191049,2023,2023-07,selected_peak,0,True,True
noaa_2023.csv,1921,202307191306,2023,2023-07,outside_fixed_domain,-1,True,True
noaa_2023.csv,1922,202307191341,2023,2023-07,outside_fixed_domain,-1,True,True
noaa_2023.csv,1923,202307191459,2023,2023-07,outside_fixed_domain,-1,True,True
noaa_2023.csv,1924,202307191638,2023,2023-07,outside_fixed_domain,-1,True,False
noaa_2023.csv,1925,202307191647,2023,2023-07,outside_fixed_domain,-1,True,True
noaa_2023.csv,1926,202307191704,2023,2023-07,selected_peak,2,True,True
noaa_2023.csv,1927,202307191854,2023,2023-07,outside_fixed_domain,-1,True,True
noaa_2023.csv,1928,202307192138,2023,2023-07,outside_fixed_domain,-1,True,True
noaa_2023.csv,1929,202307192256,2023,2023-07,outside_fixed_domain,-1,True,False
noaa_2023.csv,1930,202307192337,2023,2023-07,outside_fixed_domain,-1,True,True
noaa_2023.csv,1931,202307200557,2023,2023-07,outside_fixed_domain,-1,True,True
noaa_2023.csv,1932,202307200831,2023,2023-07,outside_fixed_domain,-1,True,True
noaa_2023.csv,1933,202307201940,2023,2023-07,outside_fixed_domain,-1,True,True
noaa_2023.csv,1934,202307202130,2023,2023-07,outside_fixed_domain,-1,True,True
noaa_2023.csv,1935,202307202344,2023,2023-07,outside_fixed_domain,-1,True,True
noaa_2023.csv,1936,202307210945,2023,2023-07,outside_fixed_domain,-1,True,True
noaa_2023.csv,1937,202307211044,2023,2023-07,outside_fixed_domain,-1,True,True
noaa_2023.csv,1938,202307220312,2023,2023-07,selected_peak,2,True,True
noaa_2023.csv,1939,202307220412,2023,2023-07,selected_peak,0,True,True
noaa_2023.csv,1940,202307221050,2023,2023-07,outside_fixed_domain,-1,True,True
noaa_2023.csv,1941,202307221333,2023,2023-07,outside_fixed_domain,-1,True,True
noaa_2023.csv,1942,202307222318,2023,2023-07,outside_fixed_domain,-1,True,True
noaa_2023.csv,1943,202307230442,2023,2023-07,outside_fixed_domain,-1,True,True
noaa_2023.csv,1944,202307231207,2023,2023-07,outside_fixed_domain,-1,True,True
noaa_2023.csv,1945,202307231412,2023,2023-07,outside_fixed_domain,-1,True,False
noaa_2023.csv,1946,202307231447,2023,2023-07,outside_fixed_domain,-1,True,True
noaa_2023.csv,1947,202307231753,2023,2023-07,outside_fixed_domain,-1,True,True
noaa_2023.csv,1948,202307240004,2023,2023-07,outside_fixed_domain,-1,True,True
noaa_2023.csv,1949,202307240140,2023,2023-07,outside_fixed_domain,-1,True,True
noaa_2023.csv,1950,202307241503,2023,2023-07,outside_fixed_domain,-1,True,True
noaa_2023.csv,1951,202307241754,2023,2023-07,outside_fixed_domain,-1,True,True
noaa_2023.csv,1952,202307242323,2023,2023-07,outside_fixed_domain,-1,True,True
noaa_2023.csv,1953,202307250032,2023,2023-07,outside_fixed_domain,-1,True,True
noaa_2023.csv,1954,202307250136,2023,2023-07,selected_peak,0,True,True
noaa_2023.csv,1955,202307250555,2023,2023-07,outside_fixed_domain,-1,True,True
noaa_2023.csv,1956,202307250654,2023,2023-07,outside_fixed_domain,-1,True,True
noaa_2023.csv,1957,202307250814,2023,2023-07,outside_fixed_domain,-1,True,True
noaa_2023.csv,1958,202307251242,2023,2023-07,outside_fixed_domain,-1,True,True
noaa_2023.csv,1959,202307252023,2023,2023-07,outside_fixed_domain,-1,True,True
noaa_2023.csv,1960,202307252048,2023,2023-07,outside_fixed_domain,-1,True,False
noaa_2023.csv,1961,202307252108,2023,2023-07,selected_peak,0,True,True
noaa_2023.csv,1962,202307252338,2023,2023-07,outside_fixed_domain,-1,True,True
noaa_2023.csv,1963,202307260025,2023,2023-07,outside_fixed_domain,-1,True,False
noaa_2023.csv,1964,202307260051,2023,2023-07,outside_fixed_domain,-1,True,True
noaa_2023.csv,1965,202307260353,2023,2023-07,outside_fixed_domain,-1,True,False
noaa_2023.csv,1966,202307260421,2023,2023-07,selected_peak,0,True,True
noaa_2023.csv,1967,202307260507,2023,2023-07,outside_fixed_domain,-1,True,True
noaa_2023.csv,1968,202307260607,2023,2023-07,outside_fixed_domain,-1,True,True
noaa_2023.csv,1969,202307260807,2023,2023-07,outside_fixed_domain,-1,True,False
noaa_2023.csv,1970,202307260824,2023,2023-07,outside_fixed_domain,-1,True,True
noaa_2023.csv,1971,202307261017,2023,2023-07,selected_peak,2,True,True
noaa_2023.csv,1972,202307261221,2023,2023-07,outside_fixed_domain,-1,True,True
noaa_2023.csv,1973,202307261308,2023,2023-07,outside_fixed_domain,-1,True,True
noaa_2023.csv,1974,202307261516,2023,2023-07,outside_fixed_domain,-1,True,True
noaa_2023.csv,1975,202307261550,2023,2023-07,selected_peak,1,True,True
noaa_2023.csv,1976,202307262246,2023,2023-07,outside_fixed_domain,-1,True,True
noaa_2023.csv,1977,202307270028,2023,2023-07,outside_fixed_domain,-1,True,True
noaa_2023.csv,1978,202307270100,2023,2023-07,outside_fixed_domain,-1,True,True
noaa_2023.csv,1979,202307270215,2023,2023-07,outside_fixed_domain,-1,True,True
noaa_2023.csv,1980,202307270320,2023,2023-07,outside_fixed_domain,-1,True,True
noaa_2023.csv,1981,202307270411,2023,2023-07,outside_fixed_domain,-1,True,True
noaa_2023.csv,1982,202307270448,2023,2023-07,outside_fixed_domain,-1,True,True
noaa_2023.csv,1983,202307270610,2023,2023-07,outside_fixed_domain,-1,True,True
noaa_2023.csv,1984,202307270724,2023,2023-07,outside_fixed_domain,-1,True,True
noaa_2023.csv,1985,202307270927,2023,2023-07,outside_fixed_domain,-1,True,False
noaa_2023.csv,1986,202307270944,2023,2023-07,selected_peak,1,True,True
noaa_2023.csv,1987,202307271125,2023,2023-07,outside_fixed_domain,-1,True,True
noaa_2023.csv,1988,202307271222,2023,2023-07,outside_fixed_domain,-1,True,True
noaa_2023.csv,1989,202307271251,2023,2023-07,outside_fixed_domain,-1,True,True
noaa_2023.csv,1990,202307271344,2023,2023-07,outside_fixed_domain,-1,True,True
noaa_2023.csv,1991,202307271646,2023,2023-07,outside_fixed_domain,-1,True,True
noaa_2023.csv,1992,202307272044,2023,2023-07,outside_fixed_domain,-1,True,True
noaa_2023.csv,1993,202307272204,2023,2023-07,selected_peak,0,True,True
noaa_2023.csv,1994,202307280133,2023,2023-07,outside_fixed_domain,-1,True,True
noaa_2023.csv,1995,202307280626,2023,2023-07,outside_fixed_domain,-1,True,True
noaa_2023.csv,1996,202307280750,2023,2023-07,outside_fixed_domain,-1,True,True
noaa_2023.csv,1997,202307281051,2023,2023-07,outside_fixed_domain,-1,True,True
noaa_2023.csv,1998,202307281339,2023,2023-07,outside_fixed_domain,-1,True,False
noaa_2023.csv,1999,202307281354,2023,2023-07,outside_fixed_domain,-1,True,True
noaa_2023.csv,2000,202307281444,2023,2023-07,outside_fixed_domain,-1,True,True
noaa_2023.csv,2001,202307281539,2023,2023-07,selected_peak,2,True,True
noaa_2023.csv,2002,202307282002,2023,2023-07,outside_fixed_domain,-1,True,True
noaa_2023.csv,2003,202307282042,2023,2023-07,outside_fixed_domain,-1,True,True
noaa_2023.csv,2004,202307290556,2023,2023-07,outside_fixed_domain,-1,True,True
noaa_2023.csv,2005,202307290655,2023,2023-07,outside_fixed_domain,-1,True,True
noaa_2023.csv,2006,202307291018,2023,2023-07,outside_fixed_domain,-1,True,True
noaa_2023.csv,2007,202307291310,2023,2023-07,outside_fixed_domain,-1,True,True
noaa_2023.csv,2008,202307291611,2023,2023-07,selected_peak,0,True,True
noaa_2023.csv,2009,202307292002,2023,2023-07,outside_fixed_domain,-1,True,True
noaa_2023.csv,2010,202307292323,2023,2023-07,outside_fixed_domain,-1,True,True
noaa_2023.csv,2011,202307300432,2023,2023-07,outside_fixed_domain,-1,True,False
noaa_2023.csv,2012,202307300453,2023,2023-07,outside_fixed_domain,-1,True,True
noaa_2023.csv,2013,202307300801,2023,2023-07,selected_peak,1,True,False
noaa_2023.csv,2014,202307300818,2023,2023-07,selected_peak,1,True,True
noaa_2023.csv,2015,202307301307,2023,2023-07,outside_fixed_domain,-1,True,True
noaa_2023.csv,2016,202307302217,2023,2023-07,outside_fixed_domain,-1,True,True
noaa_2023.csv,2017,202307310312,2023,2023-07,outside_fixed_domain,-1,True,True
noaa_2023.csv,2018,202307310434,2023,2023-07,outside_fixed_domain,-1,True,True
noaa_2023.csv,2019,202307310715,2023,2023-07,outside_fixed_domain,-1,True,True
noaa_2023.csv,2020,202307310842,2023,2023-07,selected_peak,0,True,True
noaa_2023.csv,2021,202307311136,2023,2023-07,outside_fixed_domain,-1,True,True
noaa_2023.csv,2022,202307311504,2023,2023-07,outside_fixed_domain,-1,True,True
noaa_2023.csv,2023,202307312235,2023,2023-07,outside_fixed_domain,-1,True,False
noaa_2023.csv,2024,202307312252,2023,2023-07,outside_fixed_domain,-1,True,True
noaa_2023.csv,2025,202308010120,2023,2023-08,outside_fixed_domain,-1,True,True
noaa_2023.csv,2026,202308010138,2023,2023-08,selected_peak,0,True,False
noaa_2023.csv,2027,202308010158,2023,2023-08,selected_peak,0,True,True
noaa_2023.csv,2028,202308010427,2023,2023-08,selected_peak,1,True,True
noaa_2023.csv,2029,202308010530,2023,2023-08,selected_peak,0,True,True
noaa_2023.csv,2030,202308010628,2023,2023-08,selected_peak,2,True,True
noaa_2023.csv,2031,202308010903,2023,2023-08,selected_peak,0,True,True
noaa_2023.csv,2032,202308011037,2023,2023-08,outside_fixed_domain,-1,True,True
noaa_2023.csv,2033,202308011239,2023,2023-08,outside_fixed_domain,-1,True,True
noaa_2023.csv,2034,202308011402,2023,2023-08,selected_peak,0,True,True
noaa_2023.csv,2035,202308011948,2023,2023-08,outside_fixed_domain,-1,True,True
noaa_2023.csv,2036,202308012139,2023,2023-08,selected_peak,0,True,True
noaa_2023.csv,2037,202308020013,2023,2023-08,outside_fixed_domain,-1,True,True
noaa_2023.csv,2038,202308020509,2023,2023-08,outside_fixed_domain,-1,True,False
noaa_2023.csv,2039,202308020516,2023,2023-08,outside_fixed_domain,-1,True,True
noaa_2023.csv,2040,202308020752,2023,2023-08,outside_fixed_domain,-1,True,False
noaa_2023.csv,2041,202308020803,2023,2023-08,selected_peak,0,True,True
noaa_2023.csv,2042,202308021044,2023,2023-08,selected_peak,0,True,True
noaa_2023.csv,2043,202308021108,2023,2023-08,outside_fixed_domain,-1,True,True
noaa_2023.csv,2044,202308021446,2023,2023-08,selected_peak,0,True,True
noaa_2023.csv,2045,202308021613,2023,2023-08,selected_peak,0,True,True
noaa_2023.csv,2046,202308021647,2023,2023-08,outside_fixed_domain,-1,True,False
noaa_2023.csv,2047,202308021704,2023,2023-08,outside_fixed_domain,-1,True,True
noaa_2023.csv,2048,202308021909,2023,2023-08,selected_peak,0,True,True
noaa_2023.csv,2049,202308022107,2023,2023-08,outside_fixed_domain,-1,True,True
noaa_2023.csv,2050,202308022209,2023,2023-08,outside_fixed_domain,-1,True,True
noaa_2023.csv,2051,202308022353,2023,2023-08,outside_fixed_domain,-1,True,True
noaa_2023.csv,2052,202308030128,2023,2023-08,outside_fixed_domain,-1,True,True
noaa_2023.csv,2053,202308030210,2023,2023-08,outside_fixed_domain,-1,True,True
noaa_2023.csv,2054,202308030324,2023,2023-08,outside_fixed_domain,-1,True,True
noaa_2023.csv,2055,202308030426,2023,2023-08,outside_fixed_domain,-1,True,True
noaa_2023.csv,2056,202308030457,2023,2023-08,outside_fixed_domain,-1,True,True
noaa_2023.csv,2057,202308030545,2023,2023-08,outside_fixed_domain,-1,True,True
noaa_2023.csv,2058,202308030612,2023,2023-08,outside_fixed_domain,-1,True,False
noaa_2023.csv,2059,202308030624,2023,2023-08,outside_fixed_domain,-1,True,True
noaa_2023.csv,2060,202308030843,2023,2023-08,outside_fixed_domain,-1,True,False
noaa_2023.csv,2061,202308030853,2023,2023-08,outside_fixed_domain,-1,True,True
noaa_2023.csv,2062,202308031110,2023,2023-08,outside_fixed_domain,-1,True,True
noaa_2023.csv,2063,202308031147,2023,2023-08,selected_peak,1,True,True
noaa_2023.csv,2064,202308031327,2023,2023-08,outside_fixed_domain,-1,True,False
noaa_2023.csv,2065,202308031346,2023,2023-08,outside_fixed_domain,-1,True,True
noaa_2023.csv,2066,202308031547,2023,2023-08,outside_fixed_domain,-1,True,True
noaa_2023.csv,2067,202308031756,2023,2023-08,outside_fixed_domain,-1,True,True
noaa_2023.csv,2068,202308031837,2023,2023-08,outside_fixed_domain,-1,True,True
noaa_2023.csv,2069,202308031944,2023,2023-08,outside_fixed_domain,-1,True,False
noaa_2023.csv,2070,202308032005,2023,2023-08,outside_fixed_domain,-1,True,True
noaa_2023.csv,2071,202308032337,2023,2023-08,outside_fixed_domain,-1,True,True
noaa_2023.csv,2072,202308040059,2023,2023-08,outside_fixed_domain,-1,True,True
noaa_2023.csv,2073,202308040305,2023,2023-08,outside_fixed_domain,-1,True,True
noaa_2023.csv,2074,202308040338,2023,2023-08,selected_peak,1,True,True
noaa_2023.csv,2075,202308041236,2023,2023-08,outside_fixed_domain,-1,True,False
noaa_2023.csv,2076,202308041252,2023,2023-08,outside_fixed_domain,-1,True,True
noaa_2023.csv,2077,202308041947,2023,2023-08,outside_fixed_domain,-1,True,True
noaa_2023.csv,2078,202308042306,2023,2023-08,outside_fixed_domain,-1,True,True
noaa_2023.csv,2079,202308050029,2023,2023-08,outside_fixed_domain,-1,True,True
noaa_2023.csv,2080,202308050210,2023,2023-08,outside_fixed_domain,-1,True,True
noaa_2023.csv,2081,202308050239,2023,2023-08,outside_fixed_domain,-1,True,True
noaa_2023.csv,2082,202308050521,2023,2023-08,outside_fixed_domain,-1,True,True
noaa_2023.csv,2083,202308050923,2023,2023-08,selected_peak,1,True,True
noaa_2023.csv,2084,202308051444,2023,2023-08,outside_fixed_domain,-1,True,True
noaa_2023.csv,2085,202308051616,2023,2023-08,outside_fixed_domain,-1,True,True
noaa_2023.csv,2086,202308051651,2023,2023-08,outside_fixed_domain,-1,True,True
noaa_2023.csv,2087,202308051857,2023,2023-08,outside_fixed_domain,-1,True,True
noaa_2023.csv,2088,202308052033,2023,2023-08,outside_fixed_domain,-1,True,True
noaa_2023.csv,2089,202308052145,2023,2023-08,selected_peak,4,True,True
noaa_2023.csv,2090,202308060545,2023,2023-08,outside_fixed_domain,-1,True,True
noaa_2023.csv,2091,202308061045,2023,2023-08,outside_fixed_domain,-1,True,True
noaa_2023.csv,2092,202308061820,2023,2023-08,selected_peak,2,True,True
noaa_2023.csv,2093,202308070429,2023,2023-08,selected_peak,1,True,True
noaa_2023.csv,2094,202308070712,2023,2023-08,outside_fixed_domain,-1,True,True
noaa_2023.csv,2095,202308070814,2023,2023-08,outside_fixed_domain,-1,True,True
noaa_2023.csv,2096,202308071329,2023,2023-08,outside_fixed_domain,-1,True,False
noaa_2023.csv,2097,202308071401,2023,2023-08,outside_fixed_domain,-1,True,True
noaa_2023.csv,2098,202308071433,2023,2023-08,outside_fixed_domain,-1,True,True
noaa_2023.csv,2099,202308071509,2023,2023-08,outside_fixed_domain,-1,True,False
noaa_2023.csv,2100,202308071525,2023,2023-08,selected_peak,0,True,False
noaa_2023.csv,2101,202308071624,2023,2023-08,selected_peak,0,True,True
noaa_2023.csv,2102,202308071937,2023,2023-08,selected_peak,0,True,True
noaa_2023.csv,2103,202308072030,2023,2023-08,selected_peak,4,True,True
noaa_2023.csv,2104,202308072350,2023,2023-08,outside_fixed_domain,-1,True,True
noaa_2023.csv,2105,202308080052,2023,2023-08,outside_fixed_domain,-1,True,True
noaa_2023.csv,2106,202308080133,2023,2023-08,outside_fixed_domain,-1,True,True
noaa_2023.csv,2107,202308080920,2023,2023-08,selected_peak,2,True,True
noaa_2023.csv,2108,202308081645,2023,2023-08,outside_fixed_domain,-1,True,True
noaa_2023.csv,2109,202308081749,2023,2023-08,outside_fixed_domain,-1,True,True
noaa_2023.csv,2110,202308082239,2023,2023-08,outside_fixed_domain,-1,True,True
noaa_2023.csv,2111,202308090651,2023,2023-08,outside_fixed_domain,-1,True,True
noaa_2023.csv,2112,202308090929,2023,2023-08,outside_fixed_domain,-1,True,True
noaa_2023.csv,2113,202308100014,2023,2023-08,outside_fixed_domain,-1,True,True
noaa_2023.csv,2114,202308100226,2023,2023-08,outside_fixed_domain,-1,True,True
noaa_2023.csv,2115,202308101535,2023,2023-08,outside_fixed_domain,-1,True,True
noaa_2023.csv,2116,202308102009,2023,2023-08,outside_fixed_domain,-1,True,False
noaa_2023.csv,2117,202308102027,2023,2023-08,outside_fixed_domain,-1,True,True
noaa_2023.csv,2118,202308102209,2023,2023-08,outside_fixed_domain,-1,True,True
noaa_2023.csv,2119,202308102243,2023,2023-08,outside_fixed_domain,-1,True,False
noaa_2023.csv,2120,202308102256,2023,2023-08,outside_fixed_domain,-1,True,True
noaa_2023.csv,2121,202308110205,2023,2023-08,outside_fixed_domain,-1,True,True
noaa_2023.csv,2122,202308110250,2023,2023-08,outside_fixed_domain,-1,True,True
noaa_2023.csv,2123,202308110412,2023,2023-08,outside_fixed_domain,-1,True,False
noaa_2023.csv,2124,202308110431,2023,2023-08,outside_fixed_domain,-1,True,True
noaa_2023.csv,2125,202308110443,2023,2023-08,outside_fixed_domain,-1,True,True
noaa_2023.csv,2126,202308110630,2023,2023-08,outside_fixed_domain,-1,True,False
noaa_2023.csv,2127,202308110649,2023,2023-08,outside_fixed_domain,-1,True,True
noaa_2023.csv,2128,202308111107,2023,2023-08,outside_fixed_domain,-1,True,False
noaa_2023.csv,2129,202308111131,2023,2023-08,outside_fixed_domain,-1,True,True
noaa_2023.csv,2130,202308111238,2023,2023-08,outside_fixed_domain,-1,True,True
noaa_2023.csv,2131,202308111900,2023,2023-08,outside_fixed_domain,-1,True,True
noaa_2023.csv,2132,202308112245,2023,2023-08,outside_fixed_domain,-1,True,False
noaa_2023.csv,2133,202308112301,2023,2023-08,outside_fixed_domain,-1,True,True
noaa_2023.csv,2134,202308112332,2023,2023-08,outside_fixed_domain,-1,True,True
noaa_2023.csv,2135,202308120115,2023,2023-08,outside_fixed_domain,-1,True,True
noaa_2023.csv,2136,202308120734,2023,2023-08,outside_fixed_domain,-1,True,True
noaa_2023.csv,2137,202308120840,2023,2023-08,outside_fixed_domain,-1,True,True
noaa_2023.csv,2138,202308120904,2023,2023-08,outside_fixed_domain,-1,True,True
noaa_2023.csv,2139,202308121036,2023,2023-08,outside_fixed_domain,-1,True,True
noaa_2023.csv,2140,202308121257,2023,2023-08,outside_fixed_domain,-1,True,True
noaa_2023.csv,2141,202308121324,2023,2023-08,outside_fixed_domain,-1,True,False
noaa_2023.csv,2142,202308121333,2023,2023-08,outside_fixed_domain,-1,True,True
noaa_2023.csv,2143,202308121402,2023,2023-08,outside_fixed_domain,-1,True,False
noaa_2023.csv,2144,202308121417,2023,2023-08,outside_fixed_domain,-1,True,True
noaa_2023.csv,2145,202308121555,2023,2023-08,outside_fixed_domain,-1,True,True
noaa_2023.csv,2146,202308121848,2023,2023-08,outside_fixed_domain,-1,True,True
noaa_2023.csv,2147,202308122011,2023,2023-08,outside_fixed_domain,-1,True,True
noaa_2023.csv,2148,202308122344,2023,2023-08,outside_fixed_domain,-1,True,True
noaa_2023.csv,2149,202308130424,2023,2023-08,outside_fixed_domain,-1,True,True
noaa_2023.csv,2150,202308130944,2023,2023-08,outside_fixed_domain,-1,True,True
noaa_2023.csv,2151,202308131035,2023,2023-08,outside_fixed_domain,-1,True,True
noaa_2023.csv,2152,202308140234,2023,2023-08,outside_fixed_domain,-1,True,True
noaa_2023.csv,2153,202308141743,2023,2023-08,outside_fixed_domain,-1,True,True
noaa_2023.csv,2154,202308142030,2023,2023-08,outside_fixed_domain,-1,True,True
noaa_2023.csv,2155,202308150127,2023,2023-08,outside_fixed_domain,-1,True,True
noaa_2023.csv,2156,202308150305,2023,2023-08,outside_fixed_domain,-1,True,True
noaa_2023.csv,2157,202308150324,2023,2023-08,outside_fixed_domain,-1,True,True
noaa_2023.csv,2158,202308150641,2023,2023-08,outside_fixed_domain,-1,True,True
noaa_2023.csv,2159,202308151110,2023,2023-08,outside_fixed_domain,-1,True,True
noaa_2023.csv,2160,202308151125,2023,2023-08,outside_fixed_domain,-1,True,True
noaa_2023.csv,2161,202308152142,2023,2023-08,outside_fixed_domain,-1,True,True
noaa_2023.csv,2162,202308160104,2023,2023-08,outside_fixed_domain,-1,True,True
noaa_2023.csv,2163,202308160132,2023,2023-08,outside_fixed_domain,-1,True,True
noaa_2023.csv,2164,202308160253,2023,2023-08,outside_fixed_domain,-1,True,True
noaa_2023.csv,2165,202308160736,2023,2023-08,outside_fixed_domain,-1,True,False
noaa_2023.csv,2166,202308160756,2023,2023-08,outside_fixed_domain,-1,True,True
noaa_2023.csv,2167,202308160940,2023,2023-08,outside_fixed_domain,-1,True,True
noaa_2023.csv,2168,202308161018,2023,2023-08,outside_fixed_domain,-1,True,True
noaa_2023.csv,2169,202308161337,2023,2023-08,outside_fixed_domain,-1,True,True
noaa_2023.csv,2170,202308170220,2023,2023-08,outside_fixed_domain,-1,True,True
noaa_2023.csv,2171,202308170727,2023,2023-08,outside_fixed_domain,-1,True,True
noaa_2023.csv,2172,202308170817,2023,2023-08,outside_fixed_domain,-1,True,True
noaa_2023.csv,2173,202308171214,2023,2023-08,outside_fixed_domain,-1,True,True
noaa_2023.csv,2174,202308171411,2023,2023-08,outside_fixed_domain,-1,True,True
noaa_2023.csv,2175,202308171518,2023,2023-08,outside_fixed_domain,-1,True,True
noaa_2023.csv,2176,202308171628,2023,2023-08,outside_fixed_domain,-1,True,True
noaa_2023.csv,2177,202308171716,2023,2023-08,outside_fixed_domain,-1,True,True
noaa_2023.csv,2178,202308171828,2023,2023-08,outside_fixed_domain,-1,True,True
noaa_2023.csv,2179,202308172332,2023,2023-08,outside_fixed_domain,-1,True,True
noaa_2023.csv,2180,202308180240,2023,2023-08,outside_fixed_domain,-1,True,True
noaa_2023.csv,2181,202308181030,2023,2023-08,outside_fixed_domain,-1,True,True
noaa_2023.csv,2182,202308181909,2023,2023-08,outside_fixed_domain,-1,True,True
noaa_2023.csv,2183,202308182117,2023,2023-08,outside_fixed_domain,-1,True,True
noaa_2023.csv,2184,202308190640,2023,2023-08,outside_fixed_domain,-1,True,True
noaa_2023.csv,2185,202308192053,2023,2023-08,outside_fixed_domain,-1,True,True
noaa_2023.csv,2186,202308200608,2023,2023-08,outside_fixed_domain,-1,True,True
noaa_2023.csv,2187,202308201221,2023,2023-08,outside_fixed_domain,-1,True,True
noaa_2023.csv,2188,202308201819,2023,2023-08,outside_fixed_domain,-1,True,False
noaa_2023.csv,2189,202308201844,2023,2023-08,outside_fixed_domain,-1,True,True
noaa_2023.csv,2190,202308201922,2023,2023-08,outside_fixed_domain,-1,True,True
noaa_2023.csv,2191,202308210518,2023,2023-08,outside_fixed_domain,-1,True,False
noaa_2023.csv,2192,202308210533,2023,2023-08,outside_fixed_domain,-1,True,True
noaa_2023.csv,2193,202308210735,2023,2023-08,outside_fixed_domain,-1,True,True
noaa_2023.csv,2194,202308211218,2023,2023-08,outside_fixed_domain,-1,True,True
noaa_2023.csv,2195,202308211900,2023,2023-08,outside_fixed_domain,-1,True,True
noaa_2023.csv,2196,202308212323,2023,2023-08,outside_fixed_domain,-1,True,False
noaa_2023.csv,2197,202308212347,2023,2023-08,outside_fixed_domain,-1,True,True
noaa_2023.csv,2198,202308220743,2023,2023-08,outside_fixed_domain,-1,True,True
noaa_2023.csv,2199,202308220915,2023,2023-08,outside_fixed_domain,-1,True,True
noaa_2023.csv,2200,202308221018,2023,2023-08,outside_fixed_domain,-1,True,True
noaa_2023.csv,2201,202308222235,2023,2023-08,selected_peak,0,True,False
noaa_2023.csv,2202,202308222338,2023,2023-08,outside_fixed_domain,-1,True,True
noaa_2023.csv,2203,202308230120,2023,2023-08,outside_fixed_domain,-1,True,True
noaa_2023.csv,2204,202308230701,2023,2023-08,outside_fixed_domain,-1,True,True
noaa_2023.csv,2205,202308231000,2023,2023-08,outside_fixed_domain,-1,True,True
noaa_2023.csv,2206,202308231211,2023,2023-08,outside_fixed_domain,-1,True,True
noaa_2023.csv,2207,202308231354,2023,2023-08,outside_fixed_domain,-1,True,True
noaa_2023.csv,2208,202308231450,2023,2023-08,outside_fixed_domain,-1,True,False
noaa_2023.csv,2209,202308231510,2023,2023-08,outside_fixed_domain,-1,True,True
noaa_2023.csv,2210,202308231556,2023,2023-08,outside_fixed_domain,-1,True,True
noaa_2023.csv,2211,202308240638,2023,2023-08,outside_fixed_domain,-1,True,True
noaa_2023.csv,2212,202308241551,2023,2023-08,outside_fixed_domain,-1,True,True
noaa_2023.csv,2213,202308241756,2023,2023-08,outside_fixed_domain,-1,True,True
noaa_2023.csv,2214,202308241923,2023,2023-08,outside_fixed_domain,-1,True,False
noaa_2023.csv,2215,202308241939,2023,2023-08,outside_fixed_domain,-1,True,False
noaa_2023.csv,2216,202308242021,2023,2023-08,outside_fixed_domain,-1,True,False
noaa_2023.csv,2217,202308242037,2023,2023-08,outside_fixed_domain,-1,True,True
noaa_2023.csv,2218,202308250056,2023,2023-08,selected_peak,0,True,True
noaa_2023.csv,2219,202308250321,2023,2023-08,outside_fixed_domain,-1,True,True
noaa_2023.csv,2220,202308250910,2023,2023-08,outside_fixed_domain,-1,True,True
noaa_2023.csv,2221,202308251018,2023,2023-08,outside_fixed_domain,-1,True,True
noaa_2023.csv,2222,202308251111,2023,2023-08,outside_fixed_domain,-1,True,True
noaa_2023.csv,2223,202308251439,2023,2023-08,outside_fixed_domain,-1,True,True
noaa_2023.csv,2224,202308251533,2023,2023-08,outside_fixed_domain,-1,True,True
noaa_2023.csv,2225,202308251540,2023,2023-08,outside_fixed_domain,-1,True,True
noaa_2023.csv,2226,202308251613,2023,2023-08,outside_fixed_domain,-1,True,True
noaa_2023.csv,2227,202308252141,2023,2023-08,outside_fixed_domain,-1,True,True
noaa_2023.csv,2228,202308260940,2023,2023-08,outside_fixed_domain,-1,True,True
noaa_2023.csv,2229,202308261244,2023,2023-08,outside_fixed_domain,-1,True,True
noaa_2023.csv,2230,202308262011,2023,2023-08,outside_fixed_domain,-1,True,True
noaa_2023.csv,2231,202308262141,2023,2023-08,outside_fixed_domain,-1,True,True
noaa_2023.csv,2232,202308262205,2023,2023-08,selected_peak,0,True,True
noaa_2023.csv,2233,202308280354,2023,2023-08,outside_fixed_domain,-1,True,True
noaa_2023.csv,2234,202308280817,2023,2023-08,outside_fixed_domain,-1,True,True
noaa_2023.csv,2235,202308281642,2023,2023-08,outside_fixed_domain,-1,True,True
noaa_2023.csv,2236,202308282119,2023,2023-08,outside_fixed_domain,-1,True,True
noaa_2023.csv,2237,202308282207,2023,2023-08,outside_fixed_domain,-1,True,False
noaa_2023.csv,2238,202308282236,2023,2023-08,outside_fixed_domain,-1,True,True
noaa_2023.csv,2239,202308282300,2023,2023-08,outside_fixed_domain,-1,True,True
noaa_2023.csv,2240,202308282354,2023,2023-08,outside_fixed_domain,-1,True,True
noaa_2023.csv,2241,202308290007,2023,2023-08,outside_fixed_domain,-1,True,True
noaa_2023.csv,2242,202308290239,2023,2023-08,outside_fixed_domain,-1,True,True
noaa_2023.csv,2243,202308290418,2023,2023-08,outside_fixed_domain,-1,True,False
noaa_2023.csv,2244,202308290426,2023,2023-08,outside_fixed_domain,-1,True,True
noaa_2023.csv,2245,202308290634,2023,2023-08,outside_fixed_domain,-1,True,True
noaa_2023.csv,2246,202308290815,2023,2023-08,outside_fixed_domain,-1,True,True
noaa_2023.csv,2247,202308290942,2023,2023-08,outside_fixed_domain,-1,True,False
noaa_2023.csv,2248,202308290949,2023,2023-08,outside_fixed_domain,-1,True,True
noaa_2023.csv,2249,202308291600,2023,2023-08,outside_fixed_domain,-1,True,True
noaa_2023.csv,2250,202308292317,2023,2023-08,outside_fixed_domain,-1,True,True
noaa_2023.csv,2251,202308300407,2023,2023-08,outside_fixed_domain,-1,True,True
noaa_2023.csv,2252,202308300824,2023,2023-08,outside_fixed_domain,-1,True,True
noaa_2023.csv,2253,202308301628,2023,2023-08,outside_fixed_domain,-1,True,True
noaa_2023.csv,2254,202308301738,2023,2023-08,outside_fixed_domain,-1,True,True
noaa_2023.csv,2255,202308302320,2023,2023-08,outside_fixed_domain,-1,True,True
noaa_2023.csv,2256,202308311745,2023,2023-08,outside_fixed_domain,-1,True,True
noaa_2023.csv,2257,202308312307,2023,2023-08,outside_fixed_domain,-1,True,True
noaa_2023.csv,2258,202309010145,2023,2023-09,outside_fixed_domain,-1,True,False
noaa_2023.csv,2259,202309010203,2023,2023-09,outside_fixed_domain,-1,True,False
noaa_2023.csv,2260,202309010220,2023,2023-09,selected_peak,0,True,False
noaa_2023.csv,2261,202309010326,2023,2023-09,selected_peak,0,True,True
noaa_2023.csv,2262,202309011507,2023,2023-09,outside_fixed_domain,-1,True,True
noaa_2023.csv,2263,202309012019,2023,2023-09,outside_fixed_domain,-1,True,False
noaa_2023.csv,2264,202309012035,2023,2023-09,outside_fixed_domain,-1,True,True
noaa_2023.csv,2265,202309012148,2023,2023-09,outside_fixed_domain,-1,True,True
noaa_2023.csv,2266,202309020633,2023,2023-09,selected_peak,2,True,True
noaa_2023.csv,2267,202309021133,2023,2023-09,outside_fixed_domain,-1,True,True
noaa_2023.csv,2268,202309021428,2023,2023-09,outside_fixed_domain,-1,True,False
noaa_2023.csv,2269,202309021440,2023,2023-09,outside_fixed_domain,-1,True,False
noaa_2023.csv,2270,202309021502,2023,2023-09,outside_fixed_domain,-1,True,False
noaa_2023.csv,2271,202309021514,2023,2023-09,outside_fixed_domain,-1,True,True
noaa_2023.csv,2272,202309021631,2023,2023-09,outside_fixed_domain,-1,True,True
noaa_2023.csv,2273,202309021954,2023,2023-09,outside_fixed_domain,-1,True,True
noaa_2023.csv,2274,202309022233,2023,2023-09,outside_fixed_domain,-1,True,True
noaa_2023.csv,2275,202309030002,2023,2023-09,outside_fixed_domain,-1,True,False
noaa_2023.csv,2276,202309030014,2023,2023-09,selected_peak,0,True,True
noaa_2023.csv,2277,202309030058,2023,2023-09,outside_fixed_domain,-1,True,True
noaa_2023.csv,2278,202309030225,2023,2023-09,outside_fixed_domain,-1,True,True
noaa_2023.csv,2279,202309030400,2023,2023-09,outside_fixed_domain,-1,True,True
noaa_2023.csv,2280,202309030809,2023,2023-09,selected_peak,3,True,True
noaa_2023.csv,2281,202309031131,2023,2023-09,outside_fixed_domain,-1,True,False
noaa_2023.csv,2282,202309031203,2023,2023-09,outside_fixed_domain,-1,True,True
noaa_2023.csv,2283,202309031957,2023,2023-09,outside_fixed_domain,-1,True,True
noaa_2023.csv,2284,202309040357,2023,2023-09,outside_fixed_domain,-1,True,False
noaa_2023.csv,2285,202309040435,2023,2023-09,outside_fixed_domain,-1,True,True
noaa_2023.csv,2286,202309040847,2023,2023-09,outside_fixed_domain,-1,True,True
noaa_2023.csv,2287,202309041031,2023,2023-09,outside_fixed_domain,-1,True,True
noaa_2023.csv,2288,202309041248,2023,2023-09,outside_fixed_domain,-1,True,True
noaa_2023.csv,2289,202309041334,2023,2023-09,outside_fixed_domain,-1,True,True
noaa_2023.csv,2290,202309041705,2023,2023-09,outside_fixed_domain,-1,True,False
noaa_2023.csv,2291,202309041729,2023,2023-09,outside_fixed_domain,-1,True,True
noaa_2023.csv,2292,202309041911,2023,2023-09,outside_fixed_domain,-1,True,True
noaa_2023.csv,2293,202309050039,2023,2023-09,outside_fixed_domain,-1,True,True
noaa_2023.csv,2294,202309050213,2023,2023-09,outside_fixed_domain,-1,True,True
noaa_2023.csv,2295,202309050436,2023,2023-09,outside_fixed_domain,-1,True,False
noaa_2023.csv,2296,202309050459,2023,2023-09,outside_fixed_domain,-1,True,True
noaa_2023.csv,2297,202309050803,2023,2023-09,selected_peak,1,True,True
noaa_2023.csv,2298,202309050922,2023,2023-09,outside_fixed_domain,-1,True,True
noaa_2023.csv,2299,202309051758,2023,2023-09,outside_fixed_domain,-1,True,False
noaa_2023.csv,2300,202309051822,2023,2023-09,outside_fixed_domain,-1,True,True
noaa_2023.csv,2301,202309051933,2023,2023-09,selected_peak,0,True,True
noaa_2023.csv,2302,202309052213,2023,2023-09,outside_fixed_domain,-1,True,True
noaa_2023.csv,2303,202309052321,2023,2023-09,selected_peak,0,True,True
noaa_2023.csv,2304,202309060042,2023,2023-09,outside_fixed_domain,-1,True,True
noaa_2023.csv,2305,202309060452,2023,2023-09,outside_fixed_domain,-1,True,True
noaa_2023.csv,2306,202309060628,2023,2023-09,outside_fixed_domain,-1,True,True
noaa_2023.csv,2307,202309060750,2023,2023-09,outside_fixed_domain,-1,True,True
noaa_2023.csv,2308,202309061032,2023,2023-09,outside_fixed_domain,-1,True,False
noaa_2023.csv,2309,202309061100,2023,2023-09,outside_fixed_domain,-1,True,True
noaa_2023.csv,2310,202309061319,2023,2023-09,outside_fixed_domain,-1,True,True
noaa_2023.csv,2311,202309061342,2023,2023-09,outside_fixed_domain,-1,True,True
noaa_2023.csv,2312,202309061654,2023,2023-09,outside_fixed_domain,-1,True,True
noaa_2023.csv,2313,202309061751,2023,2023-09,outside_fixed_domain,-1,True,True
noaa_2023.csv,2314,202309061918,2023,2023-09,outside_fixed_domain,-1,True,False
noaa_2023.csv,2315,202309061929,2023,2023-09,outside_fixed_domain,-1,True,True
noaa_2023.csv,2316,202309062043,2023,2023-09,outside_fixed_domain,-1,True,True
noaa_2023.csv,2317,202309070038,2023,2023-09,outside_fixed_domain,-1,True,True
noaa_2023.csv,2318,202309070146,2023,2023-09,outside_fixed_domain,-1,True,True
noaa_2023.csv,2319,202309070236,2023,2023-09,outside_fixed_domain,-1,True,True
noaa_2023.csv,2320,202309070505,2023,2023-09,outside_fixed_domain,-1,True,True
noaa_2023.csv,2321,202309071026,2023,2023-09,outside_fixed_domain,-1,True,True
noaa_2023.csv,2322,202309071141,2023,2023-09,outside_fixed_domain,-1,True,True
noaa_2023.csv,2323,202309071538,2023,2023-09,outside_fixed_domain,-1,True,False
noaa_2023.csv,2324,202309071559,2023,2023-09,outside_fixed_domain,-1,True,True
noaa_2023.csv,2325,202309071858,2023,2023-09,selected_peak,1,True,True
noaa_2023.csv,2326,202309080416,2023,2023-09,outside_fixed_domain,-1,True,True
noaa_2023.csv,2327,202309080654,2023,2023-09,outside_fixed_domain,-1,True,False
noaa_2023.csv,2328,202309080712,2023,2023-09,outside_fixed_domain,-1,True,True
noaa_2023.csv,2329,202309081055,2023,2023-09,outside_fixed_domain,-1,True,False
noaa_2023.csv,2330,202309081114,2023,2023-09,outside_fixed_domain,-1,True,True
noaa_2023.csv,2331,202309081348,2023,2023-09,outside_fixed_domain,-1,True,True
noaa_2023.csv,2332,202309081619,2023,2023-09,outside_fixed_domain,-1,True,True
noaa_2023.csv,2333,202309081810,2023,2023-09,outside_fixed_domain,-1,True,True
noaa_2023.csv,2334,202309082307,2023,2023-09,outside_fixed_domain,-1,True,True
noaa_2023.csv,2335,202309082335,2023,2023-09,outside_fixed_domain,-1,True,True
noaa_2023.csv,2336,202309090115,2023,2023-09,outside_fixed_domain,-1,True,True
noaa_2023.csv,2337,202309090155,2023,2023-09,outside_fixed_domain,-1,True,True
noaa_2023.csv,2338,202309090243,2023,2023-09,outside_fixed_domain,-1,True,True
noaa_2023.csv,2339,202309090312,2023,2023-09,outside_fixed_domain,-1,True,True
noaa_2023.csv,2340,202309090508,2023,2023-09,outside_fixed_domain,-1,True,True
noaa_2023.csv,2341,202309090547,2023,2023-09,outside_fixed_domain,-1,True,True
noaa_2023.csv,2342,202309090939,2023,2023-09,outside_fixed_domain,-1,True,True
noaa_2023.csv,2343,202309091107,2023,2023-09,outside_fixed_domain,-1,True,True
noaa_2023.csv,2344,202309091335,2023,2023-09,outside_fixed_domain,-1,True,True
noaa_2023.csv,2345,202309091611,2023,2023-09,outside_fixed_domain,-1,True,True
noaa_2023.csv,2346,202309092238,2023,2023-09,outside_fixed_domain,-1,True,True
noaa_2023.csv,2347,202309100053,2023,2023-09,outside_fixed_domain,-1,True,True
noaa_2023.csv,2348,202309100141,2023,2023-09,outside_fixed_domain,-1,True,True
noaa_2023.csv,2349,202309100419,2023,2023-09,outside_fixed_domain,-1,True,True
noaa_2023.csv,2350,202309100906,2023,2023-09,outside_fixed_domain,-1,True,True
noaa_2023.csv,2351,202309101140,2023,2023-09,outside_fixed_domain,-1,True,True
noaa_2023.csv,2352,202309101320,2023,2023-09,outside_fixed_domain,-1,True,True
noaa_2023.csv,2353,202309102125,2023,2023-09,outside_fixed_domain,-1,True,True
noaa_2023.csv,2354,202309102215,2023,2023-09,outside_fixed_domain,-1,True,True
noaa_2023.csv,2355,202309110022,2023,2023-09,outside_fixed_domain,-1,True,True
noaa_2023.csv,2356,202309110108,2023,2023-09,selected_peak,0,True,True
noaa_2023.csv,2357,202309110358,2023,2023-09,selected_peak,0,True,True
noaa_2023.csv,2358,202309110534,2023,2023-09,outside_fixed_domain,-1,True,True
noaa_2023.csv,2359,202309110554,2023,2023-09,outside_fixed_domain,-1,True,True
noaa_2023.csv,2360,202309110610,2023,2023-09,outside_fixed_domain,-1,True,True
noaa_2023.csv,2361,202309111025,2023,2023-09,outside_fixed_domain,-1,True,True
noaa_2023.csv,2362,202309111121,2023,2023-09,outside_fixed_domain,-1,True,True
noaa_2023.csv,2363,202309111438,2023,2023-09,selected_peak,0,True,True
noaa_2023.csv,2364,202309111716,2023,2023-09,outside_fixed_domain,-1,True,True
noaa_2023.csv,2365,202309112107,2023,2023-09,outside_fixed_domain,-1,True,True
noaa_2023.csv,2366,202309120121,2023,2023-09,outside_fixed_domain,-1,True,True
noaa_2023.csv,2367,202309120208,2023,2023-09,outside_fixed_domain,-1,True,True
noaa_2023.csv,2368,202309120418,2023,2023-09,selected_peak,1,True,False
noaa_2023.csv,2369,202309120431,2023,2023-09,selected_peak,1,True,True
noaa_2023.csv,2370,202309120536,2023,2023-09,outside_fixed_domain,-1,True,True
noaa_2023.csv,2371,202309120647,2023,2023-09,selected_peak,1,True,True
noaa_2023.csv,2372,202309120758,2023,2023-09,outside_fixed_domain,-1,True,True
noaa_2023.csv,2373,202309121106,2023,2023-09,outside_fixed_domain,-1,True,True
noaa_2023.csv,2374,202309121132,2023,2023-09,outside_fixed_domain,-1,True,True
noaa_2023.csv,2375,202309121507,2023,2023-09,outside_fixed_domain,-1,True,True
noaa_2023.csv,2376,202309121558,2023,2023-09,outside_fixed_domain,-1,True,True
noaa_2023.csv,2377,202309121931,2023,2023-09,outside_fixed_domain,-1,True,True
noaa_2023.csv,2378,202309121945,2023,2023-09,outside_fixed_domain,-1,True,True
noaa_2023.csv,2379,202309122150,2023,2023-09,outside_fixed_domain,-1,True,True
noaa_2023.csv,2380,202309130804,2023,2023-09,outside_fixed_domain,-1,True,True
noaa_2023.csv,2381,202309131455,2023,2023-09,outside_fixed_domain,-1,True,False
noaa_2023.csv,2382,202309131508,2023,2023-09,outside_fixed_domain,-1,True,True
noaa_2023.csv,2383,202309131636,2023,2023-09,outside_fixed_domain,-1,True,True
noaa_2023.csv,2384,202309131755,2023,2023-09,outside_fixed_domain,-1,True,True
noaa_2023.csv,2385,202309140548,2023,2023-09,outside_fixed_domain,-1,True,True
noaa_2023.csv,2386,202309140640,2023,2023-09,selected_peak,0,True,True
noaa_2023.csv,2387,202309141517,2023,2023-09,outside_fixed_domain,-1,True,True
noaa_2023.csv,2388,202309141840,2023,2023-09,outside_fixed_domain,-1,True,True
noaa_2023.csv,2389,202309141908,2023,2023-09,outside_fixed_domain,-1,True,True
noaa_2023.csv,2390,202309141923,2023,2023-09,selected_peak,1,True,True
noaa_2023.csv,2391,202309142117,2023,2023-09,selected_peak,1,True,True
noaa_2023.csv,2392,202309150040,2023,2023-09,outside_fixed_domain,-1,True,False
noaa_2023.csv,2393,202309150050,2023,2023-09,outside_fixed_domain,-1,True,True
noaa_2023.csv,2394,202309150240,2023,2023-09,outside_fixed_domain,-1,True,False
noaa_2023.csv,2395,202309150255,2023,2023-09,outside_fixed_domain,-1,True,True
noaa_2023.csv,2396,202309150550,2023,2023-09,outside_fixed_domain,-1,True,True
noaa_2023.csv,2397,202309150852,2023,2023-09,outside_fixed_domain,-1,True,True
noaa_2023.csv,2398,202309151009,2023,2023-09,outside_fixed_domain,-1,True,False
noaa_2023.csv,2399,202309151025,2023,2023-09,outside_fixed_domain,-1,True,True
noaa_2023.csv,2400,202309151309,2023,2023-09,outside_fixed_domain,-1,True,True
noaa_2023.csv,2401,202309152219,2023,2023-09,selected_peak,0,True,True
noaa_2023.csv,2402,202309152335,2023,2023-09,outside_fixed_domain,-1,True,True
noaa_2023.csv,2403,202309160038,2023,2023-09,selected_peak,1,True,True
noaa_2023.csv,2404,202309160323,2023,2023-09,outside_fixed_domain,-1,True,True
noaa_2023.csv,2405,202309160509,2023,2023-09,outside_fixed_domain,-1,True,False
noaa_2023.csv,2406,202309160530,2023,2023-09,selected_peak,2,True,True
noaa_2023.csv,2407,202309160706,2023,2023-09,outside_fixed_domain,-1,True,True
noaa_2023.csv,2408,202309160736,2023,2023-09,outside_fixed_domain,-1,True,True
noaa_2023.csv,2409,202309161156,2023,2023-09,outside_fixed_domain,-1,True,True
noaa_2023.csv,2410,202309161313,2023,2023-09,outside_fixed_domain,-1,True,True
noaa_2023.csv,2411,202309171555,2023,2023-09,outside_fixed_domain,-1,True,True
noaa_2023.csv,2412,202309180056,2023,2023-09,outside_fixed_domain,-1,True,True
noaa_2023.csv,2413,202309180927,2023,2023-09,outside_fixed_domain,-1,True,True
noaa_2023.csv,2414,202309181031,2023,2023-09,outside_fixed_domain,-1,True,True
noaa_2023.csv,2415,202309181251,2023,2023-09,outside_fixed_domain,-1,True,False
noaa_2023.csv,2416,202309181320,2023,2023-09,outside_fixed_domain,-1,True,True
noaa_2023.csv,2417,202309181444,2023,2023-09,outside_fixed_domain,-1,True,True
noaa_2023.csv,2418,202309181542,2023,2023-09,outside_fixed_domain,-1,True,True
noaa_2023.csv,2419,202309181735,2023,2023-09,outside_fixed_domain,-1,True,True
noaa_2023.csv,2420,202309181810,2023,2023-09,outside_fixed_domain,-1,True,False
noaa_2023.csv,2421,202309181827,2023,2023-09,outside_fixed_domain,-1,True,True
noaa_2023.csv,2422,202309181935,2023,2023-09,outside_fixed_domain,-1,True,True
noaa_2023.csv,2423,202309182022,2023,2023-09,outside_fixed_domain,-1,True,True
noaa_2023.csv,2424,202309182159,2023,2023-09,outside_fixed_domain,-1,True,True
noaa_2023.csv,2425,202309182320,2023,2023-09,outside_fixed_domain,-1,True,True
noaa_2023.csv,2426,202309190031,2023,2023-09,outside_fixed_domain,-1,True,True
noaa_2023.csv,2427,202309190143,2023,2023-09,outside_fixed_domain,-1,True,True
noaa_2023.csv,2428,202309190228,2023,2023-09,outside_fixed_domain,-1,True,False
noaa_2023.csv,2429,202309190301,2023,2023-09,outside_fixed_domain,-1,True,True
noaa_2023.csv,2430,202309190345,2023,2023-09,selected_peak,0,True,True
noaa_2023.csv,2431,202309190923,2023,2023-09,selected_peak,1,True,True
noaa_2023.csv,2432,202309191025,2023,2023-09,outside_fixed_domain,-1,True,True
noaa_2023.csv,2433,202309191308,2023,2023-09,outside_fixed_domain,-1,True,True
noaa_2023.csv,2434,202309191539,2023,2023-09,outside_fixed_domain,-1,True,True
noaa_2023.csv,2435,202309191716,2023,2023-09,outside_fixed_domain,-1,True,True
noaa_2023.csv,2436,202309192001,2023,2023-09,selected_peak,2,True,True
noaa_2023.csv,2437,202309192059,2023,2023-09,outside_fixed_domain,-1,True,True
noaa_2023.csv,2438,202309192142,2023,2023-09,outside_fixed_domain,-1,True,True
noaa_2023.csv,2439,202309192221,2023,2023-09,outside_fixed_domain,-1,True,True
noaa_2023.csv,2440,202309200427,2023,2023-09,outside_fixed_domain,-1,True,True
noaa_2023.csv,2441,202309200638,2023,2023-09,outside_fixed_domain,-1,True,True
noaa_2023.csv,2442,202309200843,2023,2023-09,outside_fixed_domain,-1,True,False
noaa_2023.csv,2443,202309200903,2023,2023-09,outside_fixed_domain,-1,True,True
noaa_2023.csv,2444,202309201209,2023,2023-09,outside_fixed_domain,-1,True,True
noaa_2023.csv,2445,202309201411,2023,2023-09,selected_peak,3,True,True
noaa_2023.csv,2446,202309201734,2023,2023-09,outside_fixed_domain,-1,True,True
noaa_2023.csv,2447,202309201836,2023,2023-09,outside_fixed_domain,-1,True,True
noaa_2023.csv,2448,202309202029,2023,2023-09,outside_fixed_domain,-1,True,True
noaa_2023.csv,2449,202309202127,2023,2023-09,outside_fixed_domain,-1,True,True
noaa_2023.csv,2450,202309202317,2023,2023-09,outside_fixed_domain,-1,True,True
noaa_2023.csv,2451,202309210132,2023,2023-09,outside_fixed_domain,-1,True,True
noaa_2023.csv,2452,202309210551,2023,2023-09,outside_fixed_domain,-1,True,True
noaa_2023.csv,2453,202309210924,2023,2023-09,outside_fixed_domain,-1,True,False
noaa_2023.csv,2454,202309210938,2023,2023-09,outside_fixed_domain,-1,True,True
noaa_2023.csv,2455,202309211009,2023,2023-09,outside_fixed_domain,-1,True,True
noaa_2023.csv,2456,202309211242,2023,2023-09,selected_peak,3,True,True
noaa_2023.csv,2457,202309211443,2023,2023-09,outside_fixed_domain,-1,True,True
noaa_2023.csv,2458,202309211559,2023,2023-09,outside_fixed_domain,-1,True,True
noaa_2023.csv,2459,202309211933,2023,2023-09,outside_fixed_domain,-1,True,False
noaa_2023.csv,2460,202309211947,2023,2023-09,outside_fixed_domain,-1,True,True
noaa_2023.csv,2461,202309220225,2023,2023-09,selected_peak,0,True,False
noaa_2023.csv,2462,202309220656,2023,2023-09,outside_fixed_domain,-1,True,True
noaa_2023.csv,2463,202309220838,2023,2023-09,outside_fixed_domain,-1,True,True
noaa_2023.csv,2464,202309221126,2023,2023-09,outside_fixed_domain,-1,True,True
noaa_2023.csv,2465,202309221553,2023,2023-09,selected_peak,0,True,True
noaa_2023.csv,2466,202309221706,2023,2023-09,selected_peak,0,True,True
noaa_2023.csv,2467,202309221920,2023,2023-09,outside_fixed_domain,-1,True,True
noaa_2023.csv,2468,202309222018,2023,2023-09,outside_fixed_domain,-1,True,True
noaa_2023.csv,2469,202309222116,2023,2023-09,outside_fixed_domain,-1,True,True
noaa_2023.csv,2470,202309222225,2023,2023-09,selected_peak,1,True,True
noaa_2023.csv,2471,202309222341,2023,2023-09,outside_fixed_domain,-1,True,True
noaa_2023.csv,2472,202309230256,2023,2023-09,outside_fixed_domain,-1,True,True
noaa_2023.csv,2473,202309230409,2023,2023-09,outside_fixed_domain,-1,True,False
noaa_2023.csv,2474,202309230435,2023,2023-09,outside_fixed_domain,-1,True,True
noaa_2023.csv,2475,202309230527,2023,2023-09,outside_fixed_domain,-1,True,True
noaa_2023.csv,2476,202309230700,2023,2023-09,outside_fixed_domain,-1,True,True
noaa_2023.csv,2477,202309230855,2023,2023-09,outside_fixed_domain,-1,True,True
noaa_2023.csv,2478,202309231006,2023,2023-09,outside_fixed_domain,-1,True,True
noaa_2023.csv,2479,202309231100,2023,2023-09,outside_fixed_domain,-1,True,True
noaa_2023.csv,2480,202309231128,2023,2023-09,outside_fixed_domain,-1,True,True
noaa_2023.csv,2481,202309231240,2023,2023-09,outside_fixed_domain,-1,True,True
noaa_2023.csv,2482,202309231311,2023,2023-09,outside_fixed_domain,-1,True,True
noaa_2023.csv,2483,202309231338,2023,2023-09,outside_fixed_domain,-1,True,True
noaa_2023.csv,2484,202309231452,2023,2023-09,outside_fixed_domain,-1,True,True
noaa_2023.csv,2485,202309231507,2023,2023-09,outside_fixed_domain,-1,True,True
noaa_2023.csv,2486,202309231857,2023,2023-09,outside_fixed_domain,-1,True,True
noaa_2023.csv,2487,202309231929,2023,2023-09,outside_fixed_domain,-1,True,True
noaa_2023.csv,2488,202309232014,2023,2023-09,selected_peak,0,True,True
noaa_2023.csv,2489,202309232300,2023,2023-09,outside_fixed_domain,-1,True,True
noaa_2023.csv,2490,202309240107,2023,2023-09,outside_fixed_domain,-1,True,True
noaa_2023.csv,2491,202309240251,2023,2023-09,selected_peak,0,True,False
noaa_2023.csv,2492,202309240309,2023,2023-09,selected_peak,1,True,False
noaa_2023.csv,2493,202309240317,2023,2023-09,selected_peak,2,True,True
noaa_2023.csv,2494,202309240603,2023,2023-09,outside_fixed_domain,-1,True,True
noaa_2023.csv,2495,202309240800,2023,2023-09,outside_fixed_domain,-1,True,True
noaa_2023.csv,2496,202309240907,2023,2023-09,outside_fixed_domain,-1,True,True
noaa_2023.csv,2497,202309240933,2023,2023-09,outside_fixed_domain,-1,True,True
noaa_2023.csv,2498,202309241003,2023,2023-09,outside_fixed_domain,-1,True,True
noaa_2023.csv,2499,202309241020,2023,2023-09,outside_fixed_domain,-1,True,True
noaa_2023.csv,2500,202309241145,2023,2023-09,outside_fixed_domain,-1,True,False
noaa_2023.csv,2501,202309241157,2023,2023-09,outside_fixed_domain,-1,True,True
noaa_2023.csv,2502,202309241451,2023,2023-09,selected_peak,0,True,True
noaa_2023.csv,2503,202309241612,2023,2023-09,outside_fixed_domain,-1,True,True
noaa_2023.csv,2504,202309241710,2023,2023-09,outside_fixed_domain,-1,True,False
noaa_2023.csv,2505,202309241724,2023,2023-09,outside_fixed_domain,-1,True,True
noaa_2023.csv,2506,202309241957,2023,2023-09,outside_fixed_domain,-1,True,True
noaa_2023.csv,2507,202309242010,2023,2023-09,outside_fixed_domain,-1,True,True
noaa_2023.csv,2508,202309242053,2023,2023-09,outside_fixed_domain,-1,True,True
noaa_2023.csv,2509,202309242214,2023,2023-09,outside_fixed_domain,-1,True,False
noaa_2023.csv,2510,202309242225,2023,2023-09,outside_fixed_domain,-1,True,True
noaa_2023.csv,2511,202309250346,2023,2023-09,outside_fixed_domain,-1,True,True
noaa_2023.csv,2512,202309251430,2023,2023-09,outside_fixed_domain,-1,True,True
noaa_2023.csv,2513,202309251856,2023,2023-09,outside_fixed_domain,-1,True,True
noaa_2023.csv,2514,202309252049,2023,2023-09,outside_fixed_domain,-1,True,True
noaa_2023.csv,2515,202309252208,2023,2023-09,outside_fixed_domain,-1,True,False
noaa_2023.csv,2516,202309252227,2023,2023-09,outside_fixed_domain,-1,True,True
noaa_2023.csv,2517,202309252358,2023,2023-09,outside_fixed_domain,-1,True,True
noaa_2023.csv,2518,202309260422,2023,2023-09,outside_fixed_domain,-1,True,True
noaa_2023.csv,2519,202309260922,2023,2023-09,outside_fixed_domain,-1,True,False
noaa_2023.csv,2520,202309260937,2023,2023-09,outside_fixed_domain,-1,True,True
noaa_2023.csv,2521,202309261356,2023,2023-09,outside_fixed_domain,-1,True,True
noaa_2023.csv,2522,202309261615,2023,2023-09,outside_fixed_domain,-1,True,False
noaa_2023.csv,2523,202309261623,2023,2023-09,outside_fixed_domain,-1,True,True
noaa_2023.csv,2524,202309262318,2023,2023-09,outside_fixed_domain,-1,True,True
noaa_2023.csv,2525,202309270035,2023,2023-09,outside_fixed_domain,-1,True,True
noaa_2023.csv,2526,202309270449,2023,2023-09,outside_fixed_domain,-1,True,True
noaa_2023.csv,2527,202309270532,2023,2023-09,outside_fixed_domain,-1,True,True
noaa_2023.csv,2528,202309270939,2023,2023-09,outside_fixed_domain,-1,True,True
noaa_2023.csv,2529,202309271004,2023,2023-09,outside_fixed_domain,-1,True,True
noaa_2023.csv,2530,202309271513,2023,2023-09,outside_fixed_domain,-1,True,True
noaa_2023.csv,2531,202309271829,2023,2023-09,outside_fixed_domain,-1,True,True
noaa_2023.csv,2532,202309272302,2023,2023-09,outside_fixed_domain,-1,True,True
noaa_2023.csv,2533,202309280010,2023,2023-09,outside_fixed_domain,-1,True,True
noaa_2023.csv,2534,202309280348,2023,2023-09,outside_fixed_domain,-1,True,False
noaa_2023.csv,2535,202309280358,2023,2023-09,outside_fixed_domain,-1,True,True
noaa_2023.csv,2536,202309280601,2023,2023-09,outside_fixed_domain,-1,True,True
noaa_2023.csv,2537,202309280858,2023,2023-09,selected_peak,0,True,True
noaa_2023.csv,2538,202309281046,2023,2023-09,outside_fixed_domain,-1,True,True
noaa_2023.csv,2539,202309281223,2023,2023-09,outside_fixed_domain,-1,True,True
noaa_2023.csv,2540,202309281356,2023,2023-09,outside_fixed_domain,-1,True,True
noaa_2023.csv,2541,202309281707,2023,2023-09,outside_fixed_domain,-1,True,True
noaa_2023.csv,2542,202309290308,2023,2023-09,outside_fixed_domain,-1,True,True
noaa_2023.csv,2543,202309290505,2023,2023-09,outside_fixed_domain,-1,True,False
noaa_2023.csv,2544,202309290543,2023,2023-09,outside_fixed_domain,-1,True,True
noaa_2023.csv,2545,202309291137,2023,2023-09,outside_fixed_domain,-1,True,True
noaa_2023.csv,2546,202309291301,2023,2023-09,outside_fixed_domain,-1,True,True
noaa_2023.csv,2547,202309291714,2023,2023-09,outside_fixed_domain,-1,True,True
noaa_2023.csv,2548,202309291811,2023,2023-09,outside_fixed_domain,-1,True,True
noaa_2023.csv,2549,202309291958,2023,2023-09,outside_fixed_domain,-1,True,True
noaa_2023.csv,2550,202309292149,2023,2023-09,outside_fixed_domain,-1,True,True
noaa_2023.csv,2551,202309292217,2023,2023-09,outside_fixed_domain,-1,True,True
noaa_2023.csv,2552,202309300038,2023,2023-09,outside_fixed_domain,-1,True,False
noaa_2023.csv,2553,202309300055,2023,2023-09,outside_fixed_domain,-1,True,True
noaa_2023.csv,2554,202309300358,2023,2023-09,outside_fixed_domain,-1,True,True
noaa_2023.csv,2555,202309300529,2023,2023-09,outside_fixed_domain,-1,True,True
noaa_2023.csv,2556,202309300556,2023,2023-09,outside_fixed_domain,-1,True,True
noaa_2023.csv,2557,202309300651,2023,2023-09,outside_fixed_domain,-1,True,True
noaa_2023.csv,2558,202309301040,2023,2023-09,outside_fixed_domain,-1,True,True
noaa_2023.csv,2559,202309301151,2023,2023-09,outside_fixed_domain,-1,True,True
noaa_2023.csv,2560,202309301223,2023,2023-09,outside_fixed_domain,-1,True,True
noaa_2023.csv,2561,202309301405,2023,2023-09,outside_fixed_domain,-1,True,True
noaa_2023.csv,2562,202309301434,2023,2023-09,outside_fixed_domain,-1,True,True
noaa_2023.csv,2563,202309301557,2023,2023-09,outside_fixed_domain,-1,True,True
noaa_2023.csv,2564,202309301616,2023,2023-09,selected_peak,0,True,True
noaa_2023.csv,2565,202309301815,2023,2023-09,outside_fixed_domain,-1,True,True
noaa_2023.csv,2566,202309302026,2023,2023-09,outside_fixed_domain,-1,True,True
noaa_2023.csv,2567,202309302118,2023,2023-09,outside_fixed_domain,-1,True,False
noaa_2023.csv,2568,202309302139,2023,2023-09,outside_fixed_domain,-1,True,True
noaa_2023.csv,2569,202309302341,2023,2023-09,outside_fixed_domain,-1,True,True
noaa_2023.csv,2570,202310010040,2023,2023-10,outside_fixed_domain,-1,True,True
noaa_2023.csv,2571,202310010102,2023,2023-10,outside_fixed_domain,-1,True,True
noaa_2023.csv,2572,202310010110,2023,2023-10,selected_peak,1,True,True
noaa_2023.csv,2573,202310010321,2023,2023-10,outside_fixed_domain,-1,True,True
noaa_2023.csv,2574,202310010510,2023,2023-10,outside_fixed_domain,-1,True,True
noaa_2023.csv,2575,202310010908,2023,2023-10,outside_fixed_domain,-1,True,True
noaa_2023.csv,2576,202310010939,2023,2023-10,outside_fixed_domain,-1,True,True
noaa_2023.csv,2577,202310011106,2023,2023-10,outside_fixed_domain,-1,True,True
noaa_2023.csv,2578,202310011410,2023,2023-10,outside_fixed_domain,-1,True,False
noaa_2023.csv,2579,202310011441,2023,2023-10,outside_fixed_domain,-1,True,True
noaa_2023.csv,2580,202310011911,2023,2023-10,outside_fixed_domain,-1,True,True
noaa_2023.csv,2581,202310012008,2023,2023-10,outside_fixed_domain,-1,True,True
noaa_2023.csv,2582,202310012107,2023,2023-10,outside_fixed_domain,-1,True,True
noaa_2023.csv,2583,202310012230,2023,2023-10,outside_fixed_domain,-1,True,True
noaa_2023.csv,2584,202310012300,2023,2023-10,outside_fixed_domain,-1,True,True
noaa_2023.csv,2585,202310020116,2023,2023-10,outside_fixed_domain,-1,True,True
noaa_2023.csv,2586,202310020313,2023,2023-10,outside_fixed_domain,-1,True,True
noaa_2023.csv,2587,202310020408,2023,2023-10,outside_fixed_domain,-1,True,True
noaa_2023.csv,2588,202310020506,2023,2023-10,outside_fixed_domain,-1,True,True
noaa_2023.csv,2589,202310020857,2023,2023-10,outside_fixed_domain,-1,True,True
noaa_2023.csv,2590,202310020944,2023,2023-10,outside_fixed_domain,-1,True,True
noaa_2023.csv,2591,202310021034,2023,2023-10,outside_fixed_domain,-1,True,True
noaa_2023.csv,2592,202310021130,2023,2023-10,outside_fixed_domain,-1,True,False
noaa_2023.csv,2593,202310021150,2023,2023-10,outside_fixed_domain,-1,True,True
noaa_2023.csv,2594,202310021235,2023,2023-10,selected_peak,1,True,True
noaa_2023.csv,2595,202310021553,2023,2023-10,outside_fixed_domain,-1,True,True
noaa_2023.csv,2596,202310021629,2023,2023-10,outside_fixed_domain,-1,True,True
noaa_2023.csv,2597,202310022026,2023,2023-10,outside_fixed_domain,-1,True,True
noaa_2023.csv,2598,202310030347,2023,2023-10,outside_fixed_domain,-1,True,False
noaa_2023.csv,2599,202310030356,2023,2023-10,outside_fixed_domain,-1,True,True
noaa_2023.csv,2600,202310030424,2023,2023-10,outside_fixed_domain,-1,True,True
noaa_2023.csv,2601,202310030821,2023,2023-10,outside_fixed_domain,-1,True,True
noaa_2023.csv,2602,202310030931,2023,2023-10,outside_fixed_domain,-1,True,True
noaa_2023.csv,2603,202310031056,2023,2023-10,outside_fixed_domain,-1,True,True
noaa_2023.csv,2604,202310031206,2023,2023-10,outside_fixed_domain,-1,True,True
noaa_2023.csv,2605,202310031540,2023,2023-10,outside_fixed_domain,-1,True,True
noaa_2023.csv,2606,202310031605,2023,2023-10,outside_fixed_domain,-1,True,True
noaa_2023.csv,2607,202310031635,2023,2023-10,outside_fixed_domain,-1,True,True
noaa_2023.csv,2608,202310031656,2023,2023-10,outside_fixed_domain,-1,True,True
noaa_2023.csv,2609,202310031736,2023,2023-10,outside_fixed_domain,-1,True,True
noaa_2023.csv,2610,202310031824,2023,2023-10,outside_fixed_domain,-1,True,True
noaa_2023.csv,2611,202310031857,2023,2023-10,outside_fixed_domain,-1,True,True
noaa_2023.csv,2612,202310032053,2023,2023-10,outside_fixed_domain,-1,True,True
noaa_2023.csv,2613,202310040113,2023,2023-10,outside_fixed_domain,-1,True,True
noaa_2023.csv,2614,202310040749,2023,2023-10,outside_fixed_domain,-1,True,True
noaa_2023.csv,2615,202310040840,2023,2023-10,outside_fixed_domain,-1,True,True
noaa_2023.csv,2616,202310040932,2023,2023-10,outside_fixed_domain,-1,True,False
noaa_2023.csv,2617,202310040944,2023,2023-10,outside_fixed_domain,-1,True,True
noaa_2023.csv,2618,202310042327,2023,2023-10,outside_fixed_domain,-1,True,True
noaa_2023.csv,2619,202310050651,2023,2023-10,outside_fixed_domain,-1,True,True
noaa_2023.csv,2620,202310051221,2023,2023-10,outside_fixed_domain,-1,True,True
noaa_2023.csv,2621,202310051320,2023,2023-10,outside_fixed_domain,-1,True,True
noaa_2023.csv,2622,202310051523,2023,2023-10,outside_fixed_domain,-1,True,True
noaa_2023.csv,2623,202310051622,2023,2023-10,outside_fixed_domain,-1,True,True
noaa_2023.csv,2624,202310051747,2023,2023-10,outside_fixed_domain,-1,True,True
noaa_2023.csv,2625,202310051903,2023,2023-10,outside_fixed_domain,-1,True,True
noaa_2023.csv,2626,202310052105,2023,2023-10,outside_fixed_domain,-1,True,True
noaa_2023.csv,2627,202310052200,2023,2023-10,outside_fixed_domain,-1,True,True
noaa_2023.csv,2628,202310052346,2023,2023-10,outside_fixed_domain,-1,True,True
noaa_2023.csv,2629,202310061048,2023,2023-10,outside_fixed_domain,-1,True,True
noaa_2023.csv,2630,202310061536,2023,2023-10,outside_fixed_domain,-1,True,True
noaa_2023.csv,2631,202310061706,2023,2023-10,outside_fixed_domain,-1,True,True
noaa_2023.csv,2632,202310061743,2023,2023-10,outside_fixed_domain,-1,True,True
noaa_2023.csv,2633,202310061808,2023,2023-10,outside_fixed_domain,-1,True,True
noaa_2023.csv,2634,202310070514,2023,2023-10,outside_fixed_domain,-1,True,True
noaa_2023.csv,2635,202310070758,2023,2023-10,outside_fixed_domain,-1,True,True
noaa_2023.csv,2636,202310071345,2023,2023-10,outside_fixed_domain,-1,True,True
noaa_2023.csv,2637,202310071437,2023,2023-10,outside_fixed_domain,-1,True,True
noaa_2023.csv,2638,202310071757,2023,2023-10,selected_peak,1,True,True
noaa_2023.csv,2639,202310071826,2023,2023-10,outside_fixed_domain,-1,True,True
noaa_2023.csv,2640,202310072038,2023,2023-10,outside_fixed_domain,-1,True,False
noaa_2023.csv,2641,202310072051,2023,2023-10,outside_fixed_domain,-1,True,True
noaa_2023.csv,2642,202310072214,2023,2023-10,outside_fixed_domain,-1,True,True
noaa_2023.csv,2643,202310072314,2023,2023-10,outside_fixed_domain,-1,True,True
noaa_2023.csv,2644,202310080334,2023,2023-10,outside_fixed_domain,-1,True,True
noaa_2023.csv,2645,202310080448,2023,2023-10,outside_fixed_domain,-1,True,True
noaa_2023.csv,2646,202310080851,2023,2023-10,outside_fixed_domain,-1,True,False
noaa_2023.csv,2647,202310080906,2023,2023-10,outside_fixed_domain,-1,True,True
noaa_2023.csv,2648,202310081232,2023,2023-10,outside_fixed_domain,-1,True,True
noaa_2023.csv,2649,202310081401,2023,2023-10,outside_fixed_domain,-1,True,True
noaa_2023.csv,2650,202310081517,2023,2023-10,outside_fixed_domain,-1,True,True
noaa_2023.csv,2651,202310090306,2023,2023-10,outside_fixed_domain,-1,True,True
noaa_2023.csv,2652,202310090408,2023,2023-10,outside_fixed_domain,-1,True,True
noaa_2023.csv,2653,202310090421,2023,2023-10,outside_fixed_domain,-1,True,False
noaa_2023.csv,2654,202310090439,2023,2023-10,outside_fixed_domain,-1,True,True
noaa_2023.csv,2655,202310090522,2023,2023-10,outside_fixed_domain,-1,True,True
noaa_2023.csv,2656,202310090656,2023,2023-10,outside_fixed_domain,-1,True,False
noaa_2023.csv,2657,202310090711,2023,2023-10,outside_fixed_domain,-1,True,True
noaa_2023.csv,2658,202310090756,2023,2023-10,outside_fixed_domain,-1,True,False
noaa_2023.csv,2659,202310090815,2023,2023-10,outside_fixed_domain,-1,True,False
noaa_2023.csv,2660,202310090834,2023,2023-10,outside_fixed_domain,-1,True,True
noaa_2023.csv,2661,202310091128,2023,2023-10,outside_fixed_domain,-1,True,True
noaa_2023.csv,2662,202310091429,2023,2023-10,outside_fixed_domain,-1,True,True
noaa_2023.csv,2663,202310091557,2023,2023-10,outside_fixed_domain,-1,True,True
noaa_2023.csv,2664,202310091852,2023,2023-10,outside_fixed_domain,-1,True,True
noaa_2023.csv,2665,202310092131,2023,2023-10,outside_fixed_domain,-1,True,True
noaa_2023.csv,2666,202310092245,2023,2023-10,outside_fixed_domain,-1,True,False
noaa_2023.csv,2667,202310092251,2023,2023-10,outside_fixed_domain,-1,True,True
noaa_2023.csv,2668,202310100136,2023,2023-10,outside_fixed_domain,-1,True,False
noaa_2023.csv,2669,202310100145,2023,2023-10,outside_fixed_domain,-1,True,False
noaa_2023.csv,2670,202310100155,2023,2023-10,selected_peak,0,True,True
noaa_2023.csv,2671,202310100632,2023,2023-10,outside_fixed_domain,-1,True,True
noaa_2023.csv,2672,202310101032,2023,2023-10,outside_fixed_domain,-1,True,True
noaa_2023.csv,2673,202310101148,2023,2023-10,outside_fixed_domain,-1,True,False
noaa_2023.csv,2674,202310101208,2023,2023-10,selected_peak,1,True,True
noaa_2023.csv,2675,202310101344,2023,2023-10,outside_fixed_domain,-1,True,True
noaa_2023.csv,2676,202310101543,2023,2023-10,outside_fixed_domain,-1,True,True
noaa_2023.csv,2677,202310101643,2023,2023-10,outside_fixed_domain,-1,True,True
noaa_2023.csv,2678,202310110049,2023,2023-10,outside_fixed_domain,-1,True,False
noaa_2023.csv,2679,202310110106,2023,2023-10,outside_fixed_domain,-1,True,True
noaa_2023.csv,2680,202310110929,2023,2023-10,outside_fixed_domain,-1,True,True
noaa_2023.csv,2681,202310111220,2023,2023-10,outside_fixed_domain,-1,True,True
noaa_2023.csv,2682,202310111419,2023,2023-10,outside_fixed_domain,-1,True,True
noaa_2023.csv,2683,202310111616,2023,2023-10,outside_fixed_domain,-1,True,True
noaa_2023.csv,2684,202310111941,2023,2023-10,outside_fixed_domain,-1,True,True
noaa_2023.csv,2685,202310112203,2023,2023-10,outside_fixed_domain,-1,True,True
noaa_2023.csv,2686,202310120307,2023,2023-10,outside_fixed_domain,-1,True,False
noaa_2023.csv,2687,202310120450,2023,2023-10,selected_peak,0,True,True
noaa_2023.csv,2688,202310120640,2023,2023-10,outside_fixed_domain,-1,True,True
noaa_2023.csv,2689,202310121746,2023,2023-10,outside_fixed_domain,-1,True,True
noaa_2023.csv,2690,202310130552,2023,2023-10,outside_fixed_domain,-1,True,True
noaa_2023.csv,2691,202310130902,2023,2023-10,outside_fixed_domain,-1,True,True
noaa_2023.csv,2692,202310131547,2023,2023-10,outside_fixed_domain,-1,True,False
noaa_2023.csv,2693,202310131600,2023,2023-10,outside_fixed_domain,-1,True,True
noaa_2023.csv,2694,202310131925,2023,2023-10,outside_fixed_domain,-1,True,True
noaa_2023.csv,2695,202310140503,2023,2023-10,outside_fixed_domain,-1,True,True
noaa_2023.csv,2696,202310141604,2023,2023-10,outside_fixed_domain,-1,True,False
noaa_2023.csv,2697,202310141625,2023,2023-10,outside_fixed_domain,-1,True,True
noaa_2023.csv,2698,202310150231,2023,2023-10,outside_fixed_domain,-1,True,True
noaa_2023.csv,2699,202310150611,2023,2023-10,outside_fixed_domain,-1,True,True
noaa_2023.csv,2700,202310151622,2023,2023-10,outside_fixed_domain,-1,True,True
noaa_2023.csv,2701,202310151935,2023,2023-10,outside_fixed_domain,-1,True,True
noaa_2023.csv,2702,202310160247,2023,2023-10,outside_fixed_domain,-1,True,True
noaa_2023.csv,2703,202310160345,2023,2023-10,outside_fixed_domain,-1,True,True
noaa_2023.csv,2704,202310160723,2023,2023-10,outside_fixed_domain,-1,True,False
noaa_2023.csv,2705,202310160732,2023,2023-10,outside_fixed_domain,-1,True,True
noaa_2023.csv,2706,202310161032,2023,2023-10,outside_fixed_domain,-1,True,False
noaa_2023.csv,2707,202310161107,2023,2023-10,outside_fixed_domain,-1,True,True
noaa_2023.csv,2708,202310161559,2023,2023-10,outside_fixed_domain,-1,True,True
noaa_2023.csv,2709,202310162006,2023,2023-10,outside_fixed_domain,-1,True,True
noaa_2023.csv,2710,202310170203,2023,2023-10,outside_fixed_domain,-1,True,True
noaa_2023.csv,2711,202310170426,2023,2023-10,outside_fixed_domain,-1,True,False
noaa_2023.csv,2712,202310170441,2023,2023-10,outside_fixed_domain,-1,True,True
noaa_2023.csv,2713,202310180954,2023,2023-10,outside_fixed_domain,-1,True,True
noaa_2023.csv,2714,202310190127,2023,2023-10,outside_fixed_domain,-1,True,True
noaa_2023.csv,2715,202310190145,2023,2023-10,outside_fixed_domain,-1,True,True
noaa_2023.csv,2716,202310190824,2023,2023-10,outside_fixed_domain,-1,True,True
noaa_2023.csv,2717,202310190839,2023,2023-10,outside_fixed_domain,-1,True,True
noaa_2023.csv,2718,202310190944,2023,2023-10,outside_fixed_domain,-1,True,False
noaa_2023.csv,2719,202310190955,2023,2023-10,outside_fixed_domain,-1,True,True
noaa_2023.csv,2720,202310191202,2023,2023-10,outside_fixed_domain,-1,True,True
noaa_2023.csv,2721,202310191338,2023,2023-10,outside_fixed_domain,-1,True,True
noaa_2023.csv,2722,202310191352,2023,2023-10,outside_fixed_domain,-1,True,True
noaa_2023.csv,2723,202310191752,2023,2023-10,outside_fixed_domain,-1,True,True
noaa_2023.csv,2724,202310192047,2023,2023-10,outside_fixed_domain,-1,True,True
noaa_2023.csv,2725,202310200211,2023,2023-10,outside_fixed_domain,-1,True,True
noaa_2023.csv,2726,202310200420,2023,2023-10,outside_fixed_domain,-1,True,True
noaa_2023.csv,2727,202310200931,2023,2023-10,outside_fixed_domain,-1,True,True
noaa_2023.csv,2728,202310201100,2023,2023-10,outside_fixed_domain,-1,True,True
noaa_2023.csv,2729,202310202224,2023,2023-10,outside_fixed_domain,-1,True,True
noaa_2023.csv,2730,202310202303,2023,2023-10,outside_fixed_domain,-1,True,False
noaa_2023.csv,2731,202310202315,2023,2023-10,outside_fixed_domain,-1,True,True
noaa_2023.csv,2732,202310210000,2023,2023-10,outside_fixed_domain,-1,True,True
noaa_2023.csv,2733,202310210941,2023,2023-10,outside_fixed_domain,-1,True,True
noaa_2023.csv,2734,202310211202,2023,2023-10,outside_fixed_domain,-1,True,True
noaa_2023.csv,2735,202310211807,2023,2023-10,outside_fixed_domain,-1,True,True
noaa_2023.csv,2736,202310220452,2023,2023-10,outside_fixed_domain,-1,True,True
noaa_2023.csv,2737,202310230658,2023,2023-10,outside_fixed_domain,-1,True,True
noaa_2023.csv,2738,202310231947,2023,2023-10,outside_fixed_domain,-1,True,True
noaa_2023.csv,2739,202310241217,2023,2023-10,outside_fixed_domain,-1,True,False
noaa_2023.csv,2740,202310241233,2023,2023-10,outside_fixed_domain,-1,True,True
noaa_2023.csv,2741,202310241442,2023,2023-10,outside_fixed_domain,-1,True,True
noaa_2023.csv,2742,202310242339,2023,2023-10,outside_fixed_domain,-1,True,False
noaa_2023.csv,2743,202310242349,2023,2023-10,outside_fixed_domain,-1,True,True
noaa_2023.csv,2744,202310250038,2023,2023-10,outside_fixed_domain,-1,True,True
noaa_2023.csv,2745,202310250120,2023,2023-10,outside_fixed_domain,-1,True,True
noaa_2023.csv,2746,202310250625,2023,2023-10,outside_fixed_domain,-1,True,True
noaa_2023.csv,2747,202310251014,2023,2023-10,outside_fixed_domain,-1,True,True
noaa_2023.csv,2748,202310251239,2023,2023-10,outside_fixed_domain,-1,True,True
noaa_2023.csv,2749,202310251255,2023,2023-10,outside_fixed_domain,-1,True,True
noaa_2023.csv,2750,202310251610,2023,2023-10,outside_fixed_domain,-1,True,False
noaa_2023.csv,2751,202310251625,2023,2023-10,outside_fixed_domain,-1,True,True
noaa_2023.csv,2752,202310252157,2023,2023-10,outside_fixed_domain,-1,True,True
noaa_2023.csv,2753,202310252235,2023,2023-10,outside_fixed_domain,-1,True,True
noaa_2023.csv,2754,202310260137,2023,2023-10,outside_fixed_domain,-1,True,True
noaa_2023.csv,2755,202310260433,2023,2023-10,outside_fixed_domain,-1,True,True
noaa_2023.csv,2756,202310260609,2023,2023-10,outside_fixed_domain,-1,True,True
noaa_2023.csv,2757,202310261213,2023,2023-10,outside_fixed_domain,-1,True,True
noaa_2023.csv,2758,202310261317,2023,2023-10,outside_fixed_domain,-1,True,True
noaa_2023.csv,2759,202310261624,2023,2023-10,outside_fixed_domain,-1,True,True
noaa_2023.csv,2760,202310261831,2023,2023-10,outside_fixed_domain,-1,True,True
noaa_2023.csv,2761,202310261918,2023,2023-10,outside_fixed_domain,-1,True,True
noaa_2023.csv,2762,202310261949,2023,2023-10,outside_fixed_domain,-1,True,True
noaa_2023.csv,2763,202310262153,2023,2023-10,outside_fixed_domain,-1,True,True
noaa_2023.csv,2764,202310262247,2023,2023-10,selected_peak,0,True,True
noaa_2023.csv,2765,202310270839,2023,2023-10,outside_fixed_domain,-1,True,True
noaa_2023.csv,2766,202310280525,2023,2023-10,outside_fixed_domain,-1,True,False
noaa_2023.csv,2767,202310280553,2023,2023-10,outside_fixed_domain,-1,True,True
noaa_2023.csv,2768,202310280609,2023,2023-10,outside_fixed_domain,-1,True,True
noaa_2023.csv,2769,202310281007,2023,2023-10,outside_fixed_domain,-1,True,True
noaa_2023.csv,2770,202310281157,2023,2023-10,outside_fixed_domain,-1,True,True
noaa_2023.csv,2771,202310281350,2023,2023-10,outside_fixed_domain,-1,True,True
noaa_2023.csv,2772,202310281726,2023,2023-10,outside_fixed_domain,-1,True,True
noaa_2023.csv,2773,202310290243,2023,2023-10,outside_fixed_domain,-1,True,True
noaa_2023.csv,2774,202310290734,2023,2023-10,outside_fixed_domain,-1,True,True
noaa_2023.csv,2775,202310290850,2023,2023-10,outside_fixed_domain,-1,True,False
noaa_2023.csv,2776,202310290857,2023,2023-10,outside_fixed_domain,-1,True,True
noaa_2023.csv,2777,202310290947,2023,2023-10,outside_fixed_domain,-1,True,True
noaa_2023.csv,2778,202310291130,2023,2023-10,outside_fixed_domain,-1,True,True
noaa_2023.csv,2779,202310291300,2023,2023-10,outside_fixed_domain,-1,True,True
noaa_2023.csv,2780,202310291350,2023,2023-10,outside_fixed_domain,-1,True,True
noaa_2023.csv,2781,202310291754,2023,2023-10,outside_fixed_domain,-1,True,True
noaa_2023.csv,2782,202310291904,2023,2023-10,outside_fixed_domain,-1,True,True
noaa_2023.csv,2783,202310300345,2023,2023-10,outside_fixed_domain,-1,True,True
noaa_2023.csv,2784,202310302306,2023,2023-10,outside_fixed_domain,-1,True,True
noaa_2023.csv,2785,202310310010,2023,2023-10,outside_fixed_domain,-1,True,True
noaa_2023.csv,2786,202310310104,2023,2023-10,outside_fixed_domain,-1,True,True
noaa_2023.csv,2787,202310310222,2023,2023-10,outside_fixed_domain,-1,True,True
noaa_2023.csv,2788,202310310736,2023,2023-10,outside_fixed_domain,-1,True,True
noaa_2023.csv,2789,202310311502,2023,2023-10,outside_fixed_domain,-1,True,True
noaa_2023.csv,2790,202310312016,2023,2023-10,outside_fixed_domain,-1,True,False
noaa_2023.csv,2791,202310312029,2023,2023-10,outside_fixed_domain,-1,True,True
noaa_2023.csv,2792,202310312149,2023,2023-10,outside_fixed_domain,-1,True,True
noaa_2023.csv,2793,202311010020,2023,2023-11,outside_fixed_domain,-1,True,True
noaa_2023.csv,2794,202311010607,2023,2023-11,selected_peak,0,True,True
noaa_2023.csv,2795,202311010846,2023,2023-11,outside_fixed_domain,-1,True,False
noaa_2023.csv,2796,202311010916,2023,2023-11,outside_fixed_domain,-1,True,True
noaa_2023.csv,2797,202311011137,2023,2023-11,outside_fixed_domain,-1,True,False
noaa_2023.csv,2798,202311012004,2023,2023-11,outside_fixed_domain,-1,True,True
noaa_2023.csv,2799,202311012150,2023,2023-11,outside_fixed_domain,-1,True,True
noaa_2023.csv,2800,202311020147,2023,2023-11,outside_fixed_domain,-1,True,True
noaa_2023.csv,2801,202311020457,2023,2023-11,outside_fixed_domain,-1,True,False
noaa_2023.csv,2802,202311020515,2023,2023-11,outside_fixed_domain,-1,True,True
noaa_2023.csv,2803,202311020612,2023,2023-11,outside_fixed_domain,-1,True,True
noaa_2023.csv,2804,202311021111,2023,2023-11,outside_fixed_domain,-1,True,True
noaa_2023.csv,2805,202311021205,2023,2023-11,outside_fixed_domain,-1,True,True
noaa_2023.csv,2806,202311021218,2023,2023-11,selected_peak,0,True,True
noaa_2023.csv,2807,202311021908,2023,2023-11,selected_peak,0,True,True
noaa_2023.csv,2808,202311022010,2023,2023-11,outside_fixed_domain,-1,True,True
noaa_2023.csv,2809,202311022238,2023,2023-11,outside_fixed_domain,-1,True,True
noaa_2023.csv,2810,202311030118,2023,2023-11,outside_fixed_domain,-1,True,True
noaa_2023.csv,2811,202311032228,2023,2023-11,outside_fixed_domain,-1,True,True
noaa_2023.csv,2812,202311040354,2023,2023-11,outside_fixed_domain,-1,True,True
noaa_2023.csv,2813,202311040807,2023,2023-11,outside_fixed_domain,-1,True,True
noaa_2023.csv,2814,202311040944,2023,2023-11,outside_fixed_domain,-1,True,True
noaa_2023.csv,2815,202311051045,2023,2023-11,outside_fixed_domain,-1,True,True
noaa_2023.csv,2816,202311051115,2023,2023-11,outside_fixed_domain,-1,True,False
noaa_2023.csv,2817,202311051134,2023,2023-11,selected_peak,1,True,True
noaa_2023.csv,2818,202311051321,2023,2023-11,outside_fixed_domain,-1,True,True
noaa_2023.csv,2819,202311051424,2023,2023-11,selected_peak,0,True,True
noaa_2023.csv,2820,202311051733,2023,2023-11,outside_fixed_domain,-1,True,True
noaa_2023.csv,2821,202311052003,2023,2023-11,outside_fixed_domain,-1,True,True
noaa_2023.csv,2822,202311052107,2023,2023-11,outside_fixed_domain,-1,True,False
noaa_2023.csv,2823,202311052120,2023,2023-11,outside_fixed_domain,-1,True,True
noaa_2023.csv,2824,202311060021,2023,2023-11,outside_fixed_domain,-1,True,True
noaa_2023.csv,2825,202311060103,2023,2023-11,outside_fixed_domain,-1,True,True
noaa_2023.csv,2826,202311060209,2023,2023-11,outside_fixed_domain,-1,True,True
noaa_2023.csv,2827,202311060253,2023,2023-11,outside_fixed_domain,-1,True,True
noaa_2023.csv,2828,202311060322,2023,2023-11,outside_fixed_domain,-1,True,True
noaa_2023.csv,2829,202311060508,2023,2023-11,outside_fixed_domain,-1,True,True
noaa_2023.csv,2830,202311060547,2023,2023-11,outside_fixed_domain,-1,True,True
noaa_2023.csv,2831,202311060704,2023,2023-11,outside_fixed_domain,-1,True,False
noaa_2023.csv,2832,202311060723,2023,2023-11,outside_fixed_domain,-1,True,True
noaa_2023.csv,2833,202311060746,2023,2023-11,outside_fixed_domain,-1,True,True
noaa_2023.csv,2834,202311061347,2023,2023-11,outside_fixed_domain,-1,True,True
noaa_2023.csv,2835,202311070538,2023,2023-11,outside_fixed_domain,-1,True,True
noaa_2023.csv,2836,202311071301,2023,2023-11,outside_fixed_domain,-1,True,False
noaa_2023.csv,2837,202311071315,2023,2023-11,outside_fixed_domain,-1,True,True
noaa_2023.csv,2838,202311071547,2023,2023-11,outside_fixed_domain,-1,True,True
noaa_2023.csv,2839,202311071608,2023,2023-11,outside_fixed_domain,-1,True,True
noaa_2023.csv,2840,202311072255,2023,2023-11,outside_fixed_domain,-1,True,True
noaa_2023.csv,2841,202311072349,2023,2023-11,outside_fixed_domain,-1,True,True
noaa_2023.csv,2842,202311080050,2023,2023-11,outside_fixed_domain,-1,True,True
noaa_2023.csv,2843,202311080247,2023,2023-11,outside_fixed_domain,-1,True,False
noaa_2023.csv,2844,202311080300,2023,2023-11,outside_fixed_domain,-1,True,True
noaa_2023.csv,2845,202311080458,2023,2023-11,outside_fixed_domain,-1,True,True
noaa_2023.csv,2846,202311080611,2023,2023-11,outside_fixed_domain,-1,True,True
noaa_2023.csv,2847,202311080838,2023,2023-11,outside_fixed_domain,-1,True,True
noaa_2023.csv,2848,202311081439,2023,2023-11,outside_fixed_domain,-1,True,True
noaa_2023.csv,2849,202311082005,2023,2023-11,outside_fixed_domain,-1,True,False
noaa_2023.csv,2850,202311082019,2023,2023-11,outside_fixed_domain,-1,True,True
noaa_2023.csv,2851,202311091041,2023,2023-11,outside_fixed_domain,-1,True,False
noaa_2023.csv,2852,202311091053,2023,2023-11,outside_fixed_domain,-1,True,True
noaa_2023.csv,2853,202311101202,2023,2023-11,outside_fixed_domain,-1,True,True
noaa_2023.csv,2854,202311101555,2023,2023-11,outside_fixed_domain,-1,True,True
noaa_2023.csv,2855,202311110020,2023,2023-11,outside_fixed_domain,-1,True,True
noaa_2023.csv,2856,202311110252,2023,2023-11,outside_fixed_domain,-1,True,True
noaa_2023.csv,2857,202311110327,2023,2023-11,outside_fixed_domain,-1,True,True
noaa_2023.csv,2858,202311110351,2023,2023-11,outside_fixed_domain,-1,True,True
noaa_2023.csv,2859,202311110559,2023,2023-11,outside_fixed_domain,-1,True,True
noaa_2023.csv,2860,202311110729,2023,2023-11,outside_fixed_domain,-1,True,True
noaa_2023.csv,2861,202311110826,2023,2023-11,outside_fixed_domain,-1,True,True
noaa_2023.csv,2862,202311110910,2023,2023-11,outside_fixed_domain,-1,True,True
noaa_2023.csv,2863,202311111224,2023,2023-11,outside_fixed_domain,-1,True,True
noaa_2023.csv,2864,202311111604,2023,2023-11,outside_fixed_domain,-1,True,True
noaa_2023.csv,2865,202311111636,2023,2023-11,outside_fixed_domain,-1,True,True
noaa_2023.csv,2866,202311111701,2023,2023-11,selected_peak,0,True,True
noaa_2023.csv,2867,202311111819,2023,2023-11,outside_fixed_domain,-1,True,True
noaa_2023.csv,2868,202311112004,2023,2023-11,outside_fixed_domain,-1,True,True
noaa_2023.csv,2869,202311112350,2023,2023-11,outside_fixed_domain,-1,True,True
noaa_2023.csv,2870,202311120427,2023,2023-11,outside_fixed_domain,-1,True,True
noaa_2023.csv,2871,202311120930,2023,2023-11,outside_fixed_domain,-1,True,True
noaa_2023.csv,2872,202311121457,2023,2023-11,outside_fixed_domain,-1,True,True
noaa_2023.csv,2873,202311130016,2023,2023-11,outside_fixed_domain,-1,True,True
noaa_2023.csv,2874,202311130140,2023,2023-11,outside_fixed_domain,-1,True,True
noaa_2023.csv,2875,202311130803,2023,2023-11,outside_fixed_domain,-1,True,True
noaa_2023.csv,2876,202311130944,2023,2023-11,outside_fixed_domain,-1,True,True
noaa_2023.csv,2877,202311131319,2023,2023-11,outside_fixed_domain,-1,True,True
noaa_2023.csv,2878,202311131616,2023,2023-11,outside_fixed_domain,-1,True,True
noaa_2023.csv,2879,202311131806,2023,2023-11,outside_fixed_domain,-1,True,True
noaa_2023.csv,2880,202311132024,2023,2023-11,outside_fixed_domain,-1,True,False
noaa_2023.csv,2881,202311132041,2023,2023-11,outside_fixed_domain,-1,True,True
noaa_2023.csv,2882,202311132141,2023,2023-11,outside_fixed_domain,-1,True,False
noaa_2023.csv,2883,202311132200,2023,2023-11,outside_fixed_domain,-1,True,True
noaa_2023.csv,2884,202311140150,2023,2023-11,outside_fixed_domain,-1,True,True
noaa_2023.csv,2885,202311140331,2023,2023-11,outside_fixed_domain,-1,True,True
noaa_2023.csv,2886,202311140340,2023,2023-11,outside_fixed_domain,-1,True,True
noaa_2023.csv,2887,202311140418,2023,2023-11,outside_fixed_domain,-1,True,True
noaa_2023.csv,2888,202311140648,2023,2023-11,outside_fixed_domain,-1,True,True
noaa_2023.csv,2889,202311140850,2023,2023-11,outside_fixed_domain,-1,True,True
noaa_2023.csv,2890,202311141002,2023,2023-11,outside_fixed_domain,-1,True,True
noaa_2023.csv,2891,202311141103,2023,2023-11,outside_fixed_domain,-1,True,True
noaa_2023.csv,2892,202311141139,2023,2023-11,outside_fixed_domain,-1,True,True
noaa_2023.csv,2893,202311141214,2023,2023-11,outside_fixed_domain,-1,True,True
noaa_2023.csv,2894,202311141438,2023,2023-11,outside_fixed_domain,-1,True,False
noaa_2023.csv,2895,202311141447,2023,2023-11,outside_fixed_domain,-1,True,True
noaa_2023.csv,2896,202311141519,2023,2023-11,outside_fixed_domain,-1,True,True
noaa_2023.csv,2897,202311141704,2023,2023-11,outside_fixed_domain,-1,True,False
noaa_2023.csv,2898,202311141718,2023,2023-11,outside_fixed_domain,-1,True,True
noaa_2023.csv,2899,202311141752,2023,2023-11,outside_fixed_domain,-1,True,True
noaa_2023.csv,2900,202311141919,2023,2023-11,outside_fixed_domain,-1,True,True
noaa_2023.csv,2901,202311141943,2023,2023-11,outside_fixed_domain,-1,True,True
noaa_2023.csv,2902,202311142105,2023,2023-11,outside_fixed_domain,-1,True,True
noaa_2023.csv,2903,202311142121,2023,2023-11,outside_fixed_domain,-1,True,False
noaa_2023.csv,2904,202311142126,2023,2023-11,outside_fixed_domain,-1,True,True
noaa_2023.csv,2905,202311142208,2023,2023-11,outside_fixed_domain,-1,True,True
noaa_2023.csv,2906,202311142258,2023,2023-11,selected_peak,0,True,True
noaa_2023.csv,2907,202311150313,2023,2023-11,outside_fixed_domain,-1,True,True
noaa_2023.csv,2908,202311150338,2023,2023-11,outside_fixed_domain,-1,True,False
noaa_2023.csv,2909,202311150355,2023,2023-11,outside_fixed_domain,-1,True,True
noaa_2023.csv,2910,202311150421,2023,2023-11,outside_fixed_domain,-1,True,True
noaa_2023.csv,2911,202311150607,2023,2023-11,outside_fixed_domain,-1,True,True
noaa_2023.csv,2912,202311150956,2023,2023-11,outside_fixed_domain,-1,True,True
noaa_2023.csv,2913,202311151206,2023,2023-11,outside_fixed_domain,-1,True,True
noaa_2023.csv,2914,202311160419,2023,2023-11,outside_fixed_domain,-1,True,True
noaa_2023.csv,2915,202311162003,2023,2023-11,outside_fixed_domain,-1,True,True
noaa_2023.csv,2916,202311171002,2023,2023-11,outside_fixed_domain,-1,True,True
noaa_2023.csv,2917,202311171451,2023,2023-11,outside_fixed_domain,-1,True,True
noaa_2023.csv,2918,202311171746,2023,2023-11,outside_fixed_domain,-1,True,True
noaa_2023.csv,2919,202311180418,2023,2023-11,outside_fixed_domain,-1,True,True
noaa_2023.csv,2920,202311180537,2023,2023-11,selected_peak,0,True,True
noaa_2023.csv,2921,202311181034,2023,2023-11,outside_fixed_domain,-1,True,True
noaa_2023.csv,2922,202311181634,2023,2023-11,selected_peak,0,True,True
noaa_2023.csv,2923,202311181948,2023,2023-11,outside_fixed_domain,-1,True,True
noaa_2023.csv,2924,202311182152,2023,2023-11,outside_fixed_domain,-1,True,False
noaa_2023.csv,2925,202311182226,2023,2023-11,selected_peak,0,True,True
noaa_2023.csv,2926,202311190302,2023,2023-11,outside_fixed_domain,-1,True,True
noaa_2023.csv,2927,202311190446,2023,2023-11,outside_fixed_domain,-1,True,False
noaa_2023.csv,2928,202311190501,2023,2023-11,outside_fixed_domain,-1,True,True
noaa_2023.csv,2929,202311190636,2023,2023-11,outside_fixed_domain,-1,True,False
noaa_2023.csv,2930,202311190655,2023,2023-11,outside_fixed_domain,-1,True,True
noaa_2023.csv,2931,202311190825,2023,2023-11,outside_fixed_domain,-1,True,True
noaa_2023.csv,2932,202311191107,2023,2023-11,outside_fixed_domain,-1,True,True
noaa_2023.csv,2933,202311191514,2023,2023-11,outside_fixed_domain,-1,True,True
noaa_2023.csv,2934,202311192037,2023,2023-11,outside_fixed_domain,-1,True,True
noaa_2023.csv,2935,202311192313,2023,2023-11,outside_fixed_domain,-1,True,True
noaa_2023.csv,2936,202311200308,2023,2023-11,outside_fixed_domain,-1,True,True
noaa_2023.csv,2937,202311200703,2023,2023-11,outside_fixed_domain,-1,True,True
noaa_2023.csv,2938,202311200720,2023,2023-11,outside_fixed_domain,-1,True,False
noaa_2023.csv,2939,202311200736,2023,2023-11,outside_fixed_domain,-1,True,True
noaa_2023.csv,2940,202311200830,2023,2023-11,outside_fixed_domain,-1,True,True
noaa_2023.csv,2941,202311200854,2023,2023-11,selected_peak,0,True,True
noaa_2023.csv,2942,202311200918,2023,2023-11,outside_fixed_domain,-1,True,True
noaa_2023.csv,2943,202311201009,2023,2023-11,outside_fixed_domain,-1,True,True
noaa_2023.csv,2944,202311201223,2023,2023-11,outside_fixed_domain,-1,True,True
noaa_2023.csv,2945,202311201302,2023,2023-11,outside_fixed_domain,-1,True,True
noaa_2023.csv,2946,202311201358,2023,2023-11,outside_fixed_domain,-1,True,True
noaa_2023.csv,2947,202311201620,2023,2023-11,outside_fixed_domain,-1,True,True
noaa_2023.csv,2948,202311202047,2023,2023-11,outside_fixed_domain,-1,True,False
noaa_2023.csv,2949,202311202103,2023,2023-11,outside_fixed_domain,-1,True,True
noaa_2023.csv,2950,202311202335,2023,2023-11,outside_fixed_domain,-1,True,True
noaa_2023.csv,2951,202311210107,2023,2023-11,outside_fixed_domain,-1,True,True
noaa_2023.csv,2952,202311210337,2023,2023-11,outside_fixed_domain,-1,True,True
noaa_2023.csv,2953,202311210529,2023,2023-11,outside_fixed_domain,-1,True,True
noaa_2023.csv,2954,202311210706,2023,2023-11,outside_fixed_domain,-1,True,True
noaa_2023.csv,2955,202311211106,2023,2023-11,outside_fixed_domain,-1,True,True
noaa_2023.csv,2956,202311211331,2023,2023-11,outside_fixed_domain,-1,True,True
noaa_2023.csv,2957,202311211348,2023,2023-11,outside_fixed_domain,-1,True,True
noaa_2023.csv,2958,202311211431,2023,2023-11,outside_fixed_domain,-1,True,True
noaa_2023.csv,2959,202311211613,2023,2023-11,outside_fixed_domain,-1,True,True
noaa_2023.csv,2960,202311212231,2023,2023-11,outside_fixed_domain,-1,True,True
noaa_2023.csv,2961,202311212312,2023,2023-11,outside_fixed_domain,-1,True,False
noaa_2023.csv,2962,202311212322,2023,2023-11,outside_fixed_domain,-1,True,False
noaa_2023.csv,2963,202311212333,2023,2023-11,outside_fixed_domain,-1,True,True
noaa_2023.csv,2964,202311220104,2023,2023-11,outside_fixed_domain,-1,True,True
noaa_2023.csv,2965,202311220617,2023,2023-11,outside_fixed_domain,-1,True,True
noaa_2023.csv,2966,202311222354,2023,2023-11,outside_fixed_domain,-1,True,True
noaa_2023.csv,2967,202311230259,2023,2023-11,selected_peak,0,True,True
noaa_2023.csv,2968,202311230537,2023,2023-11,outside_fixed_domain,-1,True,True
noaa_2023.csv,2969,202311230706,2023,2023-11,outside_fixed_domain,-1,True,True
noaa_2023.csv,2970,202311231235,2023,2023-11,outside_fixed_domain,-1,True,False
noaa_2023.csv,2971,202311231258,2023,2023-11,outside_fixed_domain,-1,True,True
noaa_2023.csv,2972,202311231425,2023,2023-11,selected_peak,0,True,True
noaa_2023.csv,2973,202311231515,2023,2023-11,outside_fixed_domain,-1,True,True
noaa_2023.csv,2974,202311231532,2023,2023-11,outside_fixed_domain,-1,True,True
noaa_2023.csv,2975,202311231819,2023,2023-11,outside_fixed_domain,-1,True,False
noaa_2023.csv,2976,202311231834,2023,2023-11,outside_fixed_domain,-1,True,True
noaa_2023.csv,2977,202311232034,2023,2023-11,outside_fixed_domain,-1,True,True
noaa_2023.csv,2978,202311232057,2023,2023-11,outside_fixed_domain,-1,True,True
noaa_2023.csv,2979,202311240110,2023,2023-11,outside_fixed_domain,-1,True,True
noaa_2023.csv,2980,202311240301,2023,2023-11,outside_fixed_domain,-1,True,True
noaa_2023.csv,2981,202311240531,2023,2023-11,outside_fixed_domain,-1,True,True
noaa_2023.csv,2982,202311240700,2023,2023-11,outside_fixed_domain,-1,True,True
noaa_2023.csv,2983,202311240917,2023,2023-11,selected_peak,0,True,True
noaa_2023.csv,2984,202311241011,2023,2023-11,outside_fixed_domain,-1,True,True
noaa_2023.csv,2985,202311241034,2023,2023-11,outside_fixed_domain,-1,True,True
noaa_2023.csv,2986,202311242202,2023,2023-11,outside_fixed_domain,-1,True,True
noaa_2023.csv,2987,202311250913,2023,2023-11,outside_fixed_domain,-1,True,True
noaa_2023.csv,2988,202311251704,2023,2023-11,outside_fixed_domain,-1,True,True
noaa_2023.csv,2989,202311260317,2023,2023-11,outside_fixed_domain,-1,True,True
noaa_2023.csv,2990,202311260738,2023,2023-11,outside_fixed_domain,-1,True,True
noaa_2023.csv,2991,202311261252,2023,2023-11,outside_fixed_domain,-1,True,True
noaa_2023.csv,2992,202311261544,2023,2023-11,outside_fixed_domain,-1,True,True
noaa_2023.csv,2993,202311261600,2023,2023-11,outside_fixed_domain,-1,True,True
noaa_2023.csv,2994,202311270416,2023,2023-11,outside_fixed_domain,-1,True,True
noaa_2023.csv,2995,202311270803,2023,2023-11,outside_fixed_domain,-1,True,True
noaa_2023.csv,2996,202311271820,2023,2023-11,outside_fixed_domain,-1,True,False
noaa_2023.csv,2997,202311271840,2023,2023-11,outside_fixed_domain,-1,True,True
noaa_2023.csv,2998,202311272313,2023,2023-11,outside_fixed_domain,-1,True,True
noaa_2023.csv,2999,202311280438,2023,2023-11,outside_fixed_domain,-1,True,True
noaa_2023.csv,3000,202311281745,2023,2023-11,outside_fixed_domain,-1,True,True
noaa_2023.csv,3001,202311281907,2023,2023-11,selected_peak,2,True,False
noaa_2023.csv,3002,202311281935,2023,2023-11,selected_peak,3,True,True
noaa_2023.csv,3003,202311282321,2023,2023-11,outside_fixed_domain,-1,True,True
noaa_2023.csv,3004,202311290432,2023,2023-11,outside_fixed_domain,-1,True,True
noaa_2023.csv,3005,202311290750,2023,2023-11,outside_fixed_domain,-1,True,True
noaa_2023.csv,3006,202311291126,2023,2023-11,outside_fixed_domain,-1,True,True
noaa_2023.csv,3007,202311291314,2023,2023-11,outside_fixed_domain,-1,True,True
noaa_2023.csv,3008,202311291427,2023,2023-11,outside_fixed_domain,-1,True,True
noaa_2023.csv,3009,202311291512,2023,2023-11,outside_fixed_domain,-1,True,False
noaa_2023.csv,3010,202311291553,2023,2023-11,outside_fixed_domain,-1,True,False
noaa_2023.csv,3011,202311291605,2023,2023-11,outside_fixed_domain,-1,True,True
noaa_2023.csv,3012,202311292108,2023,2023-11,outside_fixed_domain,-1,True,True
noaa_2023.csv,3013,202311292235,2023,2023-11,outside_fixed_domain,-1,True,True
noaa_2023.csv,3014,202311300412,2023,2023-11,outside_fixed_domain,-1,True,True
noaa_2023.csv,3015,202311301540,2023,2023-11,outside_fixed_domain,-1,True,True
noaa_2023.csv,3016,202311301755,2023,2023-11,outside_fixed_domain,-1,True,True
noaa_2023.csv,3017,202311301916,2023,2023-11,outside_fixed_domain,-1,True,False
noaa_2023.csv,3018,202311301937,2023,2023-11,outside_fixed_domain,-1,True,True
noaa_2023.csv,3019,202311302223,2023,2023-11,outside_fixed_domain,-1,True,True
noaa_2023.csv,3020,202311302237,2023,2023-11,outside_fixed_domain,-1,True,True
noaa_2023.csv,3021,202312010250,2023,2023-12,outside_fixed_domain,-1,True,True
noaa_2023.csv,3022,202312010412,2023,2023-12,selected_peak,0,True,True
noaa_2023.csv,3023,202312010934,2023,2023-12,outside_fixed_domain,-1,True,True
noaa_2023.csv,3024,202312010958,2023,2023-12,outside_fixed_domain,-1,True,True
noaa_2023.csv,3025,202312011148,2023,2023-12,outside_fixed_domain,-1,True,True
noaa_2023.csv,3026,202312011309,2023,2023-12,outside_fixed_domain,-1,True,False
noaa_2023.csv,3027,202312011323,2023,2023-12,outside_fixed_domain,-1,True,True
noaa_2023.csv,3028,202312011916,2023,2023-12,outside_fixed_domain,-1,True,True
noaa_2023.csv,3029,202312012055,2023,2023-12,selected_peak,0,True,True
noaa_2023.csv,3030,202312020140,2023,2023-12,outside_fixed_domain,-1,True,True
noaa_2023.csv,3031,202312020219,2023,2023-12,outside_fixed_domain,-1,True,True
noaa_2023.csv,3032,202312020334,2023,2023-12,outside_fixed_domain,-1,True,True
noaa_2023.csv,3033,202312020435,2023,2023-12,outside_fixed_domain,-1,True,True
noaa_2023.csv,3034,202312020653,2023,2023-12,outside_fixed_domain,-1,True,False
noaa_2023.csv,3035,202312020717,2023,2023-12,outside_fixed_domain,-1,True,True
noaa_2023.csv,3036,202312020928,2023,2023-12,outside_fixed_domain,-1,True,True
noaa_2023.csv,3037,202312021621,2023,2023-12,outside_fixed_domain,-1,True,True
noaa_2023.csv,3038,202312022112,2023,2023-12,outside_fixed_domain,-1,True,True
noaa_2023.csv,3039,202312030754,2023,2023-12,outside_fixed_domain,-1,True,True
noaa_2023.csv,3040,202312031418,2023,2023-12,outside_fixed_domain,-1,True,True
noaa_2023.csv,3041,202312031948,2023,2023-12,outside_fixed_domain,-1,True,True
noaa_2023.csv,3042,202312032226,2023,2023-12,outside_fixed_domain,-1,True,True
noaa_2023.csv,3043,202312040055,2023,2023-12,outside_fixed_domain,-1,True,True
noaa_2023.csv,3044,202312040122,2023,2023-12,outside_fixed_domain,-1,True,True
noaa_2023.csv,3045,202312040244,2023,2023-12,outside_fixed_domain,-1,True,True
noaa_2023.csv,3046,202312040410,2023,2023-12,outside_fixed_domain,-1,True,True
noaa_2023.csv,3047,202312040911,2023,2023-12,outside_fixed_domain,-1,True,True
noaa_2023.csv,3048,202312041504,2023,2023-12,outside_fixed_domain,-1,True,True
noaa_2023.csv,3049,202312042314,2023,2023-12,outside_fixed_domain,-1,True,True
noaa_2023.csv,3050,202312042328,2023,2023-12,outside_fixed_domain,-1,True,True
noaa_2023.csv,3051,202312042351,2023,2023-12,outside_fixed_domain,-1,True,True
noaa_2023.csv,3052,202312050134,2023,2023-12,outside_fixed_domain,-1,True,True
noaa_2023.csv,3053,202312050142,2023,2023-12,outside_fixed_domain,-1,True,True
noaa_2023.csv,3054,202312050318,2023,2023-12,outside_fixed_domain,-1,True,True
noaa_2023.csv,3055,202312050354,2023,2023-12,outside_fixed_domain,-1,True,False
noaa_2023.csv,3056,202312050403,2023,2023-12,outside_fixed_domain,-1,True,False
noaa_2023.csv,3057,202312050424,2023,2023-12,outside_fixed_domain,-1,True,True
noaa_2023.csv,3058,202312050639,2023,2023-12,selected_peak,0,True,True
noaa_2023.csv,3059,202312050854,2023,2023-12,outside_fixed_domain,-1,True,True
noaa_2023.csv,3060,202312050929,2023,2023-12,outside_fixed_domain,-1,True,True
noaa_2023.csv,3061,202312051003,2023,2023-12,outside_fixed_domain,-1,True,True
noaa_2023.csv,3062,202312051040,2023,2023-12,outside_fixed_domain,-1,True,False
noaa_2023.csv,3063,202312051100,2023,2023-12,outside_fixed_domain,-1,True,True
noaa_2023.csv,3064,202312051147,2023,2023-12,outside_fixed_domain,-1,True,False
noaa_2023.csv,3065,202312051207,2023,2023-12,outside_fixed_domain,-1,True,True
noaa_2023.csv,3066,202312051327,2023,2023-12,outside_fixed_domain,-1,True,False
noaa_2023.csv,3067,202312051345,2023,2023-12,outside_fixed_domain,-1,True,True
noaa_2023.csv,3068,202312051521,2023,2023-12,outside_fixed_domain,-1,True,False
noaa_2023.csv,3069,202312051535,2023,2023-12,outside_fixed_domain,-1,True,True
noaa_2023.csv,3070,202312051657,2023,2023-12,outside_fixed_domain,-1,True,False
noaa_2023.csv,3071,202312051713,2023,2023-12,outside_fixed_domain,-1,True,True
noaa_2023.csv,3072,202312051743,2023,2023-12,outside_fixed_domain,-1,True,True
noaa_2023.csv,3073,202312051907,2023,2023-12,outside_fixed_domain,-1,True,True
noaa_2023.csv,3074,202312052032,2023,2023-12,outside_fixed_domain,-1,True,True
noaa_2023.csv,3075,202312052059,2023,2023-12,selected_peak,0,True,True
noaa_2023.csv,3076,202312052117,2023,2023-12,selected_peak,0,True,True
noaa_2023.csv,3077,202312052254,2023,2023-12,outside_fixed_domain,-1,True,True
noaa_2023.csv,3078,202312052319,2023,2023-12,outside_fixed_domain,-1,True,True
noaa_2023.csv,3079,202312060053,2023,2023-12,outside_fixed_domain,-1,True,True
noaa_2023.csv,3080,202312060245,2023,2023-12,outside_fixed_domain,-1,True,True
noaa_2023.csv,3081,202312060449,2023,2023-12,outside_fixed_domain,-1,True,True
noaa_2023.csv,3082,202312060530,2023,2023-12,selected_peak,1,True,True
noaa_2023.csv,3083,202312060807,2023,2023-12,outside_fixed_domain,-1,True,True
noaa_2023.csv,3084,202312061132,2023,2023-12,outside_fixed_domain,-1,True,True
noaa_2023.csv,3085,202312061239,2023,2023-12,outside_fixed_domain,-1,True,True
noaa_2023.csv,3086,202312061318,2023,2023-12,outside_fixed_domain,-1,True,True
noaa_2023.csv,3087,202312061346,2023,2023-12,outside_fixed_domain,-1,True,True
noaa_2023.csv,3088,202312061517,2023,2023-12,outside_fixed_domain,-1,True,False
noaa_2023.csv,3089,202312061527,2023,2023-12,outside_fixed_domain,-1,True,True
noaa_2023.csv,3090,202312061600,2023,2023-12,outside_fixed_domain,-1,True,True
noaa_2023.csv,3091,202312061704,2023,2023-12,outside_fixed_domain,-1,True,True
noaa_2023.csv,3092,202312061847,2023,2023-12,outside_fixed_domain,-1,True,True
noaa_2023.csv,3093,202312062126,2023,2023-12,selected_peak,1,True,True
noaa_2023.csv,3094,202312062250,2023,2023-12,outside_fixed_domain,-1,True,True
noaa_2023.csv,3095,202312070341,2023,2023-12,outside_fixed_domain,-1,True,False
noaa_2023.csv,3096,202312070353,2023,2023-12,outside_fixed_domain,-1,True,True
noaa_2023.csv,3097,202312070612,2023,2023-12,outside_fixed_domain,-1,True,True
noaa_2023.csv,3098,202312071031,2023,2023-12,outside_fixed_domain,-1,True,True
noaa_2023.csv,3099,202312071115,2023,2023-12,outside_fixed_domain,-1,True,True
noaa_2023.csv,3100,202312071206,2023,2023-12,outside_fixed_domain,-1,True,True
noaa_2023.csv,3101,202312071234,2023,2023-12,outside_fixed_domain,-1,True,True
noaa_2023.csv,3102,202312071801,2023,2023-12,outside_fixed_domain,-1,True,True
noaa_2023.csv,3103,202312072046,2023,2023-12,outside_fixed_domain,-1,True,True
noaa_2023.csv,3104,202312072221,2023,2023-12,outside_fixed_domain,-1,True,True
noaa_2023.csv,3105,202312080010,2023,2023-12,outside_fixed_domain,-1,True,True
noaa_2023.csv,3106,202312080100,2023,2023-12,outside_fixed_domain,-1,True,True
noaa_2023.csv,3107,202312080412,2023,2023-12,outside_fixed_domain,-1,True,True
noaa_2023.csv,3108,202312080559,2023,2023-12,outside_fixed_domain,-1,True,False
noaa_2023.csv,3109,202312080615,2023,2023-12,outside_fixed_domain,-1,True,True
noaa_2023.csv,3110,202312080810,2023,2023-12,outside_fixed_domain,-1,True,True
noaa_2023.csv,3111,202312080835,2023,2023-12,outside_fixed_domain,-1,True,True
noaa_2023.csv,3112,202312081106,2023,2023-12,outside_fixed_domain,-1,True,True
noaa_2023.csv,3113,202312081321,2023,2023-12,outside_fixed_domain,-1,True,True
noaa_2023.csv,3114,202312081411,2023,2023-12,outside_fixed_domain,-1,True,True
noaa_2023.csv,3115,202312081534,2023,2023-12,outside_fixed_domain,-1,True,True
noaa_2023.csv,3116,202312081715,2023,2023-12,outside_fixed_domain,-1,True,False
noaa_2023.csv,3117,202312081735,2023,2023-12,outside_fixed_domain,-1,True,True
noaa_2023.csv,3118,202312082256,2023,2023-12,selected_peak,2,True,True
noaa_2023.csv,3119,202312090145,2023,2023-12,outside_fixed_domain,-1,True,True
noaa_2023.csv,3120,202312090230,2023,2023-12,outside_fixed_domain,-1,True,True
noaa_2023.csv,3121,202312090402,2023,2023-12,outside_fixed_domain,-1,True,False
noaa_2023.csv,3122,202312090413,2023,2023-12,outside_fixed_domain,-1,True,True
noaa_2023.csv,3123,202312090504,2023,2023-12,outside_fixed_domain,-1,True,True
noaa_2023.csv,3124,202312090635,2023,2023-12,outside_fixed_domain,-1,True,False
noaa_2023.csv,3125,202312090651,2023,2023-12,outside_fixed_domain,-1,True,True
noaa_2023.csv,3126,202312090823,2023,2023-12,outside_fixed_domain,-1,True,False
noaa_2023.csv,3127,202312090834,2023,2023-12,outside_fixed_domain,-1,True,False
noaa_2023.csv,3128,202312090844,2023,2023-12,outside_fixed_domain,-1,True,True
noaa_2023.csv,3129,202312090941,2023,2023-12,selected_peak,0,True,True
noaa_2023.csv,3130,202312091042,2023,2023-12,outside_fixed_domain,-1,True,True
noaa_2023.csv,3131,202312091303,2023,2023-12,selected_peak,0,True,True
noaa_2023.csv,3132,202312091544,2023,2023-12,outside_fixed_domain,-1,True,True
noaa_2023.csv,3133,202312091722,2023,2023-12,outside_fixed_domain,-1,True,True
noaa_2023.csv,3134,202312091801,2023,2023-12,outside_fixed_domain,-1,True,True
noaa_2023.csv,3135,202312091916,2023,2023-12,outside_fixed_domain,-1,True,False
noaa_2023.csv,3136,202312091925,2023,2023-12,outside_fixed_domain,-1,True,True
noaa_2023.csv,3137,202312092346,2023,2023-12,outside_fixed_domain,-1,True,True
noaa_2023.csv,3138,202312100157,2023,2023-12,outside_fixed_domain,-1,True,True
noaa_2023.csv,3139,202312100254,2023,2023-12,outside_fixed_domain,-1,True,True
noaa_2023.csv,3140,202312100342,2023,2023-12,selected_peak,1,True,True
noaa_2023.csv,3141,202312100436,2023,2023-12,outside_fixed_domain,-1,True,True
noaa_2023.csv,3142,202312100601,2023,2023-12,outside_fixed_domain,-1,True,True
noaa_2023.csv,3143,202312100702,2023,2023-12,outside_fixed_domain,-1,True,True
noaa_2023.csv,3144,202312100748,2023,2023-12,outside_fixed_domain,-1,True,True
noaa_2023.csv,3145,202312100810,2023,2023-12,outside_fixed_domain,-1,True,True
noaa_2023.csv,3146,202312101031,2023,2023-12,outside_fixed_domain,-1,True,True
noaa_2023.csv,3147,202312101141,2023,2023-12,outside_fixed_domain,-1,True,True
noaa_2023.csv,3148,202312101419,2023,2023-12,outside_fixed_domain,-1,True,True
noaa_2023.csv,3149,202312101622,2023,2023-12,outside_fixed_domain,-1,True,True
noaa_2023.csv,3150,202312102037,2023,2023-12,outside_fixed_domain,-1,True,True
noaa_2023.csv,3151,202312102217,2023,2023-12,outside_fixed_domain,-1,True,False
noaa_2023.csv,3152,202312102228,2023,2023-12,outside_fixed_domain,-1,True,False
noaa_2023.csv,3153,202312102237,2023,2023-12,selected_peak,0,True,True
noaa_2023.csv,3154,202312102356,2023,2023-12,outside_fixed_domain,-1,True,True
noaa_2023.csv,3155,202312110016,2023,2023-12,outside_fixed_domain,-1,True,True
noaa_2023.csv,3156,202312110201,2023,2023-12,outside_fixed_domain,-1,True,True
noaa_2023.csv,3157,202312110322,2023,2023-12,outside_fixed_domain,-1,True,True
noaa_2023.csv,3158,202312110427,2023,2023-12,outside_fixed_domain,-1,True,True
noaa_2023.csv,3159,202312110439,2023,2023-12,outside_fixed_domain,-1,True,True
noaa_2023.csv,3160,202312110815,2023,2023-12,outside_fixed_domain,-1,True,True
noaa_2023.csv,3161,202312110842,2023,2023-12,outside_fixed_domain,-1,True,True
noaa_2023.csv,3162,202312110943,2023,2023-12,outside_fixed_domain,-1,True,True
noaa_2023.csv,3163,202312111054,2023,2023-12,outside_fixed_domain,-1,True,True
noaa_2023.csv,3164,202312111224,2023,2023-12,outside_fixed_domain,-1,True,True
noaa_2023.csv,3165,202312111241,2023,2023-12,outside_fixed_domain,-1,True,True
noaa_2023.csv,3166,202312111305,2023,2023-12,outside_fixed_domain,-1,True,True
noaa_2023.csv,3167,202312111338,2023,2023-12,outside_fixed_domain,-1,True,True
noaa_2023.csv,3168,202312111503,2023,2023-12,outside_fixed_domain,-1,True,False
noaa_2023.csv,3169,202312111521,2023,2023-12,outside_fixed_domain,-1,True,True
noaa_2023.csv,3170,202312111956,2023,2023-12,outside_fixed_domain,-1,True,True
noaa_2023.csv,3171,202312112152,2023,2023-12,outside_fixed_domain,-1,True,True
noaa_2023.csv,3172,202312120002,2023,2023-12,outside_fixed_domain,-1,True,True
noaa_2023.csv,3173,202312120327,2023,2023-12,outside_fixed_domain,-1,True,True
noaa_2023.csv,3174,202312120945,2023,2023-12,outside_fixed_domain,-1,True,True
noaa_2023.csv,3175,202312121233,2023,2023-12,outside_fixed_domain,-1,True,True
noaa_2023.csv,3176,202312121330,2023,2023-12,outside_fixed_domain,-1,True,True
noaa_2023.csv,3177,202312121421,2023,2023-12,outside_fixed_domain,-1,True,True
noaa_2023.csv,3178,202312121908,2023,2023-12,outside_fixed_domain,-1,True,True
noaa_2023.csv,3179,202312130645,2023,2023-12,outside_fixed_domain,-1,True,True
noaa_2023.csv,3180,202312131124,2023,2023-12,outside_fixed_domain,-1,True,True
noaa_2023.csv,3181,202312131446,2023,2023-12,outside_fixed_domain,-1,True,True
noaa_2023.csv,3182,202312131813,2023,2023-12,outside_fixed_domain,-1,True,True
noaa_2023.csv,3183,202312140220,2023,2023-12,outside_fixed_domain,-1,True,True
noaa_2023.csv,3184,202312140402,2023,2023-12,outside_fixed_domain,-1,True,True
noaa_2023.csv,3185,202312140448,2023,2023-12,outside_fixed_domain,-1,True,True
noaa_2023.csv,3186,202312140547,2023,2023-12,outside_fixed_domain,-1,True,True
noaa_2023.csv,3187,202312140622,2023,2023-12,outside_fixed_domain,-1,True,True
noaa_2023.csv,3188,202312140711,2023,2023-12,selected_peak,3,True,True
noaa_2023.csv,3189,202312141225,2023,2023-12,outside_fixed_domain,-1,True,True
noaa_2023.csv,3190,202312141329,2023,2023-12,selected_peak,1,True,True
noaa_2023.csv,3191,202312141635,2023,2023-12,outside_fixed_domain,-1,True,False
noaa_2023.csv,3192,202312141642,2023,2023-12,outside_fixed_domain,-1,True,False
noaa_2023.csv,3193,202312141647,2023,2023-12,selected_peak,4,True,True
noaa_2023.csv,3194,202312142331,2023,2023-12,outside_fixed_domain,-1,True,True
noaa_2023.csv,3195,202312150047,2023,2023-12,outside_fixed_domain,-1,True,True
noaa_2023.csv,3196,202312150320,2023,2023-12,outside_fixed_domain,-1,True,True
noaa_2023.csv,3197,202312150339,2023,2023-12,outside_fixed_domain,-1,True,True
noaa_2023.csv,3198,202312150520,2023,2023-12,outside_fixed_domain,-1,True,True
noaa_2023.csv,3199,202312150543,2023,2023-12,outside_fixed_domain,-1,True,True
noaa_2023.csv,3200,202312150703,2023,2023-12,selected_peak,3,True,False
noaa_2023.csv,3201,202312150723,2023,2023-12,selected_peak,3,True,True
noaa_2023.csv,3202,202312151129,2023,2023-12,outside_fixed_domain,-1,True,True
noaa_2023.csv,3203,202312151229,2023,2023-12,outside_fixed_domain,-1,True,True
noaa_2023.csv,3204,202312151936,2023,2023-12,outside_fixed_domain,-1,True,True
noaa_2023.csv,3205,202312152112,2023,2023-12,outside_fixed_domain,-1,True,False
noaa_2023.csv,3206,202312152138,2023,2023-12,outside_fixed_domain,-1,True,True
noaa_2023.csv,3207,202312152243,2023,2023-12,outside_fixed_domain,-1,True,True
noaa_2023.csv,3208,202312152334,2023,2023-12,outside_fixed_domain,-1,True,True
noaa_2023.csv,3209,202312160005,2023,2023-12,outside_fixed_domain,-1,True,True
noaa_2023.csv,3210,202312160203,2023,2023-12,outside_fixed_domain,-1,True,True
noaa_2023.csv,3211,202312160233,2023,2023-12,outside_fixed_domain,-1,True,False
noaa_2023.csv,3212,202312160256,2023,2023-12,outside_fixed_domain,-1,True,True
noaa_2023.csv,3213,202312160534,2023,2023-12,outside_fixed_domain,-1,True,True
noaa_2023.csv,3214,202312160641,2023,2023-12,outside_fixed_domain,-1,True,True
noaa_2023.csv,3215,202312160901,2023,2023-12,outside_fixed_domain,-1,True,True
noaa_2023.csv,3216,202312161100,2023,2023-12,outside_fixed_domain,-1,True,True
noaa_2023.csv,3217,202312161124,2023,2023-12,outside_fixed_domain,-1,True,True
noaa_2023.csv,3218,202312161226,2023,2023-12,outside_fixed_domain,-1,True,True
noaa_2023.csv,3219,202312161303,2023,2023-12,outside_fixed_domain,-1,True,False
noaa_2023.csv,3220,202312161319,2023,2023-12,outside_fixed_domain,-1,True,False
noaa_2023.csv,3221,202312161412,2023,2023-12,outside_fixed_domain,-1,True,True
noaa_2023.csv,3222,202312161739,2023,2023-12,outside_fixed_domain,-1,True,True
noaa_2023.csv,3223,202312161942,2023,2023-12,outside_fixed_domain,-1,True,True
noaa_2023.csv,3224,202312170437,2023,2023-12,outside_fixed_domain,-1,True,True
noaa_2023.csv,3225,202312170631,2023,2023-12,outside_fixed_domain,-1,True,False
noaa_2023.csv,3226,202312170637,2023,2023-12,outside_fixed_domain,-1,True,True
noaa_2023.csv,3227,202312171019,2023,2023-12,outside_fixed_domain,-1,True,True
noaa_2023.csv,3228,202312171801,2023,2023-12,outside_fixed_domain,-1,True,True
noaa_2023.csv,3229,202312172008,2023,2023-12,selected_peak,0,True,True
noaa_2023.csv,3230,202312172123,2023,2023-12,outside_fixed_domain,-1,True,True
noaa_2023.csv,3231,202312180023,2023,2023-12,outside_fixed_domain,-1,True,True
noaa_2023.csv,3232,202312180123,2023,2023-12,outside_fixed_domain,-1,True,True
noaa_2023.csv,3233,202312180244,2023,2023-12,outside_fixed_domain,-1,True,True
noaa_2023.csv,3234,202312180335,2023,2023-12,outside_fixed_domain,-1,True,True
noaa_2023.csv,3235,202312180357,2023,2023-12,outside_fixed_domain,-1,True,True
noaa_2023.csv,3236,202312181413,2023,2023-12,outside_fixed_domain,-1,True,True
noaa_2023.csv,3237,202312181506,2023,2023-12,outside_fixed_domain,-1,True,True
noaa_2023.csv,3238,202312181915,2023,2023-12,outside_fixed_domain,-1,True,True
noaa_2023.csv,3239,202312182027,2023,2023-12,outside_fixed_domain,-1,True,True
noaa_2023.csv,3240,202312190242,2023,2023-12,outside_fixed_domain,-1,True,False
noaa_2023.csv,3241,202312190256,2023,2023-12,outside_fixed_domain,-1,True,True
noaa_2023.csv,3242,202312190620,2023,2023-12,outside_fixed_domain,-1,True,True
noaa_2023.csv,3243,202312191513,2023,2023-12,outside_fixed_domain,-1,True,True
noaa_2023.csv,3244,202312191735,2023,2023-12,outside_fixed_domain,-1,True,True
noaa_2023.csv,3245,202312200544,2023,2023-12,outside_fixed_domain,-1,True,False
noaa_2023.csv,3246,202312200556,2023,2023-12,outside_fixed_domain,-1,True,True
noaa_2023.csv,3247,202312200844,2023,2023-12,outside_fixed_domain,-1,True,True
noaa_2023.csv,3248,202312200923,2023,2023-12,outside_fixed_domain,-1,True,True
noaa_2023.csv,3249,202312201433,2023,2023-12,outside_fixed_domain,-1,True,True
noaa_2023.csv,3250,202312201624,2023,2023-12,outside_fixed_domain,-1,True,True
noaa_2023.csv,3251,202312201709,2023,2023-12,outside_fixed_domain,-1,True,True
noaa_2023.csv,3252,202312201839,2023,2023-12,outside_fixed_domain,-1,True,True
noaa_2023.csv,3253,202312202012,2023,2023-12,outside_fixed_domain,-1,True,True
noaa_2023.csv,3254,202312202053,2023,2023-12,outside_fixed_domain,-1,True,True
noaa_2023.csv,3255,202312202134,2023,2023-12,outside_fixed_domain,-1,True,True
noaa_2023.csv,3256,202312210001,2023,2023-12,outside_fixed_domain,-1,True,True
noaa_2023.csv,3257,202312210214,2023,2023-12,outside_fixed_domain,-1,True,True
noaa_2023.csv,3258,202312210519,2023,2023-12,selected_peak,2,True,True
noaa_2023.csv,3259,202312211004,2023,2023-12,outside_fixed_domain,-1,True,False
noaa_2023.csv,3260,202312211015,2023,2023-12,outside_fixed_domain,-1,True,True
noaa_2023.csv,3261,202312211216,2023,2023-12,outside_fixed_domain,-1,True,True
noaa_2023.csv,3262,202312211616,2023,2023-12,outside_fixed_domain,-1,True,True
noaa_2023.csv,3263,202312211752,2023,2023-12,outside_fixed_domain,-1,True,True
noaa_2023.csv,3264,202312211903,2023,2023-12,outside_fixed_domain,-1,True,True
noaa_2023.csv,3265,202312212003,2023,2023-12,outside_fixed_domain,-1,True,False
noaa_2023.csv,3266,202312212022,2023,2023-12,outside_fixed_domain,-1,True,True
noaa_2023.csv,3267,202312212113,2023,2023-12,outside_fixed_domain,-1,True,True
noaa_2023.csv,3268,202312212342,2023,2023-12,selected_peak,2,True,True
noaa_2023.csv,3269,202312220057,2023,2023-12,outside_fixed_domain,-1,True,True
noaa_2023.csv,3270,202312220446,2023,2023-12,outside_fixed_domain,-1,True,True
noaa_2023.csv,3271,202312220919,2023,2023-12,outside_fixed_domain,-1,True,True
noaa_2023.csv,3272,202312221306,2023,2023-12,outside_fixed_domain,-1,True,True
noaa_2023.csv,3273,202312222158,2023,2023-12,outside_fixed_domain,-1,True,True
noaa_2023.csv,3274,202312230905,2023,2023-12,outside_fixed_domain,-1,True,True
noaa_2023.csv,3275,202312230930,2023,2023-12,outside_fixed_domain,-1,True,True
noaa_2023.csv,3276,202312231426,2023,2023-12,outside_fixed_domain,-1,True,True
noaa_2023.csv,3277,202312231727,2023,2023-12,outside_fixed_domain,-1,True,True
noaa_2023.csv,3278,202312240228,2023,2023-12,outside_fixed_domain,-1,True,True
noaa_2023.csv,3279,202312240726,2023,2023-12,outside_fixed_domain,-1,True,False
noaa_2023.csv,3280,202312240737,2023,2023-12,outside_fixed_domain,-1,True,True
noaa_2023.csv,3281,202312240806,2023,2023-12,outside_fixed_domain,-1,True,True
noaa_2023.csv,3282,202312240856,2023,2023-12,outside_fixed_domain,-1,True,False
noaa_2023.csv,3283,202312240911,2023,2023-12,outside_fixed_domain,-1,True,True
noaa_2023.csv,3284,202312241043,2023,2023-12,outside_fixed_domain,-1,True,True
noaa_2023.csv,3285,202312241109,2023,2023-12,selected_peak,1,True,True
noaa_2023.csv,3286,202312241637,2023,2023-12,selected_peak,1,True,True
noaa_2023.csv,3287,202312241921,2023,2023-12,selected_peak,0,True,True
noaa_2023.csv,3288,202312242328,2023,2023-12,outside_fixed_domain,-1,True,True
noaa_2023.csv,3289,202312250053,2023,2023-12,outside_fixed_domain,-1,True,True
noaa_2023.csv,3290,202312250126,2023,2023-12,outside_fixed_domain,-1,True,True
noaa_2023.csv,3291,202312250309,2023,2023-12,outside_fixed_domain,-1,True,True
noaa_2023.csv,3292,202312250728,2023,2023-12,outside_fixed_domain,-1,True,False
noaa_2023.csv,3293,202312250741,2023,2023-12,outside_fixed_domain,-1,True,True
noaa_2023.csv,3294,202312252042,2023,2023-12,outside_fixed_domain,-1,True,True
noaa_2023.csv,3295,202312252343,2023,2023-12,outside_fixed_domain,-1,True,True
noaa_2023.csv,3296,202312260308,2023,2023-12,outside_fixed_domain,-1,True,True
noaa_2023.csv,3297,202312260415,2023,2023-12,outside_fixed_domain,-1,True,True
noaa_2023.csv,3298,202312260456,2023,2023-12,outside_fixed_domain,-1,True,True
noaa_2023.csv,3299,202312260525,2023,2023-12,outside_fixed_domain,-1,True,True
noaa_2023.csv,3300,202312260856,2023,2023-12,outside_fixed_domain,-1,True,True
noaa_2023.csv,3301,202312261047,2023,2023-12,outside_fixed_domain,-1,True,True
noaa_2023.csv,3302,202312261653,2023,2023-12,outside_fixed_domain,-1,True,True
noaa_2023.csv,3303,202312270309,2023,2023-12,outside_fixed_domain,-1,True,True
noaa_2023.csv,3304,202312270555,2023,2023-12,outside_fixed_domain,-1,True,True
noaa_2023.csv,3305,202312271309,2023,2023-12,outside_fixed_domain,-1,True,True
noaa_2023.csv,3306,202312271935,2023,2023-12,outside_fixed_domain,-1,True,True
noaa_2023.csv,3307,202312281052,2023,2023-12,outside_fixed_domain,-1,True,True
noaa_2023.csv,3308,202312282027,2023,2023-12,outside_fixed_domain,-1,True,False
noaa_2023.csv,3309,202312282039,2023,2023-12,outside_fixed_domain,-1,True,True
noaa_2023.csv,3310,202312282242,2023,2023-12,outside_fixed_domain,-1,True,True
noaa_2023.csv,3311,202312290023,2023,2023-12,outside_fixed_domain,-1,True,False
noaa_2023.csv,3312,202312290041,2023,2023-12,outside_fixed_domain,-1,True,True
noaa_2023.csv,3313,202312290136,2023,2023-12,outside_fixed_domain,-1,True,True
noaa_2023.csv,3314,202312290213,2023,2023-12,outside_fixed_domain,-1,True,True
noaa_2023.csv,3315,202312290336,2023,2023-12,outside_fixed_domain,-1,True,True
noaa_2023.csv,3316,202312290426,2023,2023-12,outside_fixed_domain,-1,True,True
noaa_2023.csv,3317,202312290714,2023,2023-12,outside_fixed_domain,-1,True,True
noaa_2023.csv,3318,202312290749,2023,2023-12,outside_fixed_domain,-1,True,True
noaa_2023.csv,3319,202312291131,2023,2023-12,outside_fixed_domain,-1,True,True
noaa_2023.csv,3320,202312291205,2023,2023-12,outside_fixed_domain,-1,True,True
noaa_2023.csv,3321,202312292007,2023,2023-12,outside_fixed_domain,-1,True,True
noaa_2023.csv,3322,202312300001,2023,2023-12,outside_fixed_domain,-1,True,True
noaa_2023.csv,3323,202312300659,2023,2023-12,outside_fixed_domain,-1,True,False
noaa_2023.csv,3324,202312300729,2023,2023-12,outside_fixed_domain,-1,True,True
noaa_2023.csv,3325,202312301147,2023,2023-12,outside_fixed_domain,-1,True,True
noaa_2023.csv,3326,202312301444,2023,2023-12,outside_fixed_domain,-1,True,True
noaa_2023.csv,3327,202312301517,2023,2023-12,outside_fixed_domain,-1,True,True
noaa_2023.csv,3328,202312302123,2023,2023-12,outside_fixed_domain,-1,True,True
noaa_2023.csv,3329,202312302141,2023,2023-12,outside_fixed_domain,-1,True,True
noaa_2023.csv,3330,202312302356,2023,2023-12,outside_fixed_domain,-1,True,True
noaa_2023.csv,3331,202312310014,2023,2023-12,outside_fixed_domain,-1,True,True
noaa_2023.csv,3332,202312310238,2023,2023-12,outside_fixed_domain,-1,True,False
noaa_2023.csv,3333,202312310304,2023,2023-12,outside_fixed_domain,-1,True,True
noaa_2023.csv,3334,202312310759,2023,2023-12,outside_fixed_domain,-1,True,False
noaa_2023.csv,3335,202312310813,2023,2023-12,outside_fixed_domain,-1,True,True
noaa_2023.csv,3336,202312310902,2023,2023-12,outside_fixed_domain,-1,True,True
noaa_2023.csv,3337,202312311155,2023,2023-12,outside_fixed_domain,-1,True,True
noaa_2023.csv,3338,202312311237,2023,2023-12,outside_fixed_domain,-1,True,True
noaa_2023.csv,3339,202312311738,2023,2023-12,outside_fixed_domain,-1,True,True
noaa_2023.csv,3340,202312311802,2023,2023-12,outside_fixed_domain,-1,True,False
noaa_2023.csv,3341,202312311828,2023,2023-12,outside_fixed_domain,-1,True,False
noaa_2023.csv,3342,202312311844,2023,2023-12,selected_peak,0,True,True
noaa_2023.csv,3343,202312312136,2023,2023-12,selected_peak,4,True,True
