id,year,mag,magType,energy_proxy_J
usp000h5m6,2010,6.1,mwb,89125093813374.4
usp000h5mt,2010,5.8,mwc,31622776601683.793
usp000h5na,2010,5.7,mwb,22387211385683.47
usp000h5nd,2010,6.6,mwc,501187233627271.44
usp000h5np,2010,7.1,mwc,2818382931264449.0
usp000h5pg,2010,5.6,mwc,15848931924611.11
usp000h5q5,2010,5.8,mwc,31622776601683.793
usp000h5ra,2010,6.8,mwc,1000000000000000.0
usp000h5rn,2010,6.8,mwc,1000000000000000.0
usp000h5rx,2010,6.0,mwc,63095734448019.43
usp000h5sy,2010,5.7,mwb,22387211385683.47
usp000h5t4,2010,5.6,mwc,15848931924611.11
usp000h5t7,2010,5.6,mwc,15848931924611.11
usp000h5tt,2010,5.6,mwc,15848931924611.11
usp000h5vu,2010,6.2,mwc,125892541179417.14
nc71338066,2010,6.5,mw,354813389233576.06
usp000h5zw,2010,5.5,mwb,11220184543019.652
usp000h60h,2010,7.0,mwc,1995262314968882.8
usp000h60j,2010,6.0,mwc,63095734448019.43
usp000h61b,2010,5.6,mwc,15848931924611.11
usp000h61c,2010,5.6,mwc,15848931924611.11
usp000h61z,2010,5.8,mwc,31622776601683.793
usp000h62t,2010,5.5,mwc,11220184543019.652
usp000h62w,2010,5.8,mwc,31622776601683.793
usp000h63w,2010,5.8,mwc,31622776601683.793
usp000h641,2010,5.5,mwc,11220184543019.652
usp000h655,2010,5.9,mwc,44668359215096.53
usp000h659,2010,5.7,mwc,22387211385683.47
usp000h65y,2010,5.6,mwc,15848931924611.11
usp000h677,2010,5.5,mwc,11220184543019.652
usp000h67y,2010,5.6,mwb,15848931924611.11
usp000h684,2010,5.7,mwc,22387211385683.47
usp000h68a,2010,6.3,mwc,177827941003892.28
usp000h693,2010,5.6,mwc,15848931924611.11
usp000h69z,2010,5.9,mwc,44668359215096.53
usp000h6a0,2010,5.5,mwc,11220184543019.652
usp000h6a2,2010,5.7,mwb,22387211385683.47
usp000h6ay,2010,5.6,mwc,15848931924611.11
usp000h6bt,2010,5.9,mwc,44668359215096.53
usp000h6d2,2010,5.9,mwc,44668359215096.53
usp000h6e0,2010,5.5,mwb,11220184543019.652
usp000h6eg,2010,5.6,mwb,15848931924611.11
usp000h6j3,2010,5.5,mwc,11220184543019.652
usp000h6jk,2010,5.5,mwb,11220184543019.652
usp000h6ju,2010,5.6,mwb,15848931924611.11
usp000h6kk,2010,5.5,mwb,11220184543019.652
usp000h6mc,2010,5.6,mwc,15848931924611.11
usp000h6md,2010,5.9,mwb,44668359215096.53
usp000h6ph,2010,5.8,mwc,31622776601683.793
usp000h6pm,2010,5.9,mwc,44668359215096.53
usp000h6q8,2010,5.9,mwb,44668359215096.53
usp000h6rp,2010,5.8,mwc,31622776601683.793
usp000h6rx,2010,5.5,mwc,11220184543019.652
usp000h6s6,2010,5.6,mwc,15848931924611.11
usp000h6sx,2010,5.6,mwc,15848931924611.11
usp000h6v7,2010,6.2,mwc,125892541179417.14
usp000h6ye,2010,5.6,mwc,15848931924611.11
nc71348851,2010,5.88,mw,41686938347033.63
usp000h6z1,2010,6.2,mwc,125892541179417.14
usp000h705,2010,6.0,mwc,63095734448019.43
usp000h70x,2010,5.5,mwc,11220184543019.652
usp000h71c,2010,6.3,mwc,177827941003892.28
usp000h721,2010,5.6,mwc,15848931924611.11
usp000h72b,2010,5.9,mwc,44668359215096.53
usp000h72f,2010,5.6,mwc,15848931924611.11
usp000h73d,2010,5.7,mwc,22387211385683.47
usp000h73e,2010,6.1,mwc,89125093813374.4
usp000h74t,2010,5.5,mwb,11220184543019.652
usp000h766,2010,5.5,mwc,11220184543019.652
usp000h76j,2010,5.8,mwc,31622776601683.793
usp000h76q,2010,5.5,mwc,11220184543019.652
usp000h77d,2010,5.8,mwc,31622776601683.793
usp000h785,2010,6.1,mwb,89125093813374.4
usp000h7bg,2010,6.2,mwc,125892541179417.14
usp000h7dc,2010,5.9,mwb,44668359215096.53
usp000h7dn,2010,6.9,mwb,1412537544622761.2
usp000h7f9,2010,5.8,mwc,31622776601683.793
usp000h7gr,2010,5.5,mwc,11220184543019.652
usp000h7j7,2010,5.7,mwc,22387211385683.47
usp000h7j9,2010,6.0,mwc,63095734448019.43
usp000h7jb,2010,5.6,mwc,15848931924611.11
usp000h7je,2010,5.5,mwc,11220184543019.652
usp000h7mb,2010,5.6,mwc,15848931924611.11
usp000h7np,2010,5.7,mwc,22387211385683.47
usp000h7pq,2010,5.6,mwc,15848931924611.11
usp000h7pt,2010,5.5,mwc,11220184543019.652
usp000h7q6,2010,5.7,mwc,22387211385683.47
usp000h7qu,2010,7.0,mwc,1995262314968882.8
official20100227063411530_30,2010,8.8,mww,1e+18
usp000h7sq,2010,7.4,mwc,7943282347242854.0
iscgem600697919,2010,5.99,mw,60953689724016.94
usp000h7yb,2010,6.3,mwc,177827941003892.28
usp000h7z8,2010,6.1,mwb,89125093813374.4
usp000h7zx,2010,6.2,mwc,125892541179417.14
usp000h808,2010,5.8,mwc,31622776601683.793
usp000h81s,2010,5.9,mwb,44668359215096.53
usp000h81x,2010,5.7,mwc,22387211385683.47
usp000h82j,2010,5.9,mwb,44668359215096.53
usp000h85w,2010,5.6,mwb,15848931924611.11
usp000h86y,2010,6.2,mwb,125892541179417.14
usp000h89r,2010,5.9,mwb,44668359215096.53
usp000h8be,2010,5.7,mwb,22387211385683.47
usp000h8fk,2010,5.8,mwc,31622776601683.793
usp000h8fw,2010,5.5,mwc,11220184543019.652
usp000h8j5,2010,5.6,mwc,15848931924611.11
usp000h8mn,2010,6.1,mwc,89125093813374.4
usp000h8mx,2010,5.8,mwc,31622776601683.793
usp000h8nd,2010,6.3,mwc,177827941003892.28
usp000h8nh,2010,6.0,mwc,63095734448019.43
usp000h8pu,2010,6.5,mwb,354813389233576.06
usp000h8qr,2010,6.3,mwb,177827941003892.28
usp000h8rk,2010,6.1,mwc,89125093813374.4
usp000h8rt,2010,6.6,mwb,501187233627271.44
usp000h8s3,2010,6.8,mwc,1000000000000000.0
usp000h8u4,2010,5.5,mwc,11220184543019.652
usp000h8u8,2010,5.7,mwc,22387211385683.47
usp000h8vq,2010,6.3,mwc,177827941003892.28
usp000h8wc,2010,5.9,mwc,44668359215096.53
usp000h8x1,2010,6.1,mwc,89125093813374.4
usp000h8xh,2010,5.6,mwc,15848931924611.11
usp000h8xu,2010,6.1,mwb,89125093813374.4
usp000h8yu,2010,5.8,mwc,31622776601683.793
usp000h90k,2010,5.8,mwc,31622776601683.793
usp000h92q,2010,5.6,mwc,15848931924611.11
usp000h93z,2010,5.6,mwc,15848931924611.11
usp000h94t,2010,6.9,mwc,1412537544622761.2
usp000h94v,2010,7.0,mwc,1995262314968882.8
usp000h95z,2010,5.6,mwc,15848931924611.11
usp000h98u,2010,5.8,mwb,31622776601683.793
usp000h99d,2010,5.5,mwb,11220184543019.652
usp000h99t,2010,5.9,mwc,44668359215096.53
usp000h9ae,2010,5.8,mwc,31622776601683.793
usp000h9ap,2010,5.6,mwb,15848931924611.11
usp000h9as,2010,5.8,mwc,31622776601683.793
usp000h9br,2010,6.4,mwb,251188643150959.25
usp000h9cg,2010,6.5,mwc,354813389233576.06
usp000h9cx,2010,5.5,mwc,11220184543019.652
usp000h9dd,2010,5.6,mwb,15848931924611.11
usp000h9dj,2010,5.8,mwc,31622776601683.793
usp000h9dp,2010,5.6,mwc,15848931924611.11
usp000h9eg,2010,6.2,mwc,125892541179417.14
usp000h9fs,2010,6.7,mwc,707945784384140.2
usp000h9fv,2010,5.9,mwc,44668359215096.53
usp000h9gd,2010,5.8,mwc,31622776601683.793
usp000h9m5,2010,5.6,mwc,15848931924611.11
usp000h9mk,2010,5.6,mwb,15848931924611.11
usp000h9p8,2010,5.5,mwc,11220184543019.652
usp000h9ra,2010,6.6,mwc,501187233627271.44
usp000h9rp,2010,5.6,mwb,15848931924611.11
usp000h9tf,2010,5.5,mwb,11220184543019.652
usp000h9vc,2010,5.9,mwb,44668359215096.53
usp000h9x3,2010,5.7,mwc,22387211385683.47
usp000h9yk,2010,6.0,mwc,63095734448019.43
usp000ha05,2010,5.7,mwc,22387211385683.47
usp000ha0a,2010,6.3,mwb,177827941003892.28
usp000ha33,2010,5.7,mwc,22387211385683.47
usp000ha3d,2010,6.0,mwb,63095734448019.43
usp000ha3f,2010,5.6,mwc,15848931924611.11
usp000ha4n,2010,5.7,mwc,22387211385683.47
usp000ha59,2010,6.6,mwc,501187233627271.44
usp000ha75,2010,5.6,mwb,15848931924611.11
usp000ha96,2010,6.0,mwc,63095734448019.43
usp000habn,2010,5.6,mwc,15848931924611.11
ci14607652,2010,7.2,mw,3981071705534985.5
ci31957759,2010,5.7,mw,22387211385683.47
usp000hahs,2010,6.2,mww,125892541179417.14
usp000hana,2010,5.8,mwc,31622776601683.793
usp000hat0,2010,7.8,mwc,3.162277660168379e+16
usp000havw,2010,6.0,mwc,63095734448019.43
usp000hb2t,2010,5.8,mwb,31622776601683.793
usp000hb3k,2010,5.8,mwc,31622776601683.793
usp000hb4h,2010,5.5,mwb,11220184543019.652
usp000hb4q,2010,6.0,mwb,63095734448019.43
usp000hb5h,2010,5.8,mwc,31622776601683.793
usp000hb6a,2010,6.9,mwc,1412537544622761.2
usp000hb7n,2010,6.3,mwc,177827941003892.28
usp000hb8p,2010,5.7,mwc,22387211385683.47
usp000hbba,2010,5.5,mwc,11220184543019.652
usp000hbbt,2010,6.9,mwc,1412537544622761.2
usp000hbc2,2010,6.1,mwc,89125093813374.4
usp000hbf4,2010,5.6,mwc,15848931924611.11
usp000hbfk,2010,5.7,mwc,22387211385683.47
usp000hbgx,2010,5.7,mwb,22387211385683.47
usp000hbh2,2010,5.7,mwc,22387211385683.47
usp000hbjk,2010,5.5,mwc,11220184543019.652
usp000hbjw,2010,6.2,mwc,125892541179417.14
usp000hbk2,2010,5.6,mwc,15848931924611.11
usp000hbm3,2010,5.6,mwb,15848931924611.11
usp000hbmk,2010,5.6,mwc,15848931924611.11
usp000hbre,2010,6.1,mwc,89125093813374.4
usp000hbtp,2010,6.0,mwc,63095734448019.43
usp000hbug,2010,6.0,mwc,63095734448019.43
usp000hbwg,2010,5.6,mwb,15848931924611.11
usp000hbws,2010,6.5,mwc,354813389233576.06
usp000hbzc,2010,5.6,mwc,15848931924611.11
usp000hc3a,2010,5.8,mwc,31622776601683.793
usp000hc4u,2010,6.5,mwc,354813389233576.06
usp000hc4v,2010,6.3,mwc,177827941003892.28
usp000hc7j,2010,5.9,mwb,44668359215096.53
usp000hc8w,2010,6.1,mwc,89125093813374.4
usp000hc92,2010,5.5,mwb,11220184543019.652
usp000hc9m,2010,6.3,mwc,177827941003892.28
usp000hcbj,2010,5.9,mwc,44668359215096.53
usp000hcbx,2010,6.5,mwc,354813389233576.06
usp000hcc1,2010,5.7,mwc,22387211385683.47
usp000hccn,2010,6.2,mwc,125892541179417.14
usp000hcde,2010,5.8,mwc,31622776601683.793
usp000hced,2010,5.6,mwb,15848931924611.11
usp000hcf0,2010,5.5,mwb,11220184543019.652
usp000hcfv,2010,5.9,mwc,44668359215096.53
usp000hcg2,2010,5.7,mwc,22387211385683.47
usp000hchk,2010,7.2,mwc,3981071705534985.5
usp000hcst,2010,5.7,mwb,22387211385683.47
usp000hct7,2010,5.8,mwb,31622776601683.793
usp000hctm,2010,5.8,mwc,31622776601683.793
usp000hcxh,2010,6.0,mwb,63095734448019.43
usp000hcxv,2010,6.0,mwc,63095734448019.43
usp000hcxy,2010,6.0,mwc,63095734448019.43
usp000hcyh,2010,5.6,mwc,15848931924611.11
usp000hcyw,2010,5.9,mwb,44668359215096.53
usp000hczt,2010,5.9,mwc,44668359215096.53
usp000hd18,2010,5.7,mwb,22387211385683.47
usp000hd3r,2010,6.1,mwc,89125093813374.4
usp000hd4k,2010,6.5,mwc,354813389233576.06
usp000hd5b,2010,5.5,mwc,11220184543019.652
usp000hd5e,2010,6.3,mwc,177827941003892.28
usp000hd6j,2010,6.5,mwc,354813389233576.06
usp000hd84,2010,7.2,mwc,3981071705534985.5
usp000hd8v,2010,6.1,mwc,89125093813374.4
usp000hd9c,2010,5.8,mwc,31622776601683.793
usp000hdaw,2010,5.8,mwc,31622776601683.793
usp000hddw,2010,6.0,mwc,63095734448019.43
usp000hde8,2010,6.5,mwc,354813389233576.06
usp000hdem,2010,6.0,mwc,63095734448019.43
usp000hdf9,2010,5.6,mwb,15848931924611.11
usp000hdfd,2010,5.7,mwc,22387211385683.47
usp000hdfx,2010,5.9,mwb,44668359215096.53
usp000hdg9,2010,5.9,mwc,44668359215096.53
usp000hdgp,2010,5.6,mwc,15848931924611.11
usp000hdgx,2010,5.6,mwc,15848931924611.11
usp000hdh0,2010,5.5,mwc,11220184543019.652
usp000hdm1,2010,5.5,mwc,11220184543019.652
usp000hdsf,2010,6.0,mwb,63095734448019.43
usp000hdsq,2010,5.6,mwb,15848931924611.11
usp000hduj,2010,5.8,mwb,31622776601683.793
usp000hdut,2010,5.7,mwb,22387211385683.47
usp000hduu,2010,5.5,mwc,11220184543019.652
usp000hdwb,2010,7.5,mwc,1.1220184543019652e+16
usp000hdx3,2010,5.9,mwc,44668359215096.53
ci14745580,2010,5.71,mw,23173946499684.703
usp000he3a,2010,5.6,mwb,15848931924611.11
usp000he3d,2010,6.2,mwb,125892541179417.14
usp000he3f,2010,7.0,mwc,1995262314968882.8
usp000he3n,2010,6.6,mwc,501187233627271.44
usp000he6x,2010,6.0,mwb,63095734448019.43
usp000he7r,2010,6.2,mwc,125892541179417.14
usp000he8q,2010,5.9,mwc,44668359215096.53
usp000heay,2010,5.6,mwc,15848931924611.11
usp000hed6,2010,5.8,mwb,31622776601683.793
usp000heey,2010,5.5,mwb,11220184543019.652
usp000hef3,2010,6.1,mwb,89125093813374.4
usp000hej3,2010,6.7,mwc,707945784384140.2
usp000hejb,2010,5.9,mwc,44668359215096.53
usp000hemk,2010,5.6,mwc,15848931924611.11
usp000hen8,2010,5.8,mwc,31622776601683.793
usp000henr,2010,5.8,mwc,31622776601683.793
usp000hep7,2010,5.5,mwc,11220184543019.652
usp000hepk,2010,5.5,mwc,11220184543019.652
usp000heqb,2010,6.4,mwb,251188643150959.25
usp000heqj,2010,6.3,mwc,177827941003892.28
usp000hesf,2010,5.8,mwc,31622776601683.793
usp000het5,2010,6.3,mwc,177827941003892.28
usp000hevz,2010,5.7,mwc,22387211385683.47
usp000heww,2010,6.3,mwc,177827941003892.28
usp000hezn,2010,5.9,mwc,44668359215096.53
usp000hf19,2010,5.8,mwc,31622776601683.793
usp000hf3f,2010,5.6,mwc,15848931924611.11
usp000hf3t,2010,6.3,mwc,177827941003892.28
usp000hf3w,2010,5.7,mwc,22387211385683.47
usp000hf5z,2010,6.3,mwb,177827941003892.28
usp000hf8g,2010,5.7,mwc,22387211385683.47
usp000hf8z,2010,6.6,mwc,501187233627271.44
usp000hf99,2010,5.6,mwc,15848931924611.11
usp000hf9k,2010,5.8,mwc,31622776601683.793
usp000hfcn,2010,5.5,mwb,11220184543019.652
usp000hfd1,2010,5.6,mwc,15848931924611.11
usp000hfdm,2010,6.7,mwc,707945784384140.2
usp000hfka,2010,6.9,mwc,1412537544622761.2
usp000hfku,2010,7.3,mwc,5623413251903491.0
usp000hfq4,2010,6.0,mwb,63095734448019.43
usp000hfuq,2010,5.7,mwc,22387211385683.47
usp000hfus,2010,5.5,mwc,11220184543019.652
usp000hg6s,2010,5.8,mwc,31622776601683.793
usp000hg73,2010,6.3,mwc,177827941003892.28
usp000hg74,2010,5.8,mwc,31622776601683.793
usp000hg7d,2010,5.6,mwc,15848931924611.11
usp000hg7k,2010,5.5,mwc,11220184543019.652
usp000hgaq,2010,6.1,mwc,89125093813374.4
usp000hgeq,2010,6.1,mwc,89125093813374.4
usp000hgmd,2010,7.3,mwc,5623413251903491.0
usp000hgmh,2010,7.6,mwc,1.5848931924611108e+16
usp000hgmq,2010,7.5,mwc,1.1220184543019652e+16
usp000hgnj,2010,6.6,mwc,501187233627271.44
usp000hgrb,2010,5.9,mwc,44668359215096.53
usp000hgsn,2010,5.6,mwb,15848931924611.11
usp000hgvb,2010,5.6,mwc,15848931924611.11
usp000hgvd,2010,5.6,mwb,15848931924611.11
usp000hgx5,2010,5.5,mwc,11220184543019.652
usp000hgyx,2010,5.6,mwc,15848931924611.11
usp000hh3f,2010,6.6,mwc,501187233627271.44
usp000hh4n,2010,6.3,mwc,177827941003892.28
usp000hh4v,2010,5.5,mwc,11220184543019.652
usp000hh5e,2010,5.5,mwc,11220184543019.652
usp000hh5v,2010,5.5,mwc,11220184543019.652
usp000hh7q,2010,5.5,mwc,11220184543019.652
usp000hhbp,2010,5.8,mwb,31622776601683.793
usp000hhe9,2010,6.3,mwc,177827941003892.28
usp000hhf1,2010,5.6,mwc,15848931924611.11
usp000hhfd,2010,6.0,mwc,63095734448019.43
usp000hhfk,2010,6.5,mwc,354813389233576.06
usp000hhfu,2010,5.5,mwc,11220184543019.652
usp000hhg7,2010,6.4,mwc,251188643150959.25
usp000hhhx,2010,7.0,mww,1995262314968882.8
usp000hhj5,2010,6.0,mwc,63095734448019.43
usp000hhjy,2010,5.9,mwc,44668359215096.53
usp000hhn3,2010,5.5,mwc,11220184543019.652
usp000hhrx,2010,5.5,mwc,11220184543019.652
usp000hhuc,2010,7.3,mwc,5623413251903491.0
usp000hhue,2010,5.9,mwr,44668359215096.53
usp000hhx6,2010,5.9,mwc,44668359215096.53
usp000hhxk,2010,5.9,mwc,44668359215096.53
usp000hhz5,2010,5.5,mwc,11220184543019.652
usp000hhzx,2010,5.5,mwc,11220184543019.652
usp000hj05,2010,7.1,mwc,2818382931264449.0
usp000hj1u,2010,5.5,mwc,11220184543019.652
usp000hj2j,2010,6.9,mwc,1412537544622761.2
usp000hj31,2010,5.6,mwc,15848931924611.11
usp000hj3z,2010,6.2,mwc,125892541179417.14
usp000hj5g,2010,5.6,mwc,15848931924611.11
usp000hj5p,2010,5.6,mwc,15848931924611.11
usp000hj6r,2010,6.6,mwc,501187233627271.44
usp000hj75,2010,5.5,mwc,11220184543019.652
usp000hj78,2010,5.5,mwc,11220184543019.652
usp000hj8s,2010,6.3,mwb,177827941003892.28
usp000hj9t,2010,6.3,mwc,177827941003892.28
usp000hjaf,2010,6.2,mwb,125892541179417.14
usp000hjda,2010,6.3,mwc,177827941003892.28
usp000hjfs,2010,5.5,mwc,11220184543019.652
usp000hjh9,2010,6.1,mwc,89125093813374.4
usp000hjj7,2010,5.9,mwb,44668359215096.53
usp000hjm2,2010,5.6,mwc,15848931924611.11
usp000hjm4,2010,5.5,mwc,11220184543019.652
usp000hjmy,2010,5.5,mwb,11220184543019.652
usp000hjp2,2010,6.2,mwc,125892541179417.14
usp000hjuq,2010,5.8,mwc,31622776601683.793
usp000hjvq,2010,5.5,mwc,11220184543019.652
usp000hjwf,2010,5.5,mwc,11220184543019.652
usp000hk2x,2010,5.5,mwc,11220184543019.652
usp000hk37,2010,5.7,mwc,22387211385683.47
usp000hk3k,2010,6.5,mwc,354813389233576.06
usp000hk46,2010,7.0,mwc,1995262314968882.8
usp000hk69,2010,5.5,mwc,11220184543019.652
usp000hk6w,2010,6.1,mwb,89125093813374.4
usp000hk79,2010,5.5,mwc,11220184543019.652
usp000hkaf,2010,5.6,mwc,15848931924611.11
usp000hkb0,2010,5.5,mwb,11220184543019.652
usp000hkbh,2010,5.7,mwc,22387211385683.47
usp000hkc4,2010,5.5,mwc,11220184543019.652
usp000hkd6,2010,5.5,mwc,11220184543019.652
usp000hkdh,2010,6.3,mwc,177827941003892.28
usp000hkdu,2010,5.5,mwc,11220184543019.652
usp000hkes,2010,5.6,mwc,15848931924611.11
usp000hkew,2010,6.3,mwc,177827941003892.28
usp000hkfb,2010,5.5,mwc,11220184543019.652
usp000hkg9,2010,6.2,mwb,125892541179417.14
usp000hkjn,2010,5.8,mwc,31622776601683.793
usp000hkk2,2010,5.8,mwc,31622776601683.793
usp000hknj,2010,5.8,mwb,31622776601683.793
usp000hknm,2010,5.9,mwb,44668359215096.53
usp000hkqt,2010,5.6,mwb,15848931924611.11
usp000hkt4,2010,5.8,mwb,31622776601683.793
usp000hkv7,2010,6.3,mwb,177827941003892.28
usp000hm20,2010,5.7,mwb,22387211385683.47
usp000hm39,2010,5.6,mwc,15848931924611.11
usp000hm3j,2010,5.6,mwc,15848931924611.11
usp000hm4h,2010,5.5,mwb,11220184543019.652
usp000hm79,2010,5.6,mwb,15848931924611.11
usp000hm7a,2010,6.0,mwc,63095734448019.43
usp000hm7n,2010,5.8,mwb,31622776601683.793
usp000hm7x,2010,5.5,mwb,11220184543019.652
usp000hm8k,2010,5.9,mwc,44668359215096.53
usp000hmb0,2010,5.5,mwb,11220184543019.652
usp000hmbq,2010,7.0,mwc,1995262314968882.8
usp000hmcc,2010,5.8,mwb,31622776601683.793
usp000hmcj,2010,5.5,mwc,11220184543019.652
usp000hmcp,2010,5.6,mwc,15848931924611.11
usp000hmd8,2010,5.8,mwc,31622776601683.793
usp000hmg5,2010,5.5,mwb,11220184543019.652
usp000hmh9,2010,5.5,mwc,11220184543019.652
usp000hmjv,2010,5.5,mwb,11220184543019.652
usp000hmkj,2010,6.3,mwb,177827941003892.28
usp000hmpq,2010,5.7,mwb,22387211385683.47
usp000hmrb,2010,6.4,mwc,251188643150959.25
usp000hmrk,2010,6.0,mwc,63095734448019.43
usp000hms5,2010,5.7,mwc,22387211385683.47
usp000hmsx,2010,6.2,mwc,125892541179417.14
usp000hmvg,2010,5.8,mwb,31622776601683.793
usp000hmxq,2010,5.5,mwc,11220184543019.652
usp000hn0t,2010,5.9,mwc,44668359215096.53
usp000hn0z,2010,5.9,mwb,44668359215096.53
usp000hn3m,2010,5.6,mwc,15848931924611.11
usp000hn5w,2010,5.6,mwb,15848931924611.11
usp000hn60,2010,5.9,mwb,44668359215096.53
usp000hn66,2010,5.9,mwb,44668359215096.53
usp000hnak,2010,5.9,mwc,44668359215096.53
usp000hnam,2010,5.9,mwb,44668359215096.53
usp000hnax,2010,5.8,mwc,31622776601683.793
usp000hnbu,2010,5.9,mwc,44668359215096.53
usp000hnc5,2010,5.5,mwc,11220184543019.652
usp000hncm,2010,6.7,mwc,707945784384140.2
usp000hne0,2010,5.8,mwb,31622776601683.793
usp000hnea,2010,5.6,mwc,15848931924611.11
usp000hnef,2010,5.8,mwc,31622776601683.793
usp000hnek,2010,5.5,mwb,11220184543019.652
usp000hnhx,2010,5.8,mwc,31622776601683.793
usp000hnj4,2010,7.8,mwc,3.162277660168379e+16
usp000hnjs,2010,6.3,mwc,177827941003892.28
usp000hnk6,2010,5.9,mwc,44668359215096.53
usp000hnkg,2010,5.6,mwc,15848931924611.11
usp000hnpe,2010,5.6,mwc,15848931924611.11
usp000hnpg,2010,5.8,mwc,31622776601683.793
usp000hntb,2010,6.4,mwc,251188643150959.25
usp000hnum,2010,5.8,mwc,31622776601683.793
usp000hnvd,2010,5.5,mwb,11220184543019.652
usp000hnwa,2010,5.6,mwc,15848931924611.11
usp000hnwk,2010,5.8,mwc,31622776601683.793
usp000hnx8,2010,5.5,mwc,11220184543019.652
usp000hnxu,2010,5.5,mwb,11220184543019.652
usp000hny4,2010,5.5,mwc,11220184543019.652
usp000hnyy,2010,6.0,mwc,63095734448019.43
usp000hnzg,2010,6.1,mwc,89125093813374.4
usp000hnzp,2010,5.5,mwc,11220184543019.652
usp000hp57,2010,5.8,mwc,31622776601683.793
usp000hp8q,2010,5.6,mwb,15848931924611.11
usp000hpc0,2010,6.5,mwc,354813389233576.06
usp000hpc9,2010,5.5,mwc,11220184543019.652
usp000hpcw,2010,5.7,mwc,22387211385683.47
usp000hpe5,2010,5.6,mwc,15848931924611.11
usp000hpee,2010,5.5,mwb,11220184543019.652
usp000hpfw,2010,5.8,mwb,31622776601683.793
usp000hpj1,2010,5.5,mwb,11220184543019.652
usp000hpmm,2010,5.5,mwc,11220184543019.652
usp000hpqk,2010,5.9,mwb,44668359215096.53
usp000hprw,2010,5.5,mwc,11220184543019.652
usp000hpt2,2010,5.9,mwc,44668359215096.53
usp000hpvg,2010,5.7,mwb,22387211385683.47
usp000hpx8,2010,6.0,mwc,63095734448019.43
usp000hpxr,2010,5.6,mwb,15848931924611.11
usp000hpz7,2010,5.9,mwb,44668359215096.53
usp000hq00,2010,6.1,mwc,89125093813374.4
usp000hq53,2010,5.5,mwc,11220184543019.652
usp000hq5d,2010,5.8,mwb,31622776601683.793
usp000hq6a,2010,5.7,mwc,22387211385683.47
usp000hq7a,2010,5.7,mwb,22387211385683.47
usp000hqaw,2010,6.8,mwc,1000000000000000.0
usp000hqb3,2010,5.5,mwc,11220184543019.652
usp000hqbw,2010,5.7,mwc,22387211385683.47
usp000hqcd,2010,5.6,mwc,15848931924611.11
usp000hqd4,2010,6.1,mwc,89125093813374.4
usp000hqdx,2010,6.6,mwb,501187233627271.44
usp000hqjh,2010,5.9,mwb,44668359215096.53
usp000hqjz,2010,5.7,mwb,22387211385683.47
usp000hqm1,2010,5.9,mwc,44668359215096.53
usp000hqm2,2010,5.7,mwc,22387211385683.47
usp000hqmn,2010,5.8,mwb,31622776601683.793
usp000hqnd,2010,6.3,mwc,177827941003892.28
usp000hqnh,2010,5.9,mwc,44668359215096.53
usp000hqnn,2010,5.5,mwc,11220184543019.652
usp000hqpa,2010,5.5,mwb,11220184543019.652
usp000hqrv,2010,5.5,mwc,11220184543019.652
usp000hqt3,2010,5.6,mwb,15848931924611.11
usp000hqv3,2010,5.6,mwc,15848931924611.11
usp000hqvf,2010,6.2,mwc,125892541179417.14
usp000hqvw,2010,5.7,mwc,22387211385683.47
usp000hqyf,2010,6.0,mwc,63095734448019.43
usp000hr19,2010,5.5,mwc,11220184543019.652
usp000hr2z,2010,5.6,mwc,15848931924611.11
usp000hr45,2010,5.9,mwc,44668359215096.53
usp000hr7a,2010,5.9,mwc,44668359215096.53
usp000hr7g,2010,5.7,mwb,22387211385683.47
usp000hr7k,2010,6.7,mwc,707945784384140.2
usp000hr88,2010,5.6,mwb,15848931924611.11
usp000hr94,2010,5.8,mwb,31622776601683.793
usp000hr97,2010,7.4,mwc,7943282347242854.0
usp000hrdk,2010,5.6,mwc,15848931924611.11
usp000hrky,2010,6.4,mwc,251188643150959.25
usp000hrpy,2010,6.4,mwc,251188643150959.25
usp000hrqk,2010,5.5,mwc,11220184543019.652
usp000hrsd,2010,5.9,mwb,44668359215096.53
usp000hrw0,2010,7.3,mwc,5623413251903491.0
usp000hrxu,2010,5.6,mwb,15848931924611.11
usp000hrzt,2010,6.0,mwb,63095734448019.43
usp000hs2h,2010,5.5,mwc,11220184543019.652
usp000hs4q,2010,5.6,mwc,15848931924611.11
usp000hs50,2010,5.5,mwc,11220184543019.652
usp000hs6h,2010,6.3,mwc,177827941003892.28
usp000hs82,2010,6.4,mwc,251188643150959.25
usp000hsa4,2010,5.5,mwc,11220184543019.652
usp000hsaa,2010,5.6,mwb,15848931924611.11
usp000hsc9,2010,5.5,mwc,11220184543019.652
usp000hsdc,2011,7.0,mww,1995262314968882.8
iscgem16394566,2011,5.78,mw,29512092266663.78
usp000hsfe,2011,5.7,mwb,22387211385683.47
usp000hsfq,2011,7.2,mww,3981071705534985.5
usp000hshp,2011,5.6,mwc,15848931924611.11
usp000hskf,2011,5.6,mwc,15848931924611.11
usp000hskt,2011,6.1,mww,89125093813374.4
usp000hspc,2011,5.5,mwc,11220184543019.652
usp000hspg,2011,5.5,mwc,11220184543019.652
usp000hsqz,2011,5.6,mwc,15848931924611.11
usp000hst4,2011,6.5,mww,354813389233576.06
usp000hstp,2011,5.7,mwc,22387211385683.47
usp000hstv,2011,5.5,mwb,11220184543019.652
usp000hsua,2011,6.1,mww,89125093813374.4
usp000hsuc,2011,5.5,mwc,11220184543019.652
usp000hsuy,2011,5.6,mwc,15848931924611.11
usp000hsv8,2011,5.9,mwc,44668359215096.53
usp000hsvn,2011,5.6,mwb,15848931924611.11
usp000hsx6,2011,5.5,mwb,11220184543019.652
usp000hszr,2011,6.4,mww,251188643150959.25
usp000ht0x,2011,5.5,mwc,11220184543019.652
usp000ht15,2011,7.0,mww,1995262314968882.8
usp000ht1b,2011,5.9,mwc,44668359215096.53
usp000ht50,2011,5.8,mwc,31622776601683.793
usp000ht5g,2011,5.7,mwb,22387211385683.47
usp000ht5t,2011,5.7,mwb,22387211385683.47
usp000ht9g,2011,6.0,mww,63095734448019.43
usp000htap,2011,5.9,mww,44668359215096.53
usp000htb4,2011,7.2,mww,3981071705534985.5
usp000htg5,2011,5.6,mwb,15848931924611.11
usp000htjh,2011,5.9,mwb,44668359215096.53
usp000htjz,2011,5.7,mwb,22387211385683.47
usp000htk2,2011,6.0,mww,63095734448019.43
usp000htp9,2011,6.1,mww,89125093813374.4
usp000htpb,2011,5.7,mwc,22387211385683.47
usp000htpm,2011,5.6,mwc,15848931924611.11
usp000htps,2011,5.5,mwc,11220184543019.652
usp000htpz,2011,6.2,mww,125892541179417.14
usp000htqf,2011,5.6,mwb,15848931924611.11
usp000htt3,2011,6.2,mwc,125892541179417.14
usp000htta,2011,5.5,mwb,11220184543019.652
usp000httd,2011,5.5,mwb,11220184543019.652
usp000htwe,2011,6.0,mww,63095734448019.43
usp000htye,2011,5.6,mwb,15848931924611.11
usp000htz3,2011,5.9,mww,44668359215096.53
usp000hu1f,2011,5.9,mww,44668359215096.53
usp000hu2t,2011,6.2,mww,125892541179417.14
usp000hu2w,2011,5.9,mwc,44668359215096.53
usp000hu4k,2011,5.8,mww,31622776601683.793
usp000hu5n,2011,5.6,mwb,15848931924611.11
usp000hu76,2011,6.4,mww,251188643150959.25
usp000huab,2011,6.5,mww,354813389233576.06
usp000huac,2011,6.6,mwb,501187233627271.44
usp000huc2,2011,6.9,mww,1412537544622761.2
usp000hucn,2011,5.9,mwb,44668359215096.53
usp000hucz,2011,6.1,mwb,89125093813374.4
usp000huda,2011,5.7,mwc,22387211385683.47
usp000hudb,2011,5.6,mwc,15848931924611.11
usp000hudw,2011,5.6,mwb,15848931924611.11
usp000huea,2011,6.1,mww,89125093813374.4
usp000huet,2011,5.8,mwb,31622776601683.793
usp000huey,2011,6.0,mwc,63095734448019.43
usp000huf9,2011,5.5,mwb,11220184543019.652
usp000hugg,2011,6.7,mww,707945784384140.2
usp000huje,2011,6.1,mww,89125093813374.4
usp000hujs,2011,5.5,mwb,11220184543019.652
usp000hunm,2011,5.6,mww,15848931924611.11
usp000hup7,2011,5.5,mwb,11220184543019.652
usp000hutu,2011,6.1,mww,89125093813374.4
usp000huuj,2011,5.6,mwb,15848931924611.11
usp000huus,2011,6.5,mww,354813389233576.06
usp000huv2,2011,5.5,mwc,11220184543019.652
usp000huvq,2011,6.1,mww,89125093813374.4
usp000huvt,2011,5.5,mwr,11220184543019.652
usp000huw3,2011,5.6,mwr,15848931924611.11
usp000huxr,2011,5.5,mwb,11220184543019.652
usp000huyp,2011,5.7,mwb,22387211385683.47
usp000hv0h,2011,5.6,mwb,15848931924611.11
usp000hv2c,2011,5.9,mww,44668359215096.53
usp000hv31,2011,5.9,mwb,44668359215096.53
usp000hv5c,2011,5.8,mwb,31622776601683.793
usp000hv5x,2011,5.7,mwc,22387211385683.47
usp000hv6a,2011,5.6,mwc,15848931924611.11
usp000hv6t,2011,5.5,mwc,11220184543019.652
usp000hv6u,2011,6.0,mww,63095734448019.43
usp000hv8x,2011,5.7,mww,22387211385683.47
usp000hv9z,2011,5.5,mwc,11220184543019.652
usp000hvar,2011,5.6,mww,15848931924611.11
usp000hvef,2011,6.3,mww,177827941003892.28
usp000hveq,2011,6.5,mww,354813389233576.06
usp000hvf6,2011,6.3,mww,177827941003892.28
usp000hvhj,2011,7.3,mww,5623413251903491.0
usp000hvk6,2011,6.0,mww,63095734448019.43
usp000hvk9,2011,5.9,mww,44668359215096.53
usp000hvkg,2011,6.0,mwc,63095734448019.43
usp000hvkh,2011,6.5,mwc,354813389233576.06
usp000hvkj,2011,6.4,mww,251188643150959.25
usp000hvm3,2011,5.5,mwc,11220184543019.652
usp000hvme,2011,5.6,mwb,15848931924611.11
usp000hvn3,2011,6.5,mww,354813389233576.06
usp000hvng,2011,5.7,mwc,22387211385683.47
official20110311054624120_30,2011,9.1,mww,2.818382931264449e+18
usp000hvpa,2011,7.9,mwc,4.466835921509653e+16
usp000hvpg,2011,7.7,mwc,2.2387211385683468e+16
usp000hvy0,2011,6.3,mwb,177827941003892.28
usp000hw18,2011,6.2,mwb,125892541179417.14
usp000hw19,2011,6.0,mwb,63095734448019.43
usp000hw1y,2011,6.2,mwc,125892541179417.14
usp000hw29,2011,6.1,mwc,89125093813374.4
usp000hw79,2011,5.8,mwb,31622776601683.793
usp000hw7h,2011,5.8,mwc,31622776601683.793
usp000hw7r,2011,6.5,mww,354813389233576.06
usp000hw8g,2011,5.9,mwc,44668359215096.53
usp000hw8u,2011,5.9,mwc,44668359215096.53
usp000hwa0,2011,5.7,mwc,22387211385683.47
usp000hwb0,2011,5.5,mwc,11220184543019.652
usp000hwds,2011,5.6,mwc,15848931924611.11
usp000hwec,2011,5.7,mwb,22387211385683.47
usp000hwfp,2011,5.9,mwc,44668359215096.53
usp000hwfv,2011,6.1,mww,89125093813374.4
usp000hwfy,2011,5.6,mwc,15848931924611.11
usp000hwgb,2011,5.6,mwc,15848931924611.11
usp000hwgq,2011,5.8,mwc,31622776601683.793
usp000hwj3,2011,5.8,mwb,31622776601683.793
usp000hwmq,2011,5.8,mww,31622776601683.793
usp000hwnq,2011,6.1,mwb,89125093813374.4
usp000hwq6,2011,6.1,mww,89125093813374.4
usp000hwqp,2011,5.8,mwc,31622776601683.793
usp000hwtg,2011,5.7,mwb,22387211385683.47
usp000hwup,2011,5.6,mwb,15848931924611.11
usp000hwv9,2011,5.7,mww,22387211385683.47
usp000hwyc,2011,5.6,mwb,15848931924611.11
usp000hx1e,2011,5.5,mwb,11220184543019.652
usp000hx38,2011,6.0,mww,63095734448019.43
usp000hx7a,2011,5.6,mwb,15848931924611.11
usp000hxbc,2011,5.8,mww,31622776601683.793
usp000hxbx,2011,5.5,mwc,11220184543019.652
usp000hxc6,2011,6.0,mww,63095734448019.43
usp000hxc7,2011,6.0,mww,63095734448019.43
usp000hxcu,2011,6.1,mwc,89125093813374.4
usp000hxdx,2011,5.7,mww,22387211385683.47
usp000hxf1,2011,5.7,mww,22387211385683.47
usp000hxfe,2011,5.7,mww,22387211385683.47
usp000hxk6,2011,5.5,mwc,11220184543019.652
usp000hxm2,2011,6.2,mww,125892541179417.14
usp000hxmc,2011,6.2,mww,125892541179417.14
usp000hxmm,2011,5.6,mwc,15848931924611.11
usp000hxn0,2011,5.8,mww,31622776601683.793
usp000hxnv,2011,5.5,mwb,11220184543019.652
usp000hxny,2011,5.8,mww,31622776601683.793
usp000hxqa,2011,5.5,mwb,11220184543019.652
usp000hxs4,2011,5.5,mwc,11220184543019.652
usp000hxv2,2011,5.5,mwb,11220184543019.652
usp000hxvj,2011,5.9,mww,44668359215096.53
usp000hxx5,2011,5.7,mww,22387211385683.47
usp000hy0r,2011,5.6,mwc,15848931924611.11
usp000hy18,2011,6.0,mww,63095734448019.43
usp000hy1v,2011,5.8,mww,31622776601683.793
usp000hy2c,2011,5.7,mwc,22387211385683.47
usp000hy55,2011,5.8,mww,31622776601683.793
usp000hy57,2011,5.5,mwb,11220184543019.652
usp000hy7j,2011,5.7,mww,22387211385683.47
usp000hy7y,2011,6.4,mww,251188643150959.25
usp000hy8c,2011,6.1,mww,89125093813374.4
usp000hy8e,2011,6.4,mww,251188643150959.25
usp000hy8u,2011,5.6,mwc,15848931924611.11
usp000hy8w,2011,5.6,mwc,15848931924611.11
usp000hy8x,2011,5.7,mwc,22387211385683.47
usp000hy9a,2011,5.8,mww,31622776601683.793
usp000hy9e,2011,5.9,mww,44668359215096.53
usp000hy9m,2011,5.6,mwc,15848931924611.11
usp000hyb1,2011,5.5,mwb,11220184543019.652
usp000hyfh,2011,5.8,mww,31622776601683.793
usp000hyfx,2011,6.9,mww,1412537544622761.2
usp000hyg5,2011,5.7,mwc,22387211385683.47
usp000hyjm,2011,6.2,mww,125892541179417.14
usp000hypf,2011,6.0,mww,63095734448019.43
usp000hyqk,2011,5.6,mww,15848931924611.11
usp000hyrs,2011,6.2,mww,125892541179417.14
usp000hyv2,2011,6.1,mww,89125093813374.4
usp000hyvs,2011,5.5,mwb,11220184543019.652
usp000hyx0,2011,5.7,mww,22387211385683.47
usp000hyyr,2011,6.3,mww,177827941003892.28
usp000hyzj,2011,6.0,mww,63095734448019.43
usp000hz2b,2011,5.9,mww,44668359215096.53
usp000hz2h,2011,6.0,mww,63095734448019.43
usp000hz30,2011,5.5,mwb,11220184543019.652
usp000hz47,2011,5.5,mwb,11220184543019.652
usp000hz4k,2011,5.9,mww,44668359215096.53
usp000hz6z,2011,6.4,mww,251188643150959.25
usp000hz7h,2011,6.7,mww,707945784384140.2
usp000hza0,2011,5.8,mwb,31622776601683.793
usp000hzb1,2011,5.9,mww,44668359215096.53
usp000hzd7,2011,6.0,mww,63095734448019.43
usp000hzf3,2011,6.6,mww,501187233627271.44
usp000hzf6,2011,7.1,mww,2818382931264449.0
usp000hzfv,2011,5.8,mww,31622776601683.793
usp000hzky,2011,5.9,mww,44668359215096.53
usp000hzq8,2011,6.6,mww,501187233627271.44
usp000hzrb,2011,5.5,mwr,11220184543019.652
usp000hzsf,2011,5.5,mwc,11220184543019.652
usp000hzsk,2011,6.2,mww,125892541179417.14
usp000hzt4,2011,5.9,mww,44668359215096.53
usp000hztx,2011,5.6,mww,15848931924611.11
usp000hzw1,2011,6.0,mww,63095734448019.43
usp000hzw7,2011,5.5,mwc,11220184543019.652
usp000hzxg,2011,5.5,mwb,11220184543019.652
usp000hzxk,2011,5.7,mww,22387211385683.47
usp000hzym,2011,5.7,mww,22387211385683.47
usp000hzze,2011,5.8,mww,31622776601683.793
usp000j01j,2011,5.7,mww,22387211385683.47
usp000j01w,2011,5.7,mww,22387211385683.47
usp000j020,2011,5.8,mww,31622776601683.793
usp000j034,2011,5.5,mwb,11220184543019.652
usp000j03s,2011,5.7,mww,22387211385683.47
usp000j06q,2011,6.6,mww,501187233627271.44
usp000j0b7,2011,5.7,mww,22387211385683.47
usp000j0b9,2011,5.8,mww,31622776601683.793
usp000j0c3,2011,6.2,mww,125892541179417.14
usp000j0cf,2011,5.6,mww,15848931924611.11
usp000j0d8,2011,5.6,mwb,15848931924611.11
usp000j0dz,2011,5.5,mwc,11220184543019.652
usp000j0eh,2011,6.8,mww,1000000000000000.0
usp000j0ew,2011,5.9,mww,44668359215096.53
usp000j0h6,2011,5.6,mww,15848931924611.11
usp000j0ha,2011,5.6,mww,15848931924611.11
usp000j0hc,2011,6.1,mww,89125093813374.4
usp000j0m1,2011,5.6,mww,15848931924611.11
usp000j0me,2011,5.5,mwc,11220184543019.652
usp000j0mf,2011,5.5,mwb,11220184543019.652
usp000j0q8,2011,5.7,mww,22387211385683.47
usp000j0qd,2011,5.5,mww,11220184543019.652
usp000j0qk,2011,5.8,mww,31622776601683.793
usp000j0t2,2011,5.7,mww,22387211385683.47
usp000j0tf,2011,6.1,mww,89125093813374.4
usp000j0vd,2011,5.8,mww,31622776601683.793
usp000j0ws,2011,5.5,mwc,11220184543019.652
usp000j0zx,2011,5.5,mww,11220184543019.652
usp000j104,2011,5.6,mww,15848931924611.11
usp000j11a,2011,5.7,mww,22387211385683.47
usp000j11b,2011,5.7,mww,22387211385683.47
usp000j11c,2011,6.0,mww,63095734448019.43
usp000j11r,2011,5.6,mwc,15848931924611.11
usp000j11v,2011,5.8,mww,31622776601683.793
usp000j12q,2011,5.5,mww,11220184543019.652
usp000j13b,2011,5.5,mww,11220184543019.652
usp000j167,2011,5.7,mwb,22387211385683.47
usp000j190,2011,5.9,mww,44668359215096.53
usp000j192,2011,5.7,mwc,22387211385683.47
usp000j194,2011,5.6,mwc,15848931924611.11
usp000j1a8,2011,6.8,mww,1000000000000000.0
usp000j1av,2011,5.9,mwc,44668359215096.53
usp000j1by,2011,5.5,mwc,11220184543019.652
usp000j1c2,2011,5.7,mwc,22387211385683.47
usp000j1c6,2011,5.5,mwc,11220184543019.652
usp000j1dq,2011,5.6,mww,15848931924611.11
usp000j1gr,2011,5.5,mww,11220184543019.652
usp000j1h0,2011,5.7,mwc,22387211385683.47
usp000j1jg,2011,5.9,mww,44668359215096.53
usp000j1jk,2011,6.1,mww,89125093813374.4
usp000j1kw,2011,5.9,mww,44668359215096.53
usp000j1n3,2011,6.1,mww,89125093813374.4
usp000j1nf,2011,6.4,mww,251188643150959.25
usp000j1nr,2011,5.5,mww,11220184543019.652
usp000j1q5,2011,5.7,mww,22387211385683.47
usp000j1qt,2011,5.7,mww,22387211385683.47
usp000j1sz,2011,5.5,mww,11220184543019.652
usp000j1t2,2011,5.5,mwc,11220184543019.652
usp000j1up,2011,5.8,mww,31622776601683.793
usp000j1v8,2011,5.8,mww,31622776601683.793
usp000j1wj,2011,5.7,mww,22387211385683.47
usp000j1x2,2011,5.9,mww,44668359215096.53
usp000j1z7,2011,5.9,mww,44668359215096.53
usp000j1zc,2011,5.6,mww,15848931924611.11
usp000j21q,2011,5.6,mwb,15848931924611.11
usp000j220,2011,5.7,mww,22387211385683.47
usp000j24b,2011,5.8,mww,31622776601683.793
usp000j256,2011,5.5,mww,11220184543019.652
usp000j2c3,2011,5.7,mww,22387211385683.47
usp000j2c6,2011,5.5,mwc,11220184543019.652
usp000j2c7,2011,5.5,mwc,11220184543019.652
usp000j2dy,2011,5.9,mww,44668359215096.53
usp000j2hv,2011,6.3,mww,177827941003892.28
usp000j2kz,2011,6.1,mww,89125093813374.4
usp000j2mw,2011,5.5,mww,11220184543019.652
usp000j2nd,2011,5.5,mww,11220184543019.652
usp000j2rm,2011,6.4,mww,251188643150959.25
usp000j2ru,2011,5.9,mww,44668359215096.53
usp000j2tq,2011,5.6,mwc,15848931924611.11
usp000j2v6,2011,5.9,mww,44668359215096.53
usp000j2vr,2011,5.5,mwc,11220184543019.652
usp000j2xb,2011,5.6,mww,15848931924611.11
usp000j32u,2011,5.6,mww,15848931924611.11
usp000j33b,2011,5.9,mww,44668359215096.53
usp000j348,2011,6.3,mww,177827941003892.28
usp000j34t,2011,5.5,mww,11220184543019.652
usp000j34v,2011,5.6,mww,15848931924611.11
usp000j35c,2011,5.7,mww,22387211385683.47
usp000j366,2011,5.5,mwc,11220184543019.652
usp000j37m,2011,6.4,mww,251188643150959.25
usp000j3ap,2011,5.6,mwb,15848931924611.11
usp000j3ce,2011,5.7,mww,22387211385683.47
usp000j3cw,2011,5.5,mww,11220184543019.652
usp000j3dg,2011,5.5,mwb,11220184543019.652
usp000j3e5,2011,5.5,mwc,11220184543019.652
usp000j3fk,2011,6.4,mww,251188643150959.25
usp000j3fq,2011,5.7,mwc,22387211385683.47
usp000j3gd,2011,6.0,mww,63095734448019.43
usp000j3jt,2011,5.7,mwc,22387211385683.47
usp000j3k6,2011,6.7,mww,707945784384140.2
usp000j3mq,2011,7.3,mww,5623413251903491.0
usp000j3n9,2011,6.1,mwc,89125093813374.4
usp000j3pk,2011,5.5,mwb,11220184543019.652
usp000j3rz,2011,5.6,mww,15848931924611.11
usp000j3sf,2011,5.5,mwb,11220184543019.652
usp000j3sp,2011,6.3,mww,177827941003892.28
usp000j3tq,2011,5.5,mwb,11220184543019.652
usp000j3ug,2011,5.5,mww,11220184543019.652
usp000j3uw,2011,5.8,mww,31622776601683.793
usp000j3vq,2011,5.8,mww,31622776601683.793
usp000j3xp,2011,5.5,mwc,11220184543019.652
usp000j3zb,2011,5.6,mww,15848931924611.11
usp000j3zh,2011,5.7,mww,22387211385683.47
usp000j3zk,2011,5.5,mwc,11220184543019.652
usp000j410,2011,5.6,mww,15848931924611.11
usp000j417,2011,5.6,mww,15848931924611.11
usp000j430,2011,5.7,mww,22387211385683.47
usp000j460,2011,5.5,mwc,11220184543019.652
usp000j46y,2011,5.7,mwc,22387211385683.47
usp000j48b,2011,5.7,mww,22387211385683.47
usp000j48h,2011,7.6,mww,1.5848931924611108e+16
usp000j49z,2011,5.5,mwc,11220184543019.652
usp000j4a9,2011,5.7,mwc,22387211385683.47
usp000j4ac,2011,5.8,mwc,31622776601683.793
usp000j4b1,2011,5.5,mww,11220184543019.652
usp000j4ch,2011,5.6,mwc,15848931924611.11
usp000j4e6,2011,5.5,mwb,11220184543019.652
usp000j4e9,2011,5.9,mww,44668359215096.53
usp000j4ea,2011,5.6,mwc,15848931924611.11
usp000j4ew,2011,5.9,mww,44668359215096.53
usp000j4f4,2011,6.0,mww,63095734448019.43
usp000j4fs,2011,6.0,mww,63095734448019.43
usp000j4gp,2011,7.0,mww,1995262314968882.8
usp000j4js,2011,5.7,mwc,22387211385683.47
usp000j4m9,2011,5.9,mww,44668359215096.53
usp000j4mf,2011,5.5,mwc,11220184543019.652
usp000j4mp,2011,5.6,mww,15848931924611.11
usp000j4nm,2011,5.7,mwc,22387211385683.47
usp000j4p4,2011,6.4,mww,251188643150959.25
usp000j4s9,2011,5.5,mwc,11220184543019.652
usp000j4sj,2011,5.6,mww,15848931924611.11
usp000j4ve,2011,5.5,mwc,11220184543019.652
usp000j4yw,2011,5.5,mwc,11220184543019.652
usp000j4yz,2011,6.1,mww,89125093813374.4
usp000j4zz,2011,6.0,mww,63095734448019.43
usp000j50h,2011,5.8,mww,31622776601683.793
usp000j51b,2011,5.9,mww,44668359215096.53
usp000j51d,2011,5.6,mwb,15848931924611.11
usp000j51f,2011,6.1,mww,89125093813374.4
usp000j54a,2011,5.5,mwc,11220184543019.652
usp000j54n,2011,5.8,mww,31622776601683.793
usp000j554,2011,5.5,mwc,11220184543019.652
usp000j560,2011,6.1,mww,89125093813374.4
usp000j57s,2011,6.0,mww,63095734448019.43
usp000j59g,2011,6.0,mww,63095734448019.43
usp000j5ab,2011,5.9,mww,44668359215096.53
usp000j5bv,2011,5.5,mwb,11220184543019.652
usp000j5by,2011,6.3,mww,177827941003892.28
usp000j5c4,2011,5.7,mwc,22387211385683.47
usp000j5cn,2011,5.5,mwb,11220184543019.652
usp000j5ed,2011,6.3,mww,177827941003892.28
usp000j5eq,2011,6.3,mww,177827941003892.28
usp000j5fr,2011,5.6,mwc,15848931924611.11
usp000j5g5,2011,5.9,mww,44668359215096.53
usp000j5h3,2011,5.6,mww,15848931924611.11
usp000j5hj,2011,5.8,mww,31622776601683.793
usp000j5hr,2011,6.0,mww,63095734448019.43
usp000j5kb,2011,5.9,mww,44668359215096.53
usp000j5kv,2011,5.6,mww,15848931924611.11
usp000j5mp,2011,5.7,mww,22387211385683.47
usp000j5nv,2011,6.7,mww,707945784384140.2
usp000j5rj,2011,5.5,mww,11220184543019.652
usp000j5rk,2011,6.3,mww,177827941003892.28
usp000j5sk,2011,6.1,mww,89125093813374.4
usp000j5t4,2011,6.6,mww,501187233627271.44
usp000j5u4,2011,5.7,mww,22387211385683.47
usp000j5ua,2011,5.9,mww,44668359215096.53
usp000j5uf,2011,5.6,mwc,15848931924611.11
usp000j5vm,2011,5.7,mww,22387211385683.47
usp000j5xn,2011,5.7,mww,22387211385683.47
usp000j5xu,2011,5.8,mww,31622776601683.793
usp000j5yv,2011,6.1,mww,89125093813374.4
usp000j60t,2011,5.7,mwc,22387211385683.47
usp000j62j,2011,5.5,mwc,11220184543019.652
usp000j64a,2011,5.6,mww,15848931924611.11
usp000j66n,2011,5.6,mwc,15848931924611.11
usp000j68j,2011,5.7,mww,22387211385683.47
usp000j69g,2011,6.0,mww,63095734448019.43
usp000j69k,2011,5.7,mwc,22387211385683.47
usp000j6a4,2011,5.6,mww,15848931924611.11
usp000j6at,2011,5.8,mww,31622776601683.793
usp000j6bj,2011,5.5,mww,11220184543019.652
usp000j6dd,2011,5.5,mwc,11220184543019.652
usp000j6de,2011,5.8,mww,31622776601683.793
usp000j6en,2011,5.6,mwb,15848931924611.11
usp000j6fy,2011,5.7,mww,22387211385683.47
usp000j6hz,2011,6.1,mww,89125093813374.4
usp000j6jb,2011,5.6,mwb,15848931924611.11
usp000j6jg,2011,5.7,mww,22387211385683.47
usp000j6kt,2011,6.1,mww,89125093813374.4
usp000j6nt,2011,6.2,mww,125892541179417.14
usp000j6nx,2011,6.2,mww,125892541179417.14
usp000j6py,2011,5.6,mwc,15848931924611.11
usp000j6qq,2011,5.5,mwc,11220184543019.652
usp000j6r4,2011,7.2,mww,3981071705534985.5
usp000j6rb,2011,6.5,mwc,354813389233576.06
usp000j6rj,2011,7.1,mww,2818382931264449.0
usp000j6sg,2011,5.6,mwb,15848931924611.11
usp000j6sp,2011,5.5,mwc,11220184543019.652
usp000j6th,2011,5.6,mwc,15848931924611.11
usp000j6tk,2011,5.8,mww,31622776601683.793
usp000j6uu,2011,5.7,mww,22387211385683.47
usp000j6v0,2011,5.7,mwc,22387211385683.47
usp000j6v4,2011,5.9,mww,44668359215096.53
usp000j6vx,2011,6.1,mww,89125093813374.4
se609212,2011,5.8,mw,31622776601683.793
usp000j6z8,2011,7.0,mww,1995262314968882.8
usp000j6zp,2011,6.2,mww,125892541179417.14
usp000j70p,2011,5.9,mww,44668359215096.53
usp000j70v,2011,5.5,mwc,11220184543019.652
usp000j74y,2011,5.7,mwc,22387211385683.47
usp000j75u,2011,5.6,mwc,15848931924611.11
usp000j77t,2011,5.6,mwc,15848931924611.11
usp000j78h,2011,6.9,mww,1412537544622761.2
usp000j7ag,2011,5.6,mww,15848931924611.11
usp000j7ak,2011,5.5,mww,11220184543019.652
usp000j7bw,2011,6.0,mww,63095734448019.43
usp000j7dc,2011,6.9,mww,1412537544622761.2
usp000j7ee,2011,6.7,mww,707945784384140.2
usp000j7gb,2011,5.8,mww,31622776601683.793
usp000j7gq,2011,6.4,mww,251188643150959.25
iscgem17197881,2011,5.81,mw,32734069487883.863
usp000j7jb,2011,7.0,mww,1995262314968882.8
usp000j7m3,2011,5.8,mww,31622776601683.793
usp000j7n5,2011,6.2,mww,125892541179417.14
usp000j7n7,2011,5.8,mww,31622776601683.793
usp000j7nn,2011,6.7,mww,707945784384140.2
usp000j7r6,2011,5.5,mwc,11220184543019.652
usp000j7uq,2011,5.9,mww,44668359215096.53
usp000j7ur,2011,6.4,mww,251188643150959.25
usp000j7xs,2011,5.8,mww,31622776601683.793
usp000j7zc,2011,5.9,mww,44668359215096.53
usp000j7zs,2011,5.7,mwb,22387211385683.47
usp000j816,2011,5.8,mww,31622776601683.793
usp000j81k,2011,5.7,mwc,22387211385683.47
usp000j81y,2011,6.0,mww,63095734448019.43
usp000j82j,2011,6.1,mww,89125093813374.4
usp000j82k,2011,6.1,mww,89125093813374.4
usp000j82z,2011,5.5,mww,11220184543019.652
usp000j83e,2011,7.3,mww,5623413251903491.0
usp000j84w,2011,5.5,mww,11220184543019.652
usp000j84y,2011,6.7,mwc,707945784384140.2
usp000j853,2011,5.7,mwc,22387211385683.47
usp000j85a,2011,5.9,mww,44668359215096.53
usp000j85c,2011,5.8,mwc,31622776601683.793
usp000j85n,2011,5.7,mwc,22387211385683.47
usp000j86f,2011,5.7,mwc,22387211385683.47
usp000j885,2011,5.6,mww,15848931924611.11
usp000j88b,2011,6.9,mww,1412537544622761.2
usp000j89k,2011,5.6,mww,15848931924611.11
usp000j89y,2011,5.6,mwr,15848931924611.11
usp000j8ac,2011,5.7,mwc,22387211385683.47
usp000j8cv,2011,5.5,mwb,11220184543019.652
usp000j8e3,2011,6.4,mww,251188643150959.25
usp000j8fp,2011,5.9,mww,44668359215096.53
usp000j8pz,2011,5.6,mwb,15848931924611.11
usp000j8ta,2011,5.6,mwb,15848931924611.11
usp000j8wa,2011,5.6,mww,15848931924611.11
usp000j8zd,2011,5.5,mww,11220184543019.652
usp000j8zy,2011,5.8,mww,31622776601683.793
usp000j907,2011,5.9,mww,44668359215096.53
usp000j91b,2011,5.6,mwc,15848931924611.11
usp000j91e,2011,6.1,mww,89125093813374.4
usp000j92x,2011,5.7,mww,22387211385683.47
usp000j933,2011,5.9,mww,44668359215096.53
usp000j94w,2011,5.5,mwc,11220184543019.652
usp000j95h,2011,5.6,mww,15848931924611.11
usp000j95q,2011,5.5,mwc,11220184543019.652
usp000j97s,2011,5.7,mww,22387211385683.47
usp000j99g,2011,6.1,mww,89125093813374.4
usp000j99k,2011,5.6,mwc,15848931924611.11
usp000j9as,2011,6.5,mww,354813389233576.06
usp000j9aw,2011,6.0,mww,63095734448019.43
usp000j9d0,2011,5.5,mwc,11220184543019.652
usp000j9ge,2011,6.1,mww,89125093813374.4
usp000j9mz,2011,6.1,mww,89125093813374.4
usp000j9nm,2011,7.4,mww,7943282347242854.0
usp000j9rr,2011,7.1,mww,2818382931264449.0
usp000j9t8,2011,5.9,mww,44668359215096.53
usp000j9vk,2011,5.7,mww,22387211385683.47
usp000j9w5,2011,5.6,mww,15848931924611.11
usp000j9yn,2011,6.0,mww,63095734448019.43
usp000ja1p,2011,6.9,mww,1412537544622761.2
usp000ja21,2011,5.6,mwc,15848931924611.11
usp000ja40,2011,5.7,mwb,22387211385683.47
usp000ja4q,2011,5.6,mwb,15848931924611.11
usp000ja4z,2011,5.7,mwb,22387211385683.47
usp000ja5b,2011,5.5,mwc,11220184543019.652
usp000ja5j,2011,5.8,mww,31622776601683.793
usp000ja68,2011,5.6,mww,15848931924611.11
usp000ja6t,2011,6.3,mww,177827941003892.28
usp000ja8d,2011,6.1,mww,89125093813374.4
usp000jaay,2011,5.8,mww,31622776601683.793
usp000jabr,2011,5.9,mww,44668359215096.53
usp000jac1,2011,5.7,mww,22387211385683.47
usp000jadn,2011,5.7,mww,22387211385683.47
usp000jae5,2011,5.7,mww,22387211385683.47
usp000jah3,2011,5.6,mwb,15848931924611.11
usp000jahe,2011,5.8,mww,31622776601683.793
usp000jaj2,2011,6.0,mww,63095734448019.43
usp000jajd,2011,6.9,mww,1412537544622761.2
usp000jamz,2011,5.6,mww,15848931924611.11
usp000jan7,2011,5.7,mww,22387211385683.47
usp000japr,2011,6.0,mww,63095734448019.43
usp000japx,2011,5.6,mwb,15848931924611.11
usp000jaq9,2011,5.6,mwc,15848931924611.11
usp000jav0,2011,6.3,mww,177827941003892.28
usp000jawe,2011,5.5,mww,11220184543019.652
usp000jawp,2011,5.7,mww,22387211385683.47
usp000jax4,2011,5.7,mww,22387211385683.47
usp000jayv,2011,6.0,mww,63095734448019.43
usp000jaz3,2011,5.6,mwc,15848931924611.11
usp000jazh,2011,5.8,mww,31622776601683.793
usp000jb0z,2011,5.6,mww,15848931924611.11
usp000jb14,2011,5.7,mwc,22387211385683.47
usp000jb1j,2011,5.8,mww,31622776601683.793
usp000jb46,2011,5.5,mww,11220184543019.652
usp000jb5z,2011,5.7,mwb,22387211385683.47
usp000jb6k,2011,5.7,mww,22387211385683.47
usp000jb98,2011,6.6,mww,501187233627271.44
usp000jba2,2011,5.5,mwc,11220184543019.652
usp000jbaf,2011,6.1,mww,89125093813374.4
usp000jbb8,2011,6.2,mww,125892541179417.14
usp000jbh2,2011,5.8,mww,31622776601683.793
usp000jbhn,2011,6.1,mww,89125093813374.4
usp000jbjx,2011,5.9,mww,44668359215096.53
usp000jbmj,2011,6.0,mww,63095734448019.43
usp000jbna,2011,5.6,mwc,15848931924611.11
usp000jbnk,2011,5.6,mww,15848931924611.11
usp000jbpz,2011,5.5,mwc,11220184543019.652
usp000jbq1,2011,5.6,mwb,15848931924611.11
usp000jbqd,2011,5.5,mwb,11220184543019.652
usp000jbs6,2011,5.6,mww,15848931924611.11
usp000jbvg,2011,5.7,mwc,22387211385683.47
usp000jbxe,2011,5.8,mww,31622776601683.793
usp000jby0,2011,6.1,mww,89125093813374.4
usp000jc0a,2011,5.7,mww,22387211385683.47
usp000jc1y,2011,6.5,mww,354813389233576.06
usp000jc2a,2011,5.7,mwc,22387211385683.47
usp000jc2q,2011,6.2,mww,125892541179417.14
usp000jc4z,2011,6.0,mww,63095734448019.43
usp000jc5u,2011,5.8,mwc,31622776601683.793
usp000jc5z,2011,7.1,mww,2818382931264449.0
usp000jc68,2011,5.5,mwc,11220184543019.652
usp000jc7p,2011,6.0,mww,63095734448019.43
usp000jc80,2011,5.6,mwb,15848931924611.11
usp000jc8u,2011,5.8,mww,31622776601683.793
usp000jccs,2011,5.7,mww,22387211385683.47
usp000jccy,2011,5.7,mww,22387211385683.47
usp000jcfc,2011,5.5,mwb,11220184543019.652
usp000jch0,2011,5.8,mww,31622776601683.793
usp000jch9,2011,5.9,mww,44668359215096.53
usp000jcjp,2011,5.9,mww,44668359215096.53
usp000jcna,2011,6.0,mww,63095734448019.43
usp000jcnx,2011,5.5,mww,11220184543019.652
usp000jcq2,2011,6.6,mww,501187233627271.44
usp000jcvb,2011,5.7,mww,22387211385683.47
usp000jcws,2012,6.8,mww,1000000000000000.0
usp000jd26,2012,5.6,mwc,15848931924611.11
usp000jd2q,2012,5.5,mww,11220184543019.652
usp000jd4t,2012,5.5,mwc,11220184543019.652
usp000jd6d,2012,5.7,mww,22387211385683.47
usp000jd8k,2012,6.4,mww,251188643150959.25
usp000jdar,2012,7.2,mww,3981071705534985.5
usp000jdcr,2012,5.5,mww,11220184543019.652
usp000jdd9,2012,5.5,mwc,11220184543019.652
usp000jdeq,2012,5.6,mwc,15848931924611.11
usp000jdgg,2012,5.8,mww,31622776601683.793
usp000jdhq,2012,6.6,mww,501187233627271.44
usp000jdhs,2012,6.0,mwc,63095734448019.43
usp000jdjm,2012,5.6,mwb,15848931924611.11
usp000jdm6,2012,5.7,mww,22387211385683.47
usp000jdmm,2012,5.6,mww,15848931924611.11
usp000jdn4,2012,5.8,mww,31622776601683.793
usp000jdpd,2012,5.7,mww,22387211385683.47
usp000jdpg,2012,5.9,mww,44668359215096.53
usp000jds3,2012,5.7,mww,22387211385683.47
usp000jdt7,2012,6.2,mww,125892541179417.14
usp000jdty,2012,6.0,mww,63095734448019.43
usp000jdu0,2012,5.5,mwc,11220184543019.652
usp000jdvv,2012,6.1,mww,89125093813374.4
usp000jdwh,2012,6.3,mww,177827941003892.28
usp000jdxc,2012,5.5,mww,11220184543019.652
usp000je28,2012,5.6,mww,15848931924611.11
usp000je2e,2012,5.6,mww,15848931924611.11
usp000je36,2012,5.9,mww,44668359215096.53
usp000je5n,2012,6.4,mww,251188643150959.25
usp000je9w,2012,5.6,mwc,15848931924611.11
usp000jea6,2012,5.6,mwc,15848931924611.11
usp000jeag,2012,7.1,mww,2818382931264449.0
usp000jed1,2012,6.1,mww,89125093813374.4
usp000jeda,2012,5.7,mwc,22387211385683.47
usp000jef9,2012,5.8,mwb,31622776601683.793
usp000jefn,2012,5.6,mwb,15848931924611.11
usp000jege,2012,5.6,mww,15848931924611.11
usp000jegm,2012,5.5,mwc,11220184543019.652
usp000jegv,2012,6.1,mww,89125093813374.4
usp000jehw,2012,6.1,mww,89125093813374.4
usp000jejw,2012,6.7,mww,707945784384140.2
usp000jek2,2012,5.6,mwc,15848931924611.11
usp000jek9,2012,6.0,mww,63095734448019.43
usp000jekd,2012,5.8,mww,31622776601683.793
usp000jeqr,2012,5.5,mwc,11220184543019.652
usp000jere,2012,5.9,mww,44668359215096.53
usp000jers,2012,5.9,mww,44668359215096.53
usp000jes4,2012,5.7,mww,22387211385683.47
usp000jetb,2012,5.6,mwb,15848931924611.11
usp000jetn,2012,5.5,mwb,11220184543019.652
usp000jew6,2012,5.9,mww,44668359215096.53
nc71734741,2012,5.6,mw,15848931924611.11
usp000jex0,2012,5.5,mwc,11220184543019.652
usp000jex9,2012,5.8,mww,31622776601683.793
usp000jexf,2012,6.4,mww,251188643150959.25
usp000jeyq,2012,5.8,mww,31622776601683.793
usp000jf01,2012,5.8,mww,31622776601683.793
usp000jf5k,2012,5.6,mwc,15848931924611.11
usp000jf8t,2012,5.5,mwc,11220184543019.652
usp000jfd0,2012,5.9,mww,44668359215096.53
usp000jfd2,2012,5.5,mwc,11220184543019.652
usp000jfdd,2012,6.0,mww,63095734448019.43
usp000jfdj,2012,6.7,mww,707945784384140.2
usp000jfhy,2012,5.6,mwb,15848931924611.11
usp000jfkt,2012,5.6,mwb,15848931924611.11
usp000jfqx,2012,6.6,mww,501187233627271.44
usp000jfs8,2012,5.5,mwb,11220184543019.652
usp000jfse,2012,5.7,mww,22387211385683.47
usp000jftj,2012,6.1,mww,89125093813374.4
usp000jfum,2012,5.6,mwc,15848931924611.11
usp000jfwh,2012,5.6,mww,15848931924611.11
usp000jfyz,2012,5.9,mwc,44668359215096.53
usp000jfzj,2012,6.7,mww,707945784384140.2
ak0123800l9g,2012,5.5,mw,11220184543019.652
usp000jg4d,2012,5.6,mww,15848931924611.11
usp000jg4u,2012,5.5,mww,11220184543019.652
usp000jg6k,2012,5.5,mwb,11220184543019.652
usp000jg7e,2012,6.9,mww,1412537544622761.2
usp000jg7p,2012,6.1,mwc,89125093813374.4
usp000jg80,2012,6.0,mwc,63095734448019.43
usp000jg91,2012,6.2,mww,125892541179417.14
usp000jgaf,2012,5.5,mwc,11220184543019.652
usp000jgb6,2012,5.8,mww,31622776601683.793
usp000jgd9,2012,5.5,mwb,11220184543019.652
usp000jgdf,2012,5.8,mww,31622776601683.793
usp000jgge,2012,5.9,mwc,44668359215096.53
usp000jghh,2012,6.1,mww,89125093813374.4
usp000jghj,2012,7.4,mww,7943282347242854.0
usp000jgm3,2012,6.6,mww,501187233627271.44
usp000jgr0,2012,5.5,mwc,11220184543019.652
usp000jgr5,2012,5.7,mwc,22387211385683.47
usp000jgsw,2012,7.1,mww,2818382931264449.0
usp000jgu5,2012,5.6,mwb,15848931924611.11
usp000jgu9,2012,5.5,mwc,11220184543019.652
usp000jguf,2012,6.0,mwb,63095734448019.43
usp000jgv9,2012,6.1,mwc,89125093813374.4
usp000jgwn,2012,5.5,mwb,11220184543019.652
usp000jh3k,2012,5.7,mwb,22387211385683.47
usp000jh3y,2012,5.7,mwb,22387211385683.47
usp000jh52,2012,6.0,mww,63095734448019.43
usp000jhb2,2012,6.1,mww,89125093813374.4
usp000jhbb,2012,5.5,mwb,11220184543019.652
usp000jhfk,2012,5.8,mww,31622776601683.793
official20120411083836720_20,2012,8.6,mw,5.011872336272715e+17
usp000jhjb,2012,8.2,mwc,1.258925411794161e+17
usp000jhpg,2012,6.0,mwc,63095734448019.43
usp000jhpj,2012,6.5,mwb,354813389233576.06
usp000jhpt,2012,5.8,mwc,31622776601683.793
usp000jhr3,2012,6.0,mwb,63095734448019.43
usp000jhr6,2012,7.0,mww,1995262314968882.8
usp000jhs9,2012,5.5,mwc,11220184543019.652
usp000jhus,2012,5.7,mww,22387211385683.47
usp000jhy7,2012,6.2,mww,125892541179417.14
usp000jhym,2012,5.6,mwb,15848931924611.11
usp000jhz5,2012,5.8,mww,31622776601683.793
usp000jhzj,2012,6.2,mww,125892541179417.14
usp000jj0a,2012,6.2,mww,125892541179417.14
usp000jj1m,2012,5.8,mww,31622776601683.793
usp000jj2g,2012,5.8,mww,31622776601683.793
usp000jj3u,2012,6.7,mww,707945784384140.2
usp000jj41,2012,6.8,mww,1000000000000000.0
usp000jj50,2012,6.2,mww,125892541179417.14
usp000jj5u,2012,5.5,mwb,11220184543019.652
usp000jjae,2012,5.7,mww,22387211385683.47
usp000jjag,2012,5.9,mwc,44668359215096.53
usp000jjak,2012,5.8,mww,31622776601683.793
usp000jjaq,2012,6.7,mww,707945784384140.2
usp000jjar,2012,5.7,mwc,22387211385683.47
usp000jjat,2012,6.0,mwc,63095734448019.43
usp000jjdr,2012,5.6,mwc,15848931924611.11
usp000jjfr,2012,6.0,mww,63095734448019.43
usp000jjg0,2012,5.7,mww,22387211385683.47
usp000jjg2,2012,5.6,mww,15848931924611.11
usp000jjgt,2012,5.6,mwc,15848931924611.11
usp000jjh8,2012,5.5,mwb,11220184543019.652
usp000jjhe,2012,5.6,mwb,15848931924611.11
usp000jjhz,2012,5.5,mwb,11220184543019.652
usp000jjjm,2012,5.7,mww,22387211385683.47
usp000jjmy,2012,5.6,mwb,15848931924611.11
usp000jjqf,2012,6.6,mww,501187233627271.44
usp000jjr0,2012,5.6,mww,15848931924611.11
usp000jjs1,2012,5.7,mww,22387211385683.47
usp000jjs6,2012,5.8,mww,31622776601683.793
usp000jjsh,2012,5.6,mwb,15848931924611.11
usp000jjt6,2012,5.6,mww,15848931924611.11
usp000jjt7,2012,5.7,mww,22387211385683.47
usp000jjtu,2012,5.5,mwb,11220184543019.652
usp000jjv8,2012,5.5,mwc,11220184543019.652
usp000jjva,2012,5.7,mww,22387211385683.47
usp000jjvz,2012,6.0,mww,63095734448019.43
usp000jjx0,2012,5.8,mww,31622776601683.793
usp000jjx9,2012,5.5,mwc,11220184543019.652
usp000jk1x,2012,5.7,mwb,22387211385683.47
usp000jk3b,2012,5.6,mwc,15848931924611.11
usp000jk44,2012,5.6,mww,15848931924611.11
usp000jk7g,2012,5.5,mww,11220184543019.652
usp000jk8a,2012,5.9,mww,44668359215096.53
usp000jkc4,2012,5.7,mww,22387211385683.47
usp000jkdy,2012,6.2,mww,125892541179417.14
usp000jkft,2012,5.7,mww,22387211385683.47
usp000jkj5,2012,6.3,mww,177827941003892.28
usp000jkkz,2012,5.8,mww,31622776601683.793
usp000jkmk,2012,5.9,mwb,44668359215096.53
usp000jkn8,2012,6.0,mww,63095734448019.43
usp000jknx,2012,6.3,mww,177827941003892.28
usp000jkrw,2012,5.6,mww,15848931924611.11
usp000jku0,2012,5.9,mww,44668359215096.53
usp000jkuj,2012,6.0,mww,63095734448019.43
usp000jkup,2012,5.9,mwc,44668359215096.53
usp000jkw6,2012,6.1,mww,89125093813374.4
usp000jkyu,2012,6.0,mwc,63095734448019.43
usp000jm15,2012,6.7,mww,707945784384140.2
usp000jm27,2012,5.9,mww,44668359215096.53
usp000jm2d,2012,5.6,mww,15848931924611.11
usp000jm2e,2012,5.8,mww,31622776601683.793
usp000jm2n,2012,5.8,mww,31622776601683.793
usp000jm2z,2012,5.5,mww,11220184543019.652
usp000jm6c,2012,5.6,mwc,15848931924611.11
usp000jm6p,2012,5.5,mwb,11220184543019.652
usp000jm6s,2012,5.8,mww,31622776601683.793
usp000jm7x,2012,5.9,mww,44668359215096.53
usp000jm95,2012,5.5,mwc,11220184543019.652
usp000jma4,2012,6.3,mww,177827941003892.28
usp000jma5,2012,6.3,mww,177827941003892.28
usp000jmap,2012,5.9,mww,44668359215096.53
usp000jmaw,2012,5.7,mww,22387211385683.47
usp000jmcv,2012,6.1,mww,89125093813374.4
usp000jmdc,2012,5.5,mwb,11220184543019.652
usp000jmf2,2012,6.0,mww,63095734448019.43
usp000jmfd,2012,5.8,mww,31622776601683.793
usp000jmfp,2012,6.1,mww,89125093813374.4
usp000jmjm,2012,5.9,mww,44668359215096.53
usp000jmkj,2012,6.0,mww,63095734448019.43
usp000jmmc,2012,5.7,mww,22387211385683.47
usp000jms3,2012,5.5,mww,11220184543019.652
usp000jmsf,2012,5.7,mww,22387211385683.47
usp000jmv2,2012,5.9,mww,44668359215096.53
usp000jmvf,2012,5.7,mww,22387211385683.47
usp000jmwc,2012,6.3,mww,177827941003892.28
usp000jmz8,2012,6.0,mww,63095734448019.43
usp000jmzp,2012,5.6,mww,15848931924611.11
usp000jn25,2012,5.5,mwb,11220184543019.652
usp000jn2m,2012,5.5,mwb,11220184543019.652
usp000jn2y,2012,5.7,mww,22387211385683.47
usp000jn41,2012,6.1,mww,89125093813374.4
usp000jn5a,2012,5.5,mww,11220184543019.652
usp000jn5s,2012,6.0,mww,63095734448019.43
usp000jn65,2012,5.5,mww,11220184543019.652
usp000jn9s,2012,5.7,mww,22387211385683.47
usp000jnam,2012,5.5,mwc,11220184543019.652
usp000jncm,2012,5.8,mww,31622776601683.793
usp000jncx,2012,6.3,mww,177827941003892.28
usp000jne5,2012,5.5,mwc,11220184543019.652
usp000jnev,2012,5.6,mwb,15848931924611.11
usp000jnh9,2012,5.7,mww,22387211385683.47
usp000jnhn,2012,5.5,mww,11220184543019.652
usp000jnj4,2012,6.3,mww,177827941003892.28
usp000jnnv,2012,6.3,mww,177827941003892.28
usp000jnpr,2012,5.7,mww,22387211385683.47
usp000jnrw,2012,6.0,mww,63095734448019.43
usp000jnt4,2012,5.6,mww,15848931924611.11
usp000jntb,2012,5.6,mww,15848931924611.11
usp000jnv4,2012,5.7,mww,22387211385683.47
usp000jnvq,2012,5.7,mww,22387211385683.47
usp000jnxe,2012,5.8,mww,31622776601683.793
usp000jnxg,2012,5.7,mww,22387211385683.47
usp000jnxq,2012,5.5,mwc,11220184543019.652
usp000jp26,2012,5.5,mwb,11220184543019.652
usp000jp2p,2012,5.6,mww,15848931924611.11
usp000jp54,2012,5.9,mww,44668359215096.53
usp000jp5c,2012,5.9,mww,44668359215096.53
usp000jp6g,2012,5.6,mww,15848931924611.11
usp000jp79,2012,6.0,mww,63095734448019.43
usp000jp7b,2012,5.8,mww,31622776601683.793
usp000jp7r,2012,5.6,mwb,15848931924611.11
usp000jp8m,2012,5.6,mwb,15848931924611.11
usp000jp8s,2012,5.9,mww,44668359215096.53
usp000jpa9,2012,5.6,mww,15848931924611.11
usp000jpe1,2012,6.4,mww,251188643150959.25
usp000jpeh,2012,6.4,mww,251188643150959.25
usp000jpfh,2012,6.7,mww,707945784384140.2
usp000jpfr,2012,5.5,mwb,11220184543019.652
usp000jpfw,2012,5.6,mwc,15848931924611.11
usp000jpjk,2012,6.5,mww,354813389233576.06
usp000jpkd,2012,5.7,mwb,22387211385683.47
usp000jpkv,2012,5.6,mww,15848931924611.11
usp000jpm2,2012,5.9,mww,44668359215096.53
usp000jps6,2012,5.5,mwb,11220184543019.652
usp000jps8,2012,6.1,mww,89125093813374.4
usp000jpsa,2012,6.1,mww,89125093813374.4
usp000jptt,2012,5.5,mwb,11220184543019.652
usp000jpxe,2012,5.8,mww,31622776601683.793
usp000jq1s,2012,5.9,mww,44668359215096.53
usp000jq2q,2012,5.6,mww,15848931924611.11
usp000jq4r,2012,6.2,mww,125892541179417.14
usp000jq5p,2012,6.4,mww,251188643150959.25
usp000jq5r,2012,6.2,mww,125892541179417.14
usp000jq7p,2012,6.2,mww,125892541179417.14
usp000jq81,2012,5.5,mwc,11220184543019.652
usp000jq9h,2012,7.7,mww,2.2387211385683468e+16
usp000jqc7,2012,5.5,mwb,11220184543019.652
usp000jqcr,2012,5.6,mwc,15848931924611.11
usp000jqcu,2012,5.8,mww,31622776601683.793
usp000jqee,2012,5.5,mwc,11220184543019.652
usp000jqf3,2012,6.3,mww,177827941003892.28
usp000jqf4,2012,5.7,mwc,22387211385683.47
usp000jqfc,2012,5.8,mww,31622776601683.793
usp000jqfj,2012,5.7,mww,22387211385683.47
usp000jqge,2012,5.6,mww,15848931924611.11
usp000jqha,2012,6.2,mww,125892541179417.14
usp000jqkg,2012,5.6,mwb,15848931924611.11
usp000jqns,2012,5.7,mww,22387211385683.47
usp000jqnv,2012,5.5,mwc,11220184543019.652
usp000jqp0,2012,5.6,mww,15848931924611.11
usp000jqqj,2012,5.9,mwb,44668359215096.53
usp000jqrq,2012,5.6,mwb,15848931924611.11
usp000jqrz,2012,6.6,mww,501187233627271.44
usp000jqvm,2012,7.3,mww,5623413251903491.0
usp000jqz0,2012,5.5,mww,11220184543019.652
usp000jr29,2012,5.5,mwb,11220184543019.652
usp000jr4w,2012,5.6,mwc,15848931924611.11
usp000jr55,2012,6.8,mww,1000000000000000.0
usp000jr83,2012,7.6,mww,1.5848931924611108e+16
usp000jrbm,2012,5.6,mwc,15848931924611.11
usp000jrer,2012,5.5,mwb,11220184543019.652
usp000jrjh,2012,5.8,mww,31622776601683.793
usp000jrkr,2012,6.1,mww,89125093813374.4
usp000jrky,2012,5.7,mwc,22387211385683.47
usp000jrsq,2012,6.0,mww,63095734448019.43
usp000jrsw,2012,7.6,mww,1.5848931924611108e+16
usp000jruj,2012,5.6,mwc,15848931924611.11
usp000jrwf,2012,5.7,mwb,22387211385683.47
usp000jrwu,2012,5.5,mww,11220184543019.652
usp000jrza,2012,5.7,mwb,22387211385683.47
usp000jrzt,2012,6.1,mww,89125093813374.4
usp000js0m,2012,5.7,mww,22387211385683.47
usp000js1a,2012,5.9,mww,44668359215096.53
usp000js21,2012,5.5,mwb,11220184543019.652
usp000js4e,2012,5.6,mww,15848931924611.11
usp000js5k,2012,5.9,mww,44668359215096.53
usp000js6n,2012,5.5,mww,11220184543019.652
usp000js8a,2012,5.5,mwc,11220184543019.652
usp000jsa4,2012,6.2,mww,125892541179417.14
usp000jsad,2012,5.5,mwc,11220184543019.652
usp000jscb,2012,5.7,mww,22387211385683.47
usp000jsgh,2012,5.5,mwb,11220184543019.652
usp000jsmu,2012,5.7,mww,22387211385683.47
usp000jsq5,2012,5.5,mww,11220184543019.652
usp000jsvz,2012,5.5,mwb,11220184543019.652
usp000jsxq,2012,5.6,mww,15848931924611.11
usp000jsz4,2012,6.3,mww,177827941003892.28
usp000jt0h,2012,6.4,mww,251188643150959.25
usp000jt4n,2012,5.8,mww,31622776601683.793
usp000jt7t,2012,5.5,mwb,11220184543019.652
usp000jta1,2012,7.3,mww,5623413251903491.0
usp000jtc6,2012,6.1,mww,89125093813374.4
usp000jteb,2012,5.5,mwb,11220184543019.652
usp000jtfv,2012,5.7,mwb,22387211385683.47
usp000jtj4,2012,5.7,mwb,22387211385683.47
usp000jtm0,2012,5.5,mwb,11220184543019.652
usp000jtm4,2012,5.5,mwc,11220184543019.652
usp000jtny,2012,5.6,mwb,15848931924611.11
usp000jtqd,2012,5.7,mww,22387211385683.47
usp000jtqn,2012,5.9,mww,44668359215096.53
usp000jtqw,2012,6.1,mww,89125093813374.4
usp000jts9,2012,5.6,mwc,15848931924611.11
usp000jtsk,2012,6.6,mww,501187233627271.44
usp000jtvk,2012,5.5,mww,11220184543019.652
usp000jtvw,2012,6.6,mww,501187233627271.44
usp000jtyn,2012,5.8,mww,31622776601683.793
usp000jtz0,2012,5.7,mww,22387211385683.47
usp000jtz4,2012,5.5,mwc,11220184543019.652
usp000jtz6,2012,5.5,mwr,11220184543019.652
usp000ju03,2012,5.6,mww,15848931924611.11
usp000ju15,2012,5.5,mwb,11220184543019.652
usp000ju1y,2012,5.6,mww,15848931924611.11
usp000ju2g,2012,5.6,mww,15848931924611.11
usp000ju30,2012,6.0,mww,63095734448019.43
usp000ju3z,2012,5.9,mww,44668359215096.53
usp000ju5t,2012,5.6,mwc,15848931924611.11
usp000ju7q,2012,6.2,mww,125892541179417.14
usp000ju82,2012,5.5,mww,11220184543019.652
usp000jubp,2012,5.9,mww,44668359215096.53
usp000jubq,2012,5.6,mwb,15848931924611.11
usp000jubr,2012,5.8,mww,31622776601683.793
usp000jucg,2012,6.5,mww,354813389233576.06
usp000jue6,2012,5.6,mww,15848931924611.11
usp000juhz,2012,7.8,mww,3.162277660168379e+16
usp000juj7,2012,5.5,mwr,11220184543019.652
usp000junu,2012,6.3,mww,177827941003892.28
usp000junz,2012,5.6,mwr,15848931924611.11
usp000juq5,2012,5.5,mwc,11220184543019.652
usp000juqw,2012,5.7,mww,22387211385683.47
usp000jus5,2012,6.2,mww,125892541179417.14
usp000juw5,2012,5.7,mww,22387211385683.47
usp000juwz,2012,5.5,mwb,11220184543019.652
usp000juy1,2012,6.1,mww,89125093813374.4
usp000juz9,2012,5.6,mww,15848931924611.11
usp000jv20,2012,5.6,mww,15848931924611.11
usp000jv34,2012,5.7,mww,22387211385683.47
usp000jv36,2012,5.6,mww,15848931924611.11
usp000jv3c,2012,5.6,mww,15848931924611.11
usp000jv3q,2012,5.5,mwb,11220184543019.652
usp000jv5f,2012,7.4,mww,7943282347242854.0
usp000jv65,2012,5.7,mwc,22387211385683.47
usp000jv6a,2012,5.6,mwc,15848931924611.11
usp000jv6k,2012,6.1,mww,89125093813374.4
usp000jvb0,2012,6.0,mww,63095734448019.43
usp000jvbq,2012,6.8,mww,1000000000000000.0
usp000jvcs,2012,5.8,mww,31622776601683.793
usp000jvd9,2012,5.5,mww,11220184543019.652
usp000jvdf,2012,6.5,mww,354813389233576.06
usp000jvfa,2012,6.3,mww,177827941003892.28
usp000jvgu,2012,6.1,mww,89125093813374.4
usp000jvjb,2012,5.6,mwc,15848931924611.11
usp000jvjx,2012,5.7,mww,22387211385683.47
usp000jvkn,2012,6.1,mww,89125093813374.4
usp000jvkw,2012,5.6,mww,15848931924611.11
usp000jvmj,2012,5.9,mww,44668359215096.53
usp000jvmk,2012,6.1,mww,89125093813374.4
usp000jvmr,2012,5.5,mwb,11220184543019.652
usp000jvp2,2012,5.6,mwc,15848931924611.11
usp000jvpf,2012,6.5,mww,354813389233576.06
usp000jvpw,2012,5.6,mww,15848931924611.11
usp000jvq1,2012,5.9,mww,44668359215096.53
usp000jvtm,2012,6.0,mww,63095734448019.43
usp000jvxm,2012,5.9,mww,44668359215096.53
usp000jvy8,2012,5.9,mww,44668359215096.53
usp000jw4d,2012,5.7,mww,22387211385683.47
usp000jw5y,2012,5.6,mww,15848931924611.11
usp000jw6g,2012,5.6,mww,15848931924611.11
usp000jw7j,2012,5.5,mwb,11220184543019.652
usp000jw7s,2012,5.9,mww,44668359215096.53
usp000jw85,2012,5.5,mwb,11220184543019.652
usp000jw97,2012,5.7,mwb,22387211385683.47
usp000jwax,2012,6.1,mww,89125093813374.4
usp000jwcx,2012,5.6,mwc,15848931924611.11
ak012fko16th,2012,5.8,mw,31622776601683.793
usp000jwga,2012,5.8,mww,31622776601683.793
usp000jwgq,2012,5.5,mwc,11220184543019.652
usp000jwjn,2012,7.3,mww,5623413251903491.0
usp000jwjp,2012,6.2,mww,125892541179417.14
usp000jwmk,2012,6.3,mww,177827941003892.28
usp000jwmw,2012,5.7,mwc,22387211385683.47
usp000jwpn,2012,5.6,mww,15848931924611.11
usp000jws0,2012,5.6,mwb,15848931924611.11
usp000jwt8,2012,7.1,mww,2818382931264449.0
usp000jwu3,2012,6.0,mww,63095734448019.43
usp000jwxk,2012,5.5,mww,11220184543019.652
usp000jwyb,2012,6.3,mww,177827941003892.28
usp000jwym,2012,5.8,mwc,31622776601683.793
usp000jwza,2012,6.0,mww,63095734448019.43
usp000jx05,2012,6.1,mww,89125093813374.4
usp000jx21,2012,5.6,mww,15848931924611.11
usp000jx2e,2012,6.1,mww,89125093813374.4
usp000jx2v,2012,5.9,mww,44668359215096.53
usp000jx2w,2012,5.7,mwb,22387211385683.47
usp000jx85,2012,6.7,mww,707945784384140.2
usp000jx9b,2012,5.5,mww,11220184543019.652
usp000jxaj,2012,5.7,mww,22387211385683.47
usp000jxep,2012,5.5,mwb,11220184543019.652
usp000jxet,2012,5.9,mww,44668359215096.53
usp000jxhm,2012,5.5,mww,11220184543019.652
usp000jxja,2012,5.7,mww,22387211385683.47
usp000jxjw,2012,5.5,mww,11220184543019.652
usp000jxrn,2013,5.6,mwb,15848931924611.11
ak0138esnzr,2013,7.5,mw,1.1220184543019652e+16
usp000jy2b,2013,5.7,mww,22387211385683.47
usp000jy2w,2013,5.7,mww,22387211385683.47
usp000jy3c,2013,5.8,mww,31622776601683.793
usp000jy5b,2013,5.6,mww,15848931924611.11
usp000jy6c,2013,5.7,mww,22387211385683.47
usp000jyce,2013,5.7,mww,22387211385683.47
ak013ne6tla,2013,5.5,mw,11220184543019.652
usp000jyev,2013,6.1,mww,89125093813374.4
usb000erse,2013,5.5,mwb,11220184543019.652
usp000jyn6,2013,5.5,mwc,11220184543019.652
usb000esbm,2013,5.5,mwb,11220184543019.652
usb000esgn,2013,6.1,mww,89125093813374.4
usc000ewcv,2013,5.7,mww,22387211385683.47
usc000ewqq,2013,6.1,mww,89125093813374.4
usc000eyp3,2013,6.8,mww,1000000000000000.0
usc000eyur,2013,6.1,mww,89125093813374.4
usc000ez0w,2013,6.1,mww,89125093813374.4
usc000ez11,2013,5.8,mwc,31622776601683.793
usc000ez19,2013,5.5,mwc,11220184543019.652
usc000ez22,2013,5.5,mwc,11220184543019.652
ak0131ffc3tc,2013,5.9,mw,44668359215096.53
usc000ezhu,2013,5.8,mww,31622776601683.793
usc000ezil,2013,6.0,mww,63095734448019.43
usc000ezv6,2013,6.3,mww,177827941003892.28
usc000ezw4,2013,6.4,mww,251188643150959.25
usc000ezyt,2013,5.8,mww,31622776601683.793
usc000f03a,2013,6.9,mww,1412537544622761.2
usc000f05y,2013,6.0,mwb,63095734448019.43
usp000jz0p,2013,5.5,mwc,11220184543019.652
usc000f1r5,2013,6.0,mww,63095734448019.43
usc000f1s0,2013,8.0,mww,6.309573444801943e+16
usc000f1se,2013,7.1,mww,2818382931264449.0
usc000f1ts,2013,7.0,mww,1995262314968882.8
usc000f23y,2013,6.1,mwc,89125093813374.4
usc000f246,2013,5.9,mwc,44668359215096.53
usc000f299,2013,5.9,mwb,44668359215096.53
usc000f29g,2013,6.0,mwb,63095734448019.43
usc000f2a4,2013,5.8,mwc,31622776601683.793
usc000f2ap,2013,6.0,mww,63095734448019.43
usc000f2bn,2013,5.9,mwc,44668359215096.53
usc000f2d8,2013,5.8,mwb,31622776601683.793
usc000f2pu,2013,5.6,mwc,15848931924611.11
usc000f2ul,2013,6.0,mww,63095734448019.43
usc000f31w,2013,5.8,mww,31622776601683.793
usc000f329,2013,5.8,mww,31622776601683.793
usc000f3fx,2013,6.7,mww,707945784384140.2
usc000f3hb,2013,5.8,mwc,31622776601683.793
usc000f3r7,2013,5.5,mwb,11220184543019.652
usc000f3vv,2013,5.5,mwb,11220184543019.652
usc000f3x8,2013,6.8,mww,1000000000000000.0
usc000f40d,2013,5.8,mwc,31622776601683.793
usc000f40j,2013,7.1,mww,2818382931264449.0
usc000f42w,2013,5.7,mwc,22387211385683.47
usc000f499,2013,5.5,mwb,11220184543019.652
usc000f4e9,2013,5.5,mwb,11220184543019.652
usc000f4ij,2013,6.9,mww,1412537544622761.2
usc000f4n5,2013,6.6,mww,501187233627271.44
usc000f4qc,2013,5.5,mwc,11220184543019.652
usc000f4rp,2013,5.6,mwb,15848931924611.11
usc000f4ve,2013,5.6,mwb,15848931924611.11
usc000f4zf,2013,6.0,mww,63095734448019.43
usc000f5fa,2013,5.7,mww,22387211385683.47
usc000f5mb,2013,5.7,mww,22387211385683.47
usc000f6am,2013,5.5,mww,11220184543019.652
usc000f76f,2013,6.6,mww,501187233627271.44
usc000f7mi,2013,5.7,mww,22387211385683.47
usc000f8be,2013,6.1,mww,89125093813374.4
usc000f8cd,2013,5.8,mww,31622776601683.793
usc000f91p,2013,5.5,mwb,11220184543019.652
usc000f91t,2013,5.7,mww,22387211385683.47
usc000f9kb,2013,5.5,mww,11220184543019.652
usc000f9p5,2013,5.9,mww,44668359215096.53
usc000f9ra,2013,5.5,mww,11220184543019.652
usc000fad1,2013,5.7,mww,22387211385683.47
usc000faep,2013,5.6,mww,15848931924611.11
us2013lwcv,2013,5.6,mww,15848931924611.11
usc000fbl2,2013,6.1,mww,89125093813374.4
usc000fc4p,2013,5.9,mww,44668359215096.53
usc000fc5f,2013,5.9,mww,44668359215096.53
usc000fc75,2013,5.6,mww,15848931924611.11
usc000fckr,2013,5.5,mwb,11220184543019.652
usc000fd56,2013,5.8,mww,31622776601683.793
usc000fdn6,2013,5.7,mww,22387211385683.47
usc000fe8q,2013,5.9,mww,44668359215096.53
usc000febi,2013,6.9,mww,1412537544622761.2
usc000fee8,2013,5.8,mww,31622776601683.793
usc000fewp,2013,6.4,mww,251188643150959.25
usc000feww,2013,6.5,mww,354813389233576.06
usc000ffei,2013,5.6,mww,15848931924611.11
usc000fga1,2013,5.8,mww,31622776601683.793
usc000fgwh,2013,5.5,mwb,11220184543019.652
usb000fgws,2013,5.5,mww,11220184543019.652
usb000fh5e,2013,5.5,mwb,11220184543019.652
usb000fhxq,2013,5.8,mww,31622776601683.793
usb000fi8j,2013,5.5,mww,11220184543019.652
usb000fic3,2013,5.7,mww,22387211385683.47
usb000fij4,2013,6.5,mww,354813389233576.06
usb000filu,2013,5.5,mwc,11220184543019.652
usb000fiww,2013,5.5,mww,11220184543019.652
usb000fk1l,2013,5.8,mww,31622776601683.793
usb000flq3,2013,5.5,mwb,11220184543019.652
usb000fnl4,2013,5.9,mww,44668359215096.53
usb000frdz,2013,5.5,mwc,11220184543019.652
usb000frv8,2013,5.9,mww,44668359215096.53
usb000frwy,2013,6.1,mww,89125093813374.4
usb000fshy,2013,6.2,mww,125892541179417.14
usb000fssd,2013,5.5,mww,11220184543019.652
usb000fsz8,2013,5.5,mwb,11220184543019.652
usb000ftgc,2013,5.9,mww,44668359215096.53
usb000fub3,2013,5.5,mwc,11220184543019.652
usp000jzyp,2013,5.6,mwc,15848931924611.11
usb000fwb9,2013,5.5,mww,11220184543019.652
usb000fx1s,2013,5.6,mwb,15848931924611.11
usb000fxh7,2013,6.0,mww,63095734448019.43
usb000fxxk,2013,5.5,mww,11220184543019.652
usb000fy5i,2013,5.9,mww,44668359215096.53
usb000g0cq,2013,6.3,mww,177827941003892.28
usb000g1a2,2013,5.5,mwc,11220184543019.652
usb000g128,2013,5.8,mww,31622776601683.793
usb000g13s,2013,7.0,mww,1995262314968882.8
us2013nrbl,2013,5.5,mwc,11220184543019.652
usb000g2y5,2013,6.4,mww,251188643150959.25
usb000g4ca,2013,5.8,mww,31622776601683.793
usb000g4z6,2013,5.7,mww,22387211385683.47
usb000g5yg,2013,5.8,mww,31622776601683.793
usb000g6it,2013,6.0,mww,63095734448019.43
usb000g6lc,2013,6.6,mww,501187233627271.44
usb000g7w7,2013,5.7,mww,22387211385683.47
usb000g7x7,2013,7.7,mww,2.2387211385683468e+16
usb000g8my,2013,6.6,mww,501187233627271.44
usb000g8rt,2013,5.6,mww,15848931924611.11
usb000g8ti,2013,5.5,mwb,11220184543019.652
usb000g9yi,2013,5.6,mwb,15848931924611.11
usb000g940,2013,5.9,mww,44668359215096.53
usb000gagm,2013,5.5,mwc,11220184543019.652
us2013pda1,2013,5.5,mwc,11220184543019.652
usb000gbf8,2013,7.2,mww,3981071705534985.5
usb000gc0z,2013,5.8,mww,31622776601683.793
usb000gc6m,2013,6.1,mww,89125093813374.4
usb000gcdd,2013,6.6,mww,501187233627271.44
usb000gcgl,2013,5.7,mww,22387211385683.47
usb000gcgu,2013,5.9,mww,44668359215096.53
usb000gch7,2013,5.8,mww,31622776601683.793
usb000gcls,2013,6.1,mww,89125093813374.4
usb000gczl,2013,6.1,mww,89125093813374.4
usb000gd5d,2013,5.6,mww,15848931924611.11
usb000gda9,2013,6.0,mww,63095734448019.43
usb000gdcd,2013,5.5,mwb,11220184543019.652
usb000gen8,2013,6.5,mww,354813389233576.06
usb000geu9,2013,5.5,mww,11220184543019.652
us2013plai,2013,6.1,mww,89125093813374.4
usb000ghg0,2013,5.6,mww,15848931924611.11
us2013pqaf,2013,5.9,mww,44668359215096.53
usb000gjhz,2013,5.7,mww,22387211385683.47
us2013puau,2013,5.5,mwc,11220184543019.652
usc000gp4q,2013,5.5,mwb,11220184543019.652
usc000gpwn,2013,6.0,mww,63095734448019.43
usc000gteu,2013,5.7,mww,22387211385683.47
usc000gtvs,2013,6.1,mww,89125093813374.4
usc000gtwf,2013,5.5,mwc,11220184543019.652
usc000gudx,2013,6.4,mww,251188643150959.25
usc000guh1,2013,5.5,mwb,11220184543019.652
usc000gulu,2013,5.8,mww,31622776601683.793
usc000gup1,2013,5.5,mwb,11220184543019.652
usc000gv1n,2013,5.5,mww,11220184543019.652
usc000gw27,2013,6.8,mww,1000000000000000.0
usc000gwpr,2013,5.6,mww,15848931924611.11
usc000gx0q,2013,5.5,mww,11220184543019.652
usc000gx2d,2013,5.7,mww,22387211385683.47
usb000gwu2,2013,5.6,mww,15848931924611.11
usb000gxic,2013,5.7,mww,22387211385683.47
usb000gy4a,2013,5.6,mww,15848931924611.11
usb000gy67,2013,6.0,mww,63095734448019.43
usb000gy8m,2013,5.5,mwb,11220184543019.652
usb000gz3x,2013,6.1,mww,89125093813374.4
usb000gzdd,2013,5.5,mwc,11220184543019.652
usb000gzlm,2013,6.4,mww,251188643150959.25
usb000h0eg,2013,6.0,mww,63095734448019.43
usb000h0fe,2013,5.9,mww,44668359215096.53
usb000h0fh,2013,5.7,mwb,22387211385683.47
usb000h0hd,2013,5.7,mww,22387211385683.47
usb000h0hw,2013,6.1,mww,89125093813374.4
usb000h0wg,2013,5.5,mwb,11220184543019.652
usb000h1g2,2013,5.8,mww,31622776601683.793
usb000h3k3,2013,7.4,mww,7943282347242854.0
usb000h40b,2013,6.3,mww,177827941003892.28
nc71996906,2013,5.69,mw,21627185237270.246
usb000h4jh,2013,8.3,mww,1.778279410038923e+17
usb000h543,2013,6.7,mwb,707945784384140.2
usb000h5zp,2013,5.5,mwb,11220184543019.652
usb000h6in,2013,5.7,mww,22387211385683.47
usb000h6w1,2013,5.9,mww,44668359215096.53
usb000h700,2013,5.7,mww,22387211385683.47
usb000h70p,2013,5.6,mwc,15848931924611.11
usb000hbde,2013,5.6,mww,15848931924611.11
usb000hbha,2013,5.5,mwb,11220184543019.652
usb000hbrt,2013,6.2,mww,125892541179417.14
usb000hby6,2013,5.5,mwb,11220184543019.652
usb000hcvg,2013,5.5,mwb,11220184543019.652
usb000hdx2,2013,6.1,mww,89125093813374.4
usc000hi56,2013,5.9,mww,44668359215096.53
usc000hib7,2013,5.8,mww,31622776601683.793
usc000himm,2013,5.6,mww,15848931924611.11
usc000hj3r,2013,5.6,mww,15848931924611.11
usc000hpjj,2013,5.6,mww,15848931924611.11
usc000hpsd,2013,6.7,mww,707945784384140.2
usc000hrgh,2013,6.0,mww,63095734448019.43
usc000hrl4,2013,6.2,mww,125892541179417.14
usc000hrnr,2013,6.5,mww,354813389233576.06
usc000hs0h,2013,5.5,mwb,11220184543019.652
usc000hs1m,2013,5.8,mww,31622776601683.793
usc000hs67,2013,5.7,mww,22387211385683.47
usc000hsdj,2013,6.0,mww,63095734448019.43
usc000hskz,2013,5.6,mwb,15848931924611.11
usc000hutp,2013,5.5,mwc,11220184543019.652
usc000hypt,2013,5.7,mww,22387211385683.47
usc000hyr0,2013,5.7,mww,22387211385683.47
usc000hzfk,2013,6.6,mww,501187233627271.44
usb000i0ye,2013,5.5,mww,11220184543019.652
usb000i181,2013,5.7,mww,22387211385683.47
usb000i34l,2013,5.7,mww,22387211385683.47
usb000i4re,2013,6.1,mww,89125093813374.4
usb000i4rq,2013,5.5,mwc,11220184543019.652
usb000i4td,2013,5.5,mwb,11220184543019.652
usb000i52f,2013,5.5,mwb,11220184543019.652
usb000i576,2013,5.6,mww,15848931924611.11
usb000i5lc,2013,5.8,mww,31622776601683.793
usb000i67t,2013,5.7,mww,22387211385683.47
usb000i6rh,2013,6.1,mww,89125093813374.4
usb000i7na,2013,6.0,mww,63095734448019.43
usb000i89z,2013,7.3,mww,5623413251903491.0
usb000i8ey,2013,6.6,mww,501187233627271.44
usb000i8n2,2013,5.7,mww,22387211385683.47
usb000i8nx,2013,5.7,mww,22387211385683.47
usb000i8xl,2013,5.5,mwb,11220184543019.652
usb000ia6p,2013,5.6,mwb,15848931924611.11
usb000ib4c,2013,5.5,mwc,11220184543019.652
usb000ib4l,2013,5.6,mwb,15848931924611.11
usb000ib5c,2013,5.6,mwb,15848931924611.11
usb000ief4,2013,5.8,mww,31622776601683.793
usb000ief9,2013,7.3,mww,5623413251903491.0
usb000if30,2013,5.9,mww,44668359215096.53
usb000ifgq,2013,5.7,mwb,22387211385683.47
usb000ifva,2013,6.0,mww,63095734448019.43
usb000ih9z,2013,5.5,mww,11220184543019.652
usb000ihl9,2013,5.5,mwb,11220184543019.652
usb000ihqd,2013,5.7,mww,22387211385683.47
usb000ihw9,2013,5.5,mwb,11220184543019.652
usb000iim7,2013,5.9,mww,44668359215096.53
usb000iivv,2013,6.5,mww,354813389233576.06
usb000ije3,2013,5.9,mww,44668359215096.53
usb000ijj6,2013,6.3,mww,177827941003892.28
usb000ilce,2013,5.9,mww,44668359215096.53
usc000ipje,2013,6.1,mww,89125093813374.4
usc000iq6f,2013,6.3,mww,177827941003892.28
usc000irjf,2013,5.5,mwc,11220184543019.652
usb000itmf,2013,6.0,mww,63095734448019.43
usb000iv4w,2013,5.8,mww,31622776601683.793
usb000iv7t,2013,5.5,mwb,11220184543019.652
usb000iv94,2013,5.8,mww,31622776601683.793
usb000iw7z,2013,5.6,mwb,15848931924611.11
usb000iwaz,2013,5.8,mww,31622776601683.793
usb000iwi8,2013,5.7,mww,22387211385683.47
usb000iwjv,2013,5.7,mww,22387211385683.47
usb000j0t5,2013,5.7,mww,22387211385683.47
usb000j0vl,2013,6.0,mww,63095734448019.43
usb000j0yl,2013,6.1,mww,89125093813374.4
usb000j0zb,2013,5.5,mwc,11220184543019.652
usb000j10u,2013,6.2,mww,125892541179417.14
usb000j25k,2013,5.7,mww,22387211385683.47
usb000j275,2013,6.7,mww,707945784384140.2
usb000j4iz,2013,6.5,mww,354813389233576.06
usb000j4j6,2013,5.5,mwr,11220184543019.652
usb000j4kk,2013,5.9,mww,44668359215096.53
usb000j4n4,2013,5.9,mww,44668359215096.53
usb000j5ki,2013,6.1,mww,89125093813374.4
usb000j7zm,2013,5.7,mww,22387211385683.47
usb000j83t,2013,6.2,mww,125892541179417.14
usb000jaf4,2013,5.8,mww,31622776601683.793
usb000jb6e,2013,5.8,mww,31622776601683.793
usb000jbng,2013,5.8,mww,31622776601683.793
usb000jcfu,2013,6.2,mww,125892541179417.14
usb000jd4n,2013,5.7,mww,22387211385683.47
usb000jdln,2013,5.8,mww,31622776601683.793
usb000jdt7,2013,7.0,mww,1995262314968882.8
usb000je5n,2013,5.6,mww,15848931924611.11
usb000je9f,2013,6.0,mww,63095734448019.43
usb000je9l,2013,5.5,mwc,11220184543019.652
usb000jelf,2013,6.5,mww,354813389233576.06
usb000jesh,2013,5.7,mww,22387211385683.47
usb000jey1,2013,5.7,mww,22387211385683.47
usb000jez7,2013,5.9,mww,44668359215096.53
usb000jg6b,2013,6.1,mww,89125093813374.4
usb000jgci,2013,5.5,mwr,11220184543019.652
usb000jgfc,2013,6.5,mww,354813389233576.06
usb000jgfh,2013,6.0,mww,63095734448019.43
usb000jgju,2013,6.5,mww,354813389233576.06
usb000jgrq,2013,5.8,mww,31622776601683.793
usb000jguu,2013,5.7,mww,22387211385683.47
usb000jguz,2013,6.0,mww,63095734448019.43
usb000ji6r,2013,6.0,mww,63095734448019.43
usb000ji7f,2013,5.6,mww,15848931924611.11
usb000jigi,2013,5.9,mww,44668359215096.53
usb000jjek,2013,5.5,mwb,11220184543019.652
usb000jjmy,2013,5.9,mww,44668359215096.53
usb000jkmw,2013,6.4,mww,251188643150959.25
usb000jmsl,2013,5.6,mww,15848931924611.11
usc000jrid,2013,6.1,mww,89125093813374.4
usc000jue6,2013,5.9,mww,44668359215096.53
usc000juwv,2013,6.1,mww,89125093813374.4
usb000jy5l,2013,5.5,mwc,11220184543019.652
usb000jwly,2013,5.7,mww,22387211385683.47
usb000jx0m,2013,6.1,mww,89125093813374.4
usb000jx63,2013,5.8,mww,31622776601683.793
usb000jyhd,2013,5.5,mwb,11220184543019.652
usb000jyiv,2013,7.7,mww,2.2387211385683468e+16
usb000jz8j,2013,6.1,mww,89125093813374.4
usb000jz9d,2013,5.5,mwc,11220184543019.652
usb000jzma,2013,7.1,mww,2818382931264449.0
usb000k036,2013,5.5,mwb,11220184543019.652
usb000k1gb,2013,6.8,mww,1000000000000000.0
usb000k1il,2013,5.5,mwc,11220184543019.652
usb000k2h2,2013,6.5,mww,354813389233576.06
usb000k2it,2013,5.5,mwc,11220184543019.652
usb000k3c1,2013,6.7,mww,707945784384140.2
usb000k49t,2013,5.7,mww,22387211385683.47
usb000k6nk,2013,6.4,mww,251188643150959.25
usb000k7q5,2013,6.0,mww,63095734448019.43
usb000k7s0,2013,6.2,mww,125892541179417.14
usb000k8jm,2013,5.7,mww,22387211385683.47
usb000kbbm,2013,6.2,mww,125892541179417.14
usb000kbhi,2013,6.0,mww,63095734448019.43
usb000kbn7,2013,6.6,mww,501187233627271.44
usb000kbpa,2013,5.5,mwc,11220184543019.652
usb000kbz3,2013,5.5,mwb,11220184543019.652
usb000kccu,2013,5.6,mwb,15848931924611.11
usb000kdb4,2013,7.1,mww,2818382931264449.0
usb000kdj3,2013,5.6,mwb,15848931924611.11
usb000kdj6,2013,5.7,mww,22387211385683.47
usb000kemb,2013,6.8,mww,1000000000000000.0
usb000khbc,2013,6.6,mww,501187233627271.44
usb000khl5,2013,5.6,mwc,15848931924611.11
usb000khrf,2013,5.5,mwb,11220184543019.652
usb000kimr,2013,5.5,mww,11220184543019.652
usb000kj1z,2013,6.0,mwb,63095734448019.43
usc000km1j,2013,5.5,mww,11220184543019.652
usc000kmfw,2013,6.7,mww,707945784384140.2
usc000kn4n,2013,7.1,mww,2818382931264449.0
usc000kp6n,2013,5.5,mwb,11220184543019.652
usc000kqkf,2013,5.9,mww,44668359215096.53
usc000kr9e,2013,5.8,mww,31622776601683.793
usc000kr9k,2013,6.2,mww,125892541179417.14
usc000ksdy,2013,6.3,mww,177827941003892.28
usb000kqnc,2013,6.6,mww,501187233627271.44
usb000krjt,2013,6.0,mww,63095734448019.43
usb000krlz,2013,6.2,mww,125892541179417.14
usb000krm5,2013,5.7,mwc,22387211385683.47
usb000krul,2013,5.8,mww,31622776601683.793
usb000ks0p,2013,5.6,mwb,15848931924611.11
usb000ks1g,2013,5.9,mww,44668359215096.53
usb000ks54,2013,5.5,mww,11220184543019.652
usb000ku2v,2013,5.7,mww,22387211385683.47
usb000kukj,2013,5.5,mwb,11220184543019.652
usb000kv0r,2013,5.5,mwc,11220184543019.652
usb000kv5k,2013,5.5,mwb,11220184543019.652
usb000kvca,2013,5.6,mww,15848931924611.11
usb000kvke,2013,5.6,mwb,15848931924611.11
usb000kw1x,2013,6.4,mww,251188643150959.25
usb000kwl1,2013,5.8,mww,31622776601683.793
usb000kxhr,2013,6.1,mww,89125093813374.4
usb000kypf,2013,5.5,mwb,11220184543019.652
usb000kznc,2013,6.9,mww,1412537544622761.2
usb000kzst,2013,5.5,mwb,11220184543019.652
usb000kztl,2013,5.7,mwb,22387211385683.47
usb000kzuj,2013,5.5,mwb,11220184543019.652
usb000kzwy,2013,5.5,mwc,11220184543019.652
usb000l0gq,2013,7.7,mww,2.2387211385683468e+16
usb000l1hk,2013,5.6,mww,15848931924611.11
usb000l219,2013,6.0,mww,63095734448019.43
usb000l22e,2013,5.9,mww,44668359215096.53
usb000l25i,2013,6.0,mww,63095734448019.43
usb000l2j8,2013,5.7,mwb,22387211385683.47
usb000l2rk,2013,5.5,mwb,11220184543019.652
usb000l43r,2013,5.6,mwb,15848931924611.11
usb000l4ju,2013,5.5,mww,11220184543019.652
usb000l4lf,2013,5.8,mww,31622776601683.793
usb000l51g,2013,6.5,mww,354813389233576.06
usb000l5z1,2013,6.0,mww,63095734448019.43
usb000l5zn,2013,7.0,mww,1995262314968882.8
usb000l633,2013,6.0,mwc,63095734448019.43
usb000l6bt,2013,5.5,mwb,11220184543019.652
usb000l6rl,2013,5.5,mwb,11220184543019.652
usb000l7nt,2013,5.8,mwb,31622776601683.793
usb000l8mb,2013,6.4,mww,251188643150959.25
usb000l8n7,2013,5.5,mww,11220184543019.652
usb000l8pb,2013,6.0,mww,63095734448019.43
usb000l90p,2013,5.6,mww,15848931924611.11
usb000l96n,2013,5.5,mwb,11220184543019.652
usb000layi,2013,5.6,mwb,15848931924611.11
usb000lb85,2013,5.7,mww,22387211385683.47
usb000lds9,2013,6.0,mww,63095734448019.43
usc000ljv7,2013,5.6,mwb,15848931924611.11
usc000lkgy,2013,5.5,mwb,11220184543019.652
usc000llbc,2013,5.5,mwb,11220184543019.652
usc000llfs,2013,5.8,mww,31622776601683.793
usc000lm19,2013,5.5,mww,11220184543019.652
usc000lm7a,2013,5.7,mwb,22387211385683.47
usc000lmmc,2013,6.2,mww,125892541179417.14
usc000lnj6,2013,5.7,mwb,22387211385683.47
usc000lpah,2013,5.5,mwb,11220184543019.652
usc000lpdm,2013,5.5,mwb,11220184543019.652
usc000lpw9,2013,5.5,mwb,11220184543019.652
usc000lpxm,2013,5.6,mwb,15848931924611.11
usc000lq71,2013,5.6,mwb,15848931924611.11
usc000lq86,2013,5.8,mww,31622776601683.793
usc000lt6s,2013,5.6,mwb,15848931924611.11
usc000ltax,2013,5.9,mww,44668359215096.53
usc000ltdl,2013,5.8,mww,31622776601683.793
usc000ltdn,2013,5.9,mww,44668359215096.53
usc000lte5,2013,5.6,mwc,15848931924611.11
usc000ltnq,2013,5.5,mww,11220184543019.652
usc000ltqk,2013,5.7,mww,22387211385683.47
usc000luwe,2013,5.7,mww,22387211385683.47
usc000lvb5,2014,6.5,mww,354813389233576.06
usc000lwmk,2014,5.7,mww,22387211385683.47
usc000lwp7,2014,5.5,mwb,11220184543019.652
usc000lx2l,2014,5.5,mwb,11220184543019.652
usc000lyi1,2014,5.7,mwb,22387211385683.47
usc000lykc,2014,5.7,mww,22387211385683.47
usc000lz8g,2014,5.8,mww,31622776601683.793
usc000lzsc,2014,5.6,mww,15848931924611.11
usc000m0xb,2014,5.5,mwb,11220184543019.652
usc000m1w9,2014,6.4,mww,251188643150959.25
usb000m225,2014,5.5,mwb,11220184543019.652
usb000m4i4,2014,6.1,mww,89125093813374.4
usb000m5ge,2014,6.1,mww,89125093813374.4
usb000m635,2014,5.5,mwc,11220184543019.652
usb000m668,2014,5.6,mwb,15848931924611.11
usb000m6hr,2014,5.5,mwb,11220184543019.652
usb000m6jc,2014,5.8,mww,31622776601683.793
usb000m6jk,2014,5.7,mwc,22387211385683.47
usb000m7wd,2014,6.1,mww,89125093813374.4
usb000m8ch,2014,6.1,mww,89125093813374.4
usb000m8x1,2014,5.6,mwb,15848931924611.11
usc000mcj6,2014,5.6,mwb,15848931924611.11
usc000mcsn,2014,5.6,mww,15848931924611.11
usc000mf4j,2014,6.1,mww,89125093813374.4
usc000mfe4,2014,5.7,mww,22387211385683.47
usc000mfm0,2014,6.5,mww,354813389233576.06
usc000mfuh,2014,6.0,mww,63095734448019.43
usc000mfvh,2014,5.6,mww,15848931924611.11
usc000mgma,2014,5.8,mww,31622776601683.793
usc000mij1,2014,5.9,mww,44668359215096.53
usc000miql,2014,5.5,mwb,11220184543019.652
usc000miyu,2014,5.5,mwb,11220184543019.652
usc000mjye,2014,6.5,mww,354813389233576.06
usc000ml4s,2014,5.7,mww,22387211385683.47
usc000mlk4,2014,6.0,mww,63095734448019.43
usc000mmb5,2014,5.5,mwb,11220184543019.652
usc000mnvj,2014,6.9,mww,1412537544622761.2
usc000mnzc,2014,5.6,mww,15848931924611.11
usc000mp97,2014,5.6,mww,15848931924611.11
usc000mqd1,2014,5.6,mww,15848931924611.11
usc000mruf,2014,5.5,mww,11220184543019.652
usc000msj8,2014,5.6,mwc,15848931924611.11
usc000mskt,2014,6.5,mww,354813389233576.06
usc000mslg,2014,5.8,mwc,31622776601683.793
usc000mt6q,2014,5.9,mww,44668359215096.53
usc000mwta,2014,5.5,mwb,11220184543019.652
usc000mxls,2014,5.6,mww,15848931924611.11
usc000mxn0,2014,5.6,mwb,15848931924611.11
usc000mxmh,2014,5.5,mwc,11220184543019.652
usc000mxmu,2014,5.5,mwc,11220184543019.652
usc000myqq,2014,6.1,mww,89125093813374.4
usb000mzef,2014,6.2,mww,125892541179417.14
usb000mzlz,2014,5.8,mww,31622776601683.793
usb000mzmn,2014,6.5,mww,354813389233576.06
usb000mzqn,2014,6.0,mww,63095734448019.43
usb000n0mp,2014,5.7,mww,22387211385683.47
usb000n1ex,2014,6.3,mww,177827941003892.28
usb000n1mk,2014,5.6,mwb,15848931924611.11
usc000n3qp,2014,5.6,mww,15848931924611.11
usc000n4rt,2014,5.7,mww,22387211385683.47
usc000n62j,2014,5.6,mww,15848931924611.11
usc000n65q,2014,5.8,mww,31622776601683.793
nc72182046,2014,6.8,mw,1000000000000000.0
usc000n6px,2014,5.9,mww,44668359215096.53
usc000n7bm,2014,6.4,mww,251188643150959.25
usc000n8ez,2014,6.1,mww,89125093813374.4
usc000n9h2,2014,5.6,mww,15848931924611.11
usc000nabv,2014,6.3,mww,177827941003892.28
usc000nah5,2014,5.5,mww,11220184543019.652
usc000nb99,2014,5.5,mww,11220184543019.652
usc000nbsx,2014,5.5,mwb,11220184543019.652
usc000ncbl,2014,6.1,mww,89125093813374.4
usc000nd0c,2014,6.3,mww,177827941003892.28
usc000ndnj,2014,6.7,mww,707945784384140.2
usc000ndw9,2014,6.4,mww,251188643150959.25
usc000ne4m,2014,5.8,mwb,31622776601683.793
usc000ng3t,2014,5.8,mww,31622776601683.793
usc000ngbm,2014,5.8,mww,31622776601683.793
usc000ngte,2014,5.8,mww,31622776601683.793
usc000ngya,2014,5.8,mww,31622776601683.793
usc000nhe7,2014,5.5,mww,11220184543019.652
usc000nitp,2014,5.6,mww,15848931924611.11
usc000nj7v,2014,5.8,mww,31622776601683.793
usc000njrq,2014,6.4,mww,251188643150959.25
usc000nl0m,2014,6.2,mww,125892541179417.14
usc000nl19,2014,5.6,mww,15848931924611.11
usc000nlq5,2014,5.9,mwb,44668359215096.53
usc000nm96,2014,6.3,mww,177827941003892.28
usc000nmvq,2014,5.7,mww,22387211385683.47
usc000nmwm,2014,5.6,mww,15848931924611.11
usc000nn3h,2014,5.7,mww,22387211385683.47
usc000nqnq,2014,6.3,mww,177827941003892.28
usc000nqxt,2014,5.5,mww,11220184543019.652
usc000nsgk,2014,6.0,mww,63095734448019.43
usc000nu2x,2014,5.7,mww,22387211385683.47
usc000numx,2014,5.6,mww,15848931924611.11
usc000nunk,2014,5.5,mww,11220184543019.652
usc000nvs8,2014,5.9,mww,44668359215096.53
usc000nxi1,2014,5.6,mww,15848931924611.11
usc000nxit,2014,5.6,mww,15848931924611.11
usc000nzvd,2014,8.2,mww,1.258925411794161e+17
usc000nzwm,2014,6.9,mww,1412537544622761.2
usc000p08t,2014,5.5,mwr,11220184543019.652
usc000p11f,2014,6.0,mww,63095734448019.43
usc000p20r,2014,5.5,mwb,11220184543019.652
usc000p26f,2014,6.5,mww,354813389233576.06
usc000p27i,2014,7.7,mww,2.2387211385683468e+16
usc000p2cs,2014,6.4,mww,251188643150959.25
usc000p2la,2014,5.7,mwb,22387211385683.47
usc000p4a9,2014,6.3,mww,177827941003892.28
usc000p4ty,2014,6.0,mww,63095734448019.43
usc000p5r9,2014,5.6,mww,15848931924611.11
usc000p66r,2014,5.6,mwb,15848931924611.11
usc000p8us,2014,5.7,mww,22387211385683.47
usc000palw,2014,5.6,mww,15848931924611.11
usb000qllq,2014,5.6,mwc,15848931924611.11
usc000pfd3,2014,5.8,mwb,31622776601683.793
usd0003cqx,2014,6.1,mww,89125093813374.4
usc000pfgr,2014,6.2,mww,125892541179417.14
usc000pft9,2014,7.1,mww,2818382931264449.0
usc000pfuy,2014,6.5,mww,354813389233576.06
usc000pg0h,2014,5.7,mwc,22387211385683.47
usc000pg3s,2014,5.7,mww,22387211385683.47
usc000pgsi,2014,6.6,mww,501187233627271.44
usc000phaj,2014,6.1,mww,89125093813374.4
usc000phmh,2014,5.8,mww,31622776601683.793
usc000phx5,2014,7.6,mww,1.5848931924611108e+16
usc000pimf,2014,5.6,mwc,15848931924611.11
usc000pimj,2014,5.7,mwb,22387211385683.47
usc000pipx,2014,5.5,mww,11220184543019.652
usc000piqj,2014,7.4,mww,7943282347242854.0
usc000pish,2014,6.6,mww,501187233627271.44
usc000pjm1,2014,5.8,mwb,31622776601683.793
usc000pjp0,2014,5.6,mwb,15848931924611.11
usb000pkxl,2014,6.8,mww,1000000000000000.0
usb000pl8s,2014,5.6,mwb,15848931924611.11
usb000pngz,2014,5.8,mwb,31622776601683.793
usb000ppk1,2014,5.6,mww,15848931924611.11
usb000pnw2,2014,6.2,mww,125892541179417.14
usb000pptc,2014,6.1,mww,89125093813374.4
usb000pq41,2014,7.2,mww,3981071705534985.5
ak0144yx0r4n,2014,5.7,mw,22387211385683.47
ak0144yx3dwz,2014,5.7,mw,22387211385683.47
usb000pqfe,2014,5.8,mwc,31622776601683.793
usb000pqwe,2014,6.6,mww,501187233627271.44
usb000pr89,2014,7.5,mww,1.1220184543019652e+16
usb000prk0,2014,5.8,mww,31622776601683.793
usb000prps,2014,5.5,mwc,11220184543019.652
usb000prqv,2014,6.2,mww,125892541179417.14
usb000prru,2014,5.9,mwc,44668359215096.53
usb000prti,2014,5.8,mww,31622776601683.793
usb000psg4,2014,5.6,mww,15848931924611.11
usb000pt65,2014,5.6,mwb,15848931924611.11
usb000px6r,2014,6.5,mww,354813389233576.06
usb000py4w,2014,5.9,mww,44668359215096.53
usb000q0wi,2014,5.7,mwc,22387211385683.47
usb000q0ag,2014,6.1,mww,89125093813374.4
usb000q5dt,2014,5.7,mwb,22387211385683.47
usb000q66s,2014,6.6,mww,501187233627271.44
usb000q6ba,2014,5.9,mww,44668359215096.53
usb000q6w3,2014,5.6,mwb,15848931924611.11
usb000q6wt,2014,5.7,mww,22387211385683.47
usb000q6x6,2014,5.6,mww,15848931924611.11
ak0145nk7efh,2014,5.7,mw,22387211385683.47
usb000q81w,2014,5.6,mww,15848931924611.11
usb000q98a,2014,6.6,mww,501187233627271.44
usb000q98e,2014,6.3,mww,177827941003892.28
usb000q9sv,2014,6.0,mww,63095734448019.43
usb000qack,2014,6.1,mww,89125093813374.4
usb000qcg4,2014,6.3,mww,177827941003892.28
usb000qcqe,2014,6.0,mww,63095734448019.43
usb000qea2,2014,6.4,mww,251188643150959.25
usb000qfct,2014,5.9,mww,44668359215096.53
usb000qgt2,2014,6.0,mww,63095734448019.43
ak0145z8amwh,2014,5.8,mw,31622776601683.793
usb000qhf5,2014,5.9,mww,44668359215096.53
usb000qhnh,2014,5.8,mww,31622776601683.793
usb000qi18,2014,5.6,mww,15848931924611.11
usb000qjhh,2014,6.5,mww,354813389233576.06
usb000qk64,2014,6.5,mww,354813389233576.06
usb000qlti,2014,5.6,mww,15848931924611.11
usb000qn2z,2014,6.1,mww,89125093813374.4
usb000qngw,2014,6.3,mww,177827941003892.28
usb000qniy,2014,6.3,mww,177827941003892.28
usb000qqbk,2014,5.5,mww,11220184543019.652
usb000qqlq,2014,5.9,mww,44668359215096.53
usb000qrc9,2014,5.5,mww,11220184543019.652
usb000qsby,2014,5.6,mww,15848931924611.11
usb000qsfc,2014,5.7,mww,22387211385683.47
usb000qsz7,2014,5.5,mwb,11220184543019.652
usb000qt4i,2014,5.7,mwc,22387211385683.47
usb000qt4l,2014,6.0,mww,63095734448019.43
usb000qt7u,2014,5.6,mwb,15848931924611.11
usb000qt9y,2014,5.6,mwc,15848931924611.11
usb000qteu,2014,5.5,mwb,11220184543019.652
usb000qu45,2014,5.8,mww,31622776601683.793
usb000qu81,2014,5.5,mwb,11220184543019.652
usb000qvt4,2014,5.7,mww,22387211385683.47
usb000qxnd,2014,5.6,mww,15848931924611.11
usb000qxx2,2014,5.8,mww,31622776601683.793
usb000qy82,2014,6.0,mww,63095734448019.43
usb000qzb9,2014,5.5,mwb,11220184543019.652
usb000r1y6,2014,5.8,mww,31622776601683.793
usb000r209,2014,5.7,mww,22387211385683.47
usb000r26g,2014,5.5,mwc,11220184543019.652
usb000r2gj,2014,5.7,mww,22387211385683.47
usb000r2hc,2014,6.9,mww,1412537544622761.2
usb000r2j9,2014,5.9,mwc,44668359215096.53
usc000r8xg,2014,5.9,mww,44668359215096.53
usc000r91r,2014,5.5,mwc,11220184543019.652
usc000r948,2014,5.7,mww,22387211385683.47
usc000r94c,2014,5.6,mww,15848931924611.11
usc000r9g2,2014,6.2,mww,125892541179417.14
usc000r9t0,2014,5.7,mww,22387211385683.47
usc000rabr,2014,5.6,mwc,15848931924611.11
usc000rbe3,2014,5.9,mww,44668359215096.53
usc000rccx,2014,5.5,mwc,11220184543019.652
ak01479djus2,2014,5.8,mw,31622776601683.793
usc000rcf1,2014,5.5,mwc,11220184543019.652
usc000rche,2014,5.5,mww,11220184543019.652
usc000rf9i,2014,5.8,mww,31622776601683.793
usc000rff2,2014,5.6,mww,15848931924611.11
usc000rfh2,2014,6.5,mww,354813389233576.06
usc000rfj5,2014,5.5,mww,11220184543019.652
usc000rfu7,2014,5.5,mww,11220184543019.652
usc000rfv0,2014,5.6,mww,15848931924611.11
usc000rfye,2014,5.7,mww,22387211385683.47
ak0147odwe1b,2014,5.7,mw,22387211385683.47
usb000rgrw,2014,5.7,mww,22387211385683.47
usb000rgsn,2014,6.2,mww,125892541179417.14
usb000rh54,2014,5.8,mww,31622776601683.793
usc000rj14,2014,5.6,mww,15848931924611.11
usc000rj2s,2014,5.8,mww,31622776601683.793
usc000rkg5,2014,6.9,mww,1412537544622761.2
usc000rkga,2014,6.5,mwc,354813389233576.06
usc000rkhj,2014,6.7,mwc,707945784384140.2
usc000rki5,2014,7.9,mww,4.466835921509653e+16
usc000rkvn,2014,6.3,mwb,177827941003892.28
usc000rkzn,2014,5.7,mwb,22387211385683.47
usc000rnfx,2014,6.2,mww,125892541179417.14
usc000rngj,2014,6.9,mww,1412537544622761.2
usc000rnju,2014,5.8,mwb,31622776601683.793
usc000rnjw,2014,6.0,mwb,63095734448019.43
usc000rnk7,2014,6.4,mww,251188643150959.25
usc000rnku,2014,6.7,mww,707945784384140.2
usc000rnlc,2014,5.9,mww,44668359215096.53
usb000rz1n,2014,5.6,mww,15848931924611.11
usc000rnx0,2014,6.2,mww,125892541179417.14
usb000rvum,2014,5.6,mwc,15848931924611.11
usc000rpfu,2014,6.0,mww,63095734448019.43
usc000rpu4,2014,5.7,mww,22387211385683.47
usc000rpw8,2014,5.8,mww,31622776601683.793
usc000rqae,2014,5.7,mww,22387211385683.47
usc000rqbg,2014,6.3,mww,177827941003892.28
usc000rqgl,2014,5.5,mww,11220184543019.652
usc000rqgz,2014,6.5,mww,354813389233576.06
usc000rqix,2014,5.7,mww,22387211385683.47
usc000rqs7,2014,6.0,mww,63095734448019.43
usc000rr1y,2014,5.8,mww,31622776601683.793
usc000rr6a,2014,6.9,mww,1412537544622761.2
usc000rrl0,2014,5.5,mwb,11220184543019.652
usc000rrmg,2014,6.2,mww,125892541179417.14
usb000rrb8,2014,5.8,mww,31622776601683.793
usb000rs50,2014,6.5,mww,354813389233576.06
usb000rsej,2014,5.6,mww,15848931924611.11
usb000rsf0,2014,5.6,mww,15848931924611.11
usb000rsns,2014,5.8,mww,31622776601683.793
usb000rsnz,2014,5.5,mww,11220184543019.652
usb000rsqi,2014,5.5,mww,11220184543019.652
usb000rsr5,2014,6.3,mww,177827941003892.28
usb000rt2u,2014,5.8,mww,31622776601683.793
usb000rt3b,2014,5.7,mww,22387211385683.47
usb000rt5g,2014,5.6,mww,15848931924611.11
usb000rtp6,2014,6.0,mww,63095734448019.43
usb000rujq,2014,6.2,mww,125892541179417.14
usb000ruks,2014,6.0,mww,63095734448019.43
usb000ruu6,2014,6.2,mww,125892541179417.14
usb000ruzk,2014,6.9,mww,1412537544622761.2
usb000rwqe,2014,5.6,mww,15848931924611.11
ak0149guzic1,2014,6.0,mw,63095734448019.43
usb000rxjy,2014,5.8,mwc,31622776601683.793
usb000rxni,2014,6.0,mww,63095734448019.43
usb000rxuc,2014,5.6,mww,15848931924611.11
usb000ry5u,2014,5.6,mww,15848931924611.11
usb000ry8m,2014,6.3,mww,177827941003892.28
usb000ry9u,2014,6.0,mww,63095734448019.43
usb000ryg1,2014,5.5,mwb,11220184543019.652
usb000rykv,2014,5.9,mww,44668359215096.53
usb000ryuh,2014,5.8,mww,31622776601683.793
usb000rz1p,2014,5.5,mww,11220184543019.652
usb000rzg0,2014,5.5,mwb,11220184543019.652
usb000rzgn,2014,5.6,mwb,15848931924611.11
usb000rzki,2014,6.9,mww,1412537544622761.2
usb000rzlc,2014,5.7,mww,22387211385683.47
usb000rzmg,2014,6.2,mww,125892541179417.14
usb000s0r6,2014,6.2,mww,125892541179417.14
usb000s1nc,2014,6.1,mww,89125093813374.4
usb000s1pi,2014,5.6,mwb,15848931924611.11
usb000s1qs,2014,5.5,mww,11220184543019.652
usb000s1tp,2014,5.5,mwc,11220184543019.652
usb000s1vq,2014,5.5,mww,11220184543019.652
usb000s29m,2014,5.6,mww,15848931924611.11
usb000s2b1,2014,5.6,mww,15848931924611.11
usb000s3np,2014,6.2,mww,125892541179417.14
usb000s3ph,2014,5.6,mwb,15848931924611.11
usb000s3t7,2014,6.0,mww,63095734448019.43
usb000s4if,2014,5.6,mwb,15848931924611.11
usb000s4pb,2014,5.5,mwb,11220184543019.652
usb000s4rb,2014,5.5,mwb,11220184543019.652
usb000s4s2,2014,5.9,mww,44668359215096.53
usb000s5dr,2014,5.5,mwc,11220184543019.652
usb000s5lt,2014,5.6,mww,15848931924611.11
usb000s5rc,2014,6.4,mww,251188643150959.25
nc72282711,2014,6.02,mw,67608297539197.914
usb000s5x1,2014,6.8,mww,1000000000000000.0
usb000s60y,2014,5.5,mww,11220184543019.652
usc000s7ew,2014,5.6,mwb,15848931924611.11
usc000s7i5,2014,5.9,mww,44668359215096.53
usc000s7q8,2014,5.8,mww,31622776601683.793
usc000s7wh,2014,5.8,mww,31622776601683.793
usc000s88k,2014,5.5,mwb,11220184543019.652
usc000s8ny,2014,5.5,mww,11220184543019.652
usc000s97b,2014,5.8,mww,31622776601683.793
usc000s97i,2014,5.5,mwc,11220184543019.652
usc000s98u,2014,5.7,mww,22387211385683.47
usc000s9q5,2014,5.9,mww,44668359215096.53
usc000s9v5,2014,6.0,mww,63095734448019.43
usb000s9jn,2014,5.8,mww,31622776601683.793
usb000s9vv,2014,6.1,mww,89125093813374.4
usb000s9wc,2014,5.9,mww,44668359215096.53
usb000sa0z,2014,6.2,mww,125892541179417.14
usb000sa3x,2014,5.5,mww,11220184543019.652
usb000say6,2014,6.2,mww,125892541179417.14
usb000sayt,2014,5.9,mww,44668359215096.53
usb000scfz,2014,5.5,mww,11220184543019.652
usb000scuj,2014,5.5,mww,11220184543019.652
usb000scur,2014,5.5,mww,11220184543019.652
usb000sdcr,2014,6.7,mww,707945784384140.2
usb000sdtr,2014,5.5,mwb,11220184543019.652
usb000sesb,2014,5.5,mww,11220184543019.652
usb000seya,2014,5.7,mww,22387211385683.47
usb000sf9a,2014,5.5,mwc,11220184543019.652
usb000sfj5,2014,6.2,mww,125892541179417.14
usb000sftz,2014,6.1,mww,89125093813374.4
usb000sg5e,2014,5.5,mwc,11220184543019.652
usb000sgu3,2014,5.7,mwc,22387211385683.47
usb000sh06,2014,5.6,mww,15848931924611.11
usb000shed,2014,5.5,mwb,11220184543019.652
usb000shif,2014,5.5,mwb,11220184543019.652
usb000shl2,2014,6.0,mww,63095734448019.43
usb000si49,2014,5.7,mww,22387211385683.47
usb000sicw,2014,5.5,mww,11220184543019.652
usb000sif9,2014,5.5,mwb,11220184543019.652
usb000sitc,2014,5.6,mww,15848931924611.11
usb000siwy,2014,5.5,mww,11220184543019.652
usb000sj6k,2014,5.7,mww,22387211385683.47
usb000sjhk,2014,5.5,mww,11220184543019.652
usb000sjim,2014,6.1,mww,89125093813374.4
usb000sjt0,2014,6.1,mww,89125093813374.4
usb000sjt5,2014,5.6,mwc,15848931924611.11
usb000sk6k,2014,7.0,mww,1995262314968882.8
usb000sk6q,2014,6.6,mww,501187233627271.44
usb000sk7e,2014,5.7,mwc,22387211385683.47
usb000skff,2014,5.7,mww,22387211385683.47
usb000skjd,2014,5.6,mww,15848931924611.11
usb000skys,2014,6.1,mww,89125093813374.4
usb000sl3m,2014,5.5,mww,11220184543019.652
usb000sl82,2014,5.6,mww,15848931924611.11
usb000slgy,2014,5.8,mww,31622776601683.793
usb000slwn,2014,7.3,mww,5623413251903491.0
usb000smcv,2014,5.5,mww,11220184543019.652
usb000smff,2014,5.7,mww,22387211385683.47
usb000smn6,2014,5.5,mww,11220184543019.652
usb000sp1f,2014,5.8,mww,31622776601683.793
usb000sp4a,2014,5.7,mwb,22387211385683.47
usb000sp80,2014,5.6,mwb,15848931924611.11
usb000spms,2014,5.6,mwb,15848931924611.11
usb000spn6,2014,5.8,mww,31622776601683.793
usb000sqqu,2014,5.7,mww,22387211385683.47
usb000squk,2014,5.5,mwc,11220184543019.652
usb000sr1a,2014,6.0,mww,63095734448019.43
usb000srnq,2014,5.7,mww,22387211385683.47
usc000stbk,2014,5.8,mww,31622776601683.793
usc000stbw,2014,6.0,mww,63095734448019.43
usc000stdc,2014,7.1,mww,2818382931264449.0
usc000stig,2014,6.0,mww,63095734448019.43
usc000stlj,2014,5.5,mww,11220184543019.652
usc000stlt,2014,6.3,mww,177827941003892.28
usc000sv89,2014,5.5,mww,11220184543019.652
usc000sv94,2014,6.6,mww,501187233627271.44
usc000svzi,2014,5.9,mww,44668359215096.53
usc000svzn,2014,5.6,mww,15848931924611.11
usc000sw4e,2014,5.7,mww,22387211385683.47
usc000swj4,2014,5.5,mwb,11220184543019.652
usc000swwj,2014,6.0,mww,63095734448019.43
usc000swx1,2014,5.5,mwb,11220184543019.652
usc000sxh8,2014,7.1,mww,2818382931264449.0
usc000sxhm,2014,5.9,mww,44668359215096.53
usc000sxkt,2014,5.5,mww,11220184543019.652
usc000sxye,2014,6.7,mww,707945784384140.2
usc000sy0a,2014,5.8,mww,31622776601683.793
usc000sy39,2014,5.5,mwc,11220184543019.652
usc000sy62,2014,6.1,mww,89125093813374.4
usc000syca,2014,5.6,mww,15848931924611.11
usc000sycq,2014,5.8,mww,31622776601683.793
usb000sy4s,2014,5.6,mww,15848931924611.11
usb000sybr,2014,5.6,mwb,15848931924611.11
usb000syg3,2014,5.8,mww,31622776601683.793
usb000syhz,2014,6.5,mww,354813389233576.06
usb000syy0,2014,5.9,mww,44668359215096.53
usb000syza,2014,6.2,mww,125892541179417.14
usb000sz38,2014,5.6,mww,15848931924611.11
usb000sznl,2014,5.6,mww,15848931924611.11
usb000szw2,2014,5.6,mwb,15848931924611.11
usb000t08w,2014,6.8,mww,1000000000000000.0
usb000t15u,2014,5.6,mww,15848931924611.11
usb000t18g,2014,5.8,mww,31622776601683.793
usb000t1j2,2014,5.7,mww,22387211385683.47
usb000t20t,2014,6.6,mww,501187233627271.44
usb000t2cn,2014,5.5,mwb,11220184543019.652
usc000t440,2014,5.6,mww,15848931924611.11
usc000t48q,2014,5.6,mww,15848931924611.11
usc000t49v,2014,6.0,mww,63095734448019.43
usc000t4bd,2014,6.0,mww,63095734448019.43
usc000t4cz,2014,6.6,mww,501187233627271.44
usc000t4dj,2014,5.6,mwc,15848931924611.11
usc000t4ep,2014,5.9,mww,44668359215096.53
usc000t4gc,2014,6.1,mww,89125093813374.4
usc000t4iq,2014,6.6,mww,501187233627271.44
usc000t4qz,2014,5.7,mww,22387211385683.47
usc000t5bu,2014,6.1,mww,89125093813374.4
usc000t5jn,2014,5.5,mwb,11220184543019.652
usc000t652,2014,5.8,mww,31622776601683.793
usc000t7kd,2014,5.9,mww,44668359215096.53
usc000t7za,2014,5.5,mww,11220184543019.652
usc000t8gv,2014,5.6,mww,15848931924611.11
usc000t8p4,2014,5.9,mww,44668359215096.53
usc000t8vq,2014,6.3,mww,177827941003892.28
usc000t91m,2014,5.8,mww,31622776601683.793
usc000t9l4,2014,5.5,mwb,11220184543019.652
usc000t9lm,2014,5.9,mwb,44668359215096.53
usc000ta5d,2014,5.9,mww,44668359215096.53
usc000taa1,2014,5.5,mwb,11220184543019.652
usc000taik,2014,6.1,mww,89125093813374.4
usc000takc,2014,5.6,mww,15848931924611.11
usc000tauh,2014,6.0,mww,63095734448019.43
usc000tawd,2014,5.8,mww,31622776601683.793
usc000taxu,2014,5.5,mwb,11220184543019.652
usc000tb8r,2015,5.5,mwc,11220184543019.652
usc000tbve,2015,5.6,mww,15848931924611.11
usc000tc8q,2015,5.6,mwb,15848931924611.11
usc000tcba,2015,6.5,mww,354813389233576.06
usc000td4a,2015,5.7,mwb,22387211385683.47
usc000teeh,2015,5.6,mww,15848931924611.11
usc000teil,2015,5.5,mww,11220184543019.652
usc000tejf,2015,5.9,mww,44668359215096.53
usc000tes3,2015,5.5,mww,11220184543019.652
usc000tewz,2015,5.6,mww,15848931924611.11
usc000tgsw,2015,5.6,mww,15848931924611.11
usc000tgvb,2015,5.5,mww,11220184543019.652
usc000tgw6,2015,5.5,mww,11220184543019.652
usc000th1c,2015,5.7,mww,22387211385683.47
usc000th7m,2015,5.5,mww,11220184543019.652
usc000the9,2015,5.5,mww,11220184543019.652
usc000thwt,2015,5.7,mww,22387211385683.47
usc000tihy,2015,6.8,mww,1000000000000000.0
usc000tlak,2015,5.6,mwc,15848931924611.11
usb000tii2,2015,5.7,mww,22387211385683.47
usb000tism,2015,6.2,mww,125892541179417.14
nc72387946,2015,5.72,mw,23988329190194.85
usc000tjzj,2015,5.6,mwb,15848931924611.11
usc000tker,2015,6.0,mww,63095734448019.43
usc000tkkw,2015,5.5,mww,11220184543019.652
usc000tkqd,2015,5.5,mwb,11220184543019.652
usc000tkqs,2015,5.7,mww,22387211385683.47
usc000tksd,2015,5.6,mwc,15848931924611.11
usc000tkwl,2015,5.9,mww,44668359215096.53
usc000tkwv,2015,6.3,mww,177827941003892.28
usc000tl6w,2015,5.5,mww,11220184543019.652
usc000tlgc,2015,5.5,mwb,11220184543019.652
usc000tlun,2015,5.7,mww,22387211385683.47
usc000tn7f,2015,5.6,mwb,15848931924611.11
usc000tnz0,2015,5.5,mww,11220184543019.652
usc000tp1s,2015,6.7,mww,707945784384140.2
usb000tnde,2015,5.8,mwb,31622776601683.793
usb000tnlk,2015,5.5,mwb,11220184543019.652
usb000tp5q,2015,7.1,mww,2818382931264449.0
usb000tp6y,2015,6.2,mww,125892541179417.14
usb000tpuw,2015,6.2,mww,125892541179417.14
usb000tpvj,2015,6.7,mww,707945784384140.2
usb000tpy8,2015,5.5,mwb,11220184543019.652
usb000tq2a,2015,5.5,mww,11220184543019.652
usb000tq6v,2015,5.5,mwb,11220184543019.652
usb000tq7i,2015,5.5,mwc,11220184543019.652
usb000tq9f,2015,6.1,mww,89125093813374.4
us10000dg7,2015,5.5,mwb,11220184543019.652
usc000trf9,2015,6.4,mww,251188643150959.25
usc000trsc,2015,6.2,mww,125892541179417.14
usc000ts49,2015,6.0,mww,63095734448019.43
usc000tsa5,2015,5.5,mww,11220184543019.652
usc000tsak,2015,6.2,mww,125892541179417.14
usc000tski,2015,5.8,mww,31622776601683.793
usc000tszg,2015,5.7,mww,22387211385683.47
usc000tt0x,2015,5.9,mww,44668359215096.53
usc000ttkd,2015,7.0,mww,1995262314968882.8
usc000ttnw,2015,5.7,mww,22387211385683.47
usc000tu4z,2015,5.6,mwb,15848931924611.11
usc000tu5z,2015,5.5,mww,11220184543019.652
usc000tuyv,2015,5.5,mwb,11220184543019.652
usc000tumx,2015,6.1,mww,89125093813374.4
usc000tvgw,2015,6.0,mww,63095734448019.43
usc000twdd,2015,5.6,mww,15848931924611.11
usc000twg0,2015,5.6,mww,15848931924611.11
usc000twp2,2015,5.8,mww,31622776601683.793
us10001ldx,2015,6.2,mww,125892541179417.14
us10001mgf,2015,5.5,mwb,11220184543019.652
us10001mh6,2015,5.8,mww,31622776601683.793
us10001mm0,2015,6.1,mww,89125093813374.4
us10001mp3,2015,5.9,mww,44668359215096.53
us10001n7n,2015,5.5,mww,11220184543019.652
us10001nab,2015,6.2,mww,125892541179417.14
us10001nj1,2015,6.2,mww,125892541179417.14
us10001p6f,2015,5.6,mww,15848931924611.11
us10001pj6,2015,5.5,mwc,11220184543019.652
us10001ppx,2015,6.4,mww,251188643150959.25
us10001ps8,2015,5.5,mww,11220184543019.652
us10001rcr,2015,5.5,mww,11220184543019.652
us10001rig,2015,5.6,mww,15848931924611.11
us10001rk3,2015,5.5,mwb,11220184543019.652
us10001rmk,2015,5.9,mww,44668359215096.53
us10001rqx,2015,5.6,mww,15848931924611.11
us10001rvu,2015,7.5,mww,1.1220184543019652e+16
us10001ryk,2015,6.0,mww,63095734448019.43
us10001ryq,2015,6.4,mww,251188643150959.25
us10001ryu,2015,6.5,mww,354813389233576.06
us10001s0c,2015,5.9,mwb,44668359215096.53
us10001s3e,2015,5.8,mww,31622776601683.793
us10001sbc,2015,5.6,mww,15848931924611.11
us10001sbg,2015,5.7,mwc,22387211385683.47
us10001sbf,2015,6.0,mww,63095734448019.43
us10001sqq,2015,5.5,mwc,11220184543019.652
us10001t0z,2015,5.9,mww,44668359215096.53
us10001tjy,2015,5.5,mwc,11220184543019.652
us10001tqi,2015,5.9,mww,44668359215096.53
us10001u5v,2015,5.5,mwb,11220184543019.652
us10001v8k,2015,6.3,mww,177827941003892.28
us200025ml,2015,5.7,mww,22387211385683.47
us200025t9,2015,5.5,mwb,11220184543019.652
us200026cn,2015,5.6,mwb,15848931924611.11
us2000272b,2015,6.0,mww,63095734448019.43
us200027c2,2015,6.5,mww,354813389233576.06
us200027ps,2015,6.4,mww,251188643150959.25
us200027rc,2015,5.7,mwb,22387211385683.47
us200027rt,2015,6.0,mww,63095734448019.43
us200027ru,2015,6.1,mww,89125093813374.4
us200028gt,2015,6.2,mww,125892541179417.14
us200028qc,2015,6.1,mww,89125093813374.4
us200028ue,2015,6.2,mww,125892541179417.14
us20002926,2015,7.8,mww,3.162277660168379e+16
us2000292y,2015,6.6,mww,501187233627271.44
us200029bt,2015,6.7,mww,707945784384140.2
us200029gw,2015,5.6,mww,15848931924611.11
us200029x8,2015,6.1,mww,89125093813374.4
us200029ys,2015,5.5,mww,11220184543019.652
us20002ag2,2015,5.8,mwb,31622776601683.793
us20002ag9,2015,6.7,mww,707945784384140.2
us20002am6,2015,6.8,mww,1000000000000000.0
us20002avl,2015,5.7,mwc,22387211385683.47
us20002b1r,2015,6.0,mww,63095734448019.43
us20002b2k,2015,5.9,mww,44668359215096.53
us20002b38,2015,5.6,mww,15848931924611.11
us20002b6b,2015,5.7,mwb,22387211385683.47
us20002bnf,2015,7.5,mww,1.1220184543019652e+16
us20002br8,2015,5.8,mwc,31622776601683.793
us20002c13,2015,5.5,mwc,11220184543019.652
us20002das,2015,7.1,mww,2818382931264449.0
us20002dp5,2015,5.7,mww,22387211385683.47
us20002dqa,2015,5.9,mww,44668359215096.53
us20002e4x,2015,5.6,mww,15848931924611.11
us20002e96,2015,6.0,mww,63095734448019.43
us20002ejl,2015,7.3,mww,5623413251903491.0
us20002ek5,2015,6.3,mww,177827941003892.28
us20002et4,2015,6.8,mww,1000000000000000.0
us100029k5,2015,6.0,mww,63095734448019.43
us100029rn,2015,5.5,mww,11220184543019.652
us100029xn,2015,5.6,mwb,15848931924611.11
us10002a3x,2015,5.7,mww,22387211385683.47
us10002a8f,2015,5.7,mww,22387211385683.47
us10002aip,2015,5.8,mww,31622776601683.793
us10002aj3,2015,6.7,mww,707945784384140.2
us10002anx,2015,6.0,mww,63095734448019.43
us10002b03,2015,6.8,mww,1000000000000000.0
us10002b8f,2015,5.7,mww,22387211385683.47
us10002bnk,2015,6.9,mww,1412537544622761.2
us10002bpw,2015,6.8,mww,1000000000000000.0
us10002buu,2015,5.9,mww,44668359215096.53
us10002bvx,2015,6.3,mww,177827941003892.28
us10002bx8,2015,6.2,mww,125892541179417.14
us10002byb,2015,5.8,mww,31622776601683.793
us10002c5j,2015,5.6,mww,15848931924611.11
us10002c8s,2015,5.8,mww,31622776601683.793
us10002ccf,2015,5.7,mwc,22387211385683.47
ak0156uj8rk3,2015,6.8,mw,1000000000000000.0
us20002ka2,2015,5.9,mwc,44668359215096.53
us20002ki3,2015,7.8,mww,3.162277660168379e+16
us20002kp6,2015,6.0,mwc,63095734448019.43
us20002kpm,2015,6.2,mww,125892541179417.14
us20002kxa,2015,5.8,mww,31622776601683.793
us20002l3n,2015,5.9,mww,44668359215096.53
us20002m5s,2015,6.0,mww,63095734448019.43
us20002mbq,2015,5.6,mww,15848931924611.11
us20002mvq,2015,6.1,mww,89125093813374.4
us20002nem,2015,5.6,mwc,15848931924611.11
us20002nj8,2015,5.8,mww,31622776601683.793
us20002nkt,2015,6.0,mww,63095734448019.43
us20002nwl,2015,5.7,mww,22387211385683.47
us20002nwm,2015,5.7,mww,22387211385683.47
us20002pak,2015,6.0,mww,63095734448019.43
us20002pky,2015,5.5,mww,11220184543019.652
us20002pyz,2015,5.8,mww,31622776601683.793
us20002q2b,2015,5.7,mww,22387211385683.47
us20002q6u,2015,5.9,mww,44668359215096.53
us20002qn7,2015,7.0,mww,1995262314968882.8
us10002ke8,2015,6.4,mww,251188643150959.25
us10002kfc,2015,5.5,mww,11220184543019.652
us10002kfg,2015,5.7,mww,22387211385683.47
us10002kld,2015,5.9,mww,44668359215096.53
us10002kra,2015,6.0,mww,63095734448019.43
us10002l2m,2015,5.5,mwb,11220184543019.652
us10002l37,2015,6.5,mww,354813389233576.06
ak01581sc69w,2015,5.8,mw,31622776601683.793
us10002lne,2015,6.0,mww,63095734448019.43
us10002m3f,2015,5.5,mwb,11220184543019.652
us10002mb3,2015,5.8,mww,31622776601683.793
us10002mft,2015,5.5,mwb,11220184543019.652
us10002mhg,2015,6.0,mww,63095734448019.43
usd0005u42,2015,5.7,mww,22387211385683.47
us10002mw0,2015,6.0,mww,63095734448019.43
us10002n4w,2015,6.4,mww,251188643150959.25
us10002n5q,2015,5.5,mww,11220184543019.652
us10002n6s,2015,6.1,mww,89125093813374.4
us20002zt7,2015,5.6,mwc,15848931924611.11
us10002nmx,2015,5.8,mww,31622776601683.793
us20002vm7,2015,6.3,mww,177827941003892.28
us20002vmc,2015,5.6,mww,15848931924611.11
us20002vuf,2015,5.6,mww,15848931924611.11
us20002vn3,2015,5.9,mww,44668359215096.53
us20002vrz,2015,5.7,mww,22387211385683.47
us20002vuq,2015,5.8,mww,31622776601683.793
us20002w9y,2015,5.6,mww,15848931924611.11
us20002wd2,2015,5.5,mww,11220184543019.652
us20002whh,2015,6.7,mww,707945784384140.2
us20002wvt,2015,5.5,mwb,11220184543019.652
us20002wz9,2015,5.5,mww,11220184543019.652
us20002xw5,2015,5.7,mww,22387211385683.47
us20002xx1,2015,6.5,mww,354813389233576.06
us20002y6h,2015,5.8,mww,31622776601683.793
us20002yaw,2015,7.0,mww,1995262314968882.8
us20002ynd,2015,5.7,mwb,22387211385683.47
us20002zfa,2015,5.5,mwb,11220184543019.652
us20002zzg,2015,5.5,mwb,11220184543019.652
us2000306u,2015,5.9,mww,44668359215096.53
us2000308l,2015,5.8,mwb,31622776601683.793
us200030aq,2015,6.9,mww,1412537544622761.2
us200030bu,2015,5.9,mwc,44668359215096.53
us200030kn,2015,7.0,mww,1995262314968882.8
us2000314h,2015,5.9,mww,44668359215096.53
ak0159nc9dk8,2015,6.4,mw,251188643150959.25
us10002w8v,2015,5.5,mww,11220184543019.652
us10002wa2,2015,5.6,mwb,15848931924611.11
us10002wvs,2015,5.7,mww,22387211385683.47
us10002xg5,2015,5.7,mww,22387211385683.47
us10002y1z,2015,5.7,mww,22387211385683.47
us10002zz0,2015,6.0,mww,63095734448019.43
us10002zzn,2015,5.8,mww,31622776601683.793
us10002zzr,2015,5.5,mwc,11220184543019.652
us1000303s,2015,5.6,mww,15848931924611.11
us1000304a,2015,5.6,mww,15848931924611.11
us1000304i,2015,5.7,mwc,22387211385683.47
us100030i6,2015,5.8,mww,31622776601683.793
us100030pg,2015,6.6,mww,501187233627271.44
us100030pk,2015,5.9,mwc,44668359215096.53
us100030q4,2015,5.6,mwc,15848931924611.11
us100030qs,2015,5.9,mww,44668359215096.53
us100030vh,2015,5.5,mwc,11220184543019.652
us10003137,2015,5.7,mwb,22387211385683.47
us100031b7,2015,5.5,mww,11220184543019.652
us100031lu,2015,5.6,mww,15848931924611.11
us100031me,2015,6.5,mww,354813389233576.06
us100031wx,2015,6.0,mww,63095734448019.43
us100031xf,2015,5.6,mwc,15848931924611.11
us100031xu,2015,5.6,mww,15848931924611.11
us100031xw,2015,5.6,mww,15848931924611.11
us1000329u,2015,5.7,mww,22387211385683.47
us100032bg,2015,5.5,mww,11220184543019.652
us100032k6,2015,6.4,mww,251188643150959.25
us100032m5,2015,5.7,mww,22387211385683.47
us100032we,2015,5.7,mww,22387211385683.47
us100032x1,2015,5.7,mww,22387211385683.47
us100033n1,2015,5.8,mww,31622776601683.793
us100033nw,2015,5.5,mww,11220184543019.652
us100034du,2015,5.7,mww,22387211385683.47
us100034fl,2015,6.0,mww,63095734448019.43
us10003508,2015,5.8,mww,31622776601683.793
us20003feg,2015,6.0,mww,63095734448019.43
us20003fkb,2015,5.7,mww,22387211385683.47
us20003fyy,2015,5.5,mww,11220184543019.652
us20003glc,2015,5.5,mww,11220184543019.652
us20003gpv,2015,5.8,mww,31622776601683.793
us20003h2i,2015,6.0,mww,63095734448019.43
us20003h2m,2015,6.3,mww,177827941003892.28
us20003h3x,2015,5.9,mww,44668359215096.53
us20003h78,2015,5.8,mww,31622776601683.793
us20003h7g,2015,5.7,mww,22387211385683.47
us20003h7j,2015,5.5,mww,11220184543019.652
us20003hme,2015,5.9,mwb,44668359215096.53
us20003hq5,2015,6.0,mww,63095734448019.43
us20003iv3,2015,5.5,mww,11220184543019.652
us20003j2v,2015,5.9,mww,44668359215096.53
us20003j36,2015,5.5,mww,11220184543019.652
us20003j4t,2015,5.6,mww,15848931924611.11
us20003j4u,2015,6.7,mww,707945784384140.2
us20003jwc,2015,6.3,mww,177827941003892.28
us20003jyz,2015,6.1,mww,89125093813374.4
us20003k7a,2015,8.3,mww,1.778279410038923e+17
us20003k7m,2015,6.1,mwr,89125093813374.4
us20003k7w,2015,7.0,mww,1995262314968882.8
us20003kc5,2015,5.8,mwr,31622776601683.793
us20003kcn,2015,6.4,mww,251188643150959.25
us20003ke3,2015,5.5,mwr,11220184543019.652
us20003kfj,2015,6.5,mww,354813389233576.06
us20003kft,2015,5.7,mwr,22387211385683.47
us20003kfv,2015,6.7,mww,707945784384140.2
us20003kgi,2015,5.5,mwr,11220184543019.652
us20003khn,2015,5.5,mwr,11220184543019.652
us20003kkw,2015,5.9,mww,44668359215096.53
us20003kl4,2015,5.9,mww,44668359215096.53
us20003kld,2015,5.7,mwr,22387211385683.47
us20003kwk,2015,5.5,mwr,11220184543019.652
us20003l55,2015,5.6,mww,15848931924611.11
us20003l5d,2015,6.2,mww,125892541179417.14
us20003lc6,2015,6.0,mww,63095734448019.43
us20003lql,2015,6.1,mww,89125093813374.4
us20003lsq,2015,5.7,mww,22387211385683.47
us20003luw,2015,6.2,mww,125892541179417.14
us20003lv1,2015,5.6,mww,15848931924611.11
us20003mcj,2015,6.1,mww,89125093813374.4
us20003mi0,2015,6.6,mww,501187233627271.44
us20003mis,2015,5.5,mww,11220184543019.652
us20003mjn,2015,5.6,mww,15848931924611.11
us20003msd,2015,6.0,mww,63095734448019.43
us20003nmz,2015,5.7,mww,22387211385683.47
us20003nqr,2015,6.6,mww,501187233627271.44
us20003nr6,2015,5.8,mww,31622776601683.793
us20003p9y,2015,6.3,mww,177827941003892.28
us20003pci,2015,5.5,mwb,11220184543019.652
us20003pdw,2015,5.9,mwb,44668359215096.53
us20003pf6,2015,5.5,mww,11220184543019.652
us20003pnw,2015,5.9,mww,44668359215096.53
us10003j3j,2015,5.7,mww,22387211385683.47
us10003jyn,2015,5.8,mww,31622776601683.793
us10003jyt,2015,5.9,mww,44668359215096.53
us10003k53,2015,5.5,mww,11220184543019.652
us10003kg9,2015,5.9,mww,44668359215096.53
us10003kgq,2015,5.7,mww,22387211385683.47
us10003mjs,2015,5.5,mww,11220184543019.652
us10003mns,2015,5.5,mww,11220184543019.652
us10003mrv,2015,6.1,mww,89125093813374.4
us10003mxa,2015,5.6,mww,15848931924611.11
us10003mxv,2015,5.6,mww,15848931924611.11
us10003nib,2015,6.0,mww,63095734448019.43
us10003p25,2015,5.6,mww,15848931924611.11
us10003pc9,2015,5.8,mww,31622776601683.793
us10003pdi,2015,5.6,mww,15848931924611.11
us10003pie,2015,6.0,mww,63095734448019.43
us10003pnb,2015,5.8,mww,31622776601683.793
us10003pv2,2015,5.7,mww,22387211385683.47
us10003pzw,2015,5.6,mww,15848931924611.11
us10003q0q,2015,7.1,mww,2818382931264449.0
us10003qv5,2015,5.6,mww,15848931924611.11
us10003qvc,2015,6.2,mww,125892541179417.14
us10003qvh,2015,6.0,mww,63095734448019.43
us10003r43,2015,5.8,mww,31622776601683.793
us10003r6y,2015,5.5,mwb,11220184543019.652
us10003rbc,2015,5.8,mww,31622776601683.793
us10003re5,2015,7.5,mww,1.1220184543019652e+16
us200040b8,2015,5.8,mww,31622776601683.793
us2000416s,2015,5.8,mww,31622776601683.793
us2000417s,2015,5.5,mww,11220184543019.652
us200041a0,2015,5.8,mww,31622776601683.793
us200041rk,2015,5.7,mww,22387211385683.47
us200041ty,2015,6.5,mww,354813389233576.06
us200041ul,2015,5.6,mww,15848931924611.11
us10003uwk,2015,5.5,mww,11220184543019.652
us10003vgi,2015,6.2,mww,125892541179417.14
us10003vgt,2015,6.8,mww,1000000000000000.0
us10003vij,2015,5.7,mww,22387211385683.47
us10003vl4,2015,5.5,mww,11220184543019.652
us10003vp7,2015,5.7,mww,22387211385683.47
us10003vph,2015,5.7,mww,22387211385683.47
us10003vpz,2015,5.5,mww,11220184543019.652
us10003vq1,2015,5.6,mww,15848931924611.11
us10003vq9,2015,5.7,mww,22387211385683.47
us10003vry,2015,6.6,mww,501187233627271.44
us10003vsp,2015,5.6,mwc,15848931924611.11
us10003vxc,2015,5.5,mww,11220184543019.652
us10003vyx,2015,6.5,mww,354813389233576.06
us10003x8b,2015,5.6,mww,15848931924611.11
us10003x8t,2015,6.9,mww,1412537544622761.2
us10003x9g,2015,6.9,mww,1412537544622761.2
us10003xaf,2015,5.6,mwb,15848931924611.11
us10003xd3,2015,5.5,mww,11220184543019.652
us10003xni,2015,5.8,mww,31622776601683.793
us10003xzv,2015,5.6,mww,15848931924611.11
us10003y71,2015,6.7,mww,707945784384140.2
us10003ydz,2015,5.7,mww,22387211385683.47
us10003yjy,2015,5.8,mww,31622776601683.793
us10003yr1,2015,5.9,mww,44668359215096.53
us10003ywp,2015,6.5,mww,354813389233576.06
us10003yzt,2015,5.6,mww,15848931924611.11
us10003zcp,2015,6.8,mww,1000000000000000.0
us10003zrf,2015,5.8,mww,31622776601683.793
us1000402t,2015,6.1,mww,89125093813374.4
us10004077,2015,5.8,mww,31622776601683.793
us100040ct,2015,5.7,mww,22387211385683.47
us100040iy,2015,5.6,mww,15848931924611.11
us100040q8,2015,6.0,mww,63095734448019.43
us100040uv,2015,5.5,mwb,11220184543019.652
us100040ww,2015,7.6,mww,1.5848931924611108e+16
us100040x6,2015,7.6,mww,1.5848931924611108e+16
us100041ay,2015,5.7,mww,22387211385683.47
us100041f1,2015,6.7,mww,707945784384140.2
us100041q5,2015,5.6,mww,15848931924611.11
us100041t7,2015,6.2,mww,125892541179417.14
us100041u7,2015,5.6,mww,15848931924611.11
us100041ui,2015,5.6,mww,15848931924611.11
us1000421x,2015,5.8,mww,31622776601683.793
us1000429g,2015,5.5,mwb,11220184543019.652
us100042gv,2015,5.8,mww,31622776601683.793
us100043z2,2015,7.1,mww,2818382931264449.0
us100044gf,2015,5.6,mww,15848931924611.11
us100044k6,2015,7.2,mww,3981071705534985.5
us100044k5,2015,5.5,mwr,11220184543019.652
us100044xh,2015,5.7,mww,22387211385683.47
us1000454p,2015,5.6,mww,15848931924611.11
us20004ft7,2015,6.9,mww,1412537544622761.2
us20004fuz,2015,6.1,mww,89125093813374.4
us20004g1p,2015,5.5,mww,11220184543019.652
us20004g40,2015,5.7,mww,22387211385683.47
us20004gtz,2015,5.5,mwb,11220184543019.652
us100047zq,2015,6.6,mww,501187233627271.44
us1000489i,2015,6.0,mww,63095734448019.43
us100048d4,2015,5.7,mww,22387211385683.47
us100048du,2015,5.8,mww,31622776601683.793
us100048hc,2015,6.1,mww,89125093813374.4
us100048lk,2015,5.7,mwb,22387211385683.47
us1000493b,2015,5.8,mww,31622776601683.793
us100049ce,2015,6.2,mww,125892541179417.14
us100049dq,2015,5.8,mww,31622776601683.793
us100049hf,2015,5.8,mww,31622776601683.793
us100049i1,2015,6.3,mww,177827941003892.28
us10004a1v,2015,5.6,mww,15848931924611.11
us10004a6n,2015,5.8,mww,31622776601683.793
us10004akg,2015,5.8,mww,31622776601683.793
us10004ant,2016,6.3,mww,177827941003892.28
us10004aqy,2016,5.8,mww,31622776601683.793
us10004atb,2016,5.8,mww,31622776601683.793
us10004b2n,2016,6.7,mww,707945784384140.2
us10004ben,2016,5.8,mww,31622776601683.793
us10004bgk,2016,6.0,mww,63095734448019.43
us10004bm0,2016,5.7,mww,22387211385683.47
us10004c96,2016,5.7,mww,22387211385683.47
us10004dam,2016,5.6,mwb,15848931924611.11
us10004dj5,2016,6.5,mww,354813389233576.06
us10004djn,2016,6.2,mww,125892541179417.14
us10004dqh,2016,5.9,mww,44668359215096.53
us10004dtm,2016,5.7,mww,22387211385683.47
us10004dxr,2016,5.9,mww,44668359215096.53
us10004ebw,2016,6.1,mww,89125093813374.4
us10004ebx,2016,6.7,mww,707945784384140.2
us10004efn,2016,5.6,mwb,15848931924611.11
us10004egq,2016,5.5,mww,11220184543019.652
us10004ehj,2016,5.6,mww,15848931924611.11
us10004f44,2016,5.6,mww,15848931924611.11
us10004feg,2016,5.8,mww,31622776601683.793
us10004fhj,2016,5.6,mww,15848931924611.11
us10004fv5,2016,5.9,mww,44668359215096.53
us10004g0a,2016,5.5,mwc,11220184543019.652
us10004g4l,2016,6.6,mww,501187233627271.44
us10004gep,2016,5.6,mww,15848931924611.11
ak01613v15nv,2016,7.1,mw,2818382931264449.0
us10004gx7,2016,5.7,mww,22387211385683.47
us10004gy9,2016,6.3,mww,177827941003892.28
us10004h1a,2016,5.5,mww,11220184543019.652
us20004uks,2016,6.1,mww,89125093813374.4
us20004uu1,2016,5.5,mww,11220184543019.652
us20004v38,2016,5.7,mww,22387211385683.47
us20004vvx,2016,7.2,mww,3981071705534985.5
us20004w14,2016,5.5,mwb,11220184543019.652
us20004w3k,2016,5.7,mww,22387211385683.47
us20004w6c,2016,6.1,mww,89125093813374.4
us20004wck,2016,6.2,mww,125892541179417.14
us20004wk0,2016,5.7,mww,22387211385683.47
us20004y6h,2016,6.4,mww,251188643150959.25
us20004y98,2016,5.7,mww,22387211385683.47
us20004yh2,2016,5.8,mww,31622776601683.793
us20004yr0,2016,6.4,mww,251188643150959.25
us20004z5b,2016,6.3,mww,177827941003892.28
us20004zp9,2016,6.3,mww,177827941003892.28
us20005019,2016,5.8,mww,31622776601683.793
us2000505t,2016,5.7,mww,22387211385683.47
us200050a6,2016,6.0,mww,63095734448019.43
us200050ei,2016,5.9,mww,44668359215096.53
us200050iw,2016,5.7,mww,22387211385683.47
us200050pj,2016,6.1,mww,89125093813374.4
us200050wc,2016,6.0,mww,63095734448019.43
us10004qp2,2016,5.6,mww,15848931924611.11
us10004rdp,2016,5.8,mww,31622776601683.793
us10004rga,2016,5.5,mwc,11220184543019.652
us10004rkg,2016,5.6,mww,15848931924611.11
us10004rn7,2016,6.0,mww,63095734448019.43
us10004s4c,2016,5.8,mww,31622776601683.793
us10004ssu,2016,5.7,mwb,22387211385683.47
us10004t7g,2016,6.1,mww,89125093813374.4
us10004taw,2016,5.5,mww,11220184543019.652
us10004tsd,2016,5.6,mww,15848931924611.11
us10004u1y,2016,7.8,mww,3.162277660168379e+16
us10004u8f,2016,5.6,mww,15848931924611.11
us10004uik,2016,5.9,mwc,44668359215096.53
us10004uj0,2016,5.6,mwc,15848931924611.11
us10004vz7,2016,5.9,mww,44668359215096.53
us10004x0f,2016,5.6,mww,15848931924611.11
us10004x1w,2016,6.3,mww,177827941003892.28
us10004xbb,2016,5.5,mww,11220184543019.652
us10004xbl,2016,5.6,mww,15848931924611.11
us10004xmh,2016,5.6,mww,15848931924611.11
us20005a5n,2016,5.5,mww,11220184543019.652
us20005amh,2016,5.6,mww,15848931924611.11
us20005aqk,2016,5.5,mww,11220184543019.652
us20005ate,2016,5.6,mww,15848931924611.11
us20005awl,2016,5.5,mww,11220184543019.652
us20005axu,2016,6.0,mww,63095734448019.43
us20005az4,2016,5.7,mww,22387211385683.47
us20005azr,2016,5.6,mww,15848931924611.11
us20005azy,2016,6.0,mww,63095734448019.43
us20005bbh,2016,6.4,mww,251188643150959.25
us20005bft,2016,5.6,mwb,15848931924611.11
us20005cjh,2016,5.6,mww,15848931924611.11
us20005cr4,2016,5.8,mww,31622776601683.793
us20005ct5,2016,5.5,mww,11220184543019.652
us20005cx1,2016,5.5,mww,11220184543019.652
us20005cxt,2016,5.5,mwc,11220184543019.652
us20005d4l,2016,5.5,mww,11220184543019.652
us20005du0,2016,5.9,mww,44668359215096.53
us20005e01,2016,6.2,mww,125892541179417.14
ak01649w95tp,2016,6.2,mw,125892541179417.14
us20005e8t,2016,6.9,mww,1412537544622761.2
us20005fjj,2016,5.9,mww,44668359215096.53
us20005fsh,2016,5.8,mww,31622776601683.793
us20005fsi,2016,6.7,mww,707945784384140.2
us20005ft6,2016,5.9,mww,44668359215096.53
us20005fv5,2016,6.1,mww,89125093813374.4
us20005fx0,2016,5.5,mww,11220184543019.652
us20005fzn,2016,6.7,mww,707945784384140.2
us20005gqv,2016,5.7,mww,22387211385683.47
us20005gs0,2016,5.5,mww,11220184543019.652
us20005gsg,2016,6.6,mww,501187233627271.44
us20005guh,2016,5.6,mww,15848931924611.11
us20005h2l,2016,5.6,mww,15848931924611.11
us20005haz,2016,5.8,mwb,31622776601683.793
us20005hdp,2016,5.5,mwb,11220184543019.652
us20005hqz,2016,6.9,mww,1412537544622761.2
us20005hux,2016,6.0,mww,63095734448019.43
us20005hxx,2016,5.8,mww,31622776601683.793
us20005hzl,2016,5.9,mww,44668359215096.53
us20005hzn,2016,6.2,mww,125892541179417.14
us20005i1a,2016,6.0,mww,63095734448019.43
us20005i6p,2016,6.4,mww,251188643150959.25
us20005i7m,2016,5.6,mww,15848931924611.11
us20005id2,2016,5.6,mwc,15848931924611.11
us20005ih9,2016,6.1,mww,89125093813374.4
us20005iis,2016,7.0,mww,1995262314968882.8
us20005ija,2016,5.7,mww,22387211385683.47
us20005inz,2016,5.5,mwr,11220184543019.652
us20005iyl,2016,5.5,mwc,11220184543019.652
us20005j32,2016,7.8,mww,3.162277660168379e+16
us20005j62,2016,5.8,mww,31622776601683.793
us20005j67,2016,5.7,mww,22387211385683.47
us20005j6q,2016,5.6,mwb,15848931924611.11
us20005jgz,2016,5.5,mww,11220184543019.652
us20005jhi,2016,5.9,mww,44668359215096.53
us20005jqc,2016,6.2,mww,125892541179417.14
us20005jyu,2016,5.6,mwb,15848931924611.11
us20005k37,2016,6.2,mww,125892541179417.14
us20005kb6,2016,6.0,mwb,63095734448019.43
us20005k4s,2016,5.6,mww,15848931924611.11
us20005k66,2016,5.9,mww,44668359215096.53
us20005kqh,2016,6.0,mww,63095734448019.43
us20005kqp,2016,5.9,mww,44668359215096.53
us20005l3v,2016,5.7,mww,22387211385683.47
us20005ldk,2016,5.5,mww,11220184543019.652
us20005lgm,2016,5.7,mww,22387211385683.47
us20005li9,2016,6.0,mww,63095734448019.43
us10005bki,2016,5.6,mww,15848931924611.11
us10005bxb,2016,6.0,mww,63095734448019.43
us10005bxy,2016,5.5,mww,11220184543019.652
us10005c88,2016,7.0,mww,1995262314968882.8
us10005cc4,2016,6.6,mww,501187233627271.44
us10005cpd,2016,5.8,mww,31622776601683.793
us10005cxc,2016,5.7,mww,22387211385683.47
us10005d0b,2016,5.6,mwc,15848931924611.11
us10005d6s,2016,5.7,mww,22387211385683.47
us10005d7k,2016,5.5,mwb,11220184543019.652
us10005dme,2016,5.7,mww,22387211385683.47
us10005dz1,2016,5.5,mwb,11220184543019.652
us10005dzs,2016,5.6,mwb,15848931924611.11
us10005el7,2016,5.6,mwb,15848931924611.11
us10005ftw,2016,5.8,mww,31622776601683.793
us10005g1a,2016,5.5,mwb,11220184543019.652
us10005gpt,2016,5.8,mww,31622776601683.793
us10005gq4,2016,5.7,mww,22387211385683.47
us10005h1j,2016,5.5,mwb,11220184543019.652
us10005h3z,2016,5.6,mww,15848931924611.11
us10005hf5,2016,5.8,mww,31622776601683.793
us10005hmu,2016,5.8,mww,31622776601683.793
us10005hp6,2016,5.5,mwc,11220184543019.652
us10005i5t,2016,6.7,mww,707945784384140.2
us10005i9n,2016,6.9,mww,1412537544622761.2
us10005iyk,2016,6.0,mww,63095734448019.43
us10005j3l,2016,5.5,mww,11220184543019.652
us20005yd1,2016,5.9,mww,44668359215096.53
us20005yd7,2016,6.4,mww,251188643150959.25
us20005yqp,2016,6.9,mww,1412537544622761.2
us20005ysu,2016,7.2,mww,3981071705534985.5
us20005z5g,2016,5.7,mww,22387211385683.47
us20005zay,2016,6.4,mww,251188643150959.25
us20005zc8,2016,5.9,mww,44668359215096.53
ak0166zpwei8,2016,5.7,mw,22387211385683.47
us20005zmf,2016,5.5,mwc,11220184543019.652
us20005zt1,2016,6.6,mww,501187233627271.44
us20005zv0,2016,5.8,mww,31622776601683.793
us20006257,2016,5.8,mww,31622776601683.793
us2000626m,2016,6.3,mww,177827941003892.28
us2000628p,2016,5.6,mww,15848931924611.11
us2000629f,2016,6.1,mww,89125093813374.4
us200062bu,2016,5.5,mww,11220184543019.652
us200062fz,2016,5.5,mww,11220184543019.652
us200062i1,2016,6.3,mww,177827941003892.28
us200062i7,2016,5.5,mwc,11220184543019.652
us200062l9,2016,6.3,mww,177827941003892.28
us200062qw,2016,5.9,mww,44668359215096.53
us200062zs,2016,6.1,mww,89125093813374.4
us200063cy,2016,6.1,mww,89125093813374.4
us200063dk,2016,6.2,mww,125892541179417.14
us200063gd,2016,5.5,mww,11220184543019.652
us200063m8,2016,5.8,mww,31622776601683.793
us2000640t,2016,5.7,mww,22387211385683.47
us2000641d,2016,5.6,mww,15848931924611.11
us200064bb,2016,6.2,mww,125892541179417.14
us200064bj,2016,5.6,mww,15848931924611.11
us200064hq,2016,5.7,mww,22387211385683.47
us200064rn,2016,5.7,mww,22387211385683.47
us20006567,2016,5.7,mwb,22387211385683.47
us2000659j,2016,5.7,mww,22387211385683.47
us200065d1,2016,6.3,mww,177827941003892.28
us200065ep,2016,5.6,mww,15848931924611.11
us200065g0,2016,6.0,mww,63095734448019.43
us200065s1,2016,6.1,mww,89125093813374.4
us200065sc,2016,6.3,mww,177827941003892.28
us2000665g,2016,5.5,mww,11220184543019.652
us200066bv,2016,5.8,mww,31622776601683.793
us200066n4,2016,5.5,mww,11220184543019.652
us200066t7,2016,5.5,mww,11220184543019.652
us200066x9,2016,6.4,mww,251188643150959.25
us2000671z,2016,5.7,mww,22387211385683.47
us200067az,2016,5.7,mww,22387211385683.47
us200067p3,2016,5.5,mww,11220184543019.652
us200067r2,2016,5.8,mww,31622776601683.793
us10005yp3,2016,6.0,mww,63095734448019.43
us10005zsp,2016,5.9,mww,44668359215096.53
us10006153,2016,5.8,mww,31622776601683.793
us100061tj,2016,5.5,mwb,11220184543019.652
us100062b1,2016,5.6,mwb,15848931924611.11
us100062dw,2016,5.8,mww,31622776601683.793
us100062ea,2016,6.0,mww,63095734448019.43
us100062et,2016,5.6,mww,15848931924611.11
us100062hd,2016,5.9,mww,44668359215096.53
us100062hg,2016,6.3,mww,177827941003892.28
us100062vf,2016,5.6,mww,15848931924611.11
us1000638j,2016,5.9,mww,44668359215096.53
us1000638m,2016,6.3,mww,177827941003892.28
us1000638n,2016,5.9,mwc,44668359215096.53
us10006391,2016,5.8,mww,31622776601683.793
us20006ewt,2016,5.6,mwb,15848931924611.11
us20006f14,2016,5.5,mwb,11220184543019.652
us20006fpn,2016,5.8,mww,31622776601683.793
us20006g6l,2016,6.1,mww,89125093813374.4
us20006h0d,2016,5.8,mww,31622776601683.793
us20006h25,2016,5.5,mww,11220184543019.652
ak0169f6vp18,2016,5.5,mw,11220184543019.652
us20006h4k,2016,5.9,mww,44668359215096.53
us20006h9g,2016,5.7,mwb,22387211385683.47
us20006hdi,2016,5.8,mww,31622776601683.793
us20006hi2,2016,6.1,mww,89125093813374.4
us20006hkb,2016,6.4,mww,251188643150959.25
us20006hnx,2016,5.9,mwb,44668359215096.53
us20006hpx,2016,5.8,mww,31622776601683.793
us20006hzu,2016,5.9,mww,44668359215096.53
us100068jg,2016,7.7,mww,2.2387211385683468e+16
us100068rp,2016,5.6,mww,15848931924611.11
us100068yv,2016,5.9,mww,44668359215096.53
us1000692a,2016,5.6,mww,15848931924611.11
us1000694i,2016,5.6,mww,15848931924611.11
us100069ee,2016,5.6,mww,15848931924611.11
us10006a1d,2016,6.2,mww,125892541179417.14
us10006a2k,2016,6.3,mww,177827941003892.28
us10006aaj,2016,5.5,mww,11220184543019.652
us10006d5h,2016,7.2,mww,3981071705534985.5
us10006d6d,2016,6.1,mww,89125093813374.4
us10006dr1,2016,5.7,mww,22387211385683.47
us10006ds7,2016,5.6,mww,15848931924611.11
us10006du3,2016,5.5,mwb,11220184543019.652
us10006dvd,2016,5.6,mww,15848931924611.11
us10006em9,2016,5.7,mww,22387211385683.47
us10006esj,2016,6.0,mww,63095734448019.43
us10006ew5,2016,5.5,mwc,11220184543019.652
us10006exl,2016,7.4,mww,7943282347242854.0
us10006f6x,2016,5.8,mww,31622776601683.793
us10006f9k,2016,5.5,mwb,11220184543019.652
us10006fce,2016,5.5,mww,11220184543019.652
us10006fdp,2016,6.0,mww,63095734448019.43
us10006ffg,2016,5.8,mww,31622776601683.793
us10006fik,2016,6.1,mww,89125093813374.4
us10006fq7,2016,5.6,mww,15848931924611.11
us10006g2n,2016,6.0,mww,63095734448019.43
us10006g7d,2016,6.2,mww,125892541179417.14
us10006g7w,2016,5.6,mww,15848931924611.11
us10006gbf,2016,6.8,mww,1000000000000000.0
us10006gf0,2016,5.6,mww,15848931924611.11
us20006ty8,2016,5.9,mww,44668359215096.53
us20006urc,2016,5.5,mww,11220184543019.652
us20006uy6,2016,7.1,mww,2818382931264449.0
us10006iy0,2016,6.8,mww,1000000000000000.0
us10006j5q,2016,5.8,mww,31622776601683.793
us10006jbi,2016,7.0,mww,1995262314968882.8
us10006jd4,2016,6.1,mww,89125093813374.4
us10006jdx,2016,5.5,mww,11220184543019.652
us10006jg1,2016,5.5,mww,11220184543019.652
us10006jj6,2016,5.5,mwb,11220184543019.652
us10006jmt,2016,5.5,mwb,11220184543019.652
nc72689331,2016,5.64,mw,18197008586099.75
us10006jxs,2016,5.8,mww,31622776601683.793
us10006k8f,2016,5.8,mww,31622776601683.793
us10006klg,2016,5.9,mww,44668359215096.53
us10006kpq,2016,6.1,mww,89125093813374.4
us10006mbt,2016,5.6,mww,15848931924611.11
us10006n6r,2016,6.1,mww,89125093813374.4
us10006n81,2016,5.6,mww,15848931924611.11
us10006nkg,2016,6.1,mww,89125093813374.4
us10006nkx,2016,5.9,mww,44668359215096.53
us10006nyk,2016,5.8,mww,31622776601683.793
us10006pdp,2016,6.0,mww,63095734448019.43
us10006pfn,2016,6.0,mww,63095734448019.43
us10006ppy,2016,5.7,mww,22387211385683.47
us10006q7u,2016,5.5,mwb,11220184543019.652
us10006qas,2016,6.0,mww,63095734448019.43
us10006qbn,2016,5.8,mww,31622776601683.793
us10006qm4,2016,5.8,mww,31622776601683.793
us10006r42,2016,6.1,mww,89125093813374.4
us10006rp9,2016,5.5,mwb,11220184543019.652
us10006rrf,2016,5.6,mww,15848931924611.11
us10006rte,2016,6.2,mww,125892541179417.14
us10006s4v,2016,6.3,mww,177827941003892.28
us10006s5c,2016,5.6,mww,15848931924611.11
us10006s8f,2016,5.6,mww,15848931924611.11
us10006say,2016,5.9,mww,44668359215096.53
us10006sb0,2016,5.7,mwc,22387211385683.47
us10006scl,2016,6.4,mww,251188643150959.25
us10006scr,2016,6.9,mww,1412537544622761.2
us10006shr,2016,5.6,mww,15848931924611.11
us10006sp7,2016,5.7,mww,22387211385683.47
us10006tk4,2016,5.5,mww,11220184543019.652
us10006tpd,2016,5.5,mwc,11220184543019.652
us10006u90,2016,5.6,mww,15848931924611.11
usd0007jx3,2016,5.7,mww,22387211385683.47
us20007c73,2016,5.5,mwb,11220184543019.652
us20007ccf,2016,5.8,mww,31622776601683.793
us20007cfa,2016,5.6,mwb,15848931924611.11
us20007crf,2016,5.6,mwc,15848931924611.11
us20007cu1,2016,5.8,mww,31622776601683.793
us20007cya,2016,5.8,mww,31622776601683.793
us20007d25,2016,5.6,mwb,15848931924611.11
us20007dbw,2016,5.6,mww,15848931924611.11
us20007dxq,2016,5.5,mwb,11220184543019.652
us20007ebu,2016,6.3,mww,177827941003892.28
us20007eec,2016,5.5,mww,11220184543019.652
us20007ept,2016,6.8,mww,1000000000000000.0
us20007eqh,2016,5.9,mww,44668359215096.53
us20007f3s,2016,5.9,mww,44668359215096.53
us20007f6l,2016,5.6,mww,15848931924611.11
us20007f7j,2016,6.6,mww,501187233627271.44
us20007fhv,2016,5.6,mww,15848931924611.11
us20007fj2,2016,5.6,mww,15848931924611.11
us20007fta,2016,6.2,mww,125892541179417.14
us20007g96,2016,5.9,mww,44668359215096.53
us20007ga1,2016,5.6,mww,15848931924611.11
us20007gb2,2016,5.5,mwb,11220184543019.652
us20007gmi,2016,5.8,mww,31622776601683.793
us20007gsh,2016,6.1,mww,89125093813374.4
us20007guy,2016,5.5,mww,11220184543019.652
us1000725y,2016,6.1,mww,89125093813374.4
us10007287,2016,5.6,mww,15848931924611.11
us100072ai,2016,5.8,mww,31622776601683.793
us100072bs,2016,5.9,mww,44668359215096.53
us100072gn,2016,6.0,mww,63095734448019.43
us100072jv,2016,5.9,mww,44668359215096.53
us100072su,2016,5.8,mww,31622776601683.793
us1000731j,2016,6.6,mww,501187233627271.44
us1000735j,2016,5.6,mww,15848931924611.11
us100073jd,2016,6.0,mww,63095734448019.43
us1000744u,2016,6.3,mww,177827941003892.28
us10007659,2016,5.8,mww,31622776601683.793
us1000767e,2016,5.7,mww,22387211385683.47
us10007681,2016,6.0,mww,63095734448019.43
us100076hl,2016,5.9,mww,44668359215096.53
us100076ma,2016,5.7,mwb,22387211385683.47
us100076pv,2016,5.6,mww,15848931924611.11
us1000770m,2016,6.1,mww,89125093813374.4
us1000774l,2016,5.9,mww,44668359215096.53
us1000775e,2016,5.6,mwb,15848931924611.11
us1000778i,2016,7.8,mww,3.162277660168379e+16
us10007795,2016,6.5,mww,354813389233576.06
us1000779b,2016,6.1,mww,89125093813374.4
us100077aj,2016,6.2,mww,125892541179417.14
us100077ap,2016,5.7,mwr,22387211385683.47
us100077ef,2016,5.7,mww,22387211385683.47
us100077hw,2016,6.5,mww,354813389233576.06
us100077jc,2016,5.6,mww,15848931924611.11
us100077ky,2016,5.7,mww,22387211385683.47
us100077l5,2016,5.5,mww,11220184543019.652
us1000780y,2016,5.5,mww,11220184543019.652
us100078ll,2016,5.8,mww,31622776601683.793
us100078vh,2016,5.7,mww,22387211385683.47
us100079g9,2016,5.5,mww,11220184543019.652
us10007a83,2016,5.6,mww,15848931924611.11
us10007az5,2016,6.4,mww,251188643150959.25
us10007b3d,2016,5.5,mwb,11220184543019.652
us10007b88,2016,6.9,mww,1412537544622761.2
us10007ba5,2016,5.9,mww,44668359215096.53
us10007bbx,2016,5.5,mww,11220184543019.652
us10007br5,2016,5.8,mww,31622776601683.793
us10007bwb,2016,5.9,mww,44668359215096.53
us10007c4w,2016,6.9,mww,1412537544622761.2
us10007ca5,2016,6.6,mww,501187233627271.44
us10007cvf,2016,5.5,mww,11220184543019.652
us10007cw9,2016,5.5,mwb,11220184543019.652
us10007d73,2016,5.7,mww,22387211385683.47
us10007e4n,2016,5.5,mwb,11220184543019.652
us10007e55,2016,6.2,mww,125892541179417.14
us10007ekb,2016,5.9,mww,44668359215096.53
us10007elg,2016,5.5,mwb,11220184543019.652
us10007er7,2016,5.7,mww,22387211385683.47
us10007ev8,2016,6.3,mww,177827941003892.28
us10007ggp,2016,5.9,mww,44668359215096.53
us10007ghm,2016,6.5,mww,354813389233576.06
us20007z2r,2016,6.0,mww,63095734448019.43
us20007z6r,2016,6.6,mww,501187233627271.44
us20007z80,2016,7.8,mww,3.162277660168379e+16
us20007zbn,2016,6.5,mww,354813389233576.06
us20007zlq,2016,6.9,mww,1412537544622761.2
us20007zm1,2016,5.9,mww,44668359215096.53
us20007zn7,2016,5.8,mww,31622776601683.793
us20007zpc,2016,5.5,mww,11220184543019.652
us20007zq4,2016,5.6,mww,15848931924611.11
us20007zq6,2016,5.8,mww,31622776601683.793
us20007ztn,2016,6.0,mww,63095734448019.43
us20007zz8,2016,5.8,mww,31622776601683.793
us20008002,2016,5.5,mww,11220184543019.652
us200080m3,2016,6.0,mww,63095734448019.43
us200080td,2016,5.5,mww,11220184543019.652
us2000819r,2016,5.5,mww,11220184543019.652
us200081v8,2016,7.9,mww,4.466835921509653e+16
us200081w0,2016,6.3,mww,177827941003892.28
us2000825r,2016,5.9,mww,44668359215096.53
us2000826e,2016,5.5,mwb,11220184543019.652
us2000826m,2016,5.9,mww,44668359215096.53
us2000828l,2016,6.2,mww,125892541179417.14
us2000829x,2016,5.5,mww,11220184543019.652
us200082an,2016,6.4,mww,251188643150959.25
us200082pp,2016,6.4,mww,251188643150959.25
us200082q8,2016,5.6,mww,15848931924611.11
us200082s5,2016,5.6,mww,15848931924611.11
us200082tk,2016,6.0,mww,63095734448019.43
us10007lix,2016,5.5,mwb,11220184543019.652
us10007lkw,2016,6.7,mww,707945784384140.2
us10007lqe,2016,5.9,mww,44668359215096.53
us10007mf5,2016,6.0,mww,63095734448019.43
us10007mfp,2016,5.8,mww,31622776601683.793
us10007mn3,2016,7.6,mww,1.5848931924611108e+16
us10007n3r,2016,5.6,mww,15848931924611.11
us10007naf,2016,5.9,mww,44668359215096.53
us10007nl0,2016,6.3,mww,177827941003892.28
us10007p5d,2017,5.7,mwb,22387211385683.47
us10007p7n,2017,5.9,mww,44668359215096.53
us10007p7m,2017,6.3,mww,177827941003892.28
us10007pfk,2017,5.7,mww,22387211385683.47
us10007piy,2017,5.5,mww,11220184543019.652
us10007pj6,2017,6.9,mww,1412537544622761.2
us10007pjt,2017,6.0,mww,63095734448019.43
us10007pkn,2017,5.6,mww,15848931924611.11
us10007r5m,2017,5.7,mww,22387211385683.47
us10007rkj,2017,5.8,mww,31622776601683.793
us10007ryv,2017,5.9,mww,44668359215096.53
us10007s8c,2017,5.6,mwb,15848931924611.11
us10007s20,2017,6.0,mww,63095734448019.43
us10007s9c,2017,7.3,mww,5623413251903491.0
us10007sb5,2017,5.7,mww,22387211385683.47
us10007sd4,2017,6.3,mww,177827941003892.28
us10007sn1,2017,5.8,mww,31622776601683.793
us10007snb,2017,5.5,mww,11220184543019.652
us10007t3y,2017,5.7,mww,22387211385683.47
us10007t8x,2017,5.9,mww,44668359215096.53
us10007t9m,2017,5.5,mww,11220184543019.652
us10007tas,2017,5.7,mww,22387211385683.47
us10007tfe,2017,5.8,mww,31622776601683.793
us10007tii,2017,5.6,mww,15848931924611.11
us10007tjy,2017,5.9,mww,44668359215096.53
us10007tmh,2017,5.8,mww,31622776601683.793
us10007twj,2017,5.7,mww,22387211385683.47
us10007twn,2017,5.6,mww,15848931924611.11
us10007u7n,2017,6.5,mww,354813389233576.06
us10007ul1,2017,5.6,mww,15848931924611.11
us10007uph,2017,7.9,mww,4.466835921509653e+16
us10007v50,2017,5.5,mww,11220184543019.652
us10007w1e,2017,5.9,mww,44668359215096.53
us10007wbk,2017,5.9,mww,44668359215096.53
us10007wew,2017,5.5,mww,11220184543019.652
us20008fsm,2017,5.6,mww,15848931924611.11
us20008hh9,2017,5.8,mww,31622776601683.793
us20008hx7,2017,5.5,mww,11220184543019.652
us20008ic7,2017,6.3,mww,177827941003892.28
us20008ixa,2017,6.5,mww,354813389233576.06
us20008kn8,2017,6.4,mww,251188643150959.25
us20008l0q,2017,5.5,mww,11220184543019.652
us20008l41,2017,6.5,mww,354813389233576.06
us20008lv9,2017,5.5,mww,11220184543019.652
us20008lww,2017,5.9,mww,44668359215096.53
us20008m3t,2017,6.9,mww,1412537544622761.2
us20008man,2017,5.9,mww,44668359215096.53
us20008mhb,2017,5.5,mww,11220184543019.652
us20008mw4,2017,5.7,mww,22387211385683.47
us100085qu,2017,5.6,mww,15848931924611.11
us100086wu,2017,5.5,mww,11220184543019.652
ak0172sx1gks,2017,5.6,mw,15848931924611.11
us100086gw,2017,5.6,mww,15848931924611.11
us100086x7,2017,6.1,mww,89125093813374.4
us1000870s,2017,5.7,mww,22387211385683.47
us1000874a,2017,5.6,mwb,15848931924611.11
us1000876f,2017,6.3,mww,177827941003892.28
us100087gx,2017,5.5,mww,11220184543019.652
us100087h5,2017,5.7,mww,22387211385683.47
us100087kn,2017,5.6,mww,15848931924611.11
us100087wv,2017,5.9,mww,44668359215096.53
us100088f7,2017,5.6,mww,15848931924611.11
us100088m4,2017,5.5,mww,11220184543019.652
us100088sf,2017,6.0,mww,63095734448019.43
us100088vp,2017,5.6,mww,15848931924611.11
us100088wf,2017,5.7,mww,22387211385683.47
us20008sd8,2017,5.6,mww,15848931924611.11
us20008siq,2017,5.5,mww,11220184543019.652
us20008t6m,2017,6.0,mww,63095734448019.43
us20008tme,2017,5.6,mww,15848931924611.11
us20008ulq,2017,5.5,mww,11220184543019.652
us20008uzn,2017,6.2,mww,125892541179417.14
us20008vhl,2017,6.6,mww,501187233627271.44
us20008vll,2017,5.7,mww,22387211385683.47
us10008dhp,2017,5.5,mww,11220184543019.652
us10008dm9,2017,5.5,mww,11220184543019.652
us10008e3k,2017,6.5,mww,354813389233576.06
us10008eak,2017,5.6,mww,15848931924611.11
us10008ef7,2017,5.6,mww,15848931924611.11
us10008ei0,2017,6.1,mww,89125093813374.4
us10008f2b,2017,5.6,mww,15848931924611.11
us10008fsc,2017,5.5,mww,11220184543019.652
us10008fsd,2017,5.9,mww,44668359215096.53
us10008fye,2017,5.5,mww,11220184543019.652
us10008g4x,2017,5.7,mww,22387211385683.47
us10008g7h,2017,5.8,mww,31622776601683.793
us10008gkz,2017,5.7,mww,22387211385683.47
us10008gsq,2017,5.8,mww,31622776601683.793
us10008h1u,2017,5.5,mww,11220184543019.652
us10008hb9,2017,5.5,mww,11220184543019.652
us10008hbv,2017,5.8,mww,31622776601683.793
us10008hu2,2017,6.3,mww,177827941003892.28
us10008i34,2017,5.6,mww,15848931924611.11
us10008i97,2017,5.7,mww,22387211385683.47
us10008iaa,2017,5.6,mww,15848931924611.11
us10008iph,2017,6.0,mww,63095734448019.43
us10008iq5,2017,5.9,mww,44668359215096.53
us10008jej,2017,5.5,mwb,11220184543019.652
us10008jeq,2017,5.6,mww,15848931924611.11
us10008jvr,2017,6.0,mww,63095734448019.43
us10008k2i,2017,5.6,mww,15848931924611.11
us10008kce,2017,6.9,mww,1412537544622761.2
us10008l61,2017,5.5,mwb,11220184543019.652
us10008lai,2017,5.7,mww,22387211385683.47
us10008ld1,2017,5.5,mww,11220184543019.652
us10008llg,2017,5.9,mww,44668359215096.53
us10008lm3,2017,5.8,mww,31622776601683.793
us10008ls4,2017,6.9,mww,1412537544622761.2
us10008lzr,2017,5.5,mww,11220184543019.652
us10008m0g,2017,5.7,mww,22387211385683.47
us10008mel,2017,6.2,mww,125892541179417.14
us10008mgu,2017,6.3,mww,177827941003892.28
us10008n0i,2017,5.9,mww,44668359215096.53
us10008npq,2017,6.0,mww,63095734448019.43
us10008pk9,2017,5.8,mww,31622776601683.793
us10008pz3,2017,5.9,mww,44668359215096.53
us10008qgx,2017,5.7,mww,22387211385683.47
us10008qh7,2017,5.9,mww,44668359215096.53
us10008qhu,2017,6.2,mww,125892541179417.14
us10008qnw,2017,6.0,mww,63095734448019.43
us10008qqm,2017,5.5,mww,11220184543019.652
us10008qsb,2017,6.8,mww,1000000000000000.0
us10008r2h,2017,5.8,mww,31622776601683.793
us10008rb6,2017,6.5,mww,354813389233576.06
us10008rd3,2017,5.6,mww,15848931924611.11
us10008rhi,2017,5.7,mww,22387211385683.47
us10008rri,2017,5.6,mww,15848931924611.11
us10008rtu,2017,6.2,mww,125892541179417.14
us10008s7b,2017,5.6,mww,15848931924611.11
us10008sfd,2017,5.7,mww,22387211385683.47
us10008si3,2017,5.5,mww,11220184543019.652
us10008sjn,2017,6.2,mww,125892541179417.14
us10008tp0,2017,6.0,mww,63095734448019.43
us10008tqj,2017,5.7,mww,22387211385683.47
us10008tuw,2017,5.7,mww,22387211385683.47
us10008u48,2017,5.5,mww,11220184543019.652
us10008usv,2017,5.7,mww,22387211385683.47
us10008ut8,2017,5.5,mww,11220184543019.652
us10008uvv,2017,5.9,mww,44668359215096.53
us10008v90,2017,5.6,mww,15848931924611.11
us10008vvl,2017,5.7,mww,22387211385683.47
us10008w1z,2017,6.6,mww,501187233627271.44
us10008w2b,2017,5.9,mww,44668359215096.53
us10008wej,2017,5.7,mww,22387211385683.47
us10008wst,2017,5.5,mww,11220184543019.652
us20009jd6,2017,6.8,mww,1000000000000000.0
us20009jdx,2017,5.9,mww,44668359215096.53
us20009kit,2017,5.9,mww,44668359215096.53
us20009kr6,2017,5.6,mww,15848931924611.11
us20009lfa,2017,5.6,mww,15848931924611.11
us20009lpe,2017,5.6,mww,15848931924611.11
us20009lsg,2017,5.5,mww,11220184543019.652
us20009lwc,2017,5.7,mww,22387211385683.47
us20009lwp,2017,5.7,mww,22387211385683.47
us20009ly0,2017,6.3,mww,177827941003892.28
us20009m97,2017,5.8,mww,31622776601683.793
us20009mbf,2017,5.5,mww,11220184543019.652
us20009mbt,2017,6.9,mww,1412537544622761.2
us20009mji,2017,5.5,mww,11220184543019.652
us20009mjp,2017,6.0,mww,63095734448019.43
us20009msm,2017,5.8,mww,31622776601683.793
us20009n59,2017,5.7,mww,22387211385683.47
us20009n9r,2017,5.5,mww,11220184543019.652
us20009nc2,2017,6.1,mww,89125093813374.4
us20009nju,2017,5.9,mww,44668359215096.53
us20009p1a,2017,6.8,mww,1000000000000000.0
us20009pf9,2017,5.6,mww,15848931924611.11
us20009pgd,2017,5.5,mww,11220184543019.652
us20009ph9,2017,5.7,mww,22387211385683.47
us20009pjx,2017,5.6,mww,15848931924611.11
us20009pmr,2017,6.0,mww,63095734448019.43
us20009psx,2017,5.5,mww,11220184543019.652
us20009q32,2017,5.5,mww,11220184543019.652
us20009q4v,2017,6.0,mww,63095734448019.43
us1000954z,2017,6.0,mww,63095734448019.43
us1000959z,2017,5.5,mww,11220184543019.652
us100095ed,2017,5.9,mww,44668359215096.53
us100095nr,2017,6.0,mww,63095734448019.43
us100095ut,2017,5.8,mww,31622776601683.793
us100095v5,2017,5.5,mww,11220184543019.652
us100096p0,2017,5.9,mww,44668359215096.53
us10009757,2017,5.8,mww,31622776601683.793
us1000976a,2017,6.5,mww,354813389233576.06
us100097jz,2017,5.7,mww,22387211385683.47
us10009846,2017,5.7,mww,22387211385683.47
us100098bt,2017,5.5,mww,11220184543019.652
us100098gc,2017,5.8,mww,31622776601683.793
us100098ju,2017,5.7,mww,22387211385683.47
us100098qm,2017,6.6,mww,501187233627271.44
us1000991f,2017,5.6,mww,15848931924611.11
us20009vsi,2017,5.9,mww,44668359215096.53
us20009vvi,2017,6.4,mww,251188643150959.25
us20009wjw,2017,5.9,mww,44668359215096.53
us20009wsf,2017,5.6,mww,15848931924611.11
us20009wu6,2017,5.7,mww,22387211385683.47
us20009wwj,2017,6.3,mww,177827941003892.28
us20009x42,2017,7.7,mww,2.2387211385683468e+16
us20009x7r,2017,6.4,mww,251188643150959.25
us20009y4v,2017,5.7,mww,22387211385683.47
us20009xz4,2017,6.0,mww,63095734448019.43
us20009yb7,2017,5.8,mww,31622776601683.793
us20009ynd,2017,6.6,mww,501187233627271.44
us20009yvq,2017,5.5,mww,11220184543019.652
us20009zyk,2017,5.5,mww,11220184543019.652
us2000a02t,2017,5.6,mww,15848931924611.11
us2000a18e,2017,6.0,mww,63095734448019.43
us2000a1qs,2017,5.8,mww,31622776601683.793
us2000a1uk,2017,6.0,mww,63095734448019.43
us2000a21g,2017,5.5,mww,11220184543019.652
us2000a2r4,2017,5.7,mww,22387211385683.47
us2000a34a,2017,5.6,mww,15848931924611.11
us2000a4zc,2017,5.8,mww,31622776601683.793
us2000a59l,2017,5.8,mww,31622776601683.793
us2000a5dp,2017,5.6,mww,15848931924611.11
us2000a5g1,2017,5.8,mww,31622776601683.793
us2000a5hd,2017,5.5,mww,11220184543019.652
us2000a5hh,2017,5.7,mww,22387211385683.47
us2000a5x1,2017,6.5,mww,354813389233576.06
us2000a65e,2017,6.3,mww,177827941003892.28
us2000a68x,2017,5.5,mww,11220184543019.652
us2000a690,2017,5.5,mww,11220184543019.652
us2000a6ul,2017,5.5,mww,11220184543019.652
us2000a77i,2017,6.2,mww,125892541179417.14
us2000a7gq,2017,5.6,mww,15848931924611.11
us2000a7kk,2017,5.8,mww,31622776601683.793
us2000a7q2,2017,6.4,mww,251188643150959.25
us2000a7ta,2017,5.8,mww,31622776601683.793
us2000a7xx,2017,5.6,mww,15848931924611.11
us2000a8bb,2017,5.7,mww,22387211385683.47
us2000a8qf,2017,5.7,mww,22387211385683.47
us2000a98r,2017,6.6,mww,501187233627271.44
us2000a9k7,2017,5.5,mww,11220184543019.652
us2000a9n1,2017,6.4,mww,251188643150959.25
us2000ac49,2017,5.5,mww,11220184543019.652
us2000ac7a,2017,6.3,mww,177827941003892.28
us2000adjh,2017,6.3,mww,177827941003892.28
ak017b65zkfy,2017,5.6,mw,15848931924611.11
us2000adtb,2017,5.5,mww,11220184543019.652
us2000aek2,2017,5.5,mww,11220184543019.652
us2000afh9,2017,6.1,mww,89125093813374.4
us2000aful,2017,5.5,mww,11220184543019.652
us2000ahlq,2017,6.1,mww,89125093813374.4
us2000ahv0,2017,8.2,mww,1.258925411794161e+17
us2000ailq,2017,5.5,mww,11220184543019.652
us2000aj51,2017,5.8,mww,31622776601683.793
us2000aj8s,2017,5.5,mww,11220184543019.652
us2000ajpe,2017,5.7,mww,22387211385683.47
us2000ak7u,2017,5.7,mww,22387211385683.47
us2000akcq,2017,5.5,mww,11220184543019.652
us2000amk5,2017,5.8,mww,31622776601683.793
us2000anjp,2017,5.5,mww,11220184543019.652
us2000ap3b,2017,5.6,mww,15848931924611.11
us2000apif,2017,5.7,mww,22387211385683.47
us2000apru,2017,5.5,mww,11220184543019.652
us2000apwd,2017,5.9,mww,44668359215096.53
us2000apx5,2017,5.6,mww,15848931924611.11
us2000aqji,2017,5.5,mww,11220184543019.652
us2000ar20,2017,7.1,mww,2818382931264449.0
us2000arel,2017,6.1,mww,89125093813374.4
us2000arxv,2017,6.1,mww,89125093813374.4
us2000as2f,2017,6.4,mww,251188643150959.25
us2000as5x,2017,5.9,mww,44668359215096.53
us2000as7r,2017,5.7,mww,22387211385683.47
us2000at0m,2017,5.6,mww,15848931924611.11
us2000atbf,2017,5.7,mww,22387211385683.47
us2000atis,2017,5.8,mww,31622776601683.793
us2000atjv,2017,6.1,mww,89125093813374.4
us2000atpb,2017,5.7,mww,22387211385683.47
us2000atwe,2017,5.8,mww,31622776601683.793
us2000aulg,2017,5.9,mww,44668359215096.53
us2000autd,2017,6.4,mww,251188643150959.25
us2000av31,2017,5.8,mww,31622776601683.793
us2000avvw,2017,5.5,mww,11220184543019.652
us2000axas,2017,5.6,mww,15848931924611.11
us2000b0nr,2017,5.7,mww,22387211385683.47
us2000b1c3,2017,5.5,mww,11220184543019.652
us2000b1t0,2017,5.5,mww,11220184543019.652
us2000b1v8,2017,6.2,mww,125892541179417.14
us2000b20f,2017,5.6,mww,15848931924611.11
us2000b25h,2017,5.6,mww,15848931924611.11
us2000b2sv,2017,6.1,mww,89125093813374.4
us2000b2v1,2017,6.2,mww,125892541179417.14
us2000b2vq,2017,6.5,mww,354813389233576.06
us2000b3dm,2017,6.3,mww,177827941003892.28
us1000apql,2017,6.7,mww,707945784384140.2
us1000apzz,2017,5.6,mww,15848931924611.11
us1000aqwn,2017,5.5,mww,11220184543019.652
us1000arzf,2017,5.5,mww,11220184543019.652
us1000aswu,2017,5.5,mww,11220184543019.652
us1000asxk,2017,5.5,mww,11220184543019.652
us1000atnb,2017,6.1,mww,89125093813374.4
us1000atrw,2017,5.6,mww,15848931924611.11
us1000au13,2017,5.9,mww,44668359215096.53
us1000avue,2017,5.8,mww,31622776601683.793
us1000aw8q,2017,6.7,mww,707945784384140.2
us1000awna,2017,5.5,mww,11220184543019.652
us1000ay28,2017,5.8,mww,31622776601683.793
us1000ay29,2017,5.8,mww,31622776601683.793
us1000ay3r,2017,5.9,mww,44668359215096.53
us1000aytk,2017,6.7,mww,707945784384140.2
us1000ayv5,2017,5.9,mww,44668359215096.53
us1000aywi,2017,5.7,mww,22387211385683.47
us1000ayz3,2017,5.8,mww,31622776601683.793
us1000ayz4,2017,5.6,mww,15848931924611.11
us1000ayz8,2017,6.1,mww,89125093813374.4
us1000az05,2017,5.7,mww,22387211385683.47
us1000azi3,2017,6.1,mww,89125093813374.4
us1000azjt,2017,6.6,mww,501187233627271.44
us1000azme,2017,5.9,mww,44668359215096.53
us1000azrh,2017,5.5,mww,11220184543019.652
us2000bfdc,2017,5.6,mww,15848931924611.11
us2000bhp8,2017,5.7,mww,22387211385683.47
us2000bibm,2017,6.8,mww,1000000000000000.0
us2000bie2,2017,5.7,mww,22387211385683.47
us2000bife,2017,5.6,mww,15848931924611.11
us2000biq7,2017,5.5,mww,11220184543019.652
us2000bivm,2017,5.5,mww,11220184543019.652
us2000bjp9,2017,5.5,mww,11220184543019.652
us2000bjrq,2017,5.7,mww,22387211385683.47
us2000bk15,2017,6.5,mww,354813389233576.06
us2000bk9d,2017,5.7,mww,22387211385683.47
us2000bkrv,2017,6.0,mww,63095734448019.43
us2000bldw,2017,5.8,mww,31622776601683.793
us2000blul,2017,6.1,mww,89125093813374.4
us2000bmcg,2017,7.3,mww,5623413251903491.0
us2000bmfd,2017,5.9,mww,44668359215096.53
us2000bmhe,2017,6.5,mww,354813389233576.06
us2000bn70,2017,5.5,mww,11220184543019.652
us2000bnem,2017,5.5,mww,11220184543019.652
us2000bnmq,2017,5.8,mww,31622776601683.793
us2000bnnl,2017,5.6,mww,15848931924611.11
us2000bnrs,2017,5.5,mww,11220184543019.652
us2000bphs,2017,5.9,mww,44668359215096.53
us2000bpkq,2017,5.8,mww,31622776601683.793
us2000bqsn,2017,6.4,mww,251188643150959.25
us2000bqvz,2017,5.5,mww,11220184543019.652
us2000br1i,2017,5.8,mww,31622776601683.793
us2000brbk,2017,6.3,mww,177827941003892.28
us2000brgk,2017,6.6,mww,501187233627271.44
us2000brh4,2017,5.9,mww,44668359215096.53
us2000brlf,2017,7.0,mww,1995262314968882.8
us2000brnd,2017,6.0,mww,63095734448019.43
us2000brz0,2017,6.0,mww,63095734448019.43
us2000bs5i,2017,5.5,mww,11220184543019.652
us2000bsrh,2017,5.5,mww,11220184543019.652
us2000btkn,2017,5.5,mww,11220184543019.652
us2000bubz,2017,5.8,mww,31622776601683.793
us2000burc,2017,6.0,mww,63095734448019.43
us2000bvcw,2017,5.5,mww,11220184543019.652
us2000bvry,2017,5.5,mww,11220184543019.652
us2000bvsl,2017,5.7,mww,22387211385683.47
us1000bj3n,2017,5.5,mww,11220184543019.652
us1000bj4z,2017,5.5,mww,11220184543019.652
us1000bj76,2017,5.5,mww,11220184543019.652
us1000bj7t,2017,6.5,mww,354813389233576.06
us1000bjnz,2017,6.1,mww,89125093813374.4
us1000bjph,2017,6.0,mww,63095734448019.43
us1000bjr7,2017,5.5,mww,11220184543019.652
us1000bkjh,2017,6.1,mww,89125093813374.4
us1000bkpn,2017,5.8,mww,31622776601683.793
us1000bkqv,2017,5.5,mww,11220184543019.652
us1000bms0,2017,5.5,mww,11220184543019.652
us2000c1wt,2017,6.4,mww,251188643150959.25
us2000c1xc,2017,5.9,mww,44668359215096.53
us2000c1zn,2017,6.3,mww,177827941003892.28
us2000c286,2017,5.7,mww,22387211385683.47
us2000c2du,2017,6.1,mww,89125093813374.4
us2000c2te,2017,5.7,mww,22387211385683.47
us2000c2vg,2017,5.6,mww,15848931924611.11
us2000c2xt,2017,5.5,mww,11220184543019.652
us2000c3ag,2017,6.0,mww,63095734448019.43
us2000c3mi,2017,6.0,mww,63095734448019.43
us2000c3y6,2017,6.5,mww,354813389233576.06
us2000c4ki,2017,5.5,mww,11220184543019.652
us2000c4v8,2017,6.5,mww,354813389233576.06
us2000c57n,2017,5.5,mww,11220184543019.652
us2000c5bf,2017,5.5,mww,11220184543019.652
us1000bsxu,2017,5.5,mww,11220184543019.652
us1000btna,2017,5.5,mww,11220184543019.652
us1000bu46,2017,5.8,mww,31622776601683.793
us1000bv11,2017,5.5,mww,11220184543019.652
us1000bvpy,2017,5.5,mww,11220184543019.652
us1000bvyv,2017,5.5,mww,11220184543019.652
us1000bx7a,2017,5.7,mww,22387211385683.47
us1000bz20,2017,5.5,mww,11220184543019.652
us1000bxw9,2017,5.7,mww,22387211385683.47
us1000bxyn,2017,5.7,mww,22387211385683.47
us1000bz0y,2018,5.9,mww,44668359215096.53
us1000bzhb,2018,5.5,mww,11220184543019.652
us1000c1my,2018,5.6,mww,15848931924611.11
us1000c2ax,2018,5.8,mww,31622776601683.793
us1000c2zy,2018,7.5,mww,1.1220184543019652e+16
us2000ci3s,2018,5.5,mww,11220184543019.652
us2000ciek,2018,5.5,mww,11220184543019.652
us2000cifa,2018,6.0,mww,63095734448019.43
us2000cj9r,2018,5.8,mww,31622776601683.793
us2000cjfy,2018,7.1,mww,2818382931264449.0
us2000cjkg,2018,5.5,mww,11220184543019.652
us2000cjyj,2018,5.8,mww,31622776601683.793
us2000ck3t,2018,5.9,mww,44668359215096.53
us2000ckj1,2018,5.8,mww,31622776601683.793
us2000ckqy,2018,5.8,mww,31622776601683.793
usd0008ke6,2018,5.6,mww,15848931924611.11
us2000cl83,2018,6.3,mww,177827941003892.28
us2000cm0f,2018,6.3,mww,177827941003892.28
us2000cmwz,2018,5.9,mww,44668359215096.53
us2000cmy3,2018,7.9,mww,4.466835921509653e+16
us2000cnh7,2018,5.5,mww,11220184543019.652
us2000cnnl,2018,6.3,mww,177827941003892.28
us2000cp4g,2018,5.8,mww,31622776601683.793
us2000cp4y,2018,6.2,mww,125892541179417.14
us2000cp7l,2018,5.8,mww,31622776601683.793
us2000cpba,2018,5.8,mww,31622776601683.793
us2000cq5t,2018,6.3,mww,177827941003892.28
us2000cqgn,2018,5.7,mww,22387211385683.47
us2000cqzc,2018,5.5,mww,11220184543019.652
us2000cqnn,2018,6.6,mww,501187233627271.44
us2000cqrl,2018,5.5,mww,11220184543019.652
us2000cr9m,2018,5.5,mww,11220184543019.652
us2000crmu,2018,6.2,mww,125892541179417.14
us2000crq6,2018,5.6,mww,15848931924611.11
us2000crtj,2018,5.6,mww,15848931924611.11
us1000cdbe,2018,5.5,mww,11220184543019.652
us1000cdjw,2018,5.6,mww,15848931924611.11
us1000cdn0,2018,6.0,mww,63095734448019.43
us1000ce2h,2018,5.5,mww,11220184543019.652
us1000ce9r,2018,5.8,mww,31622776601683.793
us1000ceb4,2018,5.6,mww,15848931924611.11
us1000cfmz,2018,5.5,mww,11220184543019.652
us1000cfn6,2018,6.1,mww,89125093813374.4
us1000cfnf,2018,5.5,mww,11220184543019.652
us1000chhc,2018,6.4,mww,251188643150959.25
us1000chl5,2018,5.6,mww,15848931924611.11
us1000ci9y,2018,5.7,mww,22387211385683.47
us2000cymg,2018,5.7,mww,22387211385683.47
us2000cysh,2018,5.7,mww,22387211385683.47
us2000cz4c,2018,5.6,mww,15848931924611.11
us2000czgc,2018,6.0,mww,63095734448019.43
us2000czig,2018,5.8,mww,31622776601683.793
us2000d004,2018,5.6,mww,15848931924611.11
us2000d0ex,2018,5.8,mww,31622776601683.793
us2000d0k7,2018,5.5,mww,11220184543019.652
us2000d0p1,2018,6.0,mww,63095734448019.43
us2000d18h,2018,5.7,mww,22387211385683.47
us2000d18y,2018,5.6,mww,15848931924611.11
us2000d2jg,2018,5.6,mww,15848931924611.11
us2000d3km,2018,7.2,mww,3981071705534985.5
us2000d3m0,2018,5.8,mww,31622776601683.793
us2000d4lg,2018,5.9,mww,44668359215096.53
us2000d7pu,2018,5.6,mww,15848931924611.11
us2000d7q6,2018,7.5,mww,1.1220184543019652e+16
us2000d7y3,2018,5.6,mww,15848931924611.11
us2000d80x,2018,5.9,mww,44668359215096.53
us2000d83z,2018,5.8,mww,31622776601683.793
us2000d855,2018,6.1,mww,89125093813374.4
us2000d867,2018,6.3,mww,177827941003892.28
us2000d8mh,2018,5.5,mww,11220184543019.652
us2000d8my,2018,5.7,mww,22387211385683.47
us2000d8rl,2018,6.1,mww,89125093813374.4
us2000d90d,2018,6.1,mww,89125093813374.4
us2000damy,2018,5.9,mww,44668359215096.53
us2000dc23,2018,5.7,mww,22387211385683.47
us2000dc52,2018,6.0,mww,63095734448019.43
us2000dcx1,2018,6.7,mww,707945784384140.2
us2000ddm5,2018,5.8,mww,31622776601683.793
us2000ddra,2018,5.6,mww,15848931924611.11
us1000d19r,2018,5.6,mww,15848931924611.11
us1000d1cy,2018,5.5,mww,11220184543019.652
us1000d1kv,2018,6.8,mww,1000000000000000.0
us1000d23h,2018,5.8,mww,31622776601683.793
us1000d2bk,2018,5.7,mww,22387211385683.47
us1000d2ru,2018,5.5,mww,11220184543019.652
us1000d2w0,2018,5.9,mww,44668359215096.53
us1000d3ae,2018,5.6,mww,15848931924611.11
us1000d5k6,2018,5.7,mww,22387211385683.47
us1000d7el,2018,5.5,mww,11220184543019.652
us1000d7uw,2018,5.6,mww,15848931924611.11
us1000d8k9,2018,6.3,mww,177827941003892.28
us1000d8ny,2018,6.0,mww,63095734448019.43
us1000d8u9,2018,5.7,mww,22387211385683.47
us1000d8vi,2018,5.6,mww,15848931924611.11
us1000d8vk,2018,5.7,mww,22387211385683.47
us1000d8xh,2018,6.4,mww,251188643150959.25
us1000d937,2018,6.7,mww,707945784384140.2
us1000day0,2018,5.8,mww,31622776601683.793
us1000db40,2018,6.9,mww,1412537544622761.2
us1000dcbs,2018,6.1,mww,89125093813374.4
us1000dce2,2018,6.8,mww,1000000000000000.0
us1000dcru,2018,5.9,mww,44668359215096.53
us1000ddj5,2018,5.5,mww,11220184543019.652
us2000dus5,2018,6.0,mww,63095734448019.43
us2000duvm,2018,5.8,mww,31622776601683.793
us2000dux6,2018,5.5,mww,11220184543019.652
us2000dveh,2018,5.6,mww,15848931924611.11
us2000dvvi,2018,5.5,mww,11220184543019.652
us2000dvwq,2018,6.3,mww,177827941003892.28
us2000dwh6,2018,5.7,mww,22387211385683.47
us2000dwpi,2018,5.6,mww,15848931924611.11
us2000dxfc,2018,6.2,mww,125892541179417.14
us2000dxxe,2018,5.5,mww,11220184543019.652
us2000e0mq,2018,6.0,mww,63095734448019.43
us2000e1b6,2018,5.5,mww,11220184543019.652
us1000dngn,2018,5.5,mww,11220184543019.652
us1000dnuj,2018,6.0,mww,63095734448019.43
us1000dq0e,2018,5.8,mww,31622776601683.793
us1000dqc2,2018,5.6,mww,15848931924611.11
us1000dqj3,2018,5.5,mww,11220184543019.652
us1000dqk1,2018,5.5,mww,11220184543019.652
us1000dr32,2018,5.6,mww,15848931924611.11
us1000dr71,2018,5.5,mww,11220184543019.652
us1000drm0,2018,5.5,mww,11220184543019.652
us1000dstu,2018,5.6,mww,15848931924611.11
us1000dugu,2018,5.9,mww,44668359215096.53
us1000duuy,2018,5.8,mww,31622776601683.793
us1000dvav,2018,5.6,mww,15848931924611.11
us1000dvfv,2018,5.9,mww,44668359215096.53
us1000dvii,2018,5.9,mww,44668359215096.53
us1000dvnc,2018,5.5,mww,11220184543019.652
us1000dvrn,2018,5.5,mwb,11220184543019.652
us1000dw7i,2018,6.0,mww,63095734448019.43
hv70116556,2018,6.9,mw,1412537544622761.2
us1000dym9,2018,6.1,mww,89125093813374.4
us1000dz6a,2018,5.5,mww,11220184543019.652
us1000dzt7,2018,5.6,mww,15848931924611.11
us1000e0j1,2018,5.5,mww,11220184543019.652
us1000e17w,2018,6.0,mww,63095734448019.43
us1000e19e,2018,6.2,mww,125892541179417.14
us1000e1yr,2018,5.7,mww,22387211385683.47
us1000e26e,2018,5.9,mww,44668359215096.53
us1000e3zd,2018,5.5,mww,11220184543019.652
us1000e4vp,2018,5.5,mww,11220184543019.652
us1000e5k1,2018,5.9,mww,44668359215096.53
us1000e61u,2018,5.5,mww,11220184543019.652
us1000e6hz,2018,5.9,mww,44668359215096.53
us1000e7fh,2018,5.7,mww,22387211385683.47
us1000e7kx,2018,5.7,mww,22387211385683.47
us1000e7qq,2018,6.1,mww,89125093813374.4
us1000e8t0,2018,5.6,mww,15848931924611.11
us1000e952,2018,5.5,mww,11220184543019.652
us1000e9mu,2018,5.7,mww,22387211385683.47
us1000e9th,2018,5.5,mww,11220184543019.652
us1000ea3r,2018,5.5,mww,11220184543019.652
us1000eaby,2018,5.5,mww,11220184543019.652
us1000eae9,2018,5.7,mww,22387211385683.47
us1000ebnj,2018,5.6,mww,15848931924611.11
us1000ed0t,2018,5.5,mww,11220184543019.652
us1000eg6j,2018,5.6,mww,15848931924611.11
us1000ehd9,2018,5.8,mww,31622776601683.793
us1000ehes,2018,5.7,mww,22387211385683.47
us1000ehmb,2018,5.7,mww,22387211385683.47
us1000ejvv,2018,5.6,mww,15848931924611.11
us1000epfe,2018,5.9,mww,44668359215096.53
us1000epp2,2018,5.5,mww,11220184543019.652
us1000er8i,2018,5.7,mww,22387211385683.47
us1000esm8,2018,5.5,mww,11220184543019.652
us1000erwa,2018,5.6,mww,15848931924611.11
us1000eszl,2018,5.9,mww,44668359215096.53
us1000eu1c,2018,5.5,mww,11220184543019.652
us1000eu39,2018,5.7,mww,22387211385683.47
us1000eu9d,2018,5.8,mww,31622776601683.793
us1000exq6,2018,5.6,mww,15848931924611.11
us1000exy4,2018,5.6,mww,15848931924611.11
us1000ey2i,2018,6.1,mww,89125093813374.4
us1000ez7w,2018,5.5,mww,11220184543019.652
us1000f0fv,2018,5.9,mww,44668359215096.53
us1000f0te,2018,5.5,mww,11220184543019.652
us1000f11c,2018,5.5,mww,11220184543019.652
us1000f1u8,2018,5.6,mww,15848931924611.11
us1000f22r,2018,5.5,mww,11220184543019.652
us2000fqdy,2018,5.5,mww,11220184543019.652
us2000frwr,2018,5.9,mww,44668359215096.53
us2000ft89,2018,5.6,mww,15848931924611.11
iscgem615000837,2018,5.6,mw,15848931924611.11
us2000fvnq,2018,5.7,mww,22387211385683.47
us2000fwxz,2018,5.5,mww,11220184543019.652
us2000fxyz,2018,6.1,mww,89125093813374.4
us2000fyrv,2018,5.5,mww,11220184543019.652
us2000fz0q,2018,5.9,mww,44668359215096.53
us2000fzb7,2018,6.0,mww,63095734448019.43
us2000fzfw,2018,5.5,mww,11220184543019.652
us2000fzwt,2018,5.5,mww,11220184543019.652
us2000g11i,2018,5.6,mww,15848931924611.11
us2000g1ay,2018,5.6,mww,15848931924611.11
us2000g2se,2018,5.5,mww,11220184543019.652
us2000g3up,2018,6.4,mww,251188643150959.25
us2000g5b4,2018,6.0,mww,63095734448019.43
us2000g5mh,2018,6.0,mww,63095734448019.43
us2000g69z,2018,5.8,mww,31622776601683.793
us2000g6uy,2018,6.0,mww,63095734448019.43
us2000g83v,2018,5.6,mww,15848931924611.11
us2000g8sc,2018,5.8,mww,31622776601683.793
us2000g8tr,2018,5.8,mww,31622776601683.793
usd00090uc,2018,6.0,mww,63095734448019.43
us2000g9l7,2018,5.6,mww,15848931924611.11
us2000gaa3,2018,5.6,mww,15848931924611.11
us2000gaxd,2018,5.9,mww,44668359215096.53
us2000gb4d,2018,5.8,mww,31622776601683.793
us2000gbea,2018,5.6,mww,15848931924611.11
us2000gbew,2018,5.5,mww,11220184543019.652
us2000gbr3,2018,6.0,mww,63095734448019.43
us2000gcpa,2018,5.6,mww,15848931924611.11
us2000gdsq,2018,5.7,mww,22387211385683.47
us2000ge0q,2018,5.5,mww,11220184543019.652
us2000gg23,2018,5.7,mww,22387211385683.47
us2000gg76,2018,6.0,mww,63095734448019.43
us2000ggbs,2018,6.4,mww,251188643150959.25
us2000gh23,2018,5.5,mww,11220184543019.652
us2000gi03,2018,5.5,mww,11220184543019.652
us1000g2vt,2018,5.8,mww,31622776601683.793
us1000g3ub,2018,6.9,mww,1412537544622761.2
us1000g4rv,2018,5.7,mww,22387211385683.47
us1000g4th,2018,5.5,mww,11220184543019.652
us1000g5n1,2018,5.9,mww,44668359215096.53
us1000g5wh,2018,5.6,mww,15848931924611.11
us1000g60s,2018,5.6,mww,15848931924611.11
us1000g6hd,2018,5.5,mww,11220184543019.652
us1000g6hl,2018,6.0,mww,63095734448019.43
us1000g6w0,2018,5.7,mww,22387211385683.47
ak018aap2cqu,2018,6.4,mw,251188643150959.25
us1000g7ca,2018,5.5,mww,11220184543019.652
ak018aasz24z,2018,6.0,mw,63095734448019.43
us1000g8kf,2018,6.1,mww,89125093813374.4
us1000ga0z,2018,6.5,mww,354813389233576.06
us1000gaqf,2018,5.8,mwb,31622776601683.793
us1000gaqv,2018,6.3,mww,177827941003892.28
us1000gbi4,2018,6.5,mww,354813389233576.06
us1000gbz1,2018,5.6,mww,15848931924611.11
us1000gc0k,2018,6.1,mww,89125093813374.4
us1000gcek,2018,5.6,mww,15848931924611.11
us1000gcii,2018,8.2,mww,1.258925411794161e+17
us1000gcvr,2018,6.3,mww,177827941003892.28
us1000gda5,2018,6.9,mww,1412537544622761.2
us1000gdt6,2018,5.5,mww,11220184543019.652
us1000gez7,2018,7.3,mww,5623413251903491.0
us1000gf2g,2018,6.5,mww,354813389233576.06
us1000gf8u,2018,6.2,mww,125892541179417.14
us1000gfc8,2018,5.8,mww,31622776601683.793
us1000gfkm,2018,5.8,mww,31622776601683.793
us1000gfp8,2018,5.6,mww,15848931924611.11
us1000gfru,2018,5.6,mww,15848931924611.11
us1000gfvg,2018,6.3,mww,177827941003892.28
us1000ggj4,2018,7.1,mww,2818382931264449.0
us1000gh9x,2018,5.9,mww,44668359215096.53
us1000ghbd,2018,5.5,mww,11220184543019.652
us1000ghda,2018,6.0,mww,63095734448019.43
us1000gi7m,2018,5.6,mww,15848931924611.11
us1000gii0,2018,6.2,mww,125892541179417.14
us1000giie,2018,5.7,mww,22387211385683.47
us1000gimx,2018,5.7,mww,22387211385683.47
us1000gj78,2018,6.4,mww,251188643150959.25
us1000gj9f,2018,5.8,mww,31622776601683.793
us1000gjaz,2018,7.1,mww,2818382931264449.0
us2000h5hs,2018,5.5,mww,11220184543019.652
us2000h5z6,2018,5.5,mww,11220184543019.652
us2000h6dj,2018,5.5,mww,11220184543019.652
us2000h6i8,2018,5.6,mww,15848931924611.11
us2000h70q,2018,5.5,mww,11220184543019.652
us2000h72b,2018,5.6,mww,15848931924611.11
us2000h7aj,2018,5.6,mww,15848931924611.11
us2000h7ci,2018,5.5,mww,11220184543019.652
us2000h7e0,2018,5.9,mww,44668359215096.53
us2000h8h6,2018,5.6,mww,15848931924611.11
us2000h8ty,2018,6.6,mww,501187233627271.44
us2000h94x,2018,5.5,mww,11220184543019.652
us2000h9e2,2018,7.9,mww,4.466835921509653e+16
us2000ha13,2018,6.2,mww,125892541179417.14
us2000ha1k,2018,5.8,mww,31622776601683.793
us2000ha5b,2018,5.6,mww,15848931924611.11
us2000hat7,2018,5.7,mww,22387211385683.47
us2000haxi,2018,6.2,mww,125892541179417.14
us2000haz0,2018,5.8,mww,31622776601683.793
us2000hb83,2018,5.5,mww,11220184543019.652
us2000hb9n,2018,5.5,mww,11220184543019.652
us2000hbk9,2018,6.5,mww,354813389233576.06
us2000hbpv,2018,6.9,mww,1412537544622761.2
us2000hc1x,2018,6.3,mww,177827941003892.28
us2000hdy6,2018,5.5,mww,11220184543019.652
us2000hep2,2018,5.8,mww,31622776601683.793
us2000hewm,2018,5.7,mww,22387211385683.47
us2000hf24,2018,5.7,mww,22387211385683.47
us2000hf73,2018,5.6,mww,15848931924611.11
us2000hfjk,2018,6.5,mww,354813389233576.06
us2000hg93,2018,6.0,mww,63095734448019.43
us2000hgcc,2018,5.9,mww,44668359215096.53
us2000hgcm,2018,5.5,mww,11220184543019.652
us2000hhfi,2018,5.6,mww,15848931924611.11
us2000hhzn,2018,5.9,mww,44668359215096.53
us2000hhzr,2018,5.7,mwb,22387211385683.47
us2000hi48,2018,5.6,mww,15848931924611.11
us2000hiwb,2018,5.8,mww,31622776601683.793
us2000hk13,2018,5.8,mww,31622776601683.793
us1000h2tp,2018,5.7,mww,22387211385683.47
us1000h36v,2018,5.8,mww,31622776601683.793
us1000h3lz,2018,5.6,mww,15848931924611.11
us1000h3mf,2018,6.1,mww,89125093813374.4
us1000h3ml,2018,5.7,mww,22387211385683.47
us1000h3p4,2018,7.5,mww,1.1220184543019652e+16
us1000h4l1,2018,6.7,mww,707945784384140.2
us1000h5eg,2018,6.0,mww,63095734448019.43
us1000hf6g,2018,5.9,mww,44668359215096.53
us1000h5h5,2018,5.7,mww,22387211385683.47
us1000h5k9,2018,5.7,mww,22387211385683.47
us1000h6th,2018,5.5,mww,11220184543019.652
us1000h7jc,2018,5.8,mww,31622776601683.793
us1000h8ar,2018,5.8,mww,31622776601683.793
us1000h8an,2018,5.9,mww,44668359215096.53
us1000h8fi,2018,5.6,mww,15848931924611.11
us1000h8g6,2018,5.6,mww,15848931924611.11
us1000h8pv,2018,5.5,mww,11220184543019.652
us1000h97j,2018,6.1,mww,89125093813374.4
us1000h9sh,2018,5.5,mww,11220184543019.652
us1000ha6q,2018,6.0,mww,63095734448019.43
us1000haa3,2018,7.0,mww,1995262314968882.8
us1000haab,2018,5.9,mww,44668359215096.53
us1000haaj,2018,5.9,mww,44668359215096.53
us1000habl,2018,6.2,mww,125892541179417.14
us1000hacw,2018,6.5,mww,354813389233576.06
us1000hafx,2018,5.6,mww,15848931924611.11
us1000hax9,2018,5.6,mww,15848931924611.11
us1000hb0u,2018,5.6,mww,15848931924611.11
us1000hbcu,2018,5.7,mww,22387211385683.47
us1000hbff,2018,5.7,mww,22387211385683.47
us1000hbkz,2018,6.7,mww,707945784384140.2
us1000hbw3,2018,5.7,mww,22387211385683.47
us1000hbyr,2018,5.9,mww,44668359215096.53
us1000hcg6,2018,5.5,mww,11220184543019.652
us1000hcln,2018,6.3,mww,177827941003892.28
us1000hclz,2018,6.5,mww,354813389233576.06
us1000hcm3,2018,5.7,mww,22387211385683.47
us1000hcqb,2018,5.6,mww,15848931924611.11
us1000hctj,2018,5.5,mww,11220184543019.652
us1000hd5b,2018,5.7,mww,22387211385683.47
us1000hd7h,2018,5.5,mww,11220184543019.652
us1000he9l,2018,5.5,mww,11220184543019.652
us1000hexe,2018,5.6,mww,15848931924611.11
us1000hf58,2018,5.8,mww,31622776601683.793
us1000hfgn,2018,6.5,mww,354813389233576.06
us1000hfgv,2018,6.8,mww,1000000000000000.0
us1000hfh3,2018,6.5,mww,354813389233576.06
us1000hfxx,2018,5.8,mww,31622776601683.793
us1000hg31,2018,5.5,mww,11220184543019.652
us1000hg5i,2018,5.7,mww,22387211385683.47
us1000hh6r,2018,5.7,mww,22387211385683.47
us1000hhb1,2018,6.8,mww,1000000000000000.0
us1000hhe5,2018,5.6,mww,15848931924611.11
us1000hhgs,2018,5.9,mww,44668359215096.53
us1000hi43,2018,5.5,mww,11220184543019.652
us1000hib5,2018,6.1,mww,89125093813374.4
us1000hiby,2018,5.5,mww,11220184543019.652
us1000hied,2018,6.3,mww,177827941003892.28
us1000hip5,2018,5.8,mww,31622776601683.793
us1000hiqv,2018,5.6,mww,15848931924611.11
us1000hit9,2018,5.8,mww,31622776601683.793
us1000hiup,2018,6.1,mww,89125093813374.4
us1000hj1l,2018,5.7,mww,22387211385683.47
us2000i5jk,2018,5.8,mww,31622776601683.793
us2000i5mj,2018,6.2,mww,125892541179417.14
us2000i5tk,2018,6.0,mww,63095734448019.43
us2000i6mv,2018,6.0,mww,63095734448019.43
us2000i6sc,2018,5.9,mww,44668359215096.53
us2000i7iz,2018,5.5,mww,11220184543019.652
us1000hpim,2018,6.7,mww,707945784384140.2
us1000hple,2018,5.7,mww,22387211385683.47
us1000hq7w,2018,5.5,mww,11220184543019.652
us1000hq85,2018,6.1,mww,89125093813374.4
us1000hqkp,2018,6.3,mww,177827941003892.28
us1000hr1c,2018,5.6,mww,15848931924611.11
us1000hrv1,2018,6.1,mww,89125093813374.4
us1000hrxp,2018,5.5,mww,11220184543019.652
us1000hs5v,2018,5.5,mww,11220184543019.652
us1000hsaf,2018,6.4,mww,251188643150959.25
us1000hsfz,2018,6.3,mww,177827941003892.28
us1000hsie,2018,6.2,mww,125892541179417.14
us1000ht5z,2018,5.5,mww,11220184543019.652
us1000htm5,2018,6.8,mww,1000000000000000.0
us1000hujf,2018,5.5,mww,11220184543019.652
ak018exsi6u4,2018,5.6,mw,15848931924611.11
us1000hvfv,2018,5.9,mww,44668359215096.53
us1000hvn9,2018,5.6,mww,15848931924611.11
us1000hw5j,2018,5.6,mww,15848931924611.11
us1000hw91,2018,5.8,mww,31622776601683.793
us1000hwaj,2018,6.0,mww,63095734448019.43
us1000hwb5,2018,5.6,mww,15848931924611.11
us1000hwdw,2018,6.3,mww,177827941003892.28
us1000hwg8,2018,5.7,mww,22387211385683.47
us1000hwix,2018,5.7,mww,22387211385683.47
us1000hwwp,2018,5.7,mww,22387211385683.47
us1000hwxu,2018,5.6,mww,15848931924611.11
us1000hwzq,2018,5.7,mww,22387211385683.47
us1000hx1t,2018,5.7,mww,22387211385683.47
us1000hx62,2018,5.5,mww,11220184543019.652
us1000hy0k,2018,5.8,mww,31622776601683.793
ak018fcnsk91,2018,7.1,mw,2818382931264449.0
ak018fcntv5m,2018,5.8,mw,31622776601683.793
us1000hzjp,2018,6.4,mww,251188643150959.25
us1000i02j,2018,5.5,mww,11220184543019.652
us1000i0sc,2018,5.5,mww,11220184543019.652
us1000i0t9,2018,5.5,mww,11220184543019.652
us1000i16h,2018,5.5,mww,11220184543019.652
us1000i1xx,2018,5.6,mww,15848931924611.11
us1000i1qd,2018,5.5,mww,11220184543019.652
us1000i2gt,2018,7.5,mww,1.1220184543019652e+16
us1000i2k0,2018,6.6,mww,501187233627271.44
us1000i36p,2018,5.5,mww,11220184543019.652
us1000i3ui,2018,5.9,mww,44668359215096.53
us2000isc8,2018,7.1,mww,2818382931264449.0
us2000isw3,2018,6.3,mww,177827941003892.28
us2000iu2u,2018,6.1,mww,89125093813374.4
us2000iu3c,2018,5.5,mww,11220184543019.652
us2000iu4a,2018,5.8,mww,31622776601683.793
us2000iuya,2018,6.3,mww,177827941003892.28
us2000iuyv,2018,5.7,mww,22387211385683.47
us2000iv5f,2018,5.8,mww,31622776601683.793
us2000ivfw,2018,7.3,mww,5623413251903491.0
us2000ivs3,2018,5.9,mww,44668359215096.53
us2000ivst,2018,5.7,mww,22387211385683.47
us2000iw0e,2018,5.5,mww,11220184543019.652
us2000iw7g,2018,5.6,mww,15848931924611.11
us2000iwa7,2018,5.6,mww,15848931924611.11
us2000iwat,2018,6.0,mww,63095734448019.43
us2000iws8,2018,5.8,mww,31622776601683.793
us2000iwvb,2018,6.4,mww,251188643150959.25
us2000iwwp,2018,5.6,mww,15848931924611.11
us2000iwx0,2018,5.5,mww,11220184543019.652
us2000ix3y,2018,6.1,mww,89125093813374.4
us2000ixpr,2018,5.7,mww,22387211385683.47
us2000iyhj,2018,5.8,mww,31622776601683.793
us2000iyta,2018,7.0,mww,1995262314968882.8
us2000iz50,2018,5.7,mww,22387211385683.47
us2000izcv,2018,6.0,mww,63095734448019.43
us2000j076,2019,5.6,mww,15848931924611.11
us2000j0iw,2019,5.9,mww,44668359215096.53
us2000j0ja,2019,6.8,mww,1000000000000000.0
us2000j0n0,2019,5.7,mww,22387211385683.47
us2000j0th,2019,5.6,mww,15848931924611.11
us2000j0uj,2019,6.6,mww,501187233627271.44
us2000j0yp,2019,5.5,mww,11220184543019.652
us2000j1d4,2019,6.3,mww,177827941003892.28
us2000j2kv,2019,5.8,mww,31622776601683.793
us2000j468,2019,6.6,mww,501187233627271.44
us2000j47l,2019,5.7,mww,22387211385683.47
us2000j4gj,2019,5.5,mww,11220184543019.652
us2000j545,2019,6.2,mww,125892541179417.14
us2000j56c,2019,5.7,mww,22387211385683.47
us2000j5qu,2019,6.0,mww,63095734448019.43
us2000j5sx,2019,5.9,mww,44668359215096.53
us2000j63c,2019,5.7,mww,22387211385683.47
us2000j6hy,2019,6.7,mww,707945784384140.2
us2000j6qe,2019,5.5,mww,11220184543019.652
us2000j6qr,2019,5.6,mww,15848931924611.11
us2000j6tj,2019,5.6,mww,15848931924611.11
us2000j70q,2019,6.0,mww,63095734448019.43
us2000j73a,2019,6.3,mww,177827941003892.28
us2000j7dn,2019,6.7,mww,707945784384140.2
us2000j7rv,2019,5.6,mww,15848931924611.11
us2000j85q,2019,5.5,mww,11220184543019.652
us2000j8n4,2019,5.7,mww,22387211385683.47
us2000j92j,2019,5.7,mww,22387211385683.47
us2000j92w,2019,6.2,mww,125892541179417.14
us2000j94v,2019,5.9,mww,44668359215096.53
us2000j94y,2019,5.5,mww,11220184543019.652
us2000j967,2019,5.6,mww,15848931924611.11
us2000j98z,2019,6.2,mww,125892541179417.14
us2000j9fn,2019,5.8,mww,31622776601683.793
us2000j9pz,2019,5.5,mww,11220184543019.652
us2000j9um,2019,5.5,mww,11220184543019.652
us1000iru6,2019,5.5,mww,11220184543019.652
us1000iryd,2019,5.6,mww,15848931924611.11
us1000is2c,2019,5.9,mww,44668359215096.53
us2000jb9t,2019,5.5,mww,11220184543019.652
us2000jbub,2019,6.7,mww,707945784384140.2
us2000jcbz,2019,6.0,mww,63095734448019.43
us2000jccs,2019,5.9,mww,44668359215096.53
us2000jcds,2019,5.6,mww,15848931924611.11
us2000jcg3,2019,5.5,mww,11220184543019.652
us2000jd8d,2019,5.8,mww,31622776601683.793
us2000jda7,2019,5.6,mww,15848931924611.11
us2000je43,2019,5.5,mww,11220184543019.652
us2000jekx,2019,5.7,mww,22387211385683.47
us2000jf6y,2019,5.5,mww,11220184543019.652
us2000jfb2,2019,5.9,mww,44668359215096.53
us2000jgma,2019,6.0,mww,63095734448019.43
us2000jhyq,2019,5.5,mww,11220184543019.652
us2000ji4e,2019,6.2,mww,125892541179417.14
us2000jkah,2019,5.6,mww,15848931924611.11
us2000jj68,2019,6.4,mww,251188643150959.25
us2000jjm5,2019,5.7,mww,22387211385683.47
us2000jkcy,2019,5.5,mww,11220184543019.652
us2000jkzu,2019,5.5,mww,11220184543019.652
us2000jlfv,2019,7.5,mww,1.1220184543019652e+16
us2000jmvf,2019,5.5,mww,11220184543019.652
us1000j91e,2019,5.5,mww,11220184543019.652
us1000j92m,2019,5.9,mww,44668359215096.53
us1000j96d,2019,7.0,mww,1995262314968882.8
us1000j9r2,2019,5.5,mww,11220184543019.652
us1000j9s1,2019,5.9,mww,44668359215096.53
us1000j9yd,2019,5.6,mww,15848931924611.11
us1000j9yt,2019,5.5,mww,11220184543019.652
us1000jaaq,2019,5.9,mww,44668359215096.53
us1000jb24,2019,5.8,mww,31622776601683.793
us1000jb5a,2019,5.5,mww,11220184543019.652
us1000jb8d,2019,6.4,mww,251188643150959.25
us1000jbaz,2019,5.6,mww,15848931924611.11
us1000jbey,2019,5.8,mww,31622776601683.793
us1000jbwr,2019,5.5,mww,11220184543019.652
us1000jbws,2019,5.7,mww,22387211385683.47
us1000jbxf,2019,5.7,mww,22387211385683.47
us1000jccx,2019,6.0,mww,63095734448019.43
us1000jd50,2019,5.5,mww,11220184543019.652
us1000jd55,2019,6.2,mww,125892541179417.14
us1000jd7d,2019,6.0,mww,63095734448019.43
us1000jd8k,2019,5.7,mww,22387211385683.47
us1000jd8y,2019,5.5,mww,11220184543019.652
usd0009ffl,2019,5.9,mww,44668359215096.53
us1000jdlr,2019,5.9,mww,44668359215096.53
us1000jg5z,2019,6.3,mww,177827941003892.28
us1000jgn6,2019,5.6,mww,15848931924611.11
us1000jgvf,2019,5.5,mww,11220184543019.652
us1000jhbv,2019,5.6,mww,15848931924611.11
us1000jj23,2019,5.7,mww,22387211385683.47
us1000jj9r,2019,6.3,mww,177827941003892.28
us1000jjp9,2019,5.5,mww,11220184543019.652
us1000jkns,2019,5.5,mww,11220184543019.652
us1000jkrq,2019,6.1,mww,89125093813374.4
us1000jkv5,2019,5.5,mww,11220184543019.652
us1000jkwi,2019,6.1,mww,89125093813374.4
us1000jlpq,2019,5.5,mww,11220184543019.652
us2000k6u4,2019,6.2,mww,125892541179417.14
us2000k7im,2019,5.8,mww,31622776601683.793
us2000k7ks,2019,6.2,mww,125892541179417.14
us2000k7vu,2019,6.2,mww,125892541179417.14
us2000k7w8,2019,5.5,mww,11220184543019.652
us2000k80u,2019,5.5,mww,11220184543019.652
us2000k89w,2019,5.6,mww,15848931924611.11
us2000k8e8,2019,5.5,mww,11220184543019.652
us2000k8ri,2019,6.0,mww,63095734448019.43
us2000k9d7,2019,6.4,mww,251188643150959.25
us2000kans,2019,5.9,mww,44668359215096.53
us2000kav9,2019,6.4,mww,251188643150959.25
us2000kaxv,2019,5.8,mww,31622776601683.793
us2000kbi1,2019,6.3,mww,177827941003892.28
us2000kbs5,2019,5.6,mww,15848931924611.11
us2000kbur,2019,5.7,mww,22387211385683.47
us2000kc3p,2019,5.5,mww,11220184543019.652
us600032fg,2019,6.5,mww,354813389233576.06
us700034d3,2019,6.0,mww,63095734448019.43
us700034nf,2019,5.6,mww,15848931924611.11
us700034xq,2019,6.8,mww,1000000000000000.0
us700034ya,2019,6.0,mww,63095734448019.43
us700034zz,2019,6.0,mww,63095734448019.43
us700036we,2019,5.7,mww,22387211385683.47
us700036yi,2019,5.7,mww,22387211385683.47
us700036yw,2019,5.7,mww,22387211385683.47
us700038b8,2019,5.6,mww,15848931924611.11
us700038c1,2019,6.1,mww,89125093813374.4
us700038m1,2019,6.3,mww,177827941003892.28
us70003a63,2019,6.1,mww,89125093813374.4
us70003a91,2019,6.0,mww,63095734448019.43
us70003afb,2019,5.5,mww,11220184543019.652
us70003aj3,2019,6.4,mww,251188643150959.25
us70003an0,2019,6.0,mww,63095734448019.43
us70003axc,2019,5.9,mww,44668359215096.53
us70003cb3,2019,5.5,mww,11220184543019.652
us70003dpt,2019,5.5,mww,11220184543019.652
us70003e0j,2019,6.3,mww,177827941003892.28
us70003g5a,2019,6.2,mww,125892541179417.14
us70003ghv,2019,5.5,mww,11220184543019.652
us70003gig,2019,5.7,mww,22387211385683.47
us70003gse,2019,5.7,mww,22387211385683.47
us70003h71,2019,5.5,mww,11220184543019.652
us70003hqb,2019,7.1,mww,2818382931264449.0
us70003ib5,2019,5.7,mww,22387211385683.47
us70003j3g,2019,5.6,mww,15848931924611.11
us70003j46,2019,6.2,mww,125892541179417.14
us70003j5p,2019,5.7,mww,22387211385683.47
us70003j7l,2019,5.8,mww,31622776601683.793
us70003jtm,2019,5.5,mww,11220184543019.652
us70003k3p,2019,6.0,mww,63095734448019.43
us70003kyy,2019,7.6,mww,1.5848931924611108e+16
us70003lam,2019,5.5,mww,11220184543019.652
us70003ld5,2019,5.7,mww,22387211385683.47
us70003ly5,2019,5.7,mww,22387211385683.47
us70003m2q,2019,5.9,mww,44668359215096.53
us70003mbq,2019,5.9,mww,44668359215096.53
us70003mus,2019,5.9,mww,44668359215096.53
us70003mw2,2019,5.6,mww,15848931924611.11
us70003n4z,2019,6.3,mww,177827941003892.28
us70003n8z,2019,6.0,mww,63095734448019.43
us70003n96,2019,6.3,mww,177827941003892.28
us70003nha,2019,5.5,mww,11220184543019.652
us60003qg7,2019,5.6,mww,15848931924611.11
us60003r2r,2019,6.0,mww,63095734448019.43
us60003r7u,2019,5.7,mww,22387211385683.47
us60003s2g,2019,5.7,mww,22387211385683.47
us60003sc0,2019,8.0,mww,6.309573444801943e+16
us60003snl,2019,5.5,mww,11220184543019.652
us60003sv9,2019,5.7,mww,22387211385683.47
us70003t2n,2019,6.6,mww,501187233627271.44
us70003t7v,2019,6.0,mww,63095734448019.43
us70003tl7,2019,6.1,mww,89125093813374.4
us70003tn5,2019,5.8,mww,31622776601683.793
us70003ud5,2019,6.0,mww,63095734448019.43
us70003um7,2019,5.8,mww,31622776601683.793
us70003v3j,2019,6.4,mww,251188643150959.25
us70003v7s,2019,5.5,mww,11220184543019.652
us70003w0p,2019,5.5,mww,11220184543019.652
us70003x7u,2019,5.5,mww,11220184543019.652
us70003xr9,2019,5.5,mww,11220184543019.652
us6000408i,2019,5.7,mww,22387211385683.47
us600040ja,2019,6.4,mww,251188643150959.25
us600040xy,2019,5.7,mww,22387211385683.47
us60004177,2019,6.1,mww,89125093813374.4
us6000417i,2019,7.3,mww,5623413251903491.0
us600041b3,2019,6.3,mww,177827941003892.28
us600041gb,2019,5.6,mww,15848931924611.11
us600041lv,2019,6.1,mww,89125093813374.4
us600041rk,2019,5.8,mww,31622776601683.793
us600041ry,2019,5.8,mww,31622776601683.793
us600041tf,2019,5.5,mww,11220184543019.652
us60004294,2019,5.5,mww,11220184543019.652
us600042fx,2019,6.4,mww,251188643150959.25
us600042jc,2019,5.9,mww,44668359215096.53
us600042kv,2019,5.5,mww,11220184543019.652
us600042vn,2019,6.4,mww,251188643150959.25
us6000434e,2019,6.3,mww,177827941003892.28
us600043e4,2019,5.7,mww,22387211385683.47
us600043jp,2019,5.5,mww,11220184543019.652
us6000444m,2019,6.2,mww,125892541179417.14
us600044qf,2019,5.6,mww,15848931924611.11
nc73201181,2019,5.58,mw,14791083881682.133
us600044z4,2019,6.1,mww,89125093813374.4
us600044zz,2019,7.3,mww,5623413251903491.0
us6000456p,2019,5.9,mww,44668359215096.53
us700049fa,2019,5.5,mww,11220184543019.652
us600045bc,2019,5.5,mww,11220184543019.652
us600045dg,2019,5.5,mww,11220184543019.652
us600045lr,2019,5.9,mww,44668359215096.53
us600045mz,2019,6.4,mww,251188643150959.25
us7000451w,2019,6.3,mww,177827941003892.28
us7000453l,2019,5.6,mww,15848931924611.11
us7000455l,2019,6.2,mww,125892541179417.14
us700045r4,2019,5.7,mww,22387211385683.47
us700045vh,2019,6.3,mww,177827941003892.28
us700046la,2019,6.4,mww,251188643150959.25
us700046ut,2019,5.5,mww,11220184543019.652
us700047g7,2019,5.5,mww,11220184543019.652
us7000483i,2019,5.9,mww,44668359215096.53
us70004840,2019,6.0,mww,63095734448019.43
us700048j0,2019,5.7,mww,22387211385683.47
us700048k3,2019,5.8,mww,31622776601683.793
us700048vu,2019,5.6,mww,15848931924611.11
us7000492b,2019,5.8,mww,31622776601683.793
us700049sf,2019,6.2,mww,125892541179417.14
ci38443183,2019,6.4,mw,251188643150959.25
us70004b08,2019,5.6,mww,15848931924611.11
ci38457511,2019,7.1,mw,2818382931264449.0
ci38457687,2019,5.5,mw,11220184543019.652
us70004cat,2019,5.7,mww,22387211385683.47
us70004cgb,2019,5.6,mww,15848931924611.11
us70004dz3,2019,6.9,mww,1412537544622761.2
us70004eiy,2019,5.6,mww,15848931924611.11
us70004ejm,2019,5.6,mww,15848931924611.11
us70004f0h,2019,5.9,mww,44668359215096.53
us70004fqv,2019,5.5,mww,11220184543019.652
us70004fsk,2019,5.6,mww,15848931924611.11
us70004g4b,2019,5.5,mww,11220184543019.652
us70004h4f,2019,5.5,mww,11220184543019.652
us70004icj,2019,6.0,mww,63095734448019.43
us70004j9u,2019,5.8,mww,31622776601683.793
us70004jea,2019,6.1,mww,89125093813374.4
us70004ji2,2019,5.7,mww,22387211385683.47
us70004jxe,2019,6.6,mww,501187233627271.44
us70004jyv,2019,7.2,mww,3981071705534985.5
us70004jzf,2019,5.8,mww,31622776601683.793
us70004k03,2019,5.8,mww,31622776601683.793
us70004kfs,2019,6.3,mww,177827941003892.28
us70004l29,2019,5.7,mww,22387211385683.47
us70004lw5,2019,5.7,mww,22387211385683.47
us70004lzw,2019,5.6,mww,15848931924611.11
us70004m2i,2019,5.6,mww,15848931924611.11
us70004nrn,2019,5.5,mww,11220184543019.652
us70004psn,2019,5.6,mww,15848931924611.11
us70004q4q,2019,5.5,mww,11220184543019.652
us70004q4u,2019,5.5,mww,11220184543019.652
us70004r4f,2019,6.0,mww,63095734448019.43
us60004uec,2019,5.5,mww,11220184543019.652
us60004w8x,2019,6.0,mww,63095734448019.43
us60004wav,2019,5.7,mww,22387211385683.47
us60004wfx,2019,5.7,mww,22387211385683.47
us60004wg9,2019,5.6,mww,15848931924611.11
us60004wjb,2019,6.3,mww,177827941003892.28
us60004x6z,2019,5.6,mww,15848931924611.11
us60004x4m,2019,5.8,mww,31622776601683.793
us60004xtc,2019,5.9,mww,44668359215096.53
us60004xz4,2019,6.6,mww,501187233627271.44
us60004yps,2019,6.8,mww,1000000000000000.0
us60004ys7,2019,5.6,mww,15848931924611.11
us60004z9n,2019,6.0,mww,63095734448019.43
us60004zhq,2019,6.9,mww,1412537544622761.2
us600050if,2019,6.3,mww,177827941003892.28
us600050j4,2019,5.6,mww,15848931924611.11
us600050ny,2019,5.8,mww,31622776601683.793
us600050rn,2019,5.7,mww,22387211385683.47
us600051m3,2019,5.9,mww,44668359215096.53
us600051r4,2019,5.9,mww,44668359215096.53
us6000522g,2019,5.8,mww,31622776601683.793
us60005247,2019,5.8,mww,31622776601683.793
us6000529r,2019,5.9,mww,44668359215096.53
us60005489,2019,5.5,mww,11220184543019.652
us6000556z,2019,5.9,mww,44668359215096.53
us600055cf,2019,5.5,mww,11220184543019.652
us600056r6,2019,5.9,mww,44668359215096.53
us600057ee,2019,6.0,mww,63095734448019.43
us600057vb,2019,5.5,mww,11220184543019.652
us600057xt,2019,6.0,mww,63095734448019.43
us70005719,2019,5.5,mww,11220184543019.652
us7000577p,2019,5.9,mww,44668359215096.53
us700057bs,2019,5.6,mww,15848931924611.11
us700057i8,2019,5.5,mww,11220184543019.652
us700057v4,2019,6.0,mww,63095734448019.43
us700057wp,2019,5.5,mww,11220184543019.652
us700058yy,2019,6.6,mww,501187233627271.44
us7000592z,2019,5.6,mww,15848931924611.11
us700059ee,2019,5.9,mww,44668359215096.53
us700059qh,2019,6.3,mww,177827941003892.28
us70005aqu,2019,5.7,mww,22387211385683.47
us70005arj,2019,5.5,mww,11220184543019.652
us70005axg,2019,6.6,mww,501187233627271.44
us70005b9q,2019,5.9,mww,44668359215096.53
us70005bwn,2019,5.7,mww,22387211385683.47
us70005c8l,2019,5.6,mww,15848931924611.11
us70005c9r,2019,5.5,mww,11220184543019.652
us70005cba,2019,5.9,mww,44668359215096.53
us70005cu5,2019,5.9,mww,44668359215096.53
us70005dlz,2019,5.5,mww,11220184543019.652
us70005dza,2019,5.7,mww,22387211385683.47
us70005eee,2019,5.7,mww,22387211385683.47
us70005ej7,2019,5.6,mww,15848931924611.11
us70005exl,2019,5.6,mww,15848931924611.11
us70005g6k,2019,5.7,mwc,22387211385683.47
us70005ge3,2019,5.8,mww,31622776601683.793
us70005hsp,2019,5.6,mww,15848931924611.11
us60005kta,2019,6.1,mww,89125093813374.4
us60005ku0,2019,5.9,mww,44668359215096.53
us60005lrf,2019,5.6,mww,15848931924611.11
us60005lts,2019,5.9,mww,44668359215096.53
us60005ly5,2019,5.6,mww,15848931924611.11
pr2019267000,2019,6.0,mw,63095734448019.43
us60005n52,2019,6.0,mww,63095734448019.43
us70005lfd,2019,6.5,mww,354813389233576.06
us70005lg7,2019,5.5,mww,11220184543019.652
us70005lkl,2019,5.7,mww,22387211385683.47
us70005lt4,2019,6.1,mww,89125093813374.4
us70005lx1,2019,5.5,mww,11220184543019.652
us70005mea,2019,6.1,mww,89125093813374.4
us70005mls,2019,5.9,mww,44668359215096.53
us70005nbb,2019,6.2,mww,125892541179417.14
us70005nie,2019,6.7,mww,707945784384140.2
us70005nud,2019,5.6,mww,15848931924611.11
us70005p73,2019,6.0,mww,63095734448019.43
usd000b35a,2019,5.5,mww,11220184543019.652
us70005q83,2019,5.6,mww,15848931924611.11
us70005r9l,2019,5.7,mww,22387211385683.47
us70005sih,2019,5.5,mww,11220184543019.652
us70005sqk,2019,5.6,mww,15848931924611.11
us70005svg,2019,5.6,mww,15848931924611.11
us70005ttv,2019,5.5,mww,11220184543019.652
us70005u6q,2019,5.5,mww,11220184543019.652
us70005u76,2019,5.9,mww,44668359215096.53
us70005ulm,2019,6.4,mww,251188643150959.25
us70005v4h,2019,5.5,mww,11220184543019.652
us70005w2i,2019,5.7,mww,22387211385683.47
us70005wj6,2019,6.4,mww,251188643150959.25
us70005wp5,2019,5.5,mww,11220184543019.652
us70005x1t,2019,5.9,mww,44668359215096.53
us70005xa1,2019,5.5,mww,11220184543019.652
us70005xr7,2019,6.3,mww,177827941003892.28
us6000624a,2019,5.5,mww,11220184543019.652
us6000624h,2019,5.6,mww,15848931924611.11
us600062n7,2019,5.7,mww,22387211385683.47
us6000632m,2019,5.8,mww,31622776601683.793
us6000645n,2019,6.6,mww,501187233627271.44
us60006470,2019,5.9,mww,44668359215096.53
us600064a5,2019,5.5,mww,11220184543019.652
us600064al,2019,5.8,mww,31622776601683.793
us700061e9,2019,6.5,mww,354813389233576.06
us700061vl,2019,5.6,mww,15848931924611.11
us700062cg,2019,6.1,mww,89125093813374.4
us700062je,2019,5.6,mww,15848931924611.11
us70006345,2019,6.1,mww,89125093813374.4
us7000635e,2019,6.6,mww,501187233627271.44
us700063mh,2019,6.3,mww,177827941003892.28
us700063rx,2019,6.0,mww,63095734448019.43
us700063sp,2019,6.0,mww,63095734448019.43
us7000645k,2019,5.6,mww,15848931924611.11
us600068w0,2019,5.9,mww,44668359215096.53
us6000692t,2019,5.8,mww,31622776601683.793
us6000693m,2019,6.5,mww,354813389233576.06
us600069n1,2019,5.5,mww,11220184543019.652
us600069nz,2019,5.6,mww,15848931924611.11
us60006adr,2019,5.5,mww,11220184543019.652
us60006adv,2019,6.2,mww,125892541179417.14
us60006b29,2019,5.5,mww,11220184543019.652
us60006b3s,2019,5.5,mww,11220184543019.652
us60006bdi,2019,5.5,mww,11220184543019.652
us60006bjl,2019,7.1,mww,2818382931264449.0
us60006bpw,2019,6.0,mww,63095734448019.43
us60006bse,2019,5.5,mww,11220184543019.652
us60006bu3,2019,5.9,mww,44668359215096.53
us700068sr,2019,5.9,mww,44668359215096.53
us7000694m,2019,5.8,mww,31622776601683.793
us700069f4,2019,5.9,mww,44668359215096.53
us70006a4q,2019,5.7,mww,22387211385683.47
us70006a6q,2019,6.3,mww,177827941003892.28
us70006a9e,2019,6.3,mww,177827941003892.28
us70006anm,2019,5.7,mww,22387211385683.47
us70006ara,2019,6.2,mww,125892541179417.14
us70006c6w,2019,6.2,mww,125892541179417.14
us70006c81,2019,5.8,mww,31622776601683.793
us70006cb6,2019,6.3,mww,177827941003892.28
us70006d0m,2019,6.4,mww,251188643150959.25
us70006d2z,2019,5.5,mww,11220184543019.652
us70006dlt,2019,6.0,mww,63095734448019.43
us70006dnx,2019,5.5,mww,11220184543019.652
us70006e09,2019,5.5,mww,11220184543019.652
us70006eqm,2019,5.7,mww,22387211385683.47
us70006eu5,2019,5.5,mww,11220184543019.652
us70006f6d,2019,6.0,mww,63095734448019.43
us70006fh7,2019,6.0,mww,63095734448019.43
us60006lsm,2019,5.6,mww,15848931924611.11
us60006m2j,2019,6.0,mww,63095734448019.43
us60006m7z,2019,5.5,mww,11220184543019.652
us60006mdf,2019,5.6,mww,15848931924611.11
us60006n19,2019,6.0,mww,63095734448019.43
us60006n2z,2019,5.8,mww,31622776601683.793
us60006pbw,2019,5.6,mww,15848931924611.11
us60006ppb,2019,5.7,mww,22387211385683.47
us60006ptp,2019,5.8,mww,31622776601683.793
us60006rem,2019,6.0,mww,63095734448019.43
us60006rp9,2019,6.8,mww,1000000000000000.0
us60006rpn,2019,5.6,mww,15848931924611.11
us60006s6p,2019,5.6,mww,15848931924611.11
us60006szl,2019,5.9,mww,44668359215096.53
us70006nak,2019,5.6,mww,15848931924611.11
us70006nf0,2019,5.6,mww,15848931924611.11
us70006ng5,2019,5.9,mww,44668359215096.53
us70006nih,2019,5.5,mww,11220184543019.652
us70006p18,2019,6.1,mww,89125093813374.4
us70006q2n,2019,5.8,mww,31622776601683.793
us70006q68,2019,5.8,mww,31622776601683.793
us70006q8f,2019,5.7,mww,22387211385683.47
us70006q8n,2019,6.0,mww,63095734448019.43
us70006q96,2019,6.0,mww,63095734448019.43
us70006qk4,2019,6.0,mww,63095734448019.43
us70006qnn,2019,6.0,mww,63095734448019.43
us70006qp1,2019,5.7,mww,22387211385683.47
us70006qt7,2019,6.3,mww,177827941003892.28
us70006r1g,2019,6.1,mww,89125093813374.4
us70006rx5,2019,5.7,mww,22387211385683.47
us70006sj8,2019,5.6,mww,15848931924611.11
us70006tev,2020,5.5,mww,11220184543019.652
us70006thw,2020,5.6,mww,15848931924611.11
us70006ttf,2020,5.7,mww,22387211385683.47
us70006u7m,2020,5.5,mww,11220184543019.652
us70006uwq,2020,5.9,mww,44668359215096.53
us70006v42,2020,5.6,mww,15848931924611.11
pr2020006006,2020,5.8,mwp,31622776601683.793
us70006vkq,2020,6.3,mww,177827941003892.28
pr2020007007,2020,6.4,mw,251188643150959.25
us70006vm9,2020,5.6,mww,15848931924611.11
pr2020007010,2020,5.6,mwp,15848931924611.11
us70006vvr,2020,6.0,mww,63095734448019.43
us70006wd1,2020,5.5,mww,11220184543019.652
us70006wuf,2020,6.4,mww,251188643150959.25
us70006xjw,2020,5.6,mww,15848931924611.11
pr2020011010,2020,5.9,mwp,44668359215096.53
us70006yla,2020,5.6,mww,15848931924611.11
us7000702n,2020,5.7,mww,22387211385683.47
us700070uj,2020,5.6,mww,15848931924611.11
us700071ij,2020,5.8,mww,31622776601683.793
us60007a3h,2020,6.0,mww,63095734448019.43
us60007anp,2020,6.0,mww,63095734448019.43
us60007arp,2020,6.1,mww,89125093813374.4
us60007b5x,2020,6.1,mww,89125093813374.4
us60007cim,2020,5.5,mww,11220184543019.652
us60007crw,2020,5.5,mww,11220184543019.652
us60007d0c,2020,5.5,mww,11220184543019.652
us60007d2r,2020,5.6,mww,15848931924611.11
us60007djn,2020,6.2,mww,125892541179417.14
us60007e4x,2020,5.5,mww,11220184543019.652
us60007ei6,2020,5.5,mww,11220184543019.652
us60007ewc,2020,6.7,mww,707945784384140.2
us60007g6e,2020,5.6,mww,15848931924611.11
us60007g8m,2020,6.1,mww,89125093813374.4
us60007gca,2020,5.8,mww,31622776601683.793
us60007gra,2020,5.7,mww,22387211385683.47
us60007gyx,2020,6.3,mww,177827941003892.28
us60007i7j,2020,5.5,mww,11220184543019.652
us60007ibj,2020,5.5,mww,11220184543019.652
us60007idc,2020,7.7,mww,2.2387211385683468e+16
us60007iig,2020,6.1,mww,89125093813374.4
us60007j2w,2020,6.0,mww,63095734448019.43
us60007jmj,2020,5.8,mww,31622776601683.793
us60007jpa,2020,5.5,mww,11220184543019.652
us60007jzj,2020,5.7,mww,22387211385683.47
us60007kv1,2020,5.9,mww,44668359215096.53
us60007lbm,2020,5.7,mww,22387211385683.47
us60007mj2,2020,5.6,mww,15848931924611.11
us70007j07,2020,5.8,mww,31622776601683.793
us70007j6z,2020,6.2,mww,125892541179417.14
us70007jwn,2020,6.0,mww,63095734448019.43
us70007l2h,2020,5.5,mww,11220184543019.652
us70007lf3,2020,5.6,mww,15848931924611.11
us70007lik,2020,6.0,mww,63095734448019.43
us70007lwy,2020,6.1,mww,89125093813374.4
us70007m02,2020,5.5,mww,11220184543019.652
us70007pa9,2020,7.0,mww,1995262314968882.8
us70007q3m,2020,5.6,mww,15848931924611.11
us70007qt0,2020,5.7,mww,22387211385683.47
us70007r1x,2020,5.6,mww,15848931924611.11
us70007s90,2020,5.5,mww,11220184543019.652
us70007trb,2020,5.8,mww,31622776601683.793
us70007uvu,2020,5.6,mww,15848931924611.11
us70007uy4,2020,5.5,mww,11220184543019.652
us70007v29,2020,5.8,mww,31622776601683.793
us70007v9g,2020,6.0,mww,63095734448019.43
us600084gu,2020,6.0,mww,63095734448019.43
us600085g3,2020,5.5,mww,11220184543019.652
us600085x5,2020,5.7,mww,22387211385683.47
us600087lz,2020,5.7,mww,22387211385683.47
us600089zt,2020,5.5,mww,11220184543019.652
us60008ay3,2020,6.0,mww,63095734448019.43
us60008bj6,2020,5.5,mww,11220184543019.652
nc73351710,2020,5.77,mw,28510182675038.98
us60008d3z,2020,5.6,mww,15848931924611.11
us60008d51,2020,5.7,mww,22387211385683.47
us60008e9x,2020,5.5,mww,11220184543019.652
us60008fl8,2020,6.4,mww,251188643150959.25
us60008hpv,2020,5.8,mww,31622776601683.793
us60008gzt,2020,5.6,mww,15848931924611.11
us60008h76,2020,6.0,mww,63095734448019.43
us60008hkg,2020,6.1,mww,89125093813374.4
us60008hml,2020,5.5,mww,11220184543019.652
uu60363602,2020,5.7,mw,22387211385683.47
us60008hzl,2020,6.2,mww,125892541179417.14
us70008c70,2020,5.5,mww,11220184543019.652
us70008cld,2020,5.7,mww,22387211385683.47
us70008cmt,2020,5.5,mww,11220184543019.652
us70008db1,2020,5.7,mww,22387211385683.47
us70008e74,2020,5.6,mww,15848931924611.11
us70008e91,2020,6.1,mww,89125093813374.4
us70008eri,2020,5.5,mww,11220184543019.652
us70008fi4,2020,7.5,mww,1.1220184543019652e+16
us70008ghw,2020,6.1,mww,89125093813374.4
us70008gtk,2020,5.7,mww,22387211385683.47
us70008h8n,2020,5.6,mww,15848931924611.11
us70008hvb,2020,5.9,mww,44668359215096.53
us70008hwi,2020,5.8,mww,31622776601683.793
us70008ide,2020,5.7,mww,22387211385683.47
us70008iqd,2020,5.6,mww,15848931924611.11
us70008jr5,2020,6.5,mww,354813389233576.06
us70008l5g,2020,5.5,mww,11220184543019.652
us70008nel,2020,5.5,mww,11220184543019.652
us70008peg,2020,6.0,mww,63095734448019.43
us70008rje,2020,5.5,mww,11220184543019.652
us70008tc8,2020,5.9,mww,44668359215096.53
us70008um8,2020,6.1,mww,89125093813374.4
us70008vsp,2020,6.0,mww,63095734448019.43
us70008wpb,2020,5.7,mww,22387211385683.47
us70008x2q,2020,5.7,mww,22387211385683.47
us70008xeb,2020,6.1,mww,89125093813374.4
us70008xhp,2020,5.9,mww,44668359215096.53
us70008yn9,2020,5.8,mww,31622776601683.793
us70008z89,2020,6.6,mww,501187233627271.44
us70008za4,2020,5.7,mww,22387211385683.47
us7000903m,2020,6.3,mww,177827941003892.28
us60009a5h,2020,5.5,mww,11220184543019.652
us60009c06,2020,6.1,mww,89125093813374.4
us700098qd,2020,6.5,mww,354813389233576.06
us7000993j,2020,5.7,mww,22387211385683.47
us700099b2,2020,5.9,mww,44668359215096.53
us700099s8,2020,5.6,mww,15848931924611.11
us70009adl,2020,5.5,mww,11220184543019.652
us70009b14,2020,6.8,mww,1000000000000000.0
us70009bn4,2020,6.1,mww,89125093813374.4
us70009csg,2020,5.5,mww,11220184543019.652
us70009dus,2020,5.8,mww,31622776601683.793
us70009dvh,2020,5.7,mww,22387211385683.47
us70009f12,2020,6.6,mww,501187233627271.44
us70009fun,2020,5.7,mww,22387211385683.47
us70009gsj,2020,5.7,mww,22387211385683.47
us70009gu8,2020,5.6,mww,15848931924611.11
us70009hnm,2020,5.9,mww,44668359215096.53
us70009k7k,2020,5.7,mww,22387211385683.47
us70009m4x,2020,5.7,mww,22387211385683.47
us70009n5p,2020,6.1,mww,89125093813374.4
us70009p8u,2020,5.5,mww,11220184543019.652
us70009pag,2020,5.8,mww,31622776601683.793
us70009pku,2020,5.6,mww,15848931924611.11
us60009zma,2020,5.5,mww,11220184543019.652
us60009zv5,2020,6.2,mww,125892541179417.14
us6000a0um,2020,6.0,mww,63095734448019.43
us6000a0x5,2020,5.8,mww,31622776601683.793
us6000a2de,2020,5.5,mww,11220184543019.652
us6000a2n5,2020,5.6,mww,15848931924611.11
us6000a2rt,2020,5.6,mww,15848931924611.11
us6000a316,2020,6.1,mww,89125093813374.4
us6000a3cn,2020,5.8,mww,31622776601683.793
us6000a4yi,2020,6.8,mww,1000000000000000.0
us6000a532,2020,6.0,mww,63095734448019.43
usd000crm9,2020,5.7,mww,22387211385683.47
ci39462536,2020,5.51,mw,11614486138403.46
us6000a5r3,2020,6.4,mww,251188643150959.25
us6000a74v,2020,5.7,mww,22387211385683.47
us6000a7ic,2020,5.8,mww,31622776601683.793
us6000a7ig,2020,5.7,mww,22387211385683.47
us6000a7kv,2020,5.9,mww,44668359215096.53
us6000a89s,2020,5.7,mww,22387211385683.47
us6000a8lw,2020,5.5,mww,11220184543019.652
us6000a8nh,2020,5.7,mww,22387211385683.47
us6000a93j,2020,5.9,mww,44668359215096.53
us6000a9ik,2020,6.0,mww,63095734448019.43
us6000aadz,2020,5.7,mww,22387211385683.47
us6000abcq,2020,6.6,mww,501187233627271.44
us6000abgq,2020,6.2,mww,125892541179417.14
us6000abnv,2020,5.9,mww,44668359215096.53
us6000ac28,2020,5.5,mww,11220184543019.652
us6000ack0,2020,5.6,mww,15848931924611.11
us6000acva,2020,5.5,mww,11220184543019.652
us6000adb0,2020,5.6,mww,15848931924611.11
us6000ae4n,2020,7.4,mww,7943282347242854.0
us6000aerr,2020,5.6,mww,15848931924611.11
us6000afj6,2020,5.7,mww,22387211385683.47
us6000ag18,2020,6.0,mww,63095734448019.43
us6000ag4u,2020,5.6,mww,15848931924611.11
us6000agjg,2020,5.5,mww,11220184543019.652
us6000ah1z,2020,6.0,mww,63095734448019.43
us6000ah9t,2020,7.4,mww,7943282347242854.0
ci39493944,2020,5.8,mw,31622776601683.793
us7000aabt,2020,5.9,mww,44668359215096.53
us7000aag4,2020,5.6,mww,15848931924611.11
us7000aaq2,2020,5.5,mww,11220184543019.652
us7000abmk,2020,6.3,mww,177827941003892.28
us7000ael8,2020,5.7,mww,22387211385683.47
us7000ahpd,2020,5.5,mww,11220184543019.652
us7000ai7p,2020,5.5,mww,11220184543019.652
us7000aid9,2020,5.8,mww,31622776601683.793
us7000aiqf,2020,5.5,mww,11220184543019.652
us7000aixy,2020,6.2,mww,125892541179417.14
us7000aiyp,2020,5.7,mww,22387211385683.47
us7000aj3w,2020,6.6,mww,501187233627271.44
us7000anpp,2020,5.7,mww,22387211385683.47
us7000apd0,2020,5.8,mww,31622776601683.793
us7000aq3e,2020,7.0,mww,1995262314968882.8
us7000aq5p,2020,5.9,mww,44668359215096.53
us7000aqaw,2020,6.1,mww,89125093813374.4
us7000aqj0,2020,5.7,mww,22387211385683.47
us7000aqpi,2020,5.8,mww,31622776601683.793
us7000aqwd,2020,6.1,mww,89125093813374.4
us7000asms,2020,6.0,mww,63095734448019.43
us7000asvb,2020,7.8,mww,3.162277660168379e+16
us7000asy0,2020,5.7,mwr,22387211385683.47
us6000b26j,2020,6.3,mww,177827941003892.28
us6000b29h,2020,5.5,mww,11220184543019.652
us6000b35c,2020,5.5,mww,11220184543019.652
us6000b46r,2020,6.4,mww,251188643150959.25
us6000b4ug,2020,5.8,mww,31622776601683.793
us6000b4yh,2020,5.5,mww,11220184543019.652
us6000b56k,2020,6.1,mww,89125093813374.4
us6000b5zl,2020,5.6,mww,15848931924611.11
us6000b6i4,2020,5.8,mww,31622776601683.793
us6000b72l,2020,5.7,mww,22387211385683.47
us6000b7ai,2020,5.7,mww,22387211385683.47
us6000b7d1,2020,5.6,mww,15848931924611.11
us6000b7wu,2020,5.5,mww,11220184543019.652
us6000b80p,2020,6.4,mww,251188643150959.25
us6000b849,2020,5.7,mww,22387211385683.47
us6000b84f,2020,6.1,mww,89125093813374.4
us6000b84u,2020,5.6,mww,15848931924611.11
us6000b88w,2020,5.7,mww,22387211385683.47
us6000b8b6,2020,5.9,mww,44668359215096.53
us6000b8pf,2020,5.5,mww,11220184543019.652
us6000b8vp,2020,5.6,mww,15848931924611.11
us6000b930,2020,5.6,mww,15848931924611.11
us6000b993,2020,5.6,mww,15848931924611.11
us6000b9cc,2020,5.8,mww,31622776601683.793
us6000b9mv,2020,6.4,mww,251188643150959.25
us6000badi,2020,6.3,mww,177827941003892.28
us6000bb4r,2020,5.5,mww,11220184543019.652
us6000bbh7,2020,5.5,mww,11220184543019.652
us6000bbmw,2020,5.7,mww,22387211385683.47
us6000bbu3,2020,5.7,mww,22387211385683.47
us6000bdg8,2020,6.0,mww,63095734448019.43
us6000bdq1,2020,5.5,mww,11220184543019.652
us6000bdq8,2020,5.6,mww,15848931924611.11
us6000bduv,2020,5.7,mww,22387211385683.47
us6000bf3f,2020,5.8,mww,31622776601683.793
us6000bfpw,2020,5.8,mww,31622776601683.793
us6000bgbr,2020,6.6,mww,501187233627271.44
us6000bgdq,2020,5.8,mww,31622776601683.793
us6000bgvl,2020,6.8,mww,1000000000000000.0
us6000bgvu,2020,6.9,mww,1412537544622761.2
us6000bi4p,2020,6.9,mww,1412537544622761.2
us6000biub,2020,5.5,mww,11220184543019.652
us6000biyj,2020,5.8,mww,31622776601683.793
us6000bizy,2020,5.5,mww,11220184543019.652
us7000bcmy,2020,5.6,mww,15848931924611.11
us7000bc4w,2020,5.6,mww,15848931924611.11
us7000bcbv,2020,6.0,mww,63095734448019.43
us7000bcgc,2020,5.5,mww,11220184543019.652
us7000bctq,2020,6.0,mww,63095734448019.43
us7000bcty,2020,6.2,mww,125892541179417.14
us7000be5j,2020,5.9,mww,44668359215096.53
us7000beek,2020,5.6,mww,15848931924611.11
us7000bf3k,2020,6.5,mww,354813389233576.06
us7000bfbx,2020,6.1,mww,89125093813374.4
us7000bffs,2020,5.8,mww,31622776601683.793
us7000bfgl,2020,5.9,mww,44668359215096.53
us7000bfij,2020,5.6,mww,15848931924611.11
us7000bfjr,2020,6.8,mww,1000000000000000.0
us7000bfjx,2020,6.3,mww,177827941003892.28
us7000bfmj,2020,5.8,mww,31622776601683.793
us7000bfq3,2020,5.7,mww,22387211385683.47
us7000bg4v,2020,6.5,mww,354813389233576.06
us7000bi01,2020,5.6,mww,15848931924611.11
us7000bipw,2020,5.9,mww,44668359215096.53
us7000biqb,2020,6.3,mww,177827941003892.28
us7000birm,2020,6.2,mww,125892541179417.14
us7000biu8,2020,6.7,mww,707945784384140.2
us7000biy6,2020,5.5,mww,11220184543019.652
us7000biyd,2020,6.3,mww,177827941003892.28
us7000bj6y,2020,6.2,mww,125892541179417.14
us7000bj71,2020,5.7,mww,22387211385683.47
us7000bjci,2020,5.6,mww,15848931924611.11
us7000bjgb,2020,5.9,mww,44668359215096.53
us7000bk82,2020,5.7,mww,22387211385683.47
us7000blm2,2020,6.2,mww,125892541179417.14
us7000bm9g,2020,5.6,mww,15848931924611.11
us7000bm9m,2020,6.1,mww,89125093813374.4
us7000bmcx,2020,5.9,mww,44668359215096.53
us7000bnd1,2020,6.4,mww,251188643150959.25
us7000bndc,2020,5.9,mww,44668359215096.53
us7000bnvp,2020,5.7,mww,22387211385683.47
us7000bp8n,2020,5.7,mww,22387211385683.47
us7000bpbx,2020,5.5,mww,11220184543019.652
us7000bphn,2020,5.5,mww,11220184543019.652
us7000bpvt,2020,5.9,mww,44668359215096.53
us7000bq10,2020,6.9,mww,1412537544622761.2
us7000bqaf,2020,5.8,mww,31622776601683.793
us7000bqg0,2020,5.5,mww,11220184543019.652
us7000bql2,2020,5.6,mww,15848931924611.11
us7000bqqu,2020,5.5,mww,11220184543019.652
us7000bqr4,2020,5.8,mww,31622776601683.793
us6000bzek,2020,5.5,mww,11220184543019.652
us6000c0cs,2020,5.8,mww,31622776601683.793
us6000c1np,2020,6.1,mww,89125093813374.4
us6000c403,2020,5.5,mww,11220184543019.652
us6000c1tj,2020,5.5,mww,11220184543019.652
us6000c3kz,2020,6.4,mww,251188643150959.25
us6000c3td,2020,6.1,mww,89125093813374.4
us6000c4p5,2020,5.7,mww,22387211385683.47
us6000c54x,2020,5.8,mww,31622776601683.793
us6000c5i4,2020,5.6,mww,15848931924611.11
us6000c5zm,2020,5.9,mww,44668359215096.53
us6000c617,2020,5.9,mww,44668359215096.53
us6000c6mu,2020,6.3,mww,177827941003892.28
us6000c6rg,2020,5.7,mww,22387211385683.47
us6000c6si,2020,5.8,mww,31622776601683.793
us6000c7b1,2020,5.9,mww,44668359215096.53
us6000c7ce,2020,5.5,mww,11220184543019.652
us6000c7k9,2020,5.6,mww,15848931924611.11
us6000c7ne,2020,5.6,mww,15848931924611.11
us6000c8z4,2020,5.5,mww,11220184543019.652
us6000c950,2020,5.5,mww,11220184543019.652
us6000c9ci,2020,5.6,mww,15848931924611.11
us6000c9cs,2020,5.5,mww,11220184543019.652
us6000c9hg,2020,7.6,mww,1.5848931924611108e+16
ak020dgx8guc,2020,5.9,mww,44668359215096.53
us6000c9lf,2020,5.9,mww,44668359215096.53
us6000c9u7,2020,5.6,mww,15848931924611.11
us6000ca0k,2020,5.6,mww,15848931924611.11
us6000cafc,2020,5.9,mww,44668359215096.53
us6000caj9,2020,5.7,mww,22387211385683.47
us6000cb8b,2020,5.8,mww,31622776601683.793
us6000cbug,2020,5.9,mww,44668359215096.53
us6000cbx8,2020,6.1,mww,89125093813374.4
us6000ccyh,2020,5.9,mww,44668359215096.53
us6000cd45,2020,5.5,mww,11220184543019.652
us7000c6l2,2020,5.5,mww,11220184543019.652
us7000c6lj,2020,5.5,mww,11220184543019.652
us7000c6p3,2020,5.6,mww,15848931924611.11
us7000c6sn,2020,5.8,mww,31622776601683.793
us7000c6u9,2020,5.8,mww,31622776601683.793
us7000c7wh,2020,5.9,mww,44668359215096.53
us7000c7xt,2020,5.5,mww,11220184543019.652
us7000c7y0,2020,7.0,mww,1995262314968882.8
us7000c84t,2020,5.5,mww,11220184543019.652
us7000c8fy,2020,5.6,mww,15848931924611.11
us7000c8va,2020,5.7,mww,22387211385683.47
us7000c9jz,2020,6.0,mww,63095734448019.43
us7000c9mz,2020,5.7,mww,22387211385683.47
us7000cb99,2020,5.5,mww,11220184543019.652
us7000cbmx,2020,5.9,mww,44668359215096.53
us7000cbni,2020,5.8,mww,31622776601683.793
us7000cbr2,2020,6.2,mww,125892541179417.14
us7000cd6e,2020,6.0,mww,63095734448019.43
us7000cd9a,2020,5.7,mww,22387211385683.47
us7000ceaa,2020,5.7,mww,22387211385683.47
us7000cet5,2020,5.5,mww,11220184543019.652
us7000cfes,2020,6.0,mww,63095734448019.43
us7000cfwd,2020,5.5,mww,11220184543019.652
us7000cfxq,2020,6.0,mww,63095734448019.43
us6000cqme,2020,5.7,mww,22387211385683.47
us6000cr45,2020,5.5,mww,11220184543019.652
us6000crcq,2020,6.1,mww,89125093813374.4
us6000cre1,2020,5.5,mww,11220184543019.652
us6000crfr,2020,5.5,mww,11220184543019.652
us6000cs8g,2020,5.5,mww,11220184543019.652
us7000cjqt,2020,5.7,mww,22387211385683.47
us7000cjr0,2020,5.9,mww,44668359215096.53
us7000cktq,2020,5.6,mww,15848931924611.11
us7000ckx5,2020,5.8,mww,31622776601683.793
us7000cl0j,2020,5.6,mww,15848931924611.11
us7000cl2f,2020,5.5,mww,11220184543019.652
us7000clbu,2020,6.4,mww,251188643150959.25
us7000clbs,2020,6.3,mww,177827941003892.28
us7000clnv,2020,6.4,mww,251188643150959.25
us7000clp0,2020,5.7,mww,22387211385683.47
us7000clt8,2020,6.0,mww,63095734448019.43
us7000cm92,2020,5.5,mww,11220184543019.652
us7000cnnz,2020,6.1,mww,89125093813374.4
us7000cp05,2020,5.5,mww,11220184543019.652
us7000cpqz,2020,6.1,mww,89125093813374.4
us7000cpws,2020,5.9,mww,44668359215096.53
us7000cpx6,2020,5.9,mwb,44668359215096.53
us7000cqhy,2020,5.5,mww,11220184543019.652
us7000cqvm,2020,5.6,mww,15848931924611.11
us7000cqyz,2020,6.0,mww,63095734448019.43
us7000cr1r,2020,5.8,mww,31622776601683.793
us7000crdx,2020,6.1,mww,89125093813374.4
us7000crmx,2020,5.6,mww,15848931924611.11
us7000csqe,2020,6.3,mww,177827941003892.28
us6000d1pw,2020,5.7,mww,22387211385683.47
us6000d223,2020,5.7,mww,22387211385683.47
us6000d224,2020,5.7,mww,22387211385683.47
us6000d29t,2020,6.1,mww,89125093813374.4
us6000d2ra,2020,6.3,mww,177827941003892.28
us6000d3dd,2020,5.5,mww,11220184543019.652
us6000d3dr,2020,5.7,mww,22387211385683.47
us6000d3i9,2020,6.7,mww,707945784384140.2
us6000d3kl,2020,5.7,mww,22387211385683.47
us6000d3xn,2020,5.7,mww,22387211385683.47
us6000d3zh,2020,6.4,mww,251188643150959.25
us6000d454,2020,5.7,mww,22387211385683.47
us6000d58t,2021,6.1,mww,89125093813374.4
us6000d5zz,2021,6.2,mww,125892541179417.14
us6000d66r,2021,5.8,mww,31622776601683.793
us6000d672,2021,5.5,mww,11220184543019.652
us6000d69r,2021,6.1,mww,89125093813374.4
us6000d6lg,2021,6.3,mww,177827941003892.28
us6000d6my,2021,6.1,mww,89125093813374.4
us6000d6xb,2021,5.5,mww,11220184543019.652
us6000d74p,2021,6.1,mww,89125093813374.4
us6000d764,2021,6.1,mww,89125093813374.4
us6000d78y,2021,5.6,mww,15848931924611.11
us6000d7c5,2021,5.6,mww,15848931924611.11
us6000d7hn,2021,5.5,mww,11220184543019.652
us6000d7ix,2021,6.7,mww,707945784384140.2
us6000d7ml,2021,5.9,mww,44668359215096.53
us6000d7tq,2021,5.9,mww,44668359215096.53
us6000d882,2021,5.7,mww,22387211385683.47
us7000d030,2021,6.2,mww,125892541179417.14
us7000d0ae,2021,5.6,mww,15848931924611.11
us7000d0bw,2021,5.5,mww,11220184543019.652
us7000d0d0,2021,5.8,mww,31622776601683.793
us7000d0gn,2021,5.5,mww,11220184543019.652
us7000d0pq,2021,5.5,mww,11220184543019.652
us7000d18q,2021,6.4,mww,251188643150959.25
us7000d1q5,2021,5.6,mww,15848931924611.11
us7000d1ut,2021,5.5,mww,11220184543019.652
us7000d20e,2021,7.0,mww,1995262314968882.8
us7000d2f1,2021,5.6,mww,15848931924611.11
us7000d2lc,2021,5.8,mww,31622776601683.793
us7000d2nr,2021,5.5,mww,11220184543019.652
us7000d2rx,2021,6.9,mww,1412537544622761.2
us7000d2s4,2021,5.7,mww,22387211385683.47
us7000d2ty,2021,5.8,mww,31622776601683.793
us7000d2wh,2021,5.5,mww,11220184543019.652
us6000dcx1,2021,5.7,mww,22387211385683.47
us6000dcx7,2021,5.5,mww,11220184543019.652
us6000dd2i,2021,5.7,mww,22387211385683.47
us6000ddge,2021,5.5,mww,11220184543019.652
us6000ddzk,2021,5.8,mww,31622776601683.793
us6000de19,2021,5.8,mww,31622776601683.793
us6000de1j,2021,5.6,mww,15848931924611.11
us6000de34,2021,6.7,mww,707945784384140.2
us6000defh,2021,5.7,mww,22387211385683.47
us6000df9r,2021,6.0,mww,63095734448019.43
us6000dfad,2021,6.3,mww,177827941003892.28
us6000dfgj,2021,5.7,mww,22387211385683.47
us6000dfj3,2021,5.5,mww,11220184543019.652
us6000dfsv,2021,5.6,mww,15848931924611.11
us6000dg56,2021,5.6,mww,15848931924611.11
us6000dg6u,2021,6.1,mww,89125093813374.4
us6000dg6v,2021,5.6,mww,15848931924611.11
us6000dg70,2021,6.3,mww,177827941003892.28
us6000dg72,2021,6.1,mww,89125093813374.4
us6000dg77,2021,7.7,mww,2.2387211385683468e+16
us6000dgb4,2021,6.1,mwb,89125093813374.4
us6000dgc7,2021,6.1,mww,89125093813374.4
us6000dgde,2021,5.8,mww,31622776601683.793
us6000dge5,2021,6.3,mww,177827941003892.28
us6000dgg9,2021,5.8,mww,31622776601683.793
us6000dggq,2021,5.9,mww,44668359215096.53
us6000dgje,2021,5.8,mww,31622776601683.793
us6000dgkr,2021,6.0,mww,63095734448019.43
us6000dgku,2021,5.7,mww,22387211385683.47
us6000dglp,2021,5.8,mww,31622776601683.793
us6000dglt,2021,5.7,mww,22387211385683.47
us6000dgxz,2021,5.9,mww,44668359215096.53
us6000dh48,2021,5.9,mww,44668359215096.53
us6000dher,2021,7.1,mww,2818382931264449.0
us6000dhm9,2021,5.7,mww,22387211385683.47
us6000dhxn,2021,6.2,mww,125892541179417.14
us6000dhxs,2021,5.5,mww,11220184543019.652
us6000dhxu,2021,5.9,mww,44668359215096.53
us6000diae,2021,5.5,mww,11220184543019.652
us6000didd,2021,5.5,mww,11220184543019.652
us6000dii3,2021,6.1,mww,89125093813374.4
us6000dila,2021,6.2,mww,125892541179417.14
us6000dip3,2021,6.1,mww,89125093813374.4
us6000diqr,2021,5.8,mww,31622776601683.793
us6000divk,2021,5.6,mww,15848931924611.11
us6000djk6,2021,5.5,mww,11220184543019.652
us6000dk70,2021,5.8,mww,31622776601683.793
us6000dkmk,2021,5.6,mww,15848931924611.11
us7000ddiv,2021,5.5,mww,11220184543019.652
us7000ddw9,2021,5.8,mww,31622776601683.793
us7000de1v,2021,5.6,mww,15848931924611.11
us7000de9a,2021,5.5,mww,11220184543019.652
us7000deeg,2021,5.7,mww,22387211385683.47
us7000defm,2021,5.9,mww,44668359215096.53
us7000detx,2021,5.5,mww,11220184543019.652
us7000deyu,2021,5.8,mww,31622776601683.793
us7000df40,2021,6.3,mww,177827941003892.28
us7000dffl,2021,7.3,mww,5623413251903491.0
us7000dfhs,2021,6.1,mww,89125093813374.4
us7000dfk3,2021,7.4,mww,7943282347242854.0
us7000dflf,2021,8.1,mww,8.91250938133744e+16
us7000dfq2,2021,6.5,mwb,354813389233576.06
us7000dft1,2021,6.3,mww,177827941003892.28
us7000dfw2,2021,5.6,mww,15848931924611.11
us7000dfwe,2021,6.0,mww,63095734448019.43
us7000dfz4,2021,6.2,mww,125892541179417.14
us7000dg4u,2021,5.5,mww,11220184543019.652
us7000dg5d,2021,5.8,mww,31622776601683.793
us7000dg5e,2021,5.7,mwb,22387211385683.47
us7000dg5x,2021,5.8,mww,31622776601683.793
us7000dg8x,2021,6.3,mww,177827941003892.28
us7000dgbu,2021,5.5,mww,11220184543019.652
us7000dgd9,2021,5.8,mww,31622776601683.793
us7000dgdc,2021,6.1,mww,89125093813374.4
us7000dggf,2021,6.2,mww,125892541179417.14
us7000dgh7,2021,6.2,mww,125892541179417.14
us7000dgi0,2021,6.1,mww,89125093813374.4
us7000dgk1,2021,5.7,mww,22387211385683.47
us7000dgk3,2021,5.5,mww,11220184543019.652
iscgem619921848,2021,5.5,mw,11220184543019.652
us7000dgkl,2021,5.5,mww,11220184543019.652
us7000dgkw,2021,5.7,mww,22387211385683.47
us7000dgp3,2021,5.6,mww,15848931924611.11
us7000dgpx,2021,5.5,mww,11220184543019.652
us7000dgqr,2021,5.6,mww,15848931924611.11
us7000dgr6,2021,5.6,mww,15848931924611.11
us7000dgt1,2021,5.6,mww,15848931924611.11
us7000dgze,2021,5.8,mww,31622776601683.793
us7000dhxm,2021,5.9,mww,44668359215096.53
us7000di9v,2021,5.8,mww,31622776601683.793
us7000dia5,2021,5.5,mww,11220184543019.652
us7000dick,2021,5.9,mww,44668359215096.53
us7000dimf,2021,5.6,mww,15848931924611.11
us7000dj39,2021,5.9,mww,44668359215096.53
us7000dj5p,2021,5.9,mww,44668359215096.53
us7000dj9v,2021,6.0,mww,63095734448019.43
us7000djam,2021,5.5,mww,11220184543019.652
us7000djz6,2021,6.6,mww,501187233627271.44
us7000dk21,2021,5.6,mww,15848931924611.11
us7000dk22,2021,5.7,mww,22387211385683.47
us7000dker,2021,6.0,mww,63095734448019.43
us7000dksx,2021,5.5,mww,11220184543019.652
us7000dkv0,2021,5.7,mww,22387211385683.47
us7000dl1u,2021,5.6,mww,15848931924611.11
us7000dl4i,2021,5.7,mww,22387211385683.47
us7000dl4v,2021,5.7,mww,22387211385683.47
us7000dl5h,2021,5.6,mww,15848931924611.11
us7000dl5j,2021,6.0,mwb,63095734448019.43
us7000dl6y,2021,7.0,mww,1995262314968882.8
us7000dl8y,2021,5.5,mww,11220184543019.652
us6000dw8i,2021,5.5,mww,11220184543019.652
us6000dwkd,2021,5.8,mww,31622776601683.793
us6000dwvx,2021,5.7,mww,22387211385683.47
us6000dwvy,2021,5.5,mww,11220184543019.652
us6000dww9,2021,5.9,mww,44668359215096.53
us6000dx0m,2021,5.5,mww,11220184543019.652
us6000dx32,2021,5.7,mww,22387211385683.47
us6000dx92,2021,5.9,mww,44668359215096.53
us6000dxge,2021,5.5,mww,11220184543019.652
us6000dxr3,2021,5.5,mww,11220184543019.652
us6000dy64,2021,6.4,mww,251188643150959.25
us6000dy9x,2021,6.0,mww,63095734448019.43
us6000dydn,2021,5.6,mww,15848931924611.11
us6000dynd,2021,6.6,mww,501187233627271.44
us6000dysl,2021,5.9,mww,44668359215096.53
us6000dytb,2021,5.6,mww,15848931924611.11
us6000dz3c,2021,6.1,mww,89125093813374.4
us6000dzd6,2021,5.7,mww,22387211385683.47
us6000dzkn,2021,5.6,mww,15848931924611.11
us6000dzlv,2021,6.1,mww,89125093813374.4
us6000dzt8,2021,5.7,mww,22387211385683.47
ak0214icukav,2021,5.5,mww,11220184543019.652
us6000e0iy,2021,6.0,mww,63095734448019.43
us6000e0j2,2021,5.6,mww,15848931924611.11
us6000e0k5,2021,6.1,mww,89125093813374.4
us6000e0lk,2021,6.0,mww,63095734448019.43
us6000e1ec,2021,5.7,mww,22387211385683.47
us6000e1g3,2021,5.6,mww,15848931924611.11
us6000e2hf,2021,5.6,mww,15848931924611.11
us6000e2k3,2021,5.8,mww,31622776601683.793
us6000e2mv,2021,5.8,mww,31622776601683.793
us6000e30x,2021,6.1,mww,89125093813374.4
us6000e3j6,2021,5.5,mww,11220184543019.652
us6000e47c,2021,6.5,mww,354813389233576.06
us6000e4f6,2021,5.6,mww,15848931924611.11
us6000e4rl,2021,6.5,mww,354813389233576.06
us7000dxn6,2021,5.7,mww,22387211385683.47
us7000dxqs,2021,5.6,mww,15848931924611.11
us7000dxsy,2021,6.1,mww,89125093813374.4
us7000dxu4,2021,5.5,mww,11220184543019.652
us7000dxxy,2021,5.9,mww,44668359215096.53
us7000dy3b,2021,6.0,mww,63095734448019.43
us7000dydz,2021,5.6,mww,15848931924611.11
us7000dyeq,2021,5.7,mww,22387211385683.47
us7000dygd,2021,6.1,mww,89125093813374.4
us7000dz5t,2021,6.9,mww,1412537544622761.2
us7000dzfk,2021,5.8,mww,31622776601683.793
us7000dziv,2021,5.5,mww,11220184543019.652
us7000dzma,2021,5.5,mww,11220184543019.652
us7000dznc,2021,5.6,mww,15848931924611.11
us7000e04m,2021,5.5,mww,11220184543019.652
us7000e07p,2021,5.7,mww,22387211385683.47
us7000e0zu,2021,5.5,mww,11220184543019.652
us7000e13b,2021,6.1,mww,89125093813374.4
us7000e175,2021,6.1,mww,89125093813374.4
us7000e20u,2021,5.7,mww,22387211385683.47
us7000e28e,2021,5.8,mww,31622776601683.793
us7000e2bd,2021,5.6,mww,15848931924611.11
us7000e2c6,2021,6.0,mww,63095734448019.43
us7000e2ec,2021,6.7,mww,707945784384140.2
us7000e2ib,2021,5.5,mww,11220184543019.652
us7000e2k1,2021,5.5,mww,11220184543019.652
us7000e2rq,2021,6.1,mww,89125093813374.4
us7000e2su,2021,5.7,mww,22387211385683.47
us7000e2xd,2021,6.0,mww,63095734448019.43
us7000e2zt,2021,6.7,mww,707945784384140.2
us7000e3aa,2021,5.5,mww,11220184543019.652
us7000e3h1,2021,5.7,mww,22387211385683.47
us7000e4aw,2021,6.7,mww,707945784384140.2
us7000e4i7,2021,5.5,mww,11220184543019.652
us7000e4j2,2021,5.7,mww,22387211385683.47
us7000e4u0,2021,5.7,mww,22387211385683.47
us7000e50p,2021,5.8,mww,31622776601683.793
us7000e532,2021,6.1,mww,89125093813374.4
us7000e53p,2021,5.8,mww,31622776601683.793
us7000e54r,2021,7.3,mww,5623413251903491.0
us7000e579,2021,6.5,mww,354813389233576.06
us7000e57b,2021,5.6,mww,15848931924611.11
us7000e5eu,2021,5.5,mww,11220184543019.652
us7000e68h,2021,5.7,mww,22387211385683.47
us6000efq6,2021,5.5,mww,11220184543019.652
us6000egs4,2021,5.9,mww,44668359215096.53
ak0216xu2rod,2021,6.1,mww,89125093813374.4
us6000eglq,2021,5.5,mww,11220184543019.652
us7000e9bi,2021,6.2,mww,125892541179417.14
us7000e9mg,2021,5.9,mww,44668359215096.53
us7000e9mr,2021,5.9,mww,44668359215096.53
us7000eaib,2021,5.6,mww,15848931924611.11
us7000eakj,2021,5.8,mww,31622776601683.793
us7000eb30,2021,5.7,mww,22387211385683.47
us7000ebw8,2021,5.7,mww,22387211385683.47
us7000ebx6,2021,5.6,mww,15848931924611.11
us7000ecuh,2021,5.5,mww,11220184543019.652
us7000ecyk,2021,5.7,mww,22387211385683.47
us7000edf6,2021,5.9,mww,44668359215096.53
us7000edh9,2021,5.5,mww,11220184543019.652
us7000edug,2021,5.5,mww,11220184543019.652
us7000eee0,2021,5.8,mww,31622776601683.793
us7000eeq4,2021,6.5,mww,354813389233576.06
us7000eeu6,2021,5.5,mww,11220184543019.652
us7000eewi,2021,5.9,mww,44668359215096.53
us7000ef1g,2021,5.5,mww,11220184543019.652
us7000efct,2021,5.5,mww,11220184543019.652
us7000efd5,2021,5.9,mww,44668359215096.53
us7000efea,2021,5.5,mww,11220184543019.652
us6000ep7f,2021,5.7,mww,22387211385683.47
us6000eq1h,2021,5.6,mww,15848931924611.11
us7000eicj,2021,6.1,mww,89125093813374.4
us7000eigf,2021,5.8,mww,31622776601683.793
us7000eihg,2021,5.6,mww,15848931924611.11
us7000eijq,2021,5.9,mww,44668359215096.53
us7000eijt,2021,6.0,mww,63095734448019.43
us7000eik4,2021,5.6,mww,15848931924611.11
us7000eit1,2021,5.5,mww,11220184543019.652
us7000eja2,2021,5.9,mww,44668359215096.53
us6000et50,2021,5.5,mww,11220184543019.652
nc73584926,2021,6.0,mw,63095734448019.43
us6000etfa,2021,5.5,mww,11220184543019.652
us6000etn1,2021,5.6,mww,15848931924611.11
us6000etxj,2021,6.1,mww,89125093813374.4
us6000etys,2021,5.7,mww,22387211385683.47
us7000eldj,2021,5.6,mww,15848931924611.11
us7000emrg,2021,5.7,mww,22387211385683.47
us7000emsw,2021,5.5,mww,11220184543019.652
us7000emzy,2021,6.1,mww,89125093813374.4
us7000en0a,2021,5.5,mww,11220184543019.652
us7000enfl,2021,5.9,mww,44668359215096.53
us7000eniv,2021,5.8,mww,31622776601683.793
us6000exmx,2021,6.0,mww,63095734448019.43
us6000exs5,2021,6.7,mww,707945784384140.2
us6000exum,2021,5.5,mww,11220184543019.652
us6000ey6s,2021,5.5,mww,11220184543019.652
us6000ey7r,2021,5.5,mww,11220184543019.652
us6000eyfk,2021,6.7,mww,707945784384140.2
us6000eyfn,2021,5.8,mww,31622776601683.793
us6000eyj7,2021,5.5,mww,11220184543019.652
us6000eynb,2021,6.1,mww,89125093813374.4
us6000eywm,2021,5.7,mww,22387211385683.47
us6000eyyf,2021,5.5,mww,11220184543019.652
us6000eyyj,2021,5.6,mww,15848931924611.11
us6000ez2l,2021,5.8,mww,31622776601683.793
us6000ez5x,2021,6.3,mww,177827941003892.28
us6000f00e,2021,5.8,mww,31622776601683.793
ak0219neiszm,2021,8.2,mww,1.258925411794161e+17
ak0219p0hp3k,2021,5.5,mww,11220184543019.652
us6000f0qr,2021,6.2,mww,125892541179417.14
us6000f109,2021,5.5,mww,11220184543019.652
us6000f155,2021,5.6,mww,15848931924611.11
us6000f1cn,2021,5.6,mww,15848931924611.11
us6000f1ea,2021,6.0,mww,63095734448019.43
us6000f1nr,2021,5.8,mww,31622776601683.793
us6000f1r4,2021,6.1,mww,89125093813374.4
us6000f1sc,2021,5.5,mww,11220184543019.652
us6000f1td,2021,5.5,mww,11220184543019.652
us6000f1z7,2021,5.8,mww,31622776601683.793
us6000f23b,2021,5.5,mww,11220184543019.652
us6000f27x,2021,5.5,mww,11220184543019.652
us6000f29v,2021,5.8,mww,31622776601683.793
us6000f2za,2021,5.9,mww,44668359215096.53
us6000f3ga,2021,5.5,mww,11220184543019.652
us6000f45x,2021,5.5,mww,11220184543019.652
us6000f48v,2021,7.1,mww,2818382931264449.0
us6000f4dx,2021,5.5,mww,11220184543019.652
us6000f4k8,2021,5.7,mww,22387211385683.47
us6000f4ly,2021,7.5,mww,1.1220184543019652e+16
us6000f53e,2021,8.1,mww,8.91250938133744e+16
us6000f59z,2021,5.5,mww,11220184543019.652
us6000f5h2,2021,6.1,mww,89125093813374.4
us6000f5i9,2021,5.7,mww,22387211385683.47
us6000f5na,2021,5.9,mww,44668359215096.53
us6000f5st,2021,5.5,mww,11220184543019.652
us6000f5u9,2021,5.5,mww,11220184543019.652
us6000f74g,2021,5.5,mww,11220184543019.652
us6000f63e,2021,5.6,mww,15848931924611.11
us6000f63n,2021,5.5,mww,11220184543019.652
us6000f652,2021,6.9,mww,1412537544622761.2
us6000f65h,2021,7.2,mww,3981071705534985.5
us6000f6bz,2021,5.5,mww,11220184543019.652
us6000f6ez,2021,5.8,mww,31622776601683.793
us6000f6ts,2021,5.7,mww,22387211385683.47
us6000f6wt,2021,6.9,mww,1412537544622761.2
us6000f779,2021,5.5,mww,11220184543019.652
us6000f7cr,2021,5.5,mww,11220184543019.652
us6000f7es,2021,5.6,mww,15848931924611.11
us6000f7ki,2021,5.8,mww,31622776601683.793
us6000f7ks,2021,6.1,mww,89125093813374.4
us6000f7nx,2021,5.5,mww,11220184543019.652
us6000f7sk,2021,5.8,mww,31622776601683.793
us6000f7vg,2021,6.9,mww,1412537544622761.2
us6000f843,2021,6.0,mww,63095734448019.43
us6000f9gd,2021,6.6,mww,501187233627271.44
us6000f9q3,2021,5.7,mww,22387211385683.47
us6000f9sq,2021,7.1,mww,2818382931264449.0
us7000f2ws,2021,6.0,mww,63095734448019.43
us7000f3zp,2021,5.7,mww,22387211385683.47
us7000f403,2021,5.8,mww,31622776601683.793
us7000f4kz,2021,5.6,mww,15848931924611.11
us7000f57q,2021,5.6,mww,15848931924611.11
us7000f5iz,2021,5.5,mww,11220184543019.652
us7000f60j,2021,6.4,mww,251188643150959.25
us7000f67h,2021,5.6,mww,15848931924611.11
us7000f6l9,2021,5.6,mww,15848931924611.11
us7000f6q8,2021,5.7,mww,22387211385683.47
us7000f6uy,2021,5.6,mww,15848931924611.11
us7000f7a5,2021,5.5,mww,11220184543019.652
us7000f7dp,2021,5.6,mww,15848931924611.11
us7000f7en,2021,5.8,mww,31622776601683.793
us7000f85q,2021,5.5,mww,11220184543019.652
us7000f86s,2021,5.5,mww,11220184543019.652
us7000f875,2021,5.6,mww,15848931924611.11
us7000f8bb,2021,5.9,mww,44668359215096.53
us7000f8gz,2021,5.6,mww,15848931924611.11
us7000f8tc,2021,6.0,mww,63095734448019.43
us7000f93v,2021,7.0,mww,1995262314968882.8
us7000f9ay,2021,5.5,mww,11220184543019.652
us7000f9l5,2021,5.8,mww,31622776601683.793
us7000fa2u,2021,5.5,mww,11220184543019.652
us7000fa9j,2021,5.5,mww,11220184543019.652
us7000fap8,2021,6.2,mww,125892541179417.14
us7000faw7,2021,5.8,mww,31622776601683.793
ak021bwmmasc,2021,5.6,mww,15848931924611.11
us7000fc1e,2021,5.8,mww,31622776601683.793
us7000fcye,2021,5.8,mww,31622776601683.793
us7000fczf,2021,6.1,mww,89125093813374.4
us7000fd4k,2021,6.4,mww,251188643150959.25
us7000fd9v,2021,5.9,mww,44668359215096.53
us7000fdds,2021,6.5,mww,354813389233576.06
us7000fdfd,2021,5.6,mww,15848931924611.11
us7000fdty,2021,5.7,mwb,22387211385683.47
us7000fe0g,2021,5.5,mww,11220184543019.652
us7000fe1w,2021,6.1,mww,89125093813374.4
us7000feai,2021,5.8,mww,31622776601683.793
us7000fen1,2021,5.7,mww,22387211385683.47
us7000fes8,2021,6.0,mww,63095734448019.43
us6000fq2d,2021,6.1,mww,89125093813374.4
us6000fqzn,2021,5.8,mww,31622776601683.793
us6000fr0b,2021,7.3,mww,5623413251903491.0
us6000fr2z,2021,5.9,mww,44668359215096.53
us6000fr5t,2021,6.0,mww,63095734448019.43
us6000frf2,2021,5.5,mww,11220184543019.652
us6000frfw,2021,6.2,mww,125892541179417.14
us6000frhs,2021,5.7,mww,22387211385683.47
us6000frzg,2021,5.7,mww,22387211385683.47
us6000fsg9,2021,5.9,mww,44668359215096.53
us6000fsl6,2021,5.9,mww,44668359215096.53
us6000fsrg,2021,5.5,mww,11220184543019.652
us6000fssl,2021,5.8,mww,31622776601683.793
us6000ft6j,2021,5.7,mww,22387211385683.47
us6000ft86,2021,5.6,mww,15848931924611.11
us6000ft9g,2021,6.9,mww,1412537544622761.2
us6000ftd2,2021,5.5,mww,11220184543019.652
us6000fteg,2021,5.7,mww,22387211385683.47
ak021d1u1nos,2021,6.9,mww,1412537544622761.2
us6000ftpp,2021,5.7,mww,22387211385683.47
us6000ftu3,2021,5.8,mww,31622776601683.793
us6000ftxu,2021,6.4,mww,251188643150959.25
us6000fugu,2021,5.6,mww,15848931924611.11
us6000fuke,2021,5.5,mww,11220184543019.652
us6000furk,2021,6.4,mww,251188643150959.25
us6000fvkf,2021,6.2,mww,125892541179417.14
us6000fvtm,2021,5.9,mww,44668359215096.53
us6000fvur,2021,5.6,mww,15848931924611.11
us6000fwd5,2021,6.1,mww,89125093813374.4
us6000fwdc,2021,5.5,mww,11220184543019.652
us6000fwke,2021,5.6,mww,15848931924611.11
us6000fx56,2021,6.2,mww,125892541179417.14
us6000fxjf,2021,5.9,mww,44668359215096.53
us7000fpw5,2021,5.5,mww,11220184543019.652
us7000fq1g,2021,5.5,mww,11220184543019.652
us7000fq21,2021,5.7,mww,22387211385683.47
us7000fq2q,2021,5.5,mww,11220184543019.652
us7000fqai,2021,5.6,mww,15848931924611.11
us7000fqcg,2021,6.0,mww,63095734448019.43
us7000fqjc,2021,6.0,mww,63095734448019.43
us7000fqve,2021,5.9,mww,44668359215096.53
us7000fr0v,2021,5.7,mww,22387211385683.47
us7000fr0x,2021,5.7,mww,22387211385683.47
us7000fraj,2021,5.7,mww,22387211385683.47
us7000frfx,2021,5.5,mww,11220184543019.652
us7000fs08,2021,6.0,mww,63095734448019.43
us7000fsjc,2021,5.9,mww,44668359215096.53
us7000fskw,2021,6.3,mww,177827941003892.28
us7000fszl,2021,6.6,mww,501187233627271.44
us7000ft0f,2021,6.0,mww,63095734448019.43
us7000ftdy,2021,5.8,mww,31622776601683.793
us7000ftu4,2021,5.5,mww,11220184543019.652
us7000ftty,2021,5.5,mww,11220184543019.652
us7000fu0x,2021,6.0,mwb,63095734448019.43
us7000fu12,2021,6.4,mwb,251188643150959.25
us7000fu61,2021,6.0,mww,63095734448019.43
us7000fuxl,2021,5.5,mww,11220184543019.652
us7000fv37,2021,6.2,mww,125892541179417.14
us7000fv5p,2021,5.8,mww,31622776601683.793
us7000fvjp,2021,5.6,mww,15848931924611.11
us7000fvq5,2021,5.6,mww,15848931924611.11
us7000fvvz,2021,5.8,mww,31622776601683.793
us7000fwde,2021,5.5,mww,11220184543019.652
us7000fwms,2021,5.6,mwb,15848931924611.11
us7000fwzz,2021,6.1,mww,89125093813374.4
us7000fx45,2021,6.2,mww,125892541179417.14
us7000fx5p,2021,5.8,mww,31622776601683.793
us7000fx6f,2021,5.6,mww,15848931924611.11
us7000fxq2,2021,7.5,mww,1.1220184543019652e+16
us7000fxyq,2021,6.3,mww,177827941003892.28
us6000g7tw,2021,5.5,mww,11220184543019.652
us6000g7v8,2021,6.3,mww,177827941003892.28
us6000g8te,2021,6.1,mww,89125093813374.4
us6000g7w4,2021,5.8,mww,31622776601683.793
us6000g7wd,2021,5.5,mww,11220184543019.652
us6000g8md,2021,6.1,mww,89125093813374.4
us6000g8nd,2021,6.0,mww,63095734448019.43
us6000g8ne,2021,5.5,mww,11220184543019.652
us6000g90r,2021,5.7,mww,22387211385683.47
us6000g944,2021,6.0,mww,63095734448019.43
us6000g9bb,2021,5.6,mww,15848931924611.11
us6000g9d9,2021,5.5,mww,11220184543019.652
us6000g9e3,2021,5.6,mww,15848931924611.11
us6000g9zp,2021,5.6,mww,15848931924611.11
us6000ga3a,2021,5.8,mww,31622776601683.793
us6000ga8i,2021,5.5,mww,11220184543019.652
us6000ga8s,2021,5.5,mww,11220184543019.652
us6000ga9w,2021,5.8,mww,31622776601683.793
us6000gaag,2021,5.8,mww,31622776601683.793
us6000gadh,2021,5.5,mww,11220184543019.652
us6000gae3,2021,5.5,mww,11220184543019.652
us6000gaq5,2021,6.0,mww,63095734448019.43
us6000gau7,2021,5.7,mww,22387211385683.47
us6000gbfe,2021,5.7,mww,22387211385683.47
us6000gbls,2021,6.6,mww,501187233627271.44
us6000gbt6,2021,5.7,mww,22387211385683.47
us6000gbu7,2021,5.5,mww,11220184543019.652
us6000gc2a,2021,7.3,mww,5623413251903491.0
us6000gc3k,2021,5.5,mwr,11220184543019.652
us6000gcnj,2021,5.6,mww,15848931924611.11
us6000gcxa,2021,6.0,mww,63095734448019.43
us6000gd7w,2021,5.7,mww,22387211385683.47
us6000gdgn,2021,6.0,mww,63095734448019.43
us6000gdma,2021,6.2,mww,125892541179417.14
us6000gdng,2021,5.5,mww,11220184543019.652
us6000gdqc,2021,5.9,mww,44668359215096.53
nc73666231,2021,6.2,mw,125892541179417.14
ak021gbh4rso,2021,5.9,mww,44668359215096.53
us6000geea,2021,5.9,mww,44668359215096.53
us6000gepm,2021,6.0,mww,63095734448019.43
us6000gf1y,2021,5.7,mww,22387211385683.47
us6000gf7u,2021,5.6,mww,15848931924611.11
us6000gfd9,2021,5.9,mww,44668359215096.53
us6000gfgd,2021,6.1,mww,89125093813374.4
us6000gfhq,2021,5.6,mww,15848931924611.11
us6000gfli,2021,5.5,mww,11220184543019.652
us6000gg09,2021,5.6,mww,15848931924611.11
us6000gg0y,2021,5.7,mww,22387211385683.47
us7000g7lx,2021,7.3,mww,5623413251903491.0
us7000g7w5,2021,5.7,mww,22387211385683.47
us7000g7yh,2021,5.5,mww,11220184543019.652
us7000g8ak,2022,5.6,mww,15848931924611.11
us7000g8kq,2022,6.0,mww,63095734448019.43
us7000g8n3,2022,6.2,mww,125892541179417.14
us7000g8rm,2022,5.8,mww,31622776601683.793
us7000g8tz,2022,5.9,mww,44668359215096.53
us7000g8zf,2022,5.8,mww,31622776601683.793
us7000g90c,2022,6.0,mww,63095734448019.43
us7000g9el,2022,5.7,mww,22387211385683.47
us7000g9nb,2022,6.1,mww,89125093813374.4
us7000g9vi,2022,5.6,mww,15848931924611.11
us7000g9zq,2022,6.6,mww,501187233627271.44
us7000ga3i,2022,5.9,mww,44668359215096.53
us7000ga9y,2022,5.7,mww,22387211385683.47
us7000gaex,2022,5.5,mww,11220184543019.652
us7000gag3,2022,6.2,mww,125892541179417.14
us7000gai4,2022,5.6,mww,15848931924611.11
us7000gani,2022,5.7,mww,22387211385683.47
us7000gaq7,2022,5.8,mww,31622776601683.793
us7000gaqu,2022,6.6,mww,501187233627271.44
us7000gavu,2022,6.8,mww,1000000000000000.0
us7000gawk,2022,6.6,mww,501187233627271.44
us7000gawq,2022,5.8,mww,31622776601683.793
us7000gba7,2022,5.7,mww,22387211385683.47
us7000gbb7,2022,5.6,mww,15848931924611.11
us7000gbu4,2022,6.6,mww,501187233627271.44
us7000gcq8,2022,5.7,mww,22387211385683.47
us7000gcfq,2022,5.5,mww,11220184543019.652
us7000gcfv,2022,6.1,mww,89125093813374.4
us7000gdfw,2022,5.9,mww,44668359215096.53
us7000gdi6,2022,5.5,mww,11220184543019.652
us7000gdwz,2022,6.3,mww,177827941003892.28
us7000ge38,2022,6.0,mww,63095734448019.43
us7000ge5q,2022,6.2,mww,125892541179417.14
us7000gebb,2022,5.6,mww,15848931924611.11
us7000gery,2022,6.0,mww,63095734448019.43
us7000gfjs,2022,5.6,mww,15848931924611.11
us7000gfhb,2022,6.2,mww,125892541179417.14
us7000gfq8,2022,5.5,mww,11220184543019.652
us7000gfti,2022,6.0,mww,63095734448019.43
us7000gg3w,2022,6.5,mww,354813389233576.06
us7000gg4u,2022,5.8,mww,31622776601683.793
us7000ggdt,2022,5.6,mww,15848931924611.11
us7000ggkz,2022,5.7,mww,22387211385683.47
us7000gglh,2022,5.9,mww,44668359215096.53
us7000gh1g,2022,6.0,mww,63095734448019.43
us7000gh89,2022,5.6,mww,15848931924611.11
us7000gh9y,2022,5.5,mww,11220184543019.652
us7000ghcw,2022,5.5,mww,11220184543019.652
us7000ghm5,2022,6.5,mww,354813389233576.06
us7000gi25,2022,6.3,mww,177827941003892.28
us7000gi69,2022,5.8,mww,31622776601683.793
us7000gj2g,2022,6.2,mww,125892541179417.14
us7000gj4q,2022,5.6,mww,15848931924611.11
us7000gjme,2022,5.5,mww,11220184543019.652
us7000gjy1,2022,5.5,mww,11220184543019.652
us7000gkcm,2022,5.5,mww,11220184543019.652
us7000gkf7,2022,5.5,mww,11220184543019.652
us7000gkgx,2022,5.7,mww,22387211385683.47
us7000gklv,2022,6.0,mww,63095734448019.43
us7000gkvb,2022,5.7,mww,22387211385683.47
us7000gl7s,2022,5.5,mww,11220184543019.652
us7000gl8w,2022,6.2,mww,125892541179417.14
us7000glex,2022,6.8,mww,1000000000000000.0
us7000glk2,2022,5.6,mww,15848931924611.11
us7000gltf,2022,5.5,mww,11220184543019.652
us7000gm8t,2022,5.7,mww,22387211385683.47
us7000gmgl,2022,5.5,mww,11220184543019.652
us7000gmmb,2022,5.7,mww,22387211385683.47
us7000gmnq,2022,5.5,mww,11220184543019.652
us7000gmrx,2022,5.6,mww,15848931924611.11
us7000gmtt,2022,6.3,mww,177827941003892.28
us7000gmw3,2022,6.0,mww,63095734448019.43
us7000gmx3,2022,5.9,mww,44668359215096.53
us7000gn6g,2022,5.5,mww,11220184543019.652
us6000gzpf,2022,5.5,mww,11220184543019.652
us6000gzyg,2022,6.1,mww,89125093813374.4
us6000h06r,2022,5.8,mww,31622776601683.793
us6000h0lw,2022,5.7,mww,22387211385683.47
us6000h0qe,2022,5.6,mww,15848931924611.11
us6000h10h,2022,5.8,mww,31622776601683.793
us6000h1d2,2022,6.6,mww,501187233627271.44
us6000h1jt,2022,5.5,mww,11220184543019.652
us6000h1qa,2022,5.7,mww,22387211385683.47
us6000h27y,2022,5.7,mww,22387211385683.47
us6000h2an,2022,5.5,mww,11220184543019.652
us6000h2h0,2022,5.5,mww,11220184543019.652
us6000h2il,2022,5.5,mww,11220184543019.652
us6000h2l5,2022,6.0,mww,63095734448019.43
us6000h2nu,2022,6.1,mww,89125093813374.4
us6000h33h,2022,5.5,mww,11220184543019.652
us6000h48d,2022,6.4,mww,251188643150959.25
us6000h48e,2022,6.7,mww,707945784384140.2
us6000h49u,2022,5.6,mww,15848931924611.11
us6000h4z7,2022,5.5,mww,11220184543019.652
us6000h518,2022,6.0,mwb,63095734448019.43
us6000h519,2022,7.3,mww,5623413251903491.0
us6000h58x,2022,5.9,mww,44668359215096.53
us6000h5cy,2022,5.7,mww,22387211385683.47
us6000h5jz,2022,5.5,mww,11220184543019.652
us6000h5uk,2022,5.9,mww,44668359215096.53
us6000h62z,2022,6.3,mww,177827941003892.28
us6000h67z,2022,6.0,mww,63095734448019.43
us6000h6ba,2022,5.6,mww,15848931924611.11
us6000h6ne,2022,6.7,mww,707945784384140.2
us6000h6nr,2022,6.7,mww,707945784384140.2
us6000h6s3,2022,5.5,mwr,11220184543019.652
us6000h6sl,2022,5.8,mww,31622776601683.793
us7000gwpw,2022,6.0,mww,63095734448019.43
us7000gx8m,2022,5.7,mww,22387211385683.47
us7000gxkt,2022,5.8,mww,31622776601683.793
us7000gxlu,2022,5.8,mww,31622776601683.793
us7000gy5q,2022,5.5,mww,11220184543019.652
us7000gyj0,2022,6.9,mww,1412537544622761.2
us7000gyln,2022,5.7,mww,22387211385683.47
us7000gymk,2022,7.0,mww,1995262314968882.8
us7000gymw,2022,5.6,mww,15848931924611.11
us7000gysz,2022,6.4,mww,251188643150959.25
us7000gyza,2022,5.5,mww,11220184543019.652
us7000gzl3,2022,5.6,mww,15848931924611.11
us7000gz5q,2022,5.6,mww,15848931924611.11
us7000gz79,2022,5.5,mww,11220184543019.652
us7000gz8x,2022,5.6,mww,15848931924611.11
us7000gzcf,2022,5.6,mww,15848931924611.11
usd000h551,2022,6.0,mww,63095734448019.43
us7000gzq8,2022,5.9,mww,44668359215096.53
us7000gzyq,2022,5.7,mww,22387211385683.47
us7000h035,2022,5.5,mww,11220184543019.652
us7000h05d,2022,5.5,mww,11220184543019.652
us7000h0jz,2022,5.7,mww,22387211385683.47
us7000h0x2,2022,5.8,mww,31622776601683.793
us7000h0x9,2022,5.7,mww,22387211385683.47
us7000h0yj,2022,6.3,mww,177827941003892.28
us7000h1bs,2022,5.5,mww,11220184543019.652
us7000h1lc,2022,5.6,mww,15848931924611.11
us7000h1lv,2022,6.1,mww,89125093813374.4
us7000h23k,2022,5.5,mww,11220184543019.652
us7000h2u9,2022,6.1,mww,89125093813374.4
us7000h36n,2022,5.5,mww,11220184543019.652
us7000h373,2022,6.1,mww,89125093813374.4
us7000h393,2022,5.9,mww,44668359215096.53
us7000h3h9,2022,5.9,mww,44668359215096.53
us7000h3ix,2022,5.5,mww,11220184543019.652
us7000h3j0,2022,5.7,mww,22387211385683.47
us6000hf2z,2022,5.8,mww,31622776601683.793
us6000hf49,2022,6.0,mww,63095734448019.43
us6000hf6u,2022,5.5,mww,11220184543019.652
us6000hf72,2022,5.5,mww,11220184543019.652
us6000hf75,2022,6.6,mww,501187233627271.44
us6000hfqj,2022,5.7,mww,22387211385683.47
us6000hfyj,2022,5.6,mww,15848931924611.11
us7000h5mc,2022,6.1,mww,89125093813374.4
us7000h5t8,2022,5.6,mww,15848931924611.11
us7000h67f,2022,5.5,mww,11220184543019.652
us7000h69c,2022,5.5,mww,11220184543019.652
us7000h6b8,2022,5.6,mww,15848931924611.11
us7000h74t,2022,5.6,mww,15848931924611.11
us7000h781,2022,6.0,mww,63095734448019.43
us7000h7da,2022,5.6,mww,15848931924611.11
us7000h7s7,2022,5.5,mww,11220184543019.652
us7000h7t6,2022,5.6,mww,15848931924611.11
us7000h803,2022,5.6,mww,15848931924611.11
us7000h82f,2022,6.2,mww,125892541179417.14
us7000h85r,2022,5.7,mww,22387211385683.47
us7000h87i,2022,6.3,mww,177827941003892.28
us7000h8bc,2022,5.8,mww,31622776601683.793
us7000h8g3,2022,6.8,mww,1000000000000000.0
us6000hkrd,2022,5.5,mww,11220184543019.652
us6000hlak,2022,5.5,mww,11220184543019.652
us6000hljt,2022,5.8,mww,31622776601683.793
us6000hlnb,2022,5.5,mww,11220184543019.652
us6000hlq7,2022,5.5,mww,11220184543019.652
us6000hlry,2022,5.5,mww,11220184543019.652
us6000hlxg,2022,5.6,mww,15848931924611.11
us6000hlxv,2022,5.7,mww,22387211385683.47
us6000hm6e,2022,5.7,mww,22387211385683.47
us6000hm95,2022,5.8,mww,31622776601683.793
us6000hm9j,2022,6.9,mww,1412537544622761.2
us6000hmkd,2022,5.7,mww,22387211385683.47
us6000hmld,2022,5.5,mww,11220184543019.652
us6000hmv1,2022,5.8,mww,31622776601683.793
us6000hmz8,2022,6.1,mww,89125093813374.4
us6000hn1e,2022,6.3,mww,177827941003892.28
us6000hn4d,2022,6.0,mww,63095734448019.43
us6000hn6m,2022,5.5,mww,11220184543019.652
us6000hn9m,2022,5.5,mww,11220184543019.652
us7000hc03,2022,5.6,mww,15848931924611.11
us7000hc71,2022,5.5,mww,11220184543019.652
us7000hcir,2022,5.5,mww,11220184543019.652
us7000hcmn,2022,7.2,mww,3981071705534985.5
us7000hcqw,2022,6.6,mww,501187233627271.44
us7000hct4,2022,6.2,mww,125892541179417.14
us7000hcw4,2022,5.5,mww,11220184543019.652
us7000hcwg,2022,6.2,mww,125892541179417.14
us7000hda6,2022,5.6,mww,15848931924611.11
us7000hdaa,2022,5.5,mww,11220184543019.652
us7000hdae,2022,5.6,mww,15848931924611.11
us7000he1h,2022,5.8,mww,31622776601683.793
us7000hebv,2022,5.5,mww,11220184543019.652
us7000hefw,2022,5.5,mww,11220184543019.652
us7000heku,2022,5.6,mww,15848931924611.11
us7000heu8,2022,5.6,mww,15848931924611.11
us7000hexp,2022,6.3,mww,177827941003892.28
us7000hexr,2022,6.4,mww,251188643150959.25
us7000hf1u,2022,6.3,mww,177827941003892.28
us7000hfjt,2022,5.6,mww,15848931924611.11
us7000hfrj,2022,6.5,mww,354813389233576.06
us7000hfu0,2022,5.8,mww,31622776601683.793
us7000hg8b,2022,5.6,mww,15848931924611.11
us7000hg9p,2022,5.9,mww,44668359215096.53
us7000hgm3,2022,5.6,mww,15848931924611.11
us7000hgp6,2022,5.6,mww,15848931924611.11
us7000hh98,2022,5.6,mww,15848931924611.11
us7000hhhc,2022,5.5,mww,11220184543019.652
us7000hhik,2022,5.6,mww,15848931924611.11
us7000hiil,2022,5.5,mww,11220184543019.652
us7000him8,2022,5.9,mww,44668359215096.53
us7000hixl,2022,5.9,mww,44668359215096.53
us7000hj3u,2022,6.0,mww,63095734448019.43
us7000hj75,2022,5.6,mww,15848931924611.11
us7000hjgi,2022,5.5,mww,11220184543019.652
us7000hjsm,2022,5.8,mww,31622776601683.793
us7000hjsv,2022,5.6,mww,15848931924611.11
us7000hjvj,2022,5.7,mww,22387211385683.47
us7000hk3w,2022,5.6,mww,15848931924611.11
us7000hk9n,2022,5.7,mww,22387211385683.47
us6000hywe,2022,6.0,mww,63095734448019.43
us6000hz8x,2022,6.0,mww,63095734448019.43
us6000hz9p,2022,5.7,mwb,22387211385683.47
us6000hz9v,2022,6.0,mwb,63095734448019.43
us6000hzas,2022,5.9,mww,44668359215096.53
us6000i09s,2022,5.5,mww,11220184543019.652
us6000i126,2022,5.8,mww,31622776601683.793
us6000i12c,2022,5.9,mww,44668359215096.53
us6000i1gc,2022,5.7,mww,22387211385683.47
us6000i1ml,2022,5.7,mww,22387211385683.47
us6000i1ms,2022,6.0,mww,63095734448019.43
us6000i1nd,2022,5.6,mww,15848931924611.11
us6000i1pn,2022,5.8,mww,31622776601683.793
us6000i1q3,2022,5.7,mww,22387211385683.47
us6000i1wg,2022,6.8,mww,1000000000000000.0
us6000i1xv,2022,5.6,mww,15848931924611.11
us6000i1yw,2022,5.5,mww,11220184543019.652
us6000i2fn,2022,5.8,mww,31622776601683.793
us6000i2j3,2022,5.7,mww,22387211385683.47
us6000i2v0,2022,6.4,mww,251188643150959.25
us6000i3bs,2022,5.6,mww,15848931924611.11
us6000i3hy,2022,5.9,mww,44668359215096.53
us7000hsg4,2022,5.9,mww,44668359215096.53
us7000hsmm,2022,5.5,mww,11220184543019.652
us7000hszl,2022,5.6,mww,15848931924611.11
us7000htbb,2022,5.7,mww,22387211385683.47
us6000i5rd,2022,7.0,mww,1995262314968882.8
us6000i5va,2022,5.6,mww,15848931924611.11
us6000i5y9,2022,5.7,mww,22387211385683.47
us6000i5yp,2022,5.5,mww,11220184543019.652
us6000i5zi,2022,6.2,mww,125892541179417.14
us6000i636,2022,6.1,mww,89125093813374.4
us6000i693,2022,5.8,mww,31622776601683.793
us6000i6g9,2022,5.5,mww,11220184543019.652
us6000i6pa,2022,5.6,mww,15848931924611.11
us6000i6yz,2022,5.6,mww,15848931924611.11
us6000i7d8,2022,5.5,mww,11220184543019.652
us6000i7k8,2022,5.6,mww,15848931924611.11
us6000i7xr,2022,5.7,mww,22387211385683.47
us6000i89c,2022,5.8,mww,31622776601683.793
us6000i8vz,2022,5.9,mww,44668359215096.53
us6000i904,2022,5.6,mww,15848931924611.11
us6000i9br,2022,5.7,mww,22387211385683.47
us6000i9cd,2022,5.6,mww,15848931924611.11
us6000iag5,2022,5.8,mww,31622776601683.793
us6000iaik,2022,5.7,mww,22387211385683.47
us6000iakp,2022,5.9,mww,44668359215096.53
us6000iamw,2022,5.7,mww,22387211385683.47
us6000ianq,2022,5.8,mww,31622776601683.793
us6000iaqi,2022,5.7,mww,22387211385683.47
us6000iasi,2022,6.6,mww,501187233627271.44
us6000iav7,2022,6.4,mww,251188643150959.25
us6000ib8t,2022,5.5,mww,11220184543019.652
us6000ibi3,2022,5.6,mww,15848931924611.11
us6000ibju,2022,5.5,mww,11220184543019.652
us6000ibtm,2022,5.5,mww,11220184543019.652
us6000ic29,2022,5.5,mww,11220184543019.652
us6000icif,2022,5.5,mww,11220184543019.652
us6000id0t,2022,6.2,mww,125892541179417.14
us7000i1ui,2022,5.9,mww,44668359215096.53
us7000i35t,2022,5.6,mww,15848931924611.11
us7000i37c,2022,5.7,mww,22387211385683.47
us7000i38s,2022,6.2,mww,125892541179417.14
us7000i3c8,2022,5.5,mww,11220184543019.652
us7000i3cd,2022,5.7,mww,22387211385683.47
us7000i3gq,2022,5.7,mww,22387211385683.47
us7000i3mn,2022,5.5,mww,11220184543019.652
us7000i3mp,2022,6.3,mww,177827941003892.28
us7000i4st,2022,6.1,mww,89125093813374.4
us7000i53f,2022,6.9,mww,1412537544622761.2
us7000i585,2022,6.2,mww,125892541179417.14
us7000i59t,2022,6.6,mww,501187233627271.44
us7000i5kw,2022,5.9,mww,44668359215096.53
us7000i5my,2022,5.7,mww,22387211385683.47
us7000i5xu,2022,5.9,mww,44668359215096.53
us6000ii2v,2022,5.5,mww,11220184543019.652
us6000iika,2022,6.2,mww,125892541179417.14
us6000iikc,2022,5.9,mww,44668359215096.53
us6000iikp,2022,6.2,mww,125892541179417.14
us6000iisb,2022,6.0,mww,63095734448019.43
us6000iitd,2022,7.6,mww,1.5848931924611108e+16
us7000i7b8,2022,5.7,mww,22387211385683.47
us7000i7uj,2022,5.8,mww,31622776601683.793
us7000i7ya,2022,7.0,mww,1995262314968882.8
us7000i8pw,2022,5.5,mww,11220184543019.652
us7000i8ui,2022,6.5,mww,354813389233576.06
us7000i8v9,2022,5.5,mww,11220184543019.652
us7000i903,2022,5.6,mww,15848931924611.11
us7000i90q,2022,6.9,mww,1412537544622761.2
us7000i91n,2022,5.7,mww,22387211385683.47
us7000i928,2022,5.9,mww,44668359215096.53
us7000i929,2022,5.7,mww,22387211385683.47
us7000i96l,2022,5.5,mww,11220184543019.652
us7000i9bi,2022,5.9,mww,44668359215096.53
us7000i9bw,2022,7.6,mww,1.5848931924611108e+16
us7000i9hm,2022,5.8,mww,31622776601683.793
us7000i9l5,2022,6.0,mww,63095734448019.43
us7000i9uu,2022,5.7,mww,22387211385683.47
us7000ia36,2022,6.8,mww,1000000000000000.0
us7000iaka,2022,6.2,mww,125892541179417.14
us7000iam0,2022,6.1,mww,89125093813374.4
us7000ib26,2022,5.8,mww,31622776601683.793
us6000ip3f,2022,5.5,mww,11220184543019.652
us6000ip57,2022,6.5,mww,354813389233576.06
us6000ipdh,2022,5.8,mww,31622776601683.793
us6000ipft,2022,5.6,mww,15848931924611.11
us6000ipga,2022,5.7,mww,22387211385683.47
us6000ipri,2022,5.9,mww,44668359215096.53
us6000ipva,2022,6.0,mww,63095734448019.43
us6000iq08,2022,5.7,mww,22387211385683.47
us6000iq0y,2022,5.5,mww,11220184543019.652
us6000iq5f,2022,5.7,mww,22387211385683.47
us6000iq75,2022,5.7,mww,22387211385683.47
us6000iq9e,2022,5.7,mww,22387211385683.47
us6000iqx6,2022,5.6,mww,15848931924611.11
us6000ir0b,2022,5.8,mww,31622776601683.793
us6000irs7,2022,5.5,mww,11220184543019.652
us6000is3u,2022,5.7,mww,22387211385683.47
us6000isau,2022,6.2,mww,125892541179417.14
us6000isjn,2022,5.5,mww,11220184543019.652
us6000itgv,2022,6.4,mww,251188643150959.25
us6000iu4b,2022,6.3,mww,177827941003892.28
us6000iust,2022,5.5,mww,11220184543019.652
us6000iuvx,2022,5.8,mww,31622776601683.793
us6000iv6c,2022,6.7,mww,707945784384140.2
us6000iw1e,2022,5.7,mww,22387211385683.47
us6000iw74,2022,6.3,mww,177827941003892.28
us6000iwds,2022,6.4,mww,251188643150959.25
us7000ikut,2022,5.5,mww,11220184543019.652
us7000il1g,2022,5.9,mww,44668359215096.53
us7000il35,2022,5.8,mww,31622776601683.793
us7000ilfn,2022,5.8,mww,31622776601683.793
us7000ilgs,2022,5.6,mww,15848931924611.11
us7000ilkv,2022,5.5,mww,11220184543019.652
us7000ilwt,2022,6.0,mww,63095734448019.43
us7000ilyk,2022,6.1,mww,89125093813374.4
us7000imax,2022,5.5,mww,11220184543019.652
us7000imeu,2022,5.7,mww,22387211385683.47
us7000imgl,2022,6.1,mww,89125093813374.4
us7000imsg,2022,5.6,mww,15848931924611.11
us7000incn,2022,5.7,mww,22387211385683.47
us7000infp,2022,5.6,mww,15848931924611.11
us7000ingh,2022,6.8,mww,1000000000000000.0
us7000ingi,2022,7.0,mwb,1995262314968882.8
us7000inht,2022,6.6,mww,501187233627271.44
us7000inqd,2022,5.5,mww,11220184543019.652
us7000ip0l,2022,7.3,mww,5623413251903491.0
us7000ip7p,2022,5.8,mww,31622776601683.793
us7000ip8h,2022,7.0,mww,1995262314968882.8
us7000ipe2,2022,5.7,mwr,22387211385683.47
us7000ipe4,2022,6.2,mww,125892541179417.14
us7000ipkb,2022,6.1,mww,89125093813374.4
us7000ipkm,2022,6.1,mww,89125093813374.4
us7000ipm8,2022,5.6,mwb,15848931924611.11
us7000iq2d,2022,5.5,mww,11220184543019.652
us7000iq83,2022,5.8,mww,31622776601683.793
us7000iqdn,2022,5.5,mww,11220184543019.652
us7000iqpn,2022,6.9,mww,1412537544622761.2
us7000iqvt,2022,5.5,mww,11220184543019.652
us7000ir86,2022,5.5,mww,11220184543019.652
us7000ir9t,2022,5.6,mww,15848931924611.11
us7000irbb,2022,5.5,mww,11220184543019.652
us7000irfb,2022,7.0,mww,1995262314968882.8
us7000irfm,2022,6.0,mww,63095734448019.43
us7000irjd,2022,6.2,mww,125892541179417.14
us7000irp8,2022,6.1,mww,89125093813374.4
us7000isb7,2022,5.7,mww,22387211385683.47
us7000ishx,2022,5.6,mww,15848931924611.11
us7000isn8,2022,5.5,mwb,11220184543019.652
us7000isrh,2022,5.5,mww,11220184543019.652
us7000isuh,2022,5.9,mww,44668359215096.53
us7000itb1,2022,5.5,mww,11220184543019.652
us6000j5mn,2022,5.5,mww,11220184543019.652
us6000j5sn,2022,5.7,mww,22387211385683.47
us6000j6a9,2022,5.6,mww,15848931924611.11
us6000j6k5,2022,5.6,mww,15848931924611.11
us6000j6u0,2022,5.5,mww,11220184543019.652
us6000j6w5,2022,5.5,mww,11220184543019.652
us6000j6w8,2022,6.8,mww,1000000000000000.0
us6000j6zd,2022,5.8,mww,31622776601683.793
us6000j71p,2022,5.6,mww,15848931924611.11
us6000j73r,2022,5.5,mww,11220184543019.652
us6000j77j,2022,5.5,mww,11220184543019.652
us6000j77l,2022,5.9,mww,44668359215096.53
us6000j7at,2022,5.5,mww,11220184543019.652
us6000j7r0,2022,5.8,mww,31622776601683.793
us6000j7uj,2022,5.5,mww,11220184543019.652
us6000j7vj,2022,5.5,mww,11220184543019.652
us6000j7wg,2022,5.6,mww,15848931924611.11
us6000j83l,2022,5.8,mww,31622776601683.793
us6000j88f,2022,5.6,mww,15848931924611.11
us6000j8cw,2022,5.6,mww,15848931924611.11
us6000j8jd,2022,5.6,mww,15848931924611.11
us6000j8lp,2022,6.0,mww,63095734448019.43
us6000j8u8,2022,5.5,mww,11220184543019.652
us6000j901,2022,5.6,mww,15848931924611.11
us6000j957,2022,5.6,mww,15848931924611.11
us6000j985,2022,6.3,mww,177827941003892.28
us6000j9by,2022,5.9,mww,44668359215096.53
us6000j9es,2022,5.6,mww,15848931924611.11
us6000ja1a,2022,5.6,mww,15848931924611.11
nc73821036,2022,6.4,mw,251188643150959.25
us6000jall,2022,5.6,mww,15848931924611.11
us6000jb2a,2022,5.5,mww,11220184543019.652
us6000jb9k,2022,5.8,mww,31622776601683.793
us6000jbf0,2022,5.5,mww,11220184543019.652
us6000jbqu,2022,5.5,mww,11220184543019.652
us6000jbsk,2022,5.5,mww,11220184543019.652
us6000jbvz,2022,5.5,mww,11220184543019.652
us7000j0n4,2022,6.1,mww,89125093813374.4
us7000j1g5,2023,5.5,mww,11220184543019.652
us7000j1u6,2023,5.8,mww,31622776601683.793
us7000j1tt,2023,5.5,mww,11220184543019.652
us7000j1u9,2023,5.6,mww,15848931924611.11
us7000j1w3,2023,5.5,mww,11220184543019.652
us7000j2b9,2023,6.0,mww,63095734448019.43
us7000j2ig,2023,5.9,mww,44668359215096.53
us7000j2yw,2023,7.0,mww,1995262314968882.8
us7000j36j,2023,7.6,mww,1.5848931924611108e+16
us7000j3cb,2023,5.7,mww,22387211385683.47
us7000j3ky,2023,5.8,mww,31622776601683.793
us7000j3mj,2023,5.6,mww,15848931924611.11
us7000j3nm,2023,5.8,mww,31622776601683.793
us7000j3ty,2023,5.5,mww,11220184543019.652
us7000j3xh,2023,5.5,mww,11220184543019.652
us7000j4ij,2023,5.6,mww,15848931924611.11
us7000j4kr,2023,6.1,mww,89125093813374.4
us7000j4mj,2023,6.3,mww,177827941003892.28
us7000j511,2023,6.0,mww,63095734448019.43
us7000j553,2023,7.0,mwc,1995262314968882.8
us7000j56z,2023,5.7,mww,22387211385683.47
us7000j5sc,2023,6.1,mww,89125093813374.4
us7000j5x2,2023,6.8,mww,1000000000000000.0
us7000j644,2023,5.7,mww,22387211385683.47
us6000jirz,2023,5.5,mww,11220184543019.652
us6000jitq,2023,5.8,mww,31622776601683.793
us6000jiyj,2023,6.4,mww,251188643150959.25
us6000jj5k,2023,5.9,mww,44668359215096.53
us6000jjbj,2023,5.7,mww,22387211385683.47
us6000jjcy,2023,6.0,mww,63095734448019.43
us6000jk0t,2023,5.9,mww,44668359215096.53
us6000jk82,2023,5.7,mww,22387211385683.47
us6000jkpr,2023,6.0,mww,63095734448019.43
us6000jlds,2023,5.8,mww,31622776601683.793
us6000jlh9,2023,5.8,mww,31622776601683.793
us6000jlhg,2023,5.5,mww,11220184543019.652
us6000jllz,2023,7.8,mww,3.162277660168379e+16
us6000jlm1,2023,6.7,mww,707945784384140.2
us6000jlqa,2023,7.5,mww,1.1220184543019652e+16
us6000jm5e,2023,5.5,mww,11220184543019.652
us6000jmhm,2023,5.5,mww,11220184543019.652
us6000jmq0,2023,5.5,mww,11220184543019.652
us6000jmvc,2023,5.5,mww,11220184543019.652
us6000jn9h,2023,5.9,mww,44668359215096.53
us6000jnb3,2023,5.6,mww,15848931924611.11
us6000jnk5,2023,6.1,mww,89125093813374.4
us6000jnqz,2023,5.6,mww,15848931924611.11
us6000jp1g,2023,5.7,mww,22387211385683.47
us6000jp76,2023,6.1,mww,89125093813374.4
us6000jpb1,2023,5.6,mww,15848931924611.11
us6000jpl7,2023,6.1,mww,89125093813374.4
us6000jpzj,2023,5.7,mww,22387211385683.47
us6000jqcn,2023,6.3,mww,177827941003892.28
us6000jqrr,2023,5.6,mww,15848931924611.11
us6000jqxc,2023,6.9,mww,1412537544622761.2
us6000jqzy,2023,5.5,mww,11220184543019.652
us6000jr32,2023,6.3,mww,177827941003892.28
us6000jrjl,2023,6.0,mww,63095734448019.43
us6000jrlp,2023,6.2,mww,125892541179417.14
us6000jrtm,2023,5.5,mww,11220184543019.652
us6000jrvn,2023,5.6,mww,15848931924611.11
us7000jgfd,2023,6.6,mww,501187233627271.44
us7000jgmu,2023,5.5,mww,11220184543019.652
us7000jgr1,2023,5.7,mww,22387211385683.47
usd000j5jt,2023,6.5,mww,354813389233576.06
us7000jgzb,2023,5.9,mww,44668359215096.53
us7000jh99,2023,6.9,mww,1412537544622761.2
us7000jhir,2023,5.8,mww,31622776601683.793
us7000jhqt,2023,5.8,mww,31622776601683.793
us7000jhtd,2023,5.9,mww,44668359215096.53
us7000jhuv,2023,5.6,mww,15848931924611.11
us7000jhw8,2023,5.9,mww,44668359215096.53
us7000ji2e,2023,5.6,mww,15848931924611.11
us7000ji38,2023,5.8,mww,31622776601683.793
us7000jj4s,2023,5.5,mww,11220184543019.652
us7000jjax,2023,5.6,mww,15848931924611.11
us7000jjp7,2023,6.3,mww,177827941003892.28
us7000jju1,2023,5.5,mww,11220184543019.652
us7000jjwt,2023,5.5,mww,11220184543019.652
us7000jkbd,2023,7.0,mww,1995262314968882.8
us7000jl3s,2023,6.8,mww,1000000000000000.0
us7000jlkb,2023,5.5,mww,11220184543019.652
us7000jln7,2023,6.5,mww,354813389233576.06
us7000jlpd,2023,5.6,mww,15848931924611.11
us7000jltc,2023,5.5,mww,11220184543019.652
us7000jlw8,2023,5.6,mww,15848931924611.11
us7000jlxu,2023,6.4,mww,251188643150959.25
us7000jm0r,2023,5.8,mww,31622776601683.793
us7000jm20,2023,5.6,mww,15848931924611.11
us7000jm28,2023,5.7,mww,22387211385683.47
us7000jmbi,2023,5.6,mww,15848931924611.11
us7000jme4,2023,5.7,mww,22387211385683.47
us7000jmy4,2023,5.5,mww,11220184543019.652
us6000k05c,2023,6.2,mww,125892541179417.14
us6000k09q,2023,6.0,mww,63095734448019.43
us6000k0xf,2023,6.3,mww,177827941003892.28
us6000k18y,2023,5.6,mww,15848931924611.11
us6000k1gl,2023,5.6,mww,15848931924611.11
us6000k1id,2023,7.0,mww,1995262314968882.8
us6000k1mn,2023,6.5,mww,354813389233576.06
us6000k1qa,2023,6.1,mww,89125093813374.4
us6000k1tw,2023,5.5,mww,11220184543019.652
us6000k1u1,2023,5.5,mww,11220184543019.652
us6000k1x2,2023,6.2,mww,125892541179417.14
us6000k1zt,2023,5.9,mww,44668359215096.53
us6000k20g,2023,6.3,mww,177827941003892.28
us6000k2kk,2023,5.8,mww,31622776601683.793
us6000k2zy,2023,5.5,mww,11220184543019.652
us6000k314,2023,5.7,mww,22387211385683.47
us6000k34x,2023,5.7,mww,22387211385683.47
us6000k35r,2023,5.8,mww,31622776601683.793
us6000k376,2023,5.8,mww,31622776601683.793
us6000k3hc,2023,5.6,mww,15848931924611.11
us6000k42y,2023,6.0,mww,63095734448019.43
us6000k49j,2023,7.0,mww,1995262314968882.8
us6000k4pd,2023,5.9,mww,44668359215096.53
us6000k4pf,2023,5.5,mww,11220184543019.652
us6000k57x,2023,5.6,mww,15848931924611.11
us6000k587,2023,6.7,mww,707945784384140.2
us6000k5gu,2023,6.3,mww,177827941003892.28
us6000k5z0,2023,5.7,mww,22387211385683.47
us6000k60j,2023,5.9,mww,44668359215096.53
us6000k67y,2023,5.5,mww,11220184543019.652
us6000k6ai,2023,6.2,mww,125892541179417.14
us6000k6c4,2023,5.5,mww,11220184543019.652
us6000k6e7,2023,5.5,mww,11220184543019.652
us6000k6eh,2023,5.8,mww,31622776601683.793
us6000k6fs,2023,5.7,mww,22387211385683.47
us6000k6mg,2023,7.1,mww,2818382931264449.0
us7000jvl3,2023,7.1,mww,2818382931264449.0
us7000jvrn,2023,5.6,mww,15848931924611.11
us7000jvwy,2023,5.7,mww,22387211385683.47
us7000jwfx,2023,5.7,mww,22387211385683.47
us7000jwhe,2023,6.6,mww,501187233627271.44
us7000jwi2,2023,5.5,mww,11220184543019.652
us7000jwiw,2023,5.6,mww,15848931924611.11
us7000jwl9,2023,5.7,mww,22387211385683.47
us7000jws2,2023,5.5,mww,11220184543019.652
us7000jxag,2023,5.9,mww,44668359215096.53
us7000jxbu,2023,5.6,mww,15848931924611.11
us7000jxhx,2023,5.5,mww,11220184543019.652
us7000jxk7,2023,5.5,mww,11220184543019.652
us6000k9mb,2023,6.2,mww,125892541179417.14
us6000k9qv,2023,5.6,mww,15848931924611.11
us6000k9rh,2023,5.6,mwb,15848931924611.11
us6000k9ue,2023,5.9,mww,44668359215096.53
us6000kabr,2023,5.9,mww,44668359215096.53
us6000kawn,2023,7.6,mww,1.5848931924611108e+16
us6000kb3g,2023,5.8,mww,31622776601683.793
us6000kbcl,2023,5.5,mww,11220184543019.652
us6000kbtf,2023,5.8,mww,31622776601683.793
us6000kbtz,2023,5.6,mww,15848931924611.11
us6000kcnb,2023,6.4,mww,251188643150959.25
us6000kd0n,2023,7.7,mww,2.2387211385683468e+16
us6000kd6s,2023,5.8,mww,31622776601683.793
us6000kdce,2023,7.1,mww,2818382931264449.0
us6000kdcu,2023,6.5,mww,354813389233576.06
us6000kdk8,2023,5.7,mww,22387211385683.47
us6000kdmq,2023,6.8,mww,1000000000000000.0
us6000kdnw,2023,6.1,mww,89125093813374.4
nc73890906,2023,5.58,mw,14791083881682.133
us6000kdrq,2023,5.5,mww,11220184543019.652
us7000k36n,2023,6.1,mww,89125093813374.4
us7000k3fh,2023,5.5,mww,11220184543019.652
us7000k3h5,2023,6.2,mww,125892541179417.14
us7000k3n3,2023,6.5,mww,354813389233576.06
us7000k3ps,2023,5.5,mww,11220184543019.652
us7000k46f,2023,6.1,mww,89125093813374.4
us7000k4cr,2023,6.0,mww,63095734448019.43
us7000k4dc,2023,6.0,mww,63095734448019.43
us7000k4gs,2023,5.5,mww,11220184543019.652
us7000k4jy,2023,5.6,mww,15848931924611.11
us7000k4ug,2023,5.5,mww,11220184543019.652
us7000k4w1,2023,5.8,mww,31622776601683.793
us7000k51s,2023,5.5,mww,11220184543019.652
us7000k54z,2023,6.3,mww,177827941003892.28
us7000k58h,2023,5.9,mww,44668359215096.53
us7000k58z,2023,5.5,mww,11220184543019.652
us7000k61e,2023,5.8,mww,31622776601683.793
us7000k62h,2023,5.6,mww,15848931924611.11
us7000k63p,2023,5.5,mww,11220184543019.652
us7000k6bx,2023,5.8,mww,31622776601683.793
us7000k6xu,2023,5.6,mww,15848931924611.11
us7000k73m,2023,5.7,mww,22387211385683.47
us7000k782,2023,5.7,mww,22387211385683.47
us7000k7id,2023,5.7,mww,22387211385683.47
us7000k7iz,2023,5.9,mww,44668359215096.53
us7000k7m3,2023,5.7,mww,22387211385683.47
us7000k7su,2023,6.2,mww,125892541179417.14
us7000k7u0,2023,5.8,mww,31622776601683.793
us7000k8gg,2023,5.5,mww,11220184543019.652
us7000k8jz,2023,6.2,mww,125892541179417.14
us7000k8qh,2023,7.2,mww,3981071705534985.5
us7000k8vq,2023,6.0,mww,63095734448019.43
us7000k8we,2023,5.8,mww,31622776601683.793
us7000k91w,2023,6.2,mww,125892541179417.14
us7000k92j,2023,5.5,mww,11220184543019.652
us7000k94b,2023,5.6,mww,15848931924611.11
us7000k96f,2023,5.5,mww,11220184543019.652
us7000k96l,2023,6.1,mww,89125093813374.4
us7000k96n,2023,5.6,mww,15848931924611.11
us7000k98q,2023,5.7,mww,22387211385683.47
us7000k9d8,2023,5.7,mww,22387211385683.47
us7000k9dk,2023,5.9,mww,44668359215096.53
us7000k9f0,2023,6.4,mww,251188643150959.25
us7000k9fi,2023,6.0,mww,63095734448019.43
us7000k9he,2023,5.6,mww,15848931924611.11
us7000k9jv,2023,6.2,mww,125892541179417.14
us7000k9ti,2023,5.5,mww,11220184543019.652
us7000k9xm,2023,5.7,mww,22387211385683.47
us7000ka0y,2023,5.5,mww,11220184543019.652
us7000kane,2023,5.6,mww,15848931924611.11
us7000kaqm,2023,5.6,mww,15848931924611.11
us7000kar4,2023,5.6,mww,15848931924611.11
us7000kayb,2023,6.2,mww,125892541179417.14
us6000knj0,2023,5.8,mww,31622776601683.793
us6000knjz,2023,5.5,mww,11220184543019.652
us6000kp2e,2023,5.9,mww,44668359215096.53
us6000kpdw,2023,5.9,mww,44668359215096.53
us6000kpjk,2023,5.6,mww,15848931924611.11
us6000kpls,2023,6.9,mww,1412537544622761.2
us6000kpxx,2023,5.7,mww,22387211385683.47
us6000kq0u,2023,5.9,mww,44668359215096.53
us6000kqca,2023,5.8,mww,31622776601683.793
us6000kqez,2023,5.9,mww,44668359215096.53
us6000kr0e,2023,5.6,mww,15848931924611.11
us6000kr16,2023,5.5,mww,11220184543019.652
us6000kr5g,2023,5.7,mww,22387211385683.47
us7000keq3,2023,6.6,mww,501187233627271.44
us7000kequ,2023,5.6,mww,15848931924611.11
us7000kfnc,2023,6.3,mww,177827941003892.28
us7000kg30,2023,7.2,mww,3981071705534985.5
us7000kg9g,2023,6.6,mww,501187233627271.44
us7000kga2,2023,5.6,mww,15848931924611.11
us7000kgje,2023,5.6,mww,15848931924611.11
us7000kgpb,2023,6.5,mww,354813389233576.06
us7000khgr,2023,5.7,mww,22387211385683.47
us7000khw8,2023,6.0,mww,63095734448019.43
us7000ki3q,2023,5.6,mww,15848931924611.11
us7000ki5u,2023,5.5,mww,11220184543019.652
us7000ki6k,2023,5.6,mww,15848931924611.11
us6000kvmq,2023,6.4,mww,251188643150959.25
us6000kvtk,2023,5.5,mww,11220184543019.652
us6000kw2w,2023,5.5,mww,11220184543019.652
us6000kw3z,2023,5.9,mww,44668359215096.53
us6000kwam,2023,5.9,mww,44668359215096.53
us6000kwl6,2023,5.7,mww,22387211385683.47
us6000kx37,2023,5.7,mww,22387211385683.47
us6000kx3e,2023,5.6,mww,15848931924611.11
us6000kx7w,2023,5.8,mww,31622776601683.793
us6000kxfl,2023,5.9,mww,44668359215096.53
us6000kxme,2023,5.6,mww,15848931924611.11
us6000kxp7,2023,5.5,mww,11220184543019.652
us6000kxs1,2023,5.6,mww,15848931924611.11
us6000ky1y,2023,6.2,mww,125892541179417.14
us6000ky4d,2023,5.8,mww,31622776601683.793
us6000ky7n,2023,5.5,mww,11220184543019.652
us6000kya4,2023,5.7,mww,22387211385683.47
us6000kyb4,2023,5.5,mww,11220184543019.652
us6000kyj5,2023,5.6,mww,15848931924611.11
us6000kynh,2023,5.5,mww,11220184543019.652
us6000kyph,2023,6.1,mww,89125093813374.4
us6000kytu,2023,5.7,mww,22387211385683.47
us6000kyty,2023,5.8,mww,31622776601683.793
us6000kz5s,2023,5.9,mww,44668359215096.53
us6000kzmy,2023,5.7,mww,22387211385683.47
us6000kztr,2023,6.0,mww,63095734448019.43
us6000kzv3,2023,6.1,mww,89125093813374.4
us6000l005,2023,5.5,mww,11220184543019.652
us7000knq0,2023,6.5,mww,354813389233576.06
us7000knsr,2023,5.5,mww,11220184543019.652
us7000kp2g,2023,6.0,mww,63095734448019.43
us7000kp2i,2023,6.1,mww,89125093813374.4
us7000kp2j,2023,5.6,mww,15848931924611.11
us7000kp6m,2023,5.7,mww,22387211385683.47
us7000kpp4,2023,5.7,mww,22387211385683.47
us7000kqbl,2023,6.2,mww,125892541179417.14
us7000kqtq,2023,5.8,mww,31622776601683.793
us7000kr1s,2023,5.5,mww,11220184543019.652
us7000kre0,2023,5.7,mww,22387211385683.47
us7000krjx,2023,7.1,mww,2818382931264449.0
us7000krr1,2023,5.9,mww,44668359215096.53
us7000krsj,2023,5.5,mww,11220184543019.652
us7000ksrl,2023,6.1,mww,89125093813374.4
us7000kt2i,2023,5.5,mww,11220184543019.652
us7000ktai,2023,5.7,mww,22387211385683.47
us7000ktef,2023,5.8,mww,31622776601683.793
us7000ktti,2023,6.3,mww,177827941003892.28
us7000ku47,2023,6.6,mww,501187233627271.44
us7000kub5,2023,5.6,mww,15848931924611.11
us7000kubt,2023,5.8,mww,31622776601683.793
us7000kufc,2023,6.8,mww,1000000000000000.0
us7000kufx,2023,5.6,mww,15848931924611.11
us7000kuik,2023,5.8,mww,31622776601683.793
us7000kulj,2023,6.0,mww,63095734448019.43
us7000kuzd,2023,5.9,mww,44668359215096.53
us7000kv0k,2023,6.0,mww,63095734448019.43
us7000kv1x,2023,5.5,mww,11220184543019.652
us7000kv90,2023,6.2,mww,125892541179417.14
us7000kvhu,2023,6.1,mww,89125093813374.4
us7000kvu1,2023,5.6,mww,15848931924611.11
us7000kvv1,2023,5.6,mww,15848931924611.11
us7000kw0l,2023,5.7,mww,22387211385683.47
us7000kw6r,2023,5.5,mww,11220184543019.652
us7000kwaz,2023,5.5,mww,11220184543019.652
us7000kwg2,2023,6.3,mww,177827941003892.28
us7000kwis,2023,5.5,mww,11220184543019.652
us7000kwm6,2023,5.8,mww,31622776601683.793
us7000kwrq,2023,5.5,mww,11220184543019.652
us7000kww3,2023,5.9,mww,44668359215096.53
us7000kwwq,2023,5.8,mww,31622776601683.793
us7000kwz5,2023,5.7,mww,22387211385683.47
us7000kx4l,2023,5.6,mww,15848931924611.11
us7000kx7j,2023,6.1,mww,89125093813374.4
us7000kx7t,2023,5.7,mww,22387211385683.47
us7000kxe7,2023,5.8,mww,31622776601683.793
us7000ky3a,2023,5.9,mww,44668359215096.53
us6000lb6a,2023,5.6,mww,15848931924611.11
us6000lb60,2023,5.5,mww,11220184543019.652
us6000lbdi,2023,6.1,mww,89125093813374.4
us6000lbgs,2023,5.8,mww,31622776601683.793
us6000lbhd,2023,5.7,mww,22387211385683.47
us6000lbk5,2023,5.6,mww,15848931924611.11
us6000lbtu,2023,5.8,mww,31622776601683.793
us6000lce4,2023,5.7,mww,22387211385683.47
us6000lcgj,2023,5.7,mww,22387211385683.47
us6000lch5,2023,6.0,mww,63095734448019.43
us6000lciv,2023,5.8,mww,31622776601683.793
us6000lcnc,2023,5.5,mww,11220184543019.652
us6000lcp1,2023,5.6,mww,15848931924611.11
us6000lcpc,2023,5.7,mww,22387211385683.47
us6000lcpx,2023,5.6,mww,15848931924611.11
us6000lcq8,2023,5.5,mww,11220184543019.652
us6000lcri,2023,6.4,mww,251188643150959.25
us6000lcz1,2023,6.1,mww,89125093813374.4
us6000lczf,2023,5.7,mww,22387211385683.47
us6000ld0f,2023,5.7,mww,22387211385683.47
us6000ldbb,2023,6.1,mww,89125093813374.4
us6000lddt,2023,5.5,mww,11220184543019.652
us6000ldny,2023,5.9,mww,44668359215096.53
us6000ldpg,2023,6.3,mww,177827941003892.28
us6000ldpm,2023,6.3,mww,177827941003892.28
us6000ldpv,2023,5.9,mww,44668359215096.53
us6000ldqd,2023,6.7,mww,707945784384140.2
us6000ldqf,2023,6.9,mww,1412537544622761.2
us6000lduj,2023,5.6,mww,15848931924611.11
us6000ldv4,2023,5.7,mww,22387211385683.47
us6000le27,2023,5.9,mww,44668359215096.53
us6000leee,2023,5.6,mww,15848931924611.11
us6000leg0,2023,5.5,mww,11220184543019.652
us6000legn,2023,6.0,mww,63095734448019.43
us6000len8,2023,6.3,mww,177827941003892.28
us6000lepj,2023,5.7,mww,22387211385683.47
us6000lews,2023,6.3,mww,177827941003892.28
us6000leyu,2023,5.6,mww,15848931924611.11
us6000lf9x,2023,5.9,mww,44668359215096.53
us6000lfhl,2023,5.7,mww,22387211385683.47
us6000lfid,2023,5.5,mww,11220184543019.652
us6000lfn5,2023,6.3,mww,177827941003892.28
us6000lfvj,2023,5.7,mww,22387211385683.47
us6000lfvn,2023,6.4,mww,251188643150959.25
us6000lg2t,2023,5.5,mww,11220184543019.652
us6000lg4y,2023,5.6,mww,15848931924611.11
us6000lgca,2023,5.5,mww,11220184543019.652
us6000lgpg,2023,5.9,mww,44668359215096.53
us6000lgrt,2023,5.7,mww,22387211385683.47
us6000lhch,2023,5.5,mww,11220184543019.652
us6000lhgd,2023,6.0,mww,63095734448019.43
us7000l5vd,2023,5.9,mww,44668359215096.53
us7000l6fd,2023,5.5,mww,11220184543019.652
us7000l6gr,2023,5.9,mww,44668359215096.53
us7000l6k4,2023,5.9,mww,44668359215096.53
us7000l6lr,2023,5.6,mww,15848931924611.11
us7000l73e,2023,5.5,mww,11220184543019.652
us7000l73x,2023,5.5,mww,11220184543019.652
us7000l75j,2023,5.6,mww,15848931924611.11
us7000l76s,2023,5.5,mww,11220184543019.652
us7000l7b6,2023,6.0,mww,63095734448019.43
us7000l7qy,2023,6.5,mww,354813389233576.06
us7000l7si,2023,6.6,mww,501187233627271.44
us7000l85t,2023,6.1,mww,89125093813374.4
us7000l89a,2023,5.7,mww,22387211385683.47
us7000l8jc,2023,5.7,mww,22387211385683.47
us7000l8p5,2023,5.7,mww,22387211385683.47
us7000l917,2023,5.7,mww,22387211385683.47
us7000l94t,2023,5.5,mww,11220184543019.652
us7000l9az,2023,5.5,mww,11220184543019.652
us7000l9h2,2023,6.7,mwb,707945784384140.2
us7000l9h4,2023,7.1,mww,2818382931264449.0
us7000l9ku,2023,6.7,mww,707945784384140.2
us7000l9ze,2023,5.9,mww,44668359215096.53
us7000la13,2023,5.8,mww,31622776601683.793
us7000la7r,2023,6.1,mww,89125093813374.4
us7000la8b,2023,5.6,mww,15848931924611.11
us7000laba,2023,5.7,mww,22387211385683.47
us7000lac6,2023,5.6,mww,15848931924611.11
us7000laff,2023,5.9,mww,44668359215096.53
us7000lafn,2023,5.5,mww,11220184543019.652
us7000lali,2023,6.1,mww,89125093813374.4
us7000lan3,2023,5.7,mww,22387211385683.47
usd00103xp,2023,5.5,mww,11220184543019.652
usd00103xy,2023,6.1,mww,89125093813374.4
usd00103y7,2023,5.5,mww,11220184543019.652
usd00103z8,2023,5.9,mww,44668359215096.53
us6000lnq0,2023,5.8,mww,31622776601683.793
us6000lp06,2023,5.7,mww,22387211385683.47
us6000lp12,2023,6.7,mww,707945784384140.2
us6000lp9k,2023,5.5,mww,11220184543019.652
us6000lpe6,2023,5.9,mww,44668359215096.53
us6000lphm,2023,5.8,mww,31622776601683.793
us6000lpii,2023,5.5,mww,11220184543019.652
us6000lpra,2023,5.5,mww,11220184543019.652
us6000lprf,2023,5.5,mww,11220184543019.652
us6000lpyx,2023,6.0,mww,63095734448019.43
us6000lq00,2023,6.7,mww,707945784384140.2
us6000lqf9,2023,6.9,mww,1412537544622761.2
us6000lqk3,2023,5.5,mww,11220184543019.652
us6000lqpw,2023,5.6,mww,15848931924611.11
us6000lqqc,2023,5.6,mww,15848931924611.11
us6000lqyw,2023,5.6,mww,15848931924611.11
us6000lqz9,2023,5.5,mww,11220184543019.652
us7000le6w,2023,6.5,mww,354813389233576.06
us7000le9i,2023,5.6,mww,15848931924611.11
us7000lea4,2023,5.8,mww,31622776601683.793
us7000leqe,2023,5.8,mww,31622776601683.793
us7000lfaa,2023,5.5,mww,11220184543019.652
us7000lfbb,2023,5.8,mww,31622776601683.793
us7000lfcp,2023,5.5,mww,11220184543019.652
us7000lfev,2023,5.5,mww,11220184543019.652
us7000lff4,2023,7.6,mww,1.5848931924611108e+16
us7000lfi0,2023,6.4,mww,251188643150959.25
us7000lfkh,2023,6.3,mww,177827941003892.28
us7000lgan,2023,6.0,mww,63095734448019.43
us7000lftp,2023,6.6,mww,501187233627271.44
us7000lfus,2023,5.6,mww,15848931924611.11
us7000lfwj,2023,6.0,mww,63095734448019.43
us7000lfxx,2023,6.9,mww,1412537544622761.2
us7000lg0q,2023,5.5,mww,11220184543019.652
us7000lg1q,2023,5.7,mww,22387211385683.47
us7000lgch,2023,5.6,mww,15848931924611.11
us7000lgct,2023,5.7,mww,22387211385683.47
us7000lgd6,2023,5.7,mww,22387211385683.47
us7000lgdg,2023,5.5,mww,11220184543019.652
us7000lges,2023,5.8,mww,31622776601683.793
us7000lgxh,2023,5.5,mww,11220184543019.652
us7000lgss,2023,5.7,mww,22387211385683.47
us7000lgwp,2023,7.1,mww,2818382931264449.0
us7000lh50,2023,5.7,mww,22387211385683.47
us7000lh76,2023,5.8,mww,31622776601683.793
us7000lh9a,2023,5.6,mww,15848931924611.11
us7000lhhy,2023,5.5,mww,11220184543019.652
us7000lhwv,2023,5.7,mww,22387211385683.47
us7000lhxa,2023,5.5,mww,11220184543019.652
us7000lhxd,2023,5.6,mww,15848931924611.11
us7000li15,2023,6.2,mww,125892541179417.14
us7000li3g,2023,5.7,mww,22387211385683.47
usd001097k,2023,5.5,mww,11220184543019.652
us7000lib1,2023,5.8,mww,31622776601683.793
us7000libd,2023,5.5,mww,11220184543019.652
us7000lict,2023,5.7,mww,22387211385683.47
us7000lire,2023,5.5,mww,11220184543019.652
us7000livw,2023,5.6,mww,15848931924611.11
us7000ljf2,2023,5.9,mww,44668359215096.53
us7000ljhg,2023,5.7,mww,22387211385683.47
us7000ljna,2023,5.6,mww,15848931924611.11
us7000ljvg,2023,5.9,mww,44668359215096.53
us7000lkb0,2023,5.6,mww,15848931924611.11
us7000lkb1,2023,6.2,mww,125892541179417.14
usd0010b4f,2023,6.1,mww,89125093813374.4
us7000lkpg,2023,5.6,mww,15848931924611.11
us7000lkxb,2023,6.1,mww,89125093813374.4
us7000ll46,2023,5.8,mww,31622776601683.793
us7000ll5l,2023,5.6,mww,15848931924611.11
us7000ll61,2023,5.9,mww,44668359215096.53
us7000ll64,2023,5.5,mww,11220184543019.652
us7000ll6h,2023,5.8,mww,31622776601683.793
us6000m02b,2023,5.8,mww,31622776601683.793
us6000m05d,2023,5.8,mww,31622776601683.793
us6000m05c,2023,6.5,mww,354813389233576.06
us6000m0b4,2023,5.7,mww,22387211385683.47
us6000m0ic,2023,5.8,mww,31622776601683.793
us6000m0j8,2023,5.7,mww,22387211385683.47
us6000m0n6,2023,6.3,mww,177827941003892.28
us6000m0xl,2024,7.5,mww,1.1220184543019652e+16
us6000m0xt,2024,5.6,mww,15848931924611.11
us6000m1cg,2024,5.5,mww,11220184543019.652
us6000m1ld,2024,5.7,mww,22387211385683.47
us6000m26y,2024,5.6,mww,15848931924611.11
us6000m27f,2024,5.5,mwb,11220184543019.652
us6000m2cv,2024,5.6,mww,15848931924611.11
us6000m2d7,2024,5.5,mww,11220184543019.652
us6000m2jp,2024,6.7,mww,707945784384140.2
us6000m2nr,2024,5.6,mww,15848931924611.11
us6000m2ny,2024,5.9,mww,44668359215096.53
us6000m31m,2024,6.4,mww,251188643150959.25
ak024jyw3sk,2024,5.9,mww,44668359215096.53
us6000m45x,2024,5.6,mww,15848931924611.11
us6000m4c9,2024,5.8,mww,31622776601683.793
us6000m4ej,2024,5.6,mww,15848931924611.11
us6000m4js,2024,6.4,mww,251188643150959.25
us6000m4lx,2024,5.5,mww,11220184543019.652
us6000m4n2,2024,5.6,mww,15848931924611.11
us6000m50e,2024,6.1,mww,89125093813374.4
us6000m52p,2024,6.6,mww,501187233627271.44
us6000m53t,2024,6.2,mww,125892541179417.14
us7000lsze,2024,7.0,mww,1995262314968882.8
us7000lt73,2024,6.3,mww,177827941003892.28
us7000ltpz,2024,5.6,mww,15848931924611.11
us7000ltus,2024,5.5,mww,11220184543019.652
us7000luai,2024,6.1,mww,89125093813374.4
us7000lui3,2024,6.5,mww,354813389233576.06
us7000luuy,2024,5.7,mww,22387211385683.47
us7000lv7d,2024,5.8,mww,31622776601683.793
us7000lxyv,2024,6.1,mww,89125093813374.4
us7000ly6w,2024,5.8,mww,31622776601683.793
us7000lym6,2024,6.1,mww,89125093813374.4
us7000lz23,2024,5.8,mww,31622776601683.793
us7000lz2v,2024,5.7,mww,22387211385683.47
us7000lz5f,2024,6.0,mww,63095734448019.43
us7000lz8a,2024,5.6,mww,15848931924611.11
us7000lzyu,2024,5.5,mww,11220184543019.652
us7000lzz2,2024,5.6,mww,15848931924611.11
us7000m0jb,2024,5.5,mww,11220184543019.652
us7000m0zq,2024,6.3,mww,177827941003892.28
us7000m1h8,2024,5.6,mww,15848931924611.11
us6000mflq,2024,5.5,mww,11220184543019.652
us6000mg58,2024,5.9,mww,44668359215096.53
us6000mg8a,2024,5.8,mww,31622776601683.793
us6000mghc,2024,6.8,mww,1000000000000000.0
us6000mgyj,2024,6.1,mww,89125093813374.4
us7000m3ud,2024,5.6,mww,15848931924611.11
us7000m3ur,2024,5.6,mww,15848931924611.11
us7000m439,2024,6.0,mww,63095734448019.43
us6000milg,2024,6.0,mww,63095734448019.43
us6000minw,2024,5.7,mww,22387211385683.47
us6000mipe,2024,5.5,mww,11220184543019.652
us6000miuf,2024,5.6,mww,15848931924611.11
us6000miy6,2024,6.2,mww,125892541179417.14
us6000mj1l,2024,5.6,mww,15848931924611.11
us6000mj77,2024,5.9,mww,44668359215096.53
us6000mjct,2024,5.6,mww,15848931924611.11
us6000mjpj,2024,5.5,mww,11220184543019.652
us6000mjpw,2024,5.5,mww,11220184543019.652
us6000mk0i,2024,5.5,mww,11220184543019.652
us6000mjx0,2024,5.6,mww,15848931924611.11
us6000mkej,2024,5.6,mww,15848931924611.11
us6000mkfz,2024,6.4,mww,251188643150959.25
us6000mksx,2024,6.9,mww,1412537544622761.2
us6000mkvx,2024,5.7,mww,22387211385683.47
us6000ml19,2024,5.5,mww,11220184543019.652
us7000m7xz,2024,5.5,mww,11220184543019.652
us7000m86i,2024,6.4,mww,251188643150959.25
us7000m875,2024,5.6,mww,15848931924611.11
us7000m8q9,2024,5.8,mww,31622776601683.793
us7000m8qr,2024,5.6,mww,15848931924611.11
us7000m8yd,2024,5.8,mww,31622776601683.793
us7000m90u,2024,5.5,mww,11220184543019.652
us7000m936,2024,5.9,mww,44668359215096.53
us7000m98g,2024,5.9,mww,44668359215096.53
us7000m9bq,2024,6.2,mww,125892541179417.14
us7000m9g4,2024,7.4,mww,7943282347242854.0
us7000m9gc,2024,6.4,mww,251188643150959.25
us7000m9gp,2024,5.6,mww,15848931924611.11
us7000mbfv,2024,5.7,mwr,22387211385683.47
us7000m9hp,2024,5.7,mwr,22387211385683.47
us7000m9sq,2024,6.1,mww,89125093813374.4
us7000ma2w,2024,6.8,mww,1000000000000000.0
us7000maah,2024,5.6,mww,15848931924611.11
us7000maw0,2024,5.9,mww,44668359215096.53
us7000maxr,2024,6.4,mww,251188643150959.25
us7000mbqp,2024,5.8,mww,31622776601683.793
us7000mbuv,2024,5.5,mww,11220184543019.652
us7000mc2t,2024,6.5,mww,354813389233576.06
us7000mcb1,2024,5.9,mww,44668359215096.53
us7000mcpi,2024,6.3,mww,177827941003892.28
us7000mcrs,2024,5.5,mww,11220184543019.652
us7000mcxc,2024,5.6,mww,15848931924611.11
us7000mcxe,2024,5.6,mww,15848931924611.11
us7000md3k,2024,5.7,mww,22387211385683.47
us7000mdti,2024,5.6,mww,15848931924611.11
us7000mduw,2024,5.8,mww,31622776601683.793
us6000mt0r,2024,6.1,mww,89125093813374.4
us6000mt0s,2024,6.1,mww,89125093813374.4
us6000mt1n,2024,5.5,mww,11220184543019.652
us6000mt3f,2024,5.8,mww,31622776601683.793
us6000mu3y,2024,5.7,mww,22387211385683.47
us6000mu57,2024,5.8,mww,31622776601683.793
us6000mu8k,2024,6.5,mww,354813389233576.06
us6000muc0,2024,6.1,mww,89125093813374.4
us6000mv76,2024,5.5,mww,11220184543019.652
us6000mvk5,2024,5.8,mww,31622776601683.793
us6000mvmi,2024,5.5,mww,11220184543019.652
us6000mvya,2024,5.7,mww,22387211385683.47
us6000mwf5,2024,5.5,mww,11220184543019.652
us6000mwfi,2024,5.7,mww,22387211385683.47
us6000mwjd,2024,6.1,mww,89125093813374.4
us6000mwkd,2024,5.5,mww,11220184543019.652
us6000mwnf,2024,5.6,mww,15848931924611.11
us6000mwyt,2024,5.6,mww,15848931924611.11
us6000mx5c,2024,6.1,mww,89125093813374.4
us6000mxpi,2024,5.8,mww,31622776601683.793
us6000mxpy,2024,5.6,mww,15848931924611.11
us6000my20,2024,6.4,mww,251188643150959.25
us6000my4x,2024,5.8,mww,31622776601683.793
us6000myih,2024,5.6,mww,15848931924611.11
us6000myk7,2024,5.6,mww,15848931924611.11
us6000mzau,2024,5.8,mww,31622776601683.793
us6000mze2,2024,5.5,mww,11220184543019.652
us6000mzgb,2024,5.7,mww,22387211385683.47
us6000mzjx,2024,5.9,mww,44668359215096.53
us6000mzkf,2024,5.5,mww,11220184543019.652
us6000mzme,2024,6.0,mww,63095734448019.43
us6000mzyf,2024,5.7,mww,22387211385683.47
us6000n0e7,2024,5.5,mww,11220184543019.652
us6000n0ee,2024,5.6,mww,15848931924611.11
us6000n102,2024,6.3,mww,177827941003892.28
us6000n158,2024,6.6,mww,501187233627271.44
us6000n1gi,2024,5.7,mww,22387211385683.47
us7000mnu8,2024,5.5,mww,11220184543019.652
us7000mp5r,2024,5.6,mww,15848931924611.11
us7000mp99,2024,6.2,mww,125892541179417.14
us7000mp9e,2024,6.2,mww,125892541179417.14
us7000mpe2,2024,5.9,mww,44668359215096.53
us7000mppu,2024,5.7,mww,22387211385683.47
us7000mpxd,2024,5.9,mww,44668359215096.53
us7000mq7x,2024,5.5,mww,11220184543019.652
us7000mqbs,2024,5.5,mww,11220184543019.652
us7000mqdw,2024,5.5,mww,11220184543019.652
us7000mqgh,2024,5.5,mww,11220184543019.652
us7000mqp4,2024,5.9,mww,44668359215096.53
us7000mqtv,2024,5.7,mww,22387211385683.47
us7000mrbq,2024,5.7,mwb,22387211385683.47
us7000mrbr,2024,6.2,mww,125892541179417.14
us7000mrdc,2024,5.7,mww,22387211385683.47
us7000mrv4,2024,5.7,mww,22387211385683.47
us7000mrz8,2024,5.8,mww,31622776601683.793
us7000msb0,2024,5.9,mww,44668359215096.53
us7000msc3,2024,5.9,mww,44668359215096.53
us7000msn7,2024,5.6,mww,15848931924611.11
us7000mspm,2024,5.5,mww,11220184543019.652
us7000msqt,2024,6.0,mww,63095734448019.43
us7000mstj,2024,6.0,mww,63095734448019.43
us7000mt0e,2024,5.6,mww,15848931924611.11
us7000mt0h,2024,5.6,mww,15848931924611.11
us7000mt41,2024,5.5,mww,11220184543019.652
us7000mt4l,2024,5.8,mww,31622776601683.793
us7000mtur,2024,5.5,mww,11220184543019.652
us7000mu1p,2024,6.0,mww,63095734448019.43
us7000mu8s,2024,6.3,mww,177827941003892.28
us6000n877,2024,5.6,mww,15848931924611.11
us6000n8nu,2024,5.9,mww,44668359215096.53
us6000n8tq,2024,7.2,mww,3981071705534985.5
us6000n8vk,2024,5.7,mww,22387211385683.47
us6000n948,2024,6.1,mww,89125093813374.4
us6000n96v,2024,5.6,mww,15848931924611.11
us7000mx3m,2024,5.7,mww,22387211385683.47
us7000mxek,2024,5.5,mww,11220184543019.652
us7000mxl6,2024,5.5,mww,11220184543019.652
us7000mxmu,2024,6.2,mww,125892541179417.14
us7000my76,2024,6.6,mww,501187233627271.44
us7000myfa,2024,7.1,mww,2818382931264449.0
us7000mykj,2024,6.4,mww,251188643150959.25
us7000myqk,2024,5.8,mww,31622776601683.793
us7000mytc,2024,5.8,mww,31622776601683.793
us7000myx6,2024,5.5,mww,11220184543019.652
us7000myxn,2024,5.6,mww,15848931924611.11
us7000mz34,2024,5.6,mww,15848931924611.11
us7000mzel,2024,5.7,mww,22387211385683.47
us7000mzzc,2024,5.6,mww,15848931924611.11
us7000n05d,2024,7.4,mww,7943282347242854.0
us7000n068,2024,6.0,mwr,63095734448019.43
us7000n0ka,2024,6.2,mww,125892541179417.14
us7000n0qt,2024,5.5,mww,11220184543019.652
us7000n0s8,2024,6.1,mww,89125093813374.4
us6000nejp,2024,5.7,mww,22387211385683.47
us6000nekb,2024,5.6,mww,15848931924611.11
us6000nfjw,2024,5.7,mww,22387211385683.47
us6000nfpd,2024,5.6,mww,15848931924611.11
us6000nfw2,2024,5.5,mww,11220184543019.652
us6000ngn7,2024,5.7,mww,22387211385683.47
us6000ngng,2024,6.0,mww,63095734448019.43
us6000nh4g,2024,5.7,mww,22387211385683.47
us6000nhbe,2024,5.6,mww,15848931924611.11
us6000nhqc,2024,6.8,mww,1000000000000000.0
us6000nht0,2024,6.3,mww,177827941003892.28
us6000ni0g,2024,5.5,mww,11220184543019.652
us6000nifm,2024,5.6,mww,15848931924611.11
us6000nith,2024,7.1,mww,2818382931264449.0
us6000nj27,2024,5.6,mww,15848931924611.11
us6000nj2k,2024,5.9,mww,44668359215096.53
us6000nj9s,2024,6.5,mww,354813389233576.06
us7000n7b8,2024,6.1,mww,89125093813374.4
us7000n7kb,2024,5.5,mww,11220184543019.652
us7000n7n8,2024,7.0,mww,1995262314968882.8
us7000n7v7,2024,5.7,mww,22387211385683.47
us7000n8ey,2024,5.5,mww,11220184543019.652
us7000n8ki,2024,5.5,mww,11220184543019.652
us7000n8wr,2024,5.5,mww,11220184543019.652
us7000n9dt,2024,6.9,mww,1412537544622761.2
us7000n9fn,2024,5.8,mww,31622776601683.793
us6000nmzd,2024,5.8,mww,31622776601683.793
us6000nncs,2024,6.1,mww,89125093813374.4
us6000nnlx,2024,6.0,mww,63095734448019.43
us6000nnn3,2024,5.6,mww,15848931924611.11
us6000np3z,2024,6.4,mww,251188643150959.25
us6000nps8,2024,6.2,mww,125892541179417.14
us6000npu5,2024,5.7,mww,22387211385683.47
us6000npwm,2024,5.5,mww,11220184543019.652
us6000nq0y,2024,5.7,mww,22387211385683.47
us6000nqd8,2024,5.8,mww,31622776601683.793
us7000nd4f,2024,6.3,mww,177827941003892.28
us7000nd4s,2024,5.7,mww,22387211385683.47
us7000nd53,2024,5.8,mww,31622776601683.793
us7000ndp6,2024,5.7,mww,22387211385683.47
us7000ndsf,2024,5.5,mww,11220184543019.652
us7000ne1t,2024,5.5,mww,11220184543019.652
us7000ne51,2024,6.5,mww,354813389233576.06
us7000ne84,2024,6.3,mww,177827941003892.28
us7000ne8y,2024,5.5,mww,11220184543019.652
us6000nsve,2024,5.7,mww,22387211385683.47
us6000nt0l,2024,5.5,mww,11220184543019.652
us6000ntf1,2024,5.6,mww,15848931924611.11
us6000ntjh,2024,6.0,mww,63095734448019.43
us6000ntxc,2024,6.0,mww,63095734448019.43
us6000ntz9,2024,5.6,mww,15848931924611.11
us7000ngi1,2024,5.5,mww,11220184543019.652
us7000ngmr,2024,6.3,mww,177827941003892.28
us7000nh82,2024,5.9,mww,44668359215096.53
us7000nhex,2024,6.1,mww,89125093813374.4
us7000nhjw,2024,6.6,mww,501187233627271.44
us7000nhk8,2024,5.9,mww,44668359215096.53
us6000nwyj,2024,5.6,mww,15848931924611.11
us6000nx6d,2024,5.8,mww,31622776601683.793
us6000nx6t,2024,5.7,mww,22387211385683.47
us6000nyau,2024,6.2,mww,125892541179417.14
us6000nyhx,2024,5.5,mww,11220184543019.652
us6000nyzk,2024,6.0,mww,63095734448019.43
us6000nz5n,2024,5.9,mww,44668359215096.53
us6000nz5z,2024,5.9,mww,44668359215096.53
us6000nz9e,2024,5.6,mww,15848931924611.11
us6000nzvu,2024,5.5,mww,11220184543019.652
us6000nzxj,2024,5.7,mww,22387211385683.47
us6000nzyn,2024,5.8,mww,31622776601683.793
us6000p000,2024,5.6,mww,15848931924611.11
us7000nmg9,2024,5.5,mww,11220184543019.652
us7000nmlt,2024,6.2,mww,125892541179417.14
us7000nmsy,2024,5.6,mww,15848931924611.11
us7000nn5q,2024,5.7,mww,22387211385683.47
us7000nn6t,2024,5.8,mww,31622776601683.793
us7000nnz9,2024,6.0,mww,63095734448019.43
us7000np33,2024,6.0,mww,63095734448019.43
us7000nppj,2024,5.8,mww,31622776601683.793
us7000nq3d,2024,5.7,mww,22387211385683.47
us7000nq9e,2024,5.9,mww,44668359215096.53
us7000nq9w,2024,5.9,mww,44668359215096.53
us7000nqb9,2024,5.8,mww,31622776601683.793
us7000nql2,2024,6.3,mww,177827941003892.28
us7000nqv1,2024,5.6,mww,15848931924611.11
us7000nqwx,2024,5.8,mww,31622776601683.793
us7000nr0n,2024,5.9,mww,44668359215096.53
us7000nr0v,2024,6.8,mww,1000000000000000.0
us7000nr4w,2024,5.5,mww,11220184543019.652
us7000nrwz,2024,6.6,mww,501187233627271.44
us7000nryg,2024,5.5,mww,11220184543019.652
us7000nsa3,2024,6.1,mww,89125093813374.4
us7000nsjt,2024,5.6,mww,15848931924611.11
us6000p6id,2024,5.5,mww,11220184543019.652
us6000p6iv,2024,5.7,mww,22387211385683.47
us6000p7aq,2024,5.9,mww,44668359215096.53
us7000nu90,2024,6.1,mww,89125093813374.4
us7000nul8,2024,5.7,mww,22387211385683.47
us7000nula,2024,5.8,mww,31622776601683.793
us7000nv3a,2024,5.7,mww,22387211385683.47
us7000nvpy,2024,5.7,mww,22387211385683.47
us7000nw3f,2024,5.6,mww,15848931924611.11
nc75095651,2024,7.0,mw,1995262314968882.8
us7000nwmn,2024,5.5,mww,11220184543019.652
us7000nwwp,2024,5.9,mww,44668359215096.53
us7000nx17,2024,6.0,mww,63095734448019.43
us7000nx3e,2024,5.5,mww,11220184543019.652
us7000nx3l,2024,5.6,mww,15848931924611.11
us7000nx3z,2024,6.3,mww,177827941003892.28
us7000nx4k,2024,5.8,mww,31622776601683.793
us7000nx5r,2024,6.3,mww,177827941003892.28
us7000nx5z,2024,6.1,mww,89125093813374.4
us7000nx6q,2024,5.7,mww,22387211385683.47
us7000nx6s,2024,5.6,mww,15848931924611.11
us7000nx79,2024,5.6,mww,15848931924611.11
us7000nxbs,2024,5.7,mww,22387211385683.47
us7000nxct,2024,5.6,mww,15848931924611.11
nn00888580,2024,5.71,mwr,23173946499684.703
us7000nxnc,2024,5.9,mww,44668359215096.53
us7000ny28,2024,5.5,mww,11220184543019.652
us7000nyqr,2024,6.4,mww,251188643150959.25
us7000nz38,2024,5.9,mww,44668359215096.53
us7000nz8f,2024,5.5,mww,11220184543019.652
us7000nzf3,2024,7.3,mww,5623413251903491.0
us7000nzln,2024,5.5,mww,11220184543019.652
us7000nznb,2024,5.6,mww,15848931924611.11
us7000nzxv,2024,5.7,mww,22387211385683.47
us7000p0lv,2024,6.1,mww,89125093813374.4
us7000p0uj,2024,5.9,mww,44668359215096.53
us6000pfi3,2024,5.9,mww,44668359215096.53
us6000pfjm,2024,5.6,mww,15848931924611.11
us6000pfs7,2024,5.8,mww,31622776601683.793
us6000pfuq,2024,5.9,mww,44668359215096.53
us6000pfw7,2024,6.8,mww,1000000000000000.0
us6000pg43,2024,5.6,mww,15848931924611.11
us6000pg6r,2024,5.5,mww,11220184543019.652
us6000pge2,2024,5.5,mww,11220184543019.652
us6000pgf5,2024,5.5,mww,11220184543019.652
