time,start_time,end_time,flare_id,xrsb_irrad,flare_class,xrsb_irrad_source,background_irrad,integrated_irrad_peak,integrated_irrad_end,flare_loc_swpc_hgs_lon,flare_loc_swpc_hgs_lat,flare_loc_swpc_source,flare_loc_xrs_hgs_lon,flare_loc_xrs_hgs_lat,flare_loc_xrs_hpc_x,flare_loc_xrs_hpc_y,flare_loc_xrs_source,sequential_flare_num,event_id_swpc,peak_saturated,active_region
2023-01-01 00:35:00,2023-01-01 00:31:00,2023-01-01 00:40:00,202301010031,1.692e-06,C1.6,GOES-16,1.043e-06,6.646e-04,9.066e-04,2.0,19.0,LEA,0.31407374,19.190052,5.0722914,369.60236,GOES-16_XRS,1,5740,0,3176
2023-01-01 02:28:00,2023-01-01 02:04:00,2023-01-01 02:40:00,202301010204,3.803e-06,C3.8,GOES-16,1.349e-06,4.326e-03,6.081e-03,2.0,19.0,LEA,-1.2914124,20.82429,-20.63791,395.44168,GOES-16_XRS,1,5780,0,3176
2023-01-01 07:02:00,2023-01-01 06:58:00,2023-01-01 07:05:00,202301010658,1.758e-06,C1.7,GOES-16,1.035e-06,7.025e-04,7.785e-04,-54.0,22.0,LEA,-76.508606,25.78381,-854.88306,434.85074,GOES-16_XRS,1,5810,0,3180
2023-01-01 07:44:00,2023-01-01 07:35:00,2023-01-01 07:49:00,202301010735,1.974e-06,C1.9,GOES-16,1.178e-06,1.214e-03,1.488e-03,-52.0,21.0,LEA,-58.835632,21.29791,-779.4063,379.32843,GOES-16_XRS,1,5830,0,3180
2023-01-01 14:30:00,2023-01-01 14:16:00,2023-01-01 14:34:00,202301011416,1.738e-06,C1.7,GOES-16,8.820e-07,1.386e-03,1.538e-03,-25.0,-16.0,SVI,-27.404053,-14.321298,-436.83218,-197.26547,GOES-16_XRS,1,5890,0,3177
2023-01-01 17:52:00,2023-01-01 17:43:00,2023-01-01 18:08:00,202301011743,1.858e-06,C1.8,GOES-16,1.159e-06,1.192e-03,2.598e-03,,,,-46.750305,17.91891,-678.09454,334.61966,GOES-16_XRS,1,5940,0,3180
2023-01-01 19:35:00,2023-01-01 19:31:00,2023-01-01 19:41:00,202301011931,1.145e-06,C1.1,GOES-16,8.520e-07,5.099e-04,7.539e-04,,,,-41.592224,16.602392,-622.62415,316.75986,GOES-16_XRS,1,5950,0,3180
2023-01-01 22:16:00,2023-01-01 22:09:00,2023-01-01 22:25:00,202301012209,1.149e-06,C1.1,GOES-16,8.221e-07,6.663e-04,1.085e-03,,,,-47.125122,5.381409,-714.00024,127.24225,GOES-16_XRS,1,5970,0,
2023-01-01 23:16:00,2023-01-01 22:52:00,2023-01-01 23:25:00,202301012252,3.160e-06,C3.1,GOES-16,8.885e-07,3.718e-03,4.673e-03,23.0,21.0,LEA,21.334694,22.304682,329.65747,416.56436,GOES-16_XRS,1,5980,0,3176
2023-01-02 05:29:00,2023-01-02 05:22:00,2023-01-02 05:35:00,202301020522,1.665e-06,C1.6,GOES-16,7.378e-07,7.757e-04,1.073e-03,-40.0,20.0,LEA,-40.19113,17.807758,-601.3864,337.55417,GOES-16_XRS,1,6020,0,3180
2023-01-02 06:21:00,2023-01-02 06:09:00,2023-01-02 06:25:00,202301020609,9.451e-06,C9.4,GOES-16,1.223e-06,4.230e-03,4.812e-03,28.0,20.0,LEA,23.505112,19.324724,368.6159,369.72284,GOES-16_XRS,1,6030,0,3176
2023-01-02 09:56:00,2023-01-02 09:44:00,2023-01-02 10:06:00,202301020944,2.846e-06,C2.8,GOES-16,7.682e-07,1.600e-03,2.627e-03,-37.0,20.0,LEA,-36.707092,17.934683,-556.711,341.83145,GOES-16_XRS,1,6050,0,3180
2023-01-02 11:39:00,2023-01-02 11:29:00,,202301021129,2.388e-06,C2.3,GOES-16,7.301e-07,1.242e-03,,-42.0,21.0,SVI,-41.084595,20.288237,-603.2632,376.77692,GOES-16_XRS,1,6070,0,3180
2023-01-02 11:52:00,2023-01-02 11:41:00,2023-01-02 12:07:00,202301021141,3.086e-06,C3.0,GOES-16,2.198e-06,2.364e-03,4.601e-03,,,,-38.636383,19.15835,-577.3111,360.36163,GOES-16_XRS,2,6080,0,3180
2023-01-02 16:08:00,2023-01-02 16:01:00,2023-01-02 16:13:00,202301021601,1.211e-06,C1.2,GOES-16,7.286e-07,6.285e-04,8.021e-04,,,,-27.78656,13.54746,-443.8847,275.58542,GOES-16_XRS,1,6090,0,3180
2023-01-02 21:43:00,2023-01-02 21:37:00,2023-01-02 21:46:00,202301022137,1.849e-06,C1.8,GOES-16,1.165e-06,8.505e-04,9.299e-04,-32.0,20.0,HOL,-20.749908,20.290325,-325.4861,386.9649,GOES-16_XRS,1,6120,0,3180
2023-01-02 22:16:00,2023-01-02 22:10:00,2023-01-02 22:19:00,202301022210,2.087e-06,C2.0,GOES-16,8.386e-07,8.766e-04,9.543e-04,-31.0,20.0,HOL,-30.468933,19.96517,-466.6686,378.0158,GOES-16_XRS,1,6130,0,3180
2023-01-02 23:11:00,2023-01-02 22:57:00,2023-01-02 23:31:00,202301022257,3.250e-06,C3.2,GOES-16,1.077e-06,2.476e-03,5.375e-03,-33.0,18.0,HOL,-29.4151,14.459939,-465.75443,290.2581,GOES-16_XRS,1,6150,0,3180
2023-01-03 01:10:00,2023-01-03 01:03:00,2023-01-03 01:17:00,202301030103,1.126e-06,C1.1,GOES-16,8.193e-07,6.491e-04,9.430e-04,,,,45.89548,19.484446,662.3653,361.78064,GOES-16_XRS,1,6160,0,3176
2023-01-03 04:58:00,2023-01-03 04:51:00,2023-01-03 05:00:00,202301030451,2.746e-06,C2.7,GOES-16,8.532e-07,9.539e-04,1.011e-03,,,,-1.1876831,-15.677509,-19.558313,-211.31337,GOES-16_XRS,1,6180,0,3177
2023-01-03 06:46:00,2023-01-03 06:20:00,2023-01-03 07:04:00,202301030620,3.250e-06,C3.2,GOES-16,1.101e-06,4.361e-03,6.764e-03,,,,,,-1005.6176,-239.78912,GOES-16_XRS,1,6210,0,
2023-01-04 00:00:00,2023-01-03 23:43:00,2023-01-04 00:55:00,202301032343,2.402e-06,C2.4,GOES-16,1.233e-06,2.455e-03,9.012e-03,,,,-69.719574,-15.23448,-884.3453,-237.41742,GOES-16_XRS,1,,0,
2023-01-04 07:31:00,2023-01-04 07:18:00,2023-01-04 07:51:00,202301040718,2.706e-06,C2.7,GOES-16,1.306e-06,2.188e-03,4.652e-03,,,,,,-940.6059,-286.50613,GOES-16_XRS,1,6360,0,
2023-01-04 16:34:00,2023-01-04 16:26:00,2023-01-04 16:38:00,202301041626,2.638e-06,C2.6,GOES-16,1.473e-06,1.419e-03,1.649e-03,,,,-71.15936,-20.924877,-863.67737,-330.85803,GOES-16_XRS,1,6470,0,3182
2023-01-04 18:29:00,2023-01-04 18:14:00,,202301041814,5.237e-06,C5.2,GOES-16,1.208e-06,3.772e-03,,13.0,-19.0,HOL,15.521168,-17.980423,249.39624,-248.5929,GOES-16_XRS,1,6490,0,3177
2023-01-04 18:45:00,2023-01-04 18:34:00,2023-01-04 18:58:00,202301041834,8.499e-06,C8.4,GOES-16,4.914e-06,6.128e-03,1.083e-02,,,,15.017568,-18.856562,240.26524,-262.9048,GOES-16_XRS,2,,0,
2023-01-05 02:49:00,2023-01-05 02:42:00,2023-01-05 02:56:00,202301050242,2.637e-06,C2.6,GOES-16,1.921e-06,1.522e-03,2.223e-03,,,,-49.303345,-24.293484,-676.0952,-366.8472,GOES-16_XRS,1,6540,0,3177
2023-01-05 03:52:00,2023-01-05 03:43:00,2023-01-05 03:59:00,202301050343,2.212e-06,C2.2,GOES-16,1.254e-06,1.379e-03,1.909e-03,,,,-45.384033,-18.617935,-660.19934,-272.6847,GOES-16_XRS,1,6550,0,3182
2023-01-05 05:13:00,2023-01-05 05:06:00,2023-01-05 05:20:00,202301050506,2.605e-06,C2.6,GOES-16,1.546e-06,1.400e-03,2.043e-03,,,,-79.02527,-20.738203,-896.4697,-334.64352,GOES-16_XRS,1,6570,0,3182
2023-01-05 19:15:00,2023-01-05 19:06:00,2023-01-05 19:24:00,202301051906,1.743e-06,C1.7,GOES-16,1.215e-06,1.185e-03,1.827e-03,,,,-69.31369,-15.56856,-880.61975,-241.33588,GOES-16_XRS,1,6650,0,3182
2023-01-05 22:22:00,2023-01-05 22:11:00,2023-01-05 22:31:00,202301052211,2.152e-06,C2.1,GOES-16,1.160e-06,1.517e-03,2.254e-03,-22.0,-24.0,HOL,-21.814056,-19.512012,-343.13132,-273.70047,GOES-16_XRS,1,6670,0,3181
2023-01-05 22:57:00,2023-01-05 22:47:00,2023-01-05 23:05:00,202301052247,2.425e-06,C2.4,GOES-16,1.338e-06,1.596e-03,2.294e-03,7.0,-18.0,LEA,10.849001,-17.115286,176.27808,-231.05466,GOES-16_XRS,1,6680,0,3183
2023-01-06 00:57:00,2023-01-06 00:43:00,2023-01-06 01:06:00,202301060043,1.213e-04,X1.2,GOES-16,1.058e-06,3.347e-02,6.169e-02,-68.0,-18.0,LEA,,,-911.19885,-348.47244,GOES-16_XRS,1,6690,0,3182
2023-01-06 03:34:00,2023-01-06 03:24:00,2023-01-06 03:43:00,202301060324,3.592e-06,C3.5,GOES-16,1.082e-06,1.911e-03,3.000e-03,7.0,-18.0,LEA,10.288083,-16.627962,167.69969,-222.4924,GOES-16_XRS,1,6730,0,3183
2023-01-06 04:02:00,2023-01-06 03:56:00,2023-01-06 04:11:00,202301060356,1.832e-06,C1.8,GOES-16,1.321e-06,9.821e-04,1.678e-03,,,,-73.978485,-26.35248,-841.2749,-417.72977,GOES-16_XRS,1,6740,0,3183
2023-01-06 12:05:00,2023-01-06 11:58:00,2023-01-06 12:19:00,202301061158,1.523e-06,C1.5,GOES-16,1.093e-06,8.678e-04,1.856e-03,79.0,-30.0,SVI,-55.257477,-18.244034,-763.3222,-272.35324,GOES-16_XRS,1,6820,0,3182
2023-01-06 12:26:00,2023-01-06 12:23:00,2023-01-06 12:32:00,202301061223,1.836e-06,C1.8,GOES-16,1.192e-06,6.578e-04,1.016e-03,13.0,-18.0,SVI,19.912884,-17.697418,317.89963,-242.10022,GOES-16_XRS,1,6830,0,3183
2023-01-06 14:55:00,2023-01-06 14:50:00,2023-01-06 15:00:00,202301061450,1.749e-06,C1.7,GOES-16,1.229e-06,8.176e-04,1.084e-03,-63.0,-17.0,HOL,-64.4624,-25.73048,-794.4859,-399.5638,GOES-16_XRS,1,6870,0,3182
2023-01-06 15:59:00,2023-01-06 15:51:00,2023-01-06 16:11:00,202301061551,1.815e-06,C1.8,GOES-16,1.283e-06,1.114e-03,2.077e-03,,,,9.823665,-20.677977,156.41331,-288.29895,GOES-16_XRS,1,6910,0,
2023-01-06 18:53:00,2023-01-06 18:43:00,2023-01-06 18:57:00,202301061843,6.222e-06,C6.2,GOES-16,1.676e-06,3.354e-03,3.740e-03,16.0,-16.0,HOL,17.25508,-15.164571,280.52792,-198.58252,GOES-16_XRS,1,6940,0,3183
2023-01-06 20:27:00,2023-01-06 20:21:00,2023-01-06 20:30:00,202301062021,5.075e-06,C5.0,GOES-16,1.778e-06,1.957e-03,2.124e-03,18.0,-16.0,HOL,21.109762,-18.931276,333.75305,-262.31778,GOES-16_XRS,1,6960,0,3183
2023-01-06 23:23:00,2023-01-06 23:17:00,2023-01-06 23:28:00,202301062317,2.512e-06,C2.5,GOES-16,1.555e-06,1.204e-03,1.564e-03,-65.0,-19.0,HOL,21.900225,-12.78668,356.37775,-159.91008,GOES-16_XRS,1,7010,0,3182
2023-01-07 00:52:00,2023-01-07 00:40:00,2023-01-07 01:01:00,202301070040,1.631e-05,M1.6,GOES-16,1.596e-06,7.780e-03,1.207e-02,-56.0,-18.0,LEA,-67.753876,-20.737812,-845.8964,-323.2359,GOES-16_XRS,1,7030,0,3182
2023-01-07 05:01:00,2023-01-07 04:56:00,2023-01-07 05:05:00,202301070456,2.381e-06,C2.3,GOES-16,1.506e-06,1.104e-03,1.322e-03,,,,-55.683655,-20.844557,-754.9262,-314.23047,GOES-16_XRS,1,7070,0,3182
2023-01-07 09:05:00,2023-01-07 08:54:00,,202301070854,2.236e-06,C2.2,GOES-16,1.385e-06,1.672e-03,,,,,26.156012,-2.1478574,431.5461,20.041325,GOES-16_XRS,1,7100,0,3181
2023-01-07 09:32:00,2023-01-07 09:28:00,2023-01-07 09:39:00,202301070928,2.036e-06,C2.0,GOES-16,1.905e-06,9.457e-04,1.531e-03,,,,8.3183775,-7.8507986,140.46196,-71.59113,GOES-16_XRS,2,7110,0,3182
2023-01-07 11:01:00,2023-01-07 10:48:00,,202301071048,6.926e-06,C6.9,GOES-16,2.024e-06,4.373e-03,,,,,-58.041748,-15.586315,-799.1961,-229.97057,GOES-16_XRS,1,,0,
2023-01-07 11:09:00,2023-01-07 11:06:00,2023-01-07 11:12:00,202301071106,6.966e-06,C6.9,GOES-16,5.994e-06,2.715e-03,3.080e-03,,,,-58.85782,-14.890006,-808.8482,-219.14603,GOES-16_XRS,2,7130,0,3182
2023-01-07 16:54:00,2023-01-07 16:29:00,2023-01-07 17:07:00,202301071629,8.725e-06,C8.7,GOES-16,1.739e-06,8.365e-03,1.255e-02,,,,-56.292908,-14.770252,-786.73486,-214.63336,GOES-16_XRS,1,7200,0,3182
2023-01-07 18:25:00,2023-01-07 18:13:00,,202301071813,4.534e-06,C4.5,GOES-16,2.248e-06,3.198e-03,,,,,-54.87735,-19.467636,-754.26825,-290.6578,GOES-16_XRS,1,7210,0,3182
2023-01-07 18:34:00,2023-01-07 18:31:00,2023-01-07 18:37:00,202301071831,5.118e-06,C5.1,GOES-16,3.795e-06,1.888e-03,2.119e-03,,,,-55.555847,-17.862553,-767.708,-265.00256,GOES-16_XRS,2,7220,0,3182
2023-01-07 20:51:00,2023-01-07 20:44:00,,202301072044,3.159e-06,C3.1,GOES-16,2.135e-06,1.762e-03,,-55.0,-15.0,HOL,-39.605896,-16.845655,-597.324,-235.84946,GOES-16_XRS,1,7240,0,3182
2023-01-07 21:05:00,2023-01-07 20:52:00,2023-01-07 21:11:00,202301072052,4.724e-06,C4.7,GOES-16,3.045e-06,3.960e-03,4.892e-03,-55.0,-17.0,HOL,-43.195343,-17.46899,-639.0713,-248.6324,GOES-16_XRS,2,7260,0,3182
2023-01-07 22:05:00,2023-01-07 22:01:00,2023-01-07 22:18:00,202301072201,4.952e-06,C4.9,GOES-16,2.017e-06,1.752e-03,4.382e-03,,,,-52.766144,-15.404199,-750.88367,-221.88863,GOES-16_XRS,1,7280,0,3182
2023-01-07 22:38:00,2023-01-07 22:30:00,2023-01-07 22:46:00,202301072230,3.693e-06,C3.6,GOES-16,2.158e-06,2.205e-03,3.304e-03,-52.0,-17.0,LEA,-50.0524,-15.040372,-724.3984,-213.55997,GOES-16_XRS,1,7290,0,3182
2023-01-07 23:32:00,2023-01-07 23:27:00,2023-01-07 23:36:00,202301072327,4.368e-06,C4.3,GOES-16,1.925e-06,1.822e-03,2.174e-03,-52.0,-17.0,LEA,-51.597748,-18.230797,-728.1832,-267.49692,GOES-16_XRS,1,7300,0,3182
2023-01-07 23:52:00,2023-01-07 23:43:00,2023-01-08 00:03:00,202301072343,3.872e-06,C3.8,GOES-16,2.688e-06,2.650e-03,4.492e-03,,,,-43.73883,-16.368404,-649.26984,-230.66446,GOES-16_XRS,1,7310,0,3182
2023-01-08 02:29:00,2023-01-08 02:20:00,2023-01-08 02:40:00,202301080220,4.395e-06,C4.3,GOES-16,2.867e-06,2.865e-03,4.965e-03,-38.0,-16.0,LEA,-49.630127,-18.928202,-705.1221,-277.18594,GOES-16_XRS,1,7320,0,3182
2023-01-08 03:08:00,2023-01-08 02:52:00,,202301080252,6.394e-06,C6.3,GOES-16,2.908e-06,5.930e-03,,,,,-52.216217,-20.578705,-723.79553,-306.0903,GOES-16_XRS,1,7330,0,3182
2023-01-08 03:31:00,2023-01-08 03:17:00,,202301080317,7.078e-06,C7.0,GOES-16,5.910e-06,7.163e-03,,,,,-50.346954,-17.27597,-719.2976,-250.5861,GOES-16_XRS,2,7350,0,3182
2023-01-08 03:44:00,2023-01-08 03:37:00,2023-01-08 03:48:00,202301080337,9.351e-06,C9.3,GOES-16,6.867e-06,5.368e-03,6.249e-03,-49.0,-17.0,LEA,-49.439026,-16.896057,-711.25024,-243.57317,GOES-16_XRS,3,7360,0,3182
2023-01-08 04:55:00,2023-01-08 04:37:00,2023-01-08 05:20:00,202301080437,8.004e-06,C8.0,GOES-16,3.736e-06,8.941e-03,1.870e-02,,,,,,-1017.6885,-193.79045,GOES-16_XRS,1,7370,0,3184
2023-01-08 07:05:00,2023-01-08 06:58:00,,202301080658,5.045e-06,C5.0,GOES-16,3.688e-06,2.919e-03,,-47.0,-17.0,LEA,-49.39148,-17.713545,-707.5861,-256.84235,GOES-16_XRS,1,7400,0,3182
2023-01-08 07:24:00,2023-01-08 07:11:00,2023-01-08 07:34:00,202301080711,6.392e-06,C6.3,GOES-16,4.475e-06,5.621e-03,8.329e-03,,,,-59.109894,-16.856201,-803.07837,-251.07028,GOES-16_XRS,2,7410,0,3182
2023-01-08 08:54:00,2023-01-08 08:39:00,2023-01-08 09:05:00,202301080839,1.216e-05,M1.2,GOES-16,3.502e-06,8.764e-03,1.364e-02,,,,-81.44479,-14.157519,-936.0305,-228.89148,GOES-16_XRS,1,7430,0,3184
2023-01-08 12:05:00,2023-01-08 11:56:00,2023-01-08 12:10:00,202301081156,5.399e-06,C5.3,GOES-16,3.313e-06,3.358e-03,4.108e-03,-40.0,-17.0,SVI,-39.21237,-16.176273,-594.41595,-223.57217,GOES-16_XRS,1,7510,0,3182
2023-01-08 12:38:00,2023-01-08 12:22:00,2023-01-08 13:02:00,202301081222,6.155e-06,C6.1,GOES-16,2.850e-06,5.850e-03,1.289e-02,,,,,,-1007.12976,-247.07852,GOES-16_XRS,1,7530,0,3184
2023-01-08 14:36:00,2023-01-08 14:26:00,2023-01-08 14:46:00,202301081426,5.457e-06,C5.4,GOES-16,2.767e-06,3.448e-03,5.593e-03,,,,-80.45462,-11.903783,-942.0586,-190.33287,GOES-16_XRS,1,7550,0,3184
2023-01-08 15:07:00,2023-01-08 14:51:00,2023-01-08 15:20:00,202301081451,1.442e-05,M1.4,GOES-16,3.596e-06,1.095e-02,1.830e-02,,,,,,-945.49194,-247.02037,GOES-16_XRS,1,7560,0,3184
2023-01-08 18:57:00,2023-01-08 18:44:00,,202301081844,9.727e-06,C9.7,GOES-16,1.916e-06,6.060e-03,,,,,,,-960.7909,-223.62726,GOES-16_XRS,1,7650,0,3184
2023-01-08 19:11:00,2023-01-08 19:02:00,2023-01-08 19:18:00,202301081902,1.092e-05,M1.0,GOES-16,9.221e-06,8.035e-03,1.111e-02,-86.0,-15.0,HOL,-86.75644,-13.290518,-948.1324,-220.20226,GOES-16_XRS,2,7690,0,3184
2023-01-08 21:41:00,2023-01-08 21:36:00,2023-01-08 21:45:00,202301082136,3.112e-06,C3.1,GOES-16,1.660e-06,1.298e-03,1.552e-03,,,,-25.253632,-15.240999,-403.21643,-199.29327,GOES-16_XRS,1,7710,0,3182
2023-01-08 22:44:00,2023-01-08 22:37:00,2023-01-08 22:52:00,202301082237,2.031e-06,C2.0,GOES-16,1.468e-06,1.211e-03,1.852e-03,,,,-64.658356,-16.255209,-848.0717,-245.8648,GOES-16_XRS,1,7720,0,3184
2023-01-09 00:43:00,2023-01-09 00:28:00,,202301090028,5.162e-06,C5.1,GOES-16,1.948e-06,3.880e-03,,-39.0,-21.0,LEA,-36.13739,-19.229841,-545.17554,-271.21503,GOES-16_XRS,1,7750,0,3182
2023-01-09 01:02:00,2023-01-09 00:51:00,2023-01-09 01:18:00,202301090051,1.143e-05,M1.1,GOES-16,3.833e-06,8.047e-03,1.576e-02,,,,-85.43967,-13.768162,-944.84576,-226.62045,GOES-16_XRS,2,7870,0,3184
2023-01-09 02:00:00,2023-01-09 01:54:00,,202301090154,4.374e-06,C4.3,GOES-16,2.184e-06,1.925e-03,,-82.0,-16.0,LEA,-36.746674,-17.894285,-557.4256,-249.55136,GOES-16_XRS,1,7780,0,3181
2023-01-09 02:07:00,2023-01-09 02:02:00,2023-01-09 02:10:00,202301090202,5.750e-06,C5.7,GOES-16,3.830e-06,2.588e-03,2.845e-03,,,,-24.594696,-16.240486,-391.43106,-215.37291,GOES-16_XRS,2,7850,0,3184
2023-01-09 04:51:00,2023-01-09 04:46:00,2023-01-09 04:53:00,202301090446,4.841e-06,C4.8,GOES-16,1.987e-06,1.626e-03,1.773e-03,-82.0,-16.0,LEA,,,-942.29535,-257.74652,GOES-16_XRS,1,7840,0,
2023-01-09 05:53:00,2023-01-09 05:45:00,2023-01-09 05:59:00,202301090545,3.064e-06,C3.0,GOES-16,1.968e-06,1.894e-03,2.508e-03,,,,-72.74701,-12.030306,-912.4114,-183.84352,GOES-16_XRS,1,7880,0,3184
2023-01-09 07:05:00,2023-01-09 06:57:00,2023-01-09 07:14:00,202301090657,2.913e-06,C2.9,GOES-16,2.023e-06,1.784e-03,2.860e-03,-82.0,-16.0,LEA,-57.44403,-16.401459,-790.7165,-241.07802,GOES-16_XRS,1,7900,0,3184
2023-01-09 09:01:00,2023-01-09 08:45:00,2023-01-09 09:15:00,202301090845,2.148e-05,M2.1,GOES-16,2.872e-06,1.219e-02,2.378e-02,26.0,-16.0,LEA,14.311647,-17.58835,230.88483,-233.55826,GOES-16_XRS,1,7910,0,3181
2023-01-09 13:22:00,2023-01-09 13:15:00,2023-01-09 13:30:00,202301091315,1.026e-05,M1.0,GOES-16,1.920e-06,3.886e-03,6.222e-03,,,,24.9973,-17.89775,393.89465,-242.31523,GOES-16_XRS,1,7960,0,3181
2023-01-09 15:05:00,2023-01-09 14:48:00,2023-01-09 15:12:00,202301091448,7.858e-06,C7.8,GOES-16,3.337e-06,7.508e-03,9.295e-03,-74.0,-15.0,HOL,,,-950.7915,-218.76627,GOES-16_XRS,1,7990,0,3184
2023-01-09 15:46:00,2023-01-09 15:43:00,2023-01-09 15:55:00,202301091543,5.190e-06,C5.1,GOES-16,3.458e-06,1.808e-03,3.711e-03,,,,-67.47586,-11.595536,-884.2659,-170.7124,GOES-16_XRS,1,8000,0,3184
2023-01-09 16:48:00,2023-01-09 16:43:00,2023-01-09 16:56:00,202301091643,4.689e-06,C4.6,GOES-16,2.464e-06,2.077e-03,3.384e-03,29.0,-16.0,HOL,34.71991,-16.80264,533.89056,-229.2751,GOES-16_XRS,1,8020,0,3181
2023-01-09 18:50:00,2023-01-09 18:37:00,2023-01-09 18:56:00,202301091837,1.972e-04,X1.9,GOES-16,3.086e-06,7.101e-02,9.665e-02,-72.0,-14.0,HOL,-75.28494,-14.479456,-914.61206,-227.01538,GOES-16_XRS,1,8040,0,3184
2023-01-09 20:55:00,2023-01-09 20:50:00,2023-01-09 21:01:00,202301092050,5.934e-06,C5.9,GOES-16,2.031e-06,2.289e-03,3.270e-03,-79.0,24.0,HOL,-79.12845,22.871931,-883.2222,390.22104,GOES-16_XRS,1,8060,0,
2023-01-09 22:09:00,2023-01-09 22:02:00,2023-01-09 22:13:00,202301092202,4.172e-06,C4.1,GOES-16,1.955e-06,1.999e-03,2.357e-03,-80.0,24.0,HOL,-73.43973,23.645412,-857.4193,408.38834,GOES-16_XRS,1,8080,0,
2023-01-09 22:34:00,2023-01-09 22:27:00,2023-01-09 22:40:00,202301092227,4.337e-06,C4.3,GOES-16,2.815e-06,2.417e-03,3.269e-03,,,,-51.63492,16.97689,-733.4647,325.17764,GOES-16_XRS,1,8090,0,
2023-01-09 22:58:00,2023-01-09 22:44:00,2023-01-09 23:21:00,202301092244,6.752e-06,C6.7,GOES-16,4.004e-06,6.063e-03,1.334e-02,-23.0,-17.0,HOL,,,884.5844,-471.0991,GOES-16_XRS,1,8100,0,3181
2023-01-10 00:16:00,2023-01-10 00:09:00,2023-01-10 00:21:00,202301100009,5.153e-05,M5.1,GOES-16,4.365e-06,1.667e-02,2.167e-02,-80.0,25.0,LEA,-75.20337,20.561987,-883.89575,358.33627,GOES-16_XRS,1,8130,0,3186
2023-01-10 00:51:00,2023-01-10 00:47:00,2023-01-10 01:09:00,202301100047,6.365e-06,C6.3,GOES-16,4.043e-06,2.699e-03,7.908e-03,-80.0,25.0,LEA,48.79419,-18.435825,698.3315,-266.1351,GOES-16_XRS,1,8140,0,3181
2023-01-10 02:16:00,2023-01-10 02:08:00,2023-01-10 02:23:00,202301100208,1.082e-05,M1.0,GOES-16,3.627e-06,4.940e-03,7.167e-03,-75.0,-16.0,LEA,-70.98038,-10.048271,-909.45807,-148.20273,GOES-16_XRS,1,8160,0,3184
2023-01-10 02:41:00,2023-01-10 02:33:00,2023-01-10 02:53:00,202301100233,2.693e-05,M2.6,GOES-16,5.745e-06,1.328e-02,2.515e-02,26.0,-16.0,LEA,33.186256,-17.478218,511.23907,-238.90306,GOES-16_XRS,1,8170,0,3181
2023-01-10 03:43:00,2023-01-10 03:37:00,2023-01-10 03:48:00,202301100337,5.452e-06,C5.4,GOES-16,3.979e-06,2.932e-03,3.745e-03,-77.0,25.0,LEA,,,-1166.9292,578.9931,GOES-16_XRS,1,8200,0,3186
2023-01-10 05:17:00,2023-01-10 05:12:00,2023-01-10 05:24:00,202301100512,2.528e-06,C2.5,GOES-16,1.827e-06,1.229e-03,1.907e-03,-77.0,25.0,LEA,-39.583893,16.68949,-597.3891,330.89755,GOES-16_XRS,1,8240,0,3186
2023-01-10 05:59:00,2023-01-10 05:54:00,2023-01-10 06:15:00,202301100554,3.886e-06,C3.8,GOES-16,2.093e-06,1.754e-03,4.315e-03,-75.0,-16.0,LEA,,,-999.16833,-150.01154,GOES-16_XRS,1,8280,0,3184
2023-01-10 08:16:00,2023-01-10 08:04:00,2023-01-10 08:21:00,202301100804,5.342e-06,C5.3,GOES-16,2.254e-06,3.506e-03,4.191e-03,-77.0,25.0,LEA,-57.353546,-10.1343,-810.5807,-135.2261,GOES-16_XRS,1,8310,0,3186
2023-01-10 09:06:00,2023-01-10 08:54:00,2023-01-10 09:20:00,202301100854,8.804e-06,C8.8,GOES-16,3.477e-06,5.743e-03,1.083e-02,-77.0,25.0,LEA,-51.98001,19.188753,-727.6545,360.5917,GOES-16_XRS,1,8330,0,3186
2023-01-10 11:08:00,2023-01-10 10:59:00,2023-01-10 11:11:00,202301101059,1.099e-05,M1.0,GOES-16,2.614e-06,4.496e-03,4.835e-03,,,,-70.404785,-13.093589,-896.4804,-198.32732,GOES-16_XRS,1,8350,0,3184
2023-01-10 12:17:00,2023-01-10 12:10:00,2023-01-10 12:19:00,202301101210,8.558e-06,C8.5,GOES-16,3.239e-06,3.363e-03,3.664e-03,,,,,,-896.64154,-424.84235,GOES-16_XRS,1,8360,0,
2023-01-10 12:45:00,2023-01-10 12:41:00,2023-01-10 12:47:00,202301101241,5.384e-06,C5.3,GOES-16,3.317e-06,1.989e-03,2.196e-03,,,,10.431051,19.83682,166.8314,395.45895,GOES-16_XRS,1,8370,0,3185
2023-01-10 13:02:00,2023-01-10 12:58:00,2023-01-10 13:16:00,202301101258,5.174e-06,C5.1,GOES-16,3.338e-06,2.130e-03,5.375e-03,,,,-71.22742,-10.339821,-909.93713,-153.10214,GOES-16_XRS,1,8380,0,
2023-01-10 13:59:00,2023-01-10 13:49:00,2023-01-10 14:04:00,202301101349,6.853e-06,C6.8,GOES-16,3.847e-06,4.385e-03,5.318e-03,,,,-57.062897,-0.4308445,-820.7137,30.190853,GOES-16_XRS,1,8390,0,3186
2023-01-10 14:47:00,2023-01-10 14:44:00,2023-01-10 14:52:00,202301101444,8.738e-06,C8.7,GOES-16,3.388e-06,2.586e-03,3.613e-03,,,,-63.172424,-13.963377,-846.51984,-205.04166,GOES-16_XRS,1,8400,0,3184
2023-01-10 16:13:00,2023-01-10 16:02:00,2023-01-10 16:25:00,202301101602,7.398e-06,C7.3,GOES-16,5.171e-06,5.836e-03,9.851e-03,,,,-14.069183,-2.202177,-238.03201,29.640608,GOES-16_XRS,1,8430,0,3186
2023-01-10 17:28:00,2023-01-10 17:17:00,2023-01-10 17:33:00,202301101717,1.351e-05,M1.3,GOES-16,3.346e-06,7.372e-03,8.768e-03,,,,-62.09442,19.950527,-811.84644,363.09207,GOES-16_XRS,1,8450,0,3186
2023-01-10 17:48:00,2023-01-10 17:44:00,2023-01-10 17:51:00,202301101744,1.254e-05,M1.2,GOES-16,3.707e-06,3.453e-03,3.829e-03,,,,-57.984436,-14.815628,-801.55927,-213.89667,GOES-16_XRS,1,8470,0,3184
2023-01-10 19:38:00,2023-01-10 19:31:00,2023-01-10 19:42:00,202301101931,3.401e-06,C3.4,GOES-16,2.160e-06,1.776e-03,2.084e-03,,,,-16.325287,-12.25986,-269.13394,-142.27989,GOES-16_XRS,1,8490,0,3182
2023-01-10 20:18:00,2023-01-10 20:09:00,,202301102009,2.804e-06,C2.8,GOES-16,1.991e-06,1.945e-03,,,,,-39.97577,-13.391349,-611.8209,-174.28322,GOES-16_XRS,1,8500,0,3184
2023-01-10 20:29:00,2023-01-10 20:26:00,2023-01-10 20:31:00,202301102026,2.805e-06,C2.8,GOES-16,2.735e-06,1.162e-03,1.327e-03,,,,-29.11087,-3.4695551,-475.63107,1.589818,GOES-16_XRS,2,,0,
2023-01-10 22:47:00,2023-01-10 22:39:00,2023-01-10 22:51:00,202301102239,1.061e-04,X1.0,GOES-16,2.167e-06,2.362e-02,2.824e-02,-66.0,25.0,LEA,-60.839325,18.789095,-808.0512,346.1391,GOES-16_XRS,1,8510,0,3186
2023-01-10 23:57:00,2023-01-10 23:45:00,2023-01-11 00:06:00,202301102345,5.262e-06,C5.2,GOES-16,2.346e-06,3.737e-03,5.487e-03,,,,,,,,,1,8530,0,3186
2023-01-11 00:59:00,2023-01-11 00:39:00,2023-01-11 01:09:00,202301110039,2.473e-05,M2.4,GOES-16,2.354e-06,1.588e-02,2.347e-02,-66.0,25.0,LEA,-60.241974,23.280844,-779.3941,417.1324,GOES-16_XRS,1,8610,0,3186
2023-01-11 01:56:00,2023-01-11 01:49:00,2023-01-11 02:00:00,202301110149,5.671e-05,M5.6,GOES-16,4.712e-06,1.798e-02,2.087e-02,-21.0,-16.0,LEA,-55.895447,-15.161989,-781.5897,-217.28934,GOES-16_XRS,1,8620,0,3184
2023-01-11 03:38:00,2023-01-11 03:28:00,2023-01-11 03:43:00,202301110328,6.835e-06,C6.8,GOES-16,4.771e-06,5.045e-03,6.078e-03,-21.0,-16.0,LEA,-4.261688,-22.426998,-67.3026,-308.13486,GOES-16_XRS,1,8670,0,3182
2023-01-11 05:18:00,2023-01-11 05:12:00,2023-01-11 05:24:00,202301110512,3.798e-06,C3.7,GOES-16,2.581e-06,1.904e-03,2.675e-03,-66.0,25.0,LEA,-62.904053,21.317696,-810.4417,384.09607,GOES-16_XRS,1,8710,0,3186
2023-01-11 06:09:00,2023-01-11 05:31:00,2023-01-11 06:28:00,202301110531,1.303e-05,M1.3,GOES-16,2.876e-06,2.029e-02,3.055e-02,11.0,24.0,LEA,60.09527,-15.880751,815.16565,-233.16412,GOES-16_XRS,1,8730,0,3181
2023-01-11 08:33:00,2023-01-11 08:25:00,2023-01-11 08:35:00,202301110825,3.141e-05,M3.1,GOES-16,2.170e-06,5.703e-03,5.893e-03,-66.0,-25.0,LEA,-54.56424,18.559877,-755.2513,349.12448,GOES-16_XRS,1,8760,0,3186
2023-01-11 10:40:00,2023-01-11 10:32:00,2023-01-11 10:46:00,202301111032,3.350e-06,C3.3,GOES-16,2.366e-06,2.098e-03,2.793e-03,,,,-3.7515564,-17.984932,-60.980286,-234.64186,GOES-16_XRS,1,8810,0,3182
2023-01-11 15:31:00,2023-01-11 15:26:00,2023-01-11 15:34:00,202301111526,4.699e-06,C4.6,GOES-16,3.184e-06,2.178e-03,2.386e-03,,,,49.978134,-20.3518,702.39,-296.5388,GOES-16_XRS,1,8880,0,3181
2023-01-11 21:00:00,2023-01-11 20:47:00,2023-01-11 21:09:00,202301112047,8.071e-06,C8.0,GOES-16,3.797e-06,6.010e-03,8.735e-03,-48.0,-14.0,HOL,-51.913116,-16.36228,-738.72375,-232.58589,GOES-16_XRS,1,8920,0,3184
2023-01-12 03:41:00,2023-01-12 03:35:00,2023-01-12 03:44:00,202301120335,7.240e-06,C7.2,GOES-16,3.303e-06,2.924e-03,3.120e-03,59.0,-17.0,LEA,64.54126,-19.004448,834.32697,-288.21307,GOES-16_XRS,1,9060,0,3181
2023-01-12 06:18:00,2023-01-12 05:53:00,,202301120553,1.135e-05,M1.1,GOES-16,3.351e-06,1.374e-02,,,,,-47.577393,22.292263,-668.0537,414.9875,GOES-16_XRS,1,9100,0,3186
2023-01-12 06:46:00,2023-01-12 06:33:00,2023-01-12 07:01:00,202301120633,1.592e-05,M1.5,GOES-16,8.858e-06,1.307e-02,2.408e-02,,,,-49.177673,23.391123,-679.2494,430.45236,GOES-16_XRS,2,9100,0,3186
2023-01-12 07:53:00,2023-01-12 07:46:00,2023-01-12 07:57:00,202301120746,6.814e-06,C6.8,GOES-16,4.542e-06,3.838e-03,4.466e-03,-75.0,-16.0,LEA,-27.69989,-15.807976,-438.03235,-204.49945,GOES-16_XRS,1,9140,0,3184
2023-01-12 08:10:00,2023-01-12 08:06:00,2023-01-12 08:15:00,202301120806,5.908e-06,C5.9,GOES-16,4.243e-06,2.522e-03,3.426e-03,-75.0,-16.0,LEA,-39.9469,-18.282885,-596.74347,-253.62926,GOES-16_XRS,1,9150,0,3184
2023-01-12 10:06:00,2023-01-12 10:00:00,2023-01-12 10:10:00,202301121000,6.497e-06,C6.4,GOES-16,3.557e-06,3.086e-03,3.665e-03,-52.0,27.0,LEA,28.201807,-15.905108,445.09894,-206.25937,GOES-16_XRS,1,9190,0,3186
2023-01-12 11:28:00,2023-01-12 11:08:00,2023-01-12 11:45:00,202301121108,1.234e-05,M1.2,GOES-16,3.543e-06,1.285e-02,2.168e-02,69.0,-14.0,SVI,,,976.74023,-211.59932,GOES-16_XRS,1,9200,0,3181
2023-01-12 13:51:00,2023-01-12 13:44:00,2023-01-12 13:57:00,202301121344,4.832e-06,C4.8,GOES-16,3.320e-06,2.610e-03,3.574e-03,71.0,-14.0,SVI,56.0569,-15.124503,783.15796,-215.31157,GOES-16_XRS,1,9260,0,3181
2023-01-12 14:57:00,2023-01-12 14:39:00,2023-01-12 15:09:00,202301121439,1.035e-05,M1.0,GOES-16,3.293e-06,8.982e-03,1.354e-02,,,,11.000999,-15.098681,180.5162,-185.49464,GOES-16_XRS,1,9290,0,3182
2023-01-12 15:56:00,2023-01-12 15:48:00,2023-01-12 16:00:00,202301121548,5.154e-06,C5.1,GOES-16,3.393e-06,3.094e-03,3.584e-03,10.0,-18.0,HOL,13.618695,-17.623806,219.85449,-228.28337,GOES-16_XRS,1,9310,0,3182
2023-01-12 19:00:00,2023-01-12 18:42:00,,202301121842,5.742e-06,C5.7,GOES-16,2.840e-06,6.017e-03,,-42.0,27.0,HOL,11.8630085,-10.148165,198.275,-101.7135,GOES-16_XRS,1,9340,0,3182
2023-01-12 19:13:00,2023-01-12 19:03:00,2023-01-12 19:23:00,202301121903,1.062e-05,M1.0,GOES-16,5.710e-06,7.005e-03,1.134e-02,,,,16.21797,-11.202405,268.4195,-120.92015,GOES-16_XRS,2,9350,0,3182
2023-01-12 20:32:00,2023-01-12 20:24:00,2023-01-12 20:37:00,202301122024,7.315e-06,C7.3,GOES-16,4.146e-06,4.000e-03,5.003e-03,,,,-34.05893,14.785528,-530.0882,307.73666,GOES-16_XRS,1,9360,0,3186
2023-01-12 21:03:00,2023-01-12 20:50:00,2023-01-12 21:12:00,202301122050,8.583e-06,C8.5,GOES-16,4.757e-06,7.033e-03,1.001e-02,-39.0,25.0,HOL,-27.560608,18.709091,-429.0697,374.6556,GOES-16_XRS,1,9370,0,3186
2023-01-12 22:24:00,2023-01-12 22:14:00,,202301122214,6.754e-06,C6.7,GOES-16,3.662e-06,4.498e-03,,,,,20.639261,-23.229345,317.2424,-322.13513,GOES-16_XRS,1,9380,0,
2023-01-12 22:42:00,2023-01-12 22:33:00,2023-01-12 22:45:00,202301122233,5.713e-06,C5.7,GOES-16,5.452e-06,4.366e-03,4.700e-03,,,,50.362583,-25.768482,678.33484,-381.92935,GOES-16_XRS,2,9420,0,
2023-01-13 02:59:00,2023-01-13 02:53:00,2023-01-13 03:02:00,202301130253,1.427e-05,M1.4,GOES-16,6.340e-06,5.925e-03,6.462e-03,-41.0,27.0,LEA,-36.65982,25.13437,-528.9099,467.8955,GOES-16_XRS,1,9490,0,3186
2023-01-13 08:10:00,2023-01-13 08:04:00,2023-01-13 08:13:00,202301130804,6.557e-06,C6.5,GOES-16,4.682e-06,3.296e-03,3.598e-03,-32.0,24.0,SVI,4.63815,7.3016896,78.587845,197.42528,GOES-16_XRS,1,9590,0,3186
2023-01-13 09:14:00,2023-01-13 09:03:00,,202301130903,4.508e-06,C4.5,GOES-16,3.197e-06,3.622e-03,,22.0,-18.0,SVI,29.886229,-19.582682,459.6825,-266.6951,GOES-16_XRS,1,9620,0,3182
2023-01-13 09:30:00,2023-01-13 09:25:00,2023-01-13 09:32:00,202301130925,4.201e-06,C4.2,GOES-16,4.133e-06,2.244e-03,2.490e-03,,,,42.147987,-24.216711,598.8683,-350.13486,GOES-16_XRS,2,,0,
2023-01-13 10:15:00,2023-01-13 10:05:00,2023-01-13 10:18:00,202301131005,3.987e-05,M3.9,GOES-16,3.850e-06,1.240e-02,1.307e-02,84.0,-19.0,SVI,76.72999,-13.510295,924.02216,-210.9343,GOES-16_XRS,1,9630,0,3181
2023-01-13 15:08:00,2023-01-13 14:55:00,2023-01-13 15:25:00,202301131455,8.488e-06,C8.4,GOES-16,3.091e-06,5.766e-03,1.177e-02,-75.0,11.0,HOL,-20.396362,-11.172974,-334.9288,-120.67915,GOES-16_XRS,1,9740,0,3184
2023-01-13 17:01:00,2023-01-13 16:54:00,2023-01-13 17:05:00,202301131654,9.057e-06,C9.0,GOES-16,4.399e-06,4.144e-03,4.878e-03,27.0,-17.0,HOL,32.579544,-20.03919,495.26974,-275.38248,GOES-16_XRS,1,9790,0,3182
2023-01-13 17:35:00,2023-01-13 17:26:00,2023-01-13 17:38:00,202301131726,6.205e-06,C6.2,GOES-16,4.391e-06,4.158e-03,4.463e-03,,,,,,-997.4241,212.93225,GOES-16_XRS,1,9800,0,3191
2023-01-13 20:51:00,2023-01-13 20:41:00,2023-01-13 20:57:00,202301132041,5.006e-06,C5.0,GOES-16,2.942e-06,3.443e-03,4.416e-03,,,,,,-931.2387,414.75162,GOES-16_XRS,1,9840,0,3192
2023-01-13 21:35:00,2023-01-13 21:25:00,2023-01-13 21:55:00,202301132125,5.993e-06,C5.9,GOES-16,2.718e-06,3.536e-03,8.747e-03,-26.0,-10.0,HOL,-24.086243,-11.303198,-391.97702,-124.226,GOES-16_XRS,1,9860,0,3184
2023-01-14 11:06:00,2023-01-14 10:57:00,2023-01-14 11:12:00,202301141057,7.067e-06,C7.0,GOES-16,3.215e-06,3.673e-03,4.931e-03,,,,37.057884,-17.736906,561.833,-239.54933,GOES-16_XRS,1,70,0,3182
2023-01-14 13:50:00,2023-01-14 13:43:00,2023-01-14 13:54:00,202301141343,5.035e-06,C5.0,GOES-16,3.607e-06,2.878e-03,3.389e-03,,,,51.768257,-18.392162,729.0205,-262.95673,GOES-16_XRS,1,130,0,3182
2023-01-14 14:39:00,2023-01-14 14:34:00,,202301141434,5.800e-06,C5.8,GOES-16,3.493e-06,2.624e-03,,38.0,-16.0,HOL,42.874405,-17.451418,635.1539,-239.29068,GOES-16_XRS,1,140,0,3182
2023-01-14 14:58:00,2023-01-14 14:45:00,2023-01-14 15:08:00,202301141445,6.866e-06,C6.8,GOES-16,4.649e-06,6.138e-03,9.043e-03,,,,34.341084,-13.791041,536.3531,-171.5058,GOES-16_XRS,2,,0,
2023-01-14 15:33:00,2023-01-14 15:29:00,2023-01-14 15:37:00,202301141529,5.526e-06,C5.5,GOES-16,3.722e-06,2.228e-03,2.750e-03,,,,43.411095,-17.96444,639.67865,-248.1729,GOES-16_XRS,1,150,0,3182
2023-01-14 20:02:00,2023-01-14 19:54:00,,202301141954,5.736e-06,C5.7,GOES-16,3.162e-06,3.189e-03,,,,,40.339073,-16.907263,606.12317,-227.87756,GOES-16_XRS,1,,0,
2023-01-14 20:21:00,2023-01-14 20:06:00,2023-01-14 20:27:00,202301142006,3.595e-05,M3.5,GOES-16,4.713e-06,2.455e-02,2.959e-02,,,,41.118183,-17.646639,613.2749,-240.74252,GOES-16_XRS,2,220,0,3182
2023-01-14 21:00:00,2023-01-14 20:37:00,2023-01-14 21:18:00,202301142037,4.602e-05,M4.6,GOES-16,1.672e-05,5.371e-02,8.960e-02,,,,42.934406,-17.420582,635.96564,-238.49876,GOES-16_XRS,1,240,0,3182
2023-01-15 03:42:00,2023-01-15 03:08:00,2023-01-15 04:07:00,202301150308,6.025e-05,M6.0,GOES-16,4.524e-06,7.428e-02,1.350e-01,-32.0,-23.0,LEA,-54.635498,12.011377,-779.8582,246.47173,GOES-16_XRS,1,340,0,3191
2023-01-15 12:11:00,2023-01-15 12:07:00,2023-01-15 12:15:00,202301151207,8.385e-06,C8.3,GOES-16,4.125e-06,3.014e-03,3.710e-03,-43.0,12.0,SVI,-48.473785,10.601366,-719.7569,230.02032,GOES-16_XRS,1,500,0,3191
2023-01-15 14:31:00,2023-01-15 14:16:00,2023-01-15 14:50:00,202301151416,4.888e-05,M4.8,GOES-16,3.508e-06,2.757e-02,5.980e-02,-54.0,-15.0,SVI,-58.56024,-16.537144,-799.5462,-238.44395,GOES-16_XRS,1,520,0,3190
2023-01-15 19:34:00,2023-01-15 19:29:00,2023-01-15 19:38:00,202301151929,4.131e-06,C4.1,GOES-16,3.041e-06,1.982e-03,2.373e-03,,,,,,1010.9502,-211.58788,GOES-16_XRS,1,570,0,3182
2023-01-15 21:26:00,2023-01-15 21:20:00,2023-01-15 21:29:00,202301152120,4.822e-06,C4.8,GOES-16,2.404e-06,2.066e-03,2.253e-03,,,,-46.127167,-14.062398,-684.1208,-184.24599,GOES-16_XRS,1,590,0,3190
2023-01-16 04:42:00,2023-01-16 04:32:00,2023-01-16 04:57:00,202301160432,4.595e-06,C4.5,GOES-16,3.073e-06,3.325e-03,6.515e-03,-48.0,-14.0,LEA,-27.537628,-13.874685,-439.49707,-166.05942,GOES-16_XRS,1,770,0,3190
2023-01-16 05:18:00,2023-01-16 05:09:00,2023-01-16 05:25:00,202301160509,5.051e-06,C5.0,GOES-16,3.408e-06,3.401e-03,4.711e-03,-38.0,14.0,LEA,70.24489,-10.214765,904.65704,-146.42545,GOES-16_XRS,1,780,0,3191
2023-01-16 09:23:00,2023-01-16 09:09:00,2023-01-16 09:32:00,202301160909,8.713e-06,C8.7,GOES-16,3.023e-06,6.762e-03,9.522e-03,69.0,-16.0,LEA,59.64665,-14.340774,817.18414,-202.55109,GOES-16_XRS,1,820,0,3182
2023-01-16 11:44:00,2023-01-16 11:36:00,2023-01-16 12:01:00,202301161136,3.183e-06,C3.1,GOES-16,1.910e-06,1.834e-03,4.651e-03,,,,-22.629425,20.264547,-353.3607,406.74368,GOES-16_XRS,1,890,0,
2023-01-16 14:31:00,2023-01-16 14:24:00,2023-01-16 14:42:00,202301161424,3.699e-06,C3.6,GOES-16,2.449e-06,2.032e-03,3.790e-03,,,,-27.443207,20.194324,-423.3698,403.09274,GOES-16_XRS,1,930,0,
2023-01-17 00:13:00,2023-01-17 00:02:00,2023-01-17 00:25:00,202301170002,9.426e-06,C9.4,GOES-16,2.389e-06,5.711e-03,9.861e-03,-36.0,20.0,LEA,-45.279846,23.123907,-639.0196,434.66312,GOES-16_XRS,1,1010,0,3192
2023-01-17 01:23:00,2023-01-17 01:13:00,2023-01-17 01:30:00,202301170113,4.350e-06,C4.3,GOES-16,2.953e-06,3.128e-03,4.249e-03,-35.0,-14.0,LEA,-30.226227,-21.362434,-458.94077,-290.6848,GOES-16_XRS,1,1030,0,3190
2023-01-17 04:23:00,2023-01-17 04:16:00,2023-01-17 04:25:00,202301170416,2.988e-06,C2.9,GOES-16,1.788e-06,1.472e-03,1.594e-03,-75.0,-16.0,LEA,26.063526,-15.064156,415.42368,-183.68034,GOES-16_XRS,1,1090,0,3184
2023-01-17 05:25:00,2023-01-17 05:15:00,2023-01-17 05:33:00,202301170515,3.352e-06,C3.3,GOES-16,1.840e-06,2.131e-03,3.111e-03,,,,,,942.41907,394.87515,GOES-16_XRS,1,1110,0,
2023-01-17 13:17:00,2023-01-17 13:10:00,2023-01-17 13:24:00,202301171310,2.744e-06,C2.7,GOES-16,1.905e-06,1.599e-03,2.299e-03,,,,-34.2164,27.415514,-488.29993,508.44073,GOES-16_XRS,1,1190,0,3192
2023-01-17 15:17:00,2023-01-17 14:58:00,2023-01-17 15:27:00,202301171458,3.659e-06,C3.6,GOES-16,1.840e-06,3.940e-03,5.372e-03,,,,,,919.0344,-359.4656,GOES-16_XRS,1,1210,0,3182
2023-01-17 20:36:00,2023-01-17 20:30:00,2023-01-17 20:48:00,202301172030,2.240e-06,C2.2,GOES-16,1.637e-06,1.177e-03,2.369e-03,,,,-27.275208,11.484866,-439.6324,265.42108,GOES-16_XRS,1,1250,0,
2023-01-17 22:35:00,2023-01-17 22:29:00,2023-01-17 22:39:00,202301172229,3.311e-06,C3.3,GOES-16,1.796e-06,1.428e-03,1.699e-03,,,,-14.15152,2.5582929,-239.22394,122.90577,GOES-16_XRS,1,1270,0,3192
2023-01-17 23:29:00,2023-01-17 23:16:00,2023-01-17 23:43:00,202301172316,1.843e-05,M1.8,GOES-16,2.058e-06,1.004e-02,1.890e-02,,,,-24.927246,-17.73236,-393.05115,-226.38377,GOES-16_XRS,1,1310,0,3190
2023-01-18 01:42:00,2023-01-18 01:35:00,2023-01-18 01:46:00,202301180135,4.127e-06,C4.1,GOES-16,2.374e-06,2.092e-03,2.450e-03,,,,-60.73871,12.597178,-831.89667,251.42697,GOES-16_XRS,1,1340,0,
2023-01-18 05:13:00,2023-01-18 04:58:00,2023-01-18 05:28:00,202301180458,5.007e-06,C5.0,GOES-16,2.284e-06,4.479e-03,8.240e-03,,,,-21.998016,5.037453,-365.36734,161.72498,GOES-16_XRS,1,,0,
2023-01-18 10:35:00,2023-01-18 10:21:00,2023-01-18 10:51:00,202301181021,1.816e-05,M1.8,GOES-16,1.956e-06,9.425e-03,1.935e-02,,,,-20.078766,-17.19908,-321.14258,-214.30672,GOES-16_XRS,1,1420,0,3190
2023-01-18 14:07:00,2023-01-18 13:58:00,2023-01-18 14:09:00,202301181358,3.304e-06,C3.3,GOES-16,1.828e-06,1.844e-03,1.998e-03,,,,-44.643463,7.898509,-680.8101,192.32178,GOES-16_XRS,1,1440,0,3196
2023-01-18 14:40:00,2023-01-18 14:34:00,2023-01-18 14:45:00,202301181434,5.931e-06,C5.9,GOES-16,2.525e-06,2.650e-03,3.326e-03,36.0,22.0,HOL,-48.159424,9.415961,-718.7305,213.94653,GOES-16_XRS,1,1450,0,3186
2023-01-18 15:31:00,2023-01-18 15:23:00,2023-01-18 15:37:00,202301181523,3.488e-06,C3.4,GOES-16,1.839e-06,1.911e-03,2.565e-03,-17.0,19.0,HOL,-18.292297,14.485257,-297.5316,320.34412,GOES-16_XRS,1,1470,0,3192
2023-01-18 20:47:00,2023-01-18 20:37:00,2023-01-18 20:50:00,202301182037,9.494e-06,C9.4,GOES-16,2.213e-06,3.635e-03,3.879e-03,,,,-11.983032,15.111828,-196.26904,333.10312,GOES-16_XRS,1,1560,0,3192
2023-01-18 23:06:00,2023-01-18 22:58:00,2023-01-18 23:19:00,202301182258,3.646e-06,C3.6,GOES-16,1.810e-06,2.129e-03,4.158e-03,-16.0,-21.0,HOL,-17.587158,-22.657593,-273.017,-302.31287,GOES-16_XRS,1,1580,0,3190
2023-01-19 00:58:00,2023-01-19 00:55:00,2023-01-19 01:14:00,202301190055,3.867e-06,C3.8,GOES-16,2.207e-06,1.357e-03,4.241e-03,-9.0,15.0,LEA,-10.033722,14.069938,-165.4895,317.11115,GOES-16_XRS,1,1590,0,3192
2023-01-19 03:55:00,2023-01-19 03:47:00,,202301190347,3.643e-06,C3.6,GOES-16,1.752e-06,1.893e-03,,,,,-14.152496,21.264133,-223.0554,429.49115,GOES-16_XRS,1,,0,
2023-01-19 04:03:00,2023-01-19 04:00:00,2023-01-19 04:08:00,202301190400,1.119e-05,M1.1,GOES-16,2.933e-06,2.947e-03,4.190e-03,-43.0,11.0,LEA,-39.503967,11.778996,-609.2228,262.2754,GOES-16_XRS,2,1610,0,3196
2023-01-19 05:37:00,2023-01-19 05:26:00,2023-01-19 05:42:00,202301190526,7.256e-06,C7.2,GOES-16,2.220e-06,4.055e-03,4.905e-03,-26.0,-17.0,LEA,-9.804932,-17.274456,-159.25575,-210.7044,GOES-16_XRS,1,1640,0,3190
2023-01-19 08:48:00,2023-01-19 08:41:00,2023-01-19 08:54:00,202301190841,2.629e-06,C2.6,GOES-16,1.641e-06,1.332e-03,1.846e-03,,,,-7.9468994,21.288406,-126.11564,431.80862,GOES-16_XRS,1,1700,0,3192
2023-01-19 09:50:00,2023-01-19 09:41:00,2023-01-19 09:57:00,202301190941,2.950e-06,C2.9,GOES-16,1.701e-06,1.809e-03,2.526e-03,,,,51.359806,22.856697,703.46674,426.62915,GOES-16_XRS,1,1710,0,3186
2023-01-19 10:12:00,2023-01-19 10:06:00,2023-01-19 10:18:00,202301191006,1.772e-05,M1.7,GOES-16,2.068e-06,6.825e-03,9.272e-03,,,,-40.015472,10.857549,-617.76184,246.93498,GOES-16_XRS,1,1730,0,3196
2023-01-19 11:02:00,2023-01-19 10:57:00,2023-01-19 11:04:00,202301191057,4.058e-06,C4.0,GOES-16,2.207e-06,1.644e-03,1.807e-03,,,,-32.61264,9.970236,-519.475,238.74663,GOES-16_XRS,1,1770,0,3196
2023-01-19 15:41:00,2023-01-19 15:26:00,2023-01-19 16:08:00,202301191526,5.588e-06,C5.5,GOES-16,1.896e-06,4.208e-03,1.077e-02,,,,-2.3285522,-11.3091345,-39.02276,-108.382286,GOES-16_XRS,1,1840,0,3190
2023-01-19 18:44:00,2023-01-19 18:35:00,2023-01-19 19:01:00,202301191835,2.965e-06,C2.9,GOES-16,1.958e-06,1.919e-03,4.325e-03,,,,-2.7625122,-14.44398,-45.712173,-161.2727,GOES-16_XRS,1,,0,
2023-01-19 23:05:00,2023-01-19 22:47:00,2023-01-19 23:21:00,202301192247,6.238e-06,C6.2,GOES-16,3.178e-06,6.610e-03,1.106e-02,-2.0,6.0,HOL,-51.750824,15.099952,-741.1372,304.48096,GOES-16_XRS,1,1930,0,3192
2023-01-20 01:52:00,2023-01-20 01:34:00,2023-01-20 02:06:00,202301200134,6.708e-06,C6.7,GOES-16,2.567e-06,6.693e-03,1.070e-02,2.0,-17.0,LEA,-1.6344604,-13.87431,-27.12036,-151.12622,GOES-16_XRS,1,1960,0,3190
2023-01-20 12:57:00,2023-01-20 12:53:00,2023-01-20 13:02:00,202301201253,4.826e-06,C4.8,GOES-16,1.569e-06,1.477e-03,2.029e-03,,,,11.398189,-17.782614,184.27354,-217.5583,GOES-16_XRS,1,2110,0,3190
2023-01-20 14:07:00,2023-01-20 13:47:00,2023-01-20 14:31:00,202301201347,5.314e-06,C5.3,GOES-16,1.704e-06,5.255e-03,1.101e-02,,,,8.231128,-20.639965,131.19072,-264.03668,GOES-16_XRS,1,2120,0,3190
2023-01-20 16:59:00,2023-01-20 16:50:00,2023-01-20 17:05:00,202301201650,4.019e-06,C4.0,GOES-16,2.753e-06,2.655e-03,3.470e-03,10.0,17.0,HOL,7.218951,17.763954,117.157875,379.0792,GOES-16_XRS,1,2150,0,3192
2023-01-20 22:47:00,2023-01-20 22:43:00,2023-01-20 22:50:00,202301202243,7.368e-06,C7.3,GOES-16,2.235e-06,2.260e-03,2.464e-03,14.0,10.0,HOL,16.489439,10.221928,273.47668,254.87216,GOES-16_XRS,1,2210,0,3192
2023-01-20 23:46:00,2023-01-20 23:41:00,2023-01-20 23:50:00,202301202341,3.077e-06,C3.0,GOES-16,1.871e-06,1.353e-03,1.643e-03,,,,75.55491,-11.766216,925.24146,-177.10948,GOES-16_XRS,1,2230,0,3184
2023-01-21 01:52:00,2023-01-21 01:48:00,2023-01-21 01:57:00,202301210148,2.913e-06,C2.9,GOES-16,2.038e-06,1.203e-03,1.641e-03,,,,14.396096,16.524338,233.32812,358.00937,GOES-16_XRS,1,2270,0,3192
2023-01-21 02:38:00,2023-01-21 02:32:00,2023-01-21 02:43:00,202301210232,3.051e-06,C3.0,GOES-16,2.068e-06,1.616e-03,2.074e-03,,,,,,998.59174,-202.48744,GOES-16_XRS,1,2300,0,3184
2023-01-21 04:03:00,2023-01-21 03:56:00,2023-01-21 04:07:00,202301210356,3.225e-06,C3.2,GOES-16,1.950e-06,1.685e-03,1.986e-03,,,,72.11466,-6.431219,923.15845,-82.42284,GOES-16_XRS,1,2330,0,3184
2023-01-21 05:38:00,2023-01-21 05:31:00,2023-01-21 05:42:00,202301210531,4.524e-06,C4.5,GOES-16,1.935e-06,2.201e-03,2.551e-03,,,,,,995.3533,-216.04776,GOES-16_XRS,1,2350,0,3184
2023-01-21 09:44:00,2023-01-21 09:35:00,2023-01-21 09:49:00,202301210935,4.687e-06,C4.6,GOES-16,2.652e-06,2.870e-03,3.508e-03,,,,-10.344391,6.4163694,-174.72423,194.45274,GOES-16_XRS,1,2400,0,3199
2023-01-21 11:10:00,2023-01-21 11:02:00,,202301211102,3.668e-06,C3.6,GOES-16,2.484e-06,2.242e-03,,,,,67.55356,9.479262,890.0751,193.01944,GOES-16_XRS,1,,0,
2023-01-21 11:25:00,2023-01-21 11:21:00,2023-01-21 11:28:00,202301211121,3.776e-06,C3.7,GOES-16,3.408e-06,1.730e-03,1.932e-03,20.0,17.0,SVI,42.761333,7.4544497,658.4015,190.02211,GOES-16_XRS,2,2440,0,3192
2023-01-21 20:18:00,2023-01-21 20:09:00,2023-01-21 20:23:00,202301212009,5.652e-06,C5.6,GOES-16,2.395e-06,2.824e-03,3.522e-03,43.0,-27.0,HOL,40.890377,-25.686436,576.9424,-362.23734,GOES-16_XRS,1,2590,0,3194
2023-01-22 02:16:00,2023-01-22 02:09:00,2023-01-22 02:22:00,202301220209,7.048e-06,C7.0,GOES-16,2.228e-06,3.388e-03,4.505e-03,,,,28.354921,14.246242,450.42078,315.23016,GOES-16_XRS,1,2670,0,3192
2023-01-22 10:50:00,2023-01-22 10:37:00,2023-01-22 11:00:00,202301221037,8.396e-06,C8.3,GOES-16,2.775e-06,5.460e-03,8.334e-03,,,,33.16886,17.682558,509.87918,366.81104,GOES-16_XRS,1,2780,0,3192
2023-01-22 11:44:00,2023-01-22 11:39:00,,202301221139,5.160e-06,C5.1,GOES-16,3.390e-06,2.335e-03,,,,,50.73066,-27.760244,669.5856,-403.54364,GOES-16_XRS,1,,0,
2023-01-22 11:56:00,2023-01-22 11:52:00,,202301221152,6.165e-06,C6.1,GOES-16,4.795e-06,2.679e-03,,,,,38.268517,-24.910307,549.4123,-346.8781,GOES-16_XRS,2,,0,
2023-01-22 12:08:00,2023-01-22 12:00:00,,202301221200,6.380e-06,C6.3,GOES-16,5.768e-06,4.444e-03,,,,,38.293266,-26.960186,540.20496,-379.30206,GOES-16_XRS,3,,0,
2023-01-22 12:26:00,2023-01-22 12:11:00,2023-01-22 12:33:00,202301221211,1.148e-05,M1.1,GOES-16,6.104e-06,9.798e-03,1.251e-02,,,,43.903637,-26.477053,606.91675,-376.7156,GOES-16_XRS,4,2790,0,3190
2023-01-22 14:11:00,2023-01-22 14:04:00,2023-01-22 14:17:00,202301221404,3.651e-06,C3.6,GOES-16,2.268e-06,1.962e-03,2.673e-03,,,,48.42865,-27.54187,648.4289,-397.6976,GOES-16_XRS,1,2800,0,
2023-01-22 15:18:00,2023-01-22 15:01:00,2023-01-22 15:27:00,202301221501,4.529e-06,C4.5,GOES-16,2.762e-06,4.945e-03,6.576e-03,53.0,-27.0,HOL,47.66355,-24.350843,658.35803,-346.69385,GOES-16_XRS,1,2820,0,3194
2023-01-22 15:53:00,2023-01-22 15:47:00,2023-01-22 16:06:00,202301221547,4.716e-06,C4.7,GOES-16,3.441e-06,2.447e-03,5.310e-03,42.0,16.0,HOL,58.755894,-6.719218,829.5801,-67.91216,GOES-16_XRS,1,2850,0,3192
2023-01-22 17:02:00,2023-01-22 16:49:00,2023-01-22 17:09:00,202301221649,1.622e-05,M1.6,GOES-16,2.366e-06,8.475e-03,1.152e-02,51.0,-26.0,HOL,51.15459,-25.191298,688.8313,-363.61627,GOES-16_XRS,1,2870,0,3194
2023-01-22 21:28:00,2023-01-22 20:54:00,2023-01-22 21:54:00,202301222054,7.947e-06,C7.9,GOES-16,1.918e-06,1.118e-02,1.930e-02,51.0,12.0,HOL,47.747864,-11.159608,710.0022,-129.34381,GOES-16_XRS,1,2930,0,3191
2023-01-22 22:25:00,2023-01-22 22:06:00,2023-01-22 22:36:00,202301222206,8.909e-06,C8.9,GOES-16,5.731e-06,1.088e-02,1.508e-02,54.0,10.0,HOL,56.778625,11.658437,800.4234,244.64435,GOES-16_XRS,1,2950,0,3191
2023-01-23 06:15:00,2023-01-23 06:10:00,2023-01-23 06:21:00,202301230610,2.914e-06,C2.9,GOES-16,2.121e-06,1.421e-03,2.025e-03,,,,57.555595,4.980763,821.3611,132.58838,GOES-16_XRS,1,3070,0,
2023-01-23 07:47:00,2023-01-23 07:36:00,2023-01-23 07:55:00,202301230736,5.018e-06,C5.0,GOES-16,2.860e-06,3.629e-03,5.352e-03,50.0,-13.0,SVI,61.48617,-25.274677,776.07684,-376.32925,GOES-16_XRS,1,3120,0,3190
2023-01-23 09:37:00,2023-01-23 09:28:00,,202301230928,3.261e-06,C3.2,GOES-16,1.809e-06,2.068e-03,,61.0,-25.0,SVI,58.01345,-25.805414,745.9613,-380.40308,GOES-16_XRS,1,3140,0,3194
2023-01-23 09:59:00,2023-01-23 09:46:00,2023-01-23 10:09:00,202301230946,6.511e-06,C6.5,GOES-16,2.865e-06,5.267e-03,7.680e-03,,,,59.74442,-24.061295,770.4503,-355.02676,GOES-16_XRS,2,,0,
2023-01-23 11:30:00,2023-01-23 11:23:00,2023-01-23 11:37:00,202301231123,3.464e-06,C3.4,GOES-16,2.108e-06,1.936e-03,2.784e-03,55.0,-13.0,SVI,56.87137,-13.948381,794.1143,-186.5676,GOES-16_XRS,1,3230,0,3190
2023-01-23 18:41:00,2023-01-23 18:32:00,2023-01-23 19:05:00,202301231832,3.720e-06,C3.7,GOES-16,2.200e-06,2.316e-03,6.759e-03,,,,78.99383,-27.983727,845.57733,-440.43958,GOES-16_XRS,1,3350,0,3194
2023-01-23 22:59:00,2023-01-23 22:52:00,2023-01-23 23:02:00,202301232252,3.526e-06,C3.5,GOES-16,1.936e-06,1.683e-03,1.831e-03,,,,60.206436,-12.098793,828.8624,-159.5972,GOES-16_XRS,1,3460,0,
2023-01-24 04:26:00,2023-01-24 04:11:00,2023-01-24 04:39:00,202301240411,6.607e-06,C6.6,GOES-16,2.164e-06,5.165e-03,8.503e-03,,,,71.4383,-24.451195,842.223,-375.732,GOES-16_XRS,1,3600,0,3194
2023-01-24 05:47:00,2023-01-24 05:37:00,2023-01-24 05:57:00,202301240537,4.023e-06,C4.0,GOES-16,1.879e-06,2.522e-03,4.098e-03,68.0,-24.0,LEA,62.734283,-23.316132,797.1651,-346.34494,GOES-16_XRS,1,3620,0,3194
2023-01-24 07:07:00,2023-01-24 06:57:00,,202301240657,2.424e-06,C2.4,GOES-16,1.754e-06,1.823e-03,,62.0,12.0,SVI,72.27373,9.52536,916.6135,188.22697,GOES-16_XRS,1,3640,0,3191
2023-01-24 07:25:00,2023-01-24 07:17:00,2023-01-24 07:28:00,202301240717,2.331e-06,C2.3,GOES-16,2.103e-06,1.579e-03,1.708e-03,,,,,,970.171,-136.3429,GOES-16_XRS,2,,0,
2023-01-24 08:30:00,2023-01-24 08:24:00,2023-01-24 08:35:00,202301240824,2.721e-06,C2.7,GOES-16,1.951e-06,1.370e-03,1.788e-03,,,,69.05821,19.71832,857.94086,358.5997,GOES-16_XRS,1,3650,0,
2023-01-24 13:22:00,2023-01-24 13:18:00,2023-01-24 13:25:00,202301241318,2.519e-06,C2.5,GOES-16,1.819e-06,1.045e-03,1.171e-03,66.0,15.0,SVI,65.42078,23.328012,815.01117,419.8674,GOES-16_XRS,1,3720,0,3192
2023-01-24 13:42:00,2023-01-24 13:34:00,2023-01-24 13:47:00,202301241334,3.753e-06,C3.7,GOES-16,2.133e-06,1.945e-03,2.466e-03,71.0,18.0,SVI,69.01571,22.565014,841.313,403.1531,GOES-16_XRS,1,3730,0,3192
2023-01-24 14:35:00,2023-01-24 13:59:00,,202301241359,9.464e-06,C9.4,GOES-16,2.955e-06,1.583e-02,,62.0,19.0,SVI,62.981922,25.4809,785.00006,455.77722,GOES-16_XRS,1,3740,0,3192
2023-01-24 15:15:00,2023-01-24 15:08:00,2023-01-24 15:17:00,202301241508,8.687e-06,C8.6,GOES-16,6.549e-06,4.641e-03,4.984e-03,,,,64.65443,23.155878,811.037,418.3156,GOES-16_XRS,2,3760,0,
2023-01-24 16:49:00,2023-01-24 16:43:00,2023-01-24 16:53:00,202301241643,3.222e-06,C3.2,GOES-16,2.211e-06,1.582e-03,1.884e-03,,,,66.16674,2.977001,891.78613,87.64331,GOES-16_XRS,1,3800,0,3190
2023-01-24 18:51:00,2023-01-24 18:46:00,2023-01-24 18:53:00,202301241846,3.504e-06,C3.5,GOES-16,1.775e-06,1.333e-03,1.462e-03,,,,68.984085,-12.616848,889.17114,-179.9826,GOES-16_XRS,1,,0,
2023-01-25 01:38:00,2023-01-25 01:31:00,,202301250131,3.610e-06,C3.6,GOES-16,2.095e-06,1.844e-03,,74.0,13.0,LEA,75.30759,15.228369,910.3584,277.6946,GOES-16_XRS,1,3880,0,3192
2023-01-25 01:49:00,2023-01-25 01:46:00,2023-01-25 01:51:00,202301250146,4.263e-06,C4.2,GOES-16,2.978e-06,1.493e-03,1.707e-03,,,,72.349945,13.920149,902.3885,260.89325,GOES-16_XRS,2,4000,0,
2023-01-25 04:53:00,2023-01-25 04:43:00,2023-01-25 05:04:00,202301250443,9.679e-06,C9.6,GOES-16,4.666e-06,6.229e-03,1.054e-02,74.0,14.0,LEA,75.90159,16.024942,909.1778,289.73383,GOES-16_XRS,1,3940,0,3192
2023-01-25 08:04:00,2023-01-25 07:59:00,2023-01-25 08:10:00,202301250759,5.841e-06,C5.8,GOES-16,3.090e-06,2.631e-03,3.732e-03,,,,70.34859,7.711854,910.6699,161.33778,GOES-16_XRS,1,4020,0,3192
2023-01-25 08:27:00,2023-01-25 08:21:00,2023-01-25 08:34:00,202301250821,7.283e-06,C7.2,GOES-16,3.537e-06,3.217e-03,4.867e-03,,,,68.295494,-9.376989,894.7722,-124.36338,GOES-16_XRS,1,4030,0,3196
2023-01-25 10:11:00,2023-01-25 09:37:00,2023-01-25 10:48:00,202301250937,4.654e-05,M4.6,GOES-16,6.068e-06,7.018e-02,1.455e-01,78.0,13.0,LEA,87.17333,-12.91237,948.854,-212.33218,GOES-16_XRS,1,4040,0,3190
2023-01-25 14:54:00,2023-01-25 14:44:00,2023-01-25 15:06:00,202301251444,6.111e-06,C6.1,GOES-16,4.002e-06,4.361e-03,7.623e-03,,,,,,1005.6325,90.26893,GOES-16_XRS,1,4110,0,3192
2023-01-25 17:01:00,2023-01-25 16:42:00,2023-01-25 17:12:00,202301251642,1.399e-05,M1.3,GOES-16,5.170e-06,1.327e-02,1.931e-02,77.0,17.0,HOL,77.6305,5.317373,948.5078,109.89745,GOES-16_XRS,1,4130,0,3190
2023-01-25 21:57:00,2023-01-25 21:52:00,2023-01-25 22:10:00,202301252152,4.881e-06,C4.8,GOES-16,3.244e-06,2.283e-03,5.109e-03,75.0,19.0,HOL,75.966896,18.49673,897.2248,329.50818,GOES-16_XRS,1,4170,0,3192
2023-01-25 22:35:00,2023-01-25 22:23:00,2023-01-25 22:43:00,202301252223,2.025e-05,M2.0,GOES-16,3.238e-06,9.601e-03,1.424e-02,,,,78.04127,11.354385,935.29584,210.14185,GOES-16_XRS,1,4190,0,3192
2023-01-26 02:48:00,2023-01-26 02:44:00,2023-01-26 02:53:00,202301260244,2.891e-06,C2.8,GOES-16,1.900e-06,1.168e-03,1.587e-03,-24.0,23.0,LEA,-14.878998,17.314249,-239.8442,376.8717,GOES-16_XRS,1,4220,0,3200
2023-01-26 04:25:00,2023-01-26 04:19:00,2023-01-26 04:34:00,202301260419,3.016e-06,C3.0,GOES-16,2.060e-06,1.539e-03,2.617e-03,6.0,16.0,LEA,17.819283,18.872862,283.27045,400.02588,GOES-16_XRS,1,4240,0,3199
2023-01-26 06:53:00,2023-01-26 06:45:00,2023-01-26 07:00:00,202301260645,2.618e-06,C2.6,GOES-16,1.800e-06,1.616e-03,2.285e-03,,,,,,1071.5807,201.23494,GOES-16_XRS,1,4250,0,3200
2023-01-26 07:33:00,2023-01-26 07:24:00,2023-01-26 07:36:00,202301260724,6.813e-06,C6.8,GOES-16,1.618e-06,2.961e-03,3.157e-03,6.0,16.0,LEA,10.475283,16.096886,170.92337,359.42975,GOES-16_XRS,1,4260,0,3199
2023-01-26 12:40:00,2023-01-26 12:36:00,2023-01-26 12:43:00,202301261236,4.638e-06,C4.6,GOES-16,2.995e-06,1.807e-03,2.019e-03,,,,,,972.6586,-199.96901,GOES-16_XRS,1,4270,0,3194
2023-01-26 13:06:00,2023-01-26 12:53:00,2023-01-26 13:14:00,202301261253,2.871e-05,M2.8,GOES-16,3.732e-06,1.468e-02,2.116e-02,,,,80.79223,15.112018,928.97723,267.55478,GOES-16_XRS,1,4280,0,3192
2023-01-26 14:38:00,2023-01-26 14:32:00,2023-01-26 14:40:00,202301261432,3.231e-06,C3.2,GOES-16,1.957e-06,1.484e-03,1.621e-03,,,,76.241196,-17.00547,905.97906,-262.36658,GOES-16_XRS,1,4290,0,3190
2023-01-26 15:02:00,2023-01-26 14:51:00,2023-01-26 15:18:00,202301261451,4.712e-06,C4.7,GOES-16,2.058e-06,3.393e-03,6.767e-03,,,,,,980.35095,218.47383,GOES-16_XRS,1,4300,0,3192
2023-01-26 18:15:00,2023-01-26 18:06:00,2023-01-26 18:25:00,202301261806,3.507e-06,C3.5,GOES-16,2.364e-06,2.349e-03,3.822e-03,,,,,,994.6578,196.67592,GOES-16_XRS,1,4320,0,3192
2023-01-26 19:14:00,2023-01-26 19:08:00,2023-01-26 19:19:00,202301261908,2.842e-06,C2.8,GOES-16,2.087e-06,1.491e-03,1.925e-03,16.0,18.0,HOL,16.865185,15.888681,272.9851,354.27386,GOES-16_XRS,1,4330,0,3199
2023-01-26 23:30:00,2023-01-26 23:18:00,2023-01-26 23:37:00,202301262318,3.191e-06,C3.1,GOES-16,1.553e-06,2.393e-03,3.144e-03,,,,,,-930.821,325.97534,GOES-16_XRS,1,4360,0,
2023-01-27 01:36:00,2023-01-27 01:21:00,2023-01-27 01:56:00,202301270121,2.876e-06,C2.8,GOES-16,1.455e-06,2.647e-03,5.275e-03,,,,,,-992.61536,-378.48676,GOES-16_XRS,1,4380,0,
2023-01-27 21:39:00,2023-01-27 21:33:00,2023-01-27 21:47:00,202301272133,1.353e-06,C1.3,GOES-16,8.987e-07,6.680e-04,1.080e-03,76.0,14.0,HOL,,,1090.0529,386.41663,GOES-16_XRS,1,4510,0,3202
2023-01-28 08:30:00,2023-01-28 07:33:00,2023-01-28 09:46:00,202301280733,2.996e-06,C2.9,GOES-16,1.031e-06,8.244e-03,1.954e-02,,,,,,981.74475,284.73,GOES-16_XRS,1,4540,0,3202
2023-01-28 09:00:00,2023-01-28 08:57:00,2023-01-28 09:02:00,202301280857,2.874e-06,C2.8,GOES-18,2.713e-06,1.167e-03,1.329e-03,,,,,,948.9162,235.44792,GOES-18_XRS,2,4550,0,3202
2023-01-28 12:01:00,2023-01-28 11:51:00,2023-01-28 12:20:00,202301281151,3.372e-06,C3.3,GOES-16,1.077e-06,2.010e-03,4.469e-03,10.0,20.0,SVI,10.769976,20.99994,170.62881,438.2696,GOES-16_XRS,1,4560,0,3200
2023-01-29 00:12:00,2023-01-29 00:01:00,2023-01-29 00:20:00,202301290001,2.333e-06,C2.3,GOES-16,8.708e-07,1.476e-03,2.093e-03,,,,-53.488464,21.60466,-729.5788,411.93024,GOES-16_XRS,1,4610,0,
2023-01-29 12:08:00,2023-01-29 12:04:00,2023-01-29 12:12:00,202301291204,1.022e-06,C1.0,GOES-16,7.278e-07,4.282e-04,5.260e-04,,,,-68.42984,-22.009975,-841.18286,-330.12308,GOES-16_XRS,1,4620,0,
2023-01-30 04:13:00,2023-01-30 04:04:00,2023-01-30 04:18:00,202301300404,1.540e-06,C1.5,GOES-16,9.704e-07,9.635e-04,1.180e-03,,,,,,-1026.0035,-135.85094,GOES-16_XRS,1,4710,0,3207
2023-01-30 06:07:00,2023-01-30 05:58:00,2023-01-30 06:14:00,202301300558,2.506e-06,C2.5,GOES-16,8.259e-07,1.132e-03,1.642e-03,-37.0,20.0,LEA,-39.016113,15.737115,-592.0745,338.27124,GOES-16_XRS,1,4730,0,
2023-01-30 06:20:00,2023-01-30 06:15:00,2023-01-30 06:30:00,202301300615,2.167e-06,C2.1,GOES-16,1.567e-06,1.057e-03,2.000e-03,,,,,,-1046.594,-323.42206,GOES-16_XRS,1,4740,0,3207
2023-01-30 07:46:00,2023-01-30 07:39:00,2023-01-30 07:50:00,202301300739,1.724e-06,C1.7,GOES-16,9.849e-07,8.490e-04,1.008e-03,,,,-79.842804,-5.4380546,-955.0537,-74.38942,GOES-16_XRS,1,4750,0,3207
2023-01-30 12:07:00,2023-01-30 11:53:00,2023-01-30 12:19:00,202301301153,3.106e-06,C3.1,GOES-16,8.028e-07,2.163e-03,3.543e-03,,,,,,-988.56775,-175.48878,GOES-16_XRS,1,4810,0,3207
2023-01-30 16:00:00,2023-01-30 15:51:00,2023-01-30 16:13:00,202301301551,1.024e-06,C1.0,GOES-16,6.698e-07,6.594e-04,1.263e-03,,,,-50.40558,24.23371,-685.96893,456.84357,GOES-16_XRS,1,4860,0,
2023-01-30 17:53:00,2023-01-30 17:44:00,2023-01-30 17:56:00,202301301744,2.899e-06,C2.8,GOES-18,7.927e-07,1.058e-03,1.128e-03,,,,,,-965.66064,-161.34657,GOES-18_XRS,1,4870,0,3207
2023-01-30 18:51:00,2023-01-30 18:44:00,2023-01-30 19:01:00,202301301844,1.410e-06,C1.4,GOES-16,7.895e-07,6.854e-04,1.271e-03,-52.0,-21.0,HOL,-42.361603,-19.41938,-620.92316,-253.11934,GOES-16_XRS,1,4880,0,3206
2023-01-30 20:58:00,2023-01-30 20:53:00,2023-01-30 21:06:00,202301302053,2.104e-06,C2.1,GOES-16,8.538e-07,8.486e-04,1.411e-03,41.0,23.0,HOL,49.94616,25.990541,671.63824,483.64102,GOES-16_XRS,1,4900,0,3200
2023-01-30 22:06:00,2023-01-30 21:54:00,2023-01-30 22:21:00,202301302154,1.899e-06,C1.8,GOES-16,8.836e-07,1.392e-03,2.636e-03,60.0,24.0,HOL,2.4953983,5.0529685,42.427155,185.99194,GOES-16_XRS,1,4920,0,3204
2023-01-30 23:55:00,2023-01-30 23:37:00,,202301302337,2.016e-06,C2.0,GOES-16,8.598e-07,2.082e-03,,,,,-79.02716,-10.644774,-940.3747,-160.2781,GOES-16_XRS,1,4930,0,3207
2023-01-31 00:25:00,2023-01-31 00:21:00,2023-01-31 00:29:00,202301310021,1.556e-06,C1.5,GOES-16,1.480e-06,7.313e-04,9.107e-04,,,,-9.506989,3.9862792,-161.17757,166.90483,GOES-16_XRS,2,,0,
2023-01-31 06:58:00,2023-01-31 06:52:00,2023-01-31 07:03:00,202301310652,1.149e-06,C1.1,GOES-16,8.412e-07,5.982e-04,7.755e-04,,,,-36.151886,16.396414,-552.9781,352.66595,GOES-16_XRS,1,4950,0,
2023-01-31 11:00:00,2023-01-31 10:45:00,2023-01-31 11:06:00,202301311045,4.924e-06,C4.9,GOES-16,9.904e-07,3.044e-03,3.774e-03,-73.0,-12.0,SVI,-69.01102,-10.927977,-894.1305,-148.33253,GOES-16_XRS,1,4970,0,3207
2023-01-31 13:03:00,2023-01-31 12:56:00,,202301311256,9.839e-07,B9.8,GOES-16,6.764e-07,5.531e-04,,-68.0,-11.0,SVI,,,,,,1,4980,0,3207
2023-01-31 13:19:00,2023-01-31 13:12:00,2023-01-31 13:22:00,202301311312,9.107e-07,B9.1,GOES-16,8.790e-07,5.917e-04,6.440e-04,,,,,,,,,2,,0,
2023-01-31 15:28:00,2023-01-31 15:17:00,2023-01-31 15:43:00,202301311517,1.309e-06,C1.3,GOES-16,8.248e-07,9.838e-04,1.859e-03,,,,-57.926605,-20.816431,-773.11053,-294.6382,GOES-16_XRS,1,4990,0,3206
2023-01-31 16:16:00,2023-01-31 16:12:00,2023-01-31 16:28:00,202301311612,3.173e-06,C3.1,GOES-16,1.087e-06,1.113e-03,2.644e-03,-70.0,-12.0,HOL,-63.62088,-13.601717,-849.6082,-184.40216,GOES-16_XRS,1,5000,0,3207
2023-01-31 18:20:00,2023-01-31 18:14:00,2023-01-31 18:23:00,202301311814,1.331e-06,C1.3,GOES-16,9.210e-07,6.700e-04,7.323e-04,71.0,26.0,HOL,-37.75125,-8.002927,-592.49866,-55.67057,GOES-16_XRS,1,5010,0,3204
2023-01-31 19:30:00,2023-01-31 19:21:00,2023-01-31 19:35:00,202301311921,2.398e-06,C2.3,GOES-16,8.763e-07,1.113e-03,1.404e-03,-67.0,-12.0,HOL,-62.890167,-12.580868,-847.69965,-166.17963,GOES-16_XRS,1,5020,0,3207
2023-01-31 22:10:00,2023-01-31 22:05:00,2023-01-31 22:14:00,202301312205,1.472e-06,C1.4,GOES-16,8.118e-07,6.195e-04,7.541e-04,-62.0,-12.0,HOL,-63.786163,-10.567495,-860.48395,-133.77011,GOES-16_XRS,1,5050,0,3207
2023-02-01 01:04:00,2023-02-01 01:00:00,2023-02-01 01:07:00,202302010100,1.052e-06,C1.0,GOES-16,7.569e-07,4.361e-04,4.867e-04,,,,,,-980.0239,-261.64404,GOES-16_XRS,1,5060,0,3207
2023-02-01 01:28:00,2023-02-01 01:20:00,2023-02-01 01:32:00,202302010120,1.821e-06,C1.8,GOES-16,7.251e-07,7.858e-04,9.217e-04,-68.0,-9.0,LEA,-54.595947,-11.98541,-778.4059,-143.82837,GOES-16_XRS,1,5080,0,3207
2023-02-01 08:16:00,2023-02-01 08:11:00,2023-02-01 08:19:00,202302010811,9.905e-07,B9.9,GOES-16,7.282e-07,4.745e-04,5.231e-04,,,,,,,,,1,5100,0,
2023-02-01 18:01:00,2023-02-01 17:50:00,,202302011750,3.775e-06,C3.7,GOES-18,8.196e-07,2.098e-03,,,,,,,906.4712,380.00092,GOES-18_XRS,1,5120,0,3204
2023-02-01 22:48:00,2023-02-01 22:33:00,2023-02-01 22:59:00,202302012233,5.824e-06,C5.8,GOES-16,1.463e-06,3.980e-03,6.280e-03,,,,,,915.13556,401.87436,GOES-16_XRS,1,5140,0,3204
2023-02-02 04:39:00,2023-02-02 04:24:00,2023-02-02 04:49:00,202302020424,1.358e-06,C1.3,GOES-16,7.497e-07,1.305e-03,1.855e-03,,,,69.50823,24.025663,833.91846,427.6057,GOES-16_XRS,1,5170,0,3204
2023-02-02 14:12:00,2023-02-02 14:01:00,2023-02-02 14:28:00,202302021401,1.370e-06,C1.3,GOES-16,6.489e-07,9.509e-04,1.866e-03,,,,69.43163,23.491482,836.89435,419.7036,GOES-16_XRS,1,5180,0,3204
2023-02-03 00:17:00,2023-02-03 00:08:00,2023-02-03 00:24:00,202302030008,8.846e-07,B8.8,GOES-16,6.052e-07,5.921e-04,8.211e-04,,,,,,,,,1,5190,0,3207
2023-02-03 02:49:00,2023-02-03 02:31:00,2023-02-03 02:59:00,202302030231,3.916e-06,C3.9,GOES-16,1.431e-06,3.381e-03,4.791e-03,,,,,,933.83356,334.5016,GOES-16_XRS,1,5200,0,3204
2023-02-03 08:51:00,2023-02-03 08:43:00,2023-02-03 08:57:00,202302030843,9.350e-07,B9.3,GOES-16,5.991e-07,5.397e-04,7.265e-04,-32.0,-12.0,SVI,,,,,,1,5210,0,3207
2023-02-03 15:28:00,2023-02-03 15:20:00,2023-02-03 15:35:00,202302031520,1.721e-06,C1.7,GOES-16,7.959e-07,8.810e-04,1.278e-03,-30.0,-10.0,HOL,-29.72757,-11.274712,-475.23526,-100.40307,GOES-16_XRS,1,5260,0,3207
2023-02-03 15:49:00,2023-02-03 15:42:00,2023-02-03 15:56:00,202302031542,1.547e-06,C1.5,GOES-16,1.002e-06,9.056e-04,1.296e-03,,,,-26.802795,-9.661286,-434.4563,-70.521255,GOES-16_XRS,1,5270,0,3207
2023-02-03 16:45:00,2023-02-03 16:30:00,2023-02-03 16:54:00,202302031630,2.938e-06,C2.9,GOES-16,8.103e-07,2.106e-03,3.045e-03,-30.0,-12.0,HOL,-26.29181,-8.7713785,-427.85336,-54.937344,GOES-16_XRS,1,5280,0,3207
2023-02-04 00:55:00,2023-02-04 00:25:00,2023-02-04 01:46:00,202302040025,2.286e-06,C2.2,GOES-16,6.749e-07,3.436e-03,8.745e-03,,,,-51.858368,-12.251524,-750.16077,-142.25168,GOES-16_XRS,1,5340,0,
2023-02-04 05:15:00,2023-02-04 05:06:00,2023-02-04 05:19:00,202302040506,1.432e-06,C1.4,GOES-16,8.189e-07,8.629e-04,9.874e-04,,,,17.258154,-16.280848,278.3709,-175.41373,GOES-16_XRS,1,5370,0,3211
2023-02-04 06:55:00,2023-02-04 06:49:00,2023-02-04 06:57:00,202302040649,1.482e-06,C1.4,GOES-16,8.302e-07,6.444e-04,7.034e-04,,,,12.204009,-15.018332,199.59883,-151.84335,GOES-16_XRS,1,5390,0,3211
2023-02-04 15:25:00,2023-02-04 15:17:00,2023-02-04 15:30:00,202302041517,1.777e-06,C1.7,GOES-16,7.242e-07,7.964e-04,1.018e-03,-13.0,-12.0,HOL,-14.780945,-9.426894,-246.02692,-57.760128,GOES-16_XRS,1,5440,0,3207
2023-02-05 02:50:00,2023-02-05 02:45:00,2023-02-05 02:56:00,202302050245,1.032e-06,C1.0,GOES-16,6.728e-07,4.759e-04,6.778e-04,,,,,,-992.11035,-163.68762,GOES-16_XRS,1,5480,0,
2023-02-05 03:26:00,2023-02-05 03:16:00,2023-02-05 03:30:00,202302050316,6.693e-06,C6.6,GOES-16,8.596e-07,2.234e-03,2.574e-03,,,,-80.82016,-10.49812,-945.24994,-159.67007,GOES-16_XRS,1,5490,0,
2023-02-05 10:51:00,2023-02-05 10:38:00,2023-02-05 10:57:00,202302051038,6.501e-06,C6.5,GOES-16,8.814e-07,3.313e-03,4.253e-03,,,,33.903286,-16.620241,522.0625,-192.50922,GOES-16_XRS,1,5520,0,3211
2023-02-06 11:51:00,2023-02-06 11:44:00,2023-02-06 11:54:00,202302061144,1.327e-06,C1.3,GOES-16,7.638e-07,6.479e-04,7.044e-04,,,,-23.677277,26.723206,-350.19595,524.80664,GOES-16_XRS,1,5590,0,3213
2023-02-06 12:12:00,2023-02-06 11:58:00,2023-02-06 12:24:00,202302061158,7.894e-06,C7.8,GOES-16,9.208e-07,4.450e-03,7.621e-03,,,,50.160057,-18.221321,711.6407,-237.4316,GOES-16_XRS,1,5600,0,3211
2023-02-06 15:46:00,2023-02-06 15:36:00,2023-02-06 16:00:00,202302061536,1.533e-06,C1.5,GOES-16,1.083e-06,1.143e-03,2.142e-03,62.0,-17.0,HOL,57.297718,-23.546701,752.3228,-333.59988,GOES-16_XRS,1,5620,0,3212
2023-02-06 16:17:00,2023-02-06 16:07:00,,202302061607,1.947e-06,C1.9,GOES-16,1.216e-06,1.350e-03,,62.0,-17.0,HOL,-24.733002,27.657606,-361.7702,537.5097,GOES-16_XRS,1,5630,0,3212
2023-02-06 16:33:00,2023-02-06 16:28:00,2023-02-06 16:37:00,202302061628,1.920e-06,C1.9,GOES-16,1.693e-06,9.872e-04,1.197e-03,,,,40.364506,-9.979684,622.72626,-86.824875,GOES-16_XRS,2,,0,
2023-02-06 17:00:00,2023-02-06 16:55:00,2023-02-06 17:03:00,202302061655,3.091e-06,C3.0,GOES-16,1.256e-06,1.124e-03,1.239e-03,-19.0,30.0,HOL,-21.16101,31.425894,-300.68958,592.0465,GOES-16_XRS,1,5640,0,3213
2023-02-06 17:44:00,2023-02-06 17:37:00,2023-02-06 17:49:00,202302061737,1.653e-06,C1.6,GOES-16,1.196e-06,9.351e-04,1.191e-03,,,,-16.02536,31.43514,-229.95114,594.9026,GOES-16_XRS,1,5650,0,3212
2023-02-06 17:56:00,2023-02-06 17:52:00,2023-02-06 17:59:00,202302061752,2.168e-06,C2.1,GOES-16,1.346e-06,8.286e-04,9.213e-04,,,,-11.622131,23.073267,-181.02007,478.15024,GOES-16_XRS,1,5660,0,3213
2023-02-06 20:22:00,2023-02-06 20:16:00,2023-02-06 20:25:00,202302062016,2.119e-06,C2.1,GOES-16,1.134e-06,9.381e-04,1.031e-03,-17.0,29.0,HOL,-13.880493,30.28068,-202.2625,580.2357,GOES-16_XRS,1,5690,0,3213
2023-02-07 01:27:00,2023-02-07 01:20:00,2023-02-07 01:32:00,202302070120,2.045e-06,C2.0,GOES-16,1.331e-06,1.099e-03,1.397e-03,-36.0,12.0,LEA,-12.270752,28.067236,-183.1142,550.3306,GOES-16_XRS,1,5760,0,3214
2023-02-07 02:42:00,2023-02-07 02:34:00,2023-02-07 02:48:00,202302070234,3.045e-06,C3.0,GOES-16,1.265e-06,1.539e-03,2.050e-03,,,,-64.98227,27.766916,-781.1191,491.63837,GOES-16_XRS,1,5770,0,
2023-02-07 03:45:00,2023-02-07 03:37:00,2023-02-07 03:50:00,202302070337,2.153e-06,C2.1,GOES-16,1.336e-06,1.282e-03,1.586e-03,,,,-12.613068,32.48871,-179.8049,610.659,GOES-16_XRS,1,5800,0,
2023-02-07 06:07:00,2023-02-07 06:00:00,2023-02-07 06:10:00,202302070600,3.589e-06,C3.5,GOES-16,1.234e-06,1.346e-03,1.460e-03,,,,-14.766693,21.805376,-231.10919,458.33853,GOES-16_XRS,1,5820,0,
2023-02-07 07:15:00,2023-02-07 07:08:00,2023-02-07 07:18:00,202302070708,2.293e-06,C2.2,GOES-16,1.480e-06,1.199e-03,1.300e-03,-36.0,12.0,LEA,-27.760925,13.224396,-442.77423,315.90408,GOES-16_XRS,1,5830,0,3214
2023-02-07 08:32:00,2023-02-07 08:22:00,2023-02-07 08:43:00,202302070822,3.242e-06,C3.2,GOES-16,2.050e-06,2.256e-03,3.753e-03,-10.0,28.0,SVI,24.15968,-0.8360471,399.76245,85.38035,GOES-16_XRS,1,5850,0,3213
2023-02-07 09:51:00,2023-02-07 09:48:00,2023-02-07 10:04:00,202302070948,3.086e-06,C3.0,GOES-16,1.764e-06,1.112e-03,2.888e-03,-10.0,29.0,SVI,-7.065033,24.933277,-108.91768,507.31268,GOES-16_XRS,1,5870,0,3213
2023-02-07 12:13:00,2023-02-07 12:02:00,,202302071202,2.556e-06,C2.5,GOES-16,1.565e-06,1.903e-03,,,,,-62.13437,-10.7879,-846.5619,-131.25125,GOES-16_XRS,1,5880,0,
2023-02-07 12:23:00,2023-02-07 12:16:00,,202302071216,3.680e-06,C3.6,GOES-16,2.493e-06,2.097e-03,,,,,-21.107697,17.07973,-336.17316,382.43823,GOES-16_XRS,2,,0,
2023-02-07 12:32:00,2023-02-07 12:26:00,2023-02-07 12:37:00,202302071226,5.816e-06,C5.8,GOES-16,3.276e-06,2.766e-03,3.545e-03,,,,-8.608276,21.35034,-136.15271,453.95706,GOES-16_XRS,3,,0,
2023-02-07 13:23:00,2023-02-07 13:09:00,,202302071309,5.517e-06,C5.5,GOES-16,2.848e-06,4.646e-03,,,,,-12.72583,28.2043,-189.53397,552.44617,GOES-16_XRS,1,5890,0,3213
2023-02-07 13:53:00,2023-02-07 13:33:00,2023-02-07 14:12:00,202302071333,1.026e-05,M1.0,GOES-16,4.323e-06,1.219e-02,2.126e-02,,,,-71.62756,-12.263309,-903.388,-172.02771,GOES-16_XRS,2,,0,
2023-02-07 17:17:00,2023-02-07 17:10:00,2023-02-07 17:22:00,202302071710,6.736e-06,C6.7,GOES-16,4.789e-06,3.722e-03,4.756e-03,,,,-5.604645,29.791317,-82.747734,576.51373,GOES-16_XRS,1,5920,0,3213
2023-02-07 18:23:00,2023-02-07 18:09:00,2023-02-07 18:39:00,202302071809,5.500e-06,C5.4,GOES-16,3.740e-06,5.314e-03,9.498e-03,64.0,-16.0,HOL,-9.460419,28.170782,-141.46678,553.2083,GOES-16_XRS,1,5930,0,3211
2023-02-07 19:33:00,2023-02-07 19:26:00,2023-02-07 19:37:00,202302071926,4.605e-06,C4.6,GOES-16,3.342e-06,2.595e-03,3.052e-03,,,,-53.348328,-9.476036,-771.83386,-95.14493,GOES-16_XRS,1,5940,0,
2023-02-07 20:07:00,2023-02-07 20:01:00,2023-02-07 20:13:00,202302072001,1.596e-05,M1.5,GOES-16,2.392e-06,5.365e-03,7.563e-03,-5.0,30.0,HOL,-4.088196,27.082054,-61.978012,539.0099,GOES-16_XRS,1,5960,0,3213
2023-02-07 21:30:00,2023-02-07 21:21:00,,202302072121,5.371e-06,C5.3,GOES-16,3.012e-06,3.385e-03,,,,,85.52553,-17.45246,925.4398,-281.86044,GOES-16_XRS,1,5990,0,3211
2023-02-07 21:41:00,2023-02-07 21:34:00,2023-02-07 21:44:00,202302072134,6.240e-06,C6.2,GOES-16,5.002e-06,3.752e-03,4.071e-03,,,,,,933.83673,-323.6436,GOES-16_XRS,2,,0,
2023-02-07 22:42:00,2023-02-07 22:33:00,,202302072233,4.724e-06,C4.7,GOES-16,2.944e-06,2.981e-03,,,,,-2.6734314,29.125423,-39.780323,567.86066,GOES-16_XRS,1,,0,
2023-02-07 22:58:00,2023-02-07 22:46:00,2023-02-07 23:04:00,202302072246,3.897e-05,M3.8,GOES-16,4.260e-06,1.789e-02,2.303e-02,,,,-0.9315796,26.107107,-14.255527,525.43475,GOES-16_XRS,2,,0,
2023-02-08 02:18:00,2023-02-08 02:11:00,2023-02-08 02:23:00,202302080211,4.528e-06,C4.5,GOES-16,2.929e-06,2.444e-03,3.094e-03,67.0,-17.0,LEA,1.3132464,27.924305,19.770895,551.3112,GOES-16_XRS,1,6090,0,3211
2023-02-08 02:53:00,2023-02-08 02:45:00,2023-02-08 02:55:00,202302080245,2.067e-05,M2.0,GOES-16,3.513e-06,6.514e-03,6.981e-03,,,,-0.6505127,26.574724,-9.914138,532.2511,GOES-16_XRS,1,6100,0,3213
2023-02-08 05:21:00,2023-02-08 05:04:00,2023-02-08 05:33:00,202302080504,5.384e-06,C5.3,GOES-16,2.034e-06,4.660e-03,7.135e-03,,,,3.994703,26.972345,60.61837,537.7476,GOES-16_XRS,1,6160,0,3213
2023-02-08 06:37:00,2023-02-08 06:26:00,2023-02-08 06:44:00,202302080626,3.702e-06,C3.7,GOES-16,2.111e-06,2.652e-03,3.556e-03,-2.0,31.0,LEA,,,982.85236,-189.97125,GOES-16_XRS,1,6170,0,3213
2023-02-08 10:33:00,2023-02-08 10:03:00,2023-02-08 10:46:00,202302081003,7.464e-06,C7.4,GOES-16,2.133e-06,9.184e-03,1.275e-02,3.0,29.0,SVI,5.008923,28.308044,75.04374,556.5781,GOES-16_XRS,1,6210,0,3213
2023-02-08 15:05:00,2023-02-08 15:00:00,2023-02-08 15:11:00,202302081500,2.803e-06,C2.8,GOES-16,1.795e-06,1.318e-03,1.871e-03,,,,-56.94098,-14.004185,-792.8613,-176.11884,GOES-16_XRS,1,6250,0,3217
2023-02-08 16:03:00,2023-02-08 15:28:00,2023-02-08 16:25:00,202302081528,1.626e-05,M1.6,GOES-16,1.974e-06,2.341e-02,3.719e-02,5.0,31.0,HOL,-3.5700989,20.951002,-56.78757,449.81827,GOES-16_XRS,1,6270,0,3213
2023-02-08 18:46:00,2023-02-08 18:39:00,2023-02-08 18:48:00,202302081839,6.459e-06,C6.4,GOES-16,4.191e-06,3.234e-03,3.495e-03,,,,2.6459305,26.142979,40.458862,526.46277,GOES-16_XRS,1,6290,0,3213
2023-02-08 20:12:00,2023-02-08 19:56:00,2023-02-08 20:45:00,202302081956,1.548e-05,M1.5,GOES-16,3.702e-06,1.317e-02,3.503e-02,-72.0,-9.0,HOL,,,-1005.1432,-139.54565,GOES-16_XRS,1,6330,0,3217
2023-02-08 21:13:00,2023-02-08 21:03:00,,202302082103,1.717e-05,M1.7,GOES-16,9.000e-06,1.129e-02,,10.0,30.0,HOL,13.698495,32.055946,195.86806,605.6219,GOES-16_XRS,1,6340,0,3213
2023-02-08 21:37:00,2023-02-08 21:21:00,2023-02-08 21:47:00,202302082121,1.753e-05,M1.7,GOES-16,1.351e-05,1.884e-02,2.657e-02,,,,25.423103,39.208084,324.41956,689.8411,GOES-16_XRS,2,,0,
2023-02-09 03:10:00,2023-02-09 02:45:00,2023-02-09 03:27:00,202302090245,3.075e-05,M3.0,GOES-16,3.418e-06,2.303e-02,4.069e-02,,,,-26.410095,7.155289,-430.8978,219.29826,GOES-16_XRS,1,6450,0,3217
2023-02-09 05:20:00,2023-02-09 05:11:00,,202302090511,5.981e-06,C5.9,GOES-16,4.267e-06,4.158e-03,,,,,12.850766,29.2174,189.45406,567.6416,GOES-16_XRS,1,6470,0,3213
2023-02-09 05:46:00,2023-02-09 05:33:00,2023-02-09 05:53:00,202302090533,5.967e-06,C5.9,GOES-16,5.225e-06,5.803e-03,7.487e-03,13.0,31.0,LEA,-25.645721,26.808355,-376.9347,526.4228,GOES-16_XRS,2,6480,0,3213
2023-02-09 07:17:00,2023-02-09 07:11:00,2023-02-09 07:19:00,202302090711,1.104e-05,M1.1,GOES-16,5.293e-06,4.100e-03,4.447e-03,-70.0,-2.0,LEA,-57.539856,-9.646051,-810.90234,-103.66088,GOES-16_XRS,1,6510,0,3217
2023-02-09 09:07:00,2023-02-09 08:49:00,2023-02-09 09:23:00,202302090849,2.854e-05,M2.8,GOES-16,2.830e-06,2.179e-02,3.804e-02,,,,-84.76361,-11.944011,-947.79767,-190.14699,GOES-16_XRS,1,6550,0,3217
2023-02-09 12:20:00,2023-02-09 12:03:00,2023-02-09 12:42:00,202302091203,8.460e-06,C8.4,GOES-16,3.735e-06,8.111e-03,1.670e-02,,,,17.549997,29.398506,256.36047,568.199,GOES-16_XRS,1,6630,0,3213
2023-02-09 14:56:00,2023-02-09 14:44:00,2023-02-09 15:04:00,202302091444,1.508e-05,M1.5,GOES-16,4.441e-06,8.323e-03,1.207e-02,18.0,30.0,HOL,16.269907,24.90218,248.02663,505.15363,GOES-16_XRS,1,6680,0,3213
2023-02-09 15:25:00,2023-02-09 15:14:00,2023-02-09 15:33:00,202302091514,1.443e-05,M1.4,GOES-16,9.258e-06,1.096e-02,1.542e-02,-69.0,-9.0,HOL,,,-1282.0049,-315.28348,GOES-16_XRS,1,6690,0,3217
2023-02-09 17:14:00,2023-02-09 17:07:00,2023-02-09 17:17:00,202302091707,6.480e-06,C6.4,GOES-16,4.289e-06,3.451e-03,3.762e-03,21.0,29.0,HOL,27.278936,27.747335,395.72797,538.7798,GOES-16_XRS,1,6730,0,3213
2023-02-09 17:52:00,2023-02-09 17:45:00,,202302091745,6.170e-06,C6.1,GOES-16,3.926e-06,3.460e-03,,21.0,29.0,HOL,19.947702,27.041565,296.52597,533.9637,GOES-16_XRS,1,6760,0,3213
2023-02-09 18:12:00,2023-02-09 18:04:00,,202302091804,6.571e-06,C6.5,GOES-16,5.103e-06,4.293e-03,,-72.0,-13.0,HOL,-20.485046,0.06298196,-341.7523,105.43776,GOES-16_XRS,2,6740,0,3217
2023-02-09 18:42:00,2023-02-09 18:18:00,2023-02-09 19:01:00,202302091818,1.821e-05,M1.8,GOES-16,6.060e-06,2.265e-02,3.744e-02,,,,18.116306,25.564297,273.75812,513.8765,GOES-16_XRS,3,6750,0,3213
2023-02-09 21:09:00,2023-02-09 21:04:00,2023-02-09 21:14:00,202302092104,4.862e-06,C4.8,GOES-16,2.860e-06,2.137e-03,2.817e-03,,,,21.290775,25.631624,319.46268,512.9979,GOES-16_XRS,1,6810,0,3213
2023-02-09 22:44:00,2023-02-09 22:41:00,2023-02-09 22:47:00,202302092241,4.993e-06,C4.9,GOES-16,2.527e-06,1.631e-03,1.840e-03,17.0,34.0,HOL,23.672794,28.668346,343.71097,554.57684,GOES-16_XRS,1,6850,0,3213
2023-02-10 00:26:00,2023-02-10 00:18:00,2023-02-10 00:32:00,202302100018,3.483e-06,C3.4,GOES-16,2.446e-06,2.219e-03,2.929e-03,23.0,31.0,LEA,16.567087,22.073784,257.91498,463.53232,GOES-16_XRS,1,6880,0,3213
2023-02-10 03:03:00,2023-02-10 02:45:00,2023-02-10 03:19:00,202302100245,3.728e-05,M3.7,GOES-16,2.302e-06,2.401e-02,4.630e-02,25.0,29.0,LEA,22.943926,27.323553,337.9159,536.2653,GOES-16_XRS,1,6960,0,3213
2023-02-10 05:46:00,2023-02-10 05:35:00,2023-02-10 05:59:00,202302100535,9.309e-06,C9.3,GOES-16,3.492e-06,6.105e-03,1.086e-02,-62.0,-10.0,LEA,-68.09683,-7.446258,-895.99866,-84.11937,GOES-16_XRS,1,7010,0,3217
2023-02-10 08:05:00,2023-02-10 08:02:00,2023-02-10 08:08:00,202302100802,1.408e-05,M1.4,GOES-16,4.126e-06,3.531e-03,3.889e-03,27.0,31.0,LEA,27.359325,28.62804,393.48798,551.4577,GOES-16_XRS,1,7070,0,3213
2023-02-10 08:52:00,2023-02-10 08:45:00,2023-02-10 08:56:00,202302100845,5.707e-06,C5.7,GOES-16,3.874e-06,2.984e-03,3.523e-03,-55.0,-10.0,LEA,-48.63452,-10.622675,-719.35974,-105.948654,GOES-16_XRS,1,7080,0,3217
2023-02-10 09:06:00,2023-02-10 09:00:00,2023-02-10 09:10:00,202302100900,5.511e-06,C5.5,GOES-16,3.969e-06,2.925e-03,3.464e-03,-54.0,-12.0,SVI,-66.33978,-9.550944,-879.7911,-116.34379,GOES-16_XRS,1,7090,0,3219
2023-02-10 10:29:00,2023-02-10 10:23:00,2023-02-10 10:33:00,202302101023,4.194e-06,C4.1,GOES-16,3.059e-06,2.233e-03,2.658e-03,57.0,6.0,SVI,-57.66797,-11.764685,-806.2256,-138.85832,GOES-16_XRS,1,7150,0,3208
2023-02-10 10:50:00,2023-02-10 10:43:00,2023-02-10 10:53:00,202302101043,9.654e-06,C9.6,GOES-16,2.867e-06,3.738e-03,3.993e-03,-54.0,-11.0,SVI,-55.9758,-10.795821,-793.56476,-119.89569,GOES-16_XRS,1,7160,0,3217
2023-02-10 14:55:00,2023-02-10 14:35:00,2023-02-10 15:11:00,202302101435,1.199e-05,M1.1,GOES-16,3.534e-06,1.075e-02,1.826e-02,29.0,34.0,HOL,33.900356,30.061995,470.71237,565.723,GOES-16_XRS,1,7250,0,3213
2023-02-10 22:25:00,2023-02-10 22:19:00,2023-02-10 22:30:00,202302102219,5.388e-06,C5.3,GOES-16,2.503e-06,2.482e-03,3.170e-03,38.0,28.0,HOL,37.611633,23.446886,546.0001,467.0628,GOES-16_XRS,1,7430,0,3213
2023-02-10 22:41:00,2023-02-10 22:34:00,2023-02-10 22:47:00,202302102234,1.262e-05,M1.2,GOES-16,3.456e-06,5.892e-03,7.859e-03,-63.0,-18.0,HOL,-68.483246,-16.268925,-869.65393,-231.48975,GOES-16_XRS,1,7440,0,3220
2023-02-11 00:03:00,2023-02-10 23:55:00,2023-02-11 00:08:00,202302102355,5.842e-06,C5.8,GOES-16,3.252e-06,3.213e-03,4.017e-03,,,,10.812851,7.5587974,181.58548,237.16066,GOES-16_XRS,1,7480,0,3214
2023-02-11 06:20:00,2023-02-11 06:10:00,,202302110610,5.225e-06,C5.2,GOES-16,2.815e-06,3.458e-03,,68.0,6.0,LEA,69.80568,7.006008,906.81384,156.46362,GOES-16_XRS,1,7640,0,3208
2023-02-11 06:34:00,2023-02-11 06:27:00,,202302110627,7.738e-06,C7.7,GOES-16,4.250e-06,4.503e-03,,24.0,10.0,LEA,46.14671,8.351466,695.65643,217.86372,GOES-16_XRS,2,7660,0,3214
2023-02-11 06:45:00,2023-02-11 06:42:00,2023-02-11 06:50:00,202302110642,7.211e-06,C7.2,GOES-16,6.424e-06,2.908e-03,4.102e-03,,,,45.713,15.5788,672.24994,335.81027,GOES-16_XRS,3,7670,0,3208
2023-02-11 07:56:00,2023-02-11 07:48:00,,202302110748,9.943e-06,C9.9,GOES-16,2.975e-06,4.364e-03,,,,,70.8087,5.6423826,914.85754,131.85733,GOES-16_XRS,1,7760,0,3208
2023-02-11 08:08:00,2023-02-11 07:59:00,2023-02-11 08:14:00,202302110759,2.296e-05,M2.2,GOES-16,9.316e-06,1.297e-02,1.691e-02,68.0,6.0,LEA,68.85595,5.5484033,903.75543,133.88869,GOES-16_XRS,2,7690,0,3208
2023-02-11 09:21:00,2023-02-11 09:13:00,2023-02-11 09:31:00,202302110913,7.326e-06,C7.3,GOES-16,2.500e-06,3.181e-03,5.642e-03,-43.0,-10.0,SVI,-44.40622,-8.842193,-674.3224,-69.32081,GOES-16_XRS,1,7820,0,3217
2023-02-11 10:58:00,2023-02-11 10:42:00,,202302111042,1.062e-05,M1.0,GOES-16,3.155e-06,7.900e-03,,-57.0,-18.0,SVI,-40.816406,-10.45742,-626.9961,-91.89327,GOES-16_XRS,1,7930,0,3220
2023-02-11 11:34:00,2023-02-11 11:29:00,2023-02-11 11:40:00,202302111129,1.500e-05,M1.4,GOES-16,7.184e-06,5.954e-03,8.612e-03,,,,27.699112,22.953442,417.52106,469.8606,GOES-16_XRS,2,7940,0,3222
2023-02-11 12:09:00,2023-02-11 12:05:00,2023-02-11 12:14:00,202302111205,1.538e-05,M1.5,GOES-16,9.102e-06,6.289e-03,8.453e-03,-42.0,-11.0,SVI,-54.847107,-11.922635,-779.6755,-136.46721,GOES-16_XRS,1,7960,0,3217
2023-02-11 15:48:00,2023-02-11 15:40:00,2023-02-11 15:53:00,202302111540,1.162e-04,X1.1,GOES-16,3.960e-06,3.597e-02,4.565e-02,-39.0,-8.0,HOL,-38.77124,-11.1613655,-599.32117,-101.12333,GOES-16_XRS,1,8130,0,3217
2023-02-11 17:23:00,2023-02-11 17:11:00,2023-02-11 17:30:00,202302111711,1.431e-05,M1.4,GOES-16,4.177e-06,8.282e-03,1.119e-02,,,,73.67861,8.432424,923.7743,173.08493,GOES-16_XRS,1,8170,0,3208
2023-02-11 22:57:00,2023-02-11 22:45:00,2023-02-11 23:11:00,202302112245,8.788e-06,C8.7,GOES-16,5.041e-06,6.821e-03,1.217e-02,,,,-34.666504,-5.0741687,-552.7711,7.0934844,GOES-16_XRS,1,8440,0,3217
2023-02-12 02:00:00,2023-02-12 01:47:00,2023-02-12 02:04:00,202302120147,7.209e-06,C7.2,GOES-16,2.195e-06,4.235e-03,4.762e-03,,,,-7.1921387,1.7754993,-122.17767,142.56409,GOES-16_XRS,1,8290,0,3217
2023-02-12 02:37:00,2023-02-12 02:33:00,2023-02-12 02:45:00,202302120233,4.038e-06,C4.0,GOES-16,2.729e-06,1.670e-03,2.889e-03,,,,35.244442,10.221343,553.9391,263.0381,GOES-16_XRS,1,8310,0,3214
2023-02-12 03:44:00,2023-02-12 03:34:00,2023-02-12 03:52:00,202302120334,8.818e-06,C8.8,GOES-16,2.448e-06,3.914e-03,6.121e-03,35.0,11.0,LEA,37.013542,10.095834,578.0519,258.95963,GOES-16_XRS,1,8330,0,3214
2023-02-12 05:02:00,2023-02-12 04:56:00,2023-02-12 05:08:00,202302120456,5.034e-06,C5.0,GOES-16,2.990e-06,2.349e-03,3.300e-03,83.0,30.0,LEA,56.49313,21.334347,756.45447,410.18512,GOES-16_XRS,1,8370,0,3222
2023-02-12 05:41:00,2023-02-12 05:24:00,2023-02-12 06:01:00,202302120524,9.091e-06,C9.0,GOES-16,3.342e-06,8.264e-03,1.632e-02,-36.0,-11.0,LEA,-37.120697,-11.767081,-576.32526,-108.98742,GOES-16_XRS,1,8400,0,3217
2023-02-12 08:48:00,2023-02-12 08:35:00,2023-02-12 08:51:00,202302120835,3.184e-05,M3.1,GOES-16,3.292e-06,1.316e-02,1.408e-02,-30.0,-9.0,LEA,-28.93628,-9.636898,-465.4707,-64.19192,GOES-16_XRS,1,8490,0,3217
2023-02-12 09:27:00,2023-02-12 09:11:00,2023-02-12 09:36:00,202302120911,1.462e-05,M1.4,GOES-16,6.462e-06,1.353e-02,1.834e-02,,,,-30.14325,-8.160198,-485.03055,-40.264465,GOES-16_XRS,1,8510,0,3217
2023-02-12 13:34:00,2023-02-12 13:23:00,2023-02-12 13:43:00,202302121323,1.226e-05,M1.2,GOES-16,3.679e-06,6.741e-03,1.040e-02,,,,78.32054,25.104765,862.2636,430.51382,GOES-16_XRS,1,8570,0,3222
2023-02-12 15:09:00,2023-02-12 15:03:00,2023-02-12 15:18:00,202302121503,5.554e-06,C5.5,GOES-16,2.494e-06,2.411e-03,4.227e-03,,,,-28.060608,-8.918384,-453.47006,-50.980286,GOES-16_XRS,1,8590,0,3217
2023-02-12 15:38:00,2023-02-12 15:33:00,2023-02-12 16:00:00,202302121533,1.090e-05,M1.0,GOES-16,2.597e-06,3.941e-03,1.271e-02,-26.0,-9.0,HOL,-26.445251,-10.191096,-427.72974,-71.12095,GOES-16_XRS,1,8610,0,3217
2023-02-12 17:24:00,2023-02-12 17:17:00,2023-02-12 17:36:00,202302121717,6.150e-06,C6.1,GOES-16,2.230e-06,2.894e-03,5.711e-03,,,,77.914536,25.246115,859.97754,433.3737,GOES-16_XRS,1,8620,0,3222
2023-02-12 20:06:00,2023-02-12 19:56:00,2023-02-12 20:16:00,202302121956,5.638e-06,C5.6,GOES-16,3.296e-06,3.820e-03,6.063e-03,,,,59.862545,21.62594,782.73926,409.46616,GOES-16_XRS,1,8650,0,3222
2023-02-12 23:01:00,2023-02-12 22:54:00,2023-02-12 23:09:00,202302122254,3.816e-06,C3.8,GOES-16,2.119e-06,1.982e-03,3.075e-03,,,,23.516972,15.04131,375.93698,352.4803,GOES-16_XRS,1,8680,0,3226
2023-02-13 00:04:00,2023-02-12 23:57:00,,202302122357,3.327e-06,C3.3,GOES-16,1.897e-06,1.687e-03,,,,,70.01536,22.777718,842.9991,409.93884,GOES-16_XRS,1,8690,0,3213
2023-02-13 00:16:00,2023-02-13 00:09:00,2023-02-13 00:20:00,202302130009,3.156e-06,C3.1,GOES-16,2.870e-06,2.007e-03,2.362e-03,-38.0,-21.0,LEA,-12.014648,-14.778141,-196.46895,-139.26163,GOES-16_XRS,2,8810,0,3220
2023-02-13 05:18:00,2023-02-13 05:04:00,2023-02-13 05:36:00,202302130504,1.095e-05,M1.0,GOES-16,4.611e-06,8.504e-03,1.714e-02,,,,-64.31894,10.697868,-862.0507,228.03084,GOES-16_XRS,1,8850,0,3226
2023-02-13 07:05:00,2023-02-13 06:54:00,2023-02-13 07:15:00,202302130654,6.223e-06,C6.2,GOES-16,2.399e-06,3.701e-03,5.928e-03,,,,-38.051453,9.65958,-592.47327,251.22252,GOES-16_XRS,1,8890,0,3226
2023-02-13 08:07:00,2023-02-13 07:59:00,2023-02-13 08:13:00,202302130759,4.908e-06,C4.9,GOES-16,3.365e-06,2.975e-03,3.978e-03,-25.0,-25.0,SVI,-10.654083,-8.39846,-178.52832,-30.289095,GOES-16_XRS,1,8910,0,
2023-02-13 10:36:00,2023-02-13 10:29:00,,202302131029,3.780e-06,C3.7,GOES-16,2.761e-06,2.185e-03,,-44.0,9.0,SVI,,,819.4354,522.74725,GOES-16_XRS,1,9000,0,3226
2023-02-13 10:47:00,2023-02-13 10:43:00,2023-02-13 10:50:00,202302131043,4.579e-06,C4.5,GOES-16,3.413e-06,1.942e-03,2.167e-03,,,,-18.724976,13.519136,-304.5317,331.94617,GOES-16_XRS,2,9020,0,3226
2023-02-13 13:05:00,2023-02-13 12:55:00,,202302131255,3.757e-06,C3.7,GOES-16,2.102e-06,2.540e-03,,-29.0,-18.0,SVI,28.674162,11.430977,458.72885,290.4802,GOES-16_XRS,1,9070,0,3217
2023-02-13 13:23:00,2023-02-13 13:11:00,2023-02-13 13:30:00,202302131311,4.278e-06,C4.2,GOES-16,3.568e-06,3.754e-03,4.932e-03,,,,54.603676,22.389935,733.9558,429.6107,GOES-16_XRS,2,,0,
2023-02-13 14:35:00,2023-02-13 14:22:00,2023-02-13 14:42:00,202302131422,6.532e-06,C6.5,GOES-16,3.032e-06,4.854e-03,6.308e-03,-41.0,11.0,SVI,-18.145569,11.618979,-297.6338,301.8506,GOES-16_XRS,1,9090,0,3226
2023-02-13 15:40:00,2023-02-13 15:29:00,,202302131529,7.768e-06,C7.7,GOES-16,2.522e-06,4.575e-03,,-41.0,10.0,SVI,52.77217,24.103294,707.79297,458.1457,GOES-16_XRS,1,9110,0,3226
2023-02-13 15:56:00,2023-02-13 15:49:00,2023-02-13 16:02:00,202302131549,1.445e-05,M1.4,GOES-16,5.626e-06,6.945e-03,9.408e-03,,,,-28.593384,10.03495,-459.66898,267.90778,GOES-16_XRS,2,9130,0,3226
2023-02-13 18:17:00,2023-02-13 18:10:00,,202302131810,3.401e-06,C3.4,GOES-16,1.803e-06,1.739e-03,,,,,57.480988,28.92871,718.3651,521.4504,GOES-16_XRS,1,9160,0,3213
2023-02-13 18:34:00,2023-02-13 18:27:00,2023-02-13 18:39:00,202302131827,3.487e-06,C3.4,GOES-16,2.830e-06,2.137e-03,2.700e-03,,,,7.9940567,18.647776,128.55762,417.47162,GOES-16_XRS,2,,0,
2023-02-13 19:16:00,2023-02-13 18:57:00,,202302131857,7.382e-06,C7.3,GOES-16,3.267e-06,7.573e-03,,,,,71.73206,29.47188,803.97034,506.35638,GOES-16_XRS,1,9170,0,3213
2023-02-13 19:34:00,2023-02-13 19:31:00,2023-02-13 19:37:00,202302131931,5.680e-06,C5.6,GOES-16,5.423e-06,2.340e-03,2.666e-03,,,,78.86518,32.130116,807.60284,532.041,GOES-16_XRS,2,,0,
2023-02-14 00:20:00,2023-02-14 00:13:00,2023-02-14 00:32:00,202302140013,3.079e-06,C3.0,GOES-16,2.037e-06,1.749e-03,3.357e-03,,,,-38.422638,9.894274,-596.8435,255.00226,GOES-16_XRS,1,9210,0,
2023-02-14 02:03:00,2023-02-14 01:57:00,2023-02-14 02:06:00,202302140157,1.825e-05,M1.8,GOES-16,1.708e-06,5.327e-03,5.820e-03,-39.0,10.0,LEA,-30.56363,9.365905,-489.2945,255.27333,GOES-16_XRS,1,9230,0,3226
2023-02-14 04:14:00,2023-02-14 04:06:00,,202302140406,2.739e-06,C2.7,GOES-16,1.941e-06,1.688e-03,,,,,-12.262634,13.159159,-201.78162,330.06738,GOES-16_XRS,1,9280,0,
2023-02-14 04:31:00,2023-02-14 04:25:00,2023-02-14 04:40:00,202302140425,2.617e-06,C2.6,GOES-16,2.389e-06,1.513e-03,2.578e-03,,,,17.326933,20.245646,272.53098,438.1991,GOES-16_XRS,2,,0,
2023-02-14 05:17:00,2023-02-14 05:08:00,,202302140508,3.745e-06,C3.7,GOES-16,2.400e-06,2.444e-03,,,,,-31.870453,9.085624,-508.42834,249.39938,GOES-16_XRS,1,9360,0,3214
2023-02-14 05:32:00,2023-02-14 05:26:00,2023-02-14 05:34:00,202302140526,3.538e-06,C3.5,GOES-16,3.374e-06,2.067e-03,2.267e-03,,,,-10.200684,12.438045,-168.73698,319.33023,GOES-16_XRS,2,,0,
2023-02-14 06:25:00,2023-02-14 06:13:00,2023-02-14 06:45:00,202302140613,9.633e-06,C9.6,GOES-16,3.515e-06,6.102e-03,1.358e-02,-30.0,10.0,SVI,58.961697,25.62774,751.90356,471.4325,GOES-16_XRS,1,9310,0,3226
2023-02-14 09:43:00,2023-02-14 09:37:00,2023-02-14 09:56:00,202302140937,3.098e-06,C3.0,GOES-16,1.635e-06,1.436e-03,3.091e-03,,,,-29.32309,11.410473,-468.14032,290.0314,GOES-16_XRS,1,9350,0,3226
2023-02-14 10:45:00,2023-02-14 10:38:00,2023-02-14 10:57:00,202302141038,3.524e-06,C3.5,GOES-16,2.193e-06,2.038e-03,3.824e-03,,,,-32.789825,5.53543,-525.6369,189.82288,GOES-16_XRS,1,9370,0,3226
2023-02-14 11:19:00,2023-02-14 11:11:00,2023-02-14 11:25:00,202302141111,5.587e-06,C5.5,GOES-16,2.060e-06,2.199e-03,3.131e-03,,,,-25.343506,8.78052,-412.6086,250.80612,GOES-16_XRS,1,9380,0,3226
2023-02-14 12:12:00,2023-02-14 11:59:00,2023-02-14 12:45:00,202302141159,2.695e-05,M2.6,GOES-16,1.690e-06,1.263e-02,4.684e-02,,,,78.40142,26.386066,852.90955,449.6131,GOES-16_XRS,1,9390,0,3213
2023-02-14 21:25:00,2023-02-14 21:13:00,2023-02-14 21:36:00,202302142113,8.959e-06,C8.9,GOES-16,1.858e-06,5.283e-03,8.619e-03,,,,84.45726,26.885471,862.38715,446.11316,GOES-16_XRS,1,9530,0,3213
2023-02-15 02:25:00,2023-02-15 02:15:00,2023-02-15 02:34:00,202302150215,8.113e-06,C8.1,GOES-16,5.232e-06,5.818e-03,8.742e-03,,,,,,975.9793,538.38074,GOES-16_XRS,1,9570,0,
2023-02-15 02:59:00,2023-02-15 02:51:00,2023-02-15 03:03:00,202302150251,7.316e-06,C7.3,GOES-16,5.178e-06,4.420e-03,5.139e-03,-19.0,11.0,LEA,,,925.0861,445.34412,GOES-16_XRS,1,9580,0,3226
2023-02-15 04:20:00,2023-02-15 04:11:00,,202302150411,5.103e-06,C5.1,GOES-16,3.024e-06,3.199e-03,,,,,75.23262,25.404278,849.05206,440.63348,GOES-16_XRS,1,,0,
2023-02-15 04:47:00,2023-02-15 04:38:00,2023-02-15 05:06:00,202302150438,1.116e-05,M1.1,GOES-16,4.443e-06,6.766e-03,1.576e-02,,,,67.4619,27.739246,795.01514,488.63135,GOES-16_XRS,2,9600,0,3213
2023-02-15 05:23:00,2023-02-15 05:16:00,2023-02-15 05:29:00,202302150516,2.046e-05,M2.0,GOES-16,6.904e-06,1.026e-02,1.355e-02,,,,74.85001,23.749731,858.8481,416.34875,GOES-16_XRS,1,9610,0,3213
2023-02-15 07:05:00,2023-02-15 06:42:00,2023-02-15 07:18:00,202302150642,1.389e-05,M1.3,GOES-16,3.180e-06,1.187e-02,1.845e-02,,,,74.52136,23.586477,858.5821,414.46494,GOES-16_XRS,1,9620,0,3213
2023-02-15 08:50:00,2023-02-15 08:42:00,2023-02-15 08:55:00,202302150842,3.220e-06,C3.2,GOES-16,2.111e-06,1.947e-03,2.410e-03,,,,76.1365,27.85114,834.29346,475.3065,GOES-16_XRS,1,9650,0,
2023-02-15 09:21:00,2023-02-15 09:04:00,2023-02-15 09:32:00,202302150904,7.125e-06,C7.1,GOES-16,2.155e-06,5.716e-03,8.493e-03,,,,,,884.67883,433.66312,GOES-16_XRS,1,9660,0,3213
2023-02-15 10:11:00,2023-02-15 10:04:00,,202302151004,3.400e-06,C3.4,GOES-16,2.227e-06,1.919e-03,,-16.0,10.0,SVI,62.27109,24.652493,782.667,451.8452,GOES-16_XRS,1,9690,0,3226
2023-02-15 10:25:00,2023-02-15 10:21:00,2023-02-15 10:31:00,202302151021,3.686e-06,C3.6,GOES-16,2.852e-06,1.586e-03,2.373e-03,,,,6.4731874,14.48531,106.47388,353.85455,GOES-16_XRS,2,,0,
2023-02-15 12:51:00,2023-02-15 12:46:00,2023-02-15 12:55:00,202302151246,2.416e-06,C2.4,GOES-16,1.759e-06,1.152e-03,1.395e-03,-14.0,10.0,SVI,-14.379456,17.205835,-231.35194,393.8101,GOES-16_XRS,1,9760,0,3226
2023-02-15 13:36:00,2023-02-15 13:26:00,,202302151326,3.910e-06,C3.9,GOES-16,2.742e-06,2.908e-03,,,,,-44.97116,20.849087,-643.2867,420.8221,GOES-16_XRS,1,9770,0,
2023-02-15 13:43:00,2023-02-15 13:39:00,2023-02-15 13:46:00,202302151339,3.963e-06,C3.9,GOES-16,3.890e-06,1.884e-03,2.117e-03,-14.0,10.0,SVI,-67.94003,20.71411,-843.0962,382.21942,GOES-16_XRS,2,9780,0,3226
2023-02-15 15:59:00,2023-02-15 15:52:00,2023-02-15 16:24:00,202302151552,3.734e-06,C3.7,GOES-16,2.482e-06,1.997e-03,6.776e-03,,,,8.542139,13.376674,140.95291,335.8147,GOES-16_XRS,1,9850,0,3213
2023-02-15 17:38:00,2023-02-15 17:31:00,,202302151731,2.094e-06,C2.0,GOES-16,1.450e-06,1.168e-03,,,,,-8.326782,17.52386,-134.6824,401.20074,GOES-16_XRS,1,9870,0,
2023-02-15 17:50:00,2023-02-15 17:42:00,2023-02-15 17:53:00,202302151742,2.479e-06,C2.4,GOES-16,2.067e-06,1.645e-03,1.777e-03,,,,,,-971.0385,375.49927,GOES-16_XRS,2,9910,0,
2023-02-15 19:35:00,2023-02-15 19:23:00,2023-02-15 19:41:00,202302151923,2.590e-06,C2.5,GOES-16,1.435e-06,1.908e-03,2.386e-03,,,,10.584341,-13.442344,174.292,-113.9932,GOES-16_XRS,1,9880,0,3220
2023-02-15 20:03:00,2023-02-15 19:49:00,2023-02-15 20:17:00,202302151949,3.471e-06,C3.4,GOES-16,1.597e-06,2.734e-03,4.671e-03,,,,-26.593323,14.314592,-422.87943,340.0314,GOES-16_XRS,1,9890,0,
2023-02-15 21:14:00,2023-02-15 21:05:00,2023-02-15 21:17:00,202302152105,1.084e-05,M1.0,GOES-16,1.464e-06,3.684e-03,3.910e-03,,,,71.5688,26.651705,824.2779,465.71198,GOES-16_XRS,1,9920,0,3213
2023-02-15 23:39:00,2023-02-15 23:27:00,2023-02-15 23:48:00,202302152327,2.322e-06,C2.3,GOES-16,1.487e-06,1.910e-03,2.723e-03,19.0,-10.0,LEA,-1.8933716,8.037721,-31.914038,250.6263,GOES-16_XRS,1,9960,0,3217
2023-02-16 00:32:00,2023-02-16 00:19:00,2023-02-16 00:42:00,202302160019,1.102e-05,M1.1,GOES-16,1.460e-06,5.434e-03,8.930e-03,,,,-74.88388,20.851807,-876.892,371.77524,GOES-16_XRS,1,9970,0,3229
2023-02-16 05:19:00,2023-02-16 05:03:00,2023-02-16 05:53:00,202302160503,2.599e-06,C2.5,GOES-16,1.417e-06,2.469e-03,6.957e-03,-5.0,9.0,LEA,33.96638,22.01904,504.65726,452.19083,GOES-16_XRS,1,10,0,3226
2023-02-16 06:46:00,2023-02-16 06:36:00,2023-02-16 06:51:00,202302160636,3.475e-06,C3.4,GOES-16,1.275e-06,2.159e-03,2.587e-03,,,,52.744083,9.208732,764.97833,224.24889,GOES-16_XRS,1,20,0,
2023-02-16 08:23:00,2023-02-16 08:03:00,,202302160803,3.925e-06,C3.9,GOES-16,1.730e-06,4.247e-03,,,,,52.97038,25.339594,702.2119,476.89047,GOES-16_XRS,1,,0,
2023-02-16 08:48:00,2023-02-16 08:43:00,2023-02-16 08:55:00,202302160843,3.681e-06,C3.6,GOES-16,2.852e-06,1.821e-03,2.805e-03,,,,-4.557953,21.708315,-71.98752,466.05423,GOES-16_XRS,2,50,0,3215
2023-02-16 10:59:00,2023-02-16 10:16:00,2023-02-16 11:40:00,202302161016,9.020e-06,C9.0,GOES-16,1.439e-06,1.586e-02,3.221e-02,44.0,27.0,SVI,25.480099,23.831127,383.4942,487.21756,GOES-16_XRS,1,60,0,3216
2023-02-16 16:52:00,2023-02-16 16:45:00,2023-02-16 16:57:00,202302161645,1.710e-06,C1.7,GOES-16,1.037e-06,8.964e-04,1.142e-03,,,,,,1004.9495,133.23976,GOES-16_XRS,1,130,0,
2023-02-16 18:55:00,2023-02-16 18:34:00,,202302161834,2.946e-06,C2.9,GOES-16,1.244e-06,3.250e-03,,,,,-66.83328,19.355564,-843.4785,363.23767,GOES-16_XRS,1,140,0,3229
2023-02-16 19:07:00,2023-02-16 19:03:00,2023-02-16 19:09:00,202302161903,2.956e-06,C2.9,GOES-16,2.887e-06,1.399e-03,1.570e-03,,,,-54.7594,9.306103,-784.55994,222.73375,GOES-16_XRS,2,,0,
2023-02-16 21:16:00,2023-02-16 20:39:00,2023-02-16 22:02:00,202302162039,9.151e-06,C9.1,GOES-16,1.347e-06,1.375e-02,3.295e-02,-72.0,27.0,HOL,-75.29889,24.448689,-855.6265,426.19687,GOES-16_XRS,1,160,0,3229
2023-02-17 01:35:00,2023-02-17 01:31:00,2023-02-17 01:41:00,202302170131,3.863e-06,C3.8,GOES-16,1.150e-06,1.254e-03,1.861e-03,,,,-74.642,24.614826,-851.87396,429.90518,GOES-16_XRS,1,200,0,3229
2023-02-17 04:25:00,2023-02-17 04:19:00,2023-02-17 04:33:00,202302170419,1.391e-06,C1.3,GOES-16,9.888e-07,7.276e-04,1.166e-03,,,,-49.994446,14.892319,-720.652,321.0651,GOES-16_XRS,1,230,0,3229
2023-02-17 07:33:00,2023-02-17 07:29:00,2023-02-17 07:42:00,202302170729,1.908e-06,C1.9,GOES-16,1.012e-06,7.427e-04,1.376e-03,,,,-61.6528,24.448696,-779.1753,450.14575,GOES-16_XRS,1,280,0,3229
2023-02-17 09:38:00,2023-02-17 09:29:00,2023-02-17 09:41:00,202302170929,2.263e-06,C2.2,GOES-16,1.056e-06,1.172e-03,1.263e-03,-69.0,25.0,LEA,-68.125,25.947483,-811.14777,461.419,GOES-16_XRS,1,350,0,3229
2023-02-17 10:33:00,2023-02-17 10:24:00,2023-02-17 10:38:00,202302171024,2.114e-06,C2.1,GOES-16,1.179e-06,1.241e-03,1.533e-03,,,,46.598545,-18.680178,670.33496,-233.37595,GOES-16_XRS,1,400,0,
2023-02-17 10:50:00,2023-02-17 10:44:00,2023-02-17 10:59:00,202302171044,2.089e-06,C2.0,GOES-16,1.425e-06,1.076e-03,1.832e-03,,,,,,-1096.9407,251.35574,GOES-16_XRS,1,410,0,3229
2023-02-17 11:48:00,2023-02-17 11:43:00,2023-02-17 11:51:00,202302171143,2.095e-06,C2.0,GOES-16,1.218e-06,8.606e-04,9.431e-04,8.0,8.0,SVI,18.138248,-0.08214027,303.56122,110.16062,GOES-16_XRS,1,440,0,3226
2023-02-17 20:16:00,2023-02-17 19:38:00,2023-02-17 20:49:00,202302171938,2.275e-04,X2.2,GOES-16,2.415e-06,2.078e-01,5.060e-01,-64.0,25.0,HOL,-61.91266,22.204966,-794.31836,415.9608,GOES-16_XRS,1,630,0,3229
2023-02-18 08:25:00,2023-02-18 08:16:00,2023-02-18 08:27:00,202302180816,5.002e-06,C5.0,GOES-16,3.370e-06,3.160e-03,3.360e-03,13.0,7.0,SVI,29.997858,9.414194,480.6062,258.89514,GOES-16_XRS,1,690,0,3226
2023-02-18 12:00:00,2023-02-18 11:49:00,2023-02-18 12:06:00,202302181149,7.769e-06,C7.7,GOES-16,3.100e-06,4.659e-03,5.914e-03,31.0,7.0,SVI,31.289368,6.901667,502.37915,216.27248,GOES-16_XRS,1,830,0,3226
2023-02-18 18:36:00,2023-02-18 18:31:00,2023-02-18 18:40:00,202302181831,7.662e-06,C7.6,GOES-16,1.815e-06,2.618e-03,3.096e-03,,,,26.881584,8.120677,436.17917,240.92561,GOES-16_XRS,1,970,0,3226
2023-02-18 22:21:00,2023-02-18 22:14:00,2023-02-18 22:24:00,202302182214,2.716e-06,C2.7,GOES-16,1.604e-06,1.397e-03,1.515e-03,28.0,9.0,HOL,31.50098,8.4902,503.4721,242.43147,GOES-16_XRS,1,1050,0,3226
2023-02-19 04:02:00,2023-02-19 03:55:00,2023-02-19 04:08:00,202302190355,3.511e-06,C3.5,GOES-16,1.418e-06,1.745e-03,2.353e-03,28.0,10.0,LEA,29.618416,7.9962373,476.82394,236.3877,GOES-16_XRS,1,1190,0,3226
2023-02-19 07:28:00,2023-02-19 07:21:00,,202302190721,2.426e-06,C2.4,GOES-16,1.773e-06,1.401e-03,,,,,48.204018,0.9622718,725.60406,95.062096,GOES-16_XRS,1,,0,
2023-02-19 07:36:00,2023-02-19 07:31:00,2023-02-19 07:39:00,202302190731,2.433e-06,C2.4,GOES-16,2.359e-06,1.292e-03,1.431e-03,41.0,5.0,SVI,50.64215,3.4912019,751.11383,133.69882,GOES-16_XRS,2,1280,0,3226
2023-02-19 07:57:00,2023-02-19 07:44:00,,202302190744,3.561e-06,C3.5,GOES-16,2.291e-06,3.117e-03,,,,,40.785503,11.063867,624.2072,273.40518,GOES-16_XRS,1,,0,
2023-02-19 08:17:00,2023-02-19 08:00:00,2023-02-19 08:32:00,202302190800,6.895e-06,C6.8,GOES-16,3.515e-06,6.811e-03,1.153e-02,42.0,7.0,SVI,44.747948,11.572783,671.3628,276.16473,GOES-16_XRS,2,1290,0,3226
2023-02-19 12:59:00,2023-02-19 12:52:00,2023-02-19 13:04:00,202302191252,2.009e-06,C2.0,GOES-16,1.377e-06,1.132e-03,1.433e-03,39.0,9.0,SVI,44.737904,6.047415,681.4026,185.4668,GOES-16_XRS,1,1420,0,3226
2023-02-19 15:01:00,2023-02-19 14:50:00,2023-02-19 15:11:00,202302191450,2.661e-06,C2.6,GOES-16,1.500e-06,1.927e-03,2.991e-03,,,,-39.821655,25.212053,-563.8989,493.81262,GOES-16_XRS,1,1440,0,3229
2023-02-19 15:50:00,2023-02-19 15:42:00,2023-02-19 15:58:00,202302191542,2.199e-06,C2.1,GOES-16,1.560e-06,1.372e-03,2.067e-03,,,,61.11342,13.397369,828.1828,279.24252,GOES-16_XRS,1,1450,0,
2023-02-19 17:22:00,2023-02-19 17:09:00,2023-02-19 17:35:00,202302191709,2.542e-06,C2.5,GOES-16,1.593e-06,2.186e-03,3.592e-03,,,,-61.47638,21.141823,-796.6453,400.74225,GOES-16_XRS,1,1460,0,
2023-02-19 19:01:00,2023-02-19 18:53:00,2023-02-19 19:06:00,202302191853,5.767e-06,C5.7,GOES-16,2.493e-06,3.087e-03,3.825e-03,,,,-60.0997,19.39823,-794.9911,376.19745,GOES-16_XRS,1,1480,0,
2023-02-19 21:03:00,2023-02-19 20:54:00,2023-02-19 21:09:00,202302192054,4.762e-06,C4.7,GOES-16,2.669e-06,3.075e-03,3.965e-03,,,,-24.301575,19.278326,-378.36768,421.29678,GOES-16_XRS,1,1520,0,3229
2023-02-20 00:07:00,2023-02-19 23:57:00,2023-02-20 00:14:00,202302192357,3.766e-06,C3.7,GOES-16,2.185e-06,2.466e-03,3.379e-03,,,,,,-1421.7961,-302.29523,GOES-16_XRS,1,1550,0,3230
2023-02-20 01:25:00,2023-02-20 01:19:00,2023-02-20 01:33:00,202302200119,2.841e-06,C2.8,GOES-16,1.770e-06,1.451e-03,2.298e-03,,,,37.452164,18.212965,562.3258,391.53513,GOES-16_XRS,1,1580,0,3231
2023-02-20 02:16:00,2023-02-20 02:08:00,2023-02-20 02:19:00,202302200208,2.822e-06,C2.8,GOES-16,1.776e-06,1.565e-03,1.697e-03,,,,-6.958008,14.111817,-114.488434,350.2627,GOES-16_XRS,1,1600,0,3226
2023-02-20 04:18:00,2023-02-20 04:12:00,2023-02-20 04:25:00,202302200412,2.194e-06,C2.1,GOES-16,1.563e-06,1.120e-03,1.687e-03,65.0,11.0,LEA,49.817234,12.140592,726.7121,277.9979,GOES-16_XRS,1,1620,0,
2023-02-20 04:51:00,2023-02-20 04:39:00,2023-02-20 05:02:00,202302200439,3.394e-06,C3.3,GOES-16,1.617e-06,2.611e-03,4.136e-03,42.0,20.0,LEA,43.481266,22.99321,616.36414,456.57224,GOES-16_XRS,1,1630,0,3231
2023-02-20 06:08:00,2023-02-20 05:58:00,2023-02-20 06:15:00,202302200558,5.590e-06,C5.5,GOES-16,2.090e-06,2.979e-03,4.212e-03,,,,38.43034,18.696878,573.0989,397.87854,GOES-16_XRS,1,1650,0,3231
2023-02-20 06:47:00,2023-02-20 06:41:00,,202302200641,4.454e-06,C4.4,GOES-16,2.439e-06,2.160e-03,,,,,-32.420563,17.15272,-498.81155,380.90894,GOES-16_XRS,1,1660,0,3234
2023-02-20 07:02:00,2023-02-20 06:49:00,2023-02-20 07:12:00,202302200649,7.118e-06,C7.1,GOES-16,4.339e-06,6.046e-03,8.940e-03,,,,41.89436,13.3889475,632.30273,309.7703,GOES-16_XRS,2,1670,0,3226
2023-02-20 10:37:00,2023-02-20 10:25:00,2023-02-20 10:44:00,202302201025,2.560e-06,C2.5,GOES-16,1.626e-06,2.056e-03,2.701e-03,,,,74.72336,-3.41391,935.4005,-26.193481,GOES-16_XRS,1,1750,0,3226
2023-02-20 14:58:00,2023-02-20 14:47:00,2023-02-20 15:02:00,202302201447,4.435e-05,M4.4,GOES-16,1.749e-06,1.374e-02,1.623e-02,-75.0,25.0,SVI,-69.51895,22.08307,-843.2252,400.96555,GOES-16_XRS,1,1800,0,3234
2023-02-20 16:26:00,2023-02-20 16:22:00,2023-02-20 16:30:00,202302201622,3.104e-06,C3.1,GOES-16,1.816e-06,1.160e-03,1.430e-03,,,,-25.880219,18.090929,-404.055,402.0052,GOES-16_XRS,1,1820,0,3229
2023-02-20 17:43:00,2023-02-20 17:37:00,2023-02-20 17:45:00,202302201737,5.447e-06,C5.4,GOES-16,1.615e-06,1.926e-03,2.078e-03,,,,-21.630157,22.847784,-330.78632,477.32776,GOES-16_XRS,1,1830,0,3229
2023-02-20 19:12:00,2023-02-20 19:05:00,2023-02-20 19:17:00,202302201905,2.806e-06,C2.8,GOES-16,1.488e-06,1.457e-03,1.832e-03,,,,-6.560486,20.362133,-104.342094,447.4427,GOES-16_XRS,1,1840,0,3229
2023-02-20 22:03:00,2023-02-20 21:58:00,2023-02-20 22:06:00,202302202158,1.955e-06,C1.9,GOES-16,1.306e-06,8.860e-04,9.747e-04,,,,-19.939056,24.84511,-301.32187,507.75107,GOES-16_XRS,1,1850,0,3229
2023-02-20 22:23:00,2023-02-20 22:14:00,2023-02-20 22:31:00,202302202214,2.900e-06,C2.8,GOES-16,1.393e-06,1.590e-03,2.394e-03,,,,-66.2287,6.213621,-884.1446,152.08167,GOES-16_XRS,1,1860,0,3234
2023-02-20 23:27:00,2023-02-20 23:19:00,2023-02-20 23:35:00,202302202319,2.164e-06,C2.1,GOES-16,1.511e-06,1.361e-03,2.033e-03,,,,,,-853.41797,511.58942,GOES-16_XRS,1,1870,0,3234
2023-02-21 04:02:00,2023-02-21 03:40:00,2023-02-21 04:15:00,202302210340,9.149e-06,C9.1,GOES-16,1.532e-06,8.381e-03,1.273e-02,,,,-66.175354,24.959816,-805.65845,450.4449,GOES-16_XRS,1,1930,0,
2023-02-21 04:44:00,2023-02-21 04:35:00,2023-02-21 04:51:00,202302210435,9.647e-06,C9.6,GOES-16,2.974e-06,5.075e-03,7.041e-03,64.0,13.0,LEA,-51.063873,20.060505,-710.5576,401.44266,GOES-16_XRS,1,1940,0,3226
2023-02-21 10:53:00,2023-02-21 10:40:00,,202302211040,6.557e-06,C6.5,GOES-16,1.504e-06,4.289e-03,,,,,-58.143127,23.866125,-754.92676,447.83896,GOES-16_XRS,1,,0,
2023-02-21 11:11:00,2023-02-21 11:05:00,,202302211105,1.575e-05,M1.5,GOES-16,4.095e-06,6.255e-03,,,,,-41.752197,20.068123,-608.5539,415.00806,GOES-16_XRS,2,,0,
2023-02-21 11:23:00,2023-02-21 11:14:00,2023-02-21 11:30:00,202302211114,4.775e-05,M4.7,GOES-16,1.331e-05,2.770e-02,3.753e-02,70.0,14.0,SVI,-62.378235,22.580627,-794.92993,421.34064,GOES-16_XRS,3,2040,0,3234
2023-02-21 12:21:00,2023-02-21 12:17:00,2023-02-21 12:24:00,202302211217,6.125e-06,C6.1,GOES-16,2.848e-06,2.262e-03,2.497e-03,-13.0,29.0,SVI,-12.899872,25.581545,-196.06625,522.35333,GOES-16_XRS,1,2080,0,3229
2023-02-21 14:27:00,2023-02-21 14:20:00,2023-02-21 14:31:00,202302211420,2.696e-06,C2.6,GOES-16,1.700e-06,1.405e-03,1.651e-03,72.0,14.0,SVI,,,990.21204,242.87589,GOES-16_XRS,1,2120,0,3226
2023-02-21 18:38:00,2023-02-21 18:26:00,2023-02-21 18:46:00,202302211826,4.030e-06,C4.0,GOES-16,1.513e-06,2.545e-03,3.629e-03,,,,-62.81665,23.080082,-795.0807,428.1658,GOES-16_XRS,1,2170,0,3234
2023-02-21 19:36:00,2023-02-21 19:23:00,2023-02-21 19:49:00,202302211923,6.319e-06,C6.3,GOES-16,1.802e-06,4.159e-03,7.354e-03,,,,-53.78601,23.402248,-719.7967,447.96686,GOES-16_XRS,1,2180,0,3234
2023-02-21 20:17:00,2023-02-21 19:57:00,2023-02-21 20:29:00,202302211957,5.091e-05,M5.0,GOES-16,3.637e-06,3.234e-02,5.281e-02,,,,-59.779938,22.691786,-774.69666,427.50766,GOES-16_XRS,1,2190,0,3234
2023-02-21 21:07:00,2023-02-21 21:01:00,2023-02-21 21:17:00,202302212101,7.356e-06,C7.3,GOES-16,4.232e-06,3.481e-03,6.453e-03,,,,-55.927246,21.72377,-747.9634,419.24323,GOES-16_XRS,1,2210,0,3234
2023-02-21 21:51:00,2023-02-21 21:43:00,2023-02-21 21:58:00,202302212143,8.332e-06,C8.3,GOES-16,2.201e-06,4.329e-03,6.012e-03,,,,65.855896,20.368814,830.99225,381.343,GOES-16_XRS,1,2220,0,3231
2023-02-21 23:59:00,2023-02-21 23:53:00,2023-02-22 00:05:00,202302212353,4.659e-06,C4.6,GOES-16,1.559e-06,1.809e-03,2.558e-03,,,,,,,,,1,2270,0,3234
2023-02-22 00:18:00,2023-02-22 00:10:00,2023-02-22 00:23:00,202302220010,7.152e-06,C7.1,GOES-16,2.911e-06,3.539e-03,4.338e-03,,,,-58.231842,26.286417,-740.7158,483.4944,GOES-16_XRS,1,2290,0,3234
2023-02-22 01:15:00,2023-02-22 01:13:00,2023-02-22 01:26:00,202302220113,2.189e-06,C2.1,GOES-16,1.323e-06,6.915e-04,1.694e-03,,,,54.46838,17.833067,753.1287,361.6303,GOES-16_XRS,1,2300,0,3226
2023-02-22 02:48:00,2023-02-22 02:37:00,2023-02-22 02:51:00,202302220237,7.174e-06,C7.1,GOES-16,1.357e-06,2.913e-03,3.118e-03,-60.0,26.0,LEA,-55.7641,24.852562,-729.08,466.42535,GOES-16_XRS,1,2320,0,3234
2023-02-22 04:16:00,2023-02-22 04:07:00,2023-02-22 04:28:00,202302220407,2.962e-06,C2.9,GOES-16,1.698e-06,1.963e-03,3.452e-03,-60.0,26.0,LEA,-47.282104,19.157341,-674.9458,393.43597,GOES-16_XRS,1,2330,0,3234
2023-02-22 05:12:00,2023-02-22 04:51:00,2023-02-22 05:39:00,202302220451,1.406e-05,M1.4,GOES-16,1.932e-06,1.307e-02,2.911e-02,,,,-56.27118,25.198782,-731.33,470.73196,GOES-16_XRS,1,2340,0,3234
2023-02-22 08:02:00,2023-02-22 07:57:00,2023-02-22 08:05:00,202302220757,2.671e-06,C2.6,GOES-16,1.252e-06,1.035e-03,1.139e-03,-57.0,27.0,SVI,-51.188873,23.723991,-693.495,456.8522,GOES-16_XRS,1,2360,0,3234
2023-02-22 10:27:00,2023-02-22 10:22:00,2023-02-22 10:41:00,202302221022,3.292e-06,C3.2,GOES-16,2.082e-06,1.578e-03,3.660e-03,,,,,,-624.2592,779.6567,GOES-16_XRS,1,2420,0,3230
2023-02-22 12:37:00,2023-02-22 12:26:00,2023-02-22 12:45:00,202302221226,3.054e-06,C3.0,GOES-16,1.705e-06,2.129e-03,3.017e-03,,,,-50.469513,26.427591,-671.3866,497.62738,GOES-16_XRS,1,2430,0,3234
2023-02-22 12:54:00,2023-02-22 12:46:00,2023-02-22 12:59:00,202302221246,3.245e-06,C3.2,GOES-16,2.281e-06,2.079e-03,2.568e-03,,,,-50.990753,20.518297,-707.51685,408.81393,GOES-16_XRS,1,2540,0,3234
2023-02-22 13:50:00,2023-02-22 13:36:00,2023-02-22 13:57:00,202302221336,2.680e-05,M2.6,GOES-16,1.771e-06,1.246e-02,1.735e-02,-57.0,27.0,SVI,-49.604736,23.237734,-680.34894,452.0261,GOES-16_XRS,1,2450,0,3234
2023-02-22 16:54:00,2023-02-22 16:46:00,2023-02-22 17:08:00,202302221646,2.685e-06,C2.6,GOES-16,1.848e-06,1.699e-03,3.424e-03,,,,-44.70749,23.551037,-627.1032,463.7263,GOES-16_XRS,1,2500,0,3234
2023-02-22 23:01:00,2023-02-22 22:52:00,2023-02-22 23:08:00,202302222252,2.828e-06,C2.8,GOES-16,1.325e-06,1.589e-03,2.236e-03,,,,-45.599854,22.678993,-640.9962,449.54053,GOES-16_XRS,1,2550,0,3234
2023-02-23 00:50:00,2023-02-23 00:43:00,2023-02-23 00:54:00,202302230043,2.371e-06,C2.3,GOES-16,1.215e-06,1.129e-03,1.309e-03,,,,-20.258911,19.377546,-317.97577,426.91177,GOES-16_XRS,1,2580,0,
2023-02-23 02:21:00,2023-02-23 02:13:00,2023-02-23 02:27:00,202302230213,1.947e-06,C1.9,GOES-16,1.342e-06,1.253e-03,1.645e-03,,,,-16.380371,29.845858,-238.02948,580.6094,GOES-16_XRS,1,2590,0,
2023-02-23 03:51:00,2023-02-23 03:30:00,,202302230330,6.758e-06,C6.7,GOES-16,1.865e-06,6.421e-03,,,,,-42.994812,24.772858,-602.0679,484.11252,GOES-16_XRS,1,,0,
2023-02-23 04:12:00,2023-02-23 04:00:00,2023-02-23 04:23:00,202302230400,7.888e-06,C7.8,GOES-16,5.899e-06,6.694e-03,1.069e-02,,,,-47.602905,26.258022,-643.79395,499.40057,GOES-16_XRS,2,2600,0,3234
2023-02-23 05:29:00,2023-02-23 05:16:00,2023-02-23 05:44:00,202302230516,4.209e-06,C4.2,GOES-16,1.966e-06,3.178e-03,5.791e-03,,,,-20.319855,-26.122171,-303.57523,-324.07367,GOES-16_XRS,1,2620,0,3230
2023-02-23 06:06:00,2023-02-23 06:00:00,2023-02-23 06:10:00,202302230600,3.256e-06,C3.2,GOES-16,1.996e-06,1.632e-03,1.930e-03,,,,-15.155975,-21.9891,-236.08905,-254.10507,GOES-16_XRS,1,2630,0,3230
2023-02-23 06:14:00,2023-02-23 06:11:00,2023-02-23 06:17:00,202302230611,1.533e-05,M1.5,GOES-16,2.147e-06,3.677e-03,4.090e-03,,,,-18.619263,18.999086,-293.87164,422.30063,GOES-16_XRS,1,2640,0,3235
2023-02-23 08:12:00,2023-02-23 07:58:00,2023-02-23 08:18:00,202302230758,7.255e-06,C7.2,GOES-16,2.132e-06,4.355e-03,5.489e-03,,,,-20.233978,20.403578,-315.51672,442.5752,GOES-16_XRS,1,2710,0,3234
2023-02-23 08:48:00,2023-02-23 08:32:00,,202302230832,1.024e-05,M1.0,GOES-16,2.978e-06,8.500e-03,,,,,-40.21872,23.526619,-575.75006,469.4099,GOES-16_XRS,1,2720,0,3234
2023-02-23 09:01:00,2023-02-23 08:51:00,2023-02-23 09:08:00,202302230851,1.283e-05,M1.2,GOES-16,1.002e-05,9.832e-03,1.329e-02,,,,-40.838623,24.476295,-578.75745,482.60455,GOES-16_XRS,2,,0,
2023-02-23 12:29:00,2023-02-23 12:19:00,2023-02-23 12:41:00,202302231219,6.636e-06,C6.6,GOES-16,2.232e-06,3.546e-03,6.527e-03,-39.0,25.0,SVI,-20.208008,20.004915,-315.92902,436.61124,GOES-16_XRS,1,2810,0,3234
2023-02-23 14:34:00,2023-02-23 14:24:00,2023-02-23 14:45:00,202302231424,4.315e-06,C4.3,GOES-16,2.583e-06,3.126e-03,5.129e-03,-39.0,24.0,HOL,-33.000427,22.746996,-488.61447,466.36667,GOES-16_XRS,1,2830,0,3234
2023-02-23 15:13:00,2023-02-23 15:04:00,2023-02-23 15:17:00,202302231504,7.542e-06,C7.5,GOES-16,2.481e-06,3.480e-03,4.014e-03,-17.0,20.0,HOL,-14.093964,19.021097,-224.10934,425.3147,GOES-16_XRS,1,2860,0,3235
2023-02-23 18:19:00,2023-02-23 17:52:00,2023-02-23 18:25:00,202302231752,8.907e-06,C8.9,GOES-16,1.776e-06,7.080e-03,8.397e-03,-41.0,25.0,HOL,-16.303741,20.67921,-255.64035,449.3061,GOES-16_XRS,1,2880,0,3234
2023-02-23 23:13:00,2023-02-23 23:07:00,2023-02-23 23:16:00,202302232307,6.306e-06,C6.3,GOES-16,1.390e-06,1.741e-03,1.936e-03,-11.0,19.0,HOL,-9.704163,18.146187,-155.93234,413.8467,GOES-16_XRS,1,2920,0,3235
2023-02-24 00:31:00,2023-02-24 00:25:00,,202302240025,1.888e-06,C1.8,GOES-16,1.380e-06,1.013e-03,,,,,-15.96875,20.03784,-251.56224,439.88467,GOES-16_XRS,1,,0,
2023-02-24 00:43:00,2023-02-24 00:33:00,2023-02-24 00:55:00,202302240033,1.973e-06,C1.9,GOES-16,1.855e-06,1.613e-03,2.781e-03,,,,-8.269348,24.883717,-126.983185,514.65405,GOES-16_XRS,2,,0,
2023-02-24 02:59:00,2023-02-24 02:46:00,2023-02-24 03:13:00,202302240246,1.738e-06,C1.7,GOES-16,1.095e-06,1.495e-03,2.659e-03,,,,-12.317902,18.679647,-196.72328,421.0527,GOES-16_XRS,1,3020,0,3235
2023-02-24 06:12:00,2023-02-24 05:54:00,2023-02-24 06:20:00,202302240554,8.691e-06,C8.6,GOES-16,2.316e-06,7.036e-03,9.204e-03,-7.0,-24.0,LEA,-7.5379333,-25.608242,-115.1806,-309.61102,GOES-16_XRS,1,3090,0,3230
2023-02-24 07:09:00,2023-02-24 06:54:00,2023-02-24 07:25:00,202302240654,6.880e-06,C6.8,GOES-16,2.404e-06,5.394e-03,9.864e-03,,,,-4.7246704,1.8707697,-80.171135,151.88632,GOES-16_XRS,1,3110,0,3235
2023-02-24 09:41:00,2023-02-24 09:35:00,2023-02-24 09:48:00,202302240935,2.166e-06,C2.1,GOES-16,1.287e-06,1.030e-03,1.566e-03,-28.0,23.0,SVI,-25.899445,17.644014,-405.02457,396.16815,GOES-16_XRS,1,3160,0,3234
2023-02-24 11:28:00,2023-02-24 11:19:00,2023-02-24 11:46:00,202302241119,1.953e-06,C1.9,GOES-16,1.140e-06,1.207e-03,2.875e-03,-28.0,23.0,SVI,-9.274841,-8.66496,-155.1608,-27.637522,GOES-16_XRS,1,3180,0,3234
2023-02-24 13:09:00,2023-02-24 12:58:00,2023-02-24 13:21:00,202302241258,2.996e-06,C2.9,GOES-16,1.104e-06,1.907e-03,3.334e-03,-14.0,-27.0,SVI,-15.747833,-26.867815,-235.67789,-332.76004,GOES-16_XRS,1,3190,0,3236
2023-02-24 17:15:00,2023-02-24 17:11:00,2023-02-24 17:19:00,202302241711,1.196e-05,M1.1,GOES-16,1.669e-06,3.106e-03,3.889e-03,,,,-0.58709717,18.270254,-9.470947,417.61298,GOES-16_XRS,1,3260,0,3235
2023-02-24 20:30:00,2023-02-24 20:03:00,2023-02-24 21:28:00,202302242003,3.732e-05,M3.7,GOES-16,1.654e-06,2.935e-02,1.043e-01,28.0,28.0,HOL,25.14849,26.72186,369.19348,531.7002,GOES-16_XRS,1,3350,0,3229
2023-02-25 03:09:00,2023-02-25 03:00:00,2023-02-25 03:16:00,202302250300,2.183e-06,C2.1,GOES-16,1.516e-06,1.457e-03,2.013e-03,,,,-14.654694,25.271177,-222.57945,517.97845,GOES-16_XRS,1,3460,0,3234
2023-02-25 04:22:00,2023-02-25 04:12:00,2023-02-25 04:31:00,202302250412,8.110e-06,C8.1,GOES-16,1.557e-06,3.563e-03,5.909e-03,,,,38.91863,24.255089,556.8014,482.0394,GOES-16_XRS,1,3510,0,3229
2023-02-25 07:15:00,2023-02-25 07:07:00,2023-02-25 07:20:00,202302250707,2.572e-06,C2.5,GOES-16,1.414e-06,1.406e-03,1.751e-03,,,,42.47677,26.413858,587.7797,508.86893,GOES-16_XRS,1,3570,0,3229
2023-02-25 11:17:00,2023-02-25 11:10:00,,202302251110,1.145e-06,C1.1,GOES-18,8.457e-07,6.654e-04,,,,,-0.1819458,-19.544949,-2.9135,-208.93044,GOES-18_XRS,1,,0,
2023-02-25 11:38:00,2023-02-25 11:29:00,,202302251129,1.074e-06,C1.0,GOES-18,1.018e-06,8.213e-04,,,,,-16.824615,6.961312,-279.64737,232.20404,GOES-18_XRS,2,,0,
2023-02-25 11:48:00,2023-02-25 11:42:00,2023-02-25 11:59:00,202302251142,2.178e-06,C2.1,GOES-16,1.018e-06,1.038e-03,1.975e-03,,,,-1.9229431,-25.71278,-29.429384,-309.89377,GOES-16_XRS,1,3650,0,3236
2023-02-25 15:09:00,2023-02-25 15:02:00,2023-02-25 15:11:00,202302251502,2.299e-06,C2.2,GOES-16,9.929e-07,9.081e-04,9.724e-04,,,,-2.6387024,-24.571169,-40.7557,-291.45364,GOES-16_XRS,1,3680,0,3236
2023-02-25 15:40:00,2023-02-25 15:34:00,2023-02-25 15:45:00,202302251534,1.086e-05,M1.0,GOES-16,9.600e-07,3.263e-03,4.299e-03,,,,0.4861852,-25.000124,7.485894,-298.27548,GOES-16_XRS,1,3700,0,3236
2023-02-25 19:44:00,2023-02-25 18:40:00,2023-02-25 20:26:00,202302251840,6.354e-05,M6.3,GOES-16,1.096e-06,8.860e-02,1.986e-01,43.0,26.0,HOL,43.645485,24.053402,612.47296,473.02985,GOES-16_XRS,1,3750,0,3229
2023-02-26 12:00:00,2023-02-26 11:51:00,2023-02-26 12:11:00,202302261151,5.546e-06,C5.5,GOES-16,2.099e-06,3.200e-03,5.501e-03,,,,21.483368,20.14931,334.4068,438.51382,GOES-16_XRS,1,4000,0,3235
2023-02-26 19:23:00,2023-02-26 19:10:00,2023-02-26 19:30:00,202302261910,2.831e-06,C2.8,GOES-16,1.294e-06,2.104e-03,2.740e-03,,,,5.457635,24.494541,84.18439,510.22382,GOES-16_XRS,1,4150,0,3234
2023-02-26 20:53:00,2023-02-26 20:45:00,,202302262045,1.929e-06,C1.9,GOES-16,1.298e-06,1.132e-03,,,,,-59.409454,26.739777,-746.15186,488.40845,GOES-16_XRS,1,4170,0,3234
2023-02-26 21:06:00,2023-02-26 20:57:00,2023-02-26 21:11:00,202302262057,2.011e-06,C2.0,GOES-16,1.680e-06,1.480e-03,1.807e-03,,,,-16.05957,21.039753,-251.13051,455.4929,GOES-16_XRS,2,4200,0,3234
2023-02-26 21:18:00,2023-02-26 21:13:00,2023-02-26 21:21:00,202302262113,2.509e-06,C2.5,GOES-16,1.750e-06,1.150e-03,1.264e-03,,,,4.414251,24.531038,68.10506,510.93835,GOES-16_XRS,1,4180,0,3234
2023-02-26 22:43:00,2023-02-26 22:39:00,2023-02-26 22:47:00,202302262239,1.872e-06,C1.8,GOES-16,1.176e-06,7.789e-04,9.554e-04,,,,2.0134013,28.024641,30.160782,560.5956,GOES-16_XRS,1,4190,0,3234
2023-02-27 10:22:00,2023-02-27 10:12:00,2023-02-27 10:31:00,202302271012,4.563e-06,C4.5,GOES-16,2.536e-06,2.988e-03,4.559e-03,,,,11.653623,23.723942,179.83817,497.31717,GOES-16_XRS,1,4280,0,3234
2023-02-27 17:55:00,2023-02-27 17:43:00,2023-02-27 18:14:00,202302271743,2.074e-06,C2.0,GOES-18,1.392e-06,1.751e-03,3.683e-03,,,,22.440434,23.45775,340.4405,487.2008,GOES-18_XRS,1,,0,
2023-02-28 04:12:00,2023-02-28 04:08:00,2023-02-28 04:17:00,202302280408,2.452e-06,C2.4,GOES-16,1.198e-06,8.788e-04,1.187e-03,,,,39.846066,-23.630335,570.5105,-300.7981,GOES-16_XRS,1,4460,0,
2023-02-28 05:00:00,2023-02-28 04:50:00,2023-02-28 05:21:00,202302280450,2.381e-06,C2.3,GOES-18,1.475e-06,1.770e-03,4.234e-03,,,,-45.17627,22.389688,-636.9311,446.38098,GOES-18_XRS,1,4470,0,
2023-02-28 06:28:00,2023-02-28 06:20:00,2023-02-28 06:35:00,202302280620,2.580e-06,C2.5,GOES-16,1.715e-06,1.547e-03,2.190e-03,,,,29.7167,22.575686,444.85623,467.8869,GOES-16_XRS,1,4480,0,3234
2023-02-28 06:59:00,2023-02-28 06:48:00,2023-02-28 07:09:00,202302280648,3.304e-06,C3.3,GOES-16,2.177e-06,2.599e-03,3.988e-03,,,,33.085835,21.286451,494.30392,445.13525,GOES-16_XRS,1,4490,0,
2023-02-28 16:22:00,2023-02-28 16:05:00,2023-02-28 16:41:00,202302281605,5.837e-06,C5.8,GOES-16,1.650e-06,4.721e-03,9.201e-03,31.0,26.0,HOL,32.495453,26.662645,466.4372,524.407,GOES-16_XRS,1,4660,0,3234
2023-02-28 17:50:00,2023-02-28 17:35:00,2023-02-28 17:55:00,202302281735,8.618e-05,M8.6,GOES-16,1.935e-06,4.888e-02,5.663e-02,,,,28.337725,23.473198,423.1047,482.485,GOES-16_XRS,1,4690,0,3234
2023-02-28 22:34:00,2023-02-28 22:21:00,2023-02-28 22:49:00,202302282221,4.364e-06,C4.3,GOES-16,1.730e-06,3.186e-03,5.929e-03,,,,35.40694,23.974073,514.2844,482.43256,GOES-16_XRS,1,4770,0,3234
2023-03-01 01:07:00,2023-03-01 00:56:00,2023-03-01 01:17:00,202303010056,1.030e-05,M1.0,GOES-16,1.749e-06,4.599e-03,7.855e-03,-69.0,-15.0,LEA,29.149658,22.282755,437.9782,464.1537,GOES-16_XRS,1,4840,0,3240
2023-03-01 01:47:00,2023-03-01 01:43:00,2023-03-01 01:51:00,202303010143,9.413e-06,C9.4,GOES-16,5.202e-06,3.741e-03,4.497e-03,-69.0,-15.0,LEA,-66.45026,-15.86382,-855.5009,-216.27475,GOES-16_XRS,1,4850,0,3240
2023-03-01 03:20:00,2023-03-01 02:52:00,2023-03-01 03:35:00,202303010252,4.995e-06,C4.9,GOES-16,1.619e-06,6.691e-03,9.722e-03,-69.0,-15.0,LEA,38.32064,25.877598,541.8282,506.6319,GOES-16_XRS,1,4880,0,3234
2023-03-01 04:04:00,2023-03-01 03:58:00,2023-03-01 04:06:00,202303010358,3.220e-06,C3.2,GOES-16,1.978e-06,1.456e-03,1.573e-03,33.0,24.0,LEA,36.92406,15.585101,562.2306,352.94052,GOES-16_XRS,1,4900,0,3234
2023-03-01 04:19:00,2023-03-01 04:12:00,2023-03-01 04:23:00,202303010412,6.354e-06,C6.3,GOES-16,1.803e-06,2.861e-03,3.312e-03,-69.0,-15.0,LEA,-69.25336,-15.069765,-875.8632,-208.51262,GOES-16_XRS,1,4910,0,3240
2023-03-01 06:16:00,2023-03-01 06:08:00,2023-03-01 06:25:00,202303010608,2.508e-06,C2.5,GOES-16,1.293e-06,1.389e-03,2.238e-03,,,,38.823975,23.150671,559.8779,466.22583,GOES-16_XRS,1,4970,0,3234
2023-03-01 06:30:00,2023-03-01 06:26:00,,202303010626,3.072e-06,C3.0,GOES-16,1.914e-06,1.281e-03,,,,,21.55719,20.473251,334.57837,443.66794,GOES-16_XRS,1,5180,0,
2023-03-01 06:49:00,2023-03-01 06:33:00,2023-03-01 06:57:00,202303010633,4.380e-06,C4.3,GOES-16,2.974e-06,4.398e-03,5.752e-03,,,,15.65275,26.474041,234.72366,535.06384,GOES-16_XRS,2,,0,
2023-03-01 09:10:00,2023-03-01 09:01:00,2023-03-01 09:18:00,202303010901,3.082e-06,C3.0,GOES-16,1.728e-06,1.945e-03,2.844e-03,39.0,22.0,SVI,32.561092,18.839176,494.92123,408.65063,GOES-16_XRS,1,5000,0,3234
2023-03-01 19:36:00,2023-03-01 19:28:00,2023-03-01 19:43:00,202303011928,2.093e-06,C2.0,GOES-16,1.431e-06,1.272e-03,1.808e-03,,,,58.28668,-26.10688,741.3616,-366.07297,GOES-16_XRS,1,5110,0,3236
2023-03-01 23:22:00,2023-03-01 23:18:00,2023-03-01 23:27:00,202303012318,2.740e-06,C2.7,GOES-16,1.626e-06,1.061e-03,1.453e-03,,,,49.750397,18.824053,701.2168,385.36484,GOES-16_XRS,1,5140,0,3234
2023-03-02 03:54:00,2023-03-02 03:46:00,2023-03-02 03:56:00,202303020346,4.144e-06,C4.1,GOES-16,1.383e-06,1.654e-03,1.778e-03,-79.0,8.0,LEA,-67.124725,4.762282,-890.3829,127.12815,GOES-16_XRS,1,5250,0,
2023-03-02 04:50:00,2023-03-02 04:39:00,2023-03-02 04:56:00,202303020439,9.238e-06,C9.2,GOES-18,2.251e-06,5.060e-03,6.496e-03,,,,52.423225,20.389929,720.896,405.19635,GOES-18_XRS,1,,0,
2023-03-02 08:02:00,2023-03-02 07:56:00,2023-03-02 08:04:00,202303020756,2.863e-06,C2.8,GOES-16,1.917e-06,1.345e-03,1.473e-03,55.0,20.0,SVI,19.040041,15.989658,304.81128,376.74936,GOES-16_XRS,1,5300,0,3234
2023-03-02 10:29:00,2023-03-02 10:26:00,2023-03-02 10:31:00,202303021026,3.157e-06,C3.1,GOES-16,1.809e-06,1.011e-03,1.145e-03,57.0,20.0,SVI,52.917477,17.78885,737.13245,364.2219,GOES-16_XRS,1,5370,0,3234
2023-03-02 10:41:00,2023-03-02 10:36:00,2023-03-02 10:45:00,202303021036,3.297e-06,C3.2,GOES-16,2.089e-06,1.489e-03,1.802e-03,,,,,,-956.481,-430.44147,GOES-16_XRS,1,5380,0,
2023-03-02 11:46:00,2023-03-02 11:35:00,2023-03-02 11:56:00,202303021135,3.727e-06,C3.7,GOES-16,2.025e-06,2.594e-03,4.067e-03,-84.0,9.0,SVI,-79.4252,11.141363,-934.2595,207.637,GOES-16_XRS,1,5390,0,
2023-03-02 12:10:00,2023-03-02 12:04:00,2023-03-02 12:14:00,202303021204,6.536e-06,C6.5,GOES-16,2.357e-06,2.666e-03,3.091e-03,,,,,,-883.59924,-447.1965,GOES-16_XRS,1,5400,0,
2023-03-02 21:16:00,2023-03-02 20:59:00,2023-03-02 21:24:00,202303022059,3.855e-05,M3.8,GOES-16,1.875e-06,2.260e-02,3.108e-02,,,,61.180294,18.235674,806.96844,356.9547,GOES-16_XRS,1,5540,0,3234
2023-03-03 02:23:00,2023-03-03 02:10:00,2023-03-03 02:32:00,202303030210,7.222e-06,C7.2,GOES-16,3.629e-06,5.543e-03,7.965e-03,-65.0,6.0,LEA,-62.91455,7.0009084,-856.9889,172.46385,GOES-16_XRS,1,5580,0,3242
2023-03-03 10:32:00,2023-03-03 10:08:00,2023-03-03 10:48:00,202303031008,3.299e-05,M3.2,GOES-16,3.348e-06,2.904e-02,4.880e-02,66.0,22.0,SVI,66.68756,17.783524,847.5965,339.69562,GOES-16_XRS,1,5780,0,3234
2023-03-03 14:31:00,2023-03-03 14:26:00,2023-03-03 14:33:00,202303031426,3.925e-06,C3.9,GOES-16,2.156e-06,1.492e-03,1.622e-03,,,,-65.30896,8.986404,-870.02,200.63385,GOES-16_XRS,1,5980,0,
2023-03-03 15:12:00,2023-03-03 14:48:00,,202303031448,9.189e-06,C9.1,GOES-16,2.736e-06,1.123e-02,,84.0,-24.0,HOL,-44.677948,10.73563,-670.6008,264.85696,GOES-16_XRS,1,5880,0,3236
2023-03-03 15:55:00,2023-03-03 15:46:00,2023-03-03 16:00:00,202303031546,6.341e-06,C6.3,GOES-16,6.029e-06,4.858e-03,5.960e-03,,,,-61.642853,14.574796,-825.8041,298.2254,GOES-16_XRS,2,,0,
2023-03-03 17:52:00,2023-03-03 17:39:00,2023-03-03 18:00:00,202303031739,2.067e-04,X2.0,GOES-16,1.808e-06,6.245e-02,1.026e-01,80.0,22.0,HOL,65.96854,15.386878,853.5343,303.1025,GOES-16_XRS,1,5920,0,3234
2023-03-03 23:19:00,2023-03-03 23:13:00,2023-03-03 23:21:00,202303032313,3.169e-06,C3.1,GOES-16,2.090e-06,1.488e-03,1.630e-03,-49.0,10.0,LEA,-42.44464,9.400257,-646.3768,246.39992,GOES-16_XRS,1,6050,0,3242
2023-03-03 23:28:00,2023-03-03 23:22:00,2023-03-03 23:31:00,202303032322,3.509e-06,C3.5,GOES-16,2.359e-06,1.690e-03,1.835e-03,,,,-33.33792,7.2744784,-529.497,223.48357,GOES-16_XRS,1,,0,
2023-03-04 00:11:00,2023-03-04 00:01:00,2023-03-04 00:21:00,202303040001,4.294e-06,C4.2,GOES-16,1.952e-06,2.726e-03,4.366e-03,,,,70.1478,-6.514487,905.7025,-67.85315,GOES-16_XRS,1,6110,0,3234
2023-03-04 02:25:00,2023-03-04 02:17:00,2023-03-04 02:32:00,202303040217,5.335e-06,C5.3,GOES-16,2.382e-06,2.381e-03,3.452e-03,-49.0,10.0,LEA,-39.06195,7.6724067,-606.39557,222.80917,GOES-16_XRS,1,6170,0,3242
2023-03-04 05:00:00,2023-03-04 04:54:00,2023-03-04 05:02:00,202303040454,3.956e-06,C3.9,GOES-18,2.376e-06,1.777e-03,1.923e-03,-49.0,10.0,LEA,-56.566772,14.045141,-785.15137,298.84848,GOES-18_XRS,1,6310,0,3242
2023-03-04 07:10:00,2023-03-04 07:06:00,2023-03-04 07:13:00,202303040706,1.048e-05,M1.0,GOES-16,2.663e-06,2.880e-03,3.199e-03,39.0,17.0,LEA,37.299004,16.114124,565.1823,360.86557,GOES-16_XRS,1,6350,0,3243
2023-03-04 07:26:00,2023-03-04 07:21:00,2023-03-04 07:29:00,202303040721,5.645e-06,C5.6,GOES-16,3.529e-06,2.414e-03,2.613e-03,-44.0,9.0,SVI,-57.45288,10.165679,-804.67255,234.56535,GOES-16_XRS,1,6360,0,3242
2023-03-04 08:24:00,2023-03-04 08:13:00,2023-03-04 08:30:00,202303040813,6.756e-06,C6.7,GOES-16,2.770e-06,4.054e-03,5.203e-03,,,,,,949.0077,265.7527,GOES-16_XRS,1,6380,0,3234
2023-03-04 12:00:00,2023-03-04 11:54:00,2023-03-04 12:03:00,202303041154,4.122e-06,C4.1,GOES-16,2.551e-06,1.907e-03,2.091e-03,,,,-5.42099,2.8662171,-91.708725,170.10214,GOES-16_XRS,1,6440,0,3242
2023-03-04 13:17:00,2023-03-04 13:13:00,,202303041313,4.711e-06,C4.7,GOES-16,3.267e-06,2.001e-03,,,,,-43.60205,22.013512,-620.37,442.94522,GOES-16_XRS,1,,0,
2023-03-04 13:42:00,2023-03-04 13:34:00,2023-03-04 13:46:00,202303041334,1.220e-05,M1.2,GOES-16,4.175e-06,5.764e-03,6.637e-03,-43.0,8.0,SVI,-28.218567,8.572172,-454.14532,250.37265,GOES-16_XRS,2,6470,0,3242
2023-03-04 14:40:00,2023-03-04 14:35:00,2023-03-04 14:42:00,202303041435,4.956e-06,C4.9,GOES-16,2.469e-06,1.646e-03,1.788e-03,-43.0,13.0,HOL,-37.36853,9.68839,-580.8731,258.02875,GOES-16_XRS,1,6500,0,3242
2023-03-04 15:12:00,2023-03-04 14:54:00,,202303041454,9.052e-06,C9.0,GOES-16,2.443e-06,7.026e-03,,,,,77.70401,15.945739,909.6038,288.87692,GOES-16_XRS,1,,0,
2023-03-04 15:57:00,2023-03-04 15:19:00,2023-03-04 16:25:00,202303041519,5.268e-05,M5.2,GOES-16,6.761e-06,8.057e-02,1.444e-01,,,,,,921.5994,295.22556,GOES-16_XRS,2,6510,0,3234
2023-03-04 19:57:00,2023-03-04 19:50:00,2023-03-04 20:00:00,202303041950,4.839e-06,C4.8,GOES-16,3.473e-06,2.680e-03,2.911e-03,,,,71.921036,22.563755,850.18634,403.65656,GOES-16_XRS,1,6600,0,3234
2023-03-04 20:31:00,2023-03-04 20:25:00,,202303042025,6.553e-06,C6.5,GOES-16,3.531e-06,3.204e-03,,,,,,,919.4632,404.03146,GOES-16_XRS,1,6620,0,3234
2023-03-04 20:55:00,2023-03-04 20:51:00,2023-03-04 20:57:00,202303042051,5.609e-06,C5.6,GOES-16,5.362e-06,2.629e-03,2.946e-03,,,,,,1282.611,490.11102,GOES-16_XRS,2,,0,
2023-03-04 22:11:00,2023-03-04 22:00:00,2023-03-04 22:17:00,202303042200,4.238e-06,C4.2,GOES-16,2.569e-06,3.168e-03,3.992e-03,48.0,20.0,HOL,48.15932,20.73301,675.8497,416.99268,GOES-16_XRS,1,6650,0,3243
2023-03-04 23:40:00,2023-03-04 23:33:00,2023-03-04 23:42:00,202303042333,3.359e-06,C3.3,GOES-16,2.086e-06,1.680e-03,1.833e-03,,,,-32.23111,7.305856,-513.70996,225.3003,GOES-16_XRS,1,6670,0,3242
2023-03-05 00:43:00,2023-03-05 00:37:00,2023-03-05 00:47:00,202303050037,3.266e-06,C3.2,GOES-16,2.125e-06,1.553e-03,1.865e-03,,,,-41.233887,3.6014292,-638.5648,152.41057,GOES-16_XRS,1,6680,0,3242
2023-03-05 02:52:00,2023-03-05 02:40:00,2023-03-05 03:02:00,202303050240,1.326e-05,M1.3,GOES-16,2.036e-06,6.296e-03,1.048e-02,1.0,9.0,LEA,53.094566,15.989303,745.46313,335.6341,GOES-16_XRS,1,6730,0,3238
2023-03-05 03:54:00,2023-03-05 03:44:00,2023-03-05 04:02:00,202303050344,8.217e-06,C8.2,GOES-16,3.609e-06,5.019e-03,7.326e-03,47.0,18.0,LEA,52.778572,19.386232,728.401,389.12286,GOES-16_XRS,1,6750,0,3243
2023-03-05 11:33:00,2023-03-05 11:24:00,2023-03-05 11:35:00,202303051124,3.686e-06,C3.6,GOES-16,2.134e-06,2.204e-03,2.342e-03,,,,-32.207397,11.672161,-506.7617,296.37497,GOES-16_XRS,1,6840,0,3242
2023-03-05 13:58:00,2023-03-05 13:23:00,2023-03-05 14:20:00,202303051323,6.294e-06,C6.2,GOES-16,2.310e-06,1.068e-02,1.691e-02,,,,53.0824,11.611398,759.457,265.63513,GOES-16_XRS,1,6850,0,3243
2023-03-05 16:41:00,2023-03-05 16:24:00,,202303051624,1.065e-05,M1.0,GOES-16,3.670e-06,8.504e-03,,12.0,10.0,HOL,-20.097351,13.16137,-324.9536,331.4557,GOES-16_XRS,1,6900,0,3238
2023-03-05 17:01:00,2023-03-05 16:53:00,2023-03-05 17:10:00,202303051653,1.036e-05,M1.0,GOES-16,8.399e-06,6.807e-03,1.082e-02,,,,-24.772827,14.619285,-393.7045,350.79236,GOES-16_XRS,2,6910,0,3242
2023-03-05 19:33:00,2023-03-05 19:23:00,2023-03-05 19:43:00,202303051923,3.852e-06,C3.8,GOES-16,2.236e-06,2.521e-03,4.057e-03,,,,60.551582,18.081537,802.2107,355.5362,GOES-16_XRS,1,6930,0,3243
2023-03-05 21:02:00,2023-03-05 20:54:00,2023-03-05 21:16:00,202303052054,2.187e-06,C2.1,GOES-16,1.583e-06,1.388e-03,2.771e-03,,,,-49.467804,-19.882254,-693.3696,-252.45111,GOES-16_XRS,1,6940,0,3245
2023-03-05 21:36:00,2023-03-05 21:29:00,2023-03-05 21:40:00,202303052129,5.046e-05,M5.0,GOES-16,2.202e-06,1.858e-02,2.118e-02,,,,58.50253,15.649226,795.81464,320.91037,GOES-16_XRS,1,6950,0,3243
2023-03-06 01:22:00,2023-03-06 01:14:00,2023-03-06 01:28:00,202303060114,2.661e-06,C2.6,GOES-16,1.654e-06,1.542e-03,2.058e-03,,,,82.390884,17.959366,912.2495,311.315,GOES-16_XRS,1,6980,0,3243
2023-03-06 02:28:00,2023-03-06 02:08:00,2023-03-06 02:34:00,202303060208,5.805e-05,M5.8,GOES-16,1.597e-06,3.612e-02,4.376e-02,65.0,19.0,LEA,60.620434,15.407126,814.0928,313.25323,GOES-16_XRS,1,6990,0,3243
2023-03-06 09:12:00,2023-03-06 08:57:00,2023-03-06 09:36:00,202303060857,1.316e-05,M1.3,GOES-16,2.695e-06,8.474e-03,2.110e-02,,,,73.55791,18.461586,880.6823,336.90656,GOES-16_XRS,1,7110,0,
2023-03-06 12:18:00,2023-03-06 12:01:00,2023-03-06 12:29:00,202303061201,5.052e-06,C5.0,GOES-16,2.294e-06,4.621e-03,6.827e-03,,,,54.832912,17.930792,753.8834,363.07544,GOES-16_XRS,1,7120,0,3243
2023-03-06 14:24:00,2023-03-06 14:19:00,,202303061419,4.284e-06,C4.2,GOES-16,2.259e-06,1.896e-03,,-7.0,30.0,HOL,49.286053,13.157668,715.7181,296.72073,GOES-16_XRS,1,7130,0,3241
2023-03-06 14:42:00,2023-03-06 14:30:00,2023-03-06 14:48:00,202303061430,7.236e-06,C7.2,GOES-16,3.615e-06,5.372e-03,6.677e-03,-9.0,31.0,SVI,-5.0747375,27.260456,-76.327545,549.5635,GOES-16_XRS,2,7330,0,3241
2023-03-06 17:14:00,2023-03-06 17:05:00,,202303061705,2.351e-06,C2.3,GOES-16,1.422e-06,1.548e-03,,,,,60.5749,18.673803,799.44855,364.64963,GOES-16_XRS,1,7150,0,3243
2023-03-06 17:50:00,2023-03-06 17:24:00,2023-03-06 18:09:00,202303061724,1.034e-05,M1.0,GOES-16,2.124e-06,1.274e-02,2.085e-02,,,,-21.613312,14.181666,-346.71222,346.42804,GOES-16_XRS,2,7320,0,3242
2023-03-07 02:39:00,2023-03-07 02:23:00,2023-03-07 03:13:00,202303070223,4.039e-06,C4.0,GOES-16,1.613e-06,3.589e-03,9.918e-03,-40.0,-26.0,LEA,-39.521362,-26.305492,-553.4792,-341.8258,GOES-16_XRS,1,7250,0,3245
2023-03-07 04:05:00,2023-03-07 03:58:00,2023-03-07 04:11:00,202303070358,4.711e-06,C4.7,GOES-16,1.774e-06,2.203e-03,2.987e-03,,,,,,930.9719,343.34726,GOES-16_XRS,1,7270,0,3243
2023-03-07 08:20:00,2023-03-07 08:11:00,2023-03-07 08:27:00,202303070811,3.030e-06,C3.0,GOES-16,1.732e-06,1.798e-03,2.513e-03,,,,61.591286,13.7299385,827.72614,284.6013,GOES-16_XRS,1,7310,0,3243
2023-03-07 10:37:00,2023-03-07 10:26:00,2023-03-07 10:48:00,202303071026,1.891e-06,C1.8,GOES-16,1.186e-06,1.414e-03,2.304e-03,,,,-31.68283,-16.904697,-487.7517,-180.21814,GOES-16_XRS,1,7340,0,3245
2023-03-07 12:50:00,2023-03-07 12:44:00,2023-03-07 12:53:00,202303071244,1.643e-06,C1.6,GOES-16,1.172e-06,8.183e-04,8.974e-04,,,,,,984.51074,334.01257,GOES-16_XRS,1,7350,0,3242
2023-03-07 17:49:00,2023-03-07 17:33:00,2023-03-07 18:23:00,202303071733,2.634e-06,C2.6,GOES-16,1.186e-06,2.391e-03,6.592e-03,,,,-27.096863,-23.7737,-404.58972,-288.33154,GOES-16_XRS,1,7360,0,3245
2023-03-08 02:47:00,2023-03-08 02:40:00,2023-03-08 02:52:00,202303080240,1.906e-06,C1.9,GOES-16,1.331e-06,1.042e-03,1.326e-03,75.0,-22.0,LEA,77.22603,-21.784084,876.38214,-331.1842,GOES-16_XRS,1,7380,0,3244
2023-03-08 05:25:00,2023-03-08 05:19:00,2023-03-08 05:28:00,202303080519,1.788e-06,C1.7,GOES-18,1.242e-06,8.747e-04,9.553e-04,57.0,15.0,LEA,43.31177,10.533851,653.96497,263.40353,GOES-18_XRS,1,7390,0,3248
2023-03-08 10:12:00,2023-03-08 09:53:00,2023-03-08 10:45:00,202303080953,1.196e-05,M1.1,GOES-16,1.475e-06,1.056e-02,2.601e-02,,,,6.193687,8.598616,103.56983,264.43002,GOES-16_XRS,1,7430,0,3242
2023-03-08 13:41:00,2023-03-08 13:35:00,2023-03-08 13:54:00,202303081335,3.380e-06,C3.3,GOES-16,1.367e-06,1.509e-03,3.214e-03,,,,8.457307,8.451964,141.2295,261.40442,GOES-16_XRS,1,7450,0,3242
2023-03-08 16:35:00,2023-03-08 16:21:00,2023-03-08 16:52:00,202303081621,2.097e-06,C2.0,GOES-16,1.247e-06,1.906e-03,3.568e-03,,,,-57.018433,19.363535,-766.5235,381.33765,GOES-16_XRS,1,7470,0,
2023-03-08 19:44:00,2023-03-08 19:27:00,2023-03-08 20:10:00,202303081927,3.743e-06,C3.7,GOES-16,1.245e-06,3.279e-03,7.696e-03,-16.0,-23.0,HOL,-0.6326904,14.659049,-10.369428,362.14334,GOES-16_XRS,1,7490,0,3245
2023-03-08 22:44:00,2023-03-08 22:35:00,2023-03-08 22:51:00,202303082235,1.358e-05,M1.3,GOES-16,1.151e-06,4.754e-03,7.048e-03,-14.0,-24.0,HOL,-12.630035,-23.821638,-194.15576,-279.59088,GOES-16_XRS,1,7500,0,3245
2023-03-09 00:07:00,2023-03-08 23:57:00,2023-03-09 00:21:00,202303082357,1.852e-06,C1.8,GOES-16,1.277e-06,1.352e-03,2.530e-03,,,,,,1060.7526,172.07693,GOES-16_XRS,1,7510,0,3248
2023-03-09 00:54:00,2023-03-09 00:44:00,2023-03-09 01:06:00,202303090044,4.272e-06,C4.2,GOES-16,1.178e-06,2.099e-03,3.924e-03,10.0,11.0,LEA,13.936644,9.41879,230.61423,274.8023,GOES-16_XRS,1,7520,0,3242
2023-03-09 01:19:00,2023-03-09 01:14:00,2023-03-09 01:26:00,202303090114,3.983e-06,C3.9,GOES-16,2.432e-06,1.777e-03,2.746e-03,,,,,,954.86835,261.77557,GOES-16_XRS,1,7530,0,
2023-03-09 06:31:00,2023-03-09 06:26:00,2023-03-09 06:36:00,202303090626,1.487e-06,C1.4,GOES-16,1.010e-06,6.853e-04,9.023e-04,10.0,11.0,LEA,-34.21817,25.228668,-493.1549,501.36603,GOES-16_XRS,1,7550,0,3242
2023-03-09 10:11:00,2023-03-09 10:03:00,2023-03-09 10:25:00,202303091003,1.821e-06,C1.8,GOES-16,1.245e-06,1.115e-03,2.302e-03,,,,41.23252,-16.144392,613.92676,-179.1328,GOES-16_XRS,1,7570,0,
2023-03-09 13:53:00,2023-03-09 13:38:00,,202303091338,3.071e-06,C3.0,GOES-16,1.484e-06,2.728e-03,,11.0,12.0,SVI,15.369469,14.77345,248.66524,359.52313,GOES-16_XRS,1,7610,0,3242
2023-03-09 14:14:00,2023-03-09 14:02:00,2023-03-09 14:29:00,202303091402,3.507e-06,C3.5,GOES-16,2.926e-06,3.136e-03,5.743e-03,,,,15.098218,15.466874,243.57704,370.53467,GOES-16_XRS,2,7730,0,
2023-03-09 14:58:00,2023-03-09 14:50:00,2023-03-09 15:06:00,202303091450,3.799e-06,C3.7,GOES-16,2.682e-06,2.357e-03,3.554e-03,-5.0,-22.0,SVI,-1.6792603,-23.138933,-26.15436,-265.86584,GOES-16_XRS,1,7620,0,3245
2023-03-09 18:16:00,2023-03-09 18:10:00,2023-03-09 18:22:00,202303091810,2.420e-06,C2.4,GOES-16,1.330e-06,1.153e-03,1.599e-03,,,,-54.474487,-21.005499,-736.08655,-278.2494,GOES-16_XRS,1,7660,0,3250
2023-03-09 18:30:00,2023-03-09 18:24:00,2023-03-09 18:35:00,202303091824,2.670e-06,C2.6,GOES-16,1.703e-06,1.344e-03,1.721e-03,,,,4.9829535,-22.369335,77.957794,-253.68872,GOES-16_XRS,1,7670,0,3245
2023-03-09 20:11:00,2023-03-09 19:59:00,,202303091959,3.180e-06,C3.1,GOES-16,1.519e-06,2.178e-03,,,,,-1.7054138,-24.139502,-26.357155,-282.1263,GOES-16_XRS,1,7680,0,3245
2023-03-09 20:24:00,2023-03-09 20:17:00,2023-03-09 20:31:00,202303092017,6.272e-06,C6.2,GOES-16,2.656e-06,3.117e-03,4.452e-03,,,,-1.796814,-23.64666,-27.875618,-274.13742,GOES-16_XRS,2,7740,0,3245
2023-03-09 21:09:00,2023-03-09 20:56:00,2023-03-09 21:24:00,202303092056,2.918e-06,C2.9,GOES-16,1.901e-06,2.598e-03,4.650e-03,,,,-55.164978,-15.547474,-766.0756,-190.38464,GOES-16_XRS,1,7690,0,3250
2023-03-09 23:31:00,2023-03-09 23:21:00,2023-03-09 23:41:00,202303092321,3.492e-06,C3.4,GOES-16,1.447e-06,2.124e-03,3.417e-03,,,,-53.76889,18.899857,-739.0747,379.45694,GOES-16_XRS,1,7710,0,3252
2023-03-10 07:08:00,2023-03-10 06:42:00,2023-03-10 07:17:00,202303100642,7.160e-06,C7.1,GOES-16,1.158e-06,6.215e-03,8.265e-03,0.0,-24.0,LEA,3.519361,-24.096493,54.37708,-281.60638,GOES-16_XRS,1,7720,0,3245
2023-03-10 10:06:00,2023-03-10 09:56:00,,202303100956,4.597e-06,C4.5,GOES-16,1.290e-06,2.550e-03,,10.0,-25.0,SVI,30.230087,7.600564,483.97528,231.89792,GOES-16_XRS,1,7750,0,3245
2023-03-10 10:24:00,2023-03-10 10:16:00,2023-03-10 10:27:00,202303101016,3.976e-06,C3.9,GOES-16,3.378e-06,2.714e-03,2.918e-03,,,,17.8996,-8.477932,294.9735,-26.84282,GOES-16_XRS,2,7770,0,3242
2023-03-10 13:33:00,2023-03-10 13:12:00,2023-03-10 13:47:00,202303101312,2.519e-06,C2.5,GOES-16,1.096e-06,2.986e-03,4.449e-03,65.0,-13.0,SVI,52.932938,-11.897355,756.3839,-126.14229,GOES-16_XRS,1,7790,0,3240
2023-03-10 14:55:00,2023-03-10 14:38:00,,202303101438,3.294e-06,C3.2,GOES-16,1.877e-06,3.450e-03,,9.0,-20.0,HOL,-21.989319,-13.303416,-353.51147,-111.180374,GOES-16_XRS,1,7800,0,3245
2023-03-10 15:18:00,2023-03-10 15:11:00,,202303101511,2.843e-06,C2.8,GOES-16,2.659e-06,1.832e-03,,,,,-18.379852,-17.594706,-291.60925,-180.38223,GOES-16_XRS,2,,0,
2023-03-10 15:26:00,2023-03-10 15:19:00,2023-03-10 15:28:00,202303101519,2.859e-06,C2.8,GOES-16,2.835e-06,1.871e-03,2.039e-03,,,,-14.074524,-20.115425,-221.55783,-219.70268,GOES-16_XRS,3,,0,
2023-03-11 01:03:00,2023-03-11 00:55:00,2023-03-11 01:07:00,202303110055,4.939e-06,C4.9,GOES-16,3.036e-06,2.880e-03,3.343e-03,17.0,-25.0,LEA,13.355888,-23.374823,205.70076,-272.73145,GOES-16_XRS,1,7830,0,3245
2023-03-11 05:35:00,2023-03-11 05:30:00,2023-03-11 05:46:00,202303110530,1.455e-06,C1.4,GOES-18,9.728e-07,6.977e-04,1.381e-03,20.0,-23.0,LEA,16.53149,-24.908424,250.32167,-299.10474,GOES-18_XRS,1,7870,0,3245
2023-03-11 06:10:00,2023-03-11 06:03:00,2023-03-11 06:18:00,202303110603,1.318e-06,C1.3,GOES-16,9.599e-07,7.730e-04,1.196e-03,,,,14.15336,-34.87174,194.53325,-452.9061,GOES-16_XRS,1,7880,0,3245
2023-03-11 10:16:00,2023-03-11 10:08:00,2023-03-11 10:23:00,202303111008,1.282e-06,C1.2,GOES-16,7.789e-07,7.519e-04,1.064e-03,19.0,-26.0,SVI,14.300365,-32.52237,201.96721,-417.5021,GOES-16_XRS,1,7900,0,3245
2023-03-11 10:38:00,2023-03-11 10:29:00,2023-03-11 10:44:00,202303111029,1.243e-06,C1.2,GOES-16,8.465e-07,8.265e-04,1.074e-03,,,,10.571525,-22.561644,164.34851,-258.41083,GOES-16_XRS,1,7910,0,3245
2023-03-11 14:40:00,2023-03-11 14:28:00,,202303111428,2.020e-06,C2.0,GOES-16,8.417e-07,1.413e-03,,,,,26.437738,-27.016287,384.56393,-339.6068,GOES-16_XRS,1,,0,
2023-03-11 15:01:00,2023-03-11 14:54:00,2023-03-11 15:13:00,202303111454,1.618e-06,C1.6,GOES-16,1.547e-06,1.047e-03,2.004e-03,21.0,-20.0,HOL,27.254587,-22.529732,410.1415,-268.39954,GOES-16_XRS,2,7930,0,3245
2023-03-12 07:19:00,2023-03-12 07:02:00,2023-03-12 07:31:00,202303120702,3.241e-06,C3.2,GOES-16,9.177e-07,2.680e-03,4.164e-03,-9.0,-30.0,LEA,-11.14035,-26.611563,-167.51462,-324.0242,GOES-16_XRS,1,8040,0,3253
2023-03-12 10:18:00,2023-03-12 10:10:00,2023-03-12 10:26:00,202303121010,1.581e-06,C1.5,GOES-16,9.761e-07,9.370e-04,1.417e-03,,,,36.47647,-15.9486685,553.958,-170.03214,GOES-16_XRS,1,8070,0,3245
2023-03-14 05:04:00,2023-03-14 04:59:00,2023-03-14 05:11:00,202303140459,9.257e-07,B9.2,GOES-18,6.602e-07,4.330e-04,6.735e-04,,,,,,,,,1,8180,0,
2023-03-14 06:05:00,2023-03-14 05:52:00,2023-03-14 06:16:00,202303140552,3.077e-06,C3.0,GOES-16,1.638e-06,2.597e-03,3.967e-03,7.0,-18.0,LEA,12.40286,-19.066898,196.77628,-202.13548,GOES-16_XRS,1,8190,0,3250
2023-03-14 08:09:00,2023-03-14 08:02:00,2023-03-14 08:14:00,202303140802,1.398e-06,C1.3,GOES-16,9.853e-07,7.989e-04,1.008e-03,20.0,-26.0,SVI,29.036945,-28.954712,411.40573,-372.50546,GOES-16_XRS,1,8210,0,3254
2023-03-14 11:19:00,2023-03-14 11:00:00,2023-03-14 11:32:00,202303141100,2.902e-06,C2.9,GOES-16,9.934e-07,2.604e-03,4.112e-03,,,,17.460001,-21.367052,270.7951,-242.5839,GOES-16_XRS,1,8220,0,3254
2023-03-14 22:26:00,2023-03-14 22:16:00,2023-03-14 22:36:00,202303142216,1.236e-06,C1.2,GOES-16,6.620e-07,8.284e-04,1.304e-03,23.0,-28.0,HOL,13.385196,-30.42548,193.40388,-385.20987,GOES-16_XRS,1,8230,0,3254
2023-03-14 23:28:00,2023-03-14 23:25:00,2023-03-14 23:31:00,202303142325,1.070e-06,C1.0,GOES-16,7.560e-07,3.832e-04,4.347e-04,,,,18.775896,-24.515104,283.748,-294.55835,GOES-16_XRS,1,8240,0,3254
2023-03-15 06:30:00,2023-03-15 06:23:00,2023-03-15 06:35:00,202303150623,1.062e-06,C1.0,GOES-16,7.162e-07,5.688e-04,7.251e-04,,,,24.338528,-32.272194,337.48218,-419.88147,GOES-16_XRS,1,8270,0,3254
2023-03-15 19:43:00,2023-03-15 19:36:00,2023-03-15 19:48:00,202303151936,8.625e-07,B8.6,GOES-16,6.272e-07,4.914e-04,6.232e-04,,,,,,,,,1,8320,0,3247
2023-03-16 06:43:00,2023-03-16 06:15:00,2023-03-16 07:11:00,202303160615,1.329e-06,C1.3,GOES-16,5.822e-07,2.065e-03,3.805e-03,,,,-63.26648,-17.640223,-822.63586,-239.0087,GOES-16_XRS,1,8360,0,
2023-03-16 12:55:00,2023-03-16 12:43:00,2023-03-16 13:11:00,202303161243,1.463e-06,C1.4,GOES-16,6.092e-07,9.795e-04,1.994e-03,,,,,,-946.8195,-293.01562,GOES-16_XRS,1,8370,0,3245
2023-03-17 06:26:00,2023-03-17 06:12:00,2023-03-17 06:33:00,202303170612,6.456e-06,C6.4,GOES-16,8.471e-07,3.037e-03,4.182e-03,,,,,,-920.68005,-313.77298,GOES-16_XRS,1,8410,0,3256
2023-03-17 06:52:00,2023-03-17 06:45:00,2023-03-17 06:56:00,202303170645,6.475e-06,C6.4,GOES-16,1.778e-06,2.776e-03,3.173e-03,-80.0,-19.0,LEA,-79.93356,-19.266928,-897.0198,-296.2127,GOES-16_XRS,1,8430,0,3256
2023-03-17 10:35:00,2023-03-17 10:30:00,2023-03-17 10:40:00,202303171030,1.479e-06,C1.4,GOES-16,1.007e-06,6.762e-04,8.993e-04,,,,,,-968.2627,-249.33623,GOES-16_XRS,1,8500,0,3256
2023-03-17 12:38:00,2023-03-17 12:15:00,,202303171215,3.024e-06,C3.0,GOES-16,1.324e-06,3.741e-03,,,,,,,-888.01996,-434.42416,GOES-16_XRS,1,8540,0,3256
2023-03-17 13:14:00,2023-03-17 12:58:00,2023-03-17 13:19:00,202303171258,7.335e-06,C7.3,GOES-16,2.694e-06,4.698e-03,5.581e-03,65.0,-22.0,SVI,6.1535454,-29.750067,90.11149,-373.05682,GOES-16_XRS,2,8510,0,3247
2023-03-17 15:07:00,2023-03-17 15:04:00,2023-03-17 15:09:00,202303171504,1.090e-05,M1.0,GOES-16,4.020e-06,2.862e-03,3.156e-03,65.0,-22.0,SVI,77.8426,-22.37751,872.4692,-341.2929,GOES-16_XRS,1,8560,0,3247
2023-03-18 00:38:00,2023-03-18 00:27:00,2023-03-18 00:41:00,202303180027,3.844e-06,C3.8,GOES-16,1.554e-06,2.235e-03,2.373e-03,-79.0,-24.0,LEA,-73.30835,-17.314087,-882.7914,-252.29768,GOES-16_XRS,1,8690,0,3256
2023-03-18 07:16:00,2023-03-18 07:10:00,2023-03-18 07:19:00,202303180710,9.417e-06,C9.4,GOES-16,1.122e-06,3.079e-03,3.271e-03,-72.0,-22.0,LEA,-68.318726,-19.157679,-847.6339,-272.752,GOES-16_XRS,1,8740,0,3256
2023-03-19 02:15:00,2023-03-19 02:12:00,2023-03-19 02:18:00,202303190212,2.825e-06,C2.8,GOES-16,1.268e-06,8.072e-04,8.939e-04,-63.0,-22.0,LEA,-60.84146,-22.929462,-776.8565,-319.9516,GOES-16_XRS,1,8900,0,3256
2023-03-19 03:30:00,2023-03-19 03:23:00,2023-03-19 03:37:00,202303190323,1.714e-06,C1.7,GOES-16,1.135e-06,9.548e-04,1.390e-03,,,,-84.52243,-21.725723,-891.6853,-343.65988,GOES-16_XRS,1,8920,0,3257
2023-03-19 03:56:00,2023-03-19 03:54:00,2023-03-19 03:58:00,202303190354,2.422e-06,C2.4,GOES-16,1.331e-06,6.581e-04,7.433e-04,,,,-60.041046,-21.00833,-781.25653,-288.0952,GOES-16_XRS,1,8930,0,3256
2023-03-19 06:35:00,2023-03-19 06:30:00,2023-03-19 06:40:00,202303190630,4.554e-06,C4.5,GOES-16,2.295e-06,1.960e-03,2.559e-03,-60.0,-22.0,LEA,-60.53543,-20.862757,-785.82666,-286.60797,GOES-16_XRS,1,8960,0,3256
2023-03-19 08:44:00,2023-03-19 08:39:00,2023-03-19 08:46:00,202303190839,1.893e-06,C1.8,GOES-16,1.126e-06,7.532e-04,8.340e-04,,,,-81.77426,-26.590015,-853.55273,-413.1765,GOES-16_XRS,1,8980,0,3257
2023-03-19 11:51:00,2023-03-19 11:46:00,2023-03-19 11:54:00,202303191146,1.556e-06,C1.5,GOES-16,8.852e-07,6.300e-04,6.917e-04,-76.0,-26.0,SVI,-67.9111,-30.318882,-772.12146,-444.97443,GOES-16_XRS,1,9000,0,3257
2023-03-19 17:07:00,2023-03-19 17:04:00,2023-03-19 17:10:00,202303191704,1.900e-06,C1.8,GOES-16,9.838e-07,6.141e-04,6.916e-04,,,,-59.321198,-24.52947,-755.6815,-342.72928,GOES-16_XRS,1,9020,0,3257
2023-03-19 18:09:00,2023-03-19 17:59:00,2023-03-19 18:12:00,202303191759,4.966e-06,C4.9,GOES-16,1.116e-06,2.035e-03,2.189e-03,,,,-48.90091,-22.224054,-674.18243,-290.36563,GOES-16_XRS,1,9030,0,3256
2023-03-19 19:07:00,2023-03-19 19:02:00,2023-03-19 19:10:00,202303191902,2.265e-06,C2.2,GOES-16,1.181e-06,9.003e-04,9.874e-04,-71.0,-26.0,HOL,-78.190735,-28.787645,-827.45984,-439.674,GOES-16_XRS,1,9040,0,3257
2023-03-20 01:14:00,2023-03-20 00:57:00,,202303200057,4.138e-06,C4.1,GOES-16,1.085e-06,3.276e-03,,,,,-55.972717,-20.758842,-748.5912,-277.6306,GOES-16_XRS,1,9070,0,3256
2023-03-20 01:48:00,2023-03-20 01:19:00,2023-03-20 02:25:00,202303200119,1.284e-05,M1.2,GOES-16,3.980e-06,1.913e-02,4.183e-02,,,,-54.506012,-19.723358,-740.39374,-258.63965,GOES-16_XRS,2,9080,0,3256
2023-03-20 09:37:00,2023-03-20 09:24:00,2023-03-20 09:48:00,202303200924,5.219e-06,C5.2,GOES-16,1.706e-06,3.419e-03,5.526e-03,,,,-41.953796,-24.483982,-588.0897,-317.24634,GOES-16_XRS,1,9150,0,3256
2023-03-21 08:12:00,2023-03-21 08:09:00,2023-03-21 08:21:00,202303210809,1.447e-06,C1.4,GOES-16,9.531e-07,5.199e-04,1.033e-03,,,,,,970.0563,286.29425,GOES-16_XRS,1,9270,0,3252
2023-03-21 10:29:00,2023-03-21 10:16:00,2023-03-21 10:40:00,202303211016,1.735e-06,C1.7,GOES-16,9.720e-07,1.420e-03,2.186e-03,,,,-5.0710754,20.026344,-80.31119,439.30273,GOES-16_XRS,1,9300,0,3258
2023-03-21 13:54:00,2023-03-21 13:46:00,2023-03-21 13:56:00,202303211346,4.662e-06,C4.6,GOES-16,1.038e-06,1.419e-03,1.505e-03,,,,-45.279755,-25.29627,-620.63513,-334.64883,GOES-16_XRS,1,9320,0,3257
2023-03-21 22:13:00,2023-03-21 22:07:00,2023-03-21 22:15:00,202303212207,1.548e-06,C1.5,GOES-16,7.848e-07,6.367e-04,6.878e-04,,,,-41.51761,-24.357208,-583.4401,-315.1366,GOES-16_XRS,1,9390,0,3257
2023-03-21 23:57:00,2023-03-21 23:49:00,2023-03-22 00:00:00,202303212349,1.740e-06,C1.7,GOES-16,8.011e-07,8.252e-04,8.920e-04,,,,,,,,,1,9420,0,3257
2023-03-22 07:03:00,2023-03-22 06:53:00,,202303220653,1.426e-06,C1.4,GOES-16,9.340e-07,1.009e-03,,,,,-59.631348,19.544209,-784.42847,376.30148,GOES-16_XRS,1,9510,0,3260
2023-03-22 07:16:00,2023-03-22 07:10:00,2023-03-22 07:19:00,202303220710,1.313e-06,C1.3,GOES-16,1.226e-06,7.635e-04,8.366e-04,,,,7.8930593,3.944797,132.5068,182.39642,GOES-16_XRS,2,9520,0,3261
2023-03-22 12:01:00,2023-03-22 11:52:00,2023-03-22 12:03:00,202303221152,1.635e-06,C1.6,GOES-16,9.547e-07,9.507e-04,1.016e-03,-36.0,-27.0,SVI,-39.03958,-30.345364,-525.1043,-405.67648,GOES-16_XRS,1,9540,0,3257
2023-03-22 16:05:00,2023-03-22 15:39:00,,202303221539,1.737e-06,C1.7,GOES-16,9.716e-07,2.591e-03,,,,,-61.60901,-18.592447,-804.54675,-252.51982,GOES-16_XRS,1,9550,0,3262
2023-03-22 16:29:00,2023-03-22 16:24:00,2023-03-22 16:31:00,202303221624,1.503e-06,C1.5,GOES-16,1.366e-06,7.798e-04,8.608e-04,,,,,,-1148.4313,-204.6207,GOES-16_XRS,2,,0,
2023-03-23 12:02:00,2023-03-23 11:55:00,2023-03-23 12:20:00,202303231155,9.565e-07,B9.5,GOES-16,6.364e-07,5.617e-04,1.370e-03,-22.0,-14.0,SVI,,,,,,1,9730,0,
2023-03-23 13:22:00,2023-03-23 13:13:00,2023-03-23 13:29:00,202303231313,9.273e-07,B9.2,GOES-16,6.393e-07,6.405e-04,8.759e-04,,,,,,,,,1,9740,0,
2023-03-23 21:48:00,2023-03-23 21:42:00,2023-03-23 21:53:00,202303232142,8.693e-07,B8.6,GOES-16,5.961e-07,4.470e-04,5.752e-04,-16.0,17.0,HOL,,,,,,1,9820,0,
2023-03-24 03:54:00,2023-03-24 03:50:00,2023-03-24 04:00:00,202303240350,6.822e-07,B6.8,GOES-18,4.321e-07,2.732e-04,4.065e-04,,,,,,,,,1,,0,
2023-03-24 04:12:00,2023-03-24 04:01:00,2023-03-24 04:21:00,202303240401,9.619e-07,B9.6,GOES-16,5.852e-07,7.223e-04,1.064e-03,,,,,,,,,1,9890,0,
2023-03-24 06:07:00,2023-03-24 06:04:00,2023-03-24 06:09:00,202303240604,1.723e-06,C1.7,GOES-16,7.967e-07,5.017e-04,5.570e-04,-5.0,-21.0,SVI,-3.3971863,-16.516468,-54.92199,-161.3058,GOES-16_XRS,1,9910,0,3259
2023-03-24 06:29:00,2023-03-24 06:25:00,2023-03-24 06:31:00,202303240625,9.951e-07,B9.9,GOES-16,6.789e-07,3.818e-04,4.256e-04,-2.0,-25.0,SVI,,,,,,1,9920,0,3259
2023-03-24 12:14:00,2023-03-24 12:04:00,2023-03-24 12:24:00,202303241204,1.362e-06,C1.3,GOES-16,8.760e-07,9.382e-04,1.544e-03,2.0,-23.0,SVI,-50.50998,-15.827742,-716.5642,-190.23633,GOES-16_XRS,1,9960,0,3259
2023-03-24 13:40:00,2023-03-24 13:24:00,2023-03-24 13:48:00,202303241324,2.235e-06,C2.2,GOES-16,9.296e-07,1.968e-03,2.576e-03,0.0,-21.0,SVI,-2.7146606,-8.023244,-45.33697,-18.88988,GOES-16_XRS,1,9970,0,3259
2023-03-24 16:50:00,2023-03-24 16:41:00,2023-03-24 17:05:00,202303241641,1.103e-06,C1.1,GOES-16,8.079e-07,7.752e-04,1.550e-03,,,,-1.8677063,12.906306,-30.70137,327.49777,GOES-16_XRS,1,30,0,3260
2023-03-24 18:27:00,2023-03-24 18:22:00,2023-03-24 18:34:00,202303241822,1.062e-06,C1.0,GOES-16,7.723e-07,5.032e-04,7.804e-04,,,,0.52536035,18.926195,8.380347,420.97174,GOES-16_XRS,1,40,0,3260
2023-03-25 00:39:00,2023-03-25 00:32:00,,202303250032,1.570e-06,C1.5,GOES-16,1.073e-06,8.569e-04,,,,,-0.8842468,10.933967,-14.642753,295.8449,GOES-16_XRS,1,230,0,3263
2023-03-25 00:57:00,2023-03-25 00:45:00,2023-03-25 01:11:00,202303250045,1.639e-06,C1.6,GOES-16,1.367e-06,1.475e-03,2.594e-03,-3.0,17.0,LEA,-6.1935425,15.378365,-100.51126,365.54205,GOES-16_XRS,2,80,0,3263
2023-03-25 13:01:00,2023-03-25 12:54:00,2023-03-25 13:10:00,202303251254,1.135e-06,C1.1,GOES-18,8.237e-07,6.532e-04,1.073e-03,,,,5.168318,14.307088,84.3314,348.61032,GOES-18_XRS,1,250,0,3258
2023-03-26 04:06:00,2023-03-26 03:59:00,2023-03-26 04:15:00,202303260359,2.644e-06,C2.6,GOES-16,1.885e-06,1.549e-03,2.531e-03,-4.0,-21.0,LEA,28.194262,-19.79979,429.26764,-229.29408,GOES-16_XRS,1,400,0,3259
2023-03-26 14:42:00,2023-03-26 14:35:00,,202303261435,1.340e-06,C1.3,GOES-16,9.509e-07,7.563e-04,,-26.0,-21.0,SVI,,,-1482.968,303.74823,GOES-16_XRS,1,540,0,3262
2023-03-26 15:00:00,2023-03-26 14:48:00,2023-03-26 15:17:00,202303261448,2.850e-06,C2.8,GOES-16,1.277e-06,2.119e-03,4.208e-03,,,,21.705292,13.530646,347.18604,328.0112,GOES-16_XRS,2,,0,
2023-03-26 17:08:00,2023-03-26 16:58:00,2023-03-26 17:16:00,202303261658,3.002e-06,C3.0,GOES-16,1.067e-06,1.739e-03,2.522e-03,29.0,-21.0,HOL,28.089916,-20.907124,424.68146,-247.54541,GOES-16_XRS,1,610,0,3256
2023-03-26 21:41:00,2023-03-26 21:37:00,2023-03-26 21:45:00,202303262137,1.132e-06,C1.1,GOES-16,7.803e-07,4.863e-04,5.988e-04,,,,30.792356,-14.982473,477.42615,-152.7298,GOES-16_XRS,1,660,0,3256
2023-03-27 00:03:00,2023-03-26 23:56:00,2023-03-27 00:10:00,202303262356,1.644e-06,C1.6,GOES-16,9.866e-07,8.590e-04,1.260e-03,,,,28.362366,-19.324806,432.7877,-222.133,GOES-16_XRS,1,670,0,
2023-03-27 05:21:00,2023-03-27 05:17:00,2023-03-27 05:34:00,202303270517,1.321e-06,C1.3,GOES-18,9.702e-07,5.798e-04,1.370e-03,,,,38.015774,-19.319435,560.8482,-232.01735,GOES-18_XRS,1,710,0,
2023-03-27 05:43:00,2023-03-27 05:36:00,2023-03-27 05:48:00,202303270536,1.968e-06,C1.9,GOES-18,1.101e-06,1.060e-03,1.329e-03,,,,35.676525,-22.296822,520.741,-277.6558,GOES-18_XRS,1,720,0,
2023-03-27 06:36:00,2023-03-27 06:20:00,2023-03-27 06:56:00,202303270620,4.628e-06,C4.6,GOES-16,1.157e-06,3.637e-03,7.213e-03,33.0,-22.0,SVI,30.872837,-23.128138,455.4772,-286.2392,GOES-16_XRS,1,730,0,3256
2023-03-27 07:37:00,2023-03-27 07:27:00,2023-03-27 07:44:00,202303270727,2.610e-06,C2.6,GOES-16,1.327e-06,1.725e-03,2.340e-03,37.0,-20.0,SVI,39.60994,-17.79896,585.73584,-209.08475,GOES-16_XRS,1,740,0,3256
2023-03-27 09:39:00,2023-03-27 09:32:00,2023-03-27 09:45:00,202303270932,1.710e-06,C1.7,GOES-16,1.152e-06,9.466e-04,1.294e-03,34.0,-21.0,SVI,23.613792,-4.8981223,385.365,22.43249,GOES-16_XRS,1,770,0,3256
2023-03-27 10:55:00,2023-03-27 10:46:00,2023-03-27 11:12:00,202303271046,2.788e-06,C2.7,GOES-16,1.420e-06,1.629e-03,3.713e-03,36.0,-21.0,SVI,34.008877,-21.300533,502.9111,-259.9507,GOES-16_XRS,1,800,0,3256
2023-03-27 19:05:00,2023-03-27 18:51:00,2023-03-27 19:25:00,202303271851,2.915e-06,C2.9,GOES-16,1.100e-06,2.151e-03,4.780e-03,69.0,24.0,HOL,71.58854,21.99391,846.71747,391.18478,GOES-16_XRS,1,830,0,3258
2023-03-27 20:39:00,2023-03-27 20:21:00,,202303272021,3.614e-06,C3.6,GOES-16,9.897e-07,3.227e-03,,44.0,-21.0,HOL,41.074615,-23.918303,579.36176,-309.937,GOES-16_XRS,1,850,0,3256
2023-03-27 21:09:00,2023-03-27 21:02:00,2023-03-27 21:12:00,202303272102,3.058e-06,C3.0,GOES-16,2.649e-06,1.900e-03,2.058e-03,44.0,-21.0,HOL,57.6224,-22.355759,752.7263,-307.70157,GOES-16_XRS,2,850,0,3256
2023-03-28 07:18:00,2023-03-28 07:06:00,2023-03-28 07:29:00,202303280706,1.991e-06,C1.9,GOES-16,1.119e-06,1.558e-03,2.456e-03,46.0,-23.0,LEA,46.322754,-24.391123,635.1249,-324.0926,GOES-16_XRS,1,930,0,3256
2023-03-28 10:45:00,2023-03-28 10:37:00,2023-03-28 10:51:00,202303281037,1.791e-06,C1.7,GOES-16,1.186e-06,1.080e-03,1.437e-03,23.0,21.0,SVI,23.060406,23.275246,347.13153,474.3831,GOES-16_XRS,1,950,0,3265
2023-03-28 15:09:00,2023-03-28 15:00:00,2023-03-28 15:16:00,202303281500,1.690e-06,C1.6,GOES-16,1.078e-06,1.107e-03,1.539e-03,56.0,-21.0,HOL,43.866795,-22.046024,619.37836,-283.82208,GOES-16_XRS,1,990,0,3256
2023-03-28 15:47:00,2023-03-28 15:36:00,2023-03-28 15:57:00,202303281536,2.399e-06,C2.3,GOES-16,1.180e-06,1.556e-03,2.460e-03,47.0,-22.0,HOL,44.62352,-24.398937,616.818,-322.21848,GOES-16_XRS,1,1000,0,3256
2023-03-28 19:07:00,2023-03-28 18:54:00,2023-03-28 19:19:00,202303281854,2.702e-06,C2.7,GOES-16,9.402e-07,1.908e-03,3.153e-03,,,,,,928.3249,-353.5299,GOES-16_XRS,1,1030,0,
2023-03-28 21:52:00,2023-03-28 21:38:00,2023-03-28 22:05:00,202303282138,2.271e-06,C2.2,GOES-16,1.268e-06,2.046e-03,3.303e-03,,,,45.191395,25.257324,618.31903,480.28748,GOES-16_XRS,1,1070,0,
2023-03-28 23:12:00,2023-03-28 23:01:00,2023-03-28 23:21:00,202303282301,2.748e-06,C2.7,GOES-16,1.573e-06,2.001e-03,2.970e-03,57.0,-22.0,HOL,53.788803,-25.188066,703.56995,-346.97125,GOES-16_XRS,1,1080,0,3256
2023-03-29 00:27:00,2023-03-29 00:22:00,2023-03-29 00:30:00,202303290022,2.451e-06,C2.4,GOES-16,1.350e-06,9.714e-04,1.072e-03,,,,55.270008,-22.864645,729.66736,-312.61523,GOES-16_XRS,1,1090,0,3256
2023-03-29 02:33:00,2023-03-29 02:18:00,2023-03-29 02:39:00,202303290218,1.268e-04,X1.2,GOES-16,2.067e-06,4.288e-02,5.827e-02,,,,59.583908,-24.042751,758.6161,-337.65668,GOES-16_XRS,1,1100,0,3256
2023-03-29 14:07:00,2023-03-29 13:47:00,2023-03-29 14:14:00,202303291347,1.261e-05,M1.2,GOES-16,1.037e-06,7.990e-03,1.028e-02,64.0,-25.0,HOL,67.783646,-21.777277,827.54895,-315.2898,GOES-16_XRS,1,1210,0,3256
2023-03-29 16:12:00,2023-03-29 15:58:00,,202303291558,5.678e-06,C5.6,GOES-16,1.142e-06,3.511e-03,,67.0,-21.0,SVI,66.3512,-21.626028,819.7634,-310.55414,GOES-16_XRS,1,1230,0,3256
2023-03-29 16:25:00,2023-03-29 16:14:00,2023-03-29 16:31:00,202303291614,6.685e-06,C6.6,GOES-16,5.539e-06,5.610e-03,7.089e-03,67.0,-21.0,SVI,67.65307,-20.992004,831.21234,-302.68167,GOES-16_XRS,2,1230,0,3256
2023-03-29 23:47:00,2023-03-29 23:35:00,2023-03-29 23:57:00,202303292335,1.171e-05,M1.1,GOES-16,7.870e-07,4.674e-03,8.101e-03,73.0,-23.0,LEA,72.38337,-20.874933,856.8674,-308.90363,GOES-16_XRS,1,1270,0,3256
2023-03-30 07:37:00,2023-03-30 07:24:00,2023-03-30 07:42:00,202303300724,5.409e-05,M5.4,GOES-16,1.379e-06,2.142e-02,2.632e-02,81.0,-22.0,SVI,77.017,-23.366327,860.3307,-355.8741,GOES-16_XRS,1,1330,0,3256
2023-03-30 14:24:00,2023-03-30 14:16:00,2023-03-30 14:29:00,202303301416,1.316e-06,C1.3,GOES-16,9.393e-07,8.165e-04,1.019e-03,,,,74.05807,-16.28308,887.8027,-238.54239,GOES-16_XRS,1,1390,0,
2023-03-30 19:48:00,2023-03-30 19:39:00,2023-03-30 19:54:00,202303301939,2.856e-06,C2.8,GOES-16,1.759e-06,1.822e-03,2.387e-03,29.0,-21.0,HOL,23.337986,-22.381235,353.31097,-270.20016,GOES-16_XRS,1,1400,0,3262
2023-03-30 23:26:00,2023-03-30 23:08:00,2023-03-30 23:43:00,202303302308,1.991e-06,C1.9,GOES-16,9.257e-07,2.158e-03,3.620e-03,60.0,18.0,HOL,53.881054,17.236782,742.8399,345.94583,GOES-16_XRS,1,1410,0,3265
2023-03-31 01:47:00,2023-03-31 01:39:00,2023-03-31 01:57:00,202303310139,1.327e-06,C1.3,GOES-16,7.388e-07,7.348e-04,1.260e-03,,,,86.5322,-28.142582,845.7747,-444.30594,GOES-16_XRS,1,1430,0,3256
2023-03-31 02:37:00,2023-03-31 02:33:00,2023-03-31 02:40:00,202303310233,1.293e-06,C1.2,GOES-16,6.856e-07,4.545e-04,5.028e-04,,,,70.915085,-24.394266,827.944,-361.6422,GOES-16_XRS,1,1440,0,3256
2023-03-31 05:36:00,2023-03-31 05:30:00,2023-03-31 05:39:00,202303310530,1.186e-06,C1.1,GOES-18,5.365e-07,4.991e-04,5.452e-04,,,,,,940.59235,-428.22562,GOES-18_XRS,1,1470,0,3263
2023-03-31 09:09:00,2023-03-31 09:03:00,2023-03-31 09:13:00,202303310903,4.457e-06,C4.4,GOES-16,6.761e-07,1.481e-03,1.730e-03,,,,68.714226,20.498745,839.353,372.15143,GOES-16_XRS,1,1500,0,3260
2023-03-31 10:00:00,2023-03-31 09:54:00,2023-03-31 10:07:00,202303310954,1.012e-06,C1.0,GOES-16,6.640e-07,5.108e-04,7.649e-04,,,,-24.544373,-24.993643,-363.04086,-313.2967,GOES-16_XRS,1,1510,0,
2023-03-31 11:16:00,2023-03-31 11:03:00,,202303311103,1.195e-06,C1.1,GOES-16,5.965e-07,8.781e-04,,,,,,,874.5396,-401.0815,GOES-16_XRS,1,1540,0,3256
2023-03-31 11:32:00,2023-03-31 11:24:00,2023-03-31 11:34:00,202303311124,9.848e-07,B9.8,GOES-16,9.651e-07,6.955e-04,7.489e-04,,,,,,,,,2,1550,0,3257
2023-03-31 13:54:00,2023-03-31 13:51:00,2023-03-31 13:59:00,202303311351,1.175e-06,C1.1,GOES-16,7.403e-07,4.307e-04,5.983e-04,,,,,,997.2088,-348.11975,GOES-16_XRS,1,1560,0,
2023-03-31 14:46:00,2023-03-31 14:18:00,2023-03-31 15:09:00,202303311418,1.638e-06,C1.6,GOES-16,7.445e-07,2.424e-03,4.163e-03,,,,,,889.88086,492.192,GOES-16_XRS,1,1570,0,
2023-03-31 17:25:00,2023-03-31 17:18:00,2023-03-31 17:31:00,202303311718,1.161e-06,C1.1,GOES-16,8.269e-07,6.468e-04,8.853e-04,,,,,,942.41376,-401.9057,GOES-16_XRS,1,1590,0,
2023-03-31 20:57:00,2023-03-31 20:39:00,2023-03-31 21:03:00,202303312039,9.798e-06,C9.7,GOES-16,1.088e-06,6.121e-03,7.490e-03,90.0,-24.0,HOL,,,883.7817,-389.9946,GOES-16_XRS,1,1600,0,3257
2023-03-31 23:50:00,2023-03-31 23:34:00,2023-04-01 00:10:00,202303312334,1.915e-06,C1.9,GOES-16,7.554e-07,1.663e-03,3.364e-03,,,,-24.85968,-17.773523,-386.00674,-197.03271,GOES-16_XRS,1,1620,0,3267
2023-04-01 03:28:00,2023-04-01 02:49:00,,202304010249,6.802e-06,C6.8,GOES-16,7.024e-07,1.006e-02,,,,,,,859.7125,-440.45135,GOES-16_XRS,1,1630,0,
2023-04-02 08:26:00,2023-04-02 08:03:00,2023-04-02 09:01:00,202304020803,1.047e-06,C1.0,GOES-16,4.898e-07,1.412e-03,3.190e-03,,,,73.02628,24.638618,835.2828,426.8343,GOES-16_XRS,1,1680,0,
2023-04-02 18:56:00,2023-04-02 18:46:00,2023-04-02 19:04:00,202304021846,9.798e-07,B9.7,GOES-16,5.513e-07,6.394e-04,9.257e-04,1.0,-23.0,HOL,,,,,,1,1710,0,3270
2023-04-02 20:29:00,2023-04-02 20:18:00,2023-04-02 20:38:00,202304022018,1.887e-06,C1.8,GOES-16,6.413e-07,1.026e-03,1.616e-03,2.0,-23.0,HOL,-0.9660034,-21.60877,-15.110719,-251.75972,GOES-16_XRS,1,1730,0,3270
2023-04-02 21:54:00,2023-04-02 21:44:00,,202304022144,1.322e-06,C1.3,GOES-16,7.965e-07,8.865e-04,,3.0,-23.0,HOL,3.8666356,-20.094723,61.051746,-227.35735,GOES-16_XRS,1,1750,0,3270
2023-04-02 22:03:00,2023-04-02 21:58:00,2023-04-02 22:11:00,202304022158,1.306e-06,C1.3,GOES-16,1.201e-06,6.840e-04,1.147e-03,,,,-7.8775635,-17.66414,-125.8993,-188.17192,GOES-16_XRS,2,1780,0,3270
2023-04-02 23:13:00,2023-04-02 22:59:00,2023-04-02 23:23:00,202304022259,3.466e-06,C3.4,GOES-16,6.260e-07,1.710e-03,2.803e-03,3.0,-22.0,HOL,2.6200027,-21.620426,40.96571,-252.1355,GOES-16_XRS,1,1770,0,3270
2023-04-03 06:01:00,2023-04-03 05:51:00,2023-04-03 06:11:00,202304030551,8.304e-07,B8.3,GOES-16,5.677e-07,6.006e-04,9.502e-04,,,,,,,,,1,,0,
2023-04-03 22:20:00,2023-04-03 22:17:00,2023-04-03 22:23:00,202304032217,8.797e-07,B8.7,GOES-16,6.117e-07,3.124e-04,3.530e-04,,,,,,,,,1,1850,0,3270
2023-04-03 22:47:00,2023-04-03 22:42:00,2023-04-03 22:51:00,202304032242,8.084e-07,B8.0,GOES-16,5.712e-07,3.719e-04,4.506e-04,,,,,,,,,1,1860,0,3270
2023-04-03 23:53:00,2023-04-03 23:49:00,2023-04-03 23:56:00,202304032349,2.818e-06,C2.8,GOES-16,7.747e-07,7.989e-04,8.835e-04,,,,14.436733,-20.605879,224.86751,-239.56306,GOES-16_XRS,1,1870,0,3270
2023-04-04 02:49:00,2023-04-04 02:28:00,,202304040228,1.770e-06,C1.7,GOES-16,5.658e-07,1.764e-03,,,,,19.66746,-20.776539,303.17468,-245.10318,GOES-16_XRS,1,1900,0,3270
2023-04-04 03:08:00,2023-04-04 03:03:00,2023-04-04 03:16:00,202304040303,2.155e-06,C2.1,GOES-16,1.301e-06,9.849e-04,1.629e-03,,,,-24.135223,-18.40996,-373.75266,-209.40295,GOES-16_XRS,2,1970,0,
2023-04-04 13:34:00,2023-04-04 13:24:00,2023-04-04 13:46:00,202304041324,8.598e-07,B8.5,GOES-16,5.797e-07,6.327e-04,1.089e-03,,,,,,,,,1,1980,0,3270
2023-04-05 05:22:00,2023-04-05 05:16:00,2023-04-05 05:47:00,202304050516,1.094e-06,C1.0,GOES-18,7.904e-07,5.834e-04,1.960e-03,,,,,,-904.4073,-368.1462,GOES-18_XRS,1,2030,0,
2023-04-05 12:17:00,2023-04-05 12:03:00,2023-04-05 12:32:00,202304051203,1.888e-06,C1.8,GOES-16,8.911e-07,1.615e-03,2.844e-03,,,,,,-919.4818,-390.3593,GOES-16_XRS,1,2080,0,
2023-04-05 15:43:00,2023-04-05 15:36:00,2023-04-05 15:56:00,202304051536,1.009e-06,C1.0,GOES-16,7.260e-07,5.788e-04,1.178e-03,,,,-80.567535,-21.247429,-882.44934,-329.61566,GOES-16_XRS,1,2090,0,3272
2023-04-05 17:11:00,2023-04-05 17:07:00,2023-04-05 17:13:00,202304051707,1.073e-06,C1.0,GOES-16,7.214e-07,4.182e-04,4.646e-04,,,,-75.38135,-25.975645,-835.2012,-394.07443,GOES-16_XRS,1,2100,0,3272
2023-04-05 17:52:00,2023-04-05 17:41:00,,202304051741,1.761e-06,C1.7,GOES-16,7.214e-07,1.131e-03,,,,,-75.00003,-24.02156,-847.1158,-363.59015,GOES-16_XRS,1,2110,0,3272
2023-04-05 18:09:00,2023-04-05 18:01:00,2023-04-05 18:12:00,202304051801,1.414e-06,C1.4,GOES-16,1.251e-06,9.684e-04,1.043e-03,,,,-21.043854,-28.186892,-304.72592,-365.12744,GOES-16_XRS,2,2120,0,3270
2023-04-05 19:01:00,2023-04-05 18:57:00,2023-04-05 19:10:00,202304051857,1.290e-06,C1.2,GOES-16,8.304e-07,5.302e-04,9.886e-04,,,,,,-950.92035,-310.59634,GOES-16_XRS,1,2130,0,3272
2023-04-05 22:06:00,2023-04-05 22:02:00,2023-04-05 22:13:00,202304052202,1.290e-06,C1.2,GOES-16,7.476e-07,4.999e-04,8.092e-04,,,,-62.4097,-21.257622,-793.7274,-300.8696,GOES-16_XRS,1,2160,0,3272
2023-04-06 01:23:00,2023-04-06 01:12:00,2023-04-06 01:29:00,202304060112,2.464e-06,C2.4,GOES-16,9.168e-07,1.426e-03,1.844e-03,,,,-75.944214,-22.491741,-860.42377,-341.4774,GOES-16_XRS,1,2170,0,3272
2023-04-06 04:54:00,2023-04-06 04:48:00,2023-04-06 04:57:00,202304060448,1.495e-06,C1.4,GOES-18,9.445e-07,7.257e-04,7.925e-04,,,,,,-928.95874,-380.5509,GOES-18_XRS,1,2180,0,3272
2023-04-06 05:53:00,2023-04-06 05:36:00,2023-04-06 06:03:00,202304060536,3.012e-05,M3.0,GOES-16,1.100e-06,2.077e-02,3.023e-02,,,,,,-904.9069,-353.08524,GOES-16_XRS,1,2190,0,3272
2023-04-06 12:55:00,2023-04-06 12:46:00,,202304061246,1.136e-06,C1.1,GOES-16,7.012e-07,7.243e-04,,,,,-47.985687,-23.78052,-653.79407,-321.32288,GOES-16_XRS,1,2230,0,3272
2023-04-06 13:03:00,2023-04-06 13:00:00,2023-04-06 13:06:00,202304061300,1.509e-06,C1.5,GOES-16,1.037e-06,5.343e-04,5.984e-04,,,,-68.27371,-21.601315,-829.51117,-315.47635,GOES-16_XRS,2,2240,0,3272
2023-04-06 14:00:00,2023-04-06 13:21:00,2023-04-06 14:28:00,202304061321,3.924e-06,C3.9,GOES-16,8.061e-07,5.374e-03,1.041e-02,,,,60.82464,-28.405931,737.9098,-409.52234,GOES-16_XRS,1,2250,0,
2023-04-07 02:49:00,2023-04-07 02:35:00,2023-04-07 02:59:00,202304070235,1.368e-06,C1.3,GOES-16,7.592e-07,1.223e-03,1.776e-03,,,,54.589752,-14.293793,759.10394,-177.49512,GOES-16_XRS,1,2370,0,3270
2023-04-07 06:27:00,2023-04-07 06:21:00,2023-04-07 06:46:00,202304070621,1.475e-06,C1.4,GOES-16,9.347e-07,7.339e-04,2.094e-03,,,,,,-920.5227,-283.83408,GOES-16_XRS,1,2400,0,3272
2023-04-07 16:37:00,2023-04-07 16:27:00,2023-04-07 16:40:00,202304071627,1.139e-06,C1.1,GOES-16,8.323e-07,8.484e-04,9.059e-04,,,,-77.315094,-10.071913,-921.57007,-144.49466,GOES-16_XRS,1,2450,0,3272
2023-04-07 20:22:00,2023-04-07 20:14:00,2023-04-07 20:26:00,202304072014,1.756e-06,C1.7,GOES-16,9.979e-07,9.518e-04,1.109e-03,,,,,,-923.1422,-329.98395,GOES-16_XRS,1,2470,0,3272
2023-04-07 20:42:00,2023-04-07 20:33:00,2023-04-07 20:45:00,202304072033,2.571e-06,C2.5,GOES-16,1.109e-06,1.345e-03,1.438e-03,-62.0,-18.0,HOL,-67.357605,-17.110594,-846.8774,-242.90457,GOES-16_XRS,1,2480,0,3272
2023-04-07 23:34:00,2023-04-07 23:24:00,2023-04-07 23:49:00,202304072324,5.864e-06,C5.8,GOES-16,1.016e-06,2.476e-03,5.896e-03,-62.0,-18.0,HOL,-61.98117,-18.369978,-804.64636,-255.00586,GOES-16_XRS,1,2520,0,3272
2023-04-08 01:46:00,2023-04-08 01:38:00,2023-04-08 01:49:00,202304080138,2.902e-05,M2.9,GOES-16,9.855e-07,9.842e-03,1.039e-02,-57.0,-21.0,LEA,-59.796967,-18.864853,-785.5466,-259.79074,GOES-16_XRS,1,2530,0,3272
2023-04-08 04:43:00,2023-04-08 04:32:00,2023-04-08 04:48:00,202304080432,5.313e-06,C5.3,GOES-18,8.602e-07,2.045e-03,2.551e-03,-57.0,-21.0,LEA,-56.625732,-16.426395,-769.5368,-215.86551,GOES-18_XRS,1,2540,0,3272
2023-04-08 10:30:00,2023-04-08 10:24:00,2023-04-08 10:33:00,202304081024,1.163e-06,C1.1,GOES-16,7.767e-07,5.629e-04,6.170e-04,,,,-56.022034,-15.46275,-767.8128,-199.43456,GOES-16_XRS,1,2550,0,3272
2023-04-08 11:19:00,2023-04-08 11:14:00,2023-04-08 11:21:00,202304081114,3.293e-06,C3.2,GOES-16,8.971e-07,9.459e-04,1.020e-03,,,,-56.99933,-17.869152,-766.759,-239.9434,GOES-16_XRS,1,2560,0,3272
2023-04-08 13:25:00,2023-04-08 13:20:00,2023-04-08 13:27:00,202304081320,1.275e-06,C1.2,GOES-16,6.817e-07,4.945e-04,5.387e-04,-53.0,-23.0,SVI,-57.89984,-16.96344,-778.27826,-226.60664,GOES-16_XRS,1,2590,0,3272
2023-04-08 14:14:00,2023-04-08 14:06:00,2023-04-08 14:16:00,202304081406,1.408e-06,C1.4,GOES-16,7.274e-07,6.496e-04,6.967e-04,-53.0,-23.0,SVI,-58.319122,-20.628773,-764.94104,-286.1554,GOES-16_XRS,1,2610,0,3272
2023-04-08 17:28:00,2023-04-08 17:22:00,2023-04-08 17:31:00,202304081722,1.567e-06,C1.5,GOES-16,1.058e-06,7.716e-04,8.365e-04,,,,-45.12491,-21.11353,-635.41077,-276.95596,GOES-16_XRS,1,2640,0,
2023-04-08 18:49:00,2023-04-08 18:37:00,,202304081837,1.971e-06,C1.9,GOES-16,8.602e-07,1.343e-03,,-50.0,-22.0,HOL,-68.908844,-22.070162,-829.8186,-324.5316,GOES-16_XRS,1,2650,0,3272
2023-04-08 19:21:00,2023-04-08 19:16:00,2023-04-08 19:24:00,202304081916,2.056e-06,C2.0,GOES-16,1.600e-06,9.789e-04,1.080e-03,,,,-63.762512,-19.756357,-810.4627,-280.2193,GOES-16_XRS,2,2660,0,3272
2023-04-08 19:40:00,2023-04-08 19:37:00,2023-04-08 19:43:00,202304081937,1.969e-06,C1.9,GOES-16,1.306e-06,6.697e-04,7.476e-04,-50.0,-23.0,HOL,-50.556335,-21.537176,-690.21326,-290.3821,GOES-16_XRS,1,2670,0,3272
2023-04-08 21:58:00,2023-04-08 21:53:00,2023-04-08 22:01:00,202304082153,1.359e-06,C1.3,GOES-16,8.239e-07,5.526e-04,6.104e-04,-49.0,-22.0,HOL,-42.86328,-10.476495,-643.0379,-100.24238,GOES-16_XRS,1,2680,0,3272
2023-04-08 23:01:00,2023-04-08 22:47:00,2023-04-08 23:25:00,202304082247,1.501e-06,C1.5,GOES-16,8.877e-07,1.347e-03,3.068e-03,,,,-55.64383,-20.15632,-744.4003,-275.1096,GOES-16_XRS,1,2690,0,3272
2023-04-09 01:36:00,2023-04-09 01:25:00,2023-04-09 01:50:00,202304090125,1.416e-06,C1.4,GOES-16,8.085e-07,1.027e-03,1.902e-03,,,,-47.85501,-13.5804,-692.6096,-157.93832,GOES-16_XRS,1,2700,0,3272
2023-04-09 02:29:00,2023-04-09 02:14:00,,202304090214,1.814e-06,C1.8,GOES-16,9.343e-07,1.655e-03,,,,,-48.40103,-14.6490965,-695.2494,-176.25343,GOES-16_XRS,1,2710,0,3272
2023-04-09 03:04:00,2023-04-09 02:54:00,2023-04-09 03:14:00,202304090254,1.656e-06,C1.6,GOES-16,1.408e-06,1.302e-03,2.055e-03,,,,-61.44644,-8.825074,-833.3746,-98.43638,GOES-16_XRS,2,2730,0,3272
2023-04-09 06:08:00,2023-04-09 05:51:00,2023-04-09 06:23:00,202304090551,9.096e-06,C9.0,GOES-16,1.100e-06,6.539e-03,1.165e-02,-47.0,-18.0,LEA,-49.320435,-18.473728,-691.11456,-239.91612,GOES-16_XRS,1,2740,0,3272
2023-04-09 07:38:00,2023-04-09 07:33:00,,202304090733,1.781e-06,C1.7,GOES-16,8.256e-07,7.780e-04,,,,,,,-924.40515,-396.17435,GOES-16_XRS,1,2750,0,
2023-04-09 07:56:00,2023-04-09 07:53:00,2023-04-09 07:58:00,202304090753,1.628e-06,C1.6,GOES-16,1.482e-06,6.524e-04,7.390e-04,,,,-65.69269,-20.843328,-817.4618,-300.57025,GOES-16_XRS,2,2760,0,
2023-04-09 14:53:00,2023-04-09 14:45:00,2023-04-09 15:00:00,202304091445,3.205e-06,C3.2,GOES-16,1.906e-06,1.826e-03,2.598e-03,-42.0,-19.0,HOL,-51.828186,-20.817747,-705.86053,-281.02722,GOES-16_XRS,1,2790,0,3272
2023-04-09 16:28:00,2023-04-09 16:14:00,,202304091614,2.481e-06,C2.4,GOES-16,1.359e-06,2.165e-03,,-31.0,10.0,HOL,-80.42789,-18.743788,-895.1828,-290.45087,GOES-16_XRS,1,2820,0,3273
2023-04-09 16:35:00,2023-04-09 16:32:00,2023-04-09 16:38:00,202304091632,2.900e-06,C2.8,GOES-16,2.269e-06,1.080e-03,1.213e-03,,,,-82.66409,-20.13795,-892.54486,-316.06735,GOES-16_XRS,2,2850,0,
2023-04-09 18:27:00,2023-04-09 18:13:00,,202304091813,3.523e-06,C3.5,GOES-16,1.046e-06,2.545e-03,,-42.0,-22.0,HOL,-44.09027,-20.757088,-625.21716,-270.8023,GOES-16_XRS,1,2830,0,3272
2023-04-09 18:41:00,2023-04-09 18:36:00,2023-04-09 18:45:00,202304091836,3.733e-06,C3.7,GOES-16,2.955e-06,1.873e-03,2.262e-03,-42.0,-22.0,HOL,-45.4888,-22.00445,-635.2849,-292.3421,GOES-16_XRS,2,2840,0,3272
2023-04-09 19:23:00,2023-04-09 19:16:00,2023-04-09 19:28:00,202304091916,2.007e-06,C2.0,GOES-16,1.070e-06,1.005e-03,1.275e-03,-30.0,10.0,HOL,-23.00879,8.943167,-371.353,240.60556,GOES-16_XRS,1,2860,0,3273
2023-04-09 20:39:00,2023-04-09 20:32:00,2023-04-09 20:51:00,202304092032,1.581e-06,C1.5,GOES-16,1.124e-06,8.958e-04,1.746e-03,-42.0,-25.0,HOL,-36.664917,-12.38051,-560.7062,-125.846725,GOES-16_XRS,1,2880,0,3272
2023-04-09 21:19:00,2023-04-09 21:01:00,,202304092101,2.721e-06,C2.7,GOES-16,1.357e-06,2.823e-03,,,,,-82.773926,-22.023258,-881.45917,-345.67697,GOES-16_XRS,1,2890,0,
2023-04-09 21:34:00,2023-04-09 21:28:00,2023-04-09 21:36:00,202304092128,2.428e-06,C2.4,GOES-16,2.195e-06,1.384e-03,1.502e-03,,,,-65.094604,-13.759107,-845.45886,-185.7673,GOES-16_XRS,2,2900,0,
2023-04-10 01:36:00,2023-04-10 01:23:00,2023-04-10 01:41:00,202304100123,2.818e-06,C2.8,GOES-16,1.003e-06,2.093e-03,2.432e-03,-40.0,-23.0,LEA,-38.918,-22.99547,-555.7787,-301.24042,GOES-16_XRS,1,2940,0,3272
2023-04-10 02:11:00,2023-04-10 02:06:00,,202304100206,1.055e-06,C1.0,GOES-16,7.850e-07,5.193e-04,,,,,-40.941986,-16.22613,-604.6895,-194.03381,GOES-16_XRS,1,2960,0,3272
2023-04-10 02:27:00,2023-04-10 02:17:00,,202304100217,1.467e-06,C1.4,GOES-16,9.236e-07,1.047e-03,,,,,,,-966.5825,-322.3397,GOES-16_XRS,2,2950,0,3276
2023-04-10 03:00:00,2023-04-10 02:47:00,2023-04-10 03:05:00,202304100247,2.027e-06,C2.0,GOES-16,1.261e-06,1.664e-03,1.956e-03,,,,-60.00595,-18.424114,-788.77374,-254.03418,GOES-16_XRS,3,,0,
2023-04-10 04:05:00,2023-04-10 04:01:00,2023-04-10 04:10:00,202304100401,1.279e-06,C1.2,GOES-16,9.321e-07,5.549e-04,7.493e-04,,,,-32.460327,-11.70025,-505.30292,-110.74431,GOES-16_XRS,1,2970,0,3272
2023-04-10 04:29:00,2023-04-10 04:14:00,,202304100414,3.511e-06,C3.5,GOES-16,9.336e-07,2.606e-03,,,,,,,-907.12616,-389.84583,GOES-16_XRS,1,3000,0,3276
2023-04-10 04:39:00,2023-04-10 04:32:00,2023-04-10 04:44:00,202304100432,6.100e-06,C6.0,GOES-18,3.362e-06,3.246e-03,4.061e-03,,,,-79.28088,-21.227627,-877.97815,-327.78806,GOES-18_XRS,2,2980,0,3276
2023-04-10 05:20:00,2023-04-10 05:10:00,2023-04-10 05:27:00,202304100510,2.833e-05,M2.8,GOES-18,1.508e-06,1.295e-02,1.768e-02,,,,-71.88162,-19.51646,-859.1922,-289.24997,GOES-18_XRS,1,2990,0,3276
2023-04-10 09:45:00,2023-04-10 09:37:00,2023-04-10 09:50:00,202304100937,2.906e-06,C2.9,GOES-16,7.582e-07,1.272e-03,1.592e-03,,,,-80.420044,-20.626202,-884.5214,-320.2088,GOES-16_XRS,1,3020,0,3276
2023-04-10 11:30:00,2023-04-10 11:22:00,2023-04-10 11:37:00,202304101122,1.349e-06,C1.3,GOES-16,7.461e-07,7.300e-04,1.050e-03,,,,-28.292725,-23.77283,-417.00223,-304.61673,GOES-16_XRS,1,3030,0,3272
2023-04-10 13:19:00,2023-04-10 13:08:00,,202304101308,1.397e-06,C1.3,GOES-16,8.526e-07,1.036e-03,,,,,,,-966.7493,-296.7645,GOES-16_XRS,1,3110,0,3276
2023-04-10 13:37:00,2023-04-10 13:23:00,,202304101323,1.622e-06,C1.6,GOES-16,1.194e-06,1.550e-03,,,,,-73.98654,-19.342682,-869.64734,-289.86026,GOES-16_XRS,2,3120,0,3276
2023-04-10 13:51:00,2023-04-10 13:46:00,2023-04-10 13:55:00,202304101346,6.015e-06,C6.0,GOES-16,1.419e-06,2.066e-03,2.484e-03,-31.0,-22.0,HOL,-33.996613,-20.506584,-503.3833,-257.11862,GOES-16_XRS,3,3040,0,3272
2023-04-10 14:36:00,2023-04-10 14:28:00,2023-04-10 14:40:00,202304101428,1.375e-06,C1.3,GOES-16,8.204e-07,8.224e-04,9.527e-04,,,,-35.314026,-26.220867,-498.35913,-349.03067,GOES-16_XRS,1,3050,0,3272
2023-04-10 14:48:00,2023-04-10 14:42:00,2023-04-10 14:53:00,202304101442,2.123e-06,C2.1,GOES-16,1.053e-06,1.021e-03,1.294e-03,,,,,,-945.3251,-242.69771,GOES-16_XRS,1,3060,0,3276
2023-04-10 15:47:00,2023-04-10 15:35:00,2023-04-10 15:53:00,202304101535,3.384e-06,C3.3,GOES-16,8.537e-07,1.922e-03,2.443e-03,-33.0,-23.0,HOL,-30.27533,-20.89598,-452.76923,-260.27512,GOES-16_XRS,1,3080,0,3272
2023-04-10 16:54:00,2023-04-10 16:47:00,2023-04-10 16:58:00,202304101647,1.841e-06,C1.8,GOES-16,1.182e-06,9.929e-04,1.156e-03,,,,-27.494415,-21.993427,-411.52698,-275.8159,GOES-16_XRS,1,3090,0,3272
2023-04-10 17:39:00,2023-04-10 17:20:00,2023-04-10 17:46:00,202304101720,3.319e-06,C3.3,GOES-16,1.024e-06,2.771e-03,3.451e-03,,,,-79.93799,-19.428835,-889.93115,-300.64938,GOES-16_XRS,1,3130,0,3276
2023-04-10 18:56:00,2023-04-10 18:49:00,2023-04-10 19:00:00,202304101849,1.922e-06,C1.9,GOES-16,1.357e-06,1.068e-03,1.260e-03,,,,-45.993774,-13.488076,-671.8814,-155.39716,GOES-16_XRS,1,3150,0,3276
2023-04-10 19:40:00,2023-04-10 19:32:00,2023-04-10 19:45:00,202304101932,1.480e-06,C1.4,GOES-16,8.429e-07,8.367e-04,1.039e-03,-26.0,-18.0,HOL,-25.047546,-13.971807,-395.03622,-143.07571,GOES-16_XRS,1,3170,0,3272
2023-04-10 22:34:00,2023-04-10 22:30:00,2023-04-10 22:39:00,202304102230,1.838e-06,C1.8,GOES-16,1.106e-06,7.245e-04,9.780e-04,,,,,,-923.37964,-332.73245,GOES-16_XRS,1,3190,0,3272
2023-04-10 23:19:00,2023-04-10 23:15:00,2023-04-10 23:23:00,202304102315,2.302e-06,C2.3,GOES-16,1.056e-06,8.605e-04,1.048e-03,,,,,,-922.1291,-311.01923,GOES-16_XRS,1,3210,0,3276
2023-04-11 00:05:00,2023-04-10 23:58:00,2023-04-11 00:09:00,202304102358,2.618e-06,C2.6,GOES-16,8.520e-07,1.221e-03,1.419e-03,,,,,,-984.26013,-319.37204,GOES-16_XRS,1,3220,0,3276
2023-04-11 01:33:00,2023-04-11 01:24:00,2023-04-11 01:37:00,202304110124,1.260e-06,C1.2,GOES-16,7.087e-07,7.236e-04,8.329e-04,,,,-70.467285,-17.72147,-860.90906,-258.69635,GOES-16_XRS,1,3230,0,3276
2023-04-11 01:45:00,2023-04-11 01:41:00,2023-04-11 01:49:00,202304110141,1.523e-06,C1.5,GOES-16,8.511e-07,5.858e-04,7.192e-04,,,,,,-922.72003,-272.04636,GOES-16_XRS,1,3240,0,3276
2023-04-11 03:07:00,2023-04-11 02:59:00,2023-04-11 03:12:00,202304110259,6.298e-06,C6.2,GOES-16,7.028e-07,2.707e-03,3.337e-03,-20.0,-19.0,LEA,-19.754425,-17.795977,-309.44003,-203.10724,GOES-16_XRS,1,3250,0,3272
2023-04-11 05:25:00,2023-04-11 05:17:00,2023-04-11 05:30:00,202304110517,1.405e-06,C1.4,GOES-18,9.435e-07,8.401e-04,1.050e-03,,,,,,-946.1013,-288.28387,GOES-18_XRS,1,3270,0,
2023-04-11 07:12:00,2023-04-11 07:05:00,2023-04-11 07:18:00,202304110705,1.140e-06,C1.1,GOES-16,7.521e-07,6.503e-04,8.789e-04,-18.0,-20.0,SVI,-19.993713,-14.103374,-318.85452,-142.5211,GOES-16_XRS,1,3290,0,3272
2023-04-11 08:15:00,2023-04-11 08:05:00,2023-04-11 08:24:00,202304110805,1.618e-06,C1.6,GOES-16,8.699e-07,1.117e-03,1.666e-03,,,,-83.15662,-13.361971,-925.4022,-208.74039,GOES-16_XRS,1,3310,0,3276
2023-04-11 09:47:00,2023-04-11 09:42:00,,202304110942,1.174e-06,C1.1,GOES-16,6.470e-07,5.120e-04,,-23.0,-23.0,SVI,-24.40329,-16.607752,-380.6185,-186.75667,GOES-16_XRS,1,3340,0,3272
2023-04-11 10:16:00,2023-04-11 09:51:00,2023-04-11 10:22:00,202304110951,1.383e-05,M1.3,GOES-16,9.988e-07,8.401e-03,1.014e-02,-17.0,-20.0,SVI,-18.047455,-18.561447,-282.37817,-215.04695,GOES-16_XRS,2,3320,0,3272
2023-04-11 14:41:00,2023-04-11 14:32:00,2023-04-11 14:48:00,202304111432,2.106e-06,C2.1,GOES-16,8.366e-07,1.163e-03,1.626e-03,-5.0,10.0,HOL,-5.1139526,12.806391,-83.572784,308.09183,GOES-16_XRS,1,3360,0,3273
2023-04-11 22:42:00,2023-04-11 22:30:00,2023-04-11 22:55:00,202304112230,5.920e-06,C5.9,GOES-16,7.335e-07,2.687e-03,5.176e-03,-9.0,-20.0,HOL,-11.093964,-18.789251,-175.14493,-216.50153,GOES-16_XRS,1,3400,0,3272
2023-04-12 05:02:00,2023-04-12 04:50:00,2023-04-12 05:09:00,202304120450,2.881e-06,C2.8,GOES-18,9.139e-07,1.649e-03,2.238e-03,,,,-43.86969,-20.294676,-624.1772,-264.99792,GOES-18_XRS,1,3470,0,3276
2023-04-12 08:42:00,2023-04-12 08:36:00,2023-04-12 08:47:00,202304120836,3.429e-06,C3.4,GOES-16,1.266e-06,1.487e-03,1.901e-03,-69.0,-19.0,SVI,-67.01437,-18.515648,-837.0346,-266.70963,GOES-16_XRS,1,3500,0,3279
2023-04-12 11:53:00,2023-04-12 11:33:00,2023-04-12 12:03:00,202304121133,6.171e-06,C6.1,GOES-16,1.426e-06,4.527e-03,6.552e-03,-70.0,-20.0,SVI,-67.06766,-19.562004,-832.06635,-283.5349,GOES-16_XRS,1,3510,0,3279
2023-04-12 15:44:00,2023-04-12 15:38:00,2023-04-12 15:46:00,202304121538,5.295e-06,C5.2,GOES-16,1.546e-06,1.644e-03,1.808e-03,-79.0,-22.0,SVI,-85.954254,-23.293938,-877.22235,-370.36206,GOES-16_XRS,1,3540,0,3272
2023-04-12 22:29:00,2023-04-12 22:22:00,2023-04-12 22:32:00,202304122222,1.933e-06,C1.9,GOES-16,1.315e-06,1.045e-03,1.136e-03,-62.0,-20.0,HOL,-60.57193,-18.036327,-794.32117,-250.08086,GOES-16_XRS,1,3610,0,3279
2023-04-12 23:03:00,2023-04-12 22:54:00,,202304122254,1.900e-06,C1.9,GOES-16,1.202e-06,1.224e-03,,-64.0,-21.0,HOL,-71.41907,-21.297897,-846.3877,-317.522,GOES-16_XRS,1,3620,0,3279
2023-04-12 23:11:00,2023-04-12 23:06:00,2023-04-12 23:13:00,202304122306,1.964e-06,C1.9,GOES-16,1.765e-06,1.010e-03,1.112e-03,,,,-78.02124,-19.648287,-882.50214,-301.4968,GOES-16_XRS,2,,0,
2023-04-12 23:35:00,2023-04-12 23:26:00,2023-04-12 23:48:00,202304122326,4.848e-06,C4.8,GOES-16,1.454e-06,2.465e-03,4.855e-03,-64.0,-21.0,HOL,-62.68802,-20.65917,-797.2675,-294.94287,GOES-16_XRS,1,3640,0,3279
2023-04-13 00:53:00,2023-04-13 00:24:00,,202304130024,4.038e-06,C4.0,GOES-16,1.495e-06,5.475e-03,,,,,-14.217957,-18.082735,-224.40259,-207.25882,GOES-16_XRS,1,,0,
2023-04-13 01:06:00,2023-04-13 01:03:00,2023-04-13 01:08:00,202304130103,3.368e-06,C3.3,GOES-16,3.234e-06,1.373e-03,1.552e-03,-62.0,-19.0,LEA,-18.69397,-17.228825,-294.2039,-195.30042,GOES-16_XRS,2,3650,0,3279
2023-04-13 01:23:00,2023-04-13 01:15:00,2023-04-13 01:30:00,202304130115,3.723e-06,C3.7,GOES-16,2.670e-06,2.402e-03,3.375e-03,-62.0,-19.0,LEA,,,-979.419,-327.50558,GOES-16_XRS,1,3670,0,3279
2023-04-13 02:24:00,2023-04-13 02:17:00,2023-04-13 02:30:00,202304130217,2.503e-06,C2.5,GOES-16,1.557e-06,1.356e-03,1.828e-03,-62.0,-19.0,LEA,-66.11124,-16.022537,-842.53394,-225.57263,GOES-16_XRS,1,3680,0,3279
2023-04-13 04:07:00,2023-04-13 03:54:00,2023-04-13 04:10:00,202304130354,2.261e-06,C2.2,GOES-16,1.255e-06,1.796e-03,1.890e-03,,,,3.9967532,-11.372658,65.68586,-93.71162,GOES-16_XRS,1,3690,0,3280
2023-04-13 04:34:00,2023-04-13 04:24:00,,202304130424,2.041e-06,C2.0,GOES-16,1.251e-06,1.392e-03,,,,,-16.693604,-19.131336,-260.80765,-225.60445,GOES-16_XRS,1,3700,0,3272
2023-04-13 04:59:00,2023-04-13 04:41:00,2023-04-13 05:05:00,202304130441,2.304e-06,C2.3,GOES-18,1.900e-06,2.771e-03,3.273e-03,,,,-20.509766,-20.004135,-316.3563,-241.7292,GOES-18_XRS,2,,0,
2023-04-13 07:59:00,2023-04-13 07:53:00,2023-04-13 08:02:00,202304130753,3.994e-06,C3.9,GOES-16,1.288e-06,1.414e-03,1.547e-03,-56.0,-20.0,SVI,-53.753113,-20.39384,-725.24884,-279.08026,GOES-16_XRS,1,3750,0,3279
2023-04-13 08:20:00,2023-04-13 08:15:00,2023-04-13 08:30:00,202304130815,3.812e-06,C3.8,GOES-16,1.439e-06,1.580e-03,2.947e-03,-75.0,-23.0,SVI,-75.949585,-22.766426,-856.9027,-347.23016,GOES-16_XRS,1,3760,0,3281
2023-04-13 10:43:00,2023-04-13 10:32:00,,202304131032,8.475e-06,C8.4,GOES-16,1.661e-06,3.979e-03,,8.0,-19.0,SVI,8.5290365,-19.38904,134.4525,-227.28159,GOES-16_XRS,1,3800,0,3272
2023-04-13 10:56:00,2023-04-13 10:53:00,2023-04-13 10:59:00,202304131053,6.748e-06,C6.7,GOES-16,6.085e-06,2.686e-03,3.042e-03,-54.0,-20.0,SVI,-2.2679138,-18.954906,-35.970894,-219.28339,GOES-16_XRS,2,3870,0,3279
2023-04-13 11:56:00,2023-04-13 11:53:00,2023-04-13 12:01:00,202304131153,4.304e-06,C4.3,GOES-16,2.643e-06,1.531e-03,2.135e-03,-53.0,-20.0,SVI,-51.012634,-19.853909,-701.50037,-267.16788,GOES-16_XRS,1,3820,0,3279
2023-04-13 18:57:00,2023-04-13 18:50:00,2023-04-13 19:02:00,202304131850,2.202e-06,C2.2,GOES-16,1.297e-06,1.106e-03,1.420e-03,,,,-66.834076,-20.607723,-824.7985,-300.321,GOES-16_XRS,1,3900,0,3281
2023-04-13 20:36:00,2023-04-13 20:29:00,2023-04-13 20:41:00,202304132029,2.189e-06,C2.1,GOES-16,1.557e-06,1.217e-03,1.550e-03,-68.0,10.0,HOL,-82.71777,3.5696528,-947.6274,71.4094,GOES-16_XRS,1,3910,0,3282
2023-04-14 05:16:00,2023-04-14 05:08:00,2023-04-14 05:27:00,202304140508,2.245e-06,C2.2,GOES-16,1.525e-06,1.339e-03,2.411e-03,-66.0,-22.0,SVI,-66.17862,-20.12841,-823.1961,-291.9895,GOES-16_XRS,1,3960,0,3281
2023-04-14 10:52:00,2023-04-14 10:46:00,2023-04-14 10:56:00,202304141046,3.355e-06,C3.3,GOES-16,1.766e-06,1.505e-03,1.790e-03,,,,-59.15451,8.090788,-814.88544,182.55132,GOES-16_XRS,1,4020,0,3282
2023-04-14 12:55:00,2023-04-14 12:44:00,2023-04-14 13:04:00,202304141244,6.994e-06,C6.9,GOES-16,1.680e-06,3.259e-03,5.230e-03,-57.0,12.0,SVI,-43.01346,7.2942758,-649.3337,190.22577,GOES-16_XRS,1,4050,0,3282
2023-04-14 13:21:00,2023-04-14 13:18:00,2023-04-14 13:25:00,202304141318,3.793e-06,C3.7,GOES-16,2.473e-06,1.340e-03,1.698e-03,-53.0,11.0,HOL,-65.69946,11.680212,-855.1841,231.28749,GOES-16_XRS,1,4060,0,3282
2023-04-14 13:45:00,2023-04-14 13:37:00,2023-04-14 13:50:00,202304141337,3.295e-06,C3.2,GOES-16,2.349e-06,2.057e-03,2.568e-03,33.0,-8.0,HOL,9.934612,-8.144801,164.0985,-42.63913,GOES-16_XRS,1,4070,0,3280
2023-04-14 15:49:00,2023-04-14 15:43:00,2023-04-14 15:52:00,202304141543,2.315e-06,C2.3,GOES-16,1.698e-06,1.209e-03,1.325e-03,,,,,,-880.4042,-381.34152,GOES-16_XRS,1,4100,0,3281
2023-04-14 16:18:00,2023-04-14 16:10:00,2023-04-14 16:24:00,202304141610,1.118e-05,M1.1,GOES-16,1.764e-06,4.740e-03,6.340e-03,,,,-47.875427,9.367423,-702.00903,218.17952,GOES-16_XRS,1,4120,0,3282
2023-04-14 16:59:00,2023-04-14 16:44:00,2023-04-14 17:07:00,202304141644,5.313e-06,C5.3,GOES-16,2.343e-06,4.680e-03,6.119e-03,,,,-52.872437,11.502963,-749.21356,246.38632,GOES-16_XRS,1,4130,0,3282
2023-04-14 19:07:00,2023-04-14 18:50:00,,202304141850,2.996e-06,C2.9,GOES-16,1.604e-06,3.096e-03,,41.0,-10.0,HOL,32.973766,-6.609958,519.0917,-30.95118,GOES-16_XRS,1,4180,0,3280
2023-04-14 19:26:00,2023-04-14 19:20:00,2023-04-14 19:35:00,202304141920,3.138e-06,C3.1,GOES-16,2.481e-06,1.738e-03,2.963e-03,,,,-21.541351,2.3016496,-352.38623,126.54323,GOES-16_XRS,2,4200,0,3282
2023-04-14 19:56:00,2023-04-14 19:51:00,2023-04-14 19:59:00,202304141951,4.513e-06,C4.5,GOES-16,2.005e-06,1.720e-03,1.888e-03,,,,-52.948883,11.218728,-750.69104,241.6031,GOES-16_XRS,1,4190,0,3282
2023-04-14 20:45:00,2023-04-14 20:39:00,2023-04-14 20:50:00,202304142039,6.281e-06,C6.2,GOES-16,2.354e-06,2.607e-03,3.339e-03,,,,-52.5336,11.032277,-747.0563,239.1074,GOES-16_XRS,1,4220,0,3282
2023-04-14 21:01:00,2023-04-14 20:57:00,2023-04-14 21:03:00,202304142057,5.197e-06,C5.1,GOES-16,2.412e-06,1.719e-03,1.896e-03,,,,-50.687042,10.66889,-729.1912,235.60031,GOES-16_XRS,1,4230,0,3282
2023-04-14 23:27:00,2023-04-14 23:18:00,2023-04-14 23:30:00,202304142318,1.518e-05,M1.5,GOES-16,2.297e-06,4.679e-03,5.077e-03,,,,-48.982788,9.188184,-714.40576,213.63513,GOES-16_XRS,1,4280,0,3282
2023-04-15 01:37:00,2023-04-15 01:32:00,2023-04-15 01:40:00,202304150132,2.879e-06,C2.8,GOES-16,1.727e-06,1.211e-03,1.331e-03,,,,23.747435,-13.399905,376.22128,-137.33296,GOES-16_XRS,1,4310,0,3280
2023-04-15 01:56:00,2023-04-15 01:49:00,2023-04-15 02:00:00,202304150149,2.399e-06,C2.3,GOES-16,1.747e-06,1.372e-03,1.602e-03,,,,33.88212,-17.455702,510.52295,-211.76167,GOES-16_XRS,1,4320,0,3272
2023-04-15 03:03:00,2023-04-15 03:00:00,2023-04-15 03:07:00,202304150300,3.340e-06,C3.3,GOES-16,1.588e-06,1.090e-03,1.340e-03,33.0,-11.0,LEA,41.19652,-11.238554,619.95795,-116.48673,GOES-16_XRS,1,4350,0,3280
2023-04-15 05:23:00,2023-04-15 05:18:00,2023-04-15 05:30:00,202304150518,3.934e-06,C3.9,GOES-16,1.409e-06,1.357e-03,2.168e-03,,,,-47.71167,10.722187,-697.1465,239.84515,GOES-16_XRS,1,4370,0,3282
2023-04-15 05:46:00,2023-04-15 05:38:00,,202304150538,2.990e-06,C2.9,GOES-16,2.173e-06,1.906e-03,,-20.0,-19.0,LEA,27.670904,-19.774023,419.5829,-244.69598,GOES-16_XRS,1,4380,0,3282
2023-04-15 06:01:00,2023-04-15 05:50:00,2023-04-15 06:06:00,202304150550,3.219e-06,C3.2,GOES-16,2.829e-06,2.769e-03,3.304e-03,,,,38.295006,-18.073019,565.4046,-226.00742,GOES-16_XRS,2,4470,0,3272
2023-04-15 06:47:00,2023-04-15 06:27:00,,202304150627,5.032e-06,C5.0,GOES-16,2.382e-06,5.502e-03,,,,,54.96773,-6.1232867,780.64716,-48.088593,GOES-16_XRS,1,4400,0,3280
2023-04-15 07:03:00,2023-04-15 06:59:00,2023-04-15 07:06:00,202304150659,4.429e-06,C4.4,GOES-16,4.073e-06,2.031e-03,2.275e-03,,,,62.19324,-1.45377,847.4024,19.646042,GOES-16_XRS,2,4460,0,3280
2023-04-15 08:52:00,2023-04-15 08:44:00,2023-04-15 08:57:00,202304150844,5.322e-06,C5.3,GOES-16,1.774e-06,2.891e-03,3.501e-03,-39.0,14.0,SVI,-45.668793,7.9057517,-679.6416,196.36969,GOES-16_XRS,1,4430,0,3282
2023-04-15 09:14:00,2023-04-15 09:05:00,2023-04-15 09:17:00,202304150905,7.165e-06,C7.1,GOES-16,2.788e-06,3.126e-03,3.341e-03,-44.0,13.0,SVI,-41.826385,8.797571,-632.2969,215.25694,GOES-16_XRS,1,4480,0,3282
2023-04-15 09:54:00,2023-04-15 09:45:00,2023-04-15 09:57:00,202304150945,3.597e-06,C3.5,GOES-16,2.269e-06,2.431e-03,2.594e-03,46.0,-6.0,SVI,58.876743,-6.564345,815.1975,-60.847466,GOES-16_XRS,1,4500,0,3280
2023-04-15 12:56:00,2023-04-15 12:50:00,2023-04-15 13:01:00,202304151250,2.420e-06,C2.4,GOES-16,1.535e-06,1.183e-03,1.530e-03,-49.0,-21.0,SVI,-43.743134,-19.9147,-623.65735,-261.50204,GOES-16_XRS,1,4550,0,3281
2023-04-15 13:23:00,2023-04-15 13:16:00,2023-04-15 13:29:00,202304151316,2.655e-06,C2.6,GOES-16,1.407e-06,1.334e-03,1.831e-03,,,,-22.396423,-16.781387,-350.28467,-192.83485,GOES-16_XRS,1,4560,0,3279
2023-04-15 16:18:00,2023-04-15 16:11:00,2023-04-15 16:24:00,202304151611,3.338e-06,C3.3,GOES-16,1.861e-06,1.639e-03,2.260e-03,-50.0,-22.0,HOL,-34.266693,-21.48564,-502.8195,-277.82675,GOES-16_XRS,1,4620,0,3281
2023-04-15 17:23:00,2023-04-15 17:12:00,2023-04-15 17:32:00,202304151712,5.463e-06,C5.4,GOES-16,1.827e-06,3.238e-03,4.870e-03,50.0,-8.0,HOL,47.988255,-7.9524055,705.79675,-70.07,GOES-16_XRS,1,4630,0,3280
2023-04-15 21:22:00,2023-04-15 21:10:00,2023-04-15 21:36:00,202304152110,3.341e-06,C3.3,GOES-16,2.218e-06,2.797e-03,4.946e-03,,,,-37.725555,3.0092452,-586.3373,123.87161,GOES-16_XRS,1,4720,0,3282
2023-04-16 03:39:00,2023-04-16 03:28:00,2023-04-16 03:47:00,202304160328,3.373e-06,C3.3,GOES-16,1.873e-06,2.390e-03,3.380e-03,,,,-43.307037,-23.872639,-601.6055,-324.48322,GOES-16_XRS,1,4800,0,3281
2023-04-16 09:37:00,2023-04-16 09:33:00,2023-04-16 09:45:00,202304160933,2.075e-06,C2.0,GOES-16,1.509e-06,8.996e-04,1.552e-03,33.0,-11.0,LEA,9.747154,1.8127404,162.50108,121.5986,GOES-16_XRS,1,4860,0,3280
2023-04-16 17:44:00,2023-04-16 17:31:00,2023-04-16 17:59:00,202304161731,9.078e-06,C9.0,GOES-16,1.481e-06,6.693e-03,1.195e-02,,,,,,-885.29156,442.53915,GOES-16_XRS,1,4910,0,
2023-04-16 19:53:00,2023-04-16 19:44:00,2023-04-16 20:00:00,202304161944,3.706e-06,C3.7,GOES-16,2.551e-06,2.496e-03,3.447e-03,69.0,-6.0,HOL,,,1021.7122,-106.140564,GOES-16_XRS,1,4930,0,3280
2023-04-17 00:59:00,2023-04-17 00:53:00,2023-04-17 01:01:00,202304170053,2.229e-06,C2.2,GOES-16,1.553e-06,1.062e-03,1.157e-03,-18.0,10.0,LEA,-13.767639,7.5949116,-226.46175,214.7355,GOES-16_XRS,1,5030,0,3282
2023-04-17 03:31:00,2023-04-17 03:21:00,2023-04-17 03:39:00,202304170321,2.206e-06,C2.2,GOES-16,1.415e-06,1.540e-03,2.213e-03,,,,-18.244507,-21.820518,-278.96616,-274.28668,GOES-16_XRS,1,5070,0,3281
2023-04-17 04:16:00,2023-04-17 04:08:00,2023-04-17 04:28:00,202304170408,4.173e-06,C4.1,GOES-16,1.442e-06,2.059e-03,3.866e-03,70.0,-10.0,LEA,74.17237,-5.9539623,915.7432,-74.023865,GOES-16_XRS,1,5090,0,3280
2023-04-17 06:33:00,2023-04-17 06:21:00,2023-04-17 06:38:00,202304170621,7.091e-06,C7.0,GOES-16,1.329e-06,3.480e-03,4.120e-03,,,,-38.62921,-20.841381,-559.5744,-272.90555,GOES-16_XRS,1,5110,0,3281
2023-04-17 07:40:00,2023-04-17 07:31:00,2023-04-17 07:49:00,202304170731,2.141e-06,C2.1,GOES-16,1.365e-06,1.375e-03,2.140e-03,,,,-4.035797,-21.90626,-62.684254,-271.8635,GOES-16_XRS,1,5140,0,3279
2023-04-17 08:37:00,2023-04-17 08:28:00,2023-04-17 08:46:00,202304170828,2.347e-06,C2.3,GOES-16,1.307e-06,1.364e-03,2.179e-03,,,,,,948.63855,-132.4126,GOES-16_XRS,1,5160,0,3280
2023-04-17 14:31:00,2023-04-17 14:17:00,2023-04-17 14:39:00,202304171417,6.926e-06,C6.9,GOES-16,1.715e-06,3.878e-03,5.550e-03,-17.0,13.0,HOL,-33.977448,-18.307045,-508.9625,-228.29105,GOES-16_XRS,1,5220,0,3282
2023-04-18 04:03:00,2023-04-18 03:56:00,2023-04-18 04:05:00,202304180356,1.539e-06,C1.5,GOES-16,1.056e-06,8.243e-04,8.947e-04,70.0,-10.0,LEA,,,1006.29175,-71.06025,GOES-16_XRS,1,5370,0,3280
2023-04-18 05:30:00,2023-04-18 05:24:00,2023-04-18 05:32:00,202304180524,2.410e-06,C2.4,GOES-16,1.080e-06,9.679e-04,1.053e-03,,,,,,956.9048,-138.95174,GOES-16_XRS,1,5400,0,3280
2023-04-18 09:33:00,2023-04-18 09:27:00,2023-04-18 09:36:00,202304180927,1.910e-06,C1.9,GOES-16,9.989e-07,8.522e-04,9.310e-04,,,,82.42364,-6.2888913,941.9971,-92.51868,GOES-16_XRS,1,5500,0,3280
2023-04-18 14:35:00,2023-04-18 14:27:00,2023-04-18 14:53:00,202304181427,2.483e-06,C2.4,GOES-16,1.294e-06,1.449e-03,3.408e-03,,,,86.12511,-7.8771253,944.53674,-124.42824,GOES-16_XRS,1,5560,0,3280
2023-04-18 15:29:00,2023-04-18 15:21:00,2023-04-18 15:35:00,202304181521,4.813e-06,C4.8,GOES-16,1.566e-06,2.529e-03,3.301e-03,,,,82.88834,-10.281606,933.38116,-159.00488,GOES-16_XRS,1,5580,0,3280
2023-04-18 18:13:00,2023-04-18 18:00:00,2023-04-18 18:26:00,202304181800,3.243e-06,C3.2,GOES-16,1.267e-06,2.337e-03,4.035e-03,-22.0,-22.0,HOL,49.704304,1.851673,730.43256,88.56812,GOES-16_XRS,1,5620,0,3283
2023-04-18 19:17:00,2023-04-18 19:07:00,2023-04-18 19:23:00,202304181907,1.993e-06,C1.9,GOES-16,1.266e-06,1.392e-03,1.779e-03,,,,81.50824,-20.17075,887.5941,-315.8894,GOES-16_XRS,1,5660,0,
2023-04-18 22:56:00,2023-04-18 22:45:00,2023-04-18 23:16:00,202304182245,2.932e-06,C2.9,GOES-16,1.189e-06,1.968e-03,4.563e-03,,,,,,958.30853,-77.71327,GOES-16_XRS,1,5730,0,
2023-04-19 04:30:00,2023-04-19 04:20:00,2023-04-19 04:37:00,202304190420,2.362e-06,C2.3,GOES-16,8.512e-07,1.280e-03,1.778e-03,,,,86.820114,-19.166897,901.21783,-307.75064,GOES-16_XRS,1,5780,0,3272
2023-04-19 08:41:00,2023-04-19 08:11:00,2023-04-19 09:11:00,202304190811,3.960e-06,C3.9,GOES-16,8.769e-07,4.962e-03,1.003e-02,,,,,,948.97943,-131.53429,GOES-16_XRS,1,5830,0,3272
2023-04-19 13:18:00,2023-04-19 13:07:00,,202304191307,1.845e-06,C1.8,GOES-16,1.077e-06,1.403e-03,,14.0,13.0,SVI,-57.1987,-19.995777,-756.31805,-281.1515,GOES-16_XRS,1,5890,0,3282
2023-04-19 13:35:00,2023-04-19 13:24:00,,202304191324,2.084e-06,C2.0,GOES-16,1.747e-06,1.718e-03,,14.0,13.0,SVI,-9.837372,-7.356114,-162.58261,-36.02212,GOES-16_XRS,2,5890,0,3282
2023-04-19 13:47:00,2023-04-19 13:38:00,2023-04-19 13:50:00,202304191338,2.342e-06,C2.3,GOES-16,2.055e-06,1.726e-03,1.852e-03,14.0,13.0,SVI,4.958952,0.6531277,82.937454,98.866394,GOES-16_XRS,3,5890,0,3282
2023-04-19 23:48:00,2023-04-19 23:31:00,2023-04-20 00:13:00,202304192331,2.662e-06,C2.6,GOES-16,1.561e-06,2.842e-03,6.032e-03,-13.0,-21.0,LEA,-6.236969,-18.701044,-98.71696,-223.71553,GOES-16_XRS,1,6030,0,3283
2023-04-20 01:19:00,2023-04-20 01:12:00,2023-04-20 01:29:00,202304200112,2.289e-06,C2.2,GOES-16,1.224e-06,1.253e-03,2.151e-03,,,,,,1026.4531,274.99423,GOES-16_XRS,1,6040,0,
2023-04-20 03:12:00,2023-04-20 03:04:00,,202304200304,1.885e-06,C1.8,GOES-16,1.311e-06,1.189e-03,,,,,-10.691315,-17.97948,-169.26402,-213.08311,GOES-16_XRS,1,6060,0,3283
2023-04-20 03:23:00,2023-04-20 03:17:00,2023-04-20 03:27:00,202304200317,2.269e-06,C2.2,GOES-16,1.770e-06,1.202e-03,1.432e-03,,,,0.4543722,-16.019073,7.312287,-179.54182,GOES-16_XRS,2,6060,0,3283
2023-04-20 07:25:00,2023-04-20 07:16:00,2023-04-20 07:32:00,202304200716,1.831e-06,C1.8,GOES-16,1.277e-06,1.213e-03,1.680e-03,,,,73.64376,-24.047308,837.8859,-365.6685,GOES-16_XRS,1,6110,0,3281
2023-04-20 07:43:00,2023-04-20 07:37:00,2023-04-20 07:50:00,202304200737,2.602e-06,C2.6,GOES-16,1.377e-06,1.238e-03,1.844e-03,10.0,-22.0,SVI,9.492607,-21.175777,147.49973,-264.82205,GOES-16_XRS,1,6120,0,3281
2023-04-20 09:22:00,2023-04-20 09:17:00,2023-04-20 09:28:00,202304200917,3.666e-06,C3.6,GOES-16,1.921e-06,1.586e-03,2.273e-03,12.0,-21.0,SVI,13.745389,-24.561384,207.24254,-320.0172,GOES-16_XRS,1,6160,0,3281
2023-04-20 10:55:00,2023-04-20 10:47:00,2023-04-20 11:06:00,202304201047,2.429e-06,C2.4,GOES-16,1.320e-06,1.472e-03,2.581e-03,12.0,-22.0,SVI,16.681997,-22.914371,253.5513,-295.06284,GOES-16_XRS,1,6180,0,3281
2023-04-20 12:24:00,2023-04-20 12:14:00,2023-04-20 12:30:00,202304201214,2.332e-06,C2.3,GOES-16,1.159e-06,1.444e-03,1.877e-03,-2.0,-21.0,SVI,-2.8999329,-21.483356,-45.152477,-269.0265,GOES-16_XRS,1,6190,0,3283
2023-04-20 16:23:00,2023-04-20 16:05:00,2023-04-20 16:32:00,202304201605,3.398e-06,C3.3,GOES-16,1.411e-06,3.382e-03,4.460e-03,,,,-27.803467,-10.351579,-439.9175,-96.16218,GOES-16_XRS,1,6270,0,
2023-04-20 22:30:00,2023-04-20 22:23:00,2023-04-20 22:36:00,202304202223,2.309e-06,C2.3,GOES-16,9.349e-07,9.659e-04,1.360e-03,19.0,-24.0,HOL,18.922493,-24.14451,283.70874,-316.083,GOES-16_XRS,1,6350,0,3281
2023-04-20 23:27:00,2023-04-20 23:20:00,2023-04-20 23:33:00,202304202320,1.283e-06,C1.2,GOES-16,8.467e-07,6.964e-04,9.514e-04,,,,-61.026276,-16.868635,-801.12103,-236.64848,GOES-16_XRS,1,6360,0,3281
2023-04-21 02:14:00,2023-04-21 02:07:00,2023-04-21 02:17:00,202304210207,1.179e-06,C1.1,GOES-16,8.350e-07,6.373e-04,6.949e-04,,,,-50.042908,-18.317837,-696.7809,-247.3194,GOES-16_XRS,1,6400,0,
2023-04-21 06:04:00,2023-04-21 05:59:00,2023-04-21 06:10:00,202304210559,9.497e-07,B9.4,GOES-16,6.895e-07,4.520e-04,6.501e-04,,,,,,,,,1,6430,0,
2023-04-21 07:07:00,2023-04-21 06:59:00,2023-04-21 07:13:00,202304210659,9.737e-07,B9.7,GOES-16,6.418e-07,5.800e-04,7.758e-04,,,,,,,,,1,6450,0,
2023-04-21 18:12:00,2023-04-21 17:44:00,2023-04-21 18:43:00,202304211744,1.770e-05,M1.7,GOES-16,1.014e-06,1.715e-02,3.873e-02,11.0,-22.0,HOL,11.930935,-20.29961,185.89241,-253.21501,GOES-16_XRS,1,6620,0,3283
2023-04-21 22:23:00,2023-04-21 22:12:00,2023-04-21 22:29:00,202304212212,4.038e-06,C4.0,GOES-16,1.186e-06,2.179e-03,2.808e-03,49.0,-18.0,HOL,50.370644,-16.639307,706.4318,-221.27574,GOES-16_XRS,1,6650,0,3279
2023-04-22 01:48:00,2023-04-22 01:34:00,2023-04-22 01:55:00,202304220134,4.869e-06,C4.8,GOES-16,9.475e-07,2.825e-03,3.711e-03,,,,51.655773,-18.727629,710.9679,-256.47824,GOES-16_XRS,1,6710,0,3279
2023-04-22 07:02:00,2023-04-22 06:51:00,2023-04-22 07:09:00,202304220651,2.060e-06,C2.0,GOES-16,9.944e-07,1.387e-03,1.853e-03,,,,36.385723,-20.125135,533.53723,-264.63098,GOES-16_XRS,1,6820,0,3279
2023-04-22 10:07:00,2023-04-22 10:01:00,2023-04-22 10:21:00,202304221001,1.287e-06,C1.2,GOES-16,8.306e-07,6.524e-04,1.455e-03,,,,-59.11743,-14.161905,-796.075,-191.38284,GOES-16_XRS,1,6870,0,3285
2023-04-22 16:01:00,2023-04-22 15:52:00,2023-04-22 16:17:00,202304221552,2.087e-06,C2.0,GOES-16,7.621e-07,1.131e-03,2.547e-03,23.0,-22.0,HOL,24.28783,-21.193743,367.47253,-273.95102,GOES-16_XRS,1,6910,0,3283
2023-04-23 02:47:00,2023-04-23 02:33:00,2023-04-23 02:57:00,202304230233,1.147e-06,C1.1,GOES-16,7.121e-07,1.035e-03,1.497e-03,,,,54.55913,5.194531,776.2418,134.16946,GOES-16_XRS,1,6990,0,
2023-04-23 04:57:00,2023-04-23 04:51:00,2023-04-23 05:00:00,202304230451,9.869e-07,B9.8,GOES-16,6.785e-07,4.831e-04,5.317e-04,53.0,-21.0,LEA,,,,,,1,7000,0,3279
2023-04-23 06:40:00,2023-04-23 06:33:00,2023-04-23 06:43:00,202304230633,2.210e-06,C2.2,GOES-16,7.043e-07,7.920e-04,8.611e-04,53.0,-21.0,LEA,59.805515,-19.406158,779.6522,-277.3774,GOES-16_XRS,1,7060,0,3279
2023-04-23 17:11:00,2023-04-23 17:06:00,2023-04-23 17:14:00,202304231706,1.112e-06,C1.1,GOES-16,7.473e-07,4.774e-04,5.266e-04,,,,,,929.5824,292.39923,GOES-16_XRS,1,7090,0,3282
2023-04-23 20:38:00,2023-04-23 20:31:00,2023-04-23 20:42:00,202304232031,1.023e-06,C1.0,GOES-16,6.846e-07,5.368e-04,6.372e-04,,,,56.415173,13.771741,773.7479,270.73743,GOES-16_XRS,1,7100,0,3282
2023-04-24 11:16:00,2023-04-24 11:07:00,2023-04-24 11:18:00,202304241107,2.230e-06,C2.2,GOES-16,5.932e-07,8.520e-04,8.892e-04,,,,64.26221,11.014438,844.99115,216.36142,GOES-16_XRS,1,7140,0,3282
2023-04-24 13:05:00,2023-04-24 12:59:00,2023-04-24 13:09:00,202304241259,2.862e-06,C2.8,GOES-16,1.014e-06,1.038e-03,1.182e-03,,,,65.166664,9.948158,854.1916,197.85924,GOES-16_XRS,1,7150,0,3283
2023-04-24 16:22:00,2023-04-24 16:14:00,2023-04-24 16:28:00,202304241614,1.193e-06,C1.1,GOES-16,7.667e-07,6.927e-04,9.259e-04,,,,59.456863,1.6878778,823.018,68.94149,GOES-16_XRS,1,7170,0,3282
2023-04-24 17:27:00,2023-04-24 17:19:00,2023-04-24 17:30:00,202304241719,1.529e-06,C1.5,GOES-16,8.475e-07,7.923e-04,8.594e-04,,,,40.882515,3.6080399,625.187,120.76058,GOES-16_XRS,1,7180,0,3285
2023-04-25 03:00:00,2023-04-25 02:55:00,2023-04-25 03:06:00,202304250255,1.093e-06,C1.0,GOES-16,7.873e-07,5.105e-04,7.345e-04,,,,-65.39288,17.846207,-826.7703,323.35468,GOES-16_XRS,1,7240,0,
2023-04-25 08:07:00,2023-04-25 07:58:00,2023-04-25 08:12:00,202304250758,1.724e-06,C1.7,GOES-16,7.197e-07,8.523e-04,1.064e-03,-35.0,-24.0,SVI,-30.603394,-23.138906,-448.13773,-311.8871,GOES-16_XRS,1,7290,0,3288
2023-04-25 10:05:00,2023-04-25 09:46:00,2023-04-25 10:14:00,202304250946,1.279e-06,C1.2,GOES-16,7.513e-07,1.501e-03,1.961e-03,,,,-58.561768,10.268736,-802.43884,210.51309,GOES-16_XRS,1,7300,0,
2023-04-25 17:17:00,2023-04-25 17:12:00,2023-04-25 17:21:00,202304251712,9.603e-07,B9.6,GOES-16,6.571e-07,4.511e-04,5.446e-04,,,,,,,,,1,7310,0,3288
2023-04-26 14:23:00,2023-04-26 14:10:00,2023-04-26 14:30:00,202304261410,2.607e-06,C2.6,GOES-16,8.808e-07,1.747e-03,2.289e-03,-68.0,22.0,SVI,-20.604553,-12.20594,-329.32196,-130.74626,GOES-16_XRS,1,7430,0,3289
2023-04-27 00:04:00,2023-04-26 23:57:00,2023-04-27 00:08:00,202304262357,2.746e-06,C2.7,GOES-16,6.749e-07,8.801e-04,1.076e-03,,,,-9.318817,-23.255692,-142.4296,-306.98636,GOES-16_XRS,1,7510,0,3288
2023-04-27 00:58:00,2023-04-27 00:41:00,2023-04-27 01:08:00,202304270041,3.050e-06,C3.0,GOES-16,7.279e-07,2.296e-03,3.389e-03,,,,-64.8226,21.518822,-803.8835,379.46613,GOES-16_XRS,1,7520,0,3289
2023-04-27 02:49:00,2023-04-27 02:28:00,2023-04-27 03:40:00,202304270228,2.586e-06,C2.5,GOES-16,1.461e-06,3.339e-03,1.000e-02,,,,-59.196655,17.48487,-782.57635,323.50806,GOES-16_XRS,1,7540,0,3289
2023-04-27 08:18:00,2023-04-27 08:12:00,2023-04-27 08:23:00,202304270812,8.394e-07,B8.3,GOES-16,6.148e-07,4.356e-04,5.642e-04,,,,,,,,,1,7560,0,3288
2023-04-27 08:53:00,2023-04-27 08:42:00,2023-04-27 09:03:00,202304270842,1.182e-06,C1.1,GOES-16,5.883e-07,7.457e-04,1.178e-03,,,,-9.450378,-25.348494,-142.03748,-340.40714,GOES-16_XRS,1,7570,0,3288
2023-04-27 09:21:00,2023-04-27 09:14:00,,202304270914,1.008e-06,C1.0,GOES-16,7.181e-07,5.842e-04,,,,,-1.6540527,-25.483175,-24.943188,-341.64664,GOES-16_XRS,1,7580,0,3288
2023-04-27 09:44:00,2023-04-27 09:37:00,2023-04-27 09:46:00,202304270937,1.177e-06,C1.1,GOES-16,8.652e-07,6.678e-04,7.268e-04,,,,5.8898516,-23.036396,90.40178,-303.5381,GOES-16_XRS,2,,0,
2023-04-27 10:32:00,2023-04-27 10:30:00,2023-04-27 10:35:00,202304271030,1.372e-06,C1.3,GOES-16,7.635e-07,3.928e-04,4.507e-04,-4.0,-23.0,SVI,-0.6308899,-20.499937,-9.873885,-262.76016,GOES-16_XRS,1,7590,0,3288
2023-04-27 11:14:00,2023-04-27 11:04:00,2023-04-27 11:22:00,202304271104,1.876e-05,M1.8,GOES-16,5.614e-07,5.126e-03,8.738e-03,-4.0,-23.0,SVI,-5.108612,-22.532085,-78.73565,-295.53848,GOES-16_XRS,1,7600,0,3288
2023-04-27 16:16:00,2023-04-27 16:02:00,2023-04-27 16:26:00,202304271602,1.778e-06,C1.7,GOES-16,6.042e-07,1.328e-03,1.977e-03,-1.0,-23.0,SVI,-5.604828,-19.775105,-87.9843,-251.78207,GOES-16_XRS,1,7620,0,3288
2023-04-27 18:34:00,2023-04-27 18:27:00,2023-04-27 18:36:00,202304271827,1.022e-06,C1.0,GOES-16,6.456e-07,5.149e-04,5.621e-04,-2.0,-23.0,HOL,-3.8362122,-21.488384,-59.593697,-279.23535,GOES-16_XRS,1,7640,0,3288
2023-04-27 19:22:00,2023-04-27 19:13:00,,202304271913,9.082e-07,B9.0,GOES-16,6.079e-07,6.106e-04,,-52.0,20.0,HOL,,,,,,1,7650,0,3289
2023-04-27 19:36:00,2023-04-27 19:25:00,,202304271925,1.469e-06,C1.4,GOES-16,8.975e-07,1.124e-03,,,,,-17.621735,10.408368,-284.977,243.29865,GOES-16_XRS,2,,0,
2023-04-27 19:48:00,2023-04-27 19:43:00,2023-04-27 19:58:00,202304271943,2.513e-06,C2.5,GOES-16,1.345e-06,9.915e-04,1.987e-03,,,,2.0418468,-12.848221,33.257717,-138.49774,GOES-16_XRS,3,7730,0,3288
2023-04-27 22:44:00,2023-04-27 22:34:00,2023-04-27 22:54:00,202304272234,1.029e-06,C1.0,GOES-16,5.861e-07,7.276e-04,1.131e-03,,,,5.142482,-12.202558,83.87274,-128.25323,GOES-16_XRS,1,7670,0,3288
2023-04-27 23:26:00,2023-04-27 23:11:00,2023-04-27 23:39:00,202304272311,2.507e-06,C2.5,GOES-16,7.708e-07,1.681e-03,2.897e-03,,,,1.1220511,-22.626635,17.301355,-297.51392,GOES-16_XRS,1,7680,0,3288
2023-04-28 01:08:00,2023-04-28 00:38:00,,202304280038,4.932e-06,C4.9,GOES-16,8.133e-07,5.388e-03,,,,,7.9085793,-19.261642,124.33321,-244.37694,GOES-16_XRS,1,7690,0,3288
2023-04-28 01:22:00,2023-04-28 01:11:00,2023-04-28 01:29:00,202304280111,6.681e-06,C6.6,GOES-16,4.855e-06,5.310e-03,7.080e-03,,,,7.9050355,-18.494835,124.84952,-231.98743,GOES-16_XRS,2,7740,0,3285
2023-04-28 05:27:00,2023-04-28 05:21:00,,202304280521,2.881e-06,C2.8,GOES-16,1.579e-06,1.408e-03,,4.0,-23.0,SVI,6.288154,-24.060453,95.71951,-320.9242,GOES-16_XRS,1,7800,0,3288
2023-04-28 05:44:00,2023-04-28 05:36:00,2023-04-28 05:49:00,202304280536,2.911e-06,C2.9,GOES-16,2.360e-06,1.979e-03,2.453e-03,,,,14.481004,-20.360209,224.36774,-263.8894,GOES-16_XRS,2,7820,0,3285
2023-04-28 09:18:00,2023-04-28 09:09:00,2023-04-28 09:23:00,202304280909,1.513e-06,C1.5,GOES-16,8.418e-07,9.538e-04,1.156e-03,9.0,-23.0,SVI,3.0867505,-18.759594,48.80372,-236.20514,GOES-16_XRS,1,7850,0,3288
2023-04-28 16:00:00,2023-04-28 15:23:00,2023-04-28 16:14:00,202304281523,6.856e-06,C6.8,GOES-16,9.164e-07,8.732e-03,1.218e-02,-40.0,20.0,HOL,-21.170258,10.939897,-339.25836,249.03413,GOES-16_XRS,1,7930,0,3289
2023-04-28 17:28:00,2023-04-28 17:17:00,,202304281717,2.618e-06,C2.6,GOES-16,1.284e-06,1.705e-03,,21.0,-24.0,HOL,17.546545,-24.205065,263.09232,-326.59906,GOES-16_XRS,1,7940,0,3288
2023-04-28 17:44:00,2023-04-28 17:34:00,2023-04-28 17:53:00,202304281734,2.808e-06,C2.8,GOES-16,2.111e-06,2.131e-03,3.206e-03,,,,23.804064,-27.078453,343.75488,-373.7266,GOES-16_XRS,2,8140,0,3288
2023-04-28 18:18:00,2023-04-28 18:13:00,2023-04-28 18:20:00,202304281813,4.248e-06,C4.2,GOES-16,1.758e-06,1.472e-03,1.596e-03,12.0,-24.0,HOL,13.8492565,-24.74259,208.00935,-333.91125,GOES-16_XRS,1,7950,0,3288
2023-04-28 19:21:00,2023-04-28 19:14:00,2023-04-28 19:35:00,202304281914,3.067e-06,C3.0,GOES-16,1.296e-06,1.441e-03,3.276e-03,12.0,-24.0,HOL,12.874955,-21.712439,198.09514,-285.87305,GOES-16_XRS,1,7970,0,3288
2023-04-28 20:01:00,2023-04-28 19:53:00,,202304281953,2.574e-06,C2.5,GOES-16,1.437e-06,1.578e-03,,,,,16.484373,-24.888027,246.27292,-337.0747,GOES-16_XRS,1,7980,0,3288
2023-04-28 20:34:00,2023-04-28 20:16:00,2023-04-28 20:49:00,202304282016,4.117e-06,C4.1,GOES-16,2.076e-06,4.256e-03,6.870e-03,,,,22.667921,-18.090189,350.4956,-231.31975,GOES-16_XRS,2,8150,0,3285
2023-04-28 21:45:00,2023-04-28 21:10:00,2023-04-28 22:14:00,202304282110,7.131e-06,C7.1,GOES-16,2.732e-06,1.299e-02,2.227e-02,,,,15.49577,-20.317427,239.739,-264.47748,GOES-16_XRS,1,8000,0,3288
2023-04-29 04:03:00,2023-04-29 03:48:00,2023-04-29 04:14:00,202304290348,2.909e-06,C2.9,GOES-16,1.643e-06,2.717e-03,4.029e-03,19.0,-20.0,LEA,23.240555,-18.93252,357.06326,-245.63402,GOES-16_XRS,1,8110,0,3288
2023-04-29 06:17:00,2023-04-29 06:10:00,2023-04-29 06:24:00,202304290610,1.957e-06,C1.9,GOES-16,1.276e-06,1.060e-03,1.555e-03,22.0,-21.0,SVI,16.431353,-11.547132,265.19437,-122.08391,GOES-16_XRS,1,8120,0,3288
2023-04-29 08:40:00,2023-04-29 08:31:00,2023-04-29 08:46:00,202304290831,4.471e-06,C4.4,GOES-16,9.930e-07,1.712e-03,2.382e-03,20.0,-24.0,SVI,19.721367,-22.299492,298.6675,-298.23172,GOES-16_XRS,1,8190,0,3288
2023-04-29 10:17:00,2023-04-29 10:00:00,2023-04-29 10:31:00,202304291000,8.897e-06,C8.8,GOES-16,1.367e-06,6.089e-03,1.069e-02,25.0,-20.0,SVI,22.165232,-16.409962,346.22232,-204.59947,GOES-16_XRS,1,8200,0,3288
2023-04-29 12:52:00,2023-04-29 12:43:00,2023-04-29 13:05:00,202304291243,2.076e-06,C2.0,GOES-16,1.360e-06,1.353e-03,2.559e-03,,,,23.05482,-15.254632,361.4227,-186.29663,GOES-16_XRS,1,8240,0,3288
2023-04-29 13:24:00,2023-04-29 13:15:00,2023-04-29 13:31:00,202304291315,5.177e-06,C5.1,GOES-16,1.683e-06,2.342e-03,3.457e-03,27.0,-20.0,HOL,28.9108,-17.471962,441.03253,-225.53087,GOES-16_XRS,1,8250,0,3288
2023-04-29 14:07:00,2023-04-29 13:46:00,2023-04-29 14:39:00,202304291346,6.120e-06,C6.1,GOES-16,2.804e-06,7.282e-03,1.692e-02,-34.0,19.0,HOL,-44.077026,24.712215,-603.69336,445.65085,GOES-16_XRS,1,8260,0,3289
2023-04-29 19:29:00,2023-04-29 19:02:00,,202304291902,4.360e-06,C4.3,GOES-16,2.011e-06,6.531e-03,,29.0,-18.0,HOL,29.36902,-18.908224,443.68805,-249.33327,GOES-16_XRS,1,8330,0,3288
2023-04-29 19:58:00,2023-04-29 19:48:00,2023-04-29 20:05:00,202304291948,4.161e-06,C4.1,GOES-16,3.839e-06,3.335e-03,4.781e-03,,,,34.366905,-19.194386,509.69922,-257.05646,GOES-16_XRS,2,8410,0,3288
2023-04-29 23:03:00,2023-04-29 22:55:00,2023-04-29 23:08:00,202304292255,3.174e-06,C3.1,GOES-16,1.906e-06,1.754e-03,2.203e-03,,,,37.84007,-19.942924,551.2383,-271.58853,GOES-16_XRS,1,,0,
2023-04-30 02:17:00,2023-04-30 02:10:00,2023-04-30 02:21:00,202304300210,3.919e-06,C3.9,GOES-16,1.413e-06,1.615e-03,1.916e-03,,,,-48.30896,5.5301437,-710.08777,139.36337,GOES-16_XRS,1,8370,0,3288
2023-04-30 08:49:00,2023-04-30 08:35:00,2023-04-30 09:04:00,202304300835,7.418e-06,C7.4,GOES-16,1.295e-06,4.064e-03,8.023e-03,,,,33.595818,-24.873068,479.85767,-346.95135,GOES-16_XRS,1,8470,0,3288
2023-04-30 14:52:00,2023-04-30 14:26:00,,202304301426,3.912e-06,C3.9,GOES-16,1.567e-06,5.288e-03,,40.0,-20.0,HOL,38.30426,-15.797809,570.0448,-205.86954,GOES-16_XRS,1,8500,0,3288
2023-04-30 15:15:00,2023-04-30 15:10:00,2023-04-30 15:18:00,202304301510,3.643e-06,C3.6,GOES-16,3.535e-06,1.941e-03,2.150e-03,,,,28.867552,-14.115278,447.6896,-172.23639,GOES-16_XRS,2,,0,
2023-04-30 16:51:00,2023-04-30 16:41:00,2023-04-30 16:55:00,202304301641,2.615e-06,C2.6,GOES-16,1.821e-06,1.896e-03,2.147e-03,50.0,18.0,HOL,-4.6279297,-0.7466849,-77.18746,58.266163,GOES-16_XRS,1,8520,0,3293
2023-04-30 20:28:00,2023-04-30 19:56:00,2023-04-30 20:42:00,202304301956,2.442e-05,M2.4,GOES-16,1.335e-06,2.586e-02,3.794e-02,,,,-77.65097,12.385956,-909.4205,218.59642,GOES-16_XRS,1,8560,0,3293
2023-04-30 21:36:00,2023-04-30 21:26:00,2023-04-30 21:43:00,202304302126,5.064e-06,C5.0,GOES-16,3.551e-06,3.888e-03,5.232e-03,,,,,,-962.95776,272.60956,GOES-16_XRS,1,8580,0,3293
2023-05-01 00:28:00,2023-05-01 00:18:00,2023-05-01 00:34:00,202305010018,1.859e-06,C1.8,GOES-16,1.076e-06,1.309e-03,1.663e-03,,,,5.4828796,-10.983978,89.72993,-112.98025,GOES-16_XRS,1,8610,0,3288
2023-05-01 01:21:00,2023-05-01 00:55:00,2023-05-01 01:28:00,202305010055,1.170e-05,M1.1,GOES-16,2.162e-06,9.420e-03,1.154e-02,,,,10.075982,-13.944301,162.41911,-162.67287,GOES-16_XRS,1,8620,0,3288
2023-05-01 03:02:00,2023-05-01 02:48:00,2023-05-01 03:16:00,202305010248,3.604e-06,C3.6,GOES-16,1.757e-06,2.971e-03,5.052e-03,,,,-72.02496,13.1077,-883.31116,236.68523,GOES-16_XRS,1,8630,0,3293
2023-05-01 04:52:00,2023-05-01 04:41:00,2023-05-01 05:02:00,202305010441,3.532e-06,C3.5,GOES-16,1.462e-06,2.328e-03,3.599e-03,,,,-68.97455,9.78113,-877.27545,186.29381,GOES-16_XRS,1,8640,0,3293
2023-05-01 06:01:00,2023-05-01 05:56:00,,202305010556,1.635e-06,C1.6,GOES-16,1.073e-06,7.451e-04,,,,,-61.52997,15.859665,-806.81696,292.0694,GOES-16_XRS,1,8650,0,3293
2023-05-01 06:21:00,2023-05-01 06:09:00,2023-05-01 06:26:00,202305010609,1.935e-06,C1.9,GOES-16,1.382e-06,1.589e-03,1.884e-03,,,,-52.83737,10.218542,-748.80096,210.4526,GOES-16_XRS,2,8660,0,3293
2023-05-01 07:07:00,2023-05-01 06:53:00,2023-05-01 07:32:00,202305010653,5.420e-06,C5.4,GOES-16,1.573e-06,3.659e-03,9.634e-03,,,,-64.22064,13.070938,-836.7799,244.71922,GOES-16_XRS,1,8670,0,3293
2023-05-01 07:47:00,2023-05-01 07:41:00,2023-05-01 07:53:00,202305010741,5.274e-06,C5.2,GOES-16,2.901e-06,2.560e-03,3.548e-03,,,,-74.56268,12.161036,-898.24884,218.39961,GOES-16_XRS,1,8680,0,3293
2023-05-01 11:07:00,2023-05-01 11:03:00,2023-05-01 11:26:00,202305011103,1.604e-06,C1.6,GOES-16,1.122e-06,6.907e-04,2.188e-03,,,,-66.07742,18.433056,-827.0807,327.486,GOES-16_XRS,1,8700,0,3293
2023-05-01 11:59:00,2023-05-01 11:52:00,2023-05-01 12:02:00,202305011152,2.774e-06,C2.7,GOES-16,1.287e-06,1.208e-03,1.301e-03,,,,71.01477,-27.915241,796.7674,-425.2932,GOES-16_XRS,1,8710,0,3288
2023-05-01 13:09:00,2023-05-01 13:02:00,2023-05-01 13:11:00,202305011302,7.215e-05,M7.2,GOES-16,1.415e-06,1.183e-02,1.228e-02,,,,45.651924,-26.406397,611.6918,-380.15912,GOES-16_XRS,1,8720,0,3288
2023-05-01 13:45:00,2023-05-01 13:38:00,2023-05-01 13:52:00,202305011338,4.239e-06,C4.2,GOES-16,2.865e-06,2.490e-03,3.577e-03,,,,,,-1025.4442,332.94244,GOES-16_XRS,1,8740,0,
2023-05-01 14:30:00,2023-05-01 14:26:00,2023-05-01 14:40:00,202305011426,7.468e-06,C7.4,GOES-16,2.181e-06,2.541e-03,5.109e-03,,,,-75.91977,15.217843,-892.0168,265.74652,GOES-16_XRS,1,8760,0,
2023-05-01 15:27:00,2023-05-01 15:16:00,2023-05-01 15:38:00,202305011516,2.740e-06,C2.7,GOES-16,1.851e-06,2.150e-03,3.474e-03,-8.0,20.0,HOL,0.8999225,21.985733,13.924107,421.26083,GOES-16_XRS,1,8770,0,3289
2023-05-01 17:39:00,2023-05-01 17:32:00,2023-05-01 17:41:00,202305011732,2.805e-06,C2.8,GOES-18,1.901e-06,1.469e-03,1.585e-03,,,,38.75473,-24.157566,545.6649,-340.77295,GOES-18_XRS,1,8800,0,3293
2023-05-01 19:08:00,2023-05-01 18:58:00,2023-05-01 19:16:00,202305011858,2.107e-06,C2.1,GOES-16,1.229e-06,1.410e-03,2.037e-03,-65.0,13.0,HOL,-60.248657,12.575129,-808.4952,240.57166,GOES-16_XRS,1,8810,0,3293
2023-05-01 21:48:00,2023-05-01 21:41:00,2023-05-01 21:51:00,202305012141,3.424e-06,C3.4,GOES-16,9.327e-07,1.327e-03,1.418e-03,,,,51.66086,-25.572062,675.43164,-372.51532,GOES-16_XRS,1,8840,0,3288
2023-05-01 22:17:00,2023-05-01 22:02:00,,202305012202,3.837e-06,C3.8,GOES-16,1.132e-06,3.125e-03,,,,,-72.968445,16.37372,-874.42126,287.294,GOES-16_XRS,1,8850,0,3293
2023-05-01 22:32:00,2023-05-01 22:19:00,2023-05-01 22:42:00,202305012219,7.462e-06,C7.4,GOES-16,3.764e-06,6.217e-03,9.129e-03,,,,,,-960.5193,176.01852,GOES-16_XRS,2,8870,0,3293
2023-05-02 02:44:00,2023-05-02 02:36:00,2023-05-02 02:50:00,202305020236,1.794e-06,C1.7,GOES-16,1.154e-06,1.052e-03,1.405e-03,,,,-1.4007568,20.928724,-21.827883,404.5966,GOES-16_XRS,1,8910,0,3289
2023-05-02 04:14:00,2023-05-02 04:03:00,2023-05-02 04:23:00,202305020403,2.047e-06,C2.0,GOES-16,1.324e-06,1.580e-03,2.327e-03,,,,-70.32724,16.163965,-862.1861,286.77036,GOES-16_XRS,1,8930,0,3293
2023-05-02 04:42:00,2023-05-02 04:37:00,2023-05-02 04:45:00,202305020437,4.353e-06,C4.3,GOES-16,1.304e-06,1.463e-03,1.574e-03,,,,56.70526,-24.699827,724.6845,-363.70126,GOES-16_XRS,1,8940,0,3288
2023-05-02 04:58:00,2023-05-02 04:53:00,2023-05-02 05:02:00,202305020453,1.783e-06,C1.7,GOES-16,1.171e-06,7.794e-04,9.449e-04,,,,45.5305,-19.667492,641.74316,-275.5352,GOES-16_XRS,1,8950,0,3288
2023-05-02 06:04:00,2023-05-02 05:52:00,2023-05-02 06:10:00,202305020552,5.214e-06,C5.2,GOES-16,1.132e-06,2.538e-03,3.300e-03,,,,2.4380589,-9.525908,40.122036,-90.553055,GOES-16_XRS,1,8970,0,3288
2023-05-02 10:59:00,2023-05-02 10:44:00,2023-05-02 11:09:00,202305021044,2.395e-06,C2.3,GOES-16,1.055e-06,1.983e-03,2.872e-03,,,,68.99593,-23.341505,817.28455,-354.52325,GOES-16_XRS,1,9000,0,3288
2023-05-02 17:33:00,2023-05-02 17:29:00,2023-05-02 17:35:00,202305021729,3.325e-06,C3.3,GOES-16,1.262e-06,1.051e-03,1.155e-03,,,,57.880894,-25.31994,730.4416,-374.65506,GOES-16_XRS,1,9070,0,3288
2023-05-02 18:18:00,2023-05-02 18:06:00,2023-05-02 18:32:00,202305021806,5.488e-06,C5.4,GOES-16,1.181e-06,3.060e-03,5.804e-03,,,,48.66474,-22.365028,662.8884,-321.2182,GOES-16_XRS,1,9080,0,3288
2023-05-02 18:59:00,2023-05-02 18:55:00,2023-05-02 19:05:00,202305021855,3.478e-06,C3.4,GOES-16,2.296e-06,1.462e-03,2.145e-03,,,,75.62056,-25.933098,830.1508,-400.70923,GOES-16_XRS,1,9090,0,3288
2023-05-02 21:18:00,2023-05-02 20:55:00,,202305022055,2.110e-06,C2.1,GOES-16,1.203e-06,2.891e-03,,,,,-69.47931,10.265842,-878.49445,192.58731,GOES-16_XRS,1,9100,0,3297
2023-05-02 21:34:00,2023-05-02 21:26:00,2023-05-02 21:39:00,202305022126,2.267e-06,C2.2,GOES-16,2.087e-06,1.583e-03,1.972e-03,,,,-37.836914,3.7680533,-584.707,115.53774,GOES-16_XRS,2,9110,0,3297
2023-05-02 22:57:00,2023-05-02 22:53:00,2023-05-02 22:59:00,202305022253,2.201e-06,C2.2,GOES-16,1.120e-06,7.677e-04,8.471e-04,,,,67.70585,-26.81193,787.3186,-406.3364,GOES-16_XRS,1,9120,0,3288
2023-05-03 01:03:00,2023-05-03 00:58:00,2023-05-03 01:06:00,202305030058,2.346e-06,C2.3,GOES-16,1.147e-06,9.165e-04,1.020e-03,,,,53.53994,-22.243675,710.4112,-323.60336,GOES-16_XRS,1,9150,0,
2023-05-03 03:22:00,2023-05-03 03:12:00,2023-05-03 03:33:00,202305030312,2.546e-06,C2.5,GOES-16,1.710e-06,1.863e-03,3.067e-03,,,,50.55409,-21.853056,684.098,-315.088,GOES-16_XRS,1,9180,0,
2023-05-03 03:50:00,2023-05-03 03:43:00,2023-05-03 03:54:00,202305030343,2.165e-06,C2.1,GOES-18,1.984e-06,1.374e-03,1.616e-03,,,,27.6116,-21.832705,411.08264,-299.59656,GOES-18_XRS,2,9190,0,
2023-05-03 04:45:00,2023-05-03 04:38:00,2023-05-03 04:52:00,202305030438,3.562e-06,C3.5,GOES-16,1.476e-06,1.531e-03,2.333e-03,,,,54.923607,-24.096748,712.8366,-353.7014,GOES-16_XRS,1,,0,
2023-05-03 05:00:00,2023-05-03 04:52:00,2023-05-03 05:12:00,202305030452,4.733e-06,C4.7,GOES-16,2.364e-06,2.574e-03,5.016e-03,83.0,-24.0,LEA,65.17736,-26.620592,773.6918,-401.25763,GOES-16_XRS,1,9230,0,3288
2023-05-03 07:23:00,2023-05-03 07:14:00,,202305030714,3.317e-06,C3.3,GOES-16,1.692e-06,1.850e-03,,83.0,-24.0,LEA,-33.19449,5.476651,-520.6538,146.31801,GOES-16_XRS,1,9250,0,3288
2023-05-03 07:37:00,2023-05-03 07:25:00,2023-05-03 07:57:00,202305030725,9.674e-06,C9.6,GOES-16,3.239e-06,6.667e-03,1.458e-02,,,,64.39032,-19.657494,809.8084,-293.01718,GOES-16_XRS,2,,0,
2023-05-03 09:27:00,2023-05-03 09:15:00,2023-05-03 09:32:00,202305030915,4.343e-05,M4.3,GOES-16,5.131e-06,1.714e-02,2.126e-02,83.0,-24.0,LEA,-41.116913,8.961462,-620.2914,197.71478,GOES-16_XRS,1,9310,0,3288
2023-05-03 10:14:00,2023-05-03 10:03:00,2023-05-03 10:18:00,202305031003,3.157e-05,M3.1,GOES-16,4.167e-06,1.279e-02,1.476e-02,,,,-42.23584,9.99122,-632.09796,213.549,GOES-16_XRS,1,9330,0,3293
2023-05-03 10:45:00,2023-05-03 10:36:00,2023-05-03 10:48:00,202305031036,7.351e-05,M7.3,GOES-16,8.731e-06,2.254e-02,2.437e-02,,,,-41.319336,9.284321,-622.2169,202.74467,GOES-16_XRS,1,9340,0,3293
2023-05-03 12:12:00,2023-05-03 12:04:00,2023-05-03 12:17:00,202305031204,4.001e-06,C4.0,GOES-18,1.627e-06,1.925e-03,2.410e-03,,,,-43.193695,13.315664,-635.9076,266.23444,GOES-18_XRS,1,9350,0,3293
2023-05-03 12:35:00,2023-05-03 12:24:00,2023-05-03 12:40:00,202305031224,1.789e-05,M1.7,GOES-18,2.330e-06,7.303e-03,8.893e-03,,,,-39.13742,14.727747,-582.9083,291.72885,GOES-18_XRS,1,9360,0,3293
2023-05-03 13:50:00,2023-05-03 13:43:00,2023-05-03 13:53:00,202305031343,2.235e-05,M2.2,GOES-16,1.924e-06,7.036e-03,7.552e-03,-43.0,14.0,SVI,-39.67273,10.984476,-598.4548,231.36566,GOES-16_XRS,1,9370,0,3293
2023-05-03 15:00:00,2023-05-03 14:55:00,2023-05-03 15:03:00,202305031455,3.178e-06,C3.1,GOES-16,1.602e-06,1.266e-03,1.384e-03,-42.0,13.0,SVI,-44.83545,8.781252,-665.2293,191.55946,GOES-16_XRS,1,9400,0,3293
2023-05-03 16:30:00,2023-05-03 16:23:00,2023-05-03 16:35:00,202305031623,1.931e-06,C1.9,GOES-18,1.331e-06,1.161e-03,1.442e-03,,,,,,848.11975,-461.65353,GOES-18_XRS,1,9430,0,3288
2023-05-03 17:51:00,2023-05-03 17:43:00,2023-05-03 17:56:00,202305031743,1.865e-06,C1.8,GOES-18,1.332e-06,1.166e-03,1.453e-03,,,,-42.843018,9.957949,-639.4357,212.13356,GOES-18_XRS,1,9440,0,3297
2023-05-03 18:22:00,2023-05-03 18:08:00,2023-05-03 18:31:00,202305031808,2.977e-06,C2.9,GOES-16,1.179e-06,2.437e-03,3.360e-03,,,,-46.80841,14.203867,-674.5902,277.1791,GOES-16_XRS,1,9450,0,3293
2023-05-03 19:27:00,2023-05-03 19:20:00,2023-05-03 19:32:00,202305031920,1.687e-06,C1.6,GOES-16,1.142e-06,9.087e-04,1.153e-03,,,,-66.1203,10.372978,-857.4438,197.30539,GOES-16_XRS,1,9470,0,3297
2023-05-03 20:53:00,2023-05-03 20:47:00,2023-05-03 20:57:00,202305032047,4.177e-06,C4.1,GOES-16,1.397e-06,1.519e-03,1.824e-03,,,,-38.376038,13.790706,-575.7105,276.92163,GOES-16_XRS,1,9480,0,
2023-05-03 21:45:00,2023-05-03 21:30:00,,202305032130,1.954e-06,C1.9,GOES-16,1.121e-06,1.854e-03,,,,,-63.461487,21.531322,-793.3344,376.1825,GOES-16_XRS,1,9490,0,
2023-05-03 22:39:00,2023-05-03 22:07:00,2023-05-03 22:48:00,202305032207,2.567e-06,C2.5,GOES-16,1.759e-06,4.540e-03,5.478e-03,,,,-57.270203,20.198309,-752.9394,361.6233,GOES-16_XRS,2,9510,0,
2023-05-04 00:41:00,2023-05-04 00:37:00,2023-05-04 00:45:00,202305040037,2.515e-06,C2.5,GOES-16,1.772e-06,1.031e-03,1.281e-03,,,,69.80147,-23.303146,821.4846,-355.51218,GOES-16_XRS,1,9560,0,3288
2023-05-04 02:15:00,2023-05-04 01:53:00,2023-05-04 02:28:00,202305040153,4.993e-06,C4.9,GOES-16,1.538e-06,5.665e-03,8.020e-03,82.0,-22.0,LEA,50.077934,-17.203163,699.1413,-241.71973,GOES-16_XRS,1,9580,0,3288
2023-05-04 02:54:00,2023-05-04 02:51:00,2023-05-04 02:56:00,202305040251,4.092e-06,C4.0,GOES-16,2.248e-06,1.153e-03,1.285e-03,82.0,-22.0,LEA,89.223885,-23.969213,869.5538,-384.9244,GOES-16_XRS,1,9590,0,3288
2023-05-04 05:04:00,2023-05-04 04:58:00,2023-05-04 05:11:00,202305040458,5.284e-06,C5.2,GOES-16,1.585e-06,1.659e-03,2.747e-03,-34.0,14.0,LEA,-30.857117,11.331381,-480.34772,241.86314,GOES-16_XRS,1,9620,0,3293
2023-05-04 08:44:00,2023-05-04 08:05:00,2023-05-04 09:07:00,202305040805,3.960e-05,M3.9,GOES-16,1.511e-06,4.587e-02,8.084e-02,-43.0,17.0,LEA,-44.089447,14.070015,-644.17365,276.5036,GOES-16_XRS,1,9630,0,3296
2023-05-04 14:33:00,2023-05-04 14:28:00,2023-05-04 14:39:00,202305041428,2.856e-06,C2.8,GOES-16,2.003e-06,1.352e-03,1.940e-03,,,,77.33371,-33.32935,776.375,-510.37024,GOES-16_XRS,1,9680,0,3288
2023-05-04 16:05:00,2023-05-04 15:55:00,2023-05-04 16:19:00,202305041555,2.490e-06,C2.4,GOES-16,1.727e-06,1.844e-03,3.458e-03,,,,53.20217,-24.248909,696.46185,-355.92648,GOES-16_XRS,1,9710,0,3293
2023-05-04 18:11:00,2023-05-04 18:04:00,2023-05-04 18:15:00,202305041804,3.338e-06,C3.3,GOES-16,2.280e-06,1.809e-03,2.131e-03,,,,-4.064026,2.4582813,-67.67323,104.67845,GOES-16_XRS,1,9720,0,3293
2023-05-04 21:29:00,2023-05-04 21:21:00,2023-05-04 21:45:00,202305042121,2.540e-06,C2.5,GOES-16,1.410e-06,1.401e-03,3.095e-03,,,,80.93182,-23.922873,859.4288,-376.0705,GOES-16_XRS,1,9780,0,3288
2023-05-05 00:57:00,2023-05-05 00:53:00,2023-05-05 01:02:00,202305050053,2.528e-06,C2.5,GOES-16,1.159e-06,9.456e-04,1.262e-03,,,,-17.234283,10.513622,-278.31198,233.55994,GOES-16_XRS,1,9800,0,
2023-05-05 05:33:00,2023-05-05 05:14:00,2023-05-05 05:43:00,202305050514,5.005e-06,C5.0,GOES-16,1.294e-06,4.803e-03,6.539e-03,,,,,,863.4704,-419.5611,GOES-16_XRS,1,9850,0,
2023-05-05 07:06:00,2023-05-05 06:52:00,2023-05-05 07:15:00,202305050652,9.597e-06,C9.5,GOES-16,1.295e-06,5.120e-03,7.692e-03,,,,-53.06244,11.289894,-747.6011,223.4053,GOES-16_XRS,1,9860,0,3297
2023-05-05 08:01:00,2023-05-05 07:30:00,2023-05-05 08:32:00,202305050730,2.108e-05,M2.1,GOES-16,6.288e-06,3.030e-02,6.007e-02,,,,-28.883972,14.9598055,-445.61606,299.2023,GOES-16_XRS,1,9870,0,3296
2023-05-05 15:31:00,2023-05-05 15:18:00,,202305051518,1.236e-05,M1.2,GOES-16,2.411e-06,6.338e-03,,-27.0,14.0,HOL,-28.548859,15.632843,-439.43542,309.52255,GOES-16_XRS,1,9880,0,3296
2023-05-05 15:47:00,2023-05-05 15:39:00,2023-05-05 15:53:00,202305051539,8.280e-06,C8.2,GOES-16,7.401e-06,5.751e-03,7.610e-03,,,,-30.293,16.253042,-462.3441,318.338,GOES-16_XRS,2,,0,
2023-05-05 22:27:00,2023-05-05 22:11:00,2023-05-05 22:36:00,202305052211,9.763e-06,C9.7,GOES-16,1.592e-06,6.086e-03,8.833e-03,,,,81.010155,-28.603676,825.4094,-446.27078,GOES-16_XRS,1,9970,0,3288
2023-05-06 00:32:00,2023-05-06 00:11:00,,202305060011,2.400e-06,C2.3,GOES-16,1.321e-06,3.110e-03,,-40.0,10.0,HOL,-33.066223,9.637286,-513.52625,210.4845,GOES-16_XRS,1,10,0,3297
2023-05-06 00:42:00,2023-05-06 00:36:00,2023-05-06 00:48:00,202305060036,2.900e-06,C2.8,GOES-16,2.300e-06,1.588e-03,2.207e-03,,,,15.5633955,-8.386271,253.57645,-80.185295,GOES-16_XRS,2,20,0,3297
2023-05-06 07:26:00,2023-05-06 07:18:00,2023-05-06 07:33:00,202305060718,2.277e-06,C2.2,GOES-16,1.518e-06,1.338e-03,1.911e-03,,,,-37.968292,11.7375345,-574.867,240.98148,GOES-16_XRS,1,160,0,3297
2023-05-06 14:59:00,2023-05-06 14:50:00,2023-05-06 15:02:00,202305061450,3.625e-06,C3.6,GOES-16,9.524e-07,1.384e-03,1.482e-03,,,,-11.434723,14.139256,-183.60622,290.5153,GOES-16_XRS,1,230,0,3296
2023-05-06 17:45:00,2023-05-06 17:37:00,2023-05-06 17:51:00,202305061737,1.853e-06,C1.8,GOES-16,7.031e-07,9.222e-04,1.226e-03,-25.0,9.0,HOL,-27.09671,10.77164,-427.20483,230.9546,GOES-16_XRS,1,260,0,3297
2023-05-06 21:57:00,2023-05-06 21:42:00,2023-05-06 22:12:00,202305062142,4.735e-06,C4.7,GOES-16,7.610e-07,2.938e-03,5.539e-03,-40.0,-8.0,HOL,-42.26419,-6.7788916,-637.22296,-68.219,GOES-16_XRS,1,290,0,3299
2023-05-07 01:49:00,2023-05-07 01:37:00,2023-05-07 02:00:00,202305070137,1.236e-06,C1.2,GOES-16,7.635e-07,9.959e-04,1.583e-03,-33.0,11.0,LEA,-14.860535,6.9487834,-243.13507,172.77924,GOES-16_XRS,1,340,0,3297
2023-05-07 03:52:00,2023-05-07 03:48:00,2023-05-07 03:56:00,202305070348,1.326e-06,C1.3,GOES-16,7.446e-07,4.924e-04,6.053e-04,,,,8.570125,13.476651,138.39404,279.57004,GOES-16_XRS,1,390,0,3293
2023-05-07 10:04:00,2023-05-07 09:59:00,2023-05-07 10:33:00,202305070959,1.808e-06,C1.8,GOES-16,7.712e-07,6.637e-04,3.181e-03,,,,13.893289,7.940562,227.10043,188.66281,GOES-16_XRS,1,470,0,3293
2023-05-07 12:06:00,2023-05-07 12:01:00,2023-05-07 12:13:00,202305071201,1.564e-06,C1.5,GOES-16,1.033e-06,7.361e-04,1.130e-03,,,,3.003445,9.467667,49.35841,215.04211,GOES-16_XRS,1,500,0,3293
2023-05-07 21:05:00,2023-05-07 21:01:00,2023-05-07 21:09:00,202305072101,1.614e-06,C1.6,GOES-16,1.007e-06,6.543e-04,8.037e-04,4.0,14.0,HOL,11.2182665,22.774635,171.2234,421.66586,GOES-16_XRS,1,590,0,3296
2023-05-07 22:34:00,2023-05-07 21:40:00,,202305072140,1.540e-05,M1.5,GOES-16,1.303e-06,2.626e-02,,,,,7.0402284,16.411478,112.25328,324.78983,GOES-16_XRS,1,630,0,3296
2023-05-07 23:23:00,2023-05-07 22:53:00,2023-05-08 00:00:00,202305072253,1.640e-05,M1.6,GOES-16,1.352e-05,3.122e-02,6.432e-02,,,,6.0108213,16.130846,96.04333,320.44894,GOES-16_XRS,2,670,0,3296
2023-05-08 02:23:00,2023-05-08 02:16:00,2023-05-08 02:26:00,202305080216,7.983e-06,C7.9,GOES-16,5.293e-06,4.284e-03,4.649e-03,,,,6.6767054,13.631239,107.88391,280.64377,GOES-16_XRS,1,740,0,3296
2023-05-08 06:46:00,2023-05-08 06:40:00,2023-05-08 06:54:00,202305080640,3.681e-06,C3.6,GOES-16,1.884e-06,1.768e-03,2.837e-03,,,,10.749876,10.869674,174.88885,235.41704,GOES-16_XRS,1,810,0,
2023-05-08 08:25:00,2023-05-08 08:20:00,,202305080820,3.078e-06,C3.0,GOES-16,1.356e-06,1.234e-03,,,,,12.886405,12.505917,207.86005,261.17172,GOES-16_XRS,1,,0,
2023-05-08 08:38:00,2023-05-08 08:30:00,2023-05-08 08:42:00,202305080830,3.614e-06,C3.6,GOES-16,2.585e-06,2.197e-03,2.552e-03,13.0,12.0,LEA,12.88492,14.092791,206.47226,286.47238,GOES-16_XRS,2,850,0,3296
2023-05-08 10:00:00,2023-05-08 09:50:00,2023-05-08 10:05:00,202305080950,4.671e-06,C4.6,GOES-16,1.201e-06,2.326e-03,2.854e-03,,,,13.648128,11.870888,220.44376,250.69275,GOES-16_XRS,1,900,0,3296
2023-05-08 11:05:00,2023-05-08 10:56:00,,202305081056,2.240e-06,C2.2,GOES-16,1.387e-06,1.407e-03,,,,,15.866265,11.787093,255.48134,248.70212,GOES-16_XRS,1,910,0,3296
2023-05-08 11:16:00,2023-05-08 11:11:00,2023-05-08 11:18:00,202305081111,1.969e-06,C1.9,GOES-16,1.877e-06,1.039e-03,1.150e-03,,,,20.757698,9.8849,333.27917,216.42911,GOES-16_XRS,2,,0,
2023-05-08 12:35:00,2023-05-08 12:28:00,2023-05-08 12:38:00,202305081228,1.764e-06,C1.7,GOES-16,1.176e-06,9.581e-04,1.037e-03,,,,2.0884051,9.743314,34.292446,217.73122,GOES-16_XRS,1,920,0,
2023-05-08 14:21:00,2023-05-08 14:10:00,2023-05-08 14:24:00,202305081410,9.650e-06,C9.6,GOES-16,1.140e-06,3.610e-03,3.850e-03,14.0,13.0,HOL,14.262732,12.843109,229.29799,265.81747,GOES-16_XRS,1,940,0,3296
2023-05-08 15:15:00,2023-05-08 15:02:00,,202305081502,2.137e-06,C2.1,GOES-16,1.362e-06,1.879e-03,,,,,23.585062,10.916212,374.95273,231.77654,GOES-16_XRS,1,960,0,
2023-05-08 15:34:00,2023-05-08 15:23:00,2023-05-08 15:39:00,202305081523,2.657e-06,C2.6,GOES-16,2.057e-06,2.198e-03,2.613e-03,,,,22.259554,16.266405,347.02692,317.514,GOES-16_XRS,2,,0,
2023-05-08 16:10:00,2023-05-08 15:59:00,2023-05-08 16:23:00,202305081559,3.025e-06,C3.0,GOES-16,1.289e-06,2.116e-03,3.649e-03,18.0,13.0,HOL,19.57283,12.034472,312.72638,251.1921,GOES-16_XRS,1,970,0,3296
2023-05-08 20:25:00,2023-05-08 20:11:00,2023-05-08 20:32:00,202305082011,2.316e-05,M2.3,GOES-16,1.907e-06,1.147e-02,1.554e-02,18.0,13.0,HOL,16.970085,13.463509,270.9267,274.56958,GOES-16_XRS,1,1070,0,3296
2023-05-08 22:38:00,2023-05-08 22:31:00,2023-05-08 22:41:00,202305082231,2.618e-06,C2.6,GOES-16,1.898e-06,1.493e-03,1.623e-03,18.0,13.0,HOL,17.81516,8.724548,288.6522,197.73048,GOES-16_XRS,1,1100,0,3296
2023-05-09 01:50:00,2023-05-09 01:43:00,,202305090143,2.475e-06,C2.4,GOES-16,1.701e-06,1.360e-03,,,,,18.466219,16.06152,290.47787,314.87228,GOES-16_XRS,1,1170,0,3296
2023-05-09 02:18:00,2023-05-09 01:52:00,2023-05-09 02:32:00,202305090152,3.543e-06,C3.5,GOES-16,2.298e-06,5.348e-03,7.673e-03,,,,25.81343,13.334406,404.2856,268.94385,GOES-16_XRS,2,1550,0,
2023-05-09 02:58:00,2023-05-09 02:43:00,2023-05-09 03:07:00,202305090243,5.698e-06,C5.6,GOES-16,2.658e-06,4.960e-03,6.890e-03,-14.0,10.0,LEA,23.217651,12.797603,366.84726,261.3683,GOES-16_XRS,1,1180,0,3296
2023-05-09 03:54:00,2023-05-09 03:42:00,2023-05-09 04:04:00,202305090342,6.574e-05,M6.5,GOES-16,2.675e-06,2.467e-02,4.411e-02,13.0,12.0,LEA,25.581291,10.684431,404.8785,226.3468,GOES-16_XRS,1,1200,0,3296
2023-05-09 06:13:00,2023-05-09 05:55:00,2023-05-09 06:27:00,202305090555,1.262e-05,M1.2,GOES-16,1.729e-06,6.573e-03,1.308e-02,,,,24.971977,12.441609,393.37103,254.74335,GOES-16_XRS,1,1260,0,3296
2023-05-09 08:14:00,2023-05-09 07:58:00,2023-05-09 08:27:00,202305090758,5.309e-06,C5.3,GOES-16,1.922e-06,4.224e-03,7.007e-03,-34.0,14.0,LEA,29.030392,13.473038,450.2116,269.3231,GOES-16_XRS,1,1300,0,3293
2023-05-09 09:28:00,2023-05-09 09:18:00,2023-05-09 09:39:00,202305090918,4.361e-06,C4.3,GOES-16,1.802e-06,2.922e-03,4.798e-03,,,,24.466934,14.7698555,382.10767,291.84564,GOES-16_XRS,1,1320,0,3296
2023-05-09 10:20:00,2023-05-09 10:00:00,2023-05-09 10:32:00,202305091000,1.375e-05,M1.3,GOES-16,1.774e-06,1.055e-02,1.627e-02,,,,29.815111,12.511425,463.05417,253.42662,GOES-16_XRS,1,1350,0,3296
2023-05-09 11:18:00,2023-05-09 11:09:00,2023-05-09 11:22:00,202305091109,6.944e-06,C6.9,GOES-16,2.021e-06,3.313e-03,3.745e-03,,,,27.087038,11.299068,426.01556,235.12183,GOES-16_XRS,1,1370,0,3296
2023-05-09 12:11:00,2023-05-09 11:59:00,,202305091159,4.023e-06,C4.0,GOES-16,2.383e-06,3.444e-03,,,,,26.127386,15.003389,405.80435,294.67856,GOES-16_XRS,1,,0,
2023-05-09 12:31:00,2023-05-09 12:22:00,2023-05-09 12:42:00,202305091222,5.791e-06,C5.7,GOES-16,3.634e-06,3.859e-03,6.570e-03,,,,0.011861827,-2.8922124,0.19739594,7.3416314,GOES-16_XRS,2,1390,0,3299
2023-05-09 14:05:00,2023-05-09 13:58:00,2023-05-09 14:08:00,202305091358,6.420e-06,C6.4,GOES-16,2.061e-06,2.716e-03,2.922e-03,31.0,13.0,HOL,30.310757,11.942291,471.01822,243.80122,GOES-16_XRS,1,1410,0,3296
2023-05-09 14:42:00,2023-05-09 14:23:00,2023-05-09 14:55:00,202305091423,7.325e-06,C7.3,GOES-16,2.141e-06,6.723e-03,1.043e-02,36.0,12.0,HOL,31.918068,13.291821,490.78937,264.5996,GOES-16_XRS,1,1430,0,3293
2023-05-09 17:48:00,2023-05-09 17:43:00,2023-05-09 17:57:00,202305091743,2.932e-06,C2.9,GOES-16,1.430e-06,1.208e-03,2.194e-03,31.0,13.0,HOL,31.850677,11.608558,493.05255,237.424,GOES-16_XRS,1,1450,0,3296
2023-05-09 18:58:00,2023-05-09 18:20:00,2023-05-09 19:23:00,202305091820,4.291e-05,M4.2,GOES-16,2.300e-06,5.627e-02,9.967e-02,31.0,13.0,HOL,31.269926,14.3367,479.67114,281.3038,GOES-16_XRS,1,1470,0,3296
2023-05-09 20:52:00,2023-05-09 20:32:00,2023-05-09 21:03:00,202305092032,5.019e-05,M5.0,GOES-16,7.092e-06,3.585e-02,5.476e-02,35.0,14.0,HOL,35.559475,11.200627,544.03705,228.68004,GOES-16_XRS,1,1490,0,3296
2023-05-10 01:42:00,2023-05-10 01:31:00,2023-05-10 01:46:00,202305100131,3.852e-06,C3.8,GOES-16,2.635e-06,2.999e-03,3.358e-03,,,,34.710163,14.572151,525.5324,282.8476,GOES-16_XRS,1,1580,0,
2023-05-10 03:16:00,2023-05-10 03:10:00,2023-05-10 03:21:00,202305100310,2.136e-06,C2.1,GOES-16,1.375e-06,1.136e-03,1.445e-03,,,,35.35792,7.541536,547.0954,168.88661,GOES-16_XRS,1,1600,0,
2023-05-10 04:12:00,2023-05-10 04:02:00,,202305100402,4.013e-06,C4.0,GOES-16,1.287e-06,2.046e-03,,,,,36.622944,12.954802,554.3389,255.84818,GOES-16_XRS,1,1630,0,3296
2023-05-10 04:20:00,2023-05-10 04:15:00,2023-05-10 04:22:00,202305100415,3.922e-06,C3.9,GOES-16,3.526e-06,2.000e-03,2.183e-03,,,,37.11914,11.80866,563.2428,237.1504,GOES-16_XRS,2,1890,0,
2023-05-10 14:21:00,2023-05-10 14:11:00,2023-05-10 14:32:00,202305101411,2.268e-05,M2.2,GOES-16,1.954e-06,1.039e-02,1.797e-02,51.0,13.0,HOL,45.18141,12.35334,660.35974,240.37238,GOES-16_XRS,1,1760,0,3293
2023-05-10 15:00:00,2023-05-10 14:54:00,2023-05-10 15:06:00,202305101454,5.746e-06,C5.7,GOES-16,3.946e-06,3.085e-03,4.278e-03,,,,39.913616,13.510998,594.71075,262.19986,GOES-16_XRS,1,1780,0,3296
2023-05-10 16:04:00,2023-05-10 15:57:00,2023-05-10 16:10:00,202305101557,2.693e-06,C2.6,GOES-16,1.976e-06,1.566e-03,2.129e-03,44.0,14.0,HOL,40.93513,12.725671,609.20416,248.94962,GOES-16_XRS,1,1810,0,3296
2023-05-10 18:42:00,2023-05-10 18:36:00,2023-05-10 18:46:00,202305101836,2.945e-06,C2.9,GOES-16,1.577e-06,1.399e-03,1.648e-03,58.0,9.0,HOL,63.033184,10.3593645,834.58136,194.57895,GOES-16_XRS,1,1840,0,3293
2023-05-10 19:35:00,2023-05-10 19:22:00,2023-05-10 19:45:00,202305101922,5.893e-06,C5.8,GOES-16,1.306e-06,3.148e-03,5.141e-03,,,,76.27227,-11.335268,905.87164,-174.31978,GOES-16_XRS,1,1860,0,
2023-05-10 19:59:00,2023-05-10 19:53:00,2023-05-10 20:05:00,202305101953,4.374e-06,C4.3,GOES-16,2.609e-06,2.175e-03,3.008e-03,,,,46.01501,17.271193,654.66766,317.60995,GOES-16_XRS,1,1870,0,3296
2023-05-10 22:16:00,2023-05-10 22:07:00,2023-05-10 22:24:00,202305102207,4.517e-06,C4.5,GOES-16,1.623e-06,2.353e-03,3.543e-03,61.0,8.0,HOL,61.188236,10.105309,821.2146,191.83037,GOES-16_XRS,1,1900,0,3293
2023-05-11 00:30:00,2023-05-11 00:20:00,,202305110020,2.983e-06,C2.9,GOES-16,1.353e-06,1.882e-03,,,,,66.685326,-6.881228,867.69214,-93.176704,GOES-16_XRS,1,1920,0,3293
2023-05-11 00:52:00,2023-05-11 00:46:00,2023-05-11 00:58:00,202305110046,3.990e-06,C3.9,GOES-16,2.233e-06,1.946e-03,2.703e-03,,,,45.65504,10.422075,670.2305,208.31276,GOES-16_XRS,2,,0,
2023-05-11 01:09:00,2023-05-11 01:02:00,2023-05-11 01:16:00,202305110102,4.188e-06,C4.1,GOES-16,2.750e-06,2.354e-03,3.409e-03,,,,36.042988,-4.07861,559.61145,-25.24004,GOES-16_XRS,1,1930,0,3294
2023-05-11 02:58:00,2023-05-11 02:51:00,2023-05-11 03:05:00,202305110251,2.574e-06,C2.5,GOES-16,1.795e-06,1.470e-03,2.132e-03,,,,15.942862,15.626928,252.33844,305.23126,GOES-16_XRS,1,1960,0,3296
2023-05-11 04:39:00,2023-05-11 04:25:00,2023-05-11 04:48:00,202305110425,3.224e-06,C3.2,GOES-16,1.977e-06,3.104e-03,4.240e-03,55.0,16.0,LEA,73.12661,26.24445,816.19727,433.4763,GOES-16_XRS,1,1970,0,3296
2023-05-11 09:01:00,2023-05-11 08:47:00,2023-05-11 09:10:00,202305110847,2.198e-05,M2.1,GOES-16,1.138e-06,1.203e-02,1.758e-02,41.0,-6.0,SVI,40.081886,-6.2539163,610.11725,-64.098076,GOES-16_XRS,1,2030,0,3294
2023-05-11 13:06:00,2023-05-11 12:59:00,2023-05-11 13:14:00,202305111259,3.023e-06,C3.0,GOES-16,1.597e-06,1.687e-03,2.561e-03,54.0,13.0,SVI,63.496674,10.25079,838.10144,191.79709,GOES-16_XRS,1,2060,0,3296
2023-05-11 14:02:00,2023-05-11 13:53:00,2023-05-11 14:09:00,202305111353,6.297e-06,C6.2,GOES-16,1.454e-06,3.011e-03,4.237e-03,53.0,14.0,HOL,58.090492,11.742847,791.25946,220.17874,GOES-16_XRS,1,2070,0,3296
2023-05-11 18:29:00,2023-05-11 18:13:00,2023-05-11 18:37:00,202305111813,1.886e-05,M1.8,GOES-16,1.631e-06,9.868e-03,1.388e-02,44.0,-5.0,HOL,43.93448,-5.239059,658.428,-50.09229,GOES-16_XRS,1,2090,0,3294
2023-05-11 19:59:00,2023-05-11 19:53:00,2023-05-11 20:07:00,202305111953,1.871e-06,C1.8,GOES-16,1.213e-06,8.841e-04,1.445e-03,57.0,20.0,HOL,59.12296,18.832432,773.18726,331.6423,GOES-16_XRS,1,2100,0,3296
2023-05-11 20:18:00,2023-05-11 20:10:00,2023-05-11 20:26:00,202305112010,3.489e-06,C3.4,GOES-16,1.464e-06,1.871e-03,2.834e-03,61.0,13.0,HOL,65.58188,12.314635,846.4421,223.27467,GOES-16_XRS,1,2120,0,3296
2023-05-12 08:21:00,2023-05-12 08:10:00,2023-05-12 08:30:00,202305120810,2.064e-06,C2.0,GOES-16,1.084e-06,1.402e-03,2.120e-03,69.0,12.0,SVI,,,928.0979,301.23453,GOES-16_XRS,1,2200,0,3296
2023-05-12 11:39:00,2023-05-12 11:33:00,2023-05-12 11:44:00,202305121133,4.704e-06,C4.7,GOES-16,8.520e-07,1.800e-03,2.264e-03,49.0,10.0,SVI,48.665955,10.370794,703.4705,203.68034,GOES-16_XRS,1,2230,0,3297
2023-05-12 13:02:00,2023-05-12 12:31:00,,202305121231,4.408e-06,C4.4,GOES-16,1.029e-06,5.793e-03,,67.0,14.0,HOL,78.9803,16.207077,895.7566,274.01965,GOES-16_XRS,1,2250,0,3296
2023-05-12 13:35:00,2023-05-12 13:17:00,2023-05-12 13:44:00,202305121317,5.631e-06,C5.6,GOES-16,3.568e-06,5.973e-03,7.998e-03,,,,70.85472,17.028492,858.93445,293.68765,GOES-16_XRS,2,2270,0,3296
2023-05-12 14:08:00,2023-05-12 14:03:00,2023-05-12 14:11:00,202305121403,4.934e-06,C4.9,GOES-16,2.657e-06,2.101e-03,2.285e-03,80.0,12.0,HOL,75.59586,8.502166,910.6419,152.58069,GOES-16_XRS,1,2260,0,3293
2023-05-12 15:29:00,2023-05-12 15:19:00,2023-05-12 15:35:00,202305121519,2.585e-06,C2.5,GOES-16,1.430e-06,1.705e-03,2.180e-03,78.0,13.0,SVI,72.92733,12.578245,887.0811,220.98325,GOES-16_XRS,1,2290,0,3296
2023-05-12 19:10:00,2023-05-12 19:04:00,2023-05-12 19:12:00,202305121904,1.712e-06,C1.7,GOES-16,1.101e-06,8.560e-04,9.259e-04,,,,-45.500397,16.592117,-651.04425,304.78442,GOES-16_XRS,1,2340,0,3302
2023-05-12 20:42:00,2023-05-12 20:34:00,2023-05-12 20:49:00,202305122034,1.358e-06,C1.3,GOES-16,9.380e-07,8.396e-04,1.192e-03,,,,,,996.0331,266.66672,GOES-16_XRS,1,2350,0,3304
2023-05-12 22:50:00,2023-05-12 22:39:00,2023-05-12 22:59:00,202305122239,1.789e-06,C1.7,GOES-16,1.188e-06,1.413e-03,2.064e-03,,,,-31.080017,6.3780284,-489.04584,147.58485,GOES-16_XRS,1,2360,0,3301
2023-05-12 23:48:00,2023-05-12 23:22:00,,202305122322,5.504e-06,C5.5,GOES-16,1.299e-06,6.671e-03,,,,,,,970.8962,283.87613,GOES-16_XRS,1,,0,
2023-05-13 00:45:00,2023-05-12 23:53:00,2023-05-13 01:20:00,202305122353,9.057e-06,C9.0,GOES-16,5.290e-06,2.477e-02,4.070e-02,,,,,,936.7343,287.55994,GOES-16_XRS,2,2380,0,3296
2023-05-13 10:27:00,2023-05-13 10:16:00,2023-05-13 10:30:00,202305131016,5.034e-06,C5.0,GOES-16,1.195e-06,2.199e-03,2.344e-03,,,,77.240654,11.710774,907.55853,203.04247,GOES-16_XRS,1,2450,0,3296
2023-05-13 13:51:00,2023-05-13 13:41:00,2023-05-13 14:01:00,202305131341,2.196e-06,C2.1,GOES-16,1.076e-06,1.371e-03,2.237e-03,,,,-27.057343,11.805984,-424.4065,236.5982,GOES-16_XRS,1,2460,0,3305
2023-05-13 14:45:00,2023-05-13 14:41:00,,202305131441,1.456e-06,C1.4,GOES-16,9.942e-07,6.006e-04,,,,,46.61635,24.905228,627.5551,430.2193,GOES-16_XRS,1,,0,
2023-05-13 14:53:00,2023-05-13 14:48:00,2023-05-13 14:56:00,202305131448,2.047e-06,C2.0,GOES-16,1.362e-06,9.104e-04,1.001e-03,,,,75.42601,14.075345,892.1955,242.49846,GOES-16_XRS,2,2470,0,3297
2023-05-13 16:35:00,2023-05-13 16:28:00,2023-05-13 16:43:00,202305131628,1.689e-06,C1.6,GOES-16,1.031e-06,9.431e-04,1.447e-03,,,,59.15036,12.454583,797.6607,228.82838,GOES-16_XRS,1,2480,0,3296
2023-05-13 18:47:00,2023-05-13 18:35:00,2023-05-13 18:59:00,202305131835,4.384e-06,C4.3,GOES-16,1.011e-06,2.466e-03,4.327e-03,,,,85.76953,14.8404665,915.42163,246.29663,GOES-16_XRS,1,2490,0,3296
2023-05-13 20:55:00,2023-05-13 20:47:00,2023-05-13 20:59:00,202305132047,4.477e-06,C4.4,GOES-16,1.561e-06,1.892e-03,2.218e-03,,,,-25.127533,9.528453,-399.1797,199.95274,GOES-16_XRS,1,2510,0,3305
2023-05-13 21:32:00,2023-05-13 21:26:00,2023-05-13 21:38:00,202305132126,2.337e-06,C2.3,GOES-16,1.722e-06,1.262e-03,1.750e-03,,,,72.15298,17.412363,863.32935,297.91064,GOES-16_XRS,1,2520,0,3297
2023-05-13 22:33:00,2023-05-13 22:23:00,2023-05-13 22:45:00,202305132223,2.492e-06,C2.4,GOES-16,1.224e-06,1.540e-03,2.902e-03,,,,61.173885,11.463543,816.82513,211.15154,GOES-16_XRS,1,2530,0,3301
2023-05-13 23:43:00,2023-05-13 23:36:00,2023-05-13 23:49:00,202305132336,3.438e-06,C3.4,GOES-16,1.129e-06,1.529e-03,2.078e-03,,,,77.98212,11.910821,909.3114,205.44762,GOES-16_XRS,1,2540,0,3296
2023-05-14 04:06:00,2023-05-14 03:54:00,,202305140354,3.532e-06,C3.5,GOES-16,1.090e-06,2.112e-03,,-33.0,11.0,LEA,52.787983,10.930141,744.28033,208.05475,GOES-16_XRS,1,2570,0,3297
2023-05-14 04:22:00,2023-05-14 04:18:00,2023-05-14 04:25:00,202305140418,2.699e-06,C2.6,GOES-16,2.429e-06,1.237e-03,1.386e-03,,,,63.408848,13.614268,826.60767,243.94632,GOES-16_XRS,2,,0,
2023-05-14 04:44:00,2023-05-14 04:35:00,2023-05-14 04:53:00,202305140435,3.631e-06,C3.6,GOES-16,2.591e-06,2.474e-03,3.800e-03,-28.0,8.0,LEA,23.159655,10.694218,368.36862,218.9738,GOES-16_XRS,1,2580,0,3305
2023-05-14 09:17:00,2023-05-14 09:07:00,2023-05-14 09:24:00,202305140907,7.018e-06,C7.0,GOES-16,9.842e-07,2.645e-03,3.884e-03,,,,78.82078,13.349324,906.7817,227.81665,GOES-16_XRS,1,2600,0,3296
2023-05-14 11:50:00,2023-05-14 11:43:00,2023-05-14 11:56:00,202305141143,1.478e-06,C1.4,GOES-16,9.717e-07,7.996e-04,1.092e-03,,,,76.88718,19.894102,870.06104,332.74356,GOES-16_XRS,1,2620,0,3296
2023-05-15 00:51:00,2023-05-15 00:46:00,2023-05-15 00:53:00,202305150046,3.404e-06,C3.4,GOES-16,1.799e-06,1.272e-03,1.407e-03,,,,32.530834,-20.414886,480.0958,-296.16882,GOES-16_XRS,1,2680,0,3306
2023-05-15 07:28:00,2023-05-15 07:22:00,,202305150722,1.787e-06,C1.7,GOES-16,1.045e-06,8.632e-04,,,,,,,1036.9211,265.21204,GOES-16_XRS,1,,0,
2023-05-15 08:11:00,2023-05-15 07:30:00,,202305150730,2.969e-06,C2.9,GOES-16,1.605e-06,7.127e-03,,,,,,,-856.7215,-542.72284,GOES-16_XRS,2,2710,0,
2023-05-15 09:37:00,2023-05-15 09:33:00,2023-05-15 09:42:00,202305150933,2.391e-06,C2.3,GOES-16,2.362e-06,1.142e-03,1.569e-03,,,,,,-863.8511,-525.65857,GOES-16_XRS,3,2730,0,3305
2023-05-16 04:31:00,2023-05-16 04:21:00,,202305160421,1.355e-06,C1.3,GOES-16,8.273e-07,9.475e-04,,,,,10.799514,14.96654,172.49918,286.7319,GOES-16_XRS,1,2830,0,3305
2023-05-16 04:44:00,2023-05-16 04:40:00,2023-05-16 04:46:00,202305160440,1.259e-06,C1.2,GOES-16,1.175e-06,5.809e-04,6.511e-04,,,,-2.7344666,3.3484533,-45.397068,98.56855,GOES-16_XRS,2,2840,0,3305
2023-05-16 09:54:00,2023-05-16 09:42:00,2023-05-16 10:10:00,202305160942,2.027e-06,C2.0,GOES-16,8.602e-07,1.338e-03,2.667e-03,,,,,,-879.9136,-401.9225,GOES-16_XRS,1,2870,0,
2023-05-16 12:14:00,2023-05-16 12:00:00,2023-05-16 12:33:00,202305161200,4.601e-06,C4.6,GOES-16,1.162e-06,3.041e-03,6.672e-03,,,,-79.05557,-24.16229,-850.6524,-380.9764,GOES-16_XRS,1,2900,0,
2023-05-16 13:43:00,2023-05-16 13:39:00,2023-05-16 13:46:00,202305161339,1.531e-06,C1.5,GOES-16,1.096e-06,6.308e-04,7.059e-04,,,,,,-882.7136,-378.30728,GOES-16_XRS,1,2910,0,
2023-05-16 15:42:00,2023-05-16 15:35:00,2023-05-16 15:48:00,202305161535,1.099e-06,C1.0,GOES-16,7.932e-07,6.365e-04,8.646e-04,,,,-66.822784,-16.262749,-838.7765,-250.00194,GOES-16_XRS,1,2920,0,
2023-05-16 16:43:00,2023-05-16 16:31:00,2023-05-16 16:50:00,202305161631,9.620e-05,M9.6,GOES-16,9.985e-07,3.856e-02,5.438e-02,,,,,,-873.92896,-400.68243,GOES-16_XRS,1,2930,0,
2023-05-17 01:56:00,2023-05-17 01:50:00,2023-05-17 02:01:00,202305170150,1.764e-06,C1.7,GOES-16,1.121e-06,8.732e-04,1.126e-03,13.0,11.0,LEA,13.15371,12.300624,211.84207,242.16039,GOES-16_XRS,1,3030,0,3305
2023-05-17 03:48:00,2023-05-17 03:36:00,2023-05-17 03:53:00,202305170336,2.948e-06,C2.9,GOES-16,9.433e-07,1.664e-03,2.008e-03,,,,-86.9686,-19.446493,-893.533,-313.57495,GOES-16_XRS,1,3060,0,3310
2023-05-17 07:58:00,2023-05-17 07:52:00,2023-05-17 08:01:00,202305170752,2.156e-06,C2.1,GOES-16,1.087e-06,9.137e-04,9.991e-04,,,,-83.380066,-17.847504,-897.4385,-286.15588,GOES-16_XRS,1,3090,0,3310
2023-05-17 08:28:00,2023-05-17 08:23:00,2023-05-17 08:31:00,202305170823,2.347e-06,C2.3,GOES-16,9.760e-07,7.989e-04,8.793e-04,,,,-88.66394,-20.270498,-889.7579,-327.50632,GOES-16_XRS,1,3100,0,3310
2023-05-17 14:43:00,2023-05-17 14:30:00,2023-05-17 14:57:00,202305171430,6.437e-06,C6.4,GOES-16,1.431e-06,3.531e-03,6.804e-03,,,,-78.89279,16.869171,-891.43176,282.64023,GOES-16_XRS,1,3130,0,
2023-05-17 16:28:00,2023-05-17 16:14:00,2023-05-17 16:45:00,202305171614,7.457e-06,C7.4,GOES-16,1.511e-06,5.658e-03,1.087e-02,,,,,,-939.47797,299.41946,GOES-16_XRS,1,3160,0,
2023-05-17 18:44:00,2023-05-17 18:34:00,2023-05-17 18:53:00,202305171834,6.279e-06,C6.2,GOES-16,1.602e-06,2.772e-03,4.561e-03,,,,-86.50934,16.87134,-906.1955,277.41806,GOES-16_XRS,1,3170,0,
2023-05-17 19:38:00,2023-05-17 19:24:00,2023-05-17 19:57:00,202305171924,5.095e-06,C5.0,GOES-16,1.294e-06,3.372e-03,7.218e-03,,,,,,-905.49524,285.60757,GOES-16_XRS,1,3180,0,
2023-05-17 21:48:00,2023-05-17 21:38:00,2023-05-17 22:00:00,202305172138,9.595e-06,C9.5,GOES-16,1.924e-06,4.757e-03,8.545e-03,,,,-82.16742,17.430405,-896.97595,289.17572,GOES-16_XRS,1,3200,0,
2023-05-18 03:21:00,2023-05-18 03:03:00,2023-05-18 03:38:00,202305180303,8.635e-06,C8.6,GOES-16,1.205e-06,6.484e-03,1.205e-02,,,,-86.28024,17.5724,-902.48346,288.58792,GOES-16_XRS,1,3220,0,
2023-05-18 04:12:00,2023-05-18 04:07:00,2023-05-18 04:15:00,202305180407,3.826e-06,C3.8,GOES-16,2.609e-06,1.739e-03,1.924e-03,,,,,,-938.38306,262.7876,GOES-16_XRS,1,3240,0,
2023-05-18 04:57:00,2023-05-18 04:51:00,2023-05-18 05:00:00,202305180451,2.211e-06,C2.2,GOES-16,1.561e-06,1.143e-03,1.250e-03,,,,,,-930.46185,358.11914,GOES-16_XRS,1,3250,0,
2023-05-18 06:26:00,2023-05-18 06:13:00,2023-05-18 06:37:00,202305180613,1.023e-05,M1.0,GOES-16,1.384e-06,4.912e-03,8.578e-03,,,,-69.3768,15.452082,-856.84766,266.0955,GOES-16_XRS,1,3270,0,3311
2023-05-18 06:55:00,2023-05-18 06:48:00,2023-05-18 07:01:00,202305180648,1.287e-05,M1.2,GOES-16,3.543e-06,5.087e-03,7.164e-03,,,,-81.37543,16.111502,-901.40796,268.737,GOES-16_XRS,1,3290,0,3311
2023-05-18 10:11:00,2023-05-18 09:47:00,,202305180947,5.287e-06,C5.2,GOES-16,1.827e-06,6.220e-03,,,,,,,-948.4105,288.86832,GOES-16_XRS,1,3320,0,3311
2023-05-18 10:20:00,2023-05-18 10:12:00,2023-05-18 10:25:00,202305181012,9.667e-06,C9.6,GOES-16,5.131e-06,5.217e-03,6.467e-03,,,,,,-913.3979,284.78885,GOES-16_XRS,2,,0,
2023-05-18 11:05:00,2023-05-18 10:57:00,,202305181057,4.249e-06,C4.2,GOES-16,2.271e-06,2.366e-03,,,,,-67.017456,14.564406,-846.47327,253.29137,GOES-16_XRS,1,3340,0,3311
2023-05-18 11:24:00,2023-05-18 11:19:00,2023-05-18 11:27:00,202305181119,5.267e-06,C5.2,GOES-16,3.279e-06,2.225e-03,2.439e-03,,,,-70.70358,15.448957,-863.9773,265.0694,GOES-16_XRS,2,,0,
2023-05-18 11:47:00,2023-05-18 11:32:00,,202305181132,2.246e-05,M2.2,GOES-16,3.437e-06,1.375e-02,,,,,-77.95517,16.568237,-889.755,278.1545,GOES-16_XRS,1,3350,0,3311
2023-05-18 12:13:00,2023-05-18 12:00:00,2023-05-18 12:21:00,202305181200,1.934e-05,M1.9,GOES-16,1.437e-05,1.726e-02,2.353e-02,,,,-85.97229,18.551046,-897.0927,304.11047,GOES-16_XRS,2,,0,
2023-05-18 12:49:00,2023-05-18 12:39:00,2023-05-18 12:55:00,202305181239,1.686e-05,M1.6,GOES-16,1.140e-05,1.214e-02,1.559e-02,,,,-66.485565,13.989565,-845.2844,244.37465,GOES-16_XRS,1,3360,0,3311
2023-05-18 15:55:00,2023-05-18 15:43:00,2023-05-18 16:02:00,202305181543,4.098e-06,C4.0,GOES-16,2.524e-06,3.273e-03,4.291e-03,,,,-67.6416,15.449787,-846.7372,266.8616,GOES-16_XRS,1,3410,0,3311
2023-05-18 17:30:00,2023-05-18 17:21:00,,202305181721,2.540e-06,C2.5,GOES-16,1.782e-06,1.728e-03,,,,,,,-922.31683,285.8406,GOES-16_XRS,1,,0,
2023-05-18 17:51:00,2023-05-18 17:32:00,2023-05-18 18:00:00,202305181732,1.114e-05,M1.1,GOES-16,2.440e-06,8.555e-03,1.181e-02,,,,-75.84775,16.649862,-881.89026,280.6911,GOES-16_XRS,2,3430,0,3311
2023-05-18 20:23:00,2023-05-18 20:12:00,,202305182012,3.858e-05,M3.8,GOES-16,1.957e-06,1.151e-02,,,,,-69.00186,14.918189,-856.80994,257.43002,GOES-16_XRS,1,3450,0,3311
2023-05-18 21:05:00,2023-05-18 20:51:00,2023-05-18 21:15:00,202305182051,4.504e-05,M4.5,GOES-16,2.320e-05,3.888e-02,5.662e-02,,,,-73.00308,16.651318,-869.9208,282.4408,GOES-16_XRS,2,3760,0,3311
2023-05-19 00:15:00,2023-05-19 00:05:00,2023-05-19 00:23:00,202305190005,5.194e-06,C5.1,GOES-16,2.565e-06,3.130e-03,4.575e-03,,,,-57.22885,-12.377586,-780.7381,-183.72433,GOES-16_XRS,1,3480,0,3310
2023-05-19 00:48:00,2023-05-19 00:41:00,2023-05-19 00:53:00,202305190041,5.388e-05,M5.3,GOES-16,3.418e-06,2.009e-02,2.470e-02,-74.0,18.0,LEA,-70.66907,15.69812,-862.6507,268.6917,GOES-16_XRS,1,3490,0,3311
2023-05-19 02:58:00,2023-05-19 02:48:00,,202305190248,6.954e-06,C6.9,GOES-16,1.905e-06,3.495e-03,,-72.0,19.0,LEA,-76.39566,17.059849,-881.95514,286.64,GOES-16_XRS,1,3540,0,3311
2023-05-19 03:12:00,2023-05-19 03:05:00,2023-05-19 03:22:00,202305190305,1.618e-05,M1.6,GOES-16,4.728e-06,8.361e-03,1.374e-02,-72.0,19.0,LEA,-69.76419,16.272182,-855.3394,278.28162,GOES-16_XRS,2,3780,0,3311
2023-05-19 04:45:00,2023-05-19 04:37:00,,202305190437,2.932e-06,C2.9,GOES-16,1.802e-06,1.669e-03,,-72.0,19.0,LEA,-62.392334,4.1253,-839.8661,85.51581,GOES-16_XRS,1,3560,0,3311
2023-05-19 05:00:00,2023-05-19 04:49:00,2023-05-19 05:09:00,202305190449,2.542e-05,M2.5,GOES-16,2.528e-06,1.138e-02,1.809e-02,-72.0,19.0,LEA,-57.470367,13.787972,-778.26544,245.7911,GOES-16_XRS,2,3790,0,3311
2023-05-19 06:24:00,2023-05-19 06:21:00,,202305190621,3.150e-06,C3.1,GOES-16,2.196e-06,1.159e-03,,,,,-62.601654,-11.851748,-825.65094,-178.29819,GOES-16_XRS,1,,0,
2023-05-19 06:31:00,2023-05-19 06:25:00,2023-05-19 06:39:00,202305190625,3.266e-06,C3.2,GOES-16,2.875e-06,1.884e-03,2.996e-03,-72.0,19.0,LEA,-17.847961,9.675563,-287.72116,194.81158,GOES-16_XRS,2,3630,0,3311
2023-05-19 06:49:00,2023-05-19 06:43:00,2023-05-19 06:57:00,202305190643,5.792e-06,C5.7,GOES-16,2.572e-06,2.679e-03,4.292e-03,-72.0,19.0,LEA,-52.717316,16.554682,-725.0809,292.21274,GOES-16_XRS,1,3640,0,3311
2023-05-19 07:42:00,2023-05-19 07:28:00,2023-05-19 07:53:00,202305190728,4.730e-06,C4.7,GOES-16,2.343e-06,3.834e-03,5.981e-03,-72.0,19.0,LEA,-11.74881,12.216007,-189.53134,236.84837,GOES-16_XRS,1,3680,0,3311
2023-05-19 09:30:00,2023-05-19 09:23:00,2023-05-19 09:35:00,202305190923,2.868e-06,C2.8,GOES-16,2.022e-06,1.601e-03,2.037e-03,-70.0,18.0,SVI,-78.15466,15.257122,-896.0701,256.83478,GOES-16_XRS,1,3720,0,3311
2023-05-19 10:17:00,2023-05-19 10:07:00,2023-05-19 10:32:00,202305191007,4.046e-06,C4.0,GOES-16,2.532e-06,2.887e-03,5.615e-03,-70.0,18.0,SVI,-77.35745,23.518663,-849.0676,385.7842,GOES-16_XRS,1,3730,0,3311
2023-05-19 12:39:00,2023-05-19 12:17:00,2023-05-19 12:59:00,202305191217,6.190e-06,C6.1,GOES-16,2.031e-06,7.090e-03,1.240e-02,-65.0,16.0,HOL,,,-931.14185,346.23303,GOES-16_XRS,1,3860,0,3311
2023-05-19 15:35:00,2023-05-19 15:30:00,2023-05-19 15:38:00,202305191530,2.907e-06,C2.9,GOES-16,1.634e-06,1.161e-03,1.287e-03,-64.0,16.0,HOL,25.87783,10.659623,408.32867,208.1798,GOES-16_XRS,1,3890,0,3311
2023-05-19 16:31:00,2023-05-19 16:15:00,2023-05-19 16:43:00,202305191615,5.948e-06,C5.9,GOES-16,1.427e-06,5.046e-03,7.707e-03,,,,-59.091675,17.002844,-779.65814,295.4917,GOES-16_XRS,1,3900,0,3311
2023-05-19 17:21:00,2023-05-19 17:10:00,,202305191710,4.199e-06,C4.1,GOES-16,1.850e-06,2.633e-03,,,,,-57.262543,17.270632,-763.344,300.64594,GOES-16_XRS,1,3910,0,3311
2023-05-19 17:29:00,2023-05-19 17:24:00,2023-05-19 17:35:00,202305191724,5.354e-06,C5.3,GOES-16,3.974e-06,2.626e-03,3.735e-03,-63.0,16.0,HOL,-57.56775,16.187147,-770.3102,283.3919,GOES-16_XRS,2,3930,0,3311
2023-05-19 19:14:00,2023-05-19 19:05:00,2023-05-19 19:21:00,202305191905,5.199e-06,C5.1,GOES-16,1.506e-06,2.567e-03,3.654e-03,,,,-73.31894,-26.774767,-811.86475,-418.1043,GOES-16_XRS,1,3950,0,3312
2023-05-19 19:43:00,2023-05-19 19:36:00,,202305191936,3.293e-06,C3.2,GOES-16,2.130e-06,1.786e-03,,-61.0,16.0,HOL,-43.96585,12.531851,-644.5858,231.5783,GOES-16_XRS,1,3960,0,3311
2023-05-19 20:06:00,2023-05-19 19:45:00,,202305191945,2.323e-05,M2.3,GOES-16,3.254e-06,1.958e-02,,-61.0,16.0,HOL,-61.466583,16.530775,-800.1691,286.6124,GOES-16_XRS,2,3980,0,3311
2023-05-19 20:26:00,2023-05-19 20:14:00,2023-05-19 20:37:00,202305192014,2.755e-05,M2.7,GOES-16,1.686e-05,2.129e-02,3.409e-02,,,,-63.173462,17.060156,-810.40704,294.00772,GOES-16_XRS,3,4000,0,3311
2023-05-20 00:23:00,2023-05-20 00:13:00,2023-05-20 00:28:00,202305200013,2.951e-06,C2.9,GOES-16,1.626e-06,1.912e-03,2.317e-03,,,,,,-886.8074,-420.47205,GOES-16_XRS,1,4030,0,3312
2023-05-20 00:47:00,2023-05-20 00:37:00,2023-05-20 01:01:00,202305200037,2.753e-06,C2.7,GOES-16,1.670e-06,1.859e-03,3.607e-03,,,,69.61438,16.528755,853.2405,281.8236,GOES-16_XRS,1,4040,0,3305
2023-05-20 02:33:00,2023-05-20 02:24:00,,202305200224,4.927e-06,C4.9,GOES-16,1.986e-06,2.750e-03,,,,,-66.69284,15.655742,-839.8253,269.61053,GOES-16_XRS,1,4070,0,3311
2023-05-20 02:40:00,2023-05-20 02:37:00,2023-05-20 02:42:00,202305200237,5.426e-06,C5.4,GOES-16,4.374e-06,1.991e-03,2.210e-03,-72.0,19.0,LEA,-80.197845,17.246828,-892.83545,286.8472,GOES-16_XRS,2,4050,0,3311
2023-05-20 03:17:00,2023-05-20 03:08:00,2023-05-20 03:21:00,202305200308,5.162e-06,C5.1,GOES-16,3.689e-06,3.503e-03,4.015e-03,53.0,8.0,LEA,7.152867,13.026606,115.520294,248.81413,GOES-16_XRS,1,4060,0,3305
2023-05-20 04:24:00,2023-05-20 04:18:00,2023-05-20 04:29:00,202305200418,3.271e-06,C3.2,GOES-16,1.869e-06,1.553e-03,2.015e-03,,,,-78.723206,-24.410225,-847.38727,-385.58804,GOES-16_XRS,1,4100,0,3312
2023-05-20 04:50:00,2023-05-20 04:36:00,2023-05-20 04:56:00,202305200436,6.967e-06,C6.9,GOES-16,1.985e-06,4.970e-03,6.007e-03,,,,-63.963257,-25.393633,-770.98956,-393.0493,GOES-16_XRS,1,4110,0,3312
2023-05-20 05:53:00,2023-05-20 05:42:00,2023-05-20 06:00:00,202305200542,3.205e-06,C3.2,GOES-16,2.229e-06,2.540e-03,3.363e-03,,,,-23.210297,14.75606,-362.77188,273.63956,GOES-16_XRS,1,4130,0,3311
2023-05-20 07:02:00,2023-05-20 06:49:00,2023-05-20 07:11:00,202305200649,1.072e-05,M1.0,GOES-16,3.715e-06,7.939e-03,1.129e-02,-72.0,19.0,LEA,-51.991333,17.115137,-715.7879,300.22873,GOES-16_XRS,1,4160,0,3311
2023-05-20 07:32:00,2023-05-20 07:16:00,2023-05-20 07:35:00,202305200716,6.497e-05,M6.4,GOES-16,5.456e-06,3.102e-02,3.285e-02,-72.0,19.0,LEA,-58.944214,16.202848,-781.62195,282.3251,GOES-16_XRS,1,4170,0,3311
2023-05-20 09:27:00,2023-05-20 09:18:00,2023-05-20 09:31:00,202305200918,1.116e-05,M1.1,GOES-16,7.222e-06,7.108e-03,8.105e-03,,,,-17.653442,-31.112892,-247.08507,-462.87103,GOES-16_XRS,1,4210,0,3312
2023-05-20 10:54:00,2023-05-20 10:48:00,2023-05-20 11:09:00,202305201048,1.634e-05,M1.6,GOES-16,3.510e-06,6.643e-03,1.663e-02,,,,-57.59781,15.781167,-772.025,276.20093,GOES-16_XRS,1,4240,0,3311
2023-05-20 12:35:00,2023-05-20 12:25:00,2023-05-20 12:39:00,202305201225,8.965e-05,M8.9,GOES-16,2.925e-06,2.510e-02,2.975e-02,,,,-53.83307,14.482489,-742.90894,257.35236,GOES-16_XRS,1,4260,0,3311
2023-05-20 14:25:00,2023-05-20 14:18:00,2023-05-20 14:32:00,202305201418,7.226e-06,C7.2,GOES-16,3.191e-06,3.637e-03,5.268e-03,,,,-64.98575,16.680344,-824.39825,286.39114,GOES-16_XRS,1,4270,0,3311
2023-05-20 15:00:00,2023-05-20 14:54:00,2023-05-20 15:03:00,202305201454,5.677e-05,M5.6,GOES-16,4.531e-06,1.608e-02,1.755e-02,,,,-52.974213,15.401544,-731.56177,272.28473,GOES-16_XRS,1,4280,0,3311
2023-05-20 16:18:00,2023-05-20 16:14:00,2023-05-20 16:29:00,202305201614,3.339e-06,C3.3,GOES-16,2.351e-06,1.402e-03,3.148e-03,,,,-47.24002,16.742844,-668.45264,296.07568,GOES-16_XRS,1,4300,0,3311
2023-05-20 16:54:00,2023-05-20 16:48:00,2023-05-20 16:57:00,202305201648,4.107e-06,C4.1,GOES-16,2.462e-06,2.055e-03,2.240e-03,,,,-54.41165,18.534784,-732.7244,320.8335,GOES-16_XRS,1,4310,0,3311
2023-05-20 17:05:00,2023-05-20 17:00:00,2023-05-20 17:08:00,202305201700,4.955e-06,C4.9,GOES-16,2.926e-06,2.141e-03,2.331e-03,,,,-48.33484,14.948657,-686.1878,267.1341,GOES-16_XRS,1,4320,0,3311
2023-05-20 17:46:00,2023-05-20 17:37:00,,202305201737,3.741e-06,C3.7,GOES-16,1.927e-06,2.440e-03,,,,,-45.953094,16.451895,-655.43567,291.9659,GOES-16_XRS,1,4330,0,3311
2023-05-20 18:08:00,2023-05-20 17:59:00,2023-05-20 18:14:00,202305201759,4.783e-06,C4.7,GOES-16,3.161e-06,3.052e-03,4.023e-03,,,,-6.2388306,6.224784,-102.873985,137.08994,GOES-16_XRS,2,4360,0,3311
2023-05-20 18:54:00,2023-05-20 18:42:00,,202305201842,7.240e-06,C7.2,GOES-16,3.082e-06,5.028e-03,,,,,-49.945435,18.015385,-691.91724,314.71176,GOES-16_XRS,1,4350,0,3311
2023-05-20 19:03:00,2023-05-20 18:57:00,2023-05-20 19:06:00,202305201857,1.181e-05,M1.1,GOES-16,6.520e-06,5.449e-03,5.953e-03,,,,-52.81357,17.842512,-720.7389,310.673,GOES-16_XRS,2,4370,0,3311
2023-05-20 19:45:00,2023-05-20 19:37:00,,202305201937,3.629e-06,C3.6,GOES-16,2.660e-06,2.305e-03,,,,,-54.677856,-27.266376,-689.16907,-417.52295,GOES-16_XRS,1,4420,0,3312
2023-05-20 20:17:00,2023-05-20 19:57:00,,202305201957,5.165e-06,C5.1,GOES-16,3.391e-06,6.390e-03,,,,,,,1102.8544,159.06586,GOES-16_XRS,2,4410,0,3305
2023-05-20 20:28:00,2023-05-20 20:19:00,2023-05-20 20:33:00,202305202019,6.450e-06,C6.4,GOES-16,5.102e-06,4.433e-03,5.445e-03,,,,21.497625,11.514043,341.80893,220.97743,GOES-16_XRS,3,4380,0,3305
2023-05-20 21:04:00,2023-05-20 20:57:00,2023-05-20 21:13:00,202305202057,6.192e-06,C6.1,GOES-16,3.764e-06,3.368e-03,5.645e-03,,,,-11.190308,4.1153564,-184.31335,101.6266,GOES-16_XRS,1,4390,0,3311
2023-05-20 23:06:00,2023-05-20 22:52:00,2023-05-20 23:20:00,202305202252,5.196e-05,M5.1,GOES-16,2.386e-06,2.312e-02,5.020e-02,-49.0,19.0,LEA,-48.184235,16.798277,-678.2756,296.17136,GOES-16_XRS,1,4400,0,3311
2023-05-21 01:06:00,2023-05-21 00:59:00,2023-05-21 01:13:00,202305210059,2.573e-06,C2.5,GOES-16,1.647e-06,1.449e-03,2.095e-03,,,,22.132221,18.223143,340.56143,327.0983,GOES-16_XRS,1,4460,0,3305
2023-05-21 02:23:00,2023-05-21 02:18:00,2023-05-21 02:32:00,202305210218,1.414e-05,M1.4,GOES-16,1.867e-06,4.783e-03,8.591e-03,-47.0,20.0,LEA,-43.97473,16.320967,-633.61005,290.24042,GOES-16_XRS,1,4480,0,3311
2023-05-21 03:57:00,2023-05-21 03:51:00,2023-05-21 04:04:00,202305210351,4.929e-06,C4.9,GOES-16,2.539e-06,2.344e-03,3.468e-03,-47.0,20.0,LEA,-45.434265,14.838829,-654.79486,266.04697,GOES-16_XRS,1,4490,0,3311
2023-05-21 05:03:00,2023-05-21 04:59:00,2023-05-21 05:07:00,202305210459,3.013e-06,C3.0,GOES-16,1.779e-06,1.205e-03,1.484e-03,,,,-48.69571,18.137373,-678.5861,316.64972,GOES-16_XRS,1,4540,0,3311
2023-05-21 05:40:00,2023-05-21 05:30:00,2023-05-21 06:03:00,202305210530,3.069e-06,C3.0,GOES-16,1.854e-06,2.068e-03,5.400e-03,-47.0,20.0,LEA,-38.938446,18.313717,-567.4353,323.26422,GOES-16_XRS,1,4570,0,3311
2023-05-21 06:49:00,2023-05-21 06:40:00,2023-05-21 06:51:00,202305210640,4.149e-06,C4.1,GOES-16,1.578e-06,1.962e-03,2.080e-03,80.0,7.0,LEA,69.661575,10.042319,876.4865,176.79059,GOES-16_XRS,1,4590,0,3305
2023-05-21 07:59:00,2023-05-21 07:40:00,2023-05-21 08:11:00,202305210740,4.538e-06,C4.5,GOES-16,1.870e-06,4.624e-03,6.823e-03,,,,76.050964,11.3306265,902.90466,194.12038,GOES-16_XRS,1,4610,0,3305
2023-05-21 08:34:00,2023-05-21 08:27:00,2023-05-21 08:47:00,202305210827,4.999e-06,C4.9,GOES-16,1.997e-06,2.484e-03,5.153e-03,-47.0,20.0,LEA,-51.223602,18.578016,-702.2991,322.23734,GOES-16_XRS,1,4620,0,3311
2023-05-21 11:30:00,2023-05-21 11:20:00,2023-05-21 11:44:00,202305211120,5.440e-06,C5.4,GOES-16,3.630e-06,3.983e-03,7.466e-03,,,,82.07844,11.114663,921.69763,187.14137,GOES-16_XRS,1,4650,0,3305
2023-05-21 15:17:00,2023-05-21 15:04:00,2023-05-21 15:28:00,202305211504,4.702e-06,C4.7,GOES-16,2.211e-06,3.719e-03,5.747e-03,,,,,,1026.9769,169.3787,GOES-16_XRS,1,4680,0,3305
2023-05-21 16:04:00,2023-05-21 15:49:00,2023-05-21 16:17:00,202305211549,2.604e-05,M2.6,GOES-16,2.406e-06,1.464e-02,2.632e-02,-40.0,17.0,HOL,-40.456543,16.623447,-591.2339,295.5683,GOES-16_XRS,1,4700,0,3311
2023-05-21 21:01:00,2023-05-21 20:55:00,2023-05-21 21:15:00,202305212055,4.336e-06,C4.3,GOES-16,2.079e-06,2.152e-03,5.455e-03,0.0,0.0,HOL,77.92878,10.208686,912.94354,174.61723,GOES-16_XRS,1,4740,0,3305
2023-05-21 21:58:00,2023-05-21 21:36:00,2023-05-21 22:12:00,202305212136,9.884e-06,C9.8,GOES-16,3.625e-06,1.070e-02,1.636e-02,,,,,,936.6397,179.49608,GOES-16_XRS,1,4750,0,3305
2023-05-22 01:08:00,2023-05-22 00:55:00,2023-05-22 01:17:00,202305220055,8.259e-06,C8.2,GOES-16,1.926e-06,5.040e-03,7.465e-03,-34.0,19.0,LEA,-34.604004,17.3538,-515.54205,308.47964,GOES-16_XRS,1,4790,0,3311
2023-05-22 02:26:00,2023-05-22 02:17:00,2023-05-22 02:33:00,202305220217,3.589e-06,C3.5,GOES-16,1.846e-06,2.094e-03,2.921e-03,0.0,0.0,LEA,62.753735,12.001441,825.8004,211.50444,GOES-16_XRS,1,4810,0,3305
2023-05-22 03:41:00,2023-05-22 03:30:00,2023-05-22 03:49:00,202305220330,3.766e-06,C3.7,GOES-16,2.190e-06,2.658e-03,3.757e-03,-33.0,20.0,LEA,-29.301636,16.852564,-445.57492,301.97958,GOES-16_XRS,1,4860,0,3311
2023-05-22 04:57:00,2023-05-22 04:50:00,2023-05-22 05:01:00,202305220450,4.182e-06,C4.1,GOES-16,1.953e-06,2.140e-03,2.445e-03,-33.0,20.0,LEA,-33.44101,16.313286,-503.04785,292.2085,GOES-16_XRS,1,4880,0,3311
2023-05-22 06:12:00,2023-05-22 06:06:00,2023-05-22 06:16:00,202305220606,5.005e-06,C5.0,GOES-16,2.277e-06,2.132e-03,2.527e-03,0.0,0.0,LEA,,,1008.0941,212.50797,GOES-16_XRS,1,4890,0,3305
2023-05-22 09:40:00,2023-05-22 09:29:00,2023-05-22 09:43:00,202305220929,3.230e-06,C3.2,GOES-16,1.693e-06,2.265e-03,2.412e-03,-30.0,15.0,SVI,12.967119,10.982139,209.66457,210.97023,GOES-16_XRS,1,4930,0,3311
2023-05-22 13:27:00,2023-05-22 13:19:00,2023-05-22 13:29:00,202305221319,7.263e-06,C7.2,GOES-16,1.804e-06,2.252e-03,2.460e-03,,,,-25.488892,17.671259,-390.07404,315.0959,GOES-16_XRS,1,5150,0,
2023-05-22 13:37:00,2023-05-22 13:30:00,2023-05-22 13:42:00,202305221330,1.946e-05,M1.9,GOES-16,3.434e-06,8.247e-03,1.005e-02,-24.0,18.0,SVI,-35.262848,-25.379879,-495.99475,-384.6765,GOES-16_XRS,1,4990,0,3311
2023-05-22 14:14:00,2023-05-22 14:10:00,2023-05-22 14:18:00,202305221410,6.403e-06,C6.4,GOES-16,2.069e-06,2.249e-03,2.700e-03,-29.0,18.0,SVI,-25.512695,16.499493,-392.88412,296.6222,GOES-16_XRS,1,5000,0,3311
2023-05-22 18:37:00,2023-05-22 18:26:00,2023-05-22 18:54:00,202305221826,3.050e-06,C3.0,GOES-16,1.690e-06,2.255e-03,4.668e-03,-25.0,-24.0,HOL,-24.564362,-23.40821,-362.91385,-352.39868,GOES-16_XRS,1,5050,0,3312
2023-05-23 07:05:00,2023-05-23 06:55:00,,202305230655,2.358e-06,C2.3,GOES-16,1.548e-06,1.736e-03,,-18.0,18.0,SVI,-21.365906,18.310448,-329.0341,324.6627,GOES-16_XRS,1,5270,0,3311
2023-05-23 07:16:00,2023-05-23 07:09:00,2023-05-23 07:20:00,202305230709,4.087e-06,C4.0,GOES-16,2.105e-06,2.052e-03,2.379e-03,,,,-17.412292,17.61319,-271.36084,314.42184,GOES-16_XRS,2,,0,
2023-05-23 07:52:00,2023-05-23 07:44:00,2023-05-23 07:54:00,202305230744,2.125e-06,C2.1,GOES-16,1.166e-06,1.107e-03,1.191e-03,-27.0,-27.0,SVI,-18.0354,-22.340012,-272.44205,-335.69998,GOES-16_XRS,1,5280,0,3312
2023-05-23 10:10:00,2023-05-23 10:02:00,2023-05-23 10:13:00,202305231002,3.257e-06,C3.2,GOES-16,1.683e-06,1.765e-03,1.904e-03,-18.0,19.0,SVI,-15.436798,20.594324,-237.04541,360.72913,GOES-16_XRS,1,5360,0,3311
2023-05-23 10:43:00,2023-05-23 10:36:00,2023-05-23 10:45:00,202305231036,4.167e-06,C4.1,GOES-16,1.870e-06,1.780e-03,1.929e-03,-14.0,19.0,SVI,-8.954193,15.921008,-142.42627,288.50095,GOES-16_XRS,1,5370,0,3311
2023-05-23 12:02:00,2023-05-23 11:54:00,,202305231154,3.308e-06,C3.3,GOES-16,2.074e-06,1.945e-03,,,,,-13.7091675,18.330069,-214.04362,325.76666,GOES-16_XRS,1,,0,
2023-05-23 12:13:00,2023-05-23 12:07:00,2023-05-23 12:15:00,202305231207,3.094e-05,M3.0,GOES-16,2.846e-06,6.734e-03,7.085e-03,,,,-12.198273,15.205092,-194.01672,276.7316,GOES-16_XRS,2,5440,0,3311
2023-05-23 14:14:00,2023-05-23 14:06:00,2023-05-23 14:19:00,202305231406,2.957e-06,C2.9,GOES-16,1.751e-06,1.669e-03,2.095e-03,-11.0,18.0,HOL,57.40373,11.552544,783.9063,205.25806,GOES-16_XRS,1,5470,0,3208
2023-05-23 14:36:00,2023-05-23 14:34:00,2023-05-23 14:38:00,202305231434,6.907e-06,C6.9,GOES-16,1.814e-06,1.232e-03,1.364e-03,-11.0,19.0,SVI,-10.398285,16.291569,-164.84346,293.92828,GOES-16_XRS,1,5480,0,3311
2023-05-23 15:34:00,2023-05-23 15:28:00,2023-05-23 15:36:00,202305231528,4.441e-06,C4.4,GOES-16,1.406e-06,1.267e-03,1.364e-03,-10.0,18.0,SVI,-7.74704,15.497875,-123.60644,281.50418,GOES-16_XRS,1,5500,0,3311
2023-05-23 16:07:00,2023-05-23 16:01:00,2023-05-23 16:09:00,202305231601,3.275e-06,C3.2,GOES-16,1.668e-06,1.260e-03,1.366e-03,-10.0,17.0,HOL,-10.275665,18.1715,-161.26169,323.33478,GOES-16_XRS,1,5510,0,3311
2023-05-23 16:40:00,2023-05-23 16:22:00,2023-05-23 16:57:00,202305231622,4.074e-06,C4.0,GOES-16,1.895e-06,4.107e-03,7.158e-03,-11.0,17.0,HOL,-8.579712,21.205347,-132.32394,370.30307,GOES-16_XRS,1,5540,0,3311
2023-05-23 19:18:00,2023-05-23 19:11:00,2023-05-23 19:22:00,202305231911,1.685e-06,C1.6,GOES-16,1.191e-06,9.162e-04,1.085e-03,,,,0.8434126,13.451432,13.62335,248.83772,GOES-16_XRS,1,5580,0,3311
2023-05-23 19:39:00,2023-05-23 19:33:00,2023-05-23 19:41:00,202305231933,1.921e-06,C1.9,GOES-16,1.306e-06,9.256e-04,1.011e-03,,,,-4.178711,24.617716,-63.018543,421.77103,GOES-16_XRS,1,5590,0,3311
2023-05-23 20:35:00,2023-05-23 20:28:00,2023-05-23 20:38:00,202305232028,2.049e-06,C2.0,GOES-16,1.265e-06,1.028e-03,1.123e-03,,,,-8.182434,18.685316,-128.2773,331.15958,GOES-16_XRS,1,5600,0,3311
2023-05-24 03:50:00,2023-05-24 03:34:00,,202305240334,2.706e-06,C2.7,GOES-16,1.463e-06,2.626e-03,,,,,-9.710114,23.000317,-147.68651,396.61142,GOES-16_XRS,1,5690,0,
2023-05-24 04:08:00,2023-05-24 04:05:00,2023-05-24 04:12:00,202305240405,2.834e-06,C2.8,GOES-16,2.226e-06,1.088e-03,1.385e-03,,,,-4.352112,21.013699,-67.39279,366.71365,GOES-16_XRS,2,,0,
2023-05-24 07:59:00,2023-05-24 07:47:00,,202305240747,2.474e-06,C2.4,GOES-16,1.512e-06,1.910e-03,,-12.0,-26.0,SVI,-0.67749023,7.5556912,-11.154568,152.15245,GOES-16_XRS,1,5770,0,3312
2023-05-24 08:38:00,2023-05-24 08:05:00,2023-05-24 08:55:00,202305240805,5.078e-06,C5.0,GOES-16,2.224e-06,7.992e-03,1.165e-02,,,,-0.061523438,21.603682,-0.949803,375.45444,GOES-16_XRS,2,,0,
2023-05-24 09:58:00,2023-05-24 09:51:00,2023-05-24 10:01:00,202305240951,1.021e-05,M1.0,GOES-16,1.356e-06,2.795e-03,3.087e-03,0.0,18.0,SVI,-0.014770508,17.166012,-0.23434502,306.62943,GOES-16_XRS,1,5790,0,3311
2023-05-24 10:26:00,2023-05-24 10:24:00,2023-05-24 10:28:00,202305241024,6.734e-06,C6.7,GOES-16,3.142e-06,1.779e-03,2.000e-03,,,,0.25146812,15.550785,4.023052,281.09393,GOES-16_XRS,1,5810,0,3211
2023-05-24 13:47:00,2023-05-24 13:41:00,2023-05-24 13:50:00,202305241341,2.026e-06,C2.0,GOES-16,1.296e-06,9.965e-04,1.087e-03,,,,4.4636025,17.146152,70.75205,305.93118,GOES-16_XRS,1,5860,0,3311
2023-05-24 15:01:00,2023-05-24 14:56:00,2023-05-24 15:04:00,202305241456,2.431e-06,C2.4,GOES-16,1.181e-06,8.917e-04,9.903e-04,0.0,19.0,HOL,3.0051007,16.458961,47.83354,295.0562,GOES-16_XRS,1,5910,0,3311
2023-05-24 17:21:00,2023-05-24 17:04:00,2023-05-24 17:47:00,202305241704,1.853e-05,M1.8,GOES-16,1.703e-06,1.187e-02,3.071e-02,3.0,18.0,HOL,1.303137,19.652836,20.37455,344.80768,GOES-16_XRS,1,6000,0,3311
2023-05-24 19:10:00,2023-05-24 19:03:00,2023-05-24 19:17:00,202305241903,5.155e-06,C5.1,GOES-16,3.060e-06,2.984e-03,4.267e-03,-5.0,-25.0,HOL,2.612495,15.375981,41.813602,277.59128,GOES-16_XRS,1,6040,0,3312
2023-05-24 19:51:00,2023-05-24 19:47:00,2023-05-24 19:54:00,202305241947,3.576e-06,C3.5,GOES-16,1.733e-06,1.283e-03,1.440e-03,,,,5.0245233,18.162603,79.16738,321.35327,GOES-16_XRS,1,6050,0,
2023-05-24 20:12:00,2023-05-24 20:10:00,2023-05-24 20:14:00,202305242010,2.894e-06,C2.8,GOES-16,1.808e-06,8.464e-04,9.668e-04,3.0,18.0,HOL,6.247175,13.986746,100.46048,255.24109,GOES-16_XRS,1,6060,0,3311
2023-05-24 22:23:00,2023-05-24 22:11:00,2023-05-24 22:31:00,202305242211,1.943e-06,C1.9,GOES-16,9.222e-07,1.469e-03,2.029e-03,,,,1.7335181,19.307707,27.158823,339.06134,GOES-16_XRS,1,6100,0,
2023-05-24 22:41:00,2023-05-24 22:33:00,2023-05-24 22:45:00,202305242233,2.626e-06,C2.6,GOES-16,1.369e-06,1.354e-03,1.567e-03,-5.0,-27.0,HOL,-6.775299,-32.996204,-94.08943,-495.92154,GOES-16_XRS,1,6110,0,3312
2023-05-25 02:15:00,2023-05-25 02:01:00,2023-05-25 02:18:00,202305250201,2.139e-06,C2.1,GOES-16,1.228e-06,1.833e-03,1.928e-03,,,,10.138064,11.999688,163.79996,222.5741,GOES-16_XRS,1,6140,0,3311
2023-05-25 03:03:00,2023-05-25 02:59:00,2023-05-25 03:06:00,202305250259,2.365e-06,C2.3,GOES-16,1.327e-06,8.641e-04,9.687e-04,,,,13.035628,16.661749,205.54507,296.65897,GOES-16_XRS,1,6150,0,3311
2023-05-25 04:43:00,2023-05-25 04:35:00,2023-05-25 04:53:00,202305250435,3.755e-06,C3.7,GOES-16,9.624e-07,1.524e-03,3.166e-03,19.0,15.0,SVI,9.186966,17.325644,144.98141,307.30984,GOES-16_XRS,1,6180,0,3314
2023-05-25 05:41:00,2023-05-25 05:29:00,2023-05-25 05:51:00,202305250529,7.463e-06,C7.4,GOES-16,1.156e-06,4.562e-03,7.043e-03,6.0,21.0,SVI,6.929112,19.225567,108.35525,337.03525,GOES-16_XRS,1,6200,0,3311
2023-05-25 07:48:00,2023-05-25 07:41:00,2023-05-25 07:50:00,202305250741,1.679e-06,C1.6,GOES-16,8.921e-07,7.827e-04,8.400e-04,12.0,18.0,SVI,15.988869,10.5966425,257.55273,198.82263,GOES-16_XRS,1,6220,0,3311
2023-05-25 08:21:00,2023-05-25 08:09:00,2023-05-25 08:24:00,202305250809,3.520e-06,C3.5,GOES-16,9.787e-07,1.817e-03,1.922e-03,22.0,15.0,SVI,21.224833,14.469615,333.38538,260.38907,GOES-16_XRS,1,6230,0,3314
2023-05-25 09:04:00,2023-05-25 08:58:00,2023-05-25 09:10:00,202305250858,1.634e-06,C1.6,GOES-16,9.250e-07,7.766e-04,1.085e-03,1.0,-26.0,SVI,15.458278,-4.810629,252.67268,-55.501053,GOES-16_XRS,1,6240,0,3312
2023-05-25 09:28:00,2023-05-25 09:22:00,2023-05-25 09:31:00,202305250922,1.564e-06,C1.5,GOES-16,1.123e-06,7.896e-04,9.518e-04,17.0,-15.0,SVI,21.747707,0.9976486,352.37878,39.97207,GOES-16_XRS,1,6250,0,3310
2023-05-25 11:10:00,2023-05-25 10:54:00,2023-05-25 11:24:00,202305251054,3.281e-06,C3.2,GOES-16,1.169e-06,2.538e-03,4.299e-03,22.0,15.0,SVI,12.846174,15.707991,203.58301,280.96368,GOES-16_XRS,1,6280,0,3314
2023-05-25 12:54:00,2023-05-25 12:50:00,2023-05-25 12:56:00,202305251250,1.379e-06,C1.3,GOES-16,8.648e-07,5.143e-04,5.715e-04,17.0,-15.0,SVI,20.664234,-16.944843,321.045,-254.77493,GOES-16_XRS,1,6310,0,3310
2023-05-25 13:12:00,2023-05-25 13:04:00,2023-05-25 13:25:00,202305251304,2.066e-06,C2.0,GOES-16,9.482e-07,1.097e-03,2.194e-03,,,,-22.292816,-13.069325,-351.4317,-192.5431,GOES-16_XRS,1,6320,0,3315
2023-05-25 13:52:00,2023-05-25 13:47:00,,202305251347,1.574e-06,C1.5,GOES-16,1.105e-06,7.477e-04,,-26.0,-17.0,HOL,-6.747589,-4.665866,-111.41859,-52.761356,GOES-16_XRS,1,6390,0,3315
2023-05-25 13:59:00,2023-05-25 13:53:00,2023-05-25 14:01:00,202305251353,2.002e-06,C2.0,GOES-16,1.550e-06,1.021e-03,1.113e-03,28.0,14.0,HOL,11.726745,5.3720665,192.50621,113.26012,GOES-16_XRS,2,6420,0,3314
2023-05-25 14:30:00,2023-05-25 14:18:00,,202305251418,1.856e-06,C1.8,GOES-16,1.021e-06,1.407e-03,,25.0,14.0,HOL,28.555447,14.982249,439.02594,266.74323,GOES-16_XRS,1,6410,0,3314
2023-05-25 14:46:00,2023-05-25 14:37:00,2023-05-25 14:52:00,202305251437,1.188e-05,M1.1,GOES-16,1.458e-06,5.467e-03,7.192e-03,4.0,-25.0,HOL,5.6092057,-25.828947,83.67195,-392.0251,GOES-16_XRS,2,6430,0,3312
2023-05-25 17:32:00,2023-05-25 17:28:00,2023-05-25 17:35:00,202305251728,1.847e-06,C1.8,GOES-16,1.144e-06,7.199e-04,8.029e-04,-24.0,-17.0,HOL,-26.572021,-24.470581,-387.0579,-373.68533,GOES-16_XRS,1,6470,0,3315
2023-05-25 21:18:00,2023-05-25 21:13:00,2023-05-25 21:21:00,202305252113,1.207e-06,C1.2,GOES-16,8.813e-07,5.641e-04,6.213e-04,,,,20.283361,25.95333,296.3293,436.35416,GOES-16_XRS,1,6510,0,3311
2023-05-26 01:15:00,2023-05-26 01:02:00,,202305260102,1.339e-06,C1.3,GOES-16,8.733e-07,1.174e-03,,-21.0,-16.0,LEA,-9.529541,-19.243069,-148.66637,-291.09912,GOES-16_XRS,1,6560,0,3315
2023-05-26 01:35:00,2023-05-26 01:28:00,2023-05-26 01:38:00,202305260128,1.349e-06,C1.3,GOES-16,1.258e-06,8.569e-04,9.326e-04,,,,-18.118744,-18.150984,-281.03064,-274.59003,GOES-16_XRS,2,6620,0,3315
2023-05-26 08:33:00,2023-05-26 08:28:00,2023-05-26 08:37:00,202305260828,1.284e-06,C1.2,GOES-16,7.106e-07,5.318e-04,6.415e-04,-16.0,-18.0,LEA,-16.666168,-20.571625,-255.3297,-313.12463,GOES-16_XRS,1,6680,0,3315
2023-05-26 13:40:00,2023-05-26 13:20:00,,202305261320,1.369e-06,C1.3,GOES-16,7.932e-07,1.644e-03,,-13.0,-17.0,SVI,-11.249451,-9.096609,-183.22359,-128.16336,GOES-16_XRS,1,6730,0,3315
2023-05-26 14:04:00,2023-05-26 14:00:00,2023-05-26 14:11:00,202305261400,2.185e-06,C2.1,GOES-16,1.082e-06,8.453e-04,1.341e-03,,,,-9.528198,-16.910692,-150.62816,-255.00067,GOES-16_XRS,2,6780,0,3315
2023-05-26 17:01:00,2023-05-26 16:56:00,2023-05-26 17:09:00,202305261656,3.072e-06,C3.0,GOES-16,1.180e-06,1.148e-03,1.940e-03,-10.0,-18.0,HOL,-9.040863,-15.915494,-143.72423,-239.25159,GOES-16_XRS,1,6800,0,3315
2023-05-26 17:54:00,2023-05-26 17:41:00,2023-05-26 18:07:00,202305261741,5.601e-06,C5.6,GOES-16,1.444e-06,3.378e-03,6.075e-03,40.0,13.0,HOL,40.30587,14.438214,595.1795,253.46063,GOES-16_XRS,1,6810,0,3314
2023-05-26 18:57:00,2023-05-26 18:53:00,2023-05-26 19:10:00,202305261853,2.022e-06,C2.0,GOES-16,1.487e-06,8.738e-04,2.094e-03,,,,-15.402466,-23.97579,-230.73845,-366.46664,GOES-16_XRS,1,6830,0,3315
2023-05-26 20:06:00,2023-05-26 19:56:00,2023-05-26 20:13:00,202305261956,1.613e-06,C1.6,GOES-16,1.072e-06,1.247e-03,1.654e-03,,,,-3.2043152,-20.682287,-49.7325,-314.90024,GOES-16_XRS,1,6850,0,3315
2023-05-26 21:57:00,2023-05-26 21:47:00,2023-05-26 22:12:00,202305262147,1.563e-06,C1.5,GOES-16,8.943e-07,1.038e-03,2.057e-03,,,,13.433631,-14.714035,213.69292,-220.59218,GOES-16_XRS,1,6890,0,3310
2023-05-26 22:43:00,2023-05-26 22:35:00,,202305262235,6.988e-06,C6.9,GOES-16,9.931e-07,3.502e-03,,-8.0,-18.0,HOL,-6.5713196,-17.990849,-103.51477,-272.73434,GOES-16_XRS,1,6900,0,3315
2023-05-26 23:03:00,2023-05-26 22:48:00,2023-05-26 23:12:00,202305262248,1.376e-05,M1.3,GOES-16,4.809e-06,1.256e-02,1.679e-02,,,,4.4181976,-6.16157,72.854065,-80.13707,GOES-16_XRS,2,,0,
2023-05-27 04:35:00,2023-05-27 04:32:00,2023-05-27 04:40:00,202305270432,8.474e-06,C8.4,GOES-16,1.013e-06,2.180e-03,2.906e-03,39.0,14.0,SVI,42.004673,15.149357,613.5976,263.70886,GOES-16_XRS,1,7050,0,3314
2023-05-27 06:12:00,2023-05-27 06:02:00,2023-05-27 06:19:00,202305270602,2.856e-06,C2.8,GOES-16,1.095e-06,1.570e-03,2.170e-03,-3.0,-18.0,SVI,-4.477173,-15.98125,-71.37041,-241.13942,GOES-16_XRS,1,7080,0,3315
2023-05-27 14:47:00,2023-05-27 14:32:00,2023-05-27 15:00:00,202305271432,2.132e-06,C2.1,GOES-16,1.162e-06,1.914e-03,3.053e-03,2.0,-17.0,SVI,27.615742,7.335332,437.0303,139.62958,GOES-16_XRS,1,7300,0,3315
2023-05-27 15:27:00,2023-05-27 15:12:00,,202305271512,2.954e-06,C2.9,GOES-16,1.664e-06,2.723e-03,,,,,40.873165,18.130337,590.71954,310.41373,GOES-16_XRS,1,7310,0,3311
2023-05-27 15:38:00,2023-05-27 15:33:00,2023-05-27 15:42:00,202305271533,2.916e-06,C2.9,GOES-16,2.832e-06,1.553e-03,1.896e-03,,,,40.075523,16.718016,585.7126,288.38373,GOES-16_XRS,2,7340,0,3311
2023-05-27 18:17:00,2023-05-27 18:14:00,2023-05-27 18:20:00,202305271814,1.331e-06,C1.3,GOES-16,8.764e-07,4.871e-04,5.490e-04,,,,9.095893,-13.6344185,146.09785,-204.41066,GOES-16_XRS,1,7370,0,3315
2023-05-27 19:24:00,2023-05-27 19:12:00,2023-05-27 19:29:00,202305271912,6.246e-06,C6.2,GOES-16,1.005e-06,3.084e-03,3.706e-03,,,,33.511456,-22.509422,484.60846,-347.9298,GOES-16_XRS,1,7380,0,3312
2023-05-27 21:53:00,2023-05-27 21:46:00,2023-05-27 21:57:00,202305272146,2.246e-06,C2.2,GOES-16,1.258e-06,1.110e-03,1.311e-03,,,,5.000498,-13.39919,80.6348,-200.71423,GOES-16_XRS,1,7440,0,3315
2023-05-28 01:52:00,2023-05-28 01:45:00,2023-05-28 01:55:00,202305280145,1.839e-06,C1.8,GOES-16,1.083e-06,9.077e-04,9.838e-04,58.0,16.0,LEA,72.42001,16.07934,868.3065,268.24667,GOES-16_XRS,1,7460,0,3314
2023-05-28 03:46:00,2023-05-28 03:41:00,2023-05-28 03:52:00,202305280341,1.470e-06,C1.4,GOES-16,1.072e-06,7.006e-04,1.005e-03,,,,-26.084473,15.526859,-402.65118,271.44708,GOES-16_XRS,1,7480,0,3316
2023-05-28 09:25:00,2023-05-28 09:19:00,2023-05-28 09:28:00,202305280919,1.346e-06,C1.3,GOES-16,8.475e-07,6.206e-04,6.794e-04,11.0,-17.0,SVI,9.392341,-11.696283,151.95634,-174.1007,GOES-16_XRS,1,7560,0,3315
2023-05-28 10:36:00,2023-05-28 10:21:00,2023-05-28 10:54:00,202305281021,1.014e-05,M1.0,GOES-16,9.000e-07,4.947e-03,1.175e-02,11.0,-15.0,SVI,12.644075,-15.828605,200.22455,-241.27274,GOES-16_XRS,1,7570,0,3315
2023-05-28 12:24:00,2023-05-28 12:17:00,2023-05-28 12:31:00,202305281217,1.656e-06,C1.6,GOES-16,1.102e-06,9.669e-04,1.386e-03,16.0,-17.0,SVI,16.201536,-20.178284,248.95229,-310.68353,GOES-16_XRS,1,7600,0,3315
2023-05-28 14:55:00,2023-05-28 14:48:00,2023-05-28 15:01:00,202305281448,2.009e-06,C2.0,GOES-16,1.129e-06,1.089e-03,1.457e-03,15.0,-17.0,SVI,9.882128,-17.624237,155.50848,-270.12866,GOES-16_XRS,1,7630,0,3315
2023-05-28 15:41:00,2023-05-28 15:34:00,2023-05-28 15:48:00,202305281534,1.640e-06,C1.6,GOES-16,1.139e-06,9.393e-04,1.363e-03,,,,,,-896.0487,313.56638,GOES-16_XRS,1,7640,0,
2023-05-28 16:59:00,2023-05-28 16:54:00,2023-05-28 17:04:00,202305281654,1.040e-06,C1.0,GOES-16,7.609e-07,4.940e-04,6.543e-04,,,,4.5672326,-25.077045,68.5583,-385.97452,GOES-16_XRS,1,7660,0,3315
2023-05-28 20:40:00,2023-05-28 20:31:00,2023-05-28 20:52:00,202305282031,1.222e-06,C1.2,GOES-16,8.162e-07,8.066e-04,1.455e-03,,,,18.426882,-16.099464,288.68762,-246.83107,GOES-16_XRS,1,7680,0,
2023-05-28 21:32:00,2023-05-28 21:24:00,2023-05-28 21:42:00,202305282124,1.226e-06,C1.2,GOES-16,8.247e-07,7.714e-04,1.284e-03,,,,85.06274,15.658146,908.38025,257.0267,GOES-16_XRS,1,7690,0,
2023-05-29 04:33:00,2023-05-29 04:15:00,,202305290415,1.726e-06,C1.7,GOES-16,9.247e-07,1.864e-03,,23.0,24.0,SVI,,,-970.1409,-192.71446,GOES-16_XRS,1,7760,0,3315
2023-05-29 05:04:00,2023-05-29 04:58:00,2023-05-29 05:07:00,202305290458,1.615e-06,C1.6,GOES-16,1.493e-06,9.303e-04,1.021e-03,,,,-81.95911,-16.181879,-900.6586,-261.54315,GOES-16_XRS,2,,0,
2023-05-29 07:29:00,2023-05-29 07:15:00,2023-05-29 07:42:00,202305290715,2.325e-06,C2.3,GOES-16,9.283e-07,1.747e-03,2.946e-03,,,,,,-929.4033,194.26384,GOES-16_XRS,1,7790,0,3320
2023-05-29 18:20:00,2023-05-29 18:11:00,,202305291811,6.155e-06,C6.1,GOES-16,1.655e-06,2.352e-03,,,,,54.57301,-17.837584,736.01697,-281.49594,GOES-16_XRS,1,,0,
2023-05-29 18:29:00,2023-05-29 18:25:00,2023-05-29 18:31:00,202305291825,6.565e-06,C6.5,GOES-16,3.978e-06,2.545e-03,2.766e-03,85.0,-23.0,HOL,32.022587,-16.204163,483.73303,-251.61531,GOES-16_XRS,2,7920,0,3310
2023-05-29 23:36:00,2023-05-29 23:25:00,2023-05-29 23:39:00,202305292325,2.112e-06,C2.1,GOES-16,1.018e-06,1.322e-03,1.411e-03,40.0,26.0,HOL,42.278404,9.9156885,629.2637,175.2203,GOES-16_XRS,1,7960,0,3317
2023-05-30 00:20:00,2023-05-30 00:09:00,2023-05-30 00:25:00,202305300009,4.562e-06,C4.5,GOES-16,1.117e-06,2.198e-03,2.683e-03,,,,70.50655,-19.334797,843.07275,-308.7172,GOES-16_XRS,1,7970,0,3310
2023-05-30 03:30:00,2023-05-30 03:26:00,2023-05-30 03:34:00,202305300326,2.177e-06,C2.1,GOES-16,1.339e-06,8.480e-04,1.050e-03,,,,42.997093,27.531946,573.9942,448.91037,GOES-16_XRS,1,7990,0,3317
2023-05-30 04:01:00,2023-05-30 03:56:00,2023-05-30 04:05:00,202305300356,1.844e-06,C1.8,GOES-16,1.155e-06,8.273e-04,1.007e-03,,,,73.03459,-25.313189,819.29596,-400.94452,GOES-16_XRS,1,8000,0,3312
2023-05-30 08:10:00,2023-05-30 07:54:00,2023-05-30 08:18:00,202305300754,1.238e-05,M1.2,GOES-16,1.045e-06,7.058e-03,9.757e-03,0.0,0.0,SVI,82.64943,-23.643745,860.2738,-377.8984,GOES-16_XRS,1,8020,0,3310
2023-05-30 10:22:00,2023-05-30 10:15:00,2023-05-30 10:28:00,202305301015,1.368e-05,M1.3,GOES-16,1.321e-06,4.708e-03,6.439e-03,,,,83.74655,-23.492662,863.1519,-375.85944,GOES-16_XRS,1,8050,0,3310
2023-05-30 13:38:00,2023-05-30 13:35:00,2023-05-30 13:41:00,202305301335,1.491e-05,M1.4,GOES-16,1.717e-06,3.103e-03,3.436e-03,41.0,-20.0,HOL,36.615467,-20.085333,531.9498,-314.82355,GOES-16_XRS,1,8070,0,3315
2023-05-30 16:34:00,2023-05-30 16:24:00,,202305301624,3.595e-06,C3.5,GOES-16,1.501e-06,2.087e-03,,,,,84.284,-22.636723,869.44617,-362.9902,GOES-16_XRS,1,,0,
2023-05-30 16:50:00,2023-05-30 16:41:00,2023-05-30 16:56:00,202305301641,6.092e-06,C6.0,GOES-16,2.815e-06,3.670e-03,4.776e-03,,,,15.715836,-18.985407,243.39977,-295.75983,GOES-16_XRS,2,8170,0,3319
2023-05-30 22:41:00,2023-05-30 22:30:00,2023-05-30 22:51:00,202305302230,3.760e-06,C3.7,GOES-16,2.211e-06,2.749e-03,4.282e-03,,,,,,-1023.5658,-117.14084,GOES-16_XRS,1,,0,
2023-05-31 01:02:00,2023-05-31 00:52:00,2023-05-31 01:29:00,202305310052,4.302e-06,C4.3,GOES-16,2.324e-06,3.012e-03,8.660e-03,,,,-69.30356,-9.1749525,-875.2662,-146.23546,GOES-16_XRS,1,8190,0,3323
2023-05-31 02:09:00,2023-05-31 01:59:00,2023-05-31 02:16:00,202305310159,7.512e-06,C7.5,GOES-16,2.920e-06,4.000e-03,5.588e-03,,,,,,-951.20264,-111.38511,GOES-16_XRS,1,8210,0,3323
2023-05-31 03:47:00,2023-05-31 03:38:00,2023-05-31 03:58:00,202305310338,3.839e-06,C3.8,GOES-16,2.447e-06,2.461e-03,4.308e-03,,,,-71.747955,-6.4152875,-894.2786,-101.59418,GOES-16_XRS,1,8230,0,3323
2023-05-31 04:38:00,2023-05-31 04:24:00,2023-05-31 04:43:00,202305310424,1.317e-05,M1.3,GOES-16,3.096e-06,7.838e-03,9.302e-03,,,,-80.77219,-8.333363,-924.7985,-135.05954,GOES-16_XRS,1,8240,0,3323
2023-05-31 05:25:00,2023-05-31 05:14:00,2023-05-31 05:44:00,202305310514,5.723e-06,C5.7,GOES-16,3.198e-06,4.059e-03,9.043e-03,16.0,-18.0,SVI,-71.87329,-9.236632,-888.86066,-147.90582,GOES-16_XRS,1,8250,0,3319
2023-05-31 06:09:00,2023-05-31 06:01:00,2023-05-31 06:14:00,202305310601,5.783e-06,C5.7,GOES-16,3.453e-06,3.411e-03,4.234e-03,,,,,,-984.20184,-132.94533,GOES-16_XRS,1,8260,0,3323
2023-05-31 07:43:00,2023-05-31 07:35:00,2023-05-31 07:51:00,202305310735,4.641e-06,C4.6,GOES-16,3.015e-06,2.874e-03,4.316e-03,,,,-65.60483,-10.884151,-847.8132,-173.54527,GOES-16_XRS,1,8270,0,3323
2023-05-31 08:31:00,2023-05-31 08:16:00,2023-05-31 08:48:00,202305310816,6.120e-06,C6.1,GOES-16,2.818e-06,4.944e-03,9.231e-03,,,,-83.85452,-7.435297,-933.3142,-121.07836,GOES-16_XRS,1,8280,0,3323
2023-05-31 10:20:00,2023-05-31 10:10:00,2023-05-31 10:34:00,202305311010,2.771e-06,C2.7,GOES-16,2.006e-06,2.084e-03,3.847e-03,,,,,,-1026.2891,-97.68189,GOES-16_XRS,1,8300,0,
2023-05-31 11:03:00,2023-05-31 10:50:00,2023-05-31 11:21:00,202305311050,5.405e-06,C5.4,GOES-16,2.144e-06,3.900e-03,8.191e-03,,,,,,-941.7269,-108.21313,GOES-16_XRS,1,8310,0,
2023-05-31 12:26:00,2023-05-31 12:23:00,2023-05-31 12:28:00,202305311223,1.050e-05,M1.0,GOES-16,2.477e-06,2.122e-03,2.290e-03,,,,21.163534,-17.763903,326.65103,-278.25006,GOES-16_XRS,1,8320,0,3319
2023-05-31 13:33:00,2023-05-31 13:29:00,,202305311329,2.996e-06,C2.9,GOES-16,2.031e-06,1.306e-03,,,,,-74.01056,-4.9773273,-907.2818,-78.64315,GOES-16_XRS,1,8330,0,
2023-05-31 13:48:00,2023-05-31 13:43:00,2023-05-31 13:53:00,202305311343,4.830e-06,C4.8,GOES-16,2.775e-06,2.213e-03,2.892e-03,,,,-86.78128,-5.87604,-939.95844,-96.16211,GOES-16_XRS,2,,0,
2023-05-31 15:00:00,2023-05-31 14:55:00,2023-05-31 15:08:00,202305311455,2.854e-06,C2.8,GOES-16,2.102e-06,1.391e-03,2.297e-03,,,,,,-955.17596,-173.53978,GOES-16_XRS,1,8350,0,
2023-05-31 15:47:00,2023-05-31 15:43:00,2023-05-31 15:50:00,202305311543,2.175e-06,C2.1,GOES-16,1.520e-06,8.831e-04,9.878e-04,,,,11.276035,-25.314976,167.92978,-394.88205,GOES-16_XRS,1,8360,0,
2023-05-31 16:20:00,2023-05-31 16:09:00,,202305311609,2.599e-06,C2.5,GOES-16,1.692e-06,2.030e-03,,52.0,-20.0,HOL,-66.64105,14.305041,-843.14703,239.0424,GOES-16_XRS,1,8370,0,3315
2023-05-31 16:39:00,2023-05-31 16:36:00,2023-05-31 16:41:00,202305311636,3.393e-06,C3.3,GOES-16,2.292e-06,1.219e-03,1.365e-03,,,,36.279366,-13.5109825,546.3395,-211.88802,GOES-16_XRS,2,,0,
2023-05-31 16:49:00,2023-05-31 16:44:00,2023-05-31 16:51:00,202305311644,3.545e-06,C3.5,GOES-16,2.270e-06,1.438e-03,1.569e-03,,,,-2.9631653,-14.145959,-47.63966,-219.96533,GOES-16_XRS,1,8380,0,
2023-05-31 20:10:00,2023-05-31 19:53:00,2023-05-31 20:26:00,202305311953,9.638e-06,C9.6,GOES-16,1.722e-06,6.438e-03,1.254e-02,-81.0,-7.0,HOL,-77.74173,-7.436921,-917.6744,-119.967865,GOES-16_XRS,1,8430,0,3323
2023-05-31 20:48:00,2023-05-31 20:40:00,2023-05-31 21:01:00,202305312040,6.849e-06,C6.8,GOES-16,3.076e-06,3.967e-03,7.790e-03,-81.0,-7.0,HOL,,,-940.322,-111.14114,GOES-16_XRS,1,8440,0,3323
2023-05-31 22:08:00,2023-05-31 21:47:00,,202305312147,1.056e-05,M1.0,GOES-16,2.428e-06,9.539e-03,,,,,-85.0253,-6.6195006,-936.6469,-108.048225,GOES-16_XRS,1,,0,
2023-05-31 22:52:00,2023-05-31 22:14:00,2023-05-31 23:11:00,202305312214,4.288e-05,M4.2,GOES-16,1.016e-05,6.581e-02,1.010e-01,-81.0,-7.0,HOL,,,-938.52435,-123.76532,GOES-16_XRS,2,8470,0,3323
2023-06-01 00:41:00,2023-06-01 00:20:00,2023-06-01 00:55:00,202306010020,9.168e-06,C9.1,GOES-16,1.936e-06,8.230e-03,1.315e-02,57.0,-17.0,LEA,,,975.1362,380.4794,GOES-16_XRS,1,8480,0,3315
2023-06-01 01:30:00,2023-06-01 01:25:00,2023-06-01 01:34:00,202306010125,3.043e-06,C3.0,GOES-16,1.862e-06,1.383e-03,1.653e-03,-74.0,-7.0,LEA,50.037216,18.019316,691.50793,300.75064,GOES-16_XRS,1,8500,0,3323
2023-06-01 08:14:00,2023-06-01 08:08:00,2023-06-01 08:20:00,202306010808,1.955e-06,C1.9,GOES-16,1.367e-06,9.800e-04,1.391e-03,-12.0,15.0,SVI,-7.449646,19.27693,-116.28152,324.31415,GOES-16_XRS,1,8700,0,
2023-06-01 09:29:00,2023-06-01 09:09:00,2023-06-01 09:57:00,202306010909,3.704e-06,C3.7,GOES-16,1.891e-06,4.308e-03,9.366e-03,66.0,-18.0,SVI,52.984043,-15.455845,730.02826,-246.23412,GOES-16_XRS,1,8730,0,3315
2023-06-01 11:25:00,2023-06-01 11:13:00,2023-06-01 11:37:00,202306011113,6.509e-06,C6.5,GOES-16,2.046e-06,3.949e-03,6.852e-03,66.0,-17.0,SVI,70.08969,-17.148054,851.2346,-275.72076,GOES-16_XRS,1,8760,0,3315
2023-06-01 13:41:00,2023-06-01 13:26:00,,202306011326,2.975e-06,C2.9,GOES-16,1.765e-06,2.852e-03,,-9.0,14.0,HOL,-16.253021,-20.229176,-249.47816,-318.59882,GOES-16_XRS,1,8800,0,3323
2023-06-01 13:53:00,2023-06-01 13:47:00,2023-06-01 13:57:00,202306011347,2.789e-06,C2.7,GOES-16,2.697e-06,1.647e-03,1.974e-03,,,,54.286865,-24.960863,698.0904,-394.403,GOES-16_XRS,2,,0,
2023-06-01 14:50:00,2023-06-01 14:39:00,2023-06-01 15:00:00,202306011439,4.258e-06,C4.2,GOES-16,2.068e-06,2.926e-03,4.571e-03,,,,63.94728,-30.997505,729.80206,-483.95007,GOES-16_XRS,1,8820,0,3323
2023-06-01 19:17:00,2023-06-01 18:48:00,2023-06-01 19:43:00,202306011848,4.463e-06,C4.4,GOES-16,1.971e-06,6.741e-03,1.211e-02,,,,-20.277496,2.6139462,-328.9234,53.144596,GOES-16_XRS,1,8900,0,3323
2023-06-01 20:41:00,2023-06-01 20:23:00,2023-06-01 20:57:00,202306012023,6.271e-06,C6.2,GOES-16,3.173e-06,6.662e-03,1.108e-02,,,,-73.42914,-6.2960534,-902.4052,-100.94306,GOES-16_XRS,1,8930,0,3323
2023-06-02 02:41:00,2023-06-02 02:32:00,2023-06-02 02:44:00,202306020232,1.538e-05,M1.5,GOES-16,1.811e-06,3.966e-03,4.313e-03,,,,-3.0605774,14.002738,-49.223537,239.45291,GOES-16_XRS,1,9020,0,3324
2023-06-02 14:11:00,2023-06-02 13:59:00,2023-06-02 14:15:00,202306021359,3.982e-06,C3.9,GOES-16,1.692e-06,2.530e-03,2.804e-03,,,,79.49254,-18.138456,884.5206,-293.15366,GOES-16_XRS,1,9220,0,3315
2023-06-02 15:24:00,2023-06-02 15:14:00,2023-06-02 15:31:00,202306021514,3.394e-06,C3.3,GOES-16,1.850e-06,2.230e-03,3.027e-03,,,,,,-908.0473,431.39386,GOES-16_XRS,1,9240,0,3326
2023-06-02 22:42:00,2023-06-02 22:26:00,2023-06-02 23:05:00,202306022226,6.318e-06,C6.3,GOES-16,1.345e-06,4.536e-03,1.051e-02,,,,-47.134094,-4.2862024,-693.46857,-65.35794,GOES-16_XRS,1,9290,0,3323
2023-06-03 00:07:00,2023-06-02 23:54:00,,202306022354,4.073e-06,C4.0,GOES-16,1.648e-06,3.100e-03,,,,,-50.27823,-7.1997743,-723.86127,-113.76987,GOES-16_XRS,1,9300,0,3323
2023-06-03 00:22:00,2023-06-03 00:16:00,2023-06-03 00:27:00,202306030016,4.149e-06,C4.1,GOES-16,3.707e-06,2.399e-03,3.089e-03,,,,-50.49173,-7.7282133,-725.20776,-122.48428,GOES-16_XRS,2,9320,0,3323
2023-06-03 07:16:00,2023-06-03 07:09:00,2023-06-03 07:22:00,202306030709,2.052e-06,C2.0,GOES-16,1.449e-06,1.129e-03,1.541e-03,,,,-68.71857,-19.560875,-831.7428,-314.5966,GOES-16_XRS,1,9370,0,3323
2023-06-03 08:01:00,2023-06-03 07:53:00,2023-06-03 08:10:00,202306030753,1.773e-06,C1.7,GOES-16,1.267e-06,1.099e-03,1.765e-03,,,,-38.647278,-7.436026,-587.78705,-117.09735,GOES-16_XRS,1,9400,0,3323
2023-06-03 11:49:00,2023-06-03 11:44:00,2023-06-03 11:53:00,202306031144,2.944e-06,C2.9,GOES-16,1.985e-06,1.364e-03,1.647e-03,-21.0,9.0,SVI,-72.41803,-19.452385,-851.2365,-313.34976,GOES-16_XRS,1,9440,0,3320
2023-06-03 14:09:00,2023-06-03 14:01:00,2023-06-03 14:13:00,202306031401,2.229e-06,C2.2,GOES-16,1.612e-06,1.379e-03,1.604e-03,,,,52.338882,-15.877495,722.07855,-255.38246,GOES-16_XRS,1,9470,0,3319
2023-06-03 18:43:00,2023-06-03 18:33:00,2023-06-03 18:50:00,202306031833,3.464e-06,C3.4,GOES-16,1.384e-06,2.076e-03,2.873e-03,,,,-80.74133,-14.348249,-904.9368,-233.51338,GOES-16_XRS,1,9510,0,
2023-06-03 20:56:00,2023-06-03 20:48:00,2023-06-03 21:01:00,202306032048,3.298e-06,C3.2,GOES-16,1.679e-06,1.751e-03,2.184e-03,,,,-69.556335,-14.1472435,-860.6095,-229.35947,GOES-16_XRS,1,9550,0,
2023-06-03 21:47:00,2023-06-03 21:40:00,2023-06-03 22:08:00,202306032140,2.839e-06,C2.8,GOES-16,1.462e-06,1.362e-03,4.092e-03,66.0,-18.0,HOL,57.579334,-17.14394,764.63306,-276.21594,GOES-16_XRS,1,9560,0,3319
2023-06-03 23:10:00,2023-06-03 23:02:00,2023-06-03 23:21:00,202306032302,2.848e-06,C2.8,GOES-16,1.469e-06,1.714e-03,2.963e-03,,,,,,-914.88275,-247.94173,GOES-16_XRS,1,9570,0,3327
2023-06-04 00:15:00,2023-06-04 00:08:00,2023-06-04 00:18:00,202306040008,3.241e-06,C3.2,GOES-16,1.925e-06,1.636e-03,1.782e-03,,,,27.645386,-17.92018,419.13486,-287.00085,GOES-16_XRS,1,9580,0,3319
2023-06-04 01:18:00,2023-06-04 01:08:00,2023-06-04 01:25:00,202306040108,2.844e-06,C2.8,GOES-16,1.754e-06,1.940e-03,2.651e-03,,,,-59.8385,-13.825726,-795.74524,-223.5844,GOES-16_XRS,1,9590,0,3327
2023-06-04 02:01:00,2023-06-04 01:54:00,2023-06-04 02:13:00,202306040154,3.056e-06,C3.0,GOES-16,1.769e-06,1.581e-03,3.117e-03,,,,-70.410095,-17.028423,-853.1412,-275.4515,GOES-16_XRS,1,9610,0,3327
2023-06-04 03:45:00,2023-06-04 03:32:00,2023-06-04 03:58:00,202306040332,8.856e-06,C8.8,GOES-16,2.102e-06,5.755e-03,1.032e-02,,,,-33.402466,-10.064974,-514.5377,-161.15385,GOES-16_XRS,1,9630,0,3323
2023-06-04 04:23:00,2023-06-04 04:19:00,2023-06-04 04:26:00,202306040419,4.029e-06,C4.0,GOES-16,2.546e-06,1.600e-03,1.777e-03,,,,,,-932.5439,-278.73767,GOES-16_XRS,1,9640,0,3323
2023-06-04 08:59:00,2023-06-04 08:49:00,2023-06-04 09:08:00,202306040849,3.555e-06,C3.5,GOES-16,1.459e-06,2.256e-03,3.399e-03,-33.0,-10.0,SVI,-20.93341,8.902039,-335.20923,151.87248,GOES-16_XRS,1,9700,0,3323
2023-06-04 09:49:00,2023-06-04 09:40:00,2023-06-04 09:55:00,202306040940,3.436e-06,C3.4,GOES-16,1.509e-06,1.893e-03,2.469e-03,,,,,,-946.29095,-279.0112,GOES-16_XRS,1,9720,0,3327
2023-06-04 12:06:00,2023-06-04 11:56:00,2023-06-04 12:13:00,202306041156,4.543e-06,C4.5,GOES-16,1.621e-06,2.439e-03,3.399e-03,-30.0,-10.0,SVI,-31.859222,-8.521732,-495.5327,-136.40877,GOES-16_XRS,1,9770,0,3323
2023-06-04 14:30:00,2023-06-04 14:25:00,2023-06-04 14:45:00,202306041425,5.805e-06,C5.8,GOES-16,2.257e-06,2.208e-03,5.548e-03,-75.0,-17.0,HOL,-71.59494,-17.536058,-856.73035,-283.84607,GOES-16_XRS,1,9820,0,3327
2023-06-04 17:02:00,2023-06-04 16:55:00,2023-06-04 17:07:00,202306041655,3.691e-06,C3.6,GOES-16,2.683e-06,2.116e-03,2.669e-03,,,,-33.143494,-8.44098,-513.34436,-135.4746,GOES-16_XRS,1,9850,0,3323
2023-06-05 00:17:00,2023-06-04 23:59:00,2023-06-05 00:31:00,202306042359,5.003e-06,C5.0,GOES-16,2.822e-06,5.503e-03,8.573e-03,,,,-49.82498,-7.1871667,-718.91187,-116.05438,GOES-16_XRS,1,10,0,3320
2023-06-05 02:54:00,2023-06-05 02:48:00,2023-06-05 03:09:00,202306050248,4.046e-06,C4.0,GOES-16,2.635e-06,2.093e-03,4.952e-03,-23.0,-7.0,LEA,-14.470154,-6.3634644,-235.85353,-101.570435,GOES-16_XRS,1,40,0,3323
2023-06-05 06:38:00,2023-06-05 06:30:00,2023-06-05 06:47:00,202306050630,3.506e-06,C3.5,GOES-16,1.967e-06,2.091e-03,3.276e-03,2.0,10.0,LEA,9.927161,14.197002,158.7203,236.2799,GOES-16_XRS,1,70,0,3320
2023-06-05 10:10:00,2023-06-05 10:01:00,2023-06-05 10:20:00,202306051001,2.538e-06,C2.5,GOES-16,1.648e-06,1.642e-03,2.696e-03,,,,5.7338595,10.765299,93.21818,180.55928,GOES-16_XRS,1,90,0,
2023-06-05 11:14:00,2023-06-05 11:11:00,2023-06-05 11:22:00,202306051111,2.556e-06,C2.5,GOES-16,1.605e-06,9.465e-04,1.730e-03,-19.0,-8.0,SVI,,,930.6665,-242.41106,GOES-16_XRS,1,120,0,3323
2023-06-05 21:28:00,2023-06-05 21:19:00,2023-06-05 21:40:00,202306052119,3.611e-06,C3.6,GOES-16,1.561e-06,1.841e-03,3.625e-03,,,,70.07599,-15.85582,856.3193,-257.95004,GOES-16_XRS,1,210,0,
2023-06-06 01:03:00,2023-06-06 00:54:00,2023-06-06 01:14:00,202306060054,2.121e-06,C2.1,GOES-16,1.242e-06,1.325e-03,2.304e-03,,,,-49.847687,-15.883131,-697.0106,-258.24402,GOES-16_XRS,1,230,0,3327
2023-06-06 08:41:00,2023-06-06 08:28:00,2023-06-06 09:05:00,202306060828,5.609e-06,C5.6,GOES-16,1.788e-06,4.107e-03,9.770e-03,,,,-51.53946,-15.421139,-715.5822,-251.26994,GOES-16_XRS,1,320,0,3327
2023-06-06 09:14:00,2023-06-06 09:07:00,2023-06-06 09:20:00,202306060907,6.323e-06,C6.3,GOES-16,3.351e-06,3.426e-03,4.608e-03,,,,-49.990356,-16.054415,-697.83453,-261.37973,GOES-16_XRS,1,330,0,3327
2023-06-06 17:20:00,2023-06-06 17:13:00,2023-06-06 17:24:00,202306061713,2.492e-06,C2.4,GOES-16,1.418e-06,1.307e-03,1.531e-03,,,,-48.72339,-16.815025,-682.0472,-273.86377,GOES-16_XRS,1,340,0,
2023-06-06 18:32:00,2023-06-06 18:25:00,2023-06-06 18:50:00,202306061825,2.193e-06,C2.1,GOES-16,1.554e-06,1.229e-03,3.172e-03,,,,-39.203217,-10.176803,-590.178,-167.20734,GOES-16_XRS,1,350,0,
2023-06-06 19:00:00,2023-06-06 18:55:00,2023-06-06 19:04:00,202306061855,7.504e-06,C7.5,GOES-16,1.751e-06,2.604e-03,3.105e-03,-50.0,-17.0,HOL,-45.09088,-15.994191,-645.5957,-260.9532,GOES-16_XRS,1,360,0,3327
2023-06-07 03:40:00,2023-06-07 03:32:00,2023-06-07 03:43:00,202306070332,1.960e-06,C1.9,GOES-16,1.336e-06,1.146e-03,1.243e-03,,,,-40.449707,-7.200607,-610.5534,-119.06989,GOES-16_XRS,1,410,0,
2023-06-07 06:45:00,2023-06-07 06:16:00,2023-06-07 07:08:00,202306070616,7.154e-06,C7.1,GOES-16,1.351e-06,9.409e-03,1.644e-02,-42.0,-17.0,LEA,-39.47345,-20.116352,-566.14404,-326.53748,GOES-16_XRS,1,440,0,3327
2023-06-07 09:13:00,2023-06-07 09:01:00,2023-06-07 09:36:00,202306070901,2.789e-06,C2.7,GOES-16,1.818e-06,2.338e-03,5.568e-03,,,,-75.95465,-20.975458,-857.11053,-338.8744,GOES-16_XRS,1,450,0,3327
2023-06-07 11:46:00,2023-06-07 11:18:00,2023-06-07 11:58:00,202306071118,4.722e-05,M4.7,GOES-16,1.855e-06,4.037e-02,5.866e-02,,,,-36.626923,-15.164085,-546.23224,-248.84001,GOES-16_XRS,1,460,0,3327
2023-06-07 15:55:00,2023-06-07 15:48:00,2023-06-07 16:01:00,202306071548,2.148e-06,C2.1,GOES-16,1.388e-06,1.199e-03,1.632e-03,,,,,,-874.3257,-361.5287,GOES-16_XRS,1,550,0,
2023-06-07 18:29:00,2023-06-07 18:25:00,,202306071825,8.785e-06,C8.7,GOES-16,1.157e-06,2.601e-03,,-34.0,-17.0,HOL,-33.680603,-15.312845,-507.42944,-251.71349,GOES-16_XRS,1,570,0,3327
2023-06-07 18:50:00,2023-06-07 18:46:00,2023-06-07 18:53:00,202306071846,7.015e-06,C7.0,GOES-16,6.337e-06,3.209e-03,3.570e-03,,,,-33.3356,-15.464562,-502.47397,-254.16536,GOES-16_XRS,2,,0,
2023-06-08 02:16:00,2023-06-08 02:09:00,2023-06-08 02:21:00,202306080209,1.672e-06,C1.6,GOES-16,1.226e-06,9.531e-04,1.212e-03,,,,-31.676788,-15.31969,-480.4989,-252.39134,GOES-16_XRS,1,610,0,3327
2023-06-08 02:58:00,2023-06-08 02:48:00,2023-06-08 03:05:00,202306080248,3.224e-06,C3.2,GOES-16,1.341e-06,1.910e-03,2.611e-03,-28.0,-15.0,LEA,-33.755157,-16.184694,-506.2085,-266.14722,GOES-16_XRS,1,620,0,3327
2023-06-08 04:59:00,2023-06-08 04:43:00,2023-06-08 05:10:00,202306080443,7.316e-06,C7.3,GOES-16,1.242e-06,4.750e-03,7.418e-03,-31.0,-17.0,LEA,-28.297455,-15.458525,-433.5219,-254.88745,GOES-16_XRS,1,630,0,3327
2023-06-08 07:58:00,2023-06-08 07:49:00,2023-06-08 08:09:00,202306080749,2.054e-06,C2.0,GOES-16,1.090e-06,1.350e-03,2.273e-03,,,,49.63297,13.793945,701.35956,224.3721,GOES-16_XRS,1,650,0,
2023-06-08 10:24:00,2023-06-08 10:08:00,2023-06-08 10:36:00,202306081008,4.832e-06,C4.8,GOES-16,1.666e-06,3.908e-03,6.122e-03,,,,76.58552,11.805488,900.82275,192.92914,GOES-16_XRS,1,660,0,
2023-06-08 16:56:00,2023-06-08 16:50:00,2023-06-08 17:02:00,202306081650,1.880e-06,C1.8,GOES-16,1.171e-06,9.181e-04,1.291e-03,-20.0,-14.0,HOL,-18.812988,-21.42329,-284.8624,-349.53143,GOES-16_XRS,1,680,0,3327
2023-06-09 00:07:00,2023-06-08 23:56:00,2023-06-09 00:23:00,202306082356,2.178e-06,C2.1,GOES-16,1.093e-06,1.522e-03,3.131e-03,,,,-4.483673,-13.721018,-72.0903,-228.96776,GOES-16_XRS,1,740,0,3327
2023-06-09 01:24:00,2023-06-09 01:15:00,2023-06-09 01:32:00,202306090115,1.988e-06,C1.9,GOES-16,9.610e-07,1.156e-03,1.724e-03,-57.0,-22.0,LEA,-44.735962,-19.255661,-629.8779,-315.32098,GOES-16_XRS,1,750,0,3331
2023-06-09 13:44:00,2023-06-09 13:34:00,2023-06-09 13:54:00,202306091334,3.106e-06,C3.1,GOES-16,1.182e-06,1.820e-03,2.971e-03,-9.0,-13.0,HOL,-10.808807,-12.374423,-173.86087,-208.26158,GOES-16_XRS,1,840,0,3327
2023-06-09 14:40:00,2023-06-09 14:28:00,2023-06-09 14:48:00,202306091428,4.519e-06,C4.5,GOES-16,1.263e-06,2.524e-03,3.605e-03,-9.0,-18.0,HOL,-7.123871,-16.494673,-112.85929,-274.36816,GOES-16_XRS,1,860,0,3327
2023-06-09 17:11:00,2023-06-09 16:48:00,2023-06-09 17:24:00,202306091648,2.505e-05,M2.5,GOES-16,1.350e-06,1.881e-02,2.983e-02,,,,-47.578003,-20.159899,-656.7297,-329.9975,GOES-16_XRS,1,900,0,3331
2023-06-09 23:15:00,2023-06-09 23:08:00,2023-06-09 23:21:00,202306092308,1.488e-06,C1.4,GOES-16,1.055e-06,8.413e-04,1.148e-03,,,,42.55898,-11.513386,628.3175,-193.45093,GOES-16_XRS,1,940,0,3323
2023-06-09 23:42:00,2023-06-09 23:34:00,2023-06-09 23:47:00,202306092334,2.397e-06,C2.3,GOES-16,1.178e-06,1.240e-03,1.557e-03,,,,63.117874,-12.033191,825.9665,-199.99292,GOES-16_XRS,1,950,0,3321
2023-06-10 02:20:00,2023-06-10 02:13:00,,202306100213,1.251e-06,C1.2,GOES-16,8.956e-07,7.043e-04,,,,,55.25608,-3.3797803,777.1174,-59.324253,GOES-16_XRS,1,980,0,3323
2023-06-10 02:33:00,2023-06-10 02:27:00,2023-06-10 02:37:00,202306100227,1.158e-06,C1.1,GOES-16,1.082e-06,6.748e-04,8.086e-04,,,,46.81317,-0.95326275,691.0326,-19.961798,GOES-16_XRS,2,970,0,3323
2023-06-10 03:32:00,2023-06-10 03:24:00,2023-06-10 03:45:00,202306100324,1.564e-06,C1.5,GOES-16,1.114e-06,9.755e-04,1.881e-03,,,,55.683247,-7.430487,775.8625,-125.977715,GOES-16_XRS,1,990,0,3323
2023-06-10 15:34:00,2023-06-10 15:29:00,2023-06-10 15:41:00,202306101529,1.341e-06,C1.3,GOES-16,8.501e-07,6.008e-04,9.395e-04,13.0,-13.0,SVI,6.9979873,-15.293423,111.52753,-257.21426,GOES-16_XRS,1,1000,0,3327
2023-06-10 18:22:00,2023-06-10 18:15:00,,202306101815,1.217e-06,C1.2,GOES-16,8.731e-07,6.872e-04,,,,,-30.278198,4.3582163,-476.89246,65.671,GOES-16_XRS,1,,0,
2023-06-10 18:51:00,2023-06-10 18:25:00,2023-06-10 18:56:00,202306101825,4.592e-06,C4.5,GOES-16,1.180e-06,3.641e-03,4.150e-03,14.0,-12.0,HOL,6.114272,-16.35288,96.98825,-274.32355,GOES-16_XRS,2,1010,0,3327
2023-06-10 21:06:00,2023-06-10 20:59:00,2023-06-10 21:10:00,202306102059,3.806e-06,C3.8,GOES-16,1.401e-06,1.530e-03,1.835e-03,,,,78.84813,-7.5963674,919.65045,-126.47054,GOES-16_XRS,1,1020,0,3323
2023-06-10 21:16:00,2023-06-10 21:10:00,2023-06-10 21:24:00,202306102110,5.771e-06,C5.7,GOES-16,2.485e-06,2.661e-03,4.338e-03,,,,62.289013,-4.7971454,835.2964,-82.73412,GOES-16_XRS,1,1030,0,3323
2023-06-11 02:02:00,2023-06-11 01:55:00,2023-06-11 02:06:00,202306110155,2.816e-06,C2.8,GOES-16,1.063e-06,1.162e-03,1.364e-03,72.0,-6.0,LEA,66.89294,-6.333602,865.23987,-107.55538,GOES-16_XRS,1,1040,0,3323
2023-06-11 04:50:00,2023-06-11 04:41:00,2023-06-11 04:59:00,202306110441,1.732e-06,C1.7,GOES-16,1.010e-06,1.093e-03,1.688e-03,,,,20.885258,-11.620301,331.29858,-198.70761,GOES-16_XRS,1,1050,0,3327
2023-06-11 05:39:00,2023-06-11 05:30:00,2023-06-11 05:45:00,202306110530,1.891e-06,C1.8,GOES-16,9.875e-07,1.114e-03,1.463e-03,,,,24.29995,-8.195198,386.417,-142.7914,GOES-16_XRS,1,1060,0,3327
2023-06-11 06:31:00,2023-06-11 06:21:00,2023-06-11 06:36:00,202306110621,3.381e-06,C3.3,GOES-16,9.130e-07,1.694e-03,2.055e-03,,,,70.861916,-5.554818,889.6967,-94.33724,GOES-16_XRS,1,1070,0,3321
2023-06-11 14:44:00,2023-06-11 14:36:00,,202306111436,1.778e-06,C1.7,GOES-16,1.217e-06,1.096e-03,,17.0,-16.0,SVI,20.332928,-0.6004397,329.67264,-18.511879,GOES-16_XRS,1,1080,0,3327
2023-06-11 15:02:00,2023-06-11 14:56:00,2023-06-11 15:06:00,202306111456,2.177e-06,C2.1,GOES-16,1.629e-06,1.129e-03,1.348e-03,,,,18.08801,6.326256,292.80414,95.89072,GOES-16_XRS,2,,0,
2023-06-12 03:15:00,2023-06-12 03:06:00,2023-06-12 03:21:00,202306120306,1.805e-06,C1.8,GOES-16,1.215e-06,1.183e-03,1.545e-03,,,,,,945.6228,-76.474846,GOES-16_XRS,1,1130,0,
2023-06-12 06:58:00,2023-06-12 06:49:00,2023-06-12 07:00:00,202306120649,5.249e-06,C5.2,GOES-16,1.349e-06,1.962e-03,2.092e-03,44.0,17.0,LEA,44.939053,15.80424,644.0645,250.9412,GOES-16_XRS,1,1150,0,3330
2023-06-12 08:55:00,2023-06-12 08:47:00,2023-06-12 09:01:00,202306120847,2.604e-06,C2.6,GOES-16,1.312e-06,1.398e-03,1.870e-03,,,,,,982.4072,-53.047836,GOES-16_XRS,1,1160,0,3323
2023-06-12 10:04:00,2023-06-12 09:53:00,,202306120953,3.702e-06,C3.7,GOES-16,1.277e-06,2.429e-03,,,,,,,-945.4774,275.4631,GOES-16_XRS,1,1170,0,
2023-06-12 10:23:00,2023-06-12 10:19:00,2023-06-12 10:25:00,202306121019,2.934e-06,C2.9,GOES-16,2.808e-06,1.374e-03,1.539e-03,,,,-48.500946,18.332863,-673.55524,291.20825,GOES-16_XRS,2,1170,0,
2023-06-12 13:19:00,2023-06-12 13:09:00,2023-06-12 13:24:00,202306121309,2.729e-06,C2.7,GOES-16,1.106e-06,1.607e-03,1.938e-03,30.0,-19.0,HOL,55.71273,-7.23835,776.2445,-125.46108,GOES-16_XRS,1,1200,0,3327
2023-06-12 20:26:00,2023-06-12 20:19:00,2023-06-12 20:32:00,202306122019,3.308e-06,C3.3,GOES-16,1.094e-06,1.543e-03,2.087e-03,-4.0,-24.0,HOL,-3.2601624,-20.476776,-50.541054,-342.69083,GOES-16_XRS,1,1280,0,3331
2023-06-12 21:44:00,2023-06-12 21:36:00,2023-06-12 21:52:00,202306122136,2.224e-06,C2.2,GOES-16,1.580e-06,1.374e-03,2.077e-03,,,,,,-918.35944,253.63203,GOES-16_XRS,1,1290,0,
2023-06-12 23:13:00,2023-06-12 23:08:00,,202306122308,1.959e-06,C1.9,GOES-16,1.366e-06,8.981e-04,,,,,-47.94696,14.88186,-679.88586,235.65457,GOES-16_XRS,1,1310,0,
2023-06-12 23:27:00,2023-06-12 23:16:00,2023-06-12 23:37:00,202306122316,5.184e-06,C5.1,GOES-16,1.676e-06,2.707e-03,4.547e-03,,,,34.794804,-14.039393,524.83026,-239.40073,GOES-16_XRS,2,1320,0,
2023-06-13 12:07:00,2023-06-13 11:57:00,2023-06-13 12:19:00,202306131157,4.918e-06,C4.9,GOES-16,1.613e-06,2.823e-03,5.078e-03,45.0,26.0,SVI,-66.45657,-14.315427,-840.50275,-238.91457,GOES-16_XRS,1,1430,0,3329
2023-06-13 12:45:00,2023-06-13 12:41:00,2023-06-13 12:49:00,202306131241,2.169e-06,C2.1,GOES-16,1.396e-06,8.637e-04,1.065e-03,,,,-70.20502,-14.068116,-863.35425,-234.15567,GOES-16_XRS,1,1440,0,3333
2023-06-13 14:34:00,2023-06-13 14:23:00,2023-06-13 14:38:00,202306131423,2.005e-06,C2.0,GOES-16,1.267e-06,1.479e-03,1.668e-03,,,,,,-1007.0326,-203.9383,GOES-16_XRS,1,1460,0,
2023-06-13 15:14:00,2023-06-13 15:03:00,2023-06-13 15:31:00,202306131503,1.826e-06,C1.8,GOES-16,1.156e-06,1.370e-03,2.824e-03,,,,47.40312,-15.156071,673.1168,-256.2414,GOES-16_XRS,1,1470,0,3327
2023-06-13 17:38:00,2023-06-13 17:30:00,2023-06-13 17:43:00,202306131730,6.356e-06,C6.3,GOES-16,1.126e-06,1.997e-03,2.622e-03,-73.0,16.0,HOL,-66.76196,14.922309,-840.10223,238.54767,GOES-16_XRS,1,1480,0,3334
2023-06-13 20:05:00,2023-06-13 20:00:00,,202306132000,1.888e-06,C1.8,GOES-16,1.347e-06,8.983e-04,,,,,,,-972.2651,-452.11996,GOES-16_XRS,1,1510,0,
2023-06-13 20:26:00,2023-06-13 20:20:00,2023-06-13 20:41:00,202306132020,2.156e-06,C2.1,GOES-16,1.640e-06,1.162e-03,3.279e-03,-82.0,-21.0,HOL,,,-1036.8337,-371.55963,GOES-16_XRS,2,1550,0,
2023-06-13 23:36:00,2023-06-13 23:29:00,,202306132329,2.034e-06,C2.0,GOES-16,1.476e-06,1.164e-03,,,,,-58.76828,-21.991932,-750.48206,-361.0649,GOES-16_XRS,1,1540,0,
2023-06-13 23:45:00,2023-06-13 23:39:00,2023-06-13 23:49:00,202306132339,2.171e-06,C2.1,GOES-16,1.939e-06,1.230e-03,1.470e-03,,,,,,-900.0791,-365.6997,GOES-16_XRS,2,1560,0,
2023-06-14 09:05:00,2023-06-14 08:54:00,2023-06-14 09:15:00,202306140854,1.897e-06,C1.8,GOES-16,1.273e-06,1.541e-03,2.343e-03,,,,-11.201569,-18.454607,-174.77687,-313.81915,GOES-16_XRS,1,1780,0,3333
2023-06-14 09:31:00,2023-06-14 09:28:00,2023-06-14 09:34:00,202306140928,2.005e-06,C2.0,GOES-16,1.343e-06,7.089e-04,7.984e-04,-74.0,-15.0,SVI,58.386948,24.793016,731.7842,389.91132,GOES-16_XRS,1,1790,0,3335
2023-06-14 10:09:00,2023-06-14 10:01:00,2023-06-14 10:20:00,202306141001,1.649e-06,C1.6,GOES-16,1.163e-06,1.059e-03,1.844e-03,,,,-36.20215,-7.866804,-554.60077,-141.48189,GOES-16_XRS,1,1810,0,
2023-06-14 15:16:00,2023-06-14 15:04:00,2023-06-14 15:18:00,202306141504,3.742e-06,C3.7,GOES-16,1.205e-06,2.059e-03,2.173e-03,-67.0,-15.0,HOL,-66.67209,-13.286638,-845.4873,-223.22202,GOES-16_XRS,1,1870,0,3335
2023-06-14 19:21:00,2023-06-14 19:16:00,2023-06-14 19:24:00,202306141916,1.809e-06,C1.8,GOES-16,1.042e-06,8.077e-04,8.864e-04,-66.0,-14.0,HOL,-64.2027,-11.822225,-833.86664,-200.41193,GOES-16_XRS,1,1920,0,3335
2023-06-14 20:37:00,2023-06-14 20:29:00,2023-06-14 20:42:00,202306142029,3.651e-06,C3.6,GOES-16,9.318e-07,1.384e-03,1.776e-03,-65.0,-14.0,HOL,-65.63638,-14.499177,-834.41254,-243.05008,GOES-16_XRS,1,1930,0,3335
2023-06-14 22:11:00,2023-06-14 22:03:00,2023-06-14 22:17:00,202306142203,1.993e-06,C1.9,GOES-16,1.028e-06,1.072e-03,1.443e-03,-64.0,-14.0,HOL,-60.83911,-11.398041,-810.196,-194.50351,GOES-16_XRS,1,1950,0,3335
2023-06-14 22:59:00,2023-06-14 22:48:00,2023-06-14 23:07:00,202306142248,6.658e-06,C6.6,GOES-16,1.161e-06,3.015e-03,4.571e-03,56.0,-17.0,HOL,61.48544,-12.705411,811.23334,-215.4502,GOES-16_XRS,1,1960,0,3327
2023-06-14 23:38:00,2023-06-14 23:29:00,2023-06-14 23:49:00,202306142329,5.042e-06,C5.0,GOES-16,1.988e-06,3.056e-03,5.188e-03,,,,,,-1112.029,246.40398,GOES-16_XRS,1,1990,0,3338
2023-06-15 01:31:00,2023-06-15 01:23:00,2023-06-15 01:37:00,202306150123,2.415e-06,C2.4,GOES-16,1.574e-06,1.549e-03,2.021e-03,-66.0,-15.0,LEA,-64.868164,-15.329687,-826.0961,-256.62848,GOES-16_XRS,1,2010,0,3335
2023-06-15 03:17:00,2023-06-15 03:13:00,2023-06-15 03:25:00,202306150313,6.028e-06,C6.0,GOES-16,1.266e-06,1.843e-03,3.248e-03,,,,-61.890198,-19.954557,-784.5468,-330.01825,GOES-16_XRS,1,2020,0,3336
2023-06-15 12:55:00,2023-06-15 12:33:00,2023-06-15 13:49:00,202306151233,9.750e-06,C9.7,GOES-16,1.230e-06,8.556e-03,3.239e-02,-61.0,-22.0,HOL,-65.53122,-22.766012,-793.9277,-372.44614,GOES-16_XRS,1,2200,0,3336
2023-06-15 17:17:00,2023-06-15 17:12:00,2023-06-15 17:29:00,202306151712,2.891e-06,C2.8,GOES-16,1.876e-06,1.326e-03,2.854e-03,-77.0,13.0,HOL,,,-956.6606,202.79834,GOES-16_XRS,1,2250,0,3338
2023-06-16 02:43:00,2023-06-16 02:33:00,,202306160233,2.806e-06,C2.8,GOES-16,1.372e-06,1.633e-03,,,,,36.940617,18.215645,540.96265,282.46585,GOES-16_XRS,1,2340,0,3329
2023-06-16 02:54:00,2023-06-16 02:46:00,2023-06-16 03:00:00,202306160246,3.525e-06,C3.5,GOES-16,2.392e-06,2.168e-03,2.879e-03,,,,-21.519379,10.454637,-342.0692,155.50899,GOES-16_XRS,2,2350,0,3338
2023-06-16 03:54:00,2023-06-16 03:47:00,2023-06-16 03:57:00,202306160347,2.531e-06,C2.5,GOES-16,1.670e-06,1.329e-03,1.445e-03,,,,,,957.5298,-218.56805,GOES-16_XRS,1,2360,0,3327
2023-06-16 05:30:00,2023-06-16 05:21:00,2023-06-16 05:40:00,202306160521,1.039e-05,M1.0,GOES-16,1.755e-06,4.803e-03,8.151e-03,,,,-70.817566,18.05039,-849.1948,287.26343,GOES-16_XRS,1,2370,0,3337
2023-06-16 06:19:00,2023-06-16 06:09:00,2023-06-16 06:31:00,202306160609,3.264e-06,C3.2,GOES-16,1.739e-06,2.186e-03,3.866e-03,,,,58.20454,-11.129777,789.33356,-192.1394,GOES-16_XRS,1,2380,0,3327
2023-06-16 09:04:00,2023-06-16 08:49:00,2023-06-16 09:10:00,202306160849,3.543e-06,C3.5,GOES-16,1.212e-06,2.441e-03,3.019e-03,,,,60.06369,23.230824,753.5485,364.67615,GOES-16_XRS,1,2390,0,3329
2023-06-16 10:38:00,2023-06-16 10:20:00,2023-06-16 10:58:00,202306161020,1.082e-05,M1.0,GOES-16,1.340e-06,8.887e-03,1.745e-02,,,,-62.30951,13.01783,-816.33563,204.65196,GOES-16_XRS,1,2400,0,3338
2023-06-16 13:24:00,2023-06-16 13:16:00,2023-06-16 13:29:00,202306161316,2.788e-06,C2.7,GOES-16,2.012e-06,1.748e-03,2.173e-03,42.0,-23.0,HOL,35.75403,-21.828863,513.92847,-366.49008,GOES-16_XRS,1,2410,0,3331
2023-06-16 16:16:00,2023-06-16 16:12:00,2023-06-16 16:21:00,202306161612,1.908e-06,C1.9,GOES-16,1.309e-06,8.082e-04,1.090e-03,,,,,,891.1858,500.63562,GOES-16_XRS,1,2440,0,3329
2023-06-16 19:59:00,2023-06-16 19:52:00,2023-06-16 20:06:00,202306161952,1.053e-05,M1.0,GOES-16,1.321e-06,3.083e-03,4.927e-03,,,,47.061443,-24.914484,628.67883,-410.81076,GOES-16_XRS,1,2480,0,3331
2023-06-16 21:41:00,2023-06-16 21:34:00,2023-06-16 21:47:00,202306162134,2.188e-06,C2.1,GOES-16,1.504e-06,1.218e-03,1.663e-03,,,,-26.387054,-17.438007,-401.91928,-300.75653,GOES-16_XRS,1,2490,0,3335
2023-06-17 16:14:00,2023-06-17 16:07:00,2023-06-17 16:20:00,202306171607,2.284e-06,C2.2,GOES-16,1.330e-06,1.245e-03,1.672e-03,,,,-63.165527,-16.770752,-808.2271,-282.0052,GOES-16_XRS,1,2610,0,3339
2023-06-17 16:57:00,2023-06-17 16:53:00,2023-06-17 17:04:00,202306171653,4.433e-06,C4.4,GOES-16,1.574e-06,1.520e-03,2.424e-03,,,,-24.024475,-16.342987,-370.33603,-285.23557,GOES-16_XRS,1,2630,0,3335
2023-06-17 22:02:00,2023-06-17 21:50:00,2023-06-17 22:08:00,202306172150,1.714e-06,C1.7,GOES-16,1.106e-06,1.405e-03,1.748e-03,,,,-51.96756,12.89397,-726.9261,198.25705,GOES-16_XRS,1,2680,0,
2023-06-17 23:54:00,2023-06-17 23:46:00,,202306172346,2.149e-06,C2.1,GOES-16,1.426e-06,1.276e-03,,,,,-36.32553,-10.445966,-552.0009,-188.9805,GOES-16_XRS,1,2700,0,3339
2023-06-18 00:12:00,2023-06-18 00:03:00,2023-06-18 00:17:00,202306180003,2.019e-06,C2.0,GOES-16,1.829e-06,1.485e-03,1.830e-03,,,,16.750244,9.221761,269.7549,131.33386,GOES-16_XRS,2,2720,0,3335
2023-06-18 00:31:00,2023-06-18 00:25:00,2023-06-18 00:39:00,202306180025,1.326e-05,M1.3,GOES-16,1.830e-06,4.212e-03,7.109e-03,,,,-25.350708,-22.238882,-375.5915,-376.82156,GOES-16_XRS,1,2730,0,3336
2023-06-18 02:08:00,2023-06-18 02:04:00,2023-06-18 02:12:00,202306180204,1.766e-06,C1.7,GOES-16,1.182e-06,7.211e-04,8.932e-04,,,,-53.357727,13.263313,-739.3221,204.40733,GOES-16_XRS,1,2740,0,3340
2023-06-18 05:05:00,2023-06-18 04:50:00,2023-06-18 05:14:00,202306180450,2.584e-06,C2.5,GOES-16,1.300e-06,2.318e-03,3.179e-03,,,,-24.250153,14.812599,-376.41196,222.74281,GOES-16_XRS,1,2760,0,3334
2023-06-18 05:35:00,2023-06-18 05:31:00,2023-06-18 05:43:00,202306180531,2.114e-06,C2.1,GOES-16,1.461e-06,8.651e-04,1.511e-03,-18.0,-15.0,SVI,-20.127136,-15.119148,-314.92737,-267.34113,GOES-16_XRS,1,2770,0,3335
2023-06-18 13:53:00,2023-06-18 13:25:00,2023-06-18 14:13:00,202306181325,2.522e-05,M2.5,GOES-16,2.093e-06,2.818e-02,4.825e-02,-22.0,-25.0,SVI,-21.14392,-22.848206,-315.05035,-387.5793,GOES-16_XRS,1,2880,0,3336
2023-06-18 22:39:00,2023-06-18 22:25:00,,202306182225,2.714e-06,C2.7,GOES-16,1.643e-06,2.469e-03,,,,,-76.60358,-10.223768,-904.7158,-173.04918,GOES-16_XRS,1,2940,0,3336
2023-06-18 22:47:00,2023-06-18 22:43:00,2023-06-18 22:49:00,202306182243,3.004e-06,C3.0,GOES-16,2.630e-06,1.352e-03,1.506e-03,,,,-42.822266,-16.159937,-618.32294,-280.13385,GOES-16_XRS,2,2950,0,3336
2023-06-19 02:08:00,2023-06-19 01:46:00,2023-06-19 02:37:00,202306190146,6.096e-06,C6.0,GOES-16,1.757e-06,6.785e-03,1.472e-02,,,,-30.133606,16.139465,-457.00494,243.50742,GOES-16_XRS,1,2970,0,3338
2023-06-19 03:50:00,2023-06-19 03:37:00,2023-06-19 03:57:00,202306190337,1.478e-05,M1.4,GOES-16,2.107e-06,7.744e-03,1.051e-02,,,,-81.48337,-11.390564,-915.832,-189.98033,GOES-16_XRS,1,2990,0,3341
2023-06-19 04:14:00,2023-06-19 04:08:00,2023-06-19 04:25:00,202306190408,2.894e-06,C2.8,GOES-16,2.101e-06,1.598e-03,3.015e-03,,,,-3.8285522,-17.468729,-60.38874,-307.43335,GOES-16_XRS,1,3000,0,3335
2023-06-19 07:14:00,2023-06-19 07:05:00,2023-06-19 07:30:00,202306190705,1.901e-06,C1.9,GOES-16,1.316e-06,1.289e-03,2.709e-03,,,,-47.24893,24.611483,-632.05426,379.17645,GOES-16_XRS,1,3030,0,3340
2023-06-19 11:46:00,2023-06-19 11:35:00,2023-06-19 12:01:00,202306191135,2.371e-06,C2.3,GOES-16,1.443e-06,1.755e-03,3.363e-03,-50.0,23.0,SVI,-39.953064,27.50419,-539.4059,420.43732,GOES-16_XRS,1,3100,0,3340
2023-06-19 12:14:00,2023-06-19 12:06:00,2023-06-19 12:17:00,202306191206,1.188e-05,M1.1,GOES-16,1.788e-06,5.229e-03,5.434e-03,-79.0,-13.0,SVI,-77.62482,-12.542952,-900.91693,-210.28792,GOES-16_XRS,1,3110,0,3341
2023-06-19 16:23:00,2023-06-19 16:15:00,2023-06-19 16:30:00,202306191615,3.304e-06,C3.3,GOES-16,1.586e-06,1.726e-03,2.484e-03,0.0,-17.0,HOL,-1.8206787,-15.321665,-29.05412,-274.60672,GOES-16_XRS,1,3150,0,3335
2023-06-19 16:59:00,2023-06-19 16:52:00,2023-06-19 17:01:00,202306191652,2.451e-06,C2.4,GOES-16,1.440e-06,1.262e-03,1.366e-03,60.0,-22.0,HOL,63.143253,-24.52454,767.6111,-402.71246,GOES-16_XRS,1,3170,0,3342
2023-06-19 17:13:00,2023-06-19 17:09:00,,202306191709,2.378e-06,C2.3,GOES-16,1.511e-06,1.007e-03,,3.0,-18.0,SVI,-1.3588867,-14.404749,-21.779228,-260.1244,GOES-16_XRS,1,3180,0,3335
2023-06-19 17:34:00,2023-06-19 17:25:00,2023-06-19 17:43:00,202306191725,2.276e-06,C2.2,GOES-16,1.983e-06,1.703e-03,2.624e-03,,,,24.25209,-16.290462,373.6694,-287.7653,GOES-16_XRS,2,,0,
2023-06-19 18:46:00,2023-06-19 18:39:00,2023-06-19 18:50:00,202306191839,2.208e-06,C2.2,GOES-16,1.346e-06,1.160e-03,1.356e-03,0.0,-15.0,HOL,5.139674,-13.983472,82.42372,-253.43977,GOES-16_XRS,1,3190,0,3335
2023-06-20 00:32:00,2023-06-20 00:17:00,2023-06-20 00:47:00,202306200017,4.414e-06,C4.4,GOES-16,2.380e-06,4.113e-03,7.057e-03,61.0,-22.0,LEA,48.26065,-22.583683,652.1755,-379.1744,GOES-16_XRS,1,3230,0,3342
2023-06-20 03:32:00,2023-06-20 03:25:00,2023-06-20 03:49:00,202306200325,4.777e-06,C4.7,GOES-16,2.698e-06,2.463e-03,6.218e-03,34.0,-13.0,LEA,-4.010071,-17.056778,-63.385082,-302.7433,GOES-16_XRS,1,3270,0,3333
2023-06-20 04:54:00,2023-06-20 04:47:00,2023-06-20 05:04:00,202306200447,5.991e-06,C5.9,GOES-16,1.588e-06,2.195e-03,4.209e-03,66.0,-22.0,SVI,-35.31726,19.721249,-515.5405,299.54575,GOES-16_XRS,1,3280,0,3342
2023-06-20 11:06:00,2023-06-20 10:47:00,,202306201047,8.642e-06,C8.6,GOES-16,1.576e-06,6.653e-03,,-75.0,-20.0,SVI,23.070206,-19.674198,349.67575,-341.9395,GOES-16_XRS,1,3400,0,3341
2023-06-20 11:13:00,2023-06-20 11:09:00,,202306201109,1.055e-05,M1.0,GOES-16,8.121e-06,4.592e-03,,,,,24.488234,-19.500357,370.27048,-339.00143,GOES-16_XRS,2,,0,
2023-06-20 11:25:00,2023-06-20 11:17:00,2023-06-20 11:34:00,202306201117,1.835e-05,M1.8,GOES-16,9.337e-06,1.004e-02,1.636e-02,,,,52.876625,-20.976057,704.5577,-353.60062,GOES-16_XRS,3,,0,
2023-06-20 12:20:00,2023-06-20 12:11:00,2023-06-20 12:27:00,202306201211,7.859e-06,C7.8,GOES-16,2.927e-06,3.855e-03,5.571e-03,67.0,-21.0,SVI,63.00425,-22.73351,777.20667,-376.4611,GOES-16_XRS,1,3420,0,3342
2023-06-20 13:09:00,2023-06-20 13:00:00,2023-06-20 13:12:00,202306201300,5.806e-06,C5.8,GOES-16,3.295e-06,3.479e-03,3.715e-03,69.0,-21.0,HOL,10.057454,-20.056929,155.50157,-349.69135,GOES-16_XRS,1,3430,0,3342
2023-06-20 13:46:00,2023-06-20 13:42:00,,202306201342,3.295e-06,C3.2,GOES-16,2.191e-06,1.418e-03,,,,,81.34262,-18.9205,883.30994,-309.944,GOES-16_XRS,1,3480,0,3342
2023-06-20 13:56:00,2023-06-20 13:49:00,2023-06-20 13:59:00,202306201349,3.461e-06,C3.4,GOES-16,3.011e-06,2.160e-03,2.348e-03,,,,,,1006.89825,-383.71356,GOES-16_XRS,2,,0,
2023-06-20 14:07:00,2023-06-20 14:00:00,2023-06-20 14:11:00,202306201400,7.877e-06,C7.8,GOES-16,3.177e-06,3.497e-03,4.077e-03,,,,67.44255,-21.433907,812.73126,-354.90237,GOES-16_XRS,1,3530,0,3342
2023-06-20 14:41:00,2023-06-20 14:36:00,2023-06-20 14:46:00,202306201436,5.003e-06,C5.0,GOES-16,2.006e-06,1.879e-03,2.490e-03,-39.0,-18.0,SVI,64.17146,-21.298435,793.0533,-354.22464,GOES-16_XRS,1,3490,0,3339
2023-06-20 15:34:00,2023-06-20 15:23:00,,202306201523,6.961e-06,C6.9,GOES-16,2.550e-06,3.849e-03,,,,,57.545246,-19.240591,753.73883,-325.26376,GOES-16_XRS,1,3500,0,3341
2023-06-20 15:42:00,2023-06-20 15:37:00,,202306201537,7.147e-06,C7.1,GOES-16,5.505e-06,3.409e-03,,-68.0,-12.0,SVI,51.06672,-19.384304,694.50415,-329.9542,GOES-16_XRS,2,3540,0,3341
2023-06-20 15:48:00,2023-06-20 15:44:00,2023-06-20 15:54:00,202306201544,1.027e-05,M1.0,GOES-16,6.456e-06,4.232e-03,6.228e-03,,,,53.326344,-21.333712,706.97876,-359.09296,GOES-16_XRS,3,,0,
2023-06-20 16:33:00,2023-06-20 16:27:00,2023-06-20 16:36:00,202306201627,1.103e-05,M1.1,GOES-16,3.768e-06,3.792e-03,4.092e-03,69.0,-22.0,SVI,74.23219,-23.721487,832.57416,-386.69446,GOES-16_XRS,1,3510,0,3342
2023-06-20 17:09:00,2023-06-20 16:42:00,2023-06-20 17:25:00,202306201642,1.093e-04,X1.0,GOES-16,3.446e-06,7.981e-02,1.422e-01,,,,-77.59961,-17.479834,-880.1359,-289.1929,GOES-16_XRS,1,3520,0,3341
2023-06-21 00:47:00,2023-06-21 00:40:00,2023-06-21 00:53:00,202306210040,2.555e-06,C2.5,GOES-16,1.808e-06,1.473e-03,1.995e-03,78.0,-20.0,LEA,,,1006.0518,-328.34702,GOES-16_XRS,1,3630,0,3342
2023-06-21 03:15:00,2023-06-21 03:00:00,,202306210300,3.524e-06,C3.5,GOES-16,1.895e-06,3.229e-03,,78.0,-20.0,LEA,,,910.43335,-360.50772,GOES-16_XRS,1,3680,0,3342
2023-06-21 03:34:00,2023-06-21 03:28:00,2023-06-21 03:37:00,202306210328,3.086e-06,C3.0,GOES-16,2.883e-06,1.797e-03,1.967e-03,,,,67.25535,-10.807963,856.53503,-187.79533,GOES-16_XRS,2,,0,
2023-06-21 10:49:00,2023-06-21 10:40:00,2023-06-21 10:55:00,202306211040,5.208e-06,C5.2,GOES-16,3.492e-06,3.418e-03,4.487e-03,-64.0,-22.0,SVI,-69.87857,-17.434927,-846.80237,-292.41937,GOES-16_XRS,1,3780,0,3341
2023-06-21 12:44:00,2023-06-21 12:31:00,2023-06-21 12:53:00,202306211231,1.169e-05,M1.1,GOES-16,2.583e-06,6.532e-03,1.003e-02,-59.0,-14.0,SVI,-54.414307,-13.576582,-748.0769,-238.21188,GOES-16_XRS,1,3810,0,3341
2023-06-21 15:38:00,2023-06-21 15:31:00,2023-06-21 15:42:00,202306211531,1.002e-05,M1.0,GOES-16,1.569e-06,3.339e-03,3.933e-03,6.0,19.0,SVI,6.131295,18.080048,96.25641,266.78464,GOES-16_XRS,1,3840,0,3337
2023-06-21 16:56:00,2023-06-21 16:48:00,2023-06-21 17:03:00,202306211648,2.395e-06,C2.3,GOES-16,1.737e-06,1.524e-03,2.158e-03,,,,,,940.51074,-393.6484,GOES-16_XRS,1,3870,0,
2023-06-21 20:27:00,2023-06-21 20:08:00,,202306212008,4.486e-06,C4.4,GOES-16,2.159e-06,4.746e-03,,,,,-55.111572,-21.638811,-721.38153,-364.24792,GOES-16_XRS,1,,0,
2023-06-21 20:48:00,2023-06-21 20:39:00,2023-06-21 20:53:00,202306212039,5.532e-06,C5.5,GOES-16,3.922e-06,3.754e-03,4.560e-03,,,,-9.388458,6.2359796,-153.75253,74.20772,GOES-16_XRS,2,3940,0,3337
2023-06-22 01:10:00,2023-06-22 01:02:00,2023-06-22 01:14:00,202306220102,6.248e-06,C6.2,GOES-16,1.625e-06,2.670e-03,3.081e-03,9.0,20.0,LEA,10.186465,19.024124,158.48918,281.26413,GOES-16_XRS,1,4000,0,3337
2023-06-22 08:23:00,2023-06-22 08:17:00,2023-06-22 08:29:00,202306220817,4.143e-06,C4.1,GOES-16,1.843e-06,1.906e-03,2.653e-03,12.0,19.0,LEA,11.837875,18.041796,184.89874,265.3077,GOES-16_XRS,1,4100,0,3337
2023-06-22 10:50:00,2023-06-22 10:43:00,2023-06-22 10:55:00,202306221043,2.140e-06,C2.1,GOES-16,1.528e-06,1.189e-03,1.518e-03,,,,,,-984.6466,235.74292,GOES-16_XRS,1,4120,0,
2023-06-22 11:21:00,2023-06-22 10:57:00,2023-06-22 11:35:00,202306221057,1.159e-05,M1.1,GOES-16,1.872e-06,1.060e-02,1.660e-02,-44.0,-12.0,SVI,-42.016205,-10.894108,-622.4234,-201.08029,GOES-16_XRS,1,4130,0,3341
2023-06-22 13:30:00,2023-06-22 13:19:00,2023-06-22 13:40:00,202306221319,3.001e-06,C3.0,GOES-16,1.901e-06,2.272e-03,3.502e-03,-45.0,-17.0,SVI,-38.52841,-10.941537,-579.24744,-203.18787,GOES-16_XRS,1,4150,0,3341
2023-06-22 13:46:00,2023-06-22 13:40:00,2023-06-22 13:51:00,202306221340,3.337e-06,C3.3,GOES-16,2.383e-06,1.766e-03,2.268e-03,-43.0,-9.0,SVI,-43.956116,-11.676181,-643.62036,-213.11092,GOES-16_XRS,1,4210,0,3341
2023-06-22 23:44:00,2023-06-22 23:29:00,2023-06-22 23:56:00,202306222329,4.896e-05,M4.8,GOES-16,1.698e-06,2.639e-02,4.564e-02,,,,-41.565002,-19.968073,-590.4131,-345.2455,GOES-16_XRS,1,4250,0,3340
2023-06-23 03:32:00,2023-06-23 03:20:00,2023-06-23 03:43:00,202306230320,4.671e-06,C4.6,GOES-16,1.870e-06,3.079e-03,5.026e-03,26.0,20.0,LEA,27.803236,18.739265,418.51233,277.62753,GOES-16_XRS,1,4310,0,3337
2023-06-23 10:04:00,2023-06-23 09:58:00,2023-06-23 10:10:00,202306230958,2.900e-06,C2.9,GOES-16,1.397e-06,1.321e-03,1.833e-03,50.0,-15.0,SVI,61.21907,-15.945068,797.0251,-274.5703,GOES-16_XRS,1,4380,0,3335
2023-06-23 14:13:00,2023-06-23 14:06:00,2023-06-23 14:17:00,202306231406,1.828e-06,C1.8,GOES-16,1.106e-06,9.163e-04,1.086e-03,28.0,13.0,SVI,33.898518,9.7500925,520.7278,133.67699,GOES-16_XRS,1,4400,0,3338
2023-06-23 16:46:00,2023-06-23 16:35:00,,202306231635,2.102e-06,C2.1,GOES-16,1.337e-06,1.593e-03,,,,,37.57127,1.1327928,577.4468,-7.2710023,GOES-16_XRS,1,4420,0,3337
2023-06-23 17:00:00,2023-06-23 16:56:00,2023-06-23 17:03:00,202306231656,1.960e-06,C1.9,GOES-16,1.786e-06,9.071e-04,1.013e-03,,,,29.034529,-7.595314,455.8271,-153.60693,GOES-16_XRS,2,4430,0,3341
2023-06-23 18:44:00,2023-06-23 18:37:00,2023-06-23 18:48:00,202306231837,1.998e-06,C1.9,GOES-16,1.371e-06,1.094e-03,1.293e-03,,,,51.972607,21.059778,695.63556,320.91867,GOES-16_XRS,1,4440,0,3334
2023-06-23 21:02:00,2023-06-23 20:53:00,2023-06-23 21:07:00,202306232053,2.758e-06,C2.7,GOES-16,1.321e-06,1.473e-03,1.811e-03,32.0,22.0,HOL,30.210686,21.578318,443.25903,321.55063,GOES-16_XRS,1,4460,0,3337
2023-06-23 23:18:00,2023-06-23 23:12:00,2023-06-23 23:21:00,202306232312,1.635e-06,C1.6,GOES-16,1.144e-06,8.032e-04,8.863e-04,,,,29.654015,18.239748,445.179,268.84177,GOES-16_XRS,1,4510,0,3340
2023-06-24 00:24:00,2023-06-24 00:12:00,2023-06-24 00:35:00,202306240012,2.791e-06,C2.7,GOES-16,1.134e-06,1.932e-03,3.102e-03,40.0,19.0,HOL,35.966373,18.695375,526.9088,277.79565,GOES-16_XRS,1,4530,0,3337
2023-06-24 03:12:00,2023-06-24 03:05:00,2023-06-24 03:20:00,202306240305,1.594e-06,C1.5,GOES-16,1.088e-06,8.913e-04,1.399e-03,,,,-15.28537,-2.9592676,-249.56493,-81.32225,GOES-16_XRS,1,4560,0,3341
2023-06-24 04:42:00,2023-06-24 04:31:00,2023-06-24 05:13:00,202306240431,1.807e-06,C1.8,GOES-16,1.091e-06,1.328e-03,4.117e-03,,,,6.961504,23.839945,105.06888,352.16736,GOES-16_XRS,1,4580,0,3340
2023-06-24 06:46:00,2023-06-24 06:37:00,2023-06-24 06:55:00,202306240637,1.681e-06,C1.6,GOES-16,9.752e-07,1.088e-03,1.665e-03,,,,10.512227,-21.252985,161.1381,-374.3813,GOES-16_XRS,1,4600,0,3339
2023-06-24 07:21:00,2023-06-24 07:13:00,2023-06-24 07:32:00,202306240713,2.423e-06,C2.4,GOES-16,1.338e-06,1.335e-03,2.477e-03,-21.0,-15.0,LEA,-4.558838,4.0375967,-75.168274,32.918327,GOES-16_XRS,1,4610,0,3341
2023-06-24 07:28:00,2023-06-24 07:25:00,2023-06-24 07:30:00,202306240725,2.471e-06,C2.4,GOES-18,2.079e-06,9.301e-04,1.037e-03,,,,-19.639893,-10.076516,-313.62872,-197.22456,GOES-18_XRS,2,,0,
2023-06-24 08:32:00,2023-06-24 08:24:00,2023-06-24 08:38:00,202306240824,1.719e-06,C1.7,GOES-16,1.069e-06,9.958e-04,1.327e-03,40.0,21.0,SVI,39.743214,16.786522,579.6482,248.25749,GOES-16_XRS,1,4620,0,3337
2023-06-24 09:19:00,2023-06-24 09:11:00,2023-06-24 09:23:00,202306240911,4.191e-06,C4.1,GOES-16,9.545e-07,1.622e-03,1.895e-03,40.0,21.0,SVI,37.19466,18.11682,544.1443,268.48407,GOES-16_XRS,1,4630,0,3337
2023-06-24 12:17:00,2023-06-24 12:11:00,2023-06-24 12:23:00,202306241211,1.135e-05,M1.1,GOES-16,1.230e-06,4.223e-03,5.704e-03,42.0,21.0,SVI,40.375763,20.416908,574.85535,305.5878,GOES-16_XRS,1,4670,0,3337
2023-06-24 16:10:00,2023-06-24 16:00:00,2023-06-24 16:19:00,202306241600,2.730e-06,C2.7,GOES-16,1.082e-06,1.623e-03,2.484e-03,65.0,-19.0,HOL,62.33846,-16.740265,802.0332,-287.5632,GOES-16_XRS,1,4740,0,3335
2023-06-24 17:51:00,2023-06-24 17:42:00,2023-06-24 18:02:00,202306241742,3.033e-06,C3.0,GOES-16,1.650e-06,1.801e-03,3.162e-03,-11.0,-12.0,HOL,-5.813843,-9.173561,-94.79692,-185.22147,GOES-16_XRS,1,4760,0,3341
2023-06-24 20:21:00,2023-06-24 20:13:00,,202306242013,1.730e-06,C1.7,GOES-16,1.066e-06,9.978e-04,,,,,68.031456,-15.180952,846.014,-259.96384,GOES-16_XRS,1,4780,0,3335
2023-06-24 20:39:00,2023-06-24 20:35:00,2023-06-24 20:42:00,202306242035,1.602e-06,C1.6,GOES-16,1.417e-06,7.229e-04,8.072e-04,,,,57.97087,-9.171807,791.71075,-168.98453,GOES-16_XRS,2,4790,0,3335
2023-06-24 21:17:00,2023-06-24 21:05:00,2023-06-24 21:26:00,202306242105,4.986e-06,C4.9,GOES-16,1.007e-06,2.621e-03,4.095e-03,71.0,-16.0,HOL,67.07342,-15.707127,838.1115,-268.85596,GOES-16_XRS,1,4800,0,3335
2023-06-24 22:47:00,2023-06-24 22:37:00,,202306242237,1.457e-06,C1.4,GOES-16,9.938e-07,1.051e-03,,,,,36.137844,5.288605,556.2239,58.95637,GOES-16_XRS,1,4820,0,3340
2023-06-24 23:03:00,2023-06-24 23:00:00,2023-06-24 23:06:00,202306242300,1.363e-06,C1.3,GOES-16,1.259e-06,5.514e-04,6.264e-04,,,,30.967505,-13.195596,474.56396,-245.48508,GOES-16_XRS,2,4850,0,3338
2023-06-24 23:39:00,2023-06-24 23:32:00,2023-06-24 23:52:00,202306242332,1.769e-06,C1.7,GOES-16,1.059e-06,9.890e-04,1.976e-03,16.0,22.0,HOL,22.085993,21.424149,331.64627,315.44263,GOES-16_XRS,1,4840,0,3340
2023-06-25 01:44:00,2023-06-25 01:37:00,2023-06-25 01:48:00,202306250137,1.620e-06,C1.6,GOES-16,1.138e-06,8.931e-04,1.053e-03,,,,22.324247,25.941936,323.60297,384.69037,GOES-16_XRS,1,4870,0,3340
2023-06-25 02:19:00,2023-06-25 02:15:00,2023-06-25 02:24:00,202306250215,2.366e-06,C2.3,GOES-16,9.852e-07,8.396e-04,1.127e-03,,,,22.763783,-21.089275,342.02054,-371.16315,GOES-16_XRS,1,4890,0,3339
2023-06-25 04:22:00,2023-06-25 04:12:00,2023-06-25 04:29:00,202306250412,2.707e-06,C2.7,GOES-16,1.344e-06,1.670e-03,2.283e-03,,,,67.89361,-13.070618,853.0755,-226.65028,GOES-16_XRS,1,4910,0,3335
2023-06-25 07:08:00,2023-06-25 06:54:00,2023-06-25 07:13:00,202306250654,6.022e-06,C6.0,GOES-16,9.645e-07,3.321e-03,3.948e-03,77.0,-16.0,LEA,71.34009,-13.318274,871.254,-228.66878,GOES-16_XRS,1,4940,0,3335
2023-06-25 10:07:00,2023-06-25 10:02:00,2023-06-25 10:10:00,202306251002,1.615e-06,C1.6,GOES-16,1.127e-06,7.103e-04,7.827e-04,22.0,23.0,SVI,26.718208,23.11137,391.73663,341.92993,GOES-16_XRS,1,4960,0,3340
2023-06-25 11:08:00,2023-06-25 10:51:00,2023-06-25 11:30:00,202306251051,1.982e-06,C1.9,GOES-16,1.115e-06,2.075e-03,4.227e-03,,,,26.453718,25.519098,380.81647,378.5811,GOES-16_XRS,1,4970,0,3340
2023-06-25 12:18:00,2023-06-25 12:03:00,2023-06-25 12:29:00,202306251203,8.537e-06,C8.5,GOES-16,1.094e-06,4.385e-03,7.462e-03,-5.0,-18.0,SVI,-6.013977,-17.32913,-94.79107,-316.52808,GOES-16_XRS,1,4980,0,3341
2023-06-25 17:23:00,2023-06-25 17:16:00,,202306251716,1.770e-06,C1.7,GOES-16,1.106e-06,9.400e-04,,28.0,17.0,HOL,25.437693,18.865744,385.09302,274.79968,GOES-16_XRS,1,5020,0,3340
2023-06-25 17:39:00,2023-06-25 17:28:00,,202306251728,2.150e-06,C2.1,GOES-16,1.450e-06,1.701e-03,,,,,27.000616,16.150204,413.16354,231.94527,GOES-16_XRS,2,5030,0,3340
2023-06-25 17:49:00,2023-06-25 17:46:00,2023-06-25 17:51:00,202306251746,2.289e-06,C2.2,GOES-16,1.815e-06,8.365e-04,9.375e-04,,,,26.676817,20.021631,399.62833,293.31046,GOES-16_XRS,3,5040,0,3340
2023-06-25 20:02:00,2023-06-25 19:47:00,2023-06-25 20:12:00,202306251947,1.982e-06,C1.9,GOES-16,1.096e-06,1.769e-03,2.552e-03,29.0,23.0,HOL,40.867348,24.01556,565.8386,359.56693,GOES-16_XRS,1,5050,0,3340
2023-06-25 20:28:00,2023-06-25 20:19:00,2023-06-25 20:33:00,202306252019,4.570e-06,C4.5,GOES-16,1.448e-06,2.560e-03,3.103e-03,61.0,21.0,HOL,61.661053,17.429077,794.1379,266.35886,GOES-16_XRS,1,5060,0,3337
2023-06-25 22:02:00,2023-06-25 21:56:00,2023-06-25 22:07:00,202306252156,6.825e-06,C6.8,GOES-16,2.270e-06,3.017e-03,3.723e-03,63.0,21.0,HOL,62.875732,21.178005,784.74365,325.6325,GOES-16_XRS,1,5100,0,3337
2023-06-25 23:01:00,2023-06-25 22:58:00,2023-06-25 23:05:00,202306252258,1.658e-06,C1.6,GOES-16,1.208e-06,6.267e-04,7.906e-04,,,,21.019142,24.300219,309.7178,358.01907,GOES-16_XRS,1,5170,0,3340
2023-06-25 23:17:00,2023-06-25 23:15:00,2023-06-25 23:20:00,202306252315,1.721e-06,C1.7,GOES-16,1.204e-06,5.318e-04,6.114e-04,65.0,11.0,HOL,58.480923,10.186382,793.6637,148.087,GOES-16_XRS,1,5180,0,3338
2023-06-26 00:56:00,2023-06-26 00:47:00,2023-06-26 01:04:00,202306260047,2.201e-06,C2.2,GOES-16,1.365e-06,1.366e-03,2.025e-03,33.0,-20.0,HOL,43.28308,2.6776295,648.4413,17.1234,GOES-16_XRS,1,5190,0,3339
2023-06-26 01:36:00,2023-06-26 01:31:00,2023-06-26 01:41:00,202306260131,2.226e-06,C2.2,GOES-16,1.091e-06,9.226e-04,1.215e-03,30.0,25.0,LEA,32.246784,25.518822,456.01965,379.21588,GOES-16_XRS,1,5200,0,3340
2023-06-26 02:30:00,2023-06-26 02:19:00,2023-06-26 02:46:00,202306260219,2.174e-06,C2.1,GOES-16,9.699e-07,1.367e-03,2.923e-03,30.0,23.0,LEA,34.891922,18.94566,512.41394,278.26364,GOES-16_XRS,1,5210,0,3340
2023-06-26 04:02:00,2023-06-26 03:49:00,2023-06-26 04:25:00,202306260349,7.088e-06,C7.0,GOES-16,1.073e-06,3.739e-03,1.070e-02,31.0,23.0,LEA,31.485352,20.952272,461.98444,308.57956,GOES-16_XRS,1,5240,0,3340
2023-06-26 05:13:00,2023-06-26 05:09:00,2023-06-26 05:17:00,202306260509,1.708e-06,C1.7,GOES-16,1.088e-06,6.930e-04,8.515e-04,11.0,-12.0,LEA,11.660996,-11.899924,187.45053,-231.32281,GOES-16_XRS,1,5270,0,3341
2023-06-26 06:32:00,2023-06-26 06:22:00,2023-06-26 06:39:00,202306260622,3.072e-06,C3.0,GOES-16,8.798e-07,1.484e-03,2.106e-03,34.0,22.0,SVI,31.29577,25.146687,445.34393,372.98535,GOES-16_XRS,1,5280,0,3340
2023-06-26 08:30:00,2023-06-26 08:23:00,2023-06-26 08:36:00,202306260823,1.243e-06,C1.2,GOES-16,8.311e-07,6.681e-04,9.146e-04,,,,27.755346,24.470331,401.49652,361.56558,GOES-16_XRS,1,5310,0,
2023-06-26 11:52:00,2023-06-26 11:43:00,2023-06-26 12:10:00,202306261143,2.978e-06,C2.9,GOES-16,9.361e-07,1.512e-03,3.529e-03,-27.0,23.0,SVI,-26.279053,24.305763,-382.22318,358.44293,GOES-16_XRS,1,5320,0,3351
2023-06-26 12:25:00,2023-06-26 12:13:00,2023-06-26 12:30:00,202306261213,7.513e-06,C7.5,GOES-16,1.644e-06,4.201e-03,5.017e-03,,,,37.978878,18.309002,553.2271,268.69287,GOES-16_XRS,1,5340,0,3340
2023-06-26 16:22:00,2023-06-26 16:08:00,2023-06-26 16:33:00,202306261608,1.619e-05,M1.6,GOES-16,1.089e-06,6.830e-03,1.252e-02,38.0,23.0,SVI,35.868763,21.653336,515.7087,320.17496,GOES-16_XRS,1,5380,0,3340
2023-06-26 19:56:00,2023-06-26 19:46:00,2023-06-26 19:59:00,202306261946,3.487e-06,C3.4,GOES-16,1.578e-06,1.886e-03,2.014e-03,40.0,25.0,HOL,43.16476,23.19252,595.24695,346.52792,GOES-16_XRS,1,5410,0,3340
2023-06-26 22:21:00,2023-06-26 22:16:00,2023-06-26 22:25:00,202306262216,2.334e-06,C2.3,GOES-16,1.342e-06,1.013e-03,1.216e-03,40.0,25.0,HOL,40.90772,25.034475,561.6879,373.61798,GOES-16_XRS,1,5430,0,3340
2023-06-26 23:20:00,2023-06-26 23:12:00,2023-06-26 23:24:00,202306262312,3.641e-06,C3.6,GOES-16,1.575e-06,1.766e-03,2.062e-03,,,,45.72419,20.481321,634.86615,305.4196,GOES-16_XRS,1,5440,0,
2023-06-26 23:46:00,2023-06-26 23:40:00,2023-06-26 23:49:00,202306262340,2.270e-06,C2.2,GOES-16,1.607e-06,1.147e-03,1.253e-03,43.0,24.0,LEA,42.36228,30.407513,550.0343,453.79276,GOES-16_XRS,1,5460,0,3340
2023-06-27 01:30:00,2023-06-27 01:22:00,2023-06-27 01:37:00,202306270122,2.950e-06,C2.9,GOES-16,1.571e-06,1.717e-03,2.406e-03,43.0,24.0,LEA,44.051525,20.356688,617.0806,302.62787,GOES-16_XRS,1,5480,0,3340
2023-06-27 03:30:00,2023-06-27 03:24:00,2023-06-27 03:49:00,202306270324,1.488e-06,C1.4,GOES-16,1.097e-06,8.032e-04,2.346e-03,-25.0,15.0,LEA,-41.172943,16.93443,-596.28644,247.23163,GOES-16_XRS,1,5510,0,3354
2023-06-27 06:08:00,2023-06-27 05:57:00,2023-06-27 06:12:00,202306270557,2.950e-06,C2.9,GOES-16,9.634e-07,1.543e-03,1.767e-03,-23.0,15.0,SVI,-6.5630493,7.422881,-107.43676,83.37482,GOES-16_XRS,1,5540,0,3354
2023-06-27 07:15:00,2023-06-27 06:51:00,2023-06-27 07:23:00,202306270651,5.331e-06,C5.3,GOES-16,1.381e-06,4.603e-03,5.905e-03,79.0,20.0,SVI,65.16054,9.552381,846.0875,140.37288,GOES-16_XRS,1,5550,0,3337
2023-06-27 09:19:00,2023-06-27 09:11:00,2023-06-27 09:23:00,202306270911,1.875e-06,C1.8,GOES-16,9.943e-07,9.971e-04,1.157e-03,46.0,22.0,SVI,35.072052,19.308495,513.5625,282.1354,GOES-16_XRS,1,5600,0,3340
2023-06-27 15:14:00,2023-06-27 14:57:00,,202306271457,1.272e-05,M1.2,GOES-16,1.153e-06,5.336e-03,,-17.0,14.0,SVI,47.546597,21.09941,651.4721,315.05988,GOES-16_XRS,1,5650,0,3340
2023-06-27 15:25:00,2023-06-27 15:19:00,2023-06-27 15:28:00,202306271519,9.775e-06,C9.7,GOES-16,7.710e-06,5.300e-03,5.788e-03,,,,49.182648,22.10487,663.5235,331.41327,GOES-16_XRS,2,,0,
2023-06-27 16:03:00,2023-06-27 15:57:00,2023-06-27 16:05:00,202306271557,2.107e-06,C2.1,GOES-16,1.458e-06,1.046e-03,1.139e-03,,,,44.353245,24.643347,601.4197,368.12256,GOES-16_XRS,1,5660,0,
2023-06-27 16:51:00,2023-06-27 16:30:00,2023-06-27 17:03:00,202306271630,5.695e-06,C5.6,GOES-16,1.251e-06,4.648e-03,7.027e-03,23.0,-16.0,HOL,23.677065,-18.751198,360.23282,-339.26776,GOES-16_XRS,1,5690,0,3341
2023-06-27 17:46:00,2023-06-27 17:43:00,2023-06-27 17:49:00,202306271743,2.377e-06,C2.3,GOES-16,1.675e-06,8.601e-04,9.660e-04,,,,70.72972,25.152996,807.4526,389.2299,GOES-16_XRS,1,5720,0,
2023-06-27 18:01:00,2023-06-27 17:52:00,2023-06-27 18:08:00,202306271752,2.654e-06,C2.6,GOES-16,1.654e-06,1.770e-03,2.434e-03,-14.0,16.0,HOL,30.628895,-9.111233,476.52054,-184.25108,GOES-16_XRS,1,5730,0,3354
2023-06-27 18:43:00,2023-06-27 18:38:00,,202306271838,1.746e-06,C1.7,GOES-16,1.267e-06,8.340e-04,,,,,-18.542206,12.404249,-294.32718,165.83765,GOES-16_XRS,1,,0,
2023-06-27 18:59:00,2023-06-27 18:56:00,2023-06-27 19:02:00,202306271856,1.741e-06,C1.7,GOES-16,1.491e-06,6.843e-04,7.755e-04,53.0,26.0,HOL,-10.41037,21.20991,-159.63959,305.33997,GOES-16_XRS,2,5740,0,3340
2023-06-27 19:33:00,2023-06-27 19:28:00,2023-06-27 19:35:00,202306271928,1.832e-06,C1.8,GOES-16,1.264e-06,7.971e-04,8.791e-04,-18.0,15.0,HOL,-18.967896,14.06105,-298.78885,192.76936,GOES-16_XRS,1,5760,0,3354
2023-06-27 20:18:00,2023-06-27 20:10:00,2023-06-27 20:20:00,202306272010,2.083e-06,C2.0,GOES-16,1.078e-06,9.516e-04,1.028e-03,59.0,21.0,HOL,52.220245,21.238113,697.0215,319.23627,GOES-16_XRS,1,5780,0,3340
2023-06-27 21:19:00,2023-06-27 21:11:00,,202306272111,1.935e-06,C1.9,GOES-16,1.282e-06,1.208e-03,,-15.0,15.0,HOL,-17.626373,19.58145,-270.337,280.69528,GOES-16_XRS,1,5800,0,3354
2023-06-27 21:31:00,2023-06-27 21:28:00,2023-06-27 21:35:00,202306272128,2.034e-06,C2.0,GOES-16,1.858e-06,8.259e-04,1.056e-03,,,,-21.796448,18.854733,-332.9316,270.10263,GOES-16_XRS,2,,0,
2023-06-27 22:33:00,2023-06-27 22:22:00,2023-06-27 22:47:00,202306272222,4.437e-06,C4.4,GOES-16,1.217e-06,2.458e-03,4.878e-03,-15.0,15.0,HOL,48.836746,20.368734,667.89636,303.9112,GOES-16_XRS,1,5810,0,3354
2023-06-27 23:24:00,2023-06-27 23:17:00,2023-06-27 23:30:00,202306272317,1.790e-06,C1.7,GOES-16,1.234e-06,1.041e-03,1.408e-03,,,,-12.875122,27.56444,-187.15224,402.6697,GOES-16_XRS,1,5820,0,3351
2023-06-28 00:32:00,2023-06-28 00:29:00,2023-06-28 00:38:00,202306280029,1.458e-06,C1.4,GOES-16,9.998e-07,5.408e-04,8.336e-04,,,,-14.2934265,15.483339,-225.48587,214.47224,GOES-16_XRS,1,5850,0,3354
2023-06-28 02:23:00,2023-06-28 02:14:00,2023-06-28 02:32:00,202306280214,3.375e-06,C3.3,GOES-16,9.878e-07,1.822e-03,2.826e-03,,,,,,888.963,320.77982,GOES-16_XRS,1,5870,0,
2023-06-28 03:35:00,2023-06-28 03:28:00,2023-06-28 03:43:00,202306280328,1.318e-06,C1.3,GOES-16,9.631e-07,7.648e-04,1.183e-03,-11.0,14.0,LEA,-15.906403,12.093677,-253.97403,159.59038,GOES-16_XRS,1,5890,0,3354
2023-06-28 04:09:00,2023-06-28 04:02:00,2023-06-28 04:14:00,202306280402,1.644e-06,C1.6,GOES-16,1.000e-06,8.588e-04,1.092e-03,,,,-11.649506,7.9611216,-189.54626,91.10447,GOES-16_XRS,1,5900,0,3354
2023-06-28 08:44:00,2023-06-28 08:26:00,2023-06-28 08:58:00,202306280826,1.968e-05,M1.9,GOES-16,1.028e-06,1.131e-02,2.033e-02,62.0,20.0,SVI,58.220703,20.654228,752.3284,312.80698,GOES-16_XRS,1,5980,0,3340
2023-06-28 13:33:00,2023-06-28 13:27:00,2023-06-28 13:39:00,202306281327,2.454e-06,C2.4,GOES-16,1.781e-06,1.252e-03,1.756e-03,,,,12.995644,11.898171,208.55186,155.15173,GOES-16_XRS,1,,0,
2023-06-28 16:44:00,2023-06-28 16:41:00,2023-06-28 16:47:00,202306281641,1.814e-06,C1.8,GOES-16,1.069e-06,6.146e-04,6.911e-04,,,,59.233425,25.945349,730.67096,393.93015,GOES-16_XRS,1,6060,0,
2023-06-28 18:39:00,2023-06-28 18:33:00,2023-06-28 18:41:00,202306281833,5.465e-06,C5.4,GOES-16,1.381e-06,1.411e-03,1.534e-03,2.0,17.0,HOL,-0.5256958,13.544531,-8.454503,180.53075,GOES-16_XRS,1,6070,0,3354
2023-06-28 18:58:00,2023-06-28 18:54:00,2023-06-28 19:02:00,202306281854,5.049e-06,C5.0,GOES-16,1.781e-06,1.640e-03,1.970e-03,12.0,-31.0,HOL,2.34407,19.147217,36.618595,270.49054,GOES-16_XRS,1,6090,0,3348
2023-06-28 19:51:00,2023-06-28 19:44:00,2023-06-28 20:01:00,202306281944,1.575e-06,C1.5,GOES-16,1.047e-06,8.929e-04,1.571e-03,,,,29.71922,20.589926,439.56772,298.23032,GOES-16_XRS,1,6100,0,
2023-06-28 23:12:00,2023-06-28 23:02:00,2023-06-28 23:23:00,202306282302,1.649e-06,C1.6,GOES-16,1.086e-06,1.182e-03,1.975e-03,,,,33.557617,-12.149961,511.79,-233.94044,GOES-16_XRS,1,6120,0,
2023-06-29 03:00:00,2023-06-29 02:50:00,2023-06-29 03:18:00,202306290250,1.733e-06,C1.7,GOES-16,9.858e-07,1.171e-03,2.656e-03,1.0,14.0,LEA,6.511343,12.251226,105.03608,159.11101,GOES-16_XRS,1,6130,0,3354
2023-06-29 04:03:00,2023-06-29 03:50:00,,202306290350,2.889e-06,C2.8,GOES-16,1.103e-06,1.980e-03,,20.0,-32.0,LEA,20.107918,-30.734364,279.83334,-518.2475,GOES-16_XRS,1,6140,0,3348
2023-06-29 04:20:00,2023-06-29 04:10:00,2023-06-29 04:25:00,202306290410,3.307e-06,C3.3,GOES-16,2.337e-06,2.401e-03,2.903e-03,46.0,-15.0,LEA,28.402742,-18.270145,427.8084,-332.64398,GOES-16_XRS,2,6150,0,3341
2023-06-29 08:09:00,2023-06-29 08:03:00,2023-06-29 08:13:00,202306290803,2.706e-06,C2.7,GOES-16,9.451e-07,1.006e-03,1.207e-03,1.0,14.0,LEA,5.082284,13.243177,81.73123,174.76544,GOES-16_XRS,1,6170,0,3354
2023-06-29 11:15:00,2023-06-29 10:55:00,2023-06-29 11:39:00,202306291055,3.478e-06,C3.4,GOES-16,1.631e-06,4.019e-03,7.913e-03,11.0,14.0,SVI,10.831798,14.952883,172.07367,202.81552,GOES-16_XRS,1,6190,0,3354
2023-06-29 12:38:00,2023-06-29 12:27:00,,202306291227,3.199e-06,C3.1,GOES-16,1.877e-06,2.323e-03,,11.0,14.0,SVI,11.953223,17.958775,186.71107,251.12221,GOES-16_XRS,1,6200,0,3354
2023-06-29 12:48:00,2023-06-29 12:44:00,2023-06-29 12:50:00,202306291244,3.027e-06,C3.0,GOES-16,2.922e-06,1.420e-03,1.590e-03,,,,23.183254,15.909281,358.701,220.71097,GOES-16_XRS,2,,0,
2023-06-29 14:15:00,2023-06-29 14:00:00,2023-06-29 14:22:00,202306291400,3.848e-05,M3.8,GOES-16,1.441e-06,1.541e-02,2.188e-02,14.0,17.0,SVI,12.861519,15.858617,202.92189,217.49826,GOES-16_XRS,1,6210,0,3354
2023-06-29 20:13:00,2023-06-29 20:02:00,2023-06-29 20:29:00,202306292002,3.013e-06,C3.0,GOES-16,1.782e-06,2.229e-03,4.451e-03,,,,46.792995,16.590525,661.1404,240.8606,GOES-16_XRS,1,6240,0,3340
2023-06-29 22:07:00,2023-06-29 21:52:00,2023-06-29 22:22:00,202306292152,5.323e-06,C5.3,GOES-16,1.279e-06,3.630e-03,6.638e-03,,,,15.873526,16.612192,248.3683,229.57402,GOES-16_XRS,1,6260,0,
2023-06-30 06:16:00,2023-06-30 06:09:00,2023-06-30 06:21:00,202306300609,1.816e-06,C1.8,GOES-16,1.263e-06,1.009e-03,1.285e-03,20.0,14.0,SVI,-10.509003,11.923634,-169.13321,152.14745,GOES-16_XRS,1,6280,0,3354
2023-06-30 07:31:00,2023-06-30 07:08:00,2023-06-30 07:53:00,202306300708,3.181e-06,C3.1,GOES-16,1.185e-06,3.730e-03,6.843e-03,,,,-76.0831,-6.9887357,-910.01654,-125.56409,GOES-16_XRS,1,6290,0,3354
2023-06-30 10:03:00,2023-06-30 09:51:00,2023-06-30 10:20:00,202306300951,5.744e-06,C5.7,GOES-16,1.488e-06,3.424e-03,7.715e-03,25.0,16.0,SVI,21.674854,16.350115,335.78665,225.89456,GOES-16_XRS,1,6320,0,3354
2023-06-30 11:21:00,2023-06-30 11:16:00,2023-06-30 11:28:00,202306301116,1.940e-06,C1.9,GOES-16,1.272e-06,8.856e-04,1.373e-03,21.0,14.0,SVI,19.351164,11.02544,308.19897,138.83676,GOES-16_XRS,1,6330,0,3354
2023-06-30 12:47:00,2023-06-30 12:39:00,2023-06-30 12:49:00,202306301239,2.993e-06,C2.9,GOES-16,1.664e-06,1.474e-03,1.600e-03,,,,21.918894,14.561524,342.33112,196.95255,GOES-16_XRS,1,6340,0,3340
2023-06-30 13:54:00,2023-06-30 13:44:00,2023-06-30 13:58:00,202306301344,4.237e-06,C4.2,GOES-16,1.747e-06,2.218e-03,2.516e-03,30.0,17.0,SVI,27.366806,19.030373,411.6392,270.1233,GOES-16_XRS,1,6360,0,3354
2023-06-30 18:57:00,2023-06-30 18:53:00,2023-06-30 19:00:00,202306301853,3.763e-06,C3.7,GOES-16,1.190e-06,1.131e-03,1.254e-03,,,,25.59042,15.053244,395.16058,205.59198,GOES-16_XRS,1,6390,0,3354
2023-06-30 19:07:00,2023-06-30 19:03:00,2023-06-30 19:09:00,202306301903,2.852e-06,C2.8,GOES-16,1.965e-06,1.087e-03,1.188e-03,,,,60.319496,22.048685,761.45795,333.4217,GOES-16_XRS,1,6400,0,3340
2023-07-01 07:06:00,2023-07-01 07:00:00,2023-07-01 07:09:00,202307010700,2.512e-06,C2.5,GOES-16,1.672e-06,1.194e-03,1.306e-03,,,,-56.610657,-9.609039,-778.65094,-183.17319,GOES-16_XRS,1,6430,0,3358
2023-07-01 07:25:00,2023-07-01 07:18:00,2023-07-01 07:27:00,202307010718,2.503e-06,C2.5,GOES-16,1.700e-06,1.285e-03,1.395e-03,,,,-57.04184,26.974379,-707.20026,405.66248,GOES-16_XRS,1,6440,0,3357
2023-07-01 09:19:00,2023-07-01 09:12:00,2023-07-01 09:25:00,202307010912,2.177e-06,C2.1,GOES-16,1.471e-06,1.182e-03,1.623e-03,,,,38.859264,21.844547,551.34344,317.73325,GOES-16_XRS,1,6450,0,3354
2023-07-01 11:39:00,2023-07-01 11:34:00,2023-07-01 11:42:00,202307011134,3.521e-06,C3.5,GOES-16,1.692e-06,1.363e-03,1.674e-03,,,,-39.212616,24.011263,-546.7019,351.22137,GOES-16_XRS,1,6490,0,3354
2023-07-01 12:56:00,2023-07-01 12:47:00,2023-07-01 12:59:00,202307011247,4.167e-06,C4.1,GOES-16,1.598e-06,1.844e-03,1.961e-03,,,,-61.25943,23.327587,-761.27057,353.01712,GOES-16_XRS,1,6500,0,3360
2023-07-01 14:20:00,2023-07-01 13:56:00,2023-07-01 14:51:00,202307011356,3.739e-06,C3.7,GOES-16,2.206e-06,5.475e-03,1.118e-02,,,,,,-934.92206,-336.64096,GOES-16_XRS,1,6520,0,3358
2023-07-01 15:59:00,2023-07-01 15:53:00,2023-07-01 16:02:00,202307011553,3.104e-06,C3.1,GOES-16,1.523e-06,1.327e-03,1.450e-03,-63.0,26.0,HOL,-57.119812,25.52988,-716.68933,383.74124,GOES-16_XRS,1,6540,0,3360
2023-07-01 19:16:00,2023-07-01 19:05:00,2023-07-01 19:24:00,202307011905,4.051e-06,C4.0,GOES-16,1.388e-06,2.451e-03,3.517e-03,,,,-56.62735,-20.494942,-739.7548,-355.35043,GOES-16_XRS,1,6580,0,3359
2023-07-01 20:06:00,2023-07-01 19:57:00,2023-07-01 20:19:00,202307011957,2.686e-06,C2.6,GOES-16,1.792e-06,1.762e-03,3.449e-03,42.0,16.0,HOL,-30.293732,22.341015,-441.8722,321.18625,GOES-16_XRS,1,6590,0,3354
2023-07-01 22:23:00,2023-07-01 22:07:00,2023-07-01 22:30:00,202307012207,1.110e-05,M1.1,GOES-16,1.726e-06,7.087e-03,9.148e-03,-55.0,-20.0,HOL,-55.58362,-22.374697,-721.4207,-384.67368,GOES-16_XRS,1,6630,0,3359
2023-07-02 02:35:00,2023-07-02 02:29:00,2023-07-02 02:39:00,202307020229,2.093e-05,M2.0,GOES-16,1.699e-06,6.548e-03,7.396e-03,,,,-55.99768,-22.434155,-724.6419,-385.44977,GOES-16_XRS,1,6680,0,3359
2023-07-02 02:56:00,2023-07-02 02:46:00,2023-07-02 03:01:00,202307020246,4.163e-06,C4.1,GOES-16,2.567e-06,2.914e-03,3.515e-03,,,,-46.323853,-18.722822,-648.1832,-335.06284,GOES-16_XRS,1,6690,0,3359
2023-07-02 03:34:00,2023-07-02 03:27:00,2023-07-02 03:37:00,202307020327,2.956e-06,C2.9,GOES-16,2.091e-06,1.626e-03,1.768e-03,,,,57.230484,20.262228,746.05927,302.47638,GOES-16_XRS,1,6700,0,3354
2023-07-02 08:24:00,2023-07-02 08:17:00,2023-07-02 08:33:00,202307020817,6.596e-06,C6.5,GOES-16,2.302e-06,3.117e-03,5.062e-03,49.0,17.0,SVI,31.224964,9.979185,483.6007,122.69161,GOES-16_XRS,1,6750,0,3354
2023-07-02 08:53:00,2023-07-02 08:45:00,2023-07-02 08:57:00,202307020845,8.864e-06,C8.8,GOES-16,3.609e-06,4.704e-03,5.358e-03,51.0,16.0,SVI,,,948.46246,328.0793,GOES-16_XRS,1,6760,0,3354
2023-07-02 11:09:00,2023-07-02 11:06:00,,202307021106,2.511e-06,C2.5,GOES-16,1.807e-06,9.255e-04,,52.0,15.0,SVI,48.17283,16.828556,674.9765,242.25084,GOES-16_XRS,1,6830,0,3354
2023-07-02 11:34:00,2023-07-02 11:24:00,,202307021124,2.407e-06,C2.4,GOES-16,2.159e-06,1.908e-03,,,,,18.371813,9.789308,294.31973,114.87286,GOES-16_XRS,2,,0,
2023-07-02 11:50:00,2023-07-02 11:44:00,2023-07-02 11:52:00,202307021144,2.351e-06,C2.3,GOES-16,2.302e-06,1.390e-03,1.525e-03,,,,20.863087,11.757211,330.36792,147.77315,GOES-16_XRS,3,,0,
2023-07-02 17:35:00,2023-07-02 17:25:00,2023-07-02 17:47:00,202307021725,2.681e-06,C2.6,GOES-16,1.742e-06,1.891e-03,3.303e-03,,,,-6.739624,-6.722431,-110.46195,-159.78705,GOES-16_XRS,1,6880,0,3359
2023-07-02 21:26:00,2023-07-02 21:19:00,2023-07-02 21:30:00,202307022119,7.377e-06,C7.3,GOES-16,1.927e-06,2.586e-03,3.051e-03,-46.0,-13.0,HOL,-40.80655,-12.839652,-603.1752,-246.90817,GOES-16_XRS,1,6900,0,3359
2023-07-02 22:29:00,2023-07-02 22:16:00,2023-07-02 22:39:00,202307022216,5.772e-06,C5.7,GOES-16,2.381e-06,4.129e-03,6.224e-03,,,,61.68034,14.698644,805.1399,216.67224,GOES-16_XRS,1,6910,0,3354
2023-07-02 23:14:00,2023-07-02 22:54:00,2023-07-02 23:58:00,202307022254,1.061e-04,X1.0,GOES-16,3.424e-06,6.706e-02,2.627e-01,,,,56.622932,14.969072,763.05774,217.39667,GOES-16_XRS,1,6930,0,3354
2023-07-03 03:03:00,2023-07-03 02:56:00,2023-07-03 03:06:00,202307030256,3.133e-06,C3.1,GOES-16,2.131e-06,1.664e-03,1.817e-03,,,,-10.241486,1.7232432,-168.43602,-21.105473,GOES-16_XRS,1,6950,0,3358
2023-07-03 04:22:00,2023-07-03 04:15:00,2023-07-03 04:28:00,202307030415,2.817e-06,C2.8,GOES-16,2.000e-06,1.566e-03,2.148e-03,,,,55.187244,17.883556,739.1011,262.68622,GOES-16_XRS,1,6970,0,3354
2023-07-03 05:31:00,2023-07-03 05:23:00,2023-07-03 05:36:00,202307030523,2.556e-06,C2.5,GOES-16,1.743e-06,1.625e-03,2.009e-03,-42.0,-15.0,SVI,-33.14044,-10.035307,-509.8164,-206.4596,GOES-16_XRS,1,6980,0,3358
2023-07-03 06:25:00,2023-07-03 06:19:00,2023-07-03 06:31:00,202307030619,3.080e-06,C3.0,GOES-16,1.938e-06,1.495e-03,2.115e-03,-41.0,-16.0,SVI,-35.80362,2.8085284,-553.35156,5.343978,GOES-16_XRS,1,6990,0,3358
2023-07-03 06:53:00,2023-07-03 06:43:00,2023-07-03 06:58:00,202307030643,1.377e-05,M1.3,GOES-16,1.751e-06,5.683e-03,6.977e-03,,,,-39.578674,-14.338173,-584.37634,-271.905,GOES-16_XRS,1,7070,0,3358
2023-07-03 07:49:00,2023-07-03 07:46:00,2023-07-03 07:52:00,202307030746,3.217e-06,C3.2,GOES-16,2.002e-06,1.123e-03,1.266e-03,-40.0,-15.0,SVI,-37.70816,-13.555608,-562.9557,-260.5863,GOES-16_XRS,1,7110,0,3358
2023-07-03 12:09:00,2023-07-03 11:51:00,2023-07-03 12:21:00,202307031151,3.777e-06,C3.7,GOES-16,2.207e-06,4.219e-03,6.116e-03,-35.0,-23.0,SVI,-16.611969,-13.141982,-263.78278,-262.7606,GOES-16_XRS,1,7170,0,3359
2023-07-03 12:36:00,2023-07-03 12:27:00,2023-07-03 12:47:00,202307031227,4.688e-06,C4.6,GOES-16,3.208e-06,3.124e-03,5.366e-03,-34.0,-20.0,SVI,-30.102997,-13.790173,-461.32382,-268.33453,GOES-16_XRS,1,7180,0,3358
2023-07-03 14:48:00,2023-07-03 14:40:00,2023-07-03 14:53:00,202307031440,3.603e-06,C3.6,GOES-16,2.283e-06,2.135e-03,2.654e-03,-37.0,23.0,SVI,-19.54544,-8.659611,-313.37723,-190.20526,GOES-16_XRS,1,7210,0,3360
2023-07-03 15:14:00,2023-07-03 15:04:00,,202307031504,4.487e-06,C4.4,GOES-16,2.336e-06,3.102e-03,,,,,-40.57617,-12.348621,-601.5179,-240.17815,GOES-16_XRS,1,,0,
2023-07-03 15:21:00,2023-07-03 15:16:00,2023-07-03 15:23:00,202307031516,5.058e-06,C5.0,GOES-16,4.314e-06,2.498e-03,2.734e-03,-35.0,24.0,HOL,-38.60498,-11.355928,-579.1704,-225.4226,GOES-16_XRS,2,7220,0,3360
2023-07-03 18:04:00,2023-07-03 17:56:00,,202307031756,3.364e-06,C3.3,GOES-16,2.187e-06,2.038e-03,,,,,-25.133057,-2.1738858,-402.09613,-82.47357,GOES-16_XRS,1,,0,
2023-07-03 18:20:00,2023-07-03 18:07:00,2023-07-03 18:27:00,202307031807,5.042e-06,C5.0,GOES-16,3.156e-06,4.011e-03,5.225e-03,-34.0,21.0,HOL,-35.430725,-11.693747,-537.5455,-232.71997,GOES-16_XRS,2,7280,0,3360
2023-07-03 20:55:00,2023-07-03 20:43:00,,202307032043,3.973e-06,C3.9,GOES-16,2.252e-06,3.046e-03,,,,,-19.77243,-18.923786,-303.1302,-352.77972,GOES-16_XRS,1,7330,0,3360
2023-07-03 21:12:00,2023-07-03 21:02:00,2023-07-03 21:21:00,202307032102,8.925e-06,C8.9,GOES-16,3.702e-06,6.009e-03,8.950e-03,-33.0,22.0,HOL,-25.710205,15.574687,-395.87637,209.07516,GOES-16_XRS,2,7340,0,3360
2023-07-03 23:11:00,2023-07-03 23:09:00,2023-07-03 23:14:00,202307032309,2.997e-06,C2.9,GOES-16,2.095e-06,9.264e-04,1.064e-03,,,,-35.939117,27.397955,-493.32657,397.72897,GOES-16_XRS,1,7360,0,3360
2023-07-03 23:53:00,2023-07-03 23:45:00,2023-07-03 23:55:00,202307032345,4.400e-06,C4.4,GOES-16,1.894e-06,1.758e-03,1.895e-03,73.0,15.0,HOL,68.993225,15.207966,851.3466,229.61563,GOES-16_XRS,1,7370,0,3354
2023-07-04 00:28:00,2023-07-04 00:23:00,2023-07-04 00:31:00,202307040023,4.293e-06,C4.2,GOES-16,1.820e-06,1.508e-03,1.675e-03,,,,-26.80899,22.46238,-394.7758,318.48325,GOES-16_XRS,1,7390,0,3360
2023-07-04 02:01:00,2023-07-04 01:56:00,2023-07-04 02:07:00,202307040156,2.746e-06,C2.7,GOES-16,1.974e-06,1.326e-03,1.894e-03,,,,,,946.4597,167.62178,GOES-16_XRS,1,7410,0,3354
2023-07-04 02:27:00,2023-07-04 02:22:00,2023-07-04 02:29:00,202307040222,2.980e-06,C2.9,GOES-16,1.953e-06,1.304e-03,1.436e-03,,,,-35.021576,19.345125,-512.7419,272.94315,GOES-16_XRS,1,7420,0,3360
2023-07-04 06:41:00,2023-07-04 06:36:00,2023-07-04 06:43:00,202307040636,7.230e-06,C7.2,GOES-16,2.774e-06,2.265e-03,2.453e-03,-28.0,24.0,SVI,-20.880524,24.674309,-306.80057,350.32516,GOES-16_XRS,1,7470,0,3360
2023-07-04 08:15:00,2023-07-04 08:08:00,2023-07-04 08:22:00,202307040808,3.042e-06,C3.0,GOES-16,2.098e-06,1.764e-03,2.547e-03,-24.0,-13.0,SVI,-25.79892,-8.934768,-407.27985,-193.63918,GOES-16_XRS,1,7490,0,3358
2023-07-04 12:35:00,2023-07-04 12:20:00,2023-07-04 12:54:00,202307041220,1.482e-05,M1.4,GOES-16,1.593e-06,1.004e-02,2.072e-02,82.0,16.0,SVI,81.74415,16.232477,897.1216,256.2468,GOES-16_XRS,1,7510,0,3354
2023-07-04 18:53:00,2023-07-04 18:44:00,,202307041844,2.840e-06,C2.8,GOES-16,1.411e-06,1.678e-03,,,,,53.206154,17.109653,724.05493,247.38992,GOES-16_XRS,1,,0,
2023-07-04 19:06:00,2023-07-04 19:02:00,,202307041902,2.462e-06,C2.4,GOES-16,2.334e-06,1.158e-03,,,,,30.307724,16.472158,458.35416,223.96892,GOES-16_XRS,2,,0,
2023-07-04 19:28:00,2023-07-04 19:08:00,2023-07-04 19:44:00,202307041908,8.044e-06,C8.0,GOES-16,2.433e-06,7.737e-03,1.299e-02,,,,76.12031,14.910552,886.09814,230.31769,GOES-16_XRS,3,7550,0,3354
2023-07-04 21:33:00,2023-07-04 21:21:00,2023-07-04 21:51:00,202307042121,5.235e-06,C5.2,GOES-16,1.830e-06,2.908e-03,6.497e-03,,,,27.52153,2.5307045,437.32098,-5.6732335,GOES-16_XRS,1,7560,0,3359
2023-07-04 22:12:00,2023-07-04 22:04:00,2023-07-04 22:18:00,202307042204,4.877e-06,C4.8,GOES-16,3.058e-06,2.954e-03,3.924e-03,,,,,,1003.829,276.708,GOES-16_XRS,1,7570,0,3354
2023-07-04 23:39:00,2023-07-04 23:27:00,2023-07-04 23:53:00,202307042327,6.034e-06,C6.0,GOES-16,2.420e-06,4.156e-03,7.676e-03,-47.0,23.0,LEA,61.72924,16.819798,797.1122,248.85928,GOES-16_XRS,1,7580,0,3361
2023-07-05 01:46:00,2023-07-05 01:36:00,2023-07-05 01:55:00,202307050136,2.537e-06,C2.5,GOES-16,1.795e-06,1.870e-03,2.799e-03,-18.0,-21.0,LEA,-19.37204,-12.867556,-306.36768,-260.17966,GOES-16_XRS,1,7610,0,3359
2023-07-05 03:28:00,2023-07-05 03:22:00,2023-07-05 03:32:00,202307050322,3.949e-06,C3.9,GOES-16,2.035e-06,1.781e-03,2.102e-03,,,,,,965.0708,187.27237,GOES-16_XRS,1,7630,0,3354
2023-07-05 04:12:00,2023-07-05 04:04:00,2023-07-05 04:19:00,202307050404,3.502e-06,C3.5,GOES-16,2.174e-06,2.102e-03,2.976e-03,80.0,16.0,LEA,,,976.8768,246.38448,GOES-16_XRS,1,7640,0,3354
2023-07-05 08:43:00,2023-07-05 08:33:00,2023-07-05 08:55:00,202307050833,2.707e-06,C2.7,GOES-16,1.797e-06,1.940e-03,3.404e-03,,,,66.61023,17.423592,827.7218,262.01068,GOES-16_XRS,1,7670,0,3354
2023-07-05 10:43:00,2023-07-05 10:33:00,2023-07-05 10:48:00,202307051033,7.588e-06,C7.5,GOES-16,2.355e-06,3.731e-03,4.628e-03,87.0,15.0,SVI,87.458565,13.230959,917.7751,213.29506,GOES-16_XRS,1,7710,0,3354
2023-07-05 11:00:00,2023-07-05 10:55:00,2023-07-05 11:03:00,202307051055,8.243e-06,C8.2,GOES-16,3.263e-06,2.918e-03,3.179e-03,,,,77.818275,13.835342,896.3808,214.3291,GOES-16_XRS,1,7720,0,
2023-07-05 13:50:00,2023-07-05 13:41:00,2023-07-05 13:57:00,202307051341,2.544e-06,C2.5,GOES-16,1.767e-06,1.721e-03,2.380e-03,,,,77.5336,16.17923,885.65955,251.40892,GOES-16_XRS,1,7750,0,
2023-07-05 15:50:00,2023-07-05 15:40:00,2023-07-05 15:56:00,202307051540,6.243e-06,C6.2,GOES-16,1.876e-06,2.993e-03,3.961e-03,-7.0,-21.0,HOL,24.501144,-0.3939367,392.89908,-56.455223,GOES-16_XRS,1,7760,0,3359
2023-07-05 16:11:00,2023-07-05 16:06:00,2023-07-05 16:15:00,202307051606,5.509e-06,C5.5,GOES-16,3.284e-06,2.445e-03,2.937e-03,,,,,,945.6263,251.10213,GOES-16_XRS,1,7770,0,
2023-07-05 18:17:00,2023-07-05 18:11:00,2023-07-05 18:21:00,202307051811,4.372e-06,C4.3,GOES-16,2.197e-06,1.937e-03,2.310e-03,-34.0,23.0,HOL,,,-923.5978,-325.07236,GOES-16_XRS,1,7780,0,3361
2023-07-05 18:58:00,2023-07-05 18:36:00,2023-07-05 19:20:00,202307051836,1.015e-05,M1.0,GOES-16,3.199e-06,1.084e-02,2.037e-02,-35.0,24.0,HOL,,,1063.4238,304.8639,GOES-16_XRS,1,7790,0,3361
2023-07-05 22:46:00,2023-07-05 22:39:00,2023-07-05 22:53:00,202307052239,2.216e-06,C2.2,GOES-16,1.627e-06,1.290e-03,1.874e-03,,,,-23.076935,19.191969,-350.68558,262.75204,GOES-16_XRS,1,7800,0,3360
2023-07-06 02:45:00,2023-07-06 02:40:00,2023-07-06 02:57:00,202307060240,1.936e-06,C1.9,GOES-16,1.327e-06,9.120e-04,1.911e-03,,,,63.238605,11.246692,827.96387,159.52682,GOES-16_XRS,1,7820,0,
2023-07-06 03:25:00,2023-07-06 03:12:00,2023-07-06 03:30:00,202307060312,2.379e-06,C2.3,GOES-16,1.416e-06,1.972e-03,2.313e-03,-30.0,23.0,LEA,-33.71393,22.999184,-483.7955,326.66663,GOES-16_XRS,1,7830,0,3361
2023-07-06 04:30:00,2023-07-06 04:15:00,,202307060415,2.425e-06,C2.4,GOES-16,1.717e-06,2.534e-03,,,,,9.714458,-11.290801,156.80539,-239.18433,GOES-16_XRS,1,,0,
2023-07-06 04:45:00,2023-07-06 04:36:00,2023-07-06 04:52:00,202307060436,8.931e-06,C8.9,GOES-16,2.333e-06,4.667e-03,6.482e-03,-6.0,23.0,LEA,-3.8394775,21.636383,-58.9819,296.98193,GOES-16_XRS,2,7860,0,3360
2023-07-06 08:26:00,2023-07-06 08:15:00,2023-07-06 08:32:00,202307060815,3.501e-06,C3.5,GOES-16,1.755e-06,2.300e-03,2.942e-03,,,,,,977.0803,310.2537,GOES-16_XRS,1,7930,0,
2023-07-06 09:52:00,2023-07-06 09:42:00,,202307060942,2.859e-06,C2.8,GOES-16,1.900e-06,2.062e-03,,,,,86.08894,13.9072,914.03,222.74107,GOES-16_XRS,1,,0,
2023-07-06 10:17:00,2023-07-06 10:10:00,2023-07-06 10:25:00,202307061010,3.383e-06,C3.3,GOES-16,2.645e-06,2.051e-03,3.152e-03,-28.0,24.0,SVI,19.568115,-7.5896072,314.5622,-177.46268,GOES-16_XRS,2,7960,0,3361
2023-07-06 10:49:00,2023-07-06 10:32:00,2023-07-06 11:06:00,202307061032,1.063e-05,M1.0,GOES-16,3.353e-06,8.966e-03,1.647e-02,0.0,-14.0,SVI,,,952.047,284.35593,GOES-16_XRS,1,7970,0,3354
2023-07-06 12:11:00,2023-07-06 12:04:00,2023-07-06 12:20:00,202307061204,2.678e-06,C2.6,GOES-16,1.950e-06,1.607e-03,2.615e-03,4.0,-21.0,SVI,-8.051727,-30.527422,-114.26303,-528.2744,GOES-16_XRS,1,7990,0,3359
2023-07-06 23:50:00,2023-07-06 23:41:00,2023-07-07 00:00:00,202307062341,2.739e-06,C2.7,GOES-16,1.637e-06,1.732e-03,2.826e-03,,,,9.728795,-23.854364,146.40201,-433.9822,GOES-16_XRS,1,8090,0,3359
2023-07-07 05:57:00,2023-07-07 05:41:00,2023-07-07 06:13:00,202307070541,1.726e-06,C1.7,GOES-16,1.155e-06,1.829e-03,3.135e-03,,,,12.701734,-13.566912,202.52556,-276.56796,GOES-16_XRS,1,8190,0,3359
2023-07-07 06:29:00,2023-07-07 06:17:00,2023-07-07 06:37:00,202307070617,4.056e-05,M4.0,GOES-16,1.565e-06,1.456e-02,2.293e-02,15.0,-22.0,SVI,13.283422,-21.264643,202.8437,-395.2779,GOES-16_XRS,1,8200,0,3359
2023-07-07 07:32:00,2023-07-07 07:25:00,2023-07-07 07:38:00,202307070725,4.269e-06,C4.2,GOES-16,2.850e-06,2.429e-03,3.262e-03,,,,16.067045,-23.280155,240.80632,-424.66956,GOES-16_XRS,1,8240,0,3359
2023-07-07 13:58:00,2023-07-07 13:51:00,2023-07-07 14:00:00,202307071351,2.376e-06,C2.3,GOES-16,1.458e-06,1.165e-03,1.262e-03,-66.0,-18.0,HOL,-13.991547,24.641237,-208.20549,342.87558,GOES-16_XRS,1,8340,0,3361
2023-07-07 18:19:00,2023-07-07 18:16:00,2023-07-07 18:21:00,202307071816,2.793e-06,C2.7,GOES-16,1.683e-06,9.209e-04,1.036e-03,-6.0,24.0,HOL,-6.9754333,26.658697,-102.83007,372.31644,GOES-16_XRS,1,8500,0,3361
2023-07-08 01:44:00,2023-07-08 01:27:00,2023-07-08 02:02:00,202307080127,4.232e-06,C4.2,GOES-16,1.234e-06,3.522e-03,6.596e-03,-17.0,26.0,LEA,-3.0205078,23.006065,-45.95971,315.27136,GOES-16_XRS,1,8580,0,3361
2023-07-08 11:28:00,2023-07-08 11:12:00,2023-07-08 11:44:00,202307081112,3.340e-06,C3.3,GOES-16,1.248e-06,3.065e-03,5.317e-03,2.0,23.0,SVI,3.0919867,19.784016,48.09847,263.90118,GOES-16_XRS,1,8630,0,3361
2023-07-08 14:07:00,2023-07-08 14:01:00,,202307081401,1.731e-06,C1.7,GOES-16,1.250e-06,8.699e-04,,,,,6.1044126,28.969074,88.14089,405.7374,GOES-16_XRS,1,8670,0,3361
2023-07-08 14:26:00,2023-07-08 14:17:00,2023-07-08 14:34:00,202307081417,1.562e-06,C1.5,GOES-16,1.503e-06,1.202e-03,1.752e-03,,,,-25.473999,37.84732,-321.54166,536.9535,GOES-16_XRS,2,8810,0,3364
2023-07-08 18:54:00,2023-07-08 18:47:00,2023-07-08 18:58:00,202307081847,1.721e-06,C1.7,GOES-16,1.194e-06,9.424e-04,1.102e-03,,,,-37.40863,-23.448055,-527.5309,-419.81198,GOES-16_XRS,1,8710,0,3363
2023-07-08 21:19:00,2023-07-08 21:11:00,2023-07-08 21:28:00,202307082111,2.351e-06,C2.3,GOES-16,1.214e-06,1.265e-03,2.043e-03,7.0,25.0,HOL,13.407342,22.475388,203.00974,307.0698,GOES-16_XRS,1,8730,0,3361
2023-07-08 22:00:00,2023-07-08 21:53:00,2023-07-08 22:11:00,202307082153,2.465e-06,C2.4,GOES-16,1.478e-06,1.375e-03,2.543e-03,8.0,24.0,HOL,6.987349,25.248018,104.252266,348.93625,GOES-16_XRS,1,8740,0,3361
2023-07-08 23:21:00,2023-07-08 23:13:00,2023-07-08 23:30:00,202307082313,2.019e-06,C2.0,GOES-16,1.232e-06,1.160e-03,1.870e-03,,,,5.8645797,26.178972,86.88051,362.98755,GOES-16_XRS,1,8760,0,3361
2023-07-09 00:02:00,2023-07-08 23:37:00,,202307082337,5.618e-06,C5.6,GOES-16,1.669e-06,5.897e-03,,,,,18.705944,2.8711762,303.52563,-10.077581,GOES-16_XRS,1,8770,0,3366
2023-07-09 00:09:00,2023-07-09 00:05:00,2023-07-09 00:12:00,202307090005,5.762e-06,C5.7,GOES-16,5.503e-06,2.699e-03,3.031e-03,21.0,-12.0,LEA,19.268562,-0.6841965,312.67487,-68.618256,GOES-16_XRS,2,8830,0,3366
2023-07-09 05:47:00,2023-07-09 05:40:00,2023-07-09 05:54:00,202307090540,1.795e-06,C1.7,GOES-16,1.313e-06,1.030e-03,1.504e-03,10.0,25.0,SVI,13.682789,24.935503,203.21971,344.74716,GOES-16_XRS,1,8880,0,3361
2023-07-09 11:21:00,2023-07-09 11:00:00,,202307091100,3.885e-06,C3.8,GOES-16,1.810e-06,4.707e-03,,,,,30.127836,-8.489545,470.19876,-192.14447,GOES-16_XRS,1,8960,0,3366
2023-07-09 11:45:00,2023-07-09 11:30:00,2023-07-09 11:52:00,202307091130,4.198e-06,C4.1,GOES-16,3.743e-06,4.547e-03,5.746e-03,,,,30.887854,-8.828027,480.455,-197.22467,GOES-16_XRS,2,,0,
2023-07-09 13:53:00,2023-07-09 13:45:00,2023-07-09 14:09:00,202307091345,4.294e-06,C4.2,GOES-16,1.473e-06,2.508e-03,5.640e-03,41.0,-24.0,HOL,55.100098,-24.01994,708.4089,-416.293,GOES-16_XRS,1,8990,0,3359
2023-07-09 18:12:00,2023-07-09 18:06:00,2023-07-09 18:22:00,202307091806,3.719e-06,C3.7,GOES-16,1.422e-06,1.563e-03,2.867e-03,52.0,-26.0,HOL,48.435856,-20.094711,664.79,-362.93558,GOES-16_XRS,1,9060,0,3359
2023-07-09 23:20:00,2023-07-09 23:10:00,2023-07-09 23:26:00,202307092310,6.911e-06,C6.9,GOES-16,2.383e-06,3.839e-03,4.996e-03,46.0,20.0,HOL,46.94156,-10.857941,679.0771,-219.65373,GOES-16_XRS,1,9130,0,3366
2023-07-09 23:39:00,2023-07-09 23:31:00,2023-07-09 23:45:00,202307092331,6.642e-06,C6.6,GOES-16,3.719e-06,3.902e-03,5.165e-03,,,,33.446182,-20.207764,489.70724,-375.1589,GOES-16_XRS,1,9140,0,3368
2023-07-09 23:54:00,2023-07-09 23:50:00,2023-07-09 23:58:00,202307092350,6.301e-06,C6.3,GOES-16,4.509e-06,2.740e-03,3.309e-03,,,,36.505444,-9.957785,554.8114,-212.76204,GOES-16_XRS,1,9150,0,3366
2023-07-10 00:32:00,2023-07-10 00:25:00,,202307100025,3.420e-06,C3.4,GOES-16,2.054e-06,1.751e-03,,-31.0,-23.0,HOL,-7.66037,-19.184687,-119.28352,-369.13483,GOES-16_XRS,1,9170,0,3363
2023-07-10 00:43:00,2023-07-10 00:35:00,2023-07-10 00:50:00,202307100035,4.495e-06,C4.4,GOES-16,2.930e-06,2.803e-03,3.934e-03,46.0,-13.0,LEA,44.532593,-2.5546074,663.1837,-86.544304,GOES-16_XRS,2,9280,0,3359
2023-07-10 01:58:00,2023-07-10 01:49:00,2023-07-10 02:00:00,202307100149,9.366e-06,C9.3,GOES-16,3.087e-06,3.731e-03,4.044e-03,24.0,24.0,LEA,22.001057,24.15365,323.80612,333.8528,GOES-16_XRS,1,9240,0,3361
2023-07-10 03:55:00,2023-07-10 03:29:00,2023-07-10 04:11:00,202307100329,2.362e-05,M2.3,GOES-16,3.291e-06,2.454e-02,3.954e-02,49.0,-13.0,LEA,48.000767,-14.89467,679.56445,-283.1762,GOES-16_XRS,1,9360,0,3366
2023-07-10 05:16:00,2023-07-10 04:58:00,,202307100458,4.067e-06,C4.0,GOES-16,2.430e-06,4.571e-03,,,,,38.702026,-12.96784,576.8653,-259.69952,GOES-16_XRS,1,9370,0,3368
2023-07-10 05:31:00,2023-07-10 05:24:00,2023-07-10 05:41:00,202307100524,4.586e-06,C4.5,GOES-16,3.923e-06,2.863e-03,4.961e-03,38.0,-12.0,LEA,41.85319,-11.3333645,619.2837,-231.44559,GOES-16_XRS,2,9410,0,3366
2023-07-10 06:19:00,2023-07-10 06:11:00,2023-07-10 06:33:00,202307100611,4.209e-06,C4.2,GOES-16,2.430e-06,2.421e-03,4.969e-03,3.0,10.0,SVI,-4.499542,15.298033,-71.7171,189.03264,GOES-16_XRS,1,9420,0,3367
2023-07-10 09:15:00,2023-07-10 09:07:00,2023-07-10 09:23:00,202307100907,3.132e-06,C3.1,GOES-16,1.750e-06,1.759e-03,2.665e-03,4.0,9.0,SVI,0.31301993,8.3554,5.1232543,75.00016,GOES-16_XRS,1,9560,0,3367
2023-07-10 09:50:00,2023-07-10 09:46:00,2023-07-10 09:55:00,202307100946,2.957e-06,C2.9,GOES-16,2.054e-06,1.279e-03,1.721e-03,,,,,,-1016.66187,-383.8552,GOES-16_XRS,1,9600,0,
2023-07-10 10:18:00,2023-07-10 10:14:00,2023-07-10 10:30:00,202307101014,3.048e-06,C3.0,GOES-16,1.611e-06,1.229e-03,2.816e-03,5.0,9.0,SVI,6.896737,12.253019,111.216194,139.41576,GOES-16_XRS,1,9610,0,3367
2023-07-10 14:55:00,2023-07-10 14:48:00,2023-07-10 15:02:00,202307101448,2.815e-06,C2.8,GOES-16,1.823e-06,1.531e-03,2.236e-03,,,,46.97906,-6.780139,687.0825,-154.4348,GOES-16_XRS,1,9690,0,3366
2023-07-10 17:22:00,2023-07-10 17:12:00,2023-07-10 17:29:00,202307101712,2.891e-06,C2.8,GOES-16,1.857e-06,2.025e-03,2.750e-03,,,,-66.48108,24.819668,-786.6272,372.8664,GOES-16_XRS,1,9720,0,
2023-07-10 19:28:00,2023-07-10 19:17:00,2023-07-10 19:35:00,202307101917,5.337e-06,C5.3,GOES-16,3.475e-06,4.067e-03,5.417e-03,,,,-23.806488,7.680881,-379.01736,68.50776,GOES-16_XRS,1,9740,0,3366
2023-07-10 22:18:00,2023-07-10 22:06:00,2023-07-10 22:28:00,202307102206,1.495e-05,M1.4,GOES-16,2.428e-06,8.351e-03,1.309e-02,59.0,-12.0,HOL,60.640224,-11.211261,808.3634,-214.12975,GOES-16_XRS,1,9770,0,3366
2023-07-11 01:49:00,2023-07-11 01:45:00,2023-07-11 01:54:00,202307110145,3.730e-06,C3.7,GOES-16,2.666e-06,1.582e-03,2.150e-03,,,,,,-895.8433,306.44913,GOES-16_XRS,1,9890,0,
2023-07-11 02:14:00,2023-07-11 02:10:00,2023-07-11 02:16:00,202307110210,8.114e-06,C8.1,GOES-16,2.424e-06,2.321e-03,2.566e-03,,,,-81.78412,18.47845,-886.325,289.89056,GOES-16_XRS,1,9910,0,
2023-07-11 04:04:00,2023-07-11 03:57:00,2023-07-11 04:13:00,202307110357,5.647e-06,C5.6,GOES-16,2.757e-06,2.497e-03,4.403e-03,,,,-60.76761,21.13061,-769.68506,310.81857,GOES-16_XRS,1,9950,0,
2023-07-11 05:07:00,2023-07-11 04:58:00,2023-07-11 05:11:00,202307110458,6.714e-06,C6.7,GOES-16,3.865e-06,3.907e-03,4.508e-03,56.0,-12.0,SVI,-48.162018,2.9694135,-704.16504,6.017826,GOES-16_XRS,1,60,0,3358
2023-07-11 09:23:00,2023-07-11 09:19:00,2023-07-11 09:26:00,202307110919,4.881e-06,C4.8,GOES-16,2.439e-06,1.681e-03,1.872e-03,38.0,25.0,SVI,38.46088,26.19193,528.3649,371.40503,GOES-16_XRS,1,70,0,3361
2023-07-11 11:23:00,2023-07-11 11:13:00,2023-07-11 11:34:00,202307111113,4.597e-06,C4.5,GOES-16,2.916e-06,3.233e-03,5.361e-03,-11.0,-25.0,SVI,-22.554443,-9.551899,-358.35516,-215.95168,GOES-16_XRS,1,90,0,3363
2023-07-11 13:00:00,2023-07-11 12:50:00,2023-07-11 13:07:00,202307111250,6.527e-06,C6.5,GOES-16,3.852e-06,4.366e-03,5.977e-03,63.0,-11.0,HOL,-23.679352,25.328106,-343.858,350.46817,GOES-16_XRS,1,170,0,3358
2023-07-11 13:34:00,2023-07-11 13:20:00,2023-07-11 13:42:00,202307111320,7.653e-06,C7.6,GOES-16,3.674e-06,6.513e-03,8.712e-03,61.0,-13.0,SVI,,,-947.97003,398.57382,GOES-16_XRS,1,180,0,3358
2023-07-11 14:35:00,2023-07-11 14:19:00,2023-07-11 14:44:00,202307111419,2.001e-05,M2.0,GOES-16,4.164e-06,1.282e-02,1.835e-02,,,,-75.94736,24.8333,-831.6047,381.4667,GOES-16_XRS,1,210,0,3372
2023-07-11 16:12:00,2023-07-11 16:02:00,2023-07-11 16:34:00,202307111602,1.166e-05,M1.1,GOES-16,6.756e-06,7.763e-03,1.992e-02,,,,,,-918.6999,446.28506,GOES-16_XRS,1,250,0,3372
2023-07-11 18:08:00,2023-07-11 17:51:00,2023-07-11 18:15:00,202307111751,6.827e-05,M6.8,GOES-16,4.906e-06,4.069e-02,5.237e-02,57.0,-19.0,HOL,,,-871.13086,363.03928,GOES-16_XRS,1,500,0,3368
2023-07-11 19:29:00,2023-07-11 19:20:00,2023-07-11 19:38:00,202307111920,1.093e-05,M1.0,GOES-16,7.263e-06,7.124e-03,1.110e-02,-87.0,24.0,HOL,-50.622894,13.695575,-710.6556,183.20381,GOES-16_XRS,1,330,0,3372
2023-07-11 22:15:00,2023-07-11 22:04:00,2023-07-11 22:23:00,202307112204,5.856e-05,M5.8,GOES-16,5.813e-06,2.014e-02,3.205e-02,,,,-81.480194,23.197157,-858.3255,362.12665,GOES-16_XRS,1,410,0,
2023-07-11 23:37:00,2023-07-11 23:34:00,2023-07-11 23:44:00,202307112334,1.252e-05,M1.2,GOES-16,7.335e-06,4.373e-03,7.401e-03,,,,50.49324,-18.870184,690.6868,-344.75693,GOES-16_XRS,1,440,0,3368
2023-07-12 00:31:00,2023-07-12 00:21:00,2023-07-12 00:39:00,202307120021,1.479e-05,M1.4,GOES-16,7.032e-06,8.631e-03,1.288e-02,24.0,11.0,LEA,61.00593,-11.578062,810.19574,-220.49983,GOES-16_XRS,1,530,0,3366
2023-07-12 02:19:00,2023-07-12 02:10:00,2023-07-12 02:24:00,202307120210,8.747e-06,C8.7,GOES-16,6.004e-06,5.871e-03,7.199e-03,-77.0,24.0,LEA,,,-936.5407,406.23233,GOES-16_XRS,1,550,0,3372
2023-07-12 04:45:00,2023-07-12 04:31:00,2023-07-12 04:57:00,202307120431,1.342e-05,M1.3,GOES-16,4.002e-06,8.881e-03,1.554e-02,,,,-43.29364,27.250933,-576.99866,389.59213,GOES-16_XRS,1,580,0,3372
2023-07-12 05:14:00,2023-07-12 05:10:00,2023-07-12 05:22:00,202307120510,1.351e-05,M1.3,GOES-16,5.978e-06,5.231e-03,8.962e-03,,,,54.615536,23.41261,707.72784,339.86737,GOES-16_XRS,1,590,0,3361
2023-07-12 06:17:00,2023-07-12 06:10:00,2023-07-12 06:22:00,202307120610,5.630e-06,C5.6,GOES-16,3.758e-06,3.085e-03,3.905e-03,,,,-63.12256,22.22125,-780.6969,329.03152,GOES-16_XRS,1,610,0,3372
2023-07-12 08:32:00,2023-07-12 08:23:00,2023-07-12 08:37:00,202307120823,4.169e-06,C4.1,GOES-16,2.427e-06,2.523e-03,3.107e-03,,,,50.62941,24.786491,664.0558,357.5219,GOES-16_XRS,1,660,0,
2023-07-12 08:43:00,2023-07-12 08:39:00,,202307120839,5.938e-06,C5.9,GOES-16,3.031e-06,2.291e-03,,,,,46.956306,23.780474,632.9151,339.25385,GOES-16_XRS,1,,0,
2023-07-12 08:55:00,2023-07-12 08:49:00,2023-07-12 08:59:00,202307120849,6.971e-05,M6.9,GOES-16,5.445e-06,2.139e-02,2.493e-02,-77.0,24.0,LEA,-76.34558,23.166143,-843.891,356.32327,GOES-16_XRS,2,670,0,3372
2023-07-12 10:28:00,2023-07-12 10:23:00,2023-07-12 10:31:00,202307121023,9.169e-06,C9.1,GOES-16,4.712e-06,3.536e-03,3.890e-03,52.0,25.0,SVI,58.485176,17.92979,767.1313,257.42776,GOES-16_XRS,1,710,0,3361
2023-07-12 15:05:00,2023-07-12 14:58:00,2023-07-12 15:07:00,202307121458,4.739e-06,C4.7,GOES-16,2.582e-06,2.208e-03,2.386e-03,58.0,23.0,HOL,48.679005,27.48016,630.45514,396.448,GOES-16_XRS,1,770,0,3361
2023-07-12 15:14:00,2023-07-12 15:10:00,2023-07-12 15:16:00,202307121510,4.210e-06,C4.2,GOES-16,3.065e-06,1.746e-03,1.932e-03,,,,59.142845,21.025982,757.80426,306.53644,GOES-16_XRS,1,780,0,3361
2023-07-12 17:32:00,2023-07-12 17:27:00,2023-07-12 17:35:00,202307121727,3.684e-06,C3.6,GOES-16,2.407e-06,1.572e-03,1.731e-03,,,,42.31212,26.838938,568.54706,382.12125,GOES-16_XRS,1,810,0,
2023-07-12 19:38:00,2023-07-12 19:34:00,2023-07-12 19:43:00,202307121934,5.005e-06,C5.0,GOES-16,3.075e-06,2.014e-03,2.714e-03,,,,-74.37311,23.174677,-836.4094,354.27814,GOES-16_XRS,1,860,0,3372
2023-07-12 22:30:00,2023-07-12 22:23:00,2023-07-12 22:34:00,202307122223,3.672e-06,C3.6,GOES-16,2.710e-06,2.117e-03,2.496e-03,,,,-66.65924,21.134514,-809.5305,315.13696,GOES-16_XRS,1,970,0,
2023-07-12 22:50:00,2023-07-12 22:39:00,,202307122239,5.525e-06,C5.5,GOES-16,3.124e-06,3.913e-03,,8.0,-25.0,HOL,-11.049347,1.1294203,-181.61775,-47.48089,GOES-16_XRS,1,990,0,3363
2023-07-12 22:57:00,2023-07-12 22:52:00,2023-07-12 23:08:00,202307122252,6.488e-06,C6.4,GOES-16,5.217e-06,3.207e-03,6.455e-03,,,,-25.52066,10.594986,-401.23953,114.01193,GOES-16_XRS,2,,0,
2023-07-13 00:42:00,2023-07-13 00:32:00,2023-07-13 00:45:00,202307130032,7.589e-06,C7.5,GOES-16,2.660e-06,3.786e-03,4.052e-03,,,,-73.68118,24.067852,-827.903,367.0608,GOES-16_XRS,1,1040,0,3372
2023-07-13 00:58:00,2023-07-13 00:52:00,2023-07-13 01:01:00,202307130052,8.064e-06,C8.0,GOES-16,3.746e-06,3.303e-03,3.596e-03,,,,-79.02661,23.457563,-850.54364,363.2463,GOES-16_XRS,1,1050,0,3372
2023-07-13 02:08:00,2023-07-13 02:04:00,,202307130204,4.841e-06,C4.8,GOES-16,3.491e-06,2.081e-03,,,,,-60.604523,26.629768,-736.4605,393.16507,GOES-16_XRS,1,1090,0,
2023-07-13 02:22:00,2023-07-13 02:19:00,2023-07-13 02:25:00,202307130219,5.517e-06,C5.5,GOES-16,4.230e-06,2.020e-03,2.278e-03,,,,-60.82129,23.482601,-757.24493,345.673,GOES-16_XRS,2,1150,0,3372
2023-07-13 02:48:00,2023-07-13 02:43:00,2023-07-13 02:51:00,202307130243,5.255e-06,C5.2,GOES-16,3.651e-06,2.350e-03,2.606e-03,-62.0,24.0,LEA,-71.73825,23.63497,-822.0652,358.50024,GOES-16_XRS,1,1100,0,3372
2023-07-13 05:11:00,2023-07-13 05:05:00,2023-07-13 05:27:00,202307130505,7.750e-06,C7.7,GOES-16,2.929e-06,3.090e-03,8.349e-03,-84.0,24.0,LEA,-48.025055,23.836763,-643.53015,340.04425,GOES-16_XRS,1,1130,0,3372
2023-07-13 08:13:00,2023-07-13 08:02:00,2023-07-13 08:19:00,202307130802,4.872e-06,C4.8,GOES-16,3.160e-06,3.877e-03,4.849e-03,-84.0,24.0,LEA,-67.31616,22.777414,-804.0986,340.8816,GOES-16_XRS,1,1180,0,3372
2023-07-13 09:55:00,2023-07-13 09:35:00,2023-07-13 10:11:00,202307130935,5.120e-06,C5.1,GOES-16,2.852e-06,6.059e-03,9.681e-03,-64.0,25.0,SVI,-87.72388,-0.37056947,-942.9767,-8.7822695,GOES-16_XRS,1,1190,0,3372
2023-07-13 11:20:00,2023-07-13 11:13:00,2023-07-13 11:28:00,202307131113,4.718e-06,C4.7,GOES-16,3.011e-06,2.505e-03,3.927e-03,-66.0,25.0,SVI,-87.07779,23.29944,-865.7973,369.19492,GOES-16_XRS,1,1220,0,3372
2023-07-13 12:44:00,2023-07-13 12:22:00,2023-07-13 13:10:00,202307131222,9.736e-06,C9.7,GOES-16,3.934e-06,1.213e-02,2.410e-02,-66.0,25.0,SVI,-56.437317,24.328606,-718.1924,354.30887,GOES-16_XRS,1,1240,0,3372
2023-07-13 16:52:00,2023-07-13 16:48:00,2023-07-13 16:55:00,202307131648,4.720e-06,C4.7,GOES-16,2.924e-06,1.798e-03,2.006e-03,,,,-81.358185,25.811949,-840.43506,400.84018,GOES-16_XRS,1,1330,0,3372
2023-07-13 18:52:00,2023-07-13 18:28:00,,202307131828,5.697e-06,C5.6,GOES-16,2.882e-06,7.531e-03,,,,,68.799515,20.510252,825.3289,307.06647,GOES-16_XRS,1,,0,
2023-07-13 19:20:00,2023-07-13 18:55:00,2023-07-13 19:35:00,202307131855,2.123e-05,M2.1,GOES-16,5.628e-06,1.997e-02,3.234e-02,-57.0,24.0,HOL,-28.051453,20.927948,-416.07712,280.80457,GOES-16_XRS,2,1360,0,3372
2023-07-13 22:29:00,2023-07-13 22:22:00,2023-07-13 22:34:00,202307132222,3.679e-06,C3.6,GOES-16,2.405e-06,1.964e-03,2.508e-03,53.0,9.0,HOL,47.26389,5.792883,691.67,48.766777,GOES-16_XRS,1,1380,0,3367
2023-07-13 22:48:00,2023-07-13 22:38:00,2023-07-13 22:54:00,202307132238,6.973e-06,C6.9,GOES-16,2.660e-06,3.956e-03,5.124e-03,-58.0,25.0,HOL,12.323344,-24.057373,184.62314,-446.68414,GOES-16_XRS,1,1410,0,3372
2023-07-14 00:31:00,2023-07-14 00:26:00,2023-07-14 00:33:00,202307140026,5.878e-06,C5.8,GOES-16,2.429e-06,2.093e-03,2.279e-03,-49.0,24.0,LEA,-46.054962,18.113642,-647.74005,247.96405,GOES-16_XRS,1,1450,0,3372
2023-07-14 09:20:00,2023-07-14 09:04:00,,202307140904,2.620e-06,C2.6,GOES-16,1.588e-06,2.741e-03,,,,,50.218246,13.268238,707.85803,173.25566,GOES-16_XRS,1,1860,0,3361
2023-07-14 09:36:00,2023-07-14 09:22:00,2023-07-14 09:48:00,202307140922,1.036e-05,M1.0,GOES-16,2.604e-06,6.621e-03,1.132e-02,24.0,-19.0,SVI,23.086512,-23.396605,340.85306,-433.91782,GOES-16_XRS,2,1600,0,3363
2023-07-14 10:57:00,2023-07-14 10:50:00,2023-07-14 11:00:00,202307141050,2.091e-06,C2.0,GOES-16,1.490e-06,1.140e-03,1.240e-03,22.0,-23.0,SVI,12.730988,-16.42999,200.29175,-332.60135,GOES-16_XRS,1,1620,0,3363
2023-07-14 11:51:00,2023-07-14 11:34:00,,202307141134,7.202e-06,C7.2,GOES-16,1.700e-06,5.795e-03,,-51.0,25.0,SVI,-47.885498,22.691874,-647.70496,320.92566,GOES-16_XRS,1,1650,0,3372
2023-07-14 12:02:00,2023-07-14 11:56:00,2023-07-14 12:10:00,202307141156,7.604e-06,C7.6,GOES-16,6.291e-06,4.261e-03,6.788e-03,,,,-51.287476,25.360733,-667.15234,364.7232,GOES-16_XRS,2,1870,0,3372
2023-07-14 13:33:00,2023-07-14 13:28:00,2023-07-14 13:40:00,202307141328,3.536e-06,C3.5,GOES-16,1.630e-06,1.468e-03,2.261e-03,24.0,-24.0,SVI,26.87009,-26.38874,383.3846,-475.60788,GOES-16_XRS,1,1690,0,3363
2023-07-14 14:05:00,2023-07-14 13:50:00,2023-07-14 14:24:00,202307141350,4.976e-06,C4.9,GOES-16,1.692e-06,4.028e-03,8.200e-03,,,,,,-919.03546,308.17255,GOES-16_XRS,1,1880,0,
2023-07-14 18:44:00,2023-07-14 18:27:00,2023-07-14 18:57:00,202307141827,8.888e-06,C8.8,GOES-16,1.323e-06,5.985e-03,1.012e-02,,,,-13.27063,-14.791941,-210.31561,-307.45972,GOES-16_XRS,1,1820,0,3370
2023-07-14 19:50:00,2023-07-14 19:34:00,2023-07-14 20:03:00,202307141934,3.697e-06,C3.6,GOES-16,1.523e-06,3.286e-03,5.276e-03,-20.0,-15.0,HOL,-16.420868,-16.34919,-257.02222,-330.78287,GOES-16_XRS,1,1830,0,3370
2023-07-14 21:38:00,2023-07-14 21:35:00,2023-07-14 21:40:00,202307142135,1.713e-06,C1.7,GOES-16,1.165e-06,5.900e-04,6.642e-04,,,,31.998537,-23.764492,459.19083,-435.2023,GOES-16_XRS,1,1850,0,3363
2023-07-15 00:16:00,2023-07-15 00:05:00,2023-07-15 00:22:00,202307150005,6.188e-06,C6.1,GOES-16,1.251e-06,3.397e-03,4.259e-03,,,,,,898.1444,-290.07782,GOES-16_XRS,1,1940,0,3368
2023-07-15 06:05:00,2023-07-15 05:58:00,2023-07-15 06:08:00,202307150558,2.449e-06,C2.4,GOES-16,1.231e-06,1.070e-03,1.163e-03,35.0,-20.0,LEA,29.755272,-17.745716,447.68317,-346.61743,GOES-16_XRS,1,2040,0,3363
2023-07-15 07:41:00,2023-07-15 07:21:00,2023-07-15 07:55:00,202307150721,2.932e-05,M2.9,GOES-16,1.880e-06,2.221e-02,3.709e-02,37.0,-23.0,SVI,38.618664,-25.909662,531.383,-462.40704,GOES-16_XRS,1,2080,0,3363
2023-07-15 08:26:00,2023-07-15 08:17:00,2023-07-15 08:33:00,202307150817,4.613e-06,C4.6,GOES-16,2.540e-06,2.995e-03,4.107e-03,,,,82.93653,-17.875078,891.6535,-297.2537,GOES-16_XRS,1,2090,0,3368
2023-07-15 09:53:00,2023-07-15 09:43:00,2023-07-15 09:56:00,202307150943,1.069e-05,M1.0,GOES-16,1.692e-06,4.059e-03,4.346e-03,-63.0,11.0,SVI,-42.872772,21.59829,-598.889,298.91516,GOES-16_XRS,1,2110,0,3372
2023-07-15 10:10:00,2023-07-15 10:05:00,2023-07-15 10:12:00,202307151005,2.211e-05,M2.2,GOES-16,2.560e-06,5.068e-03,5.187e-03,-42.0,23.0,SVI,-40.5618,20.110424,-578.1606,273.75198,GOES-16_XRS,1,2120,0,3372
2023-07-15 16:02:00,2023-07-15 15:59:00,2023-07-15 16:04:00,202307151559,3.481e-06,C3.4,GOES-16,1.066e-06,9.104e-04,9.880e-04,-55.0,8.0,SVI,-56.318542,5.27687,-783.91736,47.19383,GOES-16_XRS,1,2280,0,3373
2023-07-15 20:01:00,2023-07-15 19:50:00,2023-07-15 20:04:00,202307151950,8.807e-06,C8.8,GOES-16,1.357e-06,3.405e-03,3.574e-03,,,,46.625362,-20.93465,642.4484,-383.27823,GOES-16_XRS,1,2330,0,3363
2023-07-15 21:00:00,2023-07-15 20:50:00,,202307152050,2.569e-06,C2.5,GOES-16,1.593e-06,1.757e-03,,,,,-31.397644,23.876005,-451.22375,326.02023,GOES-16_XRS,1,2390,0,3372
2023-07-15 21:50:00,2023-07-15 21:04:00,2023-07-15 22:19:00,202307152104,3.785e-06,C3.7,GOES-16,2.458e-06,9.501e-03,1.508e-02,,,,-29.871033,23.255997,-433.44052,315.46518,GOES-16_XRS,2,2370,0,3372
2023-07-16 00:45:00,2023-07-16 00:40:00,2023-07-16 00:48:00,202307160040,2.537e-06,C2.5,GOES-16,1.388e-06,1.029e-03,1.125e-03,,,,34.52816,-20.13447,503.91266,-380.90686,GOES-16_XRS,1,2440,0,3363
2023-07-16 01:07:00,2023-07-16 01:02:00,2023-07-16 01:10:00,202307160102,2.519e-06,C2.5,GOES-16,1.372e-06,1.061e-03,1.162e-03,,,,55.811802,-22.832357,721.0412,-403.32605,GOES-16_XRS,1,2450,0,3363
2023-07-16 02:08:00,2023-07-16 02:01:00,2023-07-16 02:12:00,202307160201,1.767e-06,C1.7,GOES-16,1.261e-06,9.827e-04,1.160e-03,35.0,-20.0,LEA,31.146338,-16.217447,470.3879,-323.2377,GOES-16_XRS,1,2480,0,3363
2023-07-16 04:56:00,2023-07-16 04:49:00,2023-07-16 05:04:00,202307160449,1.967e-06,C1.9,GOES-16,1.255e-06,1.064e-03,1.643e-03,49.0,-23.0,SVI,47.34512,-25.166107,629.81635,-445.6403,GOES-16_XRS,1,2550,0,3363
2023-07-16 06:08:00,2023-07-16 06:01:00,2023-07-16 06:12:00,202307160601,2.174e-06,C2.1,GOES-16,1.318e-06,1.118e-03,1.320e-03,-28.0,27.0,SVI,-33.43158,25.954006,-469.15488,358.74405,GOES-16_XRS,1,2600,0,3372
2023-07-16 06:54:00,2023-07-16 06:47:00,2023-07-16 07:04:00,202307160647,2.417e-06,C2.4,GOES-16,1.392e-06,1.325e-03,2.290e-03,,,,-36.91165,11.80383,-556.80225,136.26842,GOES-16_XRS,1,2610,0,3374
2023-07-16 08:26:00,2023-07-16 08:16:00,2023-07-16 08:28:00,202307160816,1.091e-05,M1.0,GOES-16,1.763e-06,3.262e-03,3.383e-03,,,,-29.22821,20.967003,-431.94116,278.63336,GOES-16_XRS,1,2670,0,3372
2023-07-16 08:41:00,2023-07-16 08:31:00,2023-07-16 08:44:00,202307160831,4.789e-06,C4.7,GOES-16,1.963e-06,2.780e-03,2.945e-03,35.0,-20.0,LEA,56.327625,-18.878063,744.8066,-343.27823,GOES-16_XRS,1,2680,0,3363
2023-07-16 10:34:00,2023-07-16 10:25:00,2023-07-16 10:50:00,202307161025,2.964e-06,C2.9,GOES-16,1.725e-06,1.955e-03,4.017e-03,53.0,-24.0,SVI,55.768818,-22.038202,724.83734,-391.82208,GOES-16_XRS,1,2720,0,3363
2023-07-16 13:32:00,2023-07-16 13:27:00,,202307161327,1.759e-06,C1.7,GOES-16,1.225e-06,7.946e-04,,-27.0,23.0,SVI,-25.720795,29.851484,-356.54453,412.92136,GOES-16_XRS,1,2750,0,3372
2023-07-16 13:44:00,2023-07-16 13:36:00,,202307161336,1.919e-06,C1.9,GOES-16,1.490e-06,1.261e-03,,57.0,-24.0,SVI,40.48855,-14.138271,596.13074,-284.5112,GOES-16_XRS,2,2760,0,3363
2023-07-16 14:03:00,2023-07-16 13:47:00,2023-07-16 14:08:00,202307161347,3.041e-06,C3.0,GOES-16,1.871e-06,2.911e-03,3.331e-03,-47.0,8.0,SVI,-4.6748047,0.58417207,-77.25924,-63.363094,GOES-16_XRS,3,2770,0,3373
2023-07-16 15:08:00,2023-07-16 14:57:00,2023-07-16 15:10:00,202307161457,1.793e-05,M1.7,GOES-16,1.454e-06,4.260e-03,4.452e-03,-27.0,23.0,SVI,-26.919128,19.55678,-404.19238,254.63171,GOES-16_XRS,1,2790,0,3372
2023-07-16 17:19:00,2023-07-16 17:07:00,2023-07-16 17:23:00,202307161707,5.739e-06,C5.7,GOES-16,1.481e-06,2.970e-03,3.368e-03,53.0,-19.0,HOL,29.828077,-11.026377,462.4964,-243.14691,GOES-16_XRS,1,2820,0,3363
2023-07-16 17:46:00,2023-07-16 17:36:00,2023-07-16 17:59:00,202307161736,4.022e-05,M4.0,GOES-16,1.901e-06,2.006e-02,3.828e-02,58.0,-23.0,HOL,56.270153,-25.297802,711.09656,-439.71725,GOES-16_XRS,1,2830,0,3363
2023-07-16 19:14:00,2023-07-16 18:59:00,2023-07-16 19:21:00,202307161859,6.237e-06,C6.2,GOES-16,1.806e-06,4.712e-03,6.064e-03,62.0,-21.0,HOL,62.975544,-21.246193,784.9399,-372.6359,GOES-16_XRS,1,2860,0,3363
2023-07-16 20:45:00,2023-07-16 20:38:00,,202307162038,3.589e-06,C3.5,GOES-16,2.263e-06,1.881e-03,,,,,-16.823303,14.387658,-265.7106,166.49303,GOES-16_XRS,1,2930,0,3373
2023-07-16 20:54:00,2023-07-16 20:49:00,2023-07-16 20:56:00,202307162049,4.214e-06,C4.2,GOES-16,3.106e-06,1.904e-03,2.102e-03,,,,-23.075775,26.132318,-333.38394,355.19574,GOES-16_XRS,2,2900,0,3372
2023-07-17 00:07:00,2023-07-17 00:03:00,2023-07-17 00:21:00,202307170003,2.596e-06,C2.5,GOES-16,1.510e-06,1.100e-03,2.756e-03,,,,63.038616,-21.897959,781.85046,-382.52264,GOES-16_XRS,1,2970,0,3363
2023-07-17 01:42:00,2023-07-17 01:35:00,2023-07-17 01:49:00,202307170135,2.782e-06,C2.7,GOES-16,1.587e-06,1.389e-03,2.058e-03,,,,-34.84442,-9.363185,-533.95105,-213.5025,GOES-16_XRS,1,3010,0,
2023-07-17 02:14:00,2023-07-17 02:06:00,2023-07-17 02:19:00,202307170206,2.251e-06,C2.2,GOES-16,1.550e-06,1.382e-03,1.713e-03,,,,73.320076,-16.64817,867.1124,-290.1458,GOES-16_XRS,1,3020,0,3363
2023-07-17 03:23:00,2023-07-17 03:15:00,2023-07-17 03:30:00,202307170315,2.205e-06,C2.2,GOES-16,1.380e-06,1.301e-03,1.846e-03,,,,-52.191895,-10.272747,-735.6285,-212.85999,GOES-16_XRS,1,3040,0,
2023-07-17 03:40:00,2023-07-17 03:35:00,,202307170335,4.441e-06,C4.4,GOES-16,1.618e-06,1.809e-03,,62.0,-20.0,LEA,-85.473236,-10.851563,-924.21643,-182.89764,GOES-16_XRS,1,3050,0,3363
2023-07-17 03:53:00,2023-07-17 03:46:00,2023-07-17 04:01:00,202307170346,4.166e-06,C4.1,GOES-16,3.298e-06,2.537e-03,3.895e-03,,,,39.805374,-20.006252,569.50214,-376.3578,GOES-16_XRS,2,,0,
2023-07-17 04:34:00,2023-07-17 04:27:00,2023-07-17 04:36:00,202307170427,2.833e-06,C2.8,GOES-16,1.458e-06,1.286e-03,1.383e-03,-43.0,8.0,LEA,-36.855774,8.5075,-561.87775,81.032326,GOES-16_XRS,1,3060,0,3373
2023-07-17 04:43:00,2023-07-17 04:38:00,2023-07-17 04:49:00,202307170438,2.958e-06,C2.9,GOES-16,1.809e-06,1.365e-03,1.951e-03,,,,-39.12195,8.245413,-591.4107,78.48922,GOES-16_XRS,1,,0,
2023-07-17 05:16:00,2023-07-17 05:12:00,2023-07-17 05:20:00,202307170512,3.950e-06,C3.9,GOES-16,1.741e-06,1.453e-03,1.752e-03,-16.0,28.0,SVI,-86.87067,-10.427885,-926.9177,-174.28563,GOES-16_XRS,1,3080,0,3372
2023-07-17 06:04:00,2023-07-17 05:55:00,2023-07-17 06:09:00,202307170555,3.777e-06,C3.7,GOES-16,1.392e-06,1.762e-03,2.193e-03,-43.0,8.0,LEA,-39.910187,10.435726,-597.5616,115.025215,GOES-16_XRS,1,3090,0,3373
2023-07-17 06:55:00,2023-07-17 06:45:00,2023-07-17 07:08:00,202307170645,4.347e-06,C4.3,GOES-16,3.052e-06,3.232e-03,5.827e-03,-38.0,9.0,SVI,-41.446014,8.043649,-620.654,76.97767,GOES-16_XRS,1,3100,0,3373
2023-07-17 08:18:00,2023-07-17 08:12:00,2023-07-17 08:20:00,202307170812,3.721e-06,C3.7,GOES-16,2.371e-06,1.777e-03,1.932e-03,,,,-33.730225,9.071974,-519.45886,87.819145,GOES-16_XRS,1,3160,0,3373
2023-07-17 09:26:00,2023-07-17 09:17:00,2023-07-17 09:35:00,202307170917,4.200e-06,C4.2,GOES-16,2.406e-06,2.632e-03,4.084e-03,70.0,-25.0,SVI,,,865.42883,-485.10666,GOES-16_XRS,1,3180,0,3363
2023-07-17 15:15:00,2023-07-17 15:06:00,2023-07-17 15:22:00,202307171506,6.626e-06,C6.6,GOES-16,2.721e-06,3.688e-03,5.109e-03,-12.0,27.0,SVI,-5.631836,23.806839,-85.10074,313.22318,GOES-16_XRS,1,3300,0,3372
2023-07-17 17:33:00,2023-07-17 17:25:00,2023-07-17 17:46:00,202307171725,2.544e-06,C2.5,GOES-16,1.747e-06,1.565e-03,3.043e-03,-32.0,6.0,HOL,-28.598358,-7.39963,-449.7462,-186.9397,GOES-16_XRS,1,3360,0,3373
2023-07-17 18:29:00,2023-07-17 18:18:00,2023-07-17 18:37:00,202307171818,3.277e-06,C3.2,GOES-16,1.802e-06,2.290e-03,3.238e-03,,,,-71.75159,-7.522408,-889.7913,-146.57137,GOES-16_XRS,1,3370,0,3377
2023-07-17 18:54:00,2023-07-17 18:47:00,2023-07-17 18:57:00,202307171847,2.913e-06,C2.9,GOES-16,1.892e-06,1.487e-03,1.589e-03,,,,,,990.6295,-413.5975,GOES-16_XRS,1,3380,0,
2023-07-17 20:01:00,2023-07-17 19:53:00,2023-07-17 20:06:00,202307171953,3.347e-06,C3.3,GOES-16,1.523e-06,1.514e-03,1.940e-03,-30.0,7.0,HOL,-29.32779,6.4850545,-461.141,41.57263,GOES-16_XRS,1,3390,0,3373
2023-07-17 22:11:00,2023-07-17 22:04:00,2023-07-17 22:15:00,202307172204,5.982e-06,C5.9,GOES-16,1.442e-06,2.433e-03,2.857e-03,,,,-26.655853,6.519051,-422.3916,40.378387,GOES-16_XRS,1,3420,0,
2023-07-17 22:32:00,2023-07-17 22:23:00,2023-07-17 22:39:00,202307172223,7.463e-06,C7.4,GOES-16,3.028e-06,3.548e-03,5.148e-03,,,,,,862.19855,-401.7871,GOES-16_XRS,1,3430,0,3363
2023-07-17 22:54:00,2023-07-17 22:41:00,2023-07-17 23:05:00,202307172241,2.723e-05,M2.7,GOES-16,4.959e-06,1.807e-02,2.826e-02,,,,66.36935,-23.390501,794.7899,-401.70718,GOES-16_XRS,1,3450,0,3363
2023-07-17 23:34:00,2023-07-17 23:17:00,,202307172317,5.012e-05,M5.0,GOES-16,7.121e-06,4.228e-02,,,,,68.73319,-21.877266,817.3003,-376.3496,GOES-16_XRS,1,,0,
2023-07-18 00:06:00,2023-07-17 23:37:00,2023-07-18 00:22:00,202307172337,5.721e-05,M5.7,GOES-16,4.889e-05,1.066e-01,1.528e-01,,,,71.57671,-24.83977,813.49713,-417.2261,GOES-16_XRS,2,3460,0,3363
2023-07-18 06:10:00,2023-07-18 06:06:00,2023-07-18 06:14:00,202307180606,8.395e-06,C8.3,GOES-16,6.014e-06,3.651e-03,4.468e-03,-40.0,26.0,SVI,-21.444794,3.7572422,-345.7823,-8.525028,GOES-16_XRS,1,3570,0,3376
2023-07-18 06:57:00,2023-07-18 06:45:00,2023-07-18 07:01:00,202307180645,1.526e-05,M1.5,GOES-16,4.353e-06,8.552e-03,9.577e-03,,,,,,-954.8754,192.15335,GOES-16_XRS,1,3810,0,
2023-07-18 09:06:00,2023-07-18 09:00:00,2023-07-18 09:09:00,202307180900,4.887e-06,C4.8,GOES-16,2.343e-06,2.212e-03,2.393e-03,-28.0,8.0,LEA,-16.00882,3.8736737,-260.83575,-9.086648,GOES-16_XRS,1,3630,0,3373
2023-07-18 10:46:00,2023-07-18 10:36:00,2023-07-18 10:56:00,202307181036,3.295e-06,C3.2,GOES-16,2.103e-06,2.385e-03,3.747e-03,-23.0,8.0,SVI,-27.275421,12.903982,-423.29456,144.99057,GOES-16_XRS,1,3640,0,3373
2023-07-18 12:49:00,2023-07-18 12:39:00,2023-07-18 12:55:00,202307181239,5.279e-06,C5.2,GOES-16,2.654e-06,3.369e-03,4.320e-03,,,,,,887.0301,-395.171,GOES-16_XRS,1,3680,0,3363
2023-07-18 15:41:00,2023-07-18 15:33:00,2023-07-18 15:50:00,202307181533,5.366e-06,C5.3,GOES-16,2.212e-06,2.741e-03,4.386e-03,-32.0,-25.0,SVI,-85.39908,13.321696,-915.8474,210.91034,GOES-16_XRS,1,3750,0,
2023-07-18 17:29:00,2023-07-18 17:20:00,2023-07-18 17:33:00,202307181720,5.062e-06,C5.0,GOES-16,1.788e-06,2.215e-03,2.542e-03,-1.0,26.0,SVI,1.7260875,23.330442,26.217953,303.90198,GOES-16_XRS,1,3780,0,3372
2023-07-18 18:33:00,2023-07-18 18:25:00,2023-07-18 18:43:00,202307181825,6.326e-06,C6.3,GOES-16,1.641e-06,3.144e-03,5.245e-03,,,,,,-936.6167,203.19237,GOES-16_XRS,1,3800,0,
2023-07-18 19:25:00,2023-07-18 19:16:00,,202307181916,6.023e-06,C6.0,GOES-16,2.667e-06,3.128e-03,,-18.0,7.0,HOL,-27.658203,24.38236,-400.57437,328.0044,GOES-16_XRS,1,3830,0,3373
2023-07-18 19:48:00,2023-07-18 19:32:00,,202307181932,1.343e-05,M1.3,GOES-16,4.831e-06,1.169e-02,,,,,-33.923706,28.043295,-466.5287,387.68732,GOES-16_XRS,2,3930,0,
2023-07-18 20:05:00,2023-07-18 20:00:00,2023-07-18 20:10:00,202307182000,1.467e-05,M1.4,GOES-16,1.186e-05,7.254e-03,9.632e-03,,,,-11.874878,16.942978,-186.60072,203.51105,GOES-16_XRS,3,3880,0,
2023-07-18 20:27:00,2023-07-18 20:16:00,2023-07-18 20:34:00,202307182016,2.147e-05,M2.1,GOES-16,1.180e-05,1.576e-02,2.103e-02,,,,,,992.7849,-435.14096,GOES-16_XRS,1,3870,0,
2023-07-18 22:44:00,2023-07-18 22:36:00,2023-07-18 22:48:00,202307182236,8.585e-06,C8.5,GOES-16,2.660e-06,3.535e-03,4.094e-03,,,,,,884.5329,-346.62213,GOES-16_XRS,1,3900,0,3363
2023-07-19 06:08:00,2023-07-19 06:01:00,2023-07-19 06:12:00,202307190601,2.466e-06,C2.4,GOES-16,1.516e-06,1.316e-03,1.549e-03,,,,,,845.53564,-455.87827,GOES-16_XRS,1,4000,0,
2023-07-19 06:58:00,2023-07-19 06:51:00,2023-07-19 07:00:00,202307190651,2.483e-06,C2.4,GOES-16,1.525e-06,1.245e-03,1.350e-03,6.0,24.0,SVI,3.4536877,23.22223,52.479458,301.49783,GOES-16_XRS,1,4010,0,3372
2023-07-19 07:16:00,2023-07-19 07:08:00,2023-07-19 07:22:00,202307190708,2.954e-06,C2.9,GOES-16,1.741e-06,1.680e-03,2.242e-03,,,,,,894.35034,-428.56265,GOES-16_XRS,1,4020,0,
2023-07-19 08:24:00,2023-07-19 08:15:00,,202307190815,3.133e-06,C3.1,GOES-16,1.880e-06,1.968e-03,,87.0,-20.0,SVI,70.89218,-22.91453,822.4731,-390.01138,GOES-16_XRS,1,4050,0,3363
2023-07-19 08:37:00,2023-07-19 08:30:00,2023-07-19 08:42:00,202307190830,3.430e-06,C3.4,GOES-16,2.639e-06,2.016e-03,2.537e-03,,,,,,918.1006,-397.86508,GOES-16_XRS,2,4060,0,
2023-07-19 10:29:00,2023-07-19 10:19:00,2023-07-19 10:33:00,202307191019,3.640e-06,C3.6,GOES-16,1.755e-06,2.266e-03,2.573e-03,88.0,-20.0,SVI,,,870.12604,-415.37857,GOES-16_XRS,1,4080,0,3363
2023-07-19 10:57:00,2023-07-19 10:49:00,2023-07-19 11:01:00,202307191049,1.405e-05,M1.4,GOES-16,1.910e-06,5.779e-03,6.592e-03,88.0,-20.0,SVI,74.0972,-24.694584,825.5195,-412.6531,GOES-16_XRS,1,4100,0,3363
2023-07-19 13:14:00,2023-07-19 13:06:00,2023-07-19 13:18:00,202307191306,2.755e-06,C2.7,GOES-16,1.912e-06,1.721e-03,1.995e-03,,,,74.8104,-26.861145,813.3287,-443.53033,GOES-16_XRS,1,4120,0,3363
2023-07-19 13:48:00,2023-07-19 13:41:00,2023-07-19 13:55:00,202307191341,3.039e-06,C3.0,GOES-16,1.652e-06,1.528e-03,2.246e-03,,,,81.24351,-24.053194,852.2616,-394.36636,GOES-16_XRS,1,4140,0,3363
2023-07-19 15:07:00,2023-07-19 14:59:00,2023-07-19 15:13:00,202307191459,2.865e-06,C2.8,GOES-16,1.529e-06,1.495e-03,2.026e-03,,,,75.4259,-23.606962,837.797,-394.94696,GOES-16_XRS,1,4180,0,3363
2023-07-19 16:45:00,2023-07-19 16:38:00,,202307191638,2.470e-06,C2.4,GOES-16,1.669e-06,1.378e-03,,,,,51.022175,-14.086558,713.606,-277.102,GOES-16_XRS,1,4200,0,3363
2023-07-19 16:51:00,2023-07-19 16:47:00,2023-07-19 16:54:00,202307191647,3.003e-06,C3.0,GOES-16,2.423e-06,1.304e-03,1.454e-03,,,,50.270298,-18.201143,691.4103,-341.9137,GOES-16_XRS,2,,0,
2023-07-19 17:25:00,2023-07-19 17:04:00,2023-07-19 17:42:00,202307191704,3.807e-05,M3.8,GOES-16,1.986e-06,2.842e-02,5.218e-02,,,,77.771805,-18.148893,877.26044,-308.8981,GOES-16_XRS,1,4210,0,3363
2023-07-19 19:04:00,2023-07-19 18:54:00,2023-07-19 19:10:00,202307191854,3.276e-06,C3.2,GOES-16,1.988e-06,2.327e-03,2.955e-03,,,,50.570602,-19.028816,691.0211,-354.36722,GOES-16_XRS,1,4240,0,3363
2023-07-19 21:46:00,2023-07-19 21:38:00,2023-07-19 21:55:00,202307192138,2.639e-06,C2.6,GOES-16,1.608e-06,1.500e-03,2.465e-03,-18.0,24.0,HOL,-17.005737,26.38321,-248.31328,352.59213,GOES-16_XRS,1,4270,0,3376
2023-07-19 23:17:00,2023-07-19 22:56:00,,202307192256,2.974e-06,C2.9,GOES-16,1.641e-06,3.815e-03,,-16.0,24.0,HOL,74.95527,27.155634,812.046,411.77798,GOES-16_XRS,1,4290,0,3376
2023-07-19 23:43:00,2023-07-19 23:37:00,2023-07-19 23:45:00,202307192337,2.607e-06,C2.6,GOES-16,2.515e-06,1.532e-03,1.679e-03,,,,64.99574,24.538849,779.6468,361.29825,GOES-16_XRS,2,4310,0,
2023-07-20 06:04:00,2023-07-20 05:57:00,2023-07-20 06:07:00,202307200557,2.217e-06,C2.2,GOES-16,1.414e-06,1.170e-03,1.271e-03,,,,-66.62985,0.5773531,-867.9922,-21.716366,GOES-16_XRS,1,4340,0,3377
2023-07-20 08:37:00,2023-07-20 08:31:00,2023-07-20 08:41:00,202307200831,1.742e-06,C1.7,GOES-16,1.281e-06,8.976e-04,1.073e-03,3.0,9.0,SVI,11.531388,9.525776,186.92601,79.96878,GOES-16_XRS,1,4370,0,3373
2023-07-20 19:49:00,2023-07-20 19:40:00,2023-07-20 19:53:00,202307201940,9.705e-06,C9.7,GOES-16,1.413e-06,3.341e-03,3.889e-03,,,,11.607397,6.2643633,189.64146,25.434778,GOES-16_XRS,1,4480,0,3373
2023-07-20 21:35:00,2023-07-20 21:30:00,2023-07-20 21:40:00,202307202130,1.919e-06,C1.9,GOES-16,1.239e-06,8.936e-04,1.170e-03,31.0,25.0,HOL,31.07612,20.41219,458.38757,265.23422,GOES-16_XRS,1,4520,0,3372
2023-07-20 23:51:00,2023-07-20 23:44:00,2023-07-21 00:00:00,202307202344,2.269e-06,C2.2,GOES-16,1.256e-06,1.161e-03,1.936e-03,,,,-43.664215,16.345175,-627.44745,210.0996,GOES-16_XRS,1,4550,0,3379
2023-07-21 09:52:00,2023-07-21 09:45:00,2023-07-21 09:56:00,202307210945,1.581e-06,C1.5,GOES-16,1.140e-06,8.898e-04,1.051e-03,18.0,5.0,SVI,4.65829,-15.470067,74.2036,-329.39487,GOES-16_XRS,1,4730,0,3373
2023-07-21 10:54:00,2023-07-21 10:44:00,2023-07-21 11:02:00,202307211044,2.170e-06,C2.1,GOES-16,1.027e-06,1.326e-03,1.926e-03,19.0,5.0,SVI,21.414387,5.5795465,344.49527,17.089853,GOES-16_XRS,1,4740,0,3373
2023-07-22 03:37:00,2023-07-22 03:12:00,2023-07-22 03:54:00,202307220312,3.191e-05,M3.1,GOES-16,1.365e-06,2.381e-02,4.312e-02,55.0,21.0,LEA,50.34518,24.953766,660.8206,350.7082,GOES-16_XRS,1,4960,0,3372
2023-07-22 04:16:00,2023-07-22 04:12:00,2023-07-22 04:23:00,202307220412,1.004e-05,M1.0,GOES-16,7.489e-06,4.416e-03,7.087e-03,25.0,8.0,LEA,26.802273,-1.4711418,427.2739,-97.16482,GOES-16_XRS,1,4980,0,3373
2023-07-22 11:01:00,2023-07-22 10:50:00,2023-07-22 11:07:00,202307221050,7.175e-06,C7.1,GOES-16,2.106e-06,4.189e-03,5.291e-03,52.0,25.0,SVI,54.057823,24.191868,699.01654,342.50772,GOES-16_XRS,1,5110,0,3372
2023-07-22 13:39:00,2023-07-22 13:33:00,2023-07-22 13:50:00,202307221333,2.627e-06,C2.6,GOES-16,1.789e-06,1.404e-03,2.649e-03,,,,55.982445,20.572224,734.46246,288.28122,GOES-16_XRS,1,5140,0,3372
2023-07-22 23:24:00,2023-07-22 23:18:00,2023-07-22 23:35:00,202307222318,3.196e-06,C3.1,GOES-16,1.508e-06,1.536e-03,2.878e-03,43.0,5.0,HOL,43.97926,4.884075,655.3664,20.95773,GOES-16_XRS,1,5230,0,3373
2023-07-23 04:54:00,2023-07-23 04:42:00,2023-07-23 04:59:00,202307230442,9.946e-06,C9.9,GOES-16,1.513e-06,4.268e-03,5.266e-03,40.0,8.0,LEA,45.634747,4.8999467,674.64777,22.66647,GOES-16_XRS,1,5260,0,3373
2023-07-23 12:12:00,2023-07-23 12:07:00,2023-07-23 12:14:00,202307231207,2.427e-06,C2.4,GOES-16,1.737e-06,1.110e-03,1.216e-03,-31.0,18.0,SVI,-42.024445,9.858407,-624.851,100.386826,GOES-16_XRS,1,5360,0,3379
2023-07-23 14:44:00,2023-07-23 14:12:00,,202307231412,5.214e-06,C5.2,GOES-16,1.713e-06,8.518e-03,,25.0,27.0,SVI,32.04386,28.72974,440.8516,391.42328,GOES-16_XRS,1,5380,0,3376
2023-07-23 14:57:00,2023-07-23 14:47:00,2023-07-23 15:14:00,202307231447,7.410e-06,C7.4,GOES-16,5.148e-06,5.185e-03,1.112e-02,71.0,23.0,SVI,46.660954,27.18516,612.65216,379.82925,GOES-16_XRS,2,5420,0,3372
2023-07-23 18:00:00,2023-07-23 17:53:00,2023-07-23 18:05:00,202307231753,2.398e-06,C2.3,GOES-16,1.617e-06,1.297e-03,1.651e-03,,,,-43.998108,4.3243227,-656.1489,10.940086,GOES-16_XRS,1,5440,0,3380
2023-07-24 00:21:00,2023-07-24 00:04:00,2023-07-24 00:35:00,202307240004,8.496e-06,C8.4,GOES-16,1.416e-06,6.107e-03,1.052e-02,-24.0,16.0,HOL,-21.597351,16.495708,-334.63348,192.92224,GOES-16_XRS,1,5540,0,3379
2023-07-24 01:50:00,2023-07-24 01:40:00,2023-07-24 01:52:00,202307240140,3.465e-06,C3.4,GOES-16,1.845e-06,1.995e-03,2.131e-03,-71.0,-13.0,LEA,-12.438049,-11.200507,-200.35017,-264.38873,GOES-16_XRS,1,5570,0,3380
2023-07-24 15:17:00,2023-07-24 15:03:00,2023-07-24 15:24:00,202307241503,2.213e-06,C2.2,GOES-16,1.299e-06,2.001e-03,2.545e-03,61.0,9.0,HOL,76.76053,10.765146,903.96313,156.72243,GOES-16_XRS,1,5740,0,3373
2023-07-24 18:00:00,2023-07-24 17:54:00,2023-07-24 18:05:00,202307241754,2.843e-06,C2.8,GOES-16,1.996e-06,1.486e-03,1.908e-03,64.0,8.0,HOL,,,1515.5632,137.7971,GOES-16_XRS,1,5790,0,3373
2023-07-24 23:30:00,2023-07-24 23:23:00,2023-07-24 23:33:00,202307242323,2.380e-06,C2.3,GOES-16,1.277e-06,1.253e-03,1.356e-03,71.0,4.0,HOL,69.11003,3.29302,882.19604,23.660835,GOES-16_XRS,1,5910,0,3373
2023-07-25 00:40:00,2023-07-25 00:32:00,2023-07-25 00:51:00,202307250032,2.443e-06,C2.4,GOES-16,1.701e-06,1.489e-03,2.629e-03,50.0,20.0,HOL,-47.75415,-7.0342584,-695.8365,-172.70128,GOES-16_XRS,1,5930,0,3376
2023-07-25 02:03:00,2023-07-25 01:36:00,2023-07-25 02:23:00,202307250136,1.538e-05,M1.5,GOES-16,2.373e-06,1.621e-02,2.884e-02,49.0,25.0,LEA,50.160194,24.872257,659.6686,346.79172,GOES-16_XRS,1,5950,0,3376
2023-07-25 06:05:00,2023-07-25 05:55:00,2023-07-25 06:13:00,202307250555,2.675e-06,C2.6,GOES-16,1.556e-06,1.739e-03,2.529e-03,,,,70.12664,8.305448,880.14703,107.15919,GOES-16_XRS,1,5970,0,3373
2023-07-25 07:00:00,2023-07-25 06:54:00,2023-07-25 07:05:00,202307250654,3.964e-06,C3.9,GOES-16,1.189e-06,1.438e-03,1.900e-03,-51.0,-12.0,SVI,-48.427765,-10.886113,-695.7489,-234.2012,GOES-16_XRS,1,5980,0,3380
2023-07-25 08:21:00,2023-07-25 08:14:00,2023-07-25 08:24:00,202307250814,3.237e-06,C3.2,GOES-16,1.454e-06,1.406e-03,1.540e-03,-51.0,-12.0,SVI,-56.593292,-11.05654,-775.50635,-227.3042,GOES-16_XRS,1,5990,0,3380
2023-07-25 12:46:00,2023-07-25 12:42:00,2023-07-25 12:48:00,202307251242,3.244e-06,C3.2,GOES-16,1.300e-06,9.190e-04,1.018e-03,,,,77.435646,4.7599063,919.4671,59.416542,GOES-16_XRS,1,6020,0,
2023-07-25 20:32:00,2023-07-25 20:23:00,2023-07-25 20:48:00,202307252023,2.861e-06,C2.8,GOES-16,1.792e-06,1.855e-03,4.042e-03,,,,5.137383,22.074236,78.706604,274.6677,GOES-16_XRS,1,,0,
2023-07-25 20:58:00,2023-07-25 20:48:00,,202307252048,4.167e-06,C4.1,GOES-16,2.279e-06,2.921e-03,,-42.0,-9.0,HOL,,,974.65924,227.30148,GOES-16_XRS,1,6150,0,3380
2023-07-25 21:16:00,2023-07-25 21:08:00,2023-07-25 21:23:00,202307252108,1.657e-05,M1.6,GOES-16,3.391e-06,6.957e-03,1.010e-02,61.0,19.0,HOL,-33.425964,-8.767084,-516.03705,-215.59486,GOES-16_XRS,2,6140,0,3380
2023-07-25 23:54:00,2023-07-25 23:38:00,2023-07-26 00:08:00,202307252338,4.382e-06,C4.3,GOES-16,1.681e-06,3.880e-03,6.288e-03,,,,3.4251792,19.493137,53.424088,233.1554,GOES-16_XRS,1,6200,0,3376
2023-07-26 00:40:00,2023-07-26 00:25:00,,202307260025,5.579e-06,C5.5,GOES-16,2.085e-06,4.319e-03,,64.0,20.0,HOL,-41.590973,-10.086003,-619.22565,-229.37897,GOES-16_XRS,1,6210,0,3376
2023-07-26 00:59:00,2023-07-26 00:51:00,2023-07-26 01:07:00,202307260051,4.949e-06,C4.9,GOES-16,4.054e-06,3.322e-03,4.955e-03,,,,8.710801,11.387543,140.84103,101.964645,GOES-16_XRS,2,6230,0,3376
2023-07-26 04:11:00,2023-07-26 03:53:00,,202307260353,9.293e-06,C9.2,GOES-16,1.916e-06,7.789e-03,,,,,67.87628,19.846169,824.33887,288.92325,GOES-16_XRS,1,6260,0,3376
2023-07-26 04:28:00,2023-07-26 04:21:00,2023-07-26 04:32:00,202307260421,1.248e-05,M1.2,GOES-16,7.732e-06,6.952e-03,8.070e-03,,,,66.49137,20.374584,813.3247,295.38596,GOES-16_XRS,2,6250,0,3376
2023-07-26 05:17:00,2023-07-26 05:07:00,2023-07-26 05:38:00,202307260507,9.144e-06,C9.1,GOES-16,5.121e-06,6.390e-03,1.524e-02,-38.0,-8.0,SVI,,,-948.6095,-317.96436,GOES-16_XRS,1,6280,0,3380
2023-07-26 06:10:00,2023-07-26 06:07:00,2023-07-26 06:13:00,202307260607,5.220e-06,C5.2,GOES-16,3.240e-06,1.845e-03,2.074e-03,67.0,21.0,SVI,72.90551,21.179916,842.874,316.3042,GOES-16_XRS,1,6300,0,3376
2023-07-26 08:21:00,2023-07-26 08:07:00,,202307260807,3.239e-06,C3.2,GOES-16,1.835e-06,2.878e-03,,,,,-35.617676,-7.0954695,-547.7678,-187.23997,GOES-16_XRS,1,,0,
2023-07-26 08:44:00,2023-07-26 08:24:00,2023-07-26 08:53:00,202307260824,8.400e-06,C8.3,GOES-16,3.145e-06,8.868e-03,1.150e-02,-71.0,13.0,SVI,-28.270294,-9.56415,-442.8037,-232.96494,GOES-16_XRS,2,6330,0,3380
2023-07-26 10:37:00,2023-07-26 10:17:00,2023-07-26 10:47:00,202307261017,4.633e-05,M4.6,GOES-16,1.944e-06,2.596e-02,3.963e-02,,,,64.78728,19.843431,805.28925,284.74222,GOES-16_XRS,1,6350,0,3376
2023-07-26 12:32:00,2023-07-26 12:21:00,2023-07-26 12:41:00,202307261221,4.581e-06,C4.5,GOES-16,2.936e-06,3.502e-03,5.151e-03,71.0,21.0,SVI,49.03869,20.043718,671.9662,269.19336,GOES-16_XRS,1,6370,0,3376
2023-07-26 13:12:00,2023-07-26 13:08:00,2023-07-26 13:17:00,202307261308,4.436e-06,C4.4,GOES-16,2.848e-06,1.726e-03,2.375e-03,,,,,,-883.23553,388.39148,GOES-16_XRS,1,6380,0,
2023-07-26 15:24:00,2023-07-26 15:16:00,2023-07-26 15:32:00,202307261516,7.986e-06,C7.9,GOES-16,1.940e-06,3.829e-03,5.710e-03,-31.0,-10.0,HOL,-31.57077,-9.791202,-489.09158,-234.40553,GOES-16_XRS,1,6430,0,3380
2023-07-26 15:59:00,2023-07-26 15:50:00,2023-07-26 16:06:00,202307261550,2.061e-05,M2.0,GOES-16,3.843e-06,8.814e-03,1.284e-02,73.0,19.0,HOL,70.860466,19.557173,842.05457,288.1264,GOES-16_XRS,1,6440,0,3376
2023-07-26 23:01:00,2023-07-26 22:46:00,2023-07-26 23:10:00,202307262246,9.213e-06,C9.2,GOES-16,2.096e-06,6.134e-03,8.707e-03,76.0,19.0,HOL,66.37821,21.53528,806.41156,312.91476,GOES-16_XRS,1,6480,0,3376
2023-07-27 00:39:00,2023-07-27 00:28:00,2023-07-27 00:48:00,202307270028,6.658e-06,C6.6,GOES-16,1.758e-06,4.199e-03,6.141e-03,-24.0,-11.0,LEA,-25.271362,-9.108592,-399.71457,-228.52663,GOES-16_XRS,1,6490,0,3380
2023-07-27 01:10:00,2023-07-27 01:00:00,2023-07-27 01:13:00,202307270100,5.451e-06,C5.4,GOES-16,3.096e-06,3.456e-03,3.692e-03,74.0,22.0,LEA,58.284164,24.034395,735.50757,341.43127,GOES-16_XRS,1,6500,0,3376
2023-07-27 02:22:00,2023-07-27 02:15:00,2023-07-27 02:25:00,202307270215,4.025e-06,C4.0,GOES-16,2.699e-06,2.146e-03,2.334e-03,,,,,,945.43494,323.28204,GOES-16_XRS,1,6530,0,3376
2023-07-27 03:27:00,2023-07-27 03:20:00,2023-07-27 03:31:00,202307270320,3.092e-06,C3.0,GOES-16,2.114e-06,1.660e-03,1.952e-03,,,,,,884.20197,343.51852,GOES-16_XRS,1,6550,0,3376
2023-07-27 04:20:00,2023-07-27 04:11:00,2023-07-27 04:24:00,202307270411,4.801e-06,C4.8,GOES-16,2.062e-06,2.598e-03,3.000e-03,74.0,22.0,LEA,66.472176,21.735373,805.885,316.02658,GOES-16_XRS,1,6570,0,3376
2023-07-27 04:55:00,2023-07-27 04:48:00,2023-07-27 05:01:00,202307270448,4.841e-06,C4.8,GOES-16,3.356e-06,2.680e-03,3.655e-03,,,,15.911585,11.836919,254.54274,110.13104,GOES-16_XRS,1,6580,0,3376
2023-07-27 06:22:00,2023-07-27 06:10:00,2023-07-27 06:38:00,202307270610,3.960e-06,C3.9,GOES-16,2.597e-06,3.438e-03,6.480e-03,,,,,,-852.2169,514.90924,GOES-16_XRS,1,6600,0,3387
2023-07-27 07:31:00,2023-07-27 07:24:00,2023-07-27 07:35:00,202307270724,5.663e-06,C5.6,GOES-16,2.080e-06,2.420e-03,2.827e-03,74.0,22.0,LEA,75.287224,20.888706,854.53656,314.64655,GOES-16_XRS,1,6610,0,3376
2023-07-27 09:42:00,2023-07-27 09:27:00,,202307270927,9.158e-06,C9.1,GOES-16,1.913e-06,4.617e-03,,,,,68.846245,20.012264,829.0731,292.2159,GOES-16_XRS,1,6710,0,3376
2023-07-27 09:51:00,2023-07-27 09:44:00,2023-07-27 09:57:00,202307270944,1.985e-05,M1.9,GOES-16,6.676e-06,9.395e-03,1.255e-02,88.0,21.0,SVI,72.16375,20.246098,844.78595,300.34674,GOES-16_XRS,2,6640,0,3376
2023-07-27 11:27:00,2023-07-27 11:25:00,2023-07-27 11:31:00,202307271125,2.801e-06,C2.8,GOES-16,1.684e-06,8.443e-04,1.091e-03,,,,,,885.05304,342.33255,GOES-16_XRS,1,6660,0,3376
2023-07-27 12:29:00,2023-07-27 12:22:00,2023-07-27 12:33:00,202307271222,3.296e-06,C3.2,GOES-16,1.871e-06,1.619e-03,1.902e-03,,,,59.401596,22.336412,753.7367,316.25778,GOES-16_XRS,1,6680,0,3376
2023-07-27 12:59:00,2023-07-27 12:51:00,2023-07-27 13:04:00,202307271251,2.471e-06,C2.4,GOES-16,1.651e-06,1.503e-03,1.869e-03,-85.0,26.0,SVI,,,-1054.9841,430.84015,GOES-16_XRS,1,6690,0,3387
2023-07-27 13:49:00,2023-07-27 13:44:00,2023-07-27 13:53:00,202307271344,5.120e-06,C5.1,GOES-16,1.713e-06,1.780e-03,2.124e-03,88.0,21.0,SVI,88.99947,19.925558,888.0366,319.07013,GOES-16_XRS,1,6700,0,3376
2023-07-27 16:53:00,2023-07-27 16:46:00,2023-07-27 17:02:00,202307271646,3.558e-06,C3.5,GOES-16,2.237e-06,1.940e-03,3.196e-03,,,,,,1055.4769,443.57336,GOES-16_XRS,1,6780,0,3376
2023-07-27 20:51:00,2023-07-27 20:44:00,2023-07-27 21:00:00,202307272044,2.723e-06,C2.7,GOES-16,1.938e-06,1.535e-03,2.547e-03,,,,32.44764,27.682552,450.39554,371.43594,GOES-16_XRS,1,6800,0,3376
2023-07-27 22:34:00,2023-07-27 22:04:00,2023-07-27 23:04:00,202307272204,1.753e-05,M1.7,GOES-16,5.047e-06,2.605e-02,5.096e-02,-68.0,-21.0,HOL,-66.3764,-18.921803,-819.93665,-339.3554,GOES-16_XRS,1,6820,0,3388
2023-07-28 01:46:00,2023-07-28 01:33:00,2023-07-28 02:19:00,202307280133,7.502e-06,C7.5,GOES-16,4.469e-06,6.469e-03,1.941e-02,,,,,,980.969,315.23407,GOES-16_XRS,1,6860,0,3376
2023-07-28 06:34:00,2023-07-28 06:26:00,2023-07-28 06:39:00,202307280626,6.763e-06,C6.7,GOES-16,1.678e-06,3.369e-03,4.081e-03,,,,81.29071,20.961966,872.60175,323.94467,GOES-16_XRS,1,6920,0,3376
2023-07-28 07:58:00,2023-07-28 07:50:00,2023-07-28 08:02:00,202307280750,3.312e-06,C3.3,GOES-16,1.732e-06,1.886e-03,2.174e-03,,,,78.31857,22.247446,857.043,339.49738,GOES-16_XRS,1,6950,0,3376
2023-07-28 11:01:00,2023-07-28 10:51:00,2023-07-28 11:09:00,202307281051,3.911e-06,C3.9,GOES-16,1.661e-06,2.301e-03,3.360e-03,-9.0,-9.0,SVI,-6.9514465,-7.121061,-113.948425,-206.23059,GOES-16_XRS,1,7020,0,3380
2023-07-28 13:44:00,2023-07-28 13:39:00,,202307281339,3.090e-06,C3.0,GOES-16,1.968e-06,1.386e-03,,-41.0,14.0,HOL,-65.512054,-13.084271,-838.79297,-249.74017,GOES-16_XRS,1,7080,0,3390
2023-07-28 13:59:00,2023-07-28 13:54:00,2023-07-28 14:03:00,202307281354,2.952e-06,C2.9,GOES-16,2.698e-06,1.541e-03,1.876e-03,-41.0,12.0,SVI,-40.62082,5.9158416,-613.8626,28.866846,GOES-16_XRS,2,7100,0,3386
2023-07-28 14:51:00,2023-07-28 14:44:00,2023-07-28 15:04:00,202307281444,7.825e-06,C7.8,GOES-16,2.258e-06,3.220e-03,7.414e-03,-81.0,-16.0,HOL,-75.138,-16.527472,-876.1735,-289.986,GOES-16_XRS,1,7130,0,3390
2023-07-28 15:58:00,2023-07-28 15:39:00,2023-07-28 16:12:00,202307281539,4.109e-05,M4.1,GOES-16,1.539e-06,3.462e-02,5.558e-02,,,,79.670204,26.26543,834.1437,401.94916,GOES-16_XRS,1,7160,0,3376
2023-07-28 20:06:00,2023-07-28 20:02:00,2023-07-28 20:09:00,202307282002,2.281e-06,C2.2,GOES-16,1.645e-06,9.504e-04,1.057e-03,,,,-63.14389,6.0794163,-839.78107,59.010075,GOES-16_XRS,1,7260,0,3387
2023-07-28 20:58:00,2023-07-28 20:42:00,2023-07-28 21:09:00,202307282042,5.992e-06,C5.9,GOES-16,1.686e-06,4.698e-03,7.113e-03,,,,-54.102295,-15.091788,-740.6642,-296.86694,GOES-16_XRS,1,7280,0,3390
2023-07-29 06:02:00,2023-07-29 05:56:00,2023-07-29 06:07:00,202307290556,2.272e-06,C2.2,GOES-16,1.596e-06,1.148e-03,1.485e-03,-70.0,-8.0,LEA,-39.694458,-3.5131457,-604.33563,-128.0556,GOES-16_XRS,1,7470,0,3389
2023-07-29 07:34:00,2023-07-29 06:55:00,2023-07-29 08:11:00,202307290655,6.716e-06,C6.7,GOES-16,1.381e-06,1.096e-02,2.172e-02,,,,,,-918.25323,254.11958,GOES-16_XRS,1,7520,0,
2023-07-29 10:36:00,2023-07-29 10:18:00,2023-07-29 10:51:00,202307291018,9.210e-06,C9.2,GOES-16,2.315e-06,7.927e-03,1.341e-02,-68.0,-18.0,SVI,-72.7825,-18.623892,-856.09845,-326.2851,GOES-16_XRS,1,7630,0,3390
2023-07-29 13:20:00,2023-07-29 13:10:00,2023-07-29 13:24:00,202307291310,5.555e-06,C5.5,GOES-16,1.898e-06,2.706e-03,3.120e-03,8.0,-9.0,SVI,7.380169,-7.4972324,120.84998,-213.62433,GOES-16_XRS,1,7680,0,3380
2023-07-29 16:24:00,2023-07-29 16:11:00,2023-07-29 16:36:00,202307291611,1.438e-05,M1.4,GOES-16,2.414e-06,7.901e-03,1.371e-02,8.0,-11.0,SVI,9.278215,-11.02569,150.15836,-269.81754,GOES-16_XRS,1,7710,0,3380
2023-07-29 20:10:00,2023-07-29 20:02:00,2023-07-29 20:14:00,202307292002,2.860e-06,C2.8,GOES-16,1.965e-06,1.725e-03,2.008e-03,,,,-22.447327,10.436539,-356.2782,87.1724,GOES-16_XRS,1,7740,0,3386
2023-07-29 23:40:00,2023-07-29 23:23:00,2023-07-29 23:55:00,202307292323,4.969e-06,C4.9,GOES-16,1.595e-06,4.094e-03,7.076e-03,,,,50.832497,15.342362,708.4312,193.25993,GOES-16_XRS,1,7780,0,3379
2023-07-30 04:46:00,2023-07-30 04:32:00,,202307300432,5.656e-06,C5.6,GOES-16,1.743e-06,3.742e-03,,61.0,19.0,SVI,55.17445,15.446589,749.533,200.1242,GOES-16_XRS,1,7910,0,3382
2023-07-30 04:56:00,2023-07-30 04:53:00,2023-07-30 04:58:00,202307300453,6.482e-06,C6.4,GOES-16,5.300e-06,2.461e-03,2.798e-03,57.0,19.0,LEA,55.688713,16.822771,748.9315,222.8699,GOES-16_XRS,2,7930,0,3382
2023-07-30 08:14:00,2023-07-30 08:01:00,,202307300801,1.853e-05,M1.8,GOES-16,1.512e-06,8.721e-03,,-55.0,-16.0,SVI,-56.391357,-17.364992,-752.72284,-330.26392,GOES-16_XRS,1,8010,0,3390
2023-07-30 08:22:00,2023-07-30 08:18:00,2023-07-30 08:24:00,202307300818,1.866e-05,M1.8,GOES-16,1.680e-05,8.464e-03,9.344e-03,,,,-56.688446,-18.419535,-750.8016,-346.08862,GOES-16_XRS,2,8040,0,3390
2023-07-30 13:16:00,2023-07-30 13:07:00,2023-07-30 13:19:00,202307301307,4.043e-06,C4.0,GOES-16,1.283e-06,1.641e-03,1.772e-03,20.0,-11.0,SVI,18.820528,-11.097157,300.3557,-268.28198,GOES-16_XRS,1,8130,0,3380
2023-07-30 22:21:00,2023-07-30 22:17:00,2023-07-30 22:29:00,202307302217,1.799e-06,C1.7,GOES-16,1.328e-06,7.932e-04,1.365e-03,26.0,-9.0,HOL,27.924967,-15.519986,427.97522,-332.24594,GOES-16_XRS,1,8270,0,3380
2023-07-31 03:17:00,2023-07-31 03:12:00,2023-07-31 03:21:00,202307310312,1.819e-06,C1.8,GOES-16,1.224e-06,8.404e-04,1.017e-03,,,,-30.975647,-12.2554245,-477.00943,-278.99045,GOES-16_XRS,1,8310,0,3390
2023-07-31 04:47:00,2023-07-31 04:34:00,2023-07-31 04:59:00,202307310434,6.882e-06,C6.8,GOES-16,3.304e-06,5.291e-03,8.656e-03,,,,-45.148956,-21.08446,-626.81506,-400.98636,GOES-16_XRS,1,8350,0,3390
2023-07-31 07:23:00,2023-07-31 07:15:00,2023-07-31 07:27:00,202307310715,4.604e-06,C4.6,GOES-16,2.061e-06,2.289e-03,2.657e-03,26.0,-10.0,SVI,31.018784,-9.756606,481.7105,-239.41641,GOES-16_XRS,1,8400,0,3380
2023-07-31 09:00:00,2023-07-31 08:42:00,2023-07-31 09:12:00,202307310842,1.700e-05,M1.6,GOES-16,3.942e-06,1.343e-02,2.088e-02,-44.0,-20.0,SVI,-46.34079,-20.023394,-644.0973,-383.88007,GOES-16_XRS,1,8430,0,3390
2023-07-31 11:41:00,2023-07-31 11:36:00,2023-07-31 11:47:00,202307311136,3.100e-06,C3.0,GOES-16,1.776e-06,1.365e-03,1.947e-03,0.0,10.0,SVI,12.061232,2.9511251,198.0769,-43.553783,GOES-16_XRS,1,8490,0,3386
2023-07-31 15:13:00,2023-07-31 15:04:00,2023-07-31 15:21:00,202307311504,2.758e-06,C2.7,GOES-16,1.516e-06,1.663e-03,2.458e-03,1.0,10.0,HOL,27.851646,-6.9588823,439.9528,-197.32321,GOES-16_XRS,1,8540,0,3386
2023-07-31 22:47:00,2023-07-31 22:35:00,,202307312235,5.432e-06,C5.4,GOES-16,2.533e-06,3.780e-03,,,,,35.142548,-7.0097966,541.85864,-192.17128,GOES-16_XRS,1,8670,0,3380
2023-07-31 23:01:00,2023-07-31 22:52:00,2023-07-31 23:12:00,202307312252,5.777e-06,C5.7,GOES-16,4.943e-06,4.334e-03,7.353e-03,,,,35.071865,-6.4578385,541.53125,-183.30942,GOES-16_XRS,2,8690,0,3380
2023-08-01 01:28:00,2023-08-01 01:20:00,2023-08-01 01:34:00,202308010120,4.562e-06,C4.5,GOES-16,2.837e-06,2.631e-03,3.524e-03,,,,43.572292,-10.64212,642.1895,-241.81258,GOES-16_XRS,1,8710,0,
2023-08-01 01:56:00,2023-08-01 01:38:00,,202308010138,1.018e-05,M1.0,GOES-16,3.467e-06,9.260e-03,,39.0,-8.0,LEA,42.863304,-10.063686,634.99023,-233.39095,GOES-16_XRS,1,8720,0,3380
2023-08-01 02:03:00,2023-08-01 01:58:00,2023-08-01 02:06:00,202308010158,1.269e-05,M1.2,GOES-16,9.936e-06,6.165e-03,6.808e-03,,,,41.688194,-9.606158,621.72906,-227.3769,GOES-16_XRS,2,8730,0,3380
2023-08-01 04:47:00,2023-08-01 04:27:00,2023-08-01 05:06:00,202308010427,2.210e-05,M2.2,GOES-16,3.624e-06,1.751e-02,3.461e-02,41.0,-10.0,SVI,40.731064,-9.487448,610.23364,-226.62103,GOES-16_XRS,1,8760,0,3380
2023-08-01 05:37:00,2023-08-01 05:30:00,2023-08-01 05:42:00,202308010530,1.351e-05,M1.3,GOES-16,8.847e-06,7.354e-03,9.306e-03,,,,41.07069,-11.670972,610.032,-261.10983,GOES-16_XRS,1,8770,0,3380
2023-08-01 06:57:00,2023-08-01 06:28:00,2023-08-01 07:18:00,202308010628,3.656e-05,M3.6,GOES-16,4.136e-06,4.481e-02,7.417e-02,,,,43.286198,-10.073582,640.00476,-233.25536,GOES-16_XRS,1,8780,0,3380
2023-08-01 09:09:00,2023-08-01 09:03:00,2023-08-01 09:15:00,202308010903,1.571e-05,M1.5,GOES-16,3.128e-06,6.259e-03,8.523e-03,-66.0,19.0,SVI,42.11689,-8.164716,629.4295,-204.00108,GOES-16_XRS,1,8810,0,3380
2023-08-01 10:57:00,2023-08-01 10:37:00,2023-08-01 11:20:00,202308011037,6.508e-06,C6.5,GOES-16,3.832e-06,8.037e-03,1.523e-02,46.0,-12.0,SVI,-46.951385,-14.132782,-671.6669,-293.41754,GOES-16_XRS,1,8820,0,3380
2023-08-01 12:44:00,2023-08-01 12:39:00,2023-08-01 12:47:00,202308011239,5.532e-06,C5.5,GOES-16,3.023e-06,2.273e-03,2.516e-03,32.0,-17.0,SVI,35.482788,-16.063196,528.96967,-335.8445,GOES-16_XRS,1,8850,0,3384
2023-08-01 14:09:00,2023-08-01 14:02:00,2023-08-01 14:28:00,202308011402,1.437e-05,M1.4,GOES-16,2.674e-06,7.129e-03,1.728e-02,45.0,-10.0,SVI,44.231735,-8.465904,654.1277,-206.62634,GOES-16_XRS,1,8870,0,3380
2023-08-01 20:08:00,2023-08-01 19:48:00,2023-08-01 20:42:00,202308011948,5.246e-06,C5.2,GOES-16,2.515e-06,6.069e-03,1.473e-02,-58.0,17.0,HOL,-55.339264,17.898745,-741.68353,237.84639,GOES-16_XRS,1,8940,0,3390
2023-08-01 21:51:00,2023-08-01 21:39:00,2023-08-01 21:57:00,202308012139,1.063e-05,M1.0,GOES-16,3.150e-06,6.489e-03,8.113e-03,,,,55.183624,-11.207188,762.9988,-236.92332,GOES-16_XRS,1,8970,0,3880
2023-08-02 00:25:00,2023-08-02 00:13:00,2023-08-02 00:42:00,202308020013,7.861e-06,C7.8,GOES-16,2.967e-06,5.043e-03,1.077e-02,,,,33.841545,-8.263982,522.7924,-214.7009,GOES-16_XRS,1,8990,0,3380
2023-08-02 05:13:00,2023-08-02 05:09:00,,202308020509,4.224e-06,C4.2,GOES-16,2.905e-06,1.752e-03,,54.0,-10.0,LEA,,,1054.3751,-218.85231,GOES-16_XRS,1,9050,0,3380
2023-08-02 05:20:00,2023-08-02 05:16:00,2023-08-02 05:24:00,202308020516,4.787e-06,C4.7,GOES-16,3.685e-06,2.109e-03,2.611e-03,,,,,,1010.4676,-233.71176,GOES-16_XRS,2,,0,
2023-08-02 07:58:00,2023-08-02 07:52:00,,202308020752,5.672e-06,C5.6,GOES-16,3.960e-06,3.006e-03,,,,,67.61442,-8.126506,866.5822,-169.46088,GOES-16_XRS,1,,0,
2023-08-02 08:12:00,2023-08-02 08:03:00,2023-08-02 08:20:00,202308020803,1.356e-05,M1.3,GOES-16,5.023e-06,7.873e-03,1.145e-02,22.0,11.0,SVI,56.13598,-9.656611,775.5804,-211.08353,GOES-16_XRS,2,9150,0,3380
2023-08-02 10:50:00,2023-08-02 10:44:00,2023-08-02 10:52:00,202308021044,1.244e-05,M1.2,GOES-16,4.507e-06,4.409e-03,4.752e-03,61.0,-10.0,SVI,58.557503,-11.852417,790.9539,-242.84464,GOES-16_XRS,1,9250,0,3380
2023-08-02 11:17:00,2023-08-02 11:08:00,2023-08-02 11:21:00,202308021108,9.483e-06,C9.4,GOES-16,4.197e-06,4.733e-03,5.508e-03,58.0,-11.0,SVI,59.251842,-12.266963,795.4851,-248.45477,GOES-16_XRS,1,9260,0,3380
2023-08-02 14:52:00,2023-08-02 14:46:00,2023-08-02 14:54:00,202308021446,1.701e-05,M1.7,GOES-16,3.051e-06,4.288e-03,4.674e-03,58.0,-11.0,SVI,55.89345,-11.421708,768.96686,-239.83594,GOES-16_XRS,1,9310,0,3380
2023-08-02 16:22:00,2023-08-02 16:13:00,2023-08-02 16:25:00,202308021613,1.344e-05,M1.3,GOES-16,3.447e-06,4.909e-03,5.308e-03,,,,60.3618,-11.149186,807.7373,-229.17204,GOES-16_XRS,1,9320,0,3380
2023-08-02 16:59:00,2023-08-02 16:47:00,,202308021647,6.573e-06,C6.5,GOES-18,2.668e-06,4.180e-03,,,,,-28.240234,-14.252581,-435.11658,-315.19858,GOES-18_XRS,1,,0,
2023-08-02 17:11:00,2023-08-02 17:04:00,2023-08-02 17:23:00,202308021704,7.327e-06,C7.3,GOES-18,6.345e-06,4.525e-03,8.716e-03,,,,-57.791412,-18.317574,-760.8631,-345.155,GOES-18_XRS,2,,0,
2023-08-02 19:14:00,2023-08-02 19:09:00,2023-08-02 19:20:00,202308021909,1.145e-05,M1.1,GOES-16,8.102e-06,5.545e-03,7.930e-03,,,,,,948.19073,-226.89223,GOES-16_XRS,1,9390,0,3380
2023-08-02 21:20:00,2023-08-02 21:07:00,2023-08-02 21:28:00,202308022107,7.932e-06,C7.9,GOES-16,2.521e-06,5.149e-03,7.144e-03,,,,72.50026,-11.651247,883.99817,-218.68338,GOES-16_XRS,1,9400,0,3380
2023-08-02 22:17:00,2023-08-02 22:09:00,2023-08-02 22:23:00,202308022209,3.551e-06,C3.5,GOES-16,2.363e-06,2.103e-03,2.822e-03,,,,38.35665,-6.8684344,584.3949,-188.54784,GOES-16_XRS,1,9410,0,3380
2023-08-03 00:00:00,2023-08-02 23:53:00,2023-08-03 00:05:00,202308022353,3.048e-06,C3.0,GOES-16,2.216e-06,1.804e-03,2.269e-03,,,,-43.401367,-30.304323,-562.2026,-536.6863,GOES-16_XRS,1,,0,
2023-08-03 01:38:00,2023-08-03 01:28:00,2023-08-03 01:44:00,202308030128,3.784e-06,C3.7,GOES-16,1.965e-06,2.347e-03,3.047e-03,,,,54.94015,-6.134234,771.26685,-156.31259,GOES-16_XRS,1,9430,0,3380
2023-08-03 02:14:00,2023-08-03 02:10:00,2023-08-03 02:20:00,202308030210,4.142e-06,C4.1,GOES-16,2.776e-06,1.709e-03,2.541e-03,,,,,,-980.14026,-389.26907,GOES-16_XRS,1,9440,0,3394
2023-08-03 03:31:00,2023-08-03 03:24:00,2023-08-03 03:35:00,202308030324,3.420e-06,C3.4,GOES-16,2.174e-06,1.805e-03,2.116e-03,65.0,-11.0,LEA,50.075302,-9.400301,717.18097,-215.69606,GOES-16_XRS,1,9460,0,3380
2023-08-03 04:34:00,2023-08-03 04:26:00,2023-08-03 04:41:00,202308030426,2.930e-06,C2.9,GOES-16,1.832e-06,1.762e-03,2.474e-03,,,,23.304756,-6.2930427,373.24475,-192.59985,GOES-16_XRS,1,9470,0,3380
2023-08-03 05:02:00,2023-08-03 04:57:00,2023-08-03 05:05:00,202308030457,2.864e-06,C2.8,GOES-16,1.884e-06,1.242e-03,1.366e-03,65.0,-11.0,LEA,,,953.0822,-232.19821,GOES-16_XRS,1,9480,0,3380
2023-08-03 05:53:00,2023-08-03 05:45:00,2023-08-03 05:58:00,202308030545,2.638e-06,C2.6,GOES-16,1.812e-06,1.620e-03,2.008e-03,71.0,-12.0,SVI,62.309185,-11.4862795,821.8632,-231.99199,GOES-16_XRS,1,9500,0,3380
2023-08-03 06:21:00,2023-08-03 06:12:00,,202308030612,3.033e-06,C3.0,GOES-16,1.729e-06,1.806e-03,,64.0,-10.0,LEA,44.969334,-6.5469127,665.78546,-176.14777,GOES-16_XRS,1,9510,0,3380
2023-08-03 06:31:00,2023-08-03 06:24:00,2023-08-03 06:35:00,202308030624,2.905e-06,C2.9,GOES-16,2.566e-06,1.802e-03,2.128e-03,64.0,-10.0,LEA,2.0488925,-10.056296,33.423454,-261.08398,GOES-16_XRS,2,9650,0,3380
2023-08-03 08:50:00,2023-08-03 08:43:00,,202308030843,3.616e-06,C3.6,GOES-16,1.875e-06,1.957e-03,,,,,68.06281,-9.903826,865.1449,-197.88486,GOES-16_XRS,1,9570,0,3380
2023-08-03 09:04:00,2023-08-03 08:53:00,2023-08-03 09:16:00,202308030853,6.428e-06,C6.4,GOES-16,3.280e-06,4.510e-03,7.833e-03,,,,75.31708,-10.731127,899.3557,-199.54553,GOES-16_XRS,2,9600,0,3380
2023-08-03 11:14:00,2023-08-03 11:10:00,2023-08-03 11:18:00,202308031110,2.333e-06,C2.3,GOES-16,1.643e-06,9.945e-04,1.226e-03,,,,,,930.37256,-175.87772,GOES-16_XRS,1,9610,0,3380
2023-08-03 11:55:00,2023-08-03 11:47:00,2023-08-03 11:58:00,202308031147,2.078e-05,M2.0,GOES-16,2.122e-06,5.890e-03,6.300e-03,75.0,-13.0,SVI,67.298134,-11.700097,855.32605,-227.91383,GOES-16_XRS,1,9620,0,3380
2023-08-03 13:39:00,2023-08-03 13:27:00,,202308031327,3.673e-06,C3.6,GOES-16,2.323e-06,3.141e-03,,,,,54.06146,-9.764169,756.2052,-216.49596,GOES-16_XRS,1,9630,0,3380
2023-08-03 13:49:00,2023-08-03 13:46:00,2023-08-03 13:53:00,202308031346,3.779e-06,C3.7,GOES-16,3.490e-06,1.545e-03,1.970e-03,,,,-16.900513,-9.570985,-272.13364,-249.53099,GOES-16_XRS,2,9670,0,3394
2023-08-03 15:53:00,2023-08-03 15:47:00,2023-08-03 16:00:00,202308031547,2.168e-06,C2.1,GOES-16,1.421e-06,1.070e-03,1.613e-03,73.0,-10.0,SVI,,,963.2903,-242.60458,GOES-16_XRS,1,9690,0,3380
2023-08-03 18:03:00,2023-08-03 17:56:00,2023-08-03 18:05:00,202308031756,3.336e-06,C3.3,GOES-16,1.589e-06,1.444e-03,1.554e-03,,,,,,930.3926,-207.43578,GOES-16_XRS,1,9710,0,3380
2023-08-03 18:48:00,2023-08-03 18:37:00,2023-08-03 19:02:00,202308031837,2.326e-06,C2.3,GOES-16,1.413e-06,1.755e-03,3.403e-03,,,,-23.966614,-4.83408,-384.2101,-169.0726,GOES-16_XRS,1,9730,0,
2023-08-03 20:00:00,2023-08-03 19:44:00,,202308031944,2.967e-06,C2.9,GOES-16,1.669e-06,2.925e-03,,,,,-12.17395,9.888385,-197.27312,67.435455,GOES-16_XRS,1,,0,
2023-08-03 20:20:00,2023-08-03 20:05:00,2023-08-03 20:27:00,202308032005,5.042e-06,C5.0,GOES-16,2.895e-06,4.242e-03,5.452e-03,-14.0,10.0,HOL,32.65424,-0.94026124,511.96484,-98.284004,GOES-16_XRS,2,9760,0,3392
2023-08-03 23:49:00,2023-08-03 23:37:00,2023-08-03 23:55:00,202308032337,7.993e-06,C7.9,GOES-16,1.596e-06,4.475e-03,5.653e-03,,,,71.83265,-10.565359,884.15375,-202.74588,GOES-16_XRS,1,9790,0,
2023-08-04 01:10:00,2023-08-04 00:59:00,2023-08-04 01:13:00,202308040059,4.666e-06,C4.6,GOES-16,1.483e-06,2.385e-03,2.555e-03,0.0,0.0,HOL,48.72836,-9.282838,703.2506,-216.2249,GOES-16_XRS,1,9840,0,3380
2023-08-04 03:15:00,2023-08-04 03:05:00,2023-08-04 03:23:00,202308040305,3.004e-06,C3.0,GOES-16,1.831e-06,2.049e-03,2.937e-03,,,,75.85827,-9.043876,906.2492,-171.69214,GOES-16_XRS,1,10,0,3380
2023-08-04 04:24:00,2023-08-04 03:38:00,2023-08-04 05:10:00,202308040338,1.993e-05,M1.9,GOES-16,2.061e-06,3.900e-02,7.885e-02,43.0,11.0,LEA,47.094563,9.770642,684.5716,93.866936,GOES-16_XRS,1,9880,0,3386
2023-08-04 12:48:00,2023-08-04 12:36:00,,202308041236,2.702e-06,C2.7,GOES-16,1.726e-06,2.209e-03,,,,,,,959.12415,-177.63765,GOES-16_XRS,1,20,0,3380
2023-08-04 12:55:00,2023-08-04 12:52:00,2023-08-04 12:58:00,202308041252,2.754e-06,C2.7,GOES-16,2.635e-06,1.130e-03,1.292e-03,,,,72.07787,-7.948491,892.0789,-160.33092,GOES-16_XRS,2,9970,0,3995
2023-08-04 19:57:00,2023-08-04 19:47:00,2023-08-04 20:02:00,202308041947,5.313e-06,C5.3,GOES-16,2.214e-06,2.863e-03,3.529e-03,36.0,20.0,HOL,47.442158,11.296307,685.0617,118.826584,GOES-16_XRS,1,70,0,3387
2023-08-04 23:22:00,2023-08-04 23:06:00,2023-08-04 23:30:00,202308042306,2.554e-06,C2.5,GOES-16,1.616e-06,2.610e-03,3.360e-03,,,,37.490414,0.6087497,577.5018,-69.008995,GOES-16_XRS,1,130,0,3394
2023-08-05 00:35:00,2023-08-05 00:29:00,2023-08-05 00:43:00,202308050029,2.627e-06,C2.6,GOES-16,1.535e-06,1.204e-03,1.968e-03,,,,72.42107,-9.266396,890.7041,-181.23698,GOES-16_XRS,1,140,0,3380
2023-08-05 02:23:00,2023-08-05 02:10:00,2023-08-05 02:27:00,202308050210,3.791e-06,C3.7,GOES-16,1.870e-06,2.691e-03,2.995e-03,39.0,21.0,LEA,54.86429,4.3330235,773.05194,14.037054,GOES-16_XRS,1,160,0,3387
2023-08-05 02:54:00,2023-08-05 02:39:00,2023-08-05 03:09:00,202308050239,9.706e-06,C9.7,GOES-16,3.064e-06,7.239e-03,1.332e-02,,,,80.05435,-9.109176,920.1801,-165.92638,GOES-16_XRS,1,170,0,3380
2023-08-05 05:29:00,2023-08-05 05:21:00,2023-08-05 05:35:00,202308050521,5.671e-06,C5.6,GOES-16,2.558e-06,3.017e-03,4.001e-03,37.0,19.0,LEA,39.82159,20.979338,567.31494,266.1736,GOES-16_XRS,1,200,0,3387
2023-08-05 09:36:00,2023-08-05 09:23:00,2023-08-05 09:49:00,202308050923,2.133e-05,M2.1,GOES-16,8.602e-06,1.619e-02,2.742e-02,,,,83.93976,-9.968477,926.4065,-173.1999,GOES-16_XRS,1,280,0,3380
2023-08-05 14:49:00,2023-08-05 14:44:00,2023-08-05 14:54:00,202308051444,3.127e-06,C3.1,GOES-16,1.730e-06,1.312e-03,1.740e-03,41.0,20.0,SVI,38.08205,23.456093,536.88605,303.135,GOES-16_XRS,1,380,0,3387
2023-08-05 16:25:00,2023-08-05 16:16:00,2023-08-05 16:32:00,202308051616,2.404e-06,C2.4,GOES-16,1.719e-06,1.666e-03,2.303e-03,47.0,21.0,HOL,49.541096,14.689915,698.0176,176.16682,GOES-16_XRS,1,420,0,3387
2023-08-05 16:58:00,2023-08-05 16:51:00,2023-08-05 17:05:00,202308051651,2.878e-06,C2.8,GOES-16,1.821e-06,1.580e-03,2.308e-03,73.0,7.0,HOL,68.87259,9.993912,870.10156,127.87092,GOES-16_XRS,1,430,0,3386
2023-08-05 19:10:00,2023-08-05 18:57:00,2023-08-05 19:23:00,202308051857,6.790e-06,C6.7,GOES-16,1.904e-06,4.646e-03,8.057e-03,45.0,23.0,HOL,46.22343,25.30353,619.13635,340.26645,GOES-16_XRS,1,490,0,3387
2023-08-05 20:40:00,2023-08-05 20:33:00,2023-08-05 20:49:00,202308052033,3.046e-06,C3.0,GOES-16,1.751e-06,1.628e-03,2.678e-03,46.0,22.0,HOL,49.98961,24.490362,660.98615,332.07938,GOES-16_XRS,1,560,0,3387
2023-08-05 22:21:00,2023-08-05 21:45:00,2023-08-05 22:43:00,202308052145,1.613e-04,X1.6,GOES-16,3.123e-06,1.677e-01,2.999e-01,,,,72.01865,9.982287,887.0947,132.68343,GOES-16_XRS,1,590,0,3386
2023-08-06 05:50:00,2023-08-06 05:45:00,2023-08-06 05:55:00,202308060545,2.889e-06,C2.8,GOES-16,1.860e-06,1.340e-03,1.767e-03,,,,,,958.20154,112.96725,GOES-16_XRS,1,680,0,3387
2023-08-06 11:03:00,2023-08-06 10:45:00,2023-08-06 11:14:00,202308061045,6.735e-06,C6.7,GOES-16,1.568e-06,5.608e-03,8.159e-03,56.0,15.0,SVI,,,937.52484,129.11433,GOES-16_XRS,1,730,0,3387
2023-08-06 18:40:00,2023-08-06 18:20:00,2023-08-06 18:53:00,202308061820,5.507e-05,M5.5,GOES-16,1.205e-06,3.723e-02,6.034e-02,86.0,7.0,HOL,79.090164,7.5371923,921.43256,104.43668,GOES-16_XRS,1,890,0,3386
2023-08-07 04:41:00,2023-08-07 04:29:00,2023-08-07 04:50:00,202308070429,2.432e-05,M2.4,GOES-16,1.532e-06,1.201e-02,1.871e-02,,,,78.4481,9.695447,914.26196,138.41812,GOES-16_XRS,1,1010,0,3386
2023-08-07 07:21:00,2023-08-07 07:12:00,2023-08-07 07:38:00,202308070712,2.939e-06,C2.9,GOES-16,1.851e-06,1.989e-03,4.401e-03,,,,,,1035.105,183.10887,GOES-16_XRS,1,1040,0,3386
2023-08-07 08:23:00,2023-08-07 08:14:00,2023-08-07 08:32:00,202308070814,2.396e-06,C2.3,GOES-16,1.593e-06,1.633e-03,2.496e-03,,,,73.42115,13.348143,883.1893,189.06685,GOES-16_XRS,1,1060,0,3386
2023-08-07 13:42:00,2023-08-07 13:29:00,,202308071329,4.492e-06,C4.4,GOES-16,1.952e-06,3.407e-03,,,,,67.82211,18.361483,832.7318,260.09558,GOES-16_XRS,1,1140,0,
2023-08-07 14:09:00,2023-08-07 14:01:00,2023-08-07 14:11:00,202308071401,3.810e-06,C3.8,GOES-16,3.701e-06,2.705e-03,2.922e-03,,,,71.23824,17.506521,855.39636,251.92462,GOES-16_XRS,2,1170,0,
2023-08-07 14:38:00,2023-08-07 14:33:00,2023-08-07 14:45:00,202308071433,4.502e-06,C4.5,GOES-16,2.328e-06,1.773e-03,2.828e-03,71.0,21.0,HOL,66.838036,19.00871,823.6867,268.78616,GOES-16_XRS,1,1150,0,3387
2023-08-07 15:18:00,2023-08-07 15:09:00,,202308071509,4.300e-06,C4.2,GOES-16,2.474e-06,2.703e-03,,,,,65.55205,18.116991,819.9222,252.70357,GOES-16_XRS,1,,0,
2023-08-07 16:11:00,2023-08-07 15:25:00,,202308071525,1.035e-05,M1.0,GOES-16,3.723e-06,2.051e-02,,,,,75.97847,16.40927,881.319,242.16853,GOES-16_XRS,2,,0,
2023-08-07 16:26:00,2023-08-07 16:24:00,2023-08-07 16:31:00,202308071624,1.063e-05,M1.0,GOES-16,9.687e-06,3.710e-03,5.501e-03,72.0,18.0,SVI,74.75205,17.063509,873.4842,250.53928,GOES-16_XRS,3,1160,0,3387
2023-08-07 19:51:00,2023-08-07 19:37:00,2023-08-07 19:57:00,202308071937,1.424e-05,M1.4,GOES-16,4.517e-06,9.111e-03,1.148e-02,73.0,19.0,HOL,69.297874,17.16583,846.7841,243.35837,GOES-16_XRS,1,1200,0,3387
2023-08-07 20:46:00,2023-08-07 20:30:00,2023-08-07 21:17:00,202308072030,1.491e-04,X1.4,GOES-16,7.445e-06,9.261e-02,2.807e-01,,,,76.54707,12.211007,900.1077,175.80373,GOES-16_XRS,1,1220,0,3386
2023-08-07 23:59:00,2023-08-07 23:50:00,2023-08-08 00:04:00,202308072350,8.247e-06,C8.2,GOES-16,4.652e-06,5.266e-03,6.400e-03,,,,,,,,,1,1270,0,3387
2023-08-08 00:57:00,2023-08-08 00:52:00,2023-08-08 01:00:00,202308080052,4.937e-06,C4.9,GOES-16,3.394e-06,2.289e-03,2.522e-03,,,,75.34614,18.702166,867.869,277.27426,GOES-16_XRS,1,1280,0,3387
2023-08-08 01:36:00,2023-08-08 01:33:00,2023-08-08 01:41:00,202308080133,3.959e-06,C3.9,GOES-16,2.820e-06,1.485e-03,2.064e-03,,,,76.70513,20.585548,862.7435,308.8833,GOES-16_XRS,1,1290,0,3387
2023-08-08 09:31:00,2023-08-08 09:20:00,2023-08-08 09:40:00,202308080920,3.672e-05,M3.6,GOES-16,2.195e-06,1.461e-02,2.468e-02,-9.0,-21.0,SVI,72.789665,17.815157,861.4748,259.05978,GOES-16_XRS,1,1340,0,3387
2023-08-08 16:49:00,2023-08-08 16:45:00,2023-08-08 16:53:00,202308081645,1.529e-06,C1.5,GOES-16,1.054e-06,6.298e-04,7.787e-04,,,,68.26413,14.7059355,851.4162,202.08028,GOES-16_XRS,1,1400,0,3387
2023-08-08 18:10:00,2023-08-08 17:49:00,2023-08-08 18:38:00,202308081749,8.816e-06,C8.8,GOES-16,2.083e-06,7.877e-03,1.873e-02,,,,-4.268097,-18.295305,-67.12318,-394.62302,GOES-16_XRS,1,1420,0,3394
2023-08-08 22:52:00,2023-08-08 22:39:00,2023-08-08 23:13:00,202308082239,4.217e-06,C4.2,GOES-16,1.556e-06,2.892e-03,7.055e-03,,,,86.59089,17.673214,900.1208,279.71808,GOES-16_XRS,1,1450,0,
2023-08-09 07:01:00,2023-08-09 06:51:00,2023-08-09 07:04:00,202308090651,5.162e-06,C5.1,GOES-16,1.252e-06,2.219e-03,2.363e-03,,,,,,886.66064,347.66904,GOES-16_XRS,1,1500,0,3387
2023-08-09 09:34:00,2023-08-09 09:29:00,2023-08-09 09:38:00,202308090929,1.474e-06,C1.4,GOES-16,9.857e-07,6.556e-04,7.968e-04,,,,5.974466,-10.498628,97.24723,-274.1855,GOES-16_XRS,1,1510,0,3394
2023-08-10 00:32:00,2023-08-10 00:14:00,2023-08-10 00:50:00,202308100014,4.056e-06,C4.0,GOES-16,9.197e-07,3.159e-03,6.105e-03,12.0,-23.0,LEA,10.004095,-22.3836,152.58388,-455.10605,GOES-16_XRS,1,1650,0,3394
2023-08-10 02:42:00,2023-08-10 02:26:00,2023-08-10 02:58:00,202308100226,5.499e-06,C5.4,GOES-16,1.207e-06,4.038e-03,7.537e-03,78.0,-21.0,LEA,77.179565,-19.757444,868.9389,-339.9942,GOES-16_XRS,1,1660,0,3398
2023-08-10 15:55:00,2023-08-10 15:35:00,2023-08-10 16:06:00,202308101535,2.773e-06,C2.7,GOES-16,1.143e-06,3.007e-03,4.182e-03,14.0,14.0,HOL,31.484913,3.8378608,495.02625,-26.659286,GOES-16_XRS,1,1780,0,3395
2023-08-10 20:16:00,2023-08-10 20:09:00,,202308102009,3.261e-06,C3.2,GOES-16,1.818e-06,1.858e-03,,,,,81.70545,-17.647375,892.7216,-299.70786,GOES-16_XRS,1,1820,0,3398
2023-08-10 20:35:00,2023-08-10 20:27:00,2023-08-10 20:47:00,202308102027,3.310e-06,C3.3,GOES-16,2.867e-06,2.236e-03,4.165e-03,,,,,,971.257,-280.84598,GOES-16_XRS,2,1850,0,3394
2023-08-10 22:21:00,2023-08-10 22:09:00,2023-08-10 22:32:00,202308102209,7.643e-06,C7.6,GOES-16,1.303e-06,3.588e-03,6.273e-03,84.0,-21.0,HOL,73.27393,-18.489655,860.3934,-327.35938,GOES-16_XRS,1,1830,0,3398
2023-08-10 22:50:00,2023-08-10 22:43:00,,202308102243,6.617e-06,C6.6,GOES-16,2.060e-06,3.076e-03,,18.0,13.0,HOL,13.872461,15.326196,219.78188,150.47746,GOES-16_XRS,1,1840,0,3395
2023-08-10 23:07:00,2023-08-10 22:56:00,2023-08-10 23:12:00,202308102256,5.993e-06,C5.9,GOES-16,5.314e-06,5.172e-03,6.185e-03,,,,15.132506,14.439081,240.28212,136.48721,GOES-16_XRS,2,1860,0,3395
2023-08-11 02:13:00,2023-08-11 02:05:00,2023-08-11 02:17:00,202308110205,2.934e-06,C2.9,GOES-16,1.486e-06,1.521e-03,1.780e-03,,,,75.54408,-17.170172,876.3218,-303.08127,GOES-16_XRS,1,1880,0,3394
2023-08-11 02:55:00,2023-08-11 02:50:00,2023-08-11 03:00:00,202308110250,2.441e-06,C2.4,GOES-16,1.132e-06,9.925e-04,1.307e-03,18.0,15.0,LEA,18.998184,11.5419235,303.142,90.70168,GOES-16_XRS,1,1900,0,3395
2023-08-11 04:25:00,2023-08-11 04:12:00,,202308110412,2.516e-06,C2.5,GOES-16,1.278e-06,1.982e-03,,,,,,,912.83167,-320.47998,GOES-16_XRS,1,1910,0,3398
2023-08-11 04:38:00,2023-08-11 04:31:00,2023-08-11 04:40:00,202308110431,2.341e-06,C2.3,GOES-16,2.128e-06,1.467e-03,1.593e-03,,,,78.07668,-17.378897,884.29126,-301.94897,GOES-16_XRS,2,,0,
2023-08-11 04:55:00,2023-08-11 04:43:00,2023-08-11 05:11:00,202308110443,5.029e-06,C5.0,GOES-16,2.073e-06,3.535e-03,6.865e-03,,,,73.22034,-17.670994,864.2239,-314.87778,GOES-16_XRS,1,1920,0,3398
2023-08-11 06:45:00,2023-08-11 06:30:00,,202308110630,8.333e-06,C8.3,GOES-16,2.804e-06,5.743e-03,,,,,22.210733,12.685317,350.4783,111.44498,GOES-16_XRS,1,,0,
2023-08-11 06:56:00,2023-08-11 06:49:00,2023-08-11 07:00:00,202308110649,8.247e-06,C8.2,GOES-16,7.300e-06,5.217e-03,6.105e-03,18.0,15.0,LEA,23.17148,15.747088,359.89438,162.29646,GOES-16_XRS,2,1930,0,3395
2023-08-11 11:19:00,2023-08-11 11:07:00,,202308111107,4.727e-06,C4.7,GOES-16,2.495e-06,3.543e-03,,,,,24.909876,14.498869,387.5068,142.99655,GOES-16_XRS,1,2010,0,3395
2023-08-11 11:35:00,2023-08-11 11:31:00,2023-08-11 11:37:00,202308111131,3.799e-06,C3.7,GOES-16,3.632e-06,1.767e-03,1.973e-03,,,,27.769058,17.895618,421.27002,200.5506,GOES-16_XRS,2,2070,0,3395
2023-08-11 12:47:00,2023-08-11 12:38:00,2023-08-11 12:55:00,202308111238,3.456e-06,C3.4,GOES-16,2.272e-06,2.308e-03,3.388e-03,27.0,11.0,SVI,,,915.36035,-335.01068,GOES-16_XRS,1,2020,0,3395
2023-08-11 19:07:00,2023-08-11 19:00:00,2023-08-11 19:15:00,202308111900,3.786e-06,C3.7,GOES-16,1.113e-06,1.468e-03,2.448e-03,,,,26.949032,16.193068,413.56845,171.99564,GOES-16_XRS,1,2100,0,3395
2023-08-11 22:55:00,2023-08-11 22:45:00,,202308112245,2.759e-06,C2.7,GOES-16,1.254e-06,1.694e-03,,,,,35.62507,18.03432,526.1317,209.67604,GOES-16_XRS,1,2120,0,3395
2023-08-11 23:08:00,2023-08-11 23:01:00,2023-08-11 23:12:00,202308112301,2.932e-06,C2.9,GOES-16,2.360e-06,1.763e-03,2.069e-03,,,,39.952377,13.914017,592.00226,147.47964,GOES-16_XRS,2,2130,0,3395
2023-08-11 23:55:00,2023-08-11 23:32:00,2023-08-12 00:09:00,202308112332,4.910e-06,C4.9,GOES-16,1.618e-06,5.555e-03,8.295e-03,29.0,16.0,LEA,80.73684,-16.44636,896.3753,-282.84225,GOES-16_XRS,1,2140,0,3395
2023-08-12 01:23:00,2023-08-12 01:15:00,2023-08-12 01:30:00,202308120115,2.678e-06,C2.6,GOES-16,1.758e-06,1.607e-03,2.278e-03,,,,42.388454,6.123944,636.5767,22.19002,GOES-16_XRS,1,2150,0,
2023-08-12 07:39:00,2023-08-12 07:34:00,2023-08-12 07:42:00,202308120734,1.997e-06,C1.9,GOES-16,1.452e-06,9.295e-04,1.024e-03,,,,45.439114,18.541435,641.42426,228.77673,GOES-16_XRS,1,2170,0,
2023-08-12 08:43:00,2023-08-12 08:40:00,2023-08-12 08:48:00,202308120840,1.645e-06,C1.6,GOES-16,1.209e-06,6.241e-04,8.787e-04,36.0,11.0,SVI,36.872807,16.143051,547.5394,180.08357,GOES-16_XRS,1,2220,0,3395
2023-08-12 09:15:00,2023-08-12 09:04:00,2023-08-12 09:24:00,202308120904,8.863e-06,C8.8,GOES-16,1.129e-06,3.726e-03,6.228e-03,36.0,14.0,SVI,34.397583,16.67748,514.14484,186.1751,GOES-16_XRS,1,2240,0,3395
2023-08-12 10:50:00,2023-08-12 10:36:00,2023-08-12 10:52:00,202308121036,6.628e-06,C6.6,GOES-16,1.281e-06,3.533e-03,3.676e-03,37.0,10.0,SVI,37.63396,15.018473,560.2397,162.55376,GOES-16_XRS,1,2270,0,3395
2023-08-12 13:08:00,2023-08-12 12:57:00,2023-08-12 13:14:00,202308121257,1.804e-06,C1.8,GOES-16,1.015e-06,1.273e-03,1.621e-03,13.0,17.0,SVI,11.427079,16.422531,180.67673,166.07082,GOES-16_XRS,1,2300,0,3397
2023-08-12 13:29:00,2023-08-12 13:24:00,,202308121324,1.433e-06,C1.4,GOES-16,1.006e-06,6.739e-04,,39.0,11.0,SVI,36.817436,6.7964606,565.31964,26.367483,GOES-16_XRS,1,2310,0,3395
2023-08-12 13:40:00,2023-08-12 13:33:00,2023-08-12 13:46:00,202308121333,1.513e-06,C1.5,GOES-16,1.222e-06,9.150e-04,1.238e-03,,,,38.78873,10.9320965,584.28796,96.83692,GOES-16_XRS,2,,0,
2023-08-12 14:11:00,2023-08-12 14:02:00,,202308121402,2.061e-06,C2.0,GOES-16,1.387e-06,1.364e-03,,,,,-41.28842,21.909513,-581.41846,277.27646,GOES-16_XRS,1,,0,
2023-08-12 14:22:00,2023-08-12 14:17:00,2023-08-12 14:25:00,202308121417,3.194e-06,C3.1,GOES-16,1.941e-06,1.388e-03,1.526e-03,39.0,11.0,SVI,8.61514,17.587315,135.76476,184.14702,GOES-16_XRS,2,2320,0,3395
2023-08-12 16:05:00,2023-08-12 15:55:00,2023-08-12 16:11:00,202308121555,1.507e-06,C1.5,GOES-16,9.757e-07,1.061e-03,1.363e-03,40.0,11.0,SVI,38.377785,20.090597,553.85474,245.10104,GOES-16_XRS,1,2350,0,3395
2023-08-12 19:01:00,2023-08-12 18:48:00,2023-08-12 19:12:00,202308121848,4.966e-06,C4.9,GOES-16,9.174e-07,2.824e-03,4.636e-03,15.0,20.0,HOL,14.686725,19.479473,227.23355,216.82362,GOES-16_XRS,1,2360,0,3397
2023-08-12 20:22:00,2023-08-12 20:11:00,2023-08-12 20:44:00,202308122011,2.279e-06,C2.2,GOES-16,1.280e-06,1.648e-03,3.922e-03,,,,51.054207,12.230165,721.5779,133.75092,GOES-16_XRS,1,2370,0,3395
2023-08-12 23:52:00,2023-08-12 23:44:00,2023-08-12 23:58:00,202308122344,5.321e-06,C5.3,GOES-16,9.764e-07,1.828e-03,2.618e-03,47.0,13.0,LEA,42.146244,13.330359,620.1881,139.8697,GOES-16_XRS,1,2380,0,3395
2023-08-13 04:32:00,2023-08-13 04:24:00,2023-08-13 04:37:00,202308130424,1.328e-06,C1.3,GOES-16,9.030e-07,7.960e-04,9.916e-04,,,,73.279495,-15.259367,875.622,-277.68475,GOES-16_XRS,1,2390,0,3394
2023-08-13 09:53:00,2023-08-13 09:44:00,2023-08-13 10:14:00,202308130944,2.494e-06,C2.4,GOES-16,7.432e-07,1.384e-03,3.565e-03,49.0,12.0,SVI,48.068336,14.062198,685.26624,159.18164,GOES-16_XRS,1,2470,0,3395
2023-08-13 10:41:00,2023-08-13 10:35:00,2023-08-13 10:46:00,202308131035,1.306e-06,C1.3,GOES-16,9.669e-07,7.028e-04,9.009e-04,,,,-52.032623,21.031027,-698.5574,276.4235,GOES-16_XRS,1,2500,0,3403
2023-08-14 02:42:00,2023-08-14 02:34:00,2023-08-14 02:49:00,202308140234,1.829e-06,C1.8,GOES-16,1.222e-06,1.093e-03,1.562e-03,,,,50.06773,16.905508,696.6708,207.58478,GOES-16_XRS,1,2570,0,
2023-08-14 17:50:00,2023-08-14 17:43:00,2023-08-14 17:56:00,202308141743,1.562e-06,C1.5,GOES-16,9.621e-07,8.628e-04,1.173e-03,,,,61.837006,15.185829,807.40924,197.23146,GOES-16_XRS,1,2660,0,3395
2023-08-14 21:10:00,2023-08-14 20:30:00,2023-08-14 21:37:00,202308142030,8.996e-06,C8.9,GOES-16,1.462e-06,1.429e-02,2.434e-02,-81.0,13.0,HOL,,,-939.1491,202.31187,GOES-16_XRS,1,2670,0,3405
2023-08-15 01:37:00,2023-08-15 01:27:00,2023-08-15 01:44:00,202308150127,2.162e-06,C2.1,GOES-16,9.760e-07,1.256e-03,1.738e-03,-32.0,21.0,LEA,-31.934479,23.85386,-459.81766,296.7862,GOES-16_XRS,1,2680,0,
2023-08-15 03:10:00,2023-08-15 03:05:00,2023-08-15 03:19:00,202308150305,2.336e-06,C2.3,GOES-16,7.946e-07,9.388e-04,1.650e-03,,,,-74.77725,9.37384,-902.6517,125.07079,GOES-16_XRS,1,2700,0,
2023-08-15 03:31:00,2023-08-15 03:24:00,2023-08-15 03:36:00,202308150324,2.056e-06,C2.0,GOES-16,1.353e-06,1.158e-03,1.462e-03,,,,,,-960.13745,259.03506,GOES-16_XRS,1,2710,0,
2023-08-15 06:57:00,2023-08-15 06:41:00,2023-08-15 07:10:00,202308150641,4.118e-06,C4.1,GOES-16,8.695e-07,2.754e-03,4.680e-03,80.0,12.0,SVI,74.45306,13.00961,890.06177,183.43631,GOES-16_XRS,1,2790,0,3395
2023-08-15 11:16:00,2023-08-15 11:10:00,2023-08-15 11:21:00,202308151110,1.399e-06,C1.3,GOES-16,9.168e-07,6.905e-04,8.950e-04,-70.0,11.0,SVI,,,-999.2728,21.209486,GOES-16_XRS,1,2830,0,3405
2023-08-15 11:33:00,2023-08-15 11:25:00,2023-08-15 11:40:00,202308151125,2.988e-06,C2.9,GOES-16,1.026e-06,1.490e-03,2.111e-03,-72.0,10.0,SVI,-62.036255,9.380299,-827.05896,102.88201,GOES-16_XRS,1,2850,0,3405
2023-08-15 21:52:00,2023-08-15 21:42:00,2023-08-15 22:10:00,202308152142,2.309e-06,C2.3,GOES-16,9.786e-07,1.303e-03,3.035e-03,-63.0,10.0,HOL,-64.362915,6.7212453,-849.67993,63.023335,GOES-16_XRS,1,2940,0,3405
2023-08-16 01:18:00,2023-08-16 01:04:00,2023-08-16 01:29:00,202308160104,1.906e-06,C1.9,GOES-16,8.443e-07,1.463e-03,2.290e-03,,,,,,-942.3738,227.92233,GOES-16_XRS,1,2950,0,3403
2023-08-16 01:43:00,2023-08-16 01:32:00,2023-08-16 01:53:00,202308160132,2.065e-06,C2.0,GOES-16,1.317e-06,1.575e-03,2.434e-03,,,,17.147718,25.22441,253.6699,307.10434,GOES-16_XRS,1,2960,0,3403
2023-08-16 03:04:00,2023-08-16 02:53:00,2023-08-16 03:14:00,202308160253,1.745e-06,C1.7,GOES-16,9.520e-07,1.233e-03,1.923e-03,,,,37.62816,22.22363,537.1907,276.10876,GOES-16_XRS,1,2970,0,3403
2023-08-16 07:47:00,2023-08-16 07:36:00,,202308160736,1.897e-06,C1.8,GOES-16,9.945e-07,1.315e-03,,-60.0,9.0,SVI,-55.38977,16.931728,-747.7061,214.6622,GOES-16_XRS,1,2980,0,3405
2023-08-16 08:00:00,2023-08-16 07:56:00,2023-08-16 08:09:00,202308160756,2.127e-06,C2.1,GOES-16,1.719e-06,9.467e-04,1.761e-03,,,,-42.641174,22.420527,-595.0657,284.80307,GOES-16_XRS,2,,0,
2023-08-16 09:49:00,2023-08-16 09:40:00,2023-08-16 10:02:00,202308160940,1.481e-06,C1.4,GOES-16,8.956e-07,9.261e-04,1.732e-03,0.0,25.0,SVI,-5.298584,16.422693,-84.27741,161.39325,GOES-16_XRS,1,3020,0,3403
2023-08-16 10:30:00,2023-08-16 10:18:00,2023-08-16 10:44:00,202308161018,1.891e-06,C1.8,GOES-16,1.036e-06,1.461e-03,2.612e-03,1.0,26.0,SVI,-3.2648926,22.638844,-50.00692,261.65033,GOES-16_XRS,1,3030,0,3403
2023-08-16 13:57:00,2023-08-16 13:37:00,2023-08-16 14:20:00,202308161337,3.332e-06,C3.3,GOES-16,1.008e-06,3.461e-03,6.630e-03,,,,,,963.92773,207.33295,GOES-16_XRS,1,3090,0,3395
2023-08-17 02:46:00,2023-08-17 02:20:00,2023-08-17 03:31:00,202308170220,3.633e-06,C3.6,GOES-16,8.712e-07,4.479e-03,1.190e-02,,,,,,883.456,-376.3678,GOES-16_XRS,1,3200,0,3394
2023-08-17 07:36:00,2023-08-17 07:27:00,2023-08-17 07:49:00,202308170727,1.720e-06,C1.7,GOES-16,1.048e-06,1.111e-03,2.099e-03,20.0,26.0,SVI,21.186987,29.747162,298.43658,378.47226,GOES-16_XRS,1,3280,0,3409
2023-08-17 08:33:00,2023-08-17 08:17:00,2023-08-17 08:48:00,202308170817,2.360e-06,C2.3,GOES-16,9.769e-07,2.150e-03,3.647e-03,,,,,,975.6423,179.48985,GOES-16_XRS,1,3300,0,
2023-08-17 12:40:00,2023-08-17 12:14:00,2023-08-17 13:04:00,202308171214,5.204e-06,C5.2,GOES-16,8.285e-07,5.398e-03,1.043e-02,80.0,19.0,SVI,73.30721,19.793797,855.0216,288.9679,GOES-16_XRS,1,3330,0,3397
2023-08-17 14:20:00,2023-08-17 14:11:00,2023-08-17 14:23:00,202308171411,3.540e-06,C3.5,GOES-16,1.132e-06,1.521e-03,1.637e-03,,,,,,-1004.7143,-202.58356,GOES-16_XRS,1,3370,0,
2023-08-17 15:25:00,2023-08-17 15:18:00,2023-08-17 15:29:00,202308171518,1.266e-06,C1.2,GOES-16,7.940e-07,6.408e-04,7.628e-04,-52.0,11.0,SVI,-48.089874,9.945314,-696.58685,89.599976,GOES-16_XRS,1,3390,0,3405
2023-08-17 16:34:00,2023-08-17 16:28:00,2023-08-17 16:38:00,202308171628,1.233e-06,C1.2,GOES-16,7.177e-07,5.803e-04,6.923e-04,,,,,,-991.8402,-166.00279,GOES-16_XRS,1,3400,0,
2023-08-17 17:29:00,2023-08-17 17:16:00,2023-08-17 17:45:00,202308171716,2.212e-06,C2.2,GOES-16,8.564e-07,1.638e-03,3.119e-03,,,,31.114656,16.623045,470.939,178.56136,GOES-16_XRS,1,3420,0,3397
2023-08-17 18:36:00,2023-08-17 18:28:00,2023-08-17 18:39:00,202308171828,1.214e-06,C1.2,GOES-16,8.294e-07,7.024e-04,7.581e-04,,,,,,-1103.4026,-127.468544,GOES-16_XRS,1,3430,0,
2023-08-17 23:40:00,2023-08-17 23:32:00,2023-08-17 23:48:00,202308172332,1.376e-06,C1.3,GOES-16,7.592e-07,7.716e-04,1.168e-03,27.0,22.0,HOL,30.172127,25.302462,432.13702,316.19928,GOES-16_XRS,1,3460,0,3403
2023-08-18 02:52:00,2023-08-18 02:40:00,2023-08-18 03:02:00,202308180240,3.188e-06,C3.1,GOES-16,7.153e-07,1.695e-03,2.747e-03,-50.0,11.0,LEA,-21.832367,13.233429,-344.45804,115.05859,GOES-16_XRS,1,3480,0,3405
2023-08-18 10:48:00,2023-08-18 10:30:00,2023-08-18 11:07:00,202308181030,1.784e-06,C1.7,GOES-16,8.815e-07,1.854e-03,3.373e-03,36.0,20.0,SVI,41.148766,23.461922,573.8666,298.3804,GOES-16_XRS,1,3540,0,3409
2023-08-18 19:30:00,2023-08-18 19:09:00,2023-08-18 19:48:00,202308181909,3.729e-06,C3.7,GOES-16,8.219e-07,3.456e-03,6.162e-03,43.0,19.0,HOL,43.69707,20.60839,614.7566,256.18332,GOES-16_XRS,1,3630,0,3409
2023-08-18 21:35:00,2023-08-18 21:17:00,2023-08-18 21:57:00,202308182117,3.040e-06,C3.0,GOES-16,8.959e-07,2.618e-03,5.585e-03,,,,47.92484,20.082895,662.6285,253.29932,GOES-16_XRS,1,3640,0,3409
2023-08-19 06:48:00,2023-08-19 06:40:00,2023-08-19 06:50:00,202308190640,5.853e-06,C5.8,GOES-16,7.380e-07,1.322e-03,1.396e-03,68.0,-16.0,SVI,64.233086,-15.1787,825.12805,-294.05707,GOES-16_XRS,1,3700,0,3410
2023-08-19 20:59:00,2023-08-19 20:53:00,2023-08-19 21:04:00,202308192053,1.570e-06,C1.5,GOES-16,8.177e-07,7.789e-04,9.917e-04,46.0,24.0,HOL,49.846764,25.266407,657.0078,336.84262,GOES-16_XRS,1,3780,0,3403
2023-08-20 06:26:00,2023-08-20 06:08:00,2023-08-20 06:43:00,202308200608,3.726e-06,C3.7,GOES-16,6.629e-07,3.319e-03,5.824e-03,60.0,21.0,SVI,61.93207,19.209412,791.55505,259.95895,GOES-16_XRS,1,3860,0,3409
2023-08-20 12:32:00,2023-08-20 12:21:00,2023-08-20 12:37:00,202308201221,3.340e-06,C3.3,GOES-16,9.802e-07,1.738e-03,2.121e-03,,,,66.368904,-12.29497,849.9151,-245.17328,GOES-16_XRS,1,3900,0,3410
2023-08-20 18:35:00,2023-08-20 18:19:00,,202308201819,2.094e-06,C2.0,GOES-16,7.193e-07,1.858e-03,,,,,,,-995.70056,-69.084915,GOES-16_XRS,1,,0,
2023-08-20 18:56:00,2023-08-20 18:44:00,2023-08-20 19:01:00,202308201844,2.006e-06,C2.0,GOES-16,1.910e-06,1.879e-03,2.231e-03,,,,,,-985.462,-79.76502,GOES-16_XRS,2,3960,0,
2023-08-20 19:46:00,2023-08-20 19:22:00,2023-08-20 20:06:00,202308201922,3.052e-06,C3.0,GOES-16,1.540e-06,4.309e-03,7.166e-03,,,,-85.124664,11.758612,-925.1601,182.44212,GOES-16_XRS,1,3970,0,
2023-08-21 05:28:00,2023-08-21 05:18:00,,202308210518,1.582e-06,C1.5,GOES-16,1.005e-06,1.115e-03,,,,,-72.88931,13.612449,-881.8862,189.26044,GOES-16_XRS,1,4100,0,
2023-08-21 05:45:00,2023-08-21 05:33:00,2023-08-21 06:01:00,202308210533,2.030e-06,C2.0,GOES-16,1.471e-06,1.768e-03,3.308e-03,,,,,,-1011.8134,-52.972706,GOES-16_XRS,2,4040,0,
2023-08-21 07:53:00,2023-08-21 07:35:00,2023-08-21 08:10:00,202308210735,4.357e-06,C4.3,GOES-16,1.267e-06,3.421e-03,6.355e-03,,,,,,-989.6597,-85.568085,GOES-16_XRS,1,4060,0,
2023-08-21 12:38:00,2023-08-21 12:18:00,2023-08-21 12:52:00,202308211218,3.109e-06,C3.1,GOES-16,1.076e-06,2.971e-03,4.714e-03,76.0,26.0,SVI,17.86886,21.627617,271.58487,247.16298,GOES-16_XRS,1,4110,0,3403
2023-08-21 19:09:00,2023-08-21 19:00:00,2023-08-21 19:16:00,202308211900,1.330e-06,C1.3,GOES-16,8.938e-07,8.744e-04,1.223e-03,,,,,,-1044.7616,-44.300564,GOES-16_XRS,1,4160,0,
2023-08-21 23:43:00,2023-08-21 23:23:00,,202308212323,4.750e-06,C4.7,GOES-16,1.323e-06,4.624e-03,,-69.0,8.0,HOL,-63.107727,8.841898,-837.3753,93.833595,GOES-16_XRS,1,4200,0,3413
2023-08-22 00:00:00,2023-08-21 23:47:00,2023-08-22 00:06:00,202308212347,5.773e-06,C5.7,GOES-16,4.722e-06,5.433e-03,6.701e-03,,,,-52.18634,4.8452835,-748.5209,9.753055,GOES-16_XRS,2,,0,
2023-08-22 07:50:00,2023-08-22 07:43:00,2023-08-22 07:57:00,202308220743,2.065e-06,C2.0,GOES-16,8.522e-07,8.608e-04,1.303e-03,-63.0,9.0,SVI,-60.943756,9.703701,-818.91315,104.12109,GOES-16_XRS,1,4260,0,3413
2023-08-22 09:22:00,2023-08-22 09:15:00,2023-08-22 09:26:00,202308220915,1.295e-06,C1.2,GOES-16,9.082e-07,7.189e-04,8.491e-04,,,,-77.273895,-2.6029122,-924.91846,-68.00538,GOES-16_XRS,1,4290,0,
2023-08-22 10:26:00,2023-08-22 10:18:00,2023-08-22 10:30:00,202308221018,1.611e-06,C1.6,GOES-16,1.062e-06,9.346e-04,1.084e-03,26.0,8.0,SVI,28.873693,5.8497424,457.36334,-3.8127966,GOES-16_XRS,1,4300,0,3405
2023-08-22 23:04:00,2023-08-22 22:35:00,,202308222235,1.107e-05,M1.1,GOES-16,2.349e-06,1.369e-02,,29.0,11.0,LEA,29.32847,10.701793,458.29135,76.76974,GOES-16_XRS,1,4380,0,3405
2023-08-22 23:41:00,2023-08-22 23:38:00,2023-08-22 23:44:00,202308222338,7.171e-06,C7.1,GOES-16,6.666e-06,2.902e-03,3.288e-03,,,,31.392994,11.996808,485.1342,100.19476,GOES-16_XRS,2,4390,0,3405
2023-08-23 01:30:00,2023-08-23 01:20:00,2023-08-23 01:37:00,202308230120,3.458e-06,C3.4,GOES-16,1.620e-06,2.110e-03,2.909e-03,,,,,,-977.17303,-137.23492,GOES-16_XRS,1,4410,0,3407
2023-08-23 07:09:00,2023-08-23 07:01:00,2023-08-23 07:14:00,202308230701,1.537e-06,C1.5,GOES-16,9.007e-07,9.141e-04,1.124e-03,,,,29.736237,10.715904,464.08936,77.23719,GOES-16_XRS,1,4440,0,
2023-08-23 10:13:00,2023-08-23 10:00:00,2023-08-23 10:33:00,202308231000,3.285e-06,C3.2,GOES-16,1.020e-06,2.068e-03,4.792e-03,-54.0,13.0,SVI,,,899.17017,388.4622,GOES-16_XRS,1,4460,0,3413
2023-08-23 12:20:00,2023-08-23 12:11:00,2023-08-23 12:32:00,202308231211,1.452e-06,C1.4,GOES-16,9.378e-07,9.322e-04,1.693e-03,,,,,,939.5296,331.00873,GOES-16_XRS,1,4480,0,
2023-08-23 14:07:00,2023-08-23 13:54:00,2023-08-23 14:11:00,202308231354,3.955e-06,C3.9,GOES-16,1.015e-06,2.309e-03,2.579e-03,41.0,6.0,SVI,41.604588,8.205851,625.5094,49.306374,GOES-16_XRS,1,4500,0,3405
2023-08-23 15:07:00,2023-08-23 14:50:00,,202308231450,1.657e-06,C1.6,GOES-16,1.002e-06,1.807e-03,,,,,43.046062,34.945583,532.3327,471.71405,GOES-16_XRS,1,,0,
2023-08-23 15:16:00,2023-08-23 15:10:00,2023-08-23 15:21:00,202308231510,1.717e-06,C1.7,GOES-16,1.646e-06,1.014e-03,1.313e-03,,,,3.8974593,23.108639,59.56125,264.9646,GOES-16_XRS,2,4510,0,3413
2023-08-23 16:16:00,2023-08-23 15:56:00,2023-08-23 16:47:00,202308231556,2.506e-06,C2.5,GOES-16,1.192e-06,2.847e-03,6.719e-03,,,,-53.613495,5.0886955,-762.67755,15.462854,GOES-16_XRS,1,4530,0,3413
2023-08-24 06:45:00,2023-08-24 06:38:00,2023-08-24 06:53:00,202308240638,1.409e-06,C1.4,GOES-16,6.429e-07,7.184e-04,1.107e-03,-41.0,13.0,SVI,-34.49411,15.38605,-519.9483,158.58336,GOES-16_XRS,1,4610,0,3413
2023-08-24 15:54:00,2023-08-24 15:51:00,2023-08-24 15:58:00,202308241551,1.072e-06,C1.0,GOES-16,6.990e-07,3.857e-04,4.875e-04,,,,-50.782257,-19.289583,-695.52563,-381.12195,GOES-16_XRS,1,4670,0,
2023-08-24 18:04:00,2023-08-24 17:56:00,2023-08-24 18:07:00,202308241756,1.502e-06,C1.5,GOES-16,8.679e-07,7.770e-04,8.377e-04,59.0,9.0,HOL,49.17051,14.674297,696.5693,165.78487,GOES-16_XRS,1,4680,0,3405
2023-08-24 19:31:00,2023-08-24 19:23:00,,202308241923,1.525e-06,C1.5,GOES-16,6.504e-07,7.975e-04,,,,,,,869.11285,441.6008,GOES-16_XRS,1,,0,
2023-08-24 20:18:00,2023-08-24 19:39:00,,202308241939,2.954e-06,C2.9,GOES-16,1.141e-06,6.006e-03,,,,,,,889.5287,434.81107,GOES-16_XRS,2,,0,
2023-08-24 20:33:00,2023-08-24 20:21:00,,202308242021,3.079e-06,C3.0,GOES-16,2.945e-06,2.898e-03,,,,,,,905.66284,439.6335,GOES-16_XRS,3,,0,
2023-08-24 20:41:00,2023-08-24 20:37:00,2023-08-24 20:43:00,202308242037,3.096e-06,C3.0,GOES-16,3.046e-06,1.470e-03,1.652e-03,,,,,,899.2855,452.0097,GOES-16_XRS,4,4690,0,3403
2023-08-25 01:09:00,2023-08-25 00:56:00,2023-08-25 01:25:00,202308250056,1.477e-05,M1.4,GOES-16,1.012e-06,6.865e-03,1.493e-02,-50.0,-12.0,LEA,-52.070892,-12.196636,-733.4223,-269.33887,GOES-16_XRS,1,4740,0,3415
2023-08-25 03:29:00,2023-08-25 03:21:00,2023-08-25 03:32:00,202308250321,1.408e-06,C1.4,GOES-16,9.627e-07,8.402e-04,9.013e-04,64.0,8.0,LEA,34.731033,11.110279,532.45654,88.223625,GOES-16_XRS,1,4750,0,3405
2023-08-25 09:17:00,2023-08-25 09:10:00,2023-08-25 09:19:00,202308250910,1.272e-06,C1.2,GOES-16,5.928e-07,5.270e-04,5.626e-04,,,,60.502796,9.073318,817.4336,92.24273,GOES-16_XRS,1,4790,0,3405
2023-08-25 10:23:00,2023-08-25 10:18:00,2023-08-25 10:28:00,202308251018,8.205e-07,B8.2,GOES-16,5.313e-07,3.754e-04,4.954e-04,,,,,,,,,1,4800,0,3405
2023-08-25 11:17:00,2023-08-25 11:11:00,2023-08-25 11:23:00,202308251111,1.228e-06,C1.2,GOES-16,6.165e-07,5.226e-04,7.298e-04,41.0,6.0,SVI,61.209267,9.012179,823.1878,92.45367,GOES-16_XRS,1,4810,0,3405
2023-08-25 14:43:00,2023-08-25 14:39:00,2023-08-25 14:45:00,202308251439,8.000e-07,B8.0,GOES-16,4.872e-07,2.949e-04,3.267e-04,,,,,,,,,1,4830,0,3405
2023-08-25 15:36:00,2023-08-25 15:33:00,2023-08-25 15:38:00,202308251533,1.348e-06,C1.3,GOES-16,6.856e-07,4.278e-04,4.699e-04,,,,,,957.5024,80.27179,GOES-16_XRS,1,,0,
2023-08-25 15:49:00,2023-08-25 15:40:00,2023-08-25 15:51:00,202308251540,5.051e-06,C5.0,GOES-16,8.143e-07,1.864e-03,1.914e-03,70.0,9.0,SVI,72.9753,9.350512,896.5547,119.5834,GOES-16_XRS,1,4850,0,3405
2023-08-25 16:20:00,2023-08-25 16:13:00,2023-08-25 16:22:00,202308251613,1.111e-06,C1.1,GOES-16,5.845e-07,5.385e-04,5.792e-04,,,,-64.59491,-17.359182,-819.52313,-329.17612,GOES-16_XRS,1,4870,0,3416
2023-08-25 21:45:00,2023-08-25 21:41:00,2023-08-25 21:48:00,202308252141,6.798e-07,B6.7,GOES-16,4.784e-07,2.711e-04,3.033e-04,,,,,,,,,1,4920,0,
2023-08-26 10:06:00,2023-08-26 09:40:00,2023-08-26 10:36:00,202308260940,2.278e-06,C2.2,GOES-16,5.642e-07,2.133e-03,5.083e-03,-7.0,10.0,SVI,-6.806793,9.523601,-111.4469,41.769802,GOES-16_XRS,1,5010,0,3413
2023-08-26 13:01:00,2023-08-26 12:44:00,2023-08-26 13:25:00,202308261244,1.952e-06,C1.9,GOES-16,6.506e-07,1.852e-03,3.942e-03,70.0,10.0,SVI,,,958.8632,162.39291,GOES-16_XRS,1,5040,0,3405
2023-08-26 20:17:00,2023-08-26 20:11:00,2023-08-26 20:20:00,202308262011,1.171e-06,C1.1,GOES-16,6.886e-07,5.579e-04,6.022e-04,,,,69.30607,7.7233815,881.3614,85.80475,GOES-16_XRS,1,5090,0,3405
2023-08-26 21:50:00,2023-08-26 21:41:00,2023-08-26 21:54:00,202308262141,2.647e-06,C2.6,GOES-16,8.941e-07,1.158e-03,1.353e-03,,,,64.99394,9.266518,850.6917,103.11192,GOES-16_XRS,1,5100,0,3405
2023-08-26 22:50:00,2023-08-26 22:05:00,2023-08-26 23:41:00,202308262205,1.112e-05,M1.1,GOES-16,1.528e-06,1.978e-02,4.450e-02,,,,,,-966.32355,-74.94599,GOES-16_XRS,1,5130,0,
2023-08-28 04:02:00,2023-08-28 03:54:00,2023-08-28 04:06:00,202308280354,1.032e-06,C1.0,GOES-16,6.497e-07,5.850e-04,6.792e-04,,,,,,-963.5023,59.312744,GOES-16_XRS,1,5270,0,
2023-08-28 08:24:00,2023-08-28 08:17:00,2023-08-28 08:30:00,202308280817,9.197e-07,B9.1,GOES-16,6.018e-07,5.032e-04,6.829e-04,,,,,,,,,1,5280,0,3417
2023-08-28 16:50:00,2023-08-28 16:42:00,2023-08-28 16:58:00,202308281642,1.434e-06,C1.4,GOES-16,7.677e-07,7.708e-04,1.182e-03,,,,-73.92615,30.637564,-786.16785,452.7622,GOES-16_XRS,1,5360,0,
2023-08-28 21:28:00,2023-08-28 21:19:00,2023-08-28 21:43:00,202308282119,1.378e-06,C1.3,GOES-16,9.006e-07,9.107e-04,1.865e-03,,,,-45.70218,18.706602,-645.82776,225.02423,GOES-16_XRS,1,5380,0,
2023-08-28 22:15:00,2023-08-28 22:07:00,,202308282207,1.247e-06,C1.2,GOES-16,8.186e-07,7.364e-04,,,,,-35.844635,-12.880487,-543.9946,-304.1935,GOES-16_XRS,1,5390,0,
2023-08-28 22:46:00,2023-08-28 22:36:00,2023-08-28 22:52:00,202308282236,1.185e-06,C1.1,GOES-16,1.079e-06,9.564e-04,1.227e-03,,,,-75.86536,14.896909,-891.0203,214.70825,GOES-16_XRS,2,5440,0,
2023-08-28 23:06:00,2023-08-28 23:00:00,2023-08-28 23:11:00,202308282300,1.519e-06,C1.5,GOES-16,1.029e-06,7.902e-04,1.013e-03,,,,-82.49866,-1.2660592,-941.82526,-36.216766,GOES-16_XRS,1,5400,0,3417
2023-08-28 23:59:00,2023-08-28 23:54:00,2023-08-29 00:04:00,202308282354,2.400e-06,C2.3,GOES-16,7.319e-07,9.092e-04,1.188e-03,,,,,,,,,1,5430,0,
2023-08-29 00:12:00,2023-08-29 00:07:00,2023-08-29 00:21:00,202308290007,1.907e-06,C1.9,GOES-16,1.327e-06,9.095e-04,1.602e-03,,,,-73.16992,25.150478,-823.9801,370.12936,GOES-16_XRS,1,5450,0,
2023-08-29 02:45:00,2023-08-29 02:39:00,2023-08-29 02:59:00,202308290239,1.149e-06,C1.1,GOES-16,7.309e-07,5.815e-04,1.319e-03,,,,22.840733,1.2147763,370.11417,-88.997665,GOES-16_XRS,1,5460,0,3413
2023-08-29 04:21:00,2023-08-29 04:18:00,,202308290418,1.667e-06,C1.6,GOES-16,6.691e-07,5.067e-04,,19.0,9.0,LEA,33.865124,8.399782,525.54126,40.971195,GOES-16_XRS,1,5480,0,3413
2023-08-29 04:36:00,2023-08-29 04:26:00,2023-08-29 04:43:00,202308290426,1.487e-06,C1.4,GOES-16,1.192e-06,1.142e-03,1.551e-03,,,,4.989644,7.998294,82.1732,14.881705,GOES-16_XRS,2,5490,0,3417
2023-08-29 06:42:00,2023-08-29 06:34:00,2023-08-29 06:49:00,202308290634,2.182e-06,C2.1,GOES-16,6.488e-07,1.059e-03,1.486e-03,,,,,,-864.8653,394.91763,GOES-16_XRS,1,5510,0,
2023-08-29 08:24:00,2023-08-29 08:15:00,2023-08-29 08:34:00,202308290815,9.747e-07,B9.7,GOES-16,6.411e-07,6.419e-04,1.049e-03,,,,,,,,,1,5520,0,
2023-08-29 09:46:00,2023-08-29 09:42:00,,202308290942,8.810e-07,B8.8,GOES-16,5.968e-07,3.679e-04,,,,,,,,,,1,5530,0,
2023-08-29 10:03:00,2023-08-29 09:49:00,2023-08-29 10:08:00,202308290949,9.065e-07,B9.0,GOES-16,7.556e-07,9.104e-04,1.059e-03,,,,,,,,,2,,0,
2023-08-29 16:04:00,2023-08-29 16:00:00,2023-08-29 16:07:00,202308291600,1.010e-06,C1.0,GOES-16,5.890e-07,3.953e-04,4.411e-04,,,,,,-1291.3123,168.16537,GOES-16_XRS,1,5560,0,
2023-08-29 23:27:00,2023-08-29 23:17:00,2023-08-29 23:45:00,202308292317,3.985e-06,C3.9,GOES-16,1.625e-06,2.543e-03,5.712e-03,-68.0,-10.0,HOL,-39.664124,-7.32181,-603.3977,-211.07617,GOES-16_XRS,1,5610,0,3417
2023-08-30 04:19:00,2023-08-30 04:07:00,2023-08-30 04:27:00,202308300407,1.782e-06,C1.7,GOES-16,7.275e-07,1.154e-03,1.636e-03,-60.0,-8.0,LEA,-57.535126,-8.618034,-794.25824,-204.477,GOES-16_XRS,1,5650,0,3417
2023-08-30 08:30:00,2023-08-30 08:24:00,2023-08-30 08:36:00,202308300824,8.443e-07,B8.4,GOES-16,6.240e-07,4.393e-04,6.154e-04,,,,,,,,,1,5680,0,
2023-08-30 16:41:00,2023-08-30 16:28:00,2023-08-30 16:56:00,202308301628,2.804e-06,C2.8,GOES-16,7.614e-07,1.848e-03,3.505e-03,23.0,-8.0,HOL,27.010225,-6.8566976,430.0719,-218.17636,GOES-16_XRS,1,5720,0,3415
2023-08-30 17:46:00,2023-08-30 17:38:00,2023-08-30 17:53:00,202308301738,1.524e-06,C1.5,GOES-16,8.756e-07,8.650e-04,1.253e-03,46.0,6.0,HOL,55.187412,8.240769,773.99866,68.355804,GOES-16_XRS,1,5740,0,3413
2023-08-30 23:28:00,2023-08-30 23:20:00,2023-08-30 23:33:00,202308302320,3.005e-06,C3.0,GOES-16,1.188e-06,1.564e-03,1.931e-03,49.0,5.0,HOL,40.925507,7.18915,619.64716,29.205751,GOES-16_XRS,1,5770,0,3413
2023-08-31 17:53:00,2023-08-31 17:45:00,2023-08-31 18:02:00,202308311745,1.212e-06,C1.2,GOES-16,7.500e-07,7.186e-04,1.152e-03,,,,66.67501,4.7085156,871.249,30.57016,GOES-16_XRS,1,5870,0,3413
2023-08-31 23:18:00,2023-08-31 23:07:00,2023-08-31 23:31:00,202308312307,1.047e-06,C1.0,GOES-16,6.785e-07,7.919e-04,1.394e-03,,,,52.329376,6.8610973,748.93317,40.630123,GOES-16_XRS,1,5910,0,3413
2023-09-01 01:51:00,2023-09-01 01:45:00,,202309010145,1.134e-06,C1.1,GOES-16,7.785e-07,5.733e-04,,,,,78.23256,10.363226,916.0995,145.90372,GOES-16_XRS,1,,0,
2023-09-01 02:15:00,2023-09-01 02:03:00,,202309010203,1.153e-06,C1.1,GOES-16,9.774e-07,1.011e-03,,,,,58.24619,-4.046471,807.9636,-129.25363,GOES-16_XRS,2,5940,0,3413
2023-09-01 03:18:00,2023-09-01 02:20:00,,202309010220,1.096e-05,M1.0,GOES-16,1.130e-06,1.610e-02,,,,,70.94591,12.5953,878.0316,167.98257,GOES-16_XRS,3,,0,
2023-09-01 03:52:00,2023-09-01 03:26:00,2023-09-01 04:05:00,202309010326,1.211e-05,M1.2,GOES-16,1.084e-05,2.071e-02,2.836e-02,,,,72.37626,13.906141,880.4873,191.93524,GOES-16_XRS,4,5950,0,3413
2023-09-01 15:14:00,2023-09-01 15:07:00,2023-09-01 15:18:00,202309011507,9.931e-07,B9.9,GOES-16,6.063e-07,5.199e-04,6.129e-04,,,,,,,,,1,5990,0,
2023-09-01 20:27:00,2023-09-01 20:19:00,,202309012019,1.006e-06,C1.0,GOES-16,5.988e-07,5.853e-04,,,,,-32.31906,-26.013689,-458.15573,-505.67368,GOES-16_XRS,1,6000,0,
2023-09-01 20:38:00,2023-09-01 20:35:00,2023-09-01 20:41:00,202309012035,9.403e-07,B9.4,GOES-16,8.437e-07,3.741e-04,4.228e-04,,,,,,,,,2,6030,0,
2023-09-01 22:24:00,2023-09-01 21:48:00,2023-09-01 22:32:00,202309012148,7.402e-06,C7.4,GOES-16,7.360e-07,6.086e-03,7.631e-03,,,,-22.142273,-12.858431,-350.6725,-318.71686,GOES-16_XRS,1,6010,0,
2023-09-02 07:12:00,2023-09-02 06:33:00,2023-09-02 07:37:00,202309020633,3.351e-05,M3.3,GOES-16,6.142e-07,4.142e-02,7.530e-02,82.0,10.0,LEA,78.6614,6.411692,927.08887,82.09842,GOES-16_XRS,1,6080,0,3413
2023-09-02 11:37:00,2023-09-02 11:33:00,2023-09-02 11:41:00,202309021133,9.396e-07,B9.3,GOES-16,6.911e-07,4.108e-04,5.041e-04,,,,,,,,,1,6100,0,3417
2023-09-02 14:35:00,2023-09-02 14:28:00,,202309021428,5.529e-07,B5.5,GOES-18,3.783e-07,3.071e-04,,,,,,,,,,1,,0,
2023-09-02 14:57:00,2023-09-02 14:40:00,,202309021440,7.256e-07,B7.2,GOES-18,4.969e-07,7.649e-04,,,,,,,,,,2,,0,
2023-09-02 15:06:00,2023-09-02 15:02:00,,202309021502,7.562e-07,B7.5,GOES-18,6.897e-07,3.491e-04,,,,,,,,,,3,,0,
2023-09-02 15:24:00,2023-09-02 15:14:00,2023-09-02 15:28:00,202309021514,8.718e-07,B8.7,GOES-18,7.322e-07,6.729e-04,7.681e-04,,,,,,,,,4,,0,
2023-09-02 16:40:00,2023-09-02 16:31:00,2023-09-02 16:43:00,202309021631,2.127e-06,C2.1,GOES-16,6.620e-07,8.732e-04,9.458e-04,,,,77.45833,10.978617,911.99274,154.3454,GOES-16_XRS,1,6150,0,3413
2023-09-02 19:59:00,2023-09-02 19:54:00,2023-09-02 20:13:00,202309021954,1.243e-06,C1.2,GOES-16,8.798e-07,5.943e-04,1.449e-03,,,,63.21199,4.574827,847.7507,21.650282,GOES-16_XRS,1,6180,0,3413
2023-09-02 22:41:00,2023-09-02 22:33:00,2023-09-02 22:48:00,202309022233,1.315e-06,C1.3,GOES-16,6.625e-07,7.561e-04,1.070e-03,,,,73.24711,12.088706,891.44476,164.11159,GOES-16_XRS,1,6220,0,3413
2023-09-03 00:11:00,2023-09-03 00:02:00,,202309030002,1.369e-06,C1.3,GOES-16,6.798e-07,7.308e-04,,,,,86.69058,10.0556,934.91284,157.95801,GOES-16_XRS,1,6230,0,3413
2023-09-03 00:23:00,2023-09-03 00:14:00,2023-09-03 00:32:00,202309030014,1.132e-05,M1.1,GOES-16,1.183e-06,5.428e-03,8.506e-03,,,,83.72393,11.733327,925.8601,179.13683,GOES-16_XRS,2,6240,0,3413
2023-09-03 01:04:00,2023-09-03 00:58:00,2023-09-03 01:08:00,202309030058,1.515e-06,C1.5,GOES-16,1.051e-06,7.424e-04,8.871e-04,,,,67.12865,15.686144,844.95557,210.72691,GOES-16_XRS,1,6250,0,3413
2023-09-03 02:32:00,2023-09-03 02:25:00,2023-09-03 02:37:00,202309030225,1.002e-06,C1.0,GOES-16,7.114e-07,5.610e-04,7.143e-04,,,,,,944.0607,193.0665,GOES-16_XRS,1,6270,0,3413
2023-09-03 04:10:00,2023-09-03 04:00:00,2023-09-03 04:13:00,202309030400,1.844e-06,C1.8,GOES-16,8.475e-07,1.020e-03,1.088e-03,,,,68.692184,13.47591,862.9089,177.91438,GOES-16_XRS,1,6290,0,3413
2023-09-03 08:36:00,2023-09-03 08:09:00,2023-09-03 08:48:00,202309030809,6.013e-05,M6.0,GOES-16,1.742e-06,4.020e-02,6.372e-02,,,,77.026306,12.436486,905.8285,177.14693,GOES-16_XRS,1,6320,0,3413
2023-09-03 11:45:00,2023-09-03 11:31:00,,202309031131,5.025e-06,C5.0,GOES-16,2.060e-06,3.732e-03,,,,,,,962.48944,110.96381,GOES-16_XRS,1,6330,0,3413
2023-09-03 12:28:00,2023-09-03 12:03:00,2023-09-03 12:51:00,202309031203,5.808e-06,C5.8,GOES-16,3.535e-06,8.466e-03,1.508e-02,,,,,,953.99115,119.831436,GOES-16_XRS,2,6340,0,3413
2023-09-03 20:05:00,2023-09-03 19:57:00,2023-09-03 20:12:00,202309031957,1.202e-06,C1.2,GOES-16,8.401e-07,7.360e-04,1.048e-03,,,,57.022793,17.041462,764.6462,214.78479,GOES-16_XRS,1,6370,0,3417
2023-09-04 04:02:00,2023-09-04 03:57:00,,202309040357,1.370e-06,C1.3,GOES-16,8.696e-07,6.476e-04,,,,,-12.327545,14.963486,-197.03523,131.25992,GOES-16_XRS,1,6400,0,
2023-09-04 04:43:00,2023-09-04 04:35:00,2023-09-04 04:45:00,202309040435,2.004e-06,C2.0,GOES-18,1.069e-06,1.055e-03,1.139e-03,-14.0,14.0,LEA,-14.230896,15.636261,-226.13649,143.23071,GOES-18_XRS,1,6410,0,3421
2023-09-04 08:54:00,2023-09-04 08:47:00,2023-09-04 09:01:00,202309040847,1.565e-06,C1.5,GOES-16,1.021e-06,8.654e-04,1.261e-03,,,,-12.9539795,12.488914,-209.08739,90.55277,GOES-16_XRS,1,6450,0,
2023-09-04 11:06:00,2023-09-04 10:31:00,2023-09-04 11:38:00,202309041031,6.694e-06,C6.6,GOES-16,1.155e-06,8.927e-03,1.847e-02,,,,72.40713,18.266079,862.19226,261.7553,GOES-16_XRS,1,6480,0,3413
2023-09-04 12:54:00,2023-09-04 12:48:00,2023-09-04 13:00:00,202309041248,1.932e-06,C1.9,GOES-16,1.299e-06,1.015e-03,1.403e-03,-9.0,15.0,SVI,-10.849182,12.599172,-175.4994,91.47423,GOES-16_XRS,1,6490,0,3421
2023-09-04 13:49:00,2023-09-04 13:34:00,2023-09-04 14:03:00,202309041334,2.419e-06,C2.4,GOES-16,1.227e-06,2.177e-03,3.602e-03,,,,-50.729034,-18.975653,-698.06805,-379.4374,GOES-16_XRS,1,6500,0,
2023-09-04 17:18:00,2023-09-04 17:05:00,,202309041705,1.472e-06,C1.4,GOES-16,9.497e-07,1.296e-03,,,,,-9.049622,11.86257,-147.07608,78.583984,GOES-16_XRS,1,6530,0,3421
2023-09-04 17:37:00,2023-09-04 17:29:00,2023-09-04 17:48:00,202309041729,1.587e-06,C1.5,GOES-16,1.429e-06,1.098e-03,1.922e-03,,,,40.122025,17.430174,586.84326,195.95747,GOES-16_XRS,2,6540,0,
2023-09-04 19:20:00,2023-09-04 19:11:00,2023-09-04 19:26:00,202309041911,1.376e-06,C1.3,GOES-16,8.165e-07,8.508e-04,1.111e-03,,,,-68.26114,19.754768,-832.998,277.67206,GOES-16_XRS,1,6550,0,3417
2023-09-05 00:43:00,2023-09-05 00:39:00,2023-09-05 00:51:00,202309050039,2.162e-06,C2.1,GOES-16,9.692e-07,8.094e-04,1.410e-03,65.0,28.0,LEA,67.337326,21.55278,817.897,304.27652,GOES-16_XRS,1,6590,0,3419
2023-09-05 02:18:00,2023-09-05 02:13:00,2023-09-05 02:28:00,202309050213,1.071e-06,C1.0,GOES-16,7.514e-07,5.189e-04,9.711e-04,,,,8.971554,19.450169,140.49713,203.53082,GOES-16_XRS,1,6600,0,
2023-09-05 04:47:00,2023-09-05 04:36:00,,202309050436,4.236e-06,C4.2,GOES-18,1.030e-06,2.256e-03,,0.0,15.0,LEA,0.15208599,14.535984,2.455379,121.407326,GOES-18_XRS,1,6610,0,3421
2023-09-05 05:11:00,2023-09-05 04:59:00,2023-09-05 05:23:00,202309050459,3.395e-06,C3.3,GOES-18,2.649e-06,3.009e-03,4.902e-03,,,,0.9105607,14.622683,14.69436,122.85392,GOES-18_XRS,2,,0,
2023-09-05 08:12:00,2023-09-05 08:03:00,2023-09-05 08:23:00,202309050803,2.089e-05,M2.0,GOES-16,8.654e-07,9.020e-03,1.613e-02,4.0,16.0,LEA,2.35493,14.550098,38.007645,121.72432,GOES-16_XRS,1,6640,0,3421
2023-09-05 09:37:00,2023-09-05 09:22:00,2023-09-05 09:53:00,202309050922,7.229e-06,C7.2,GOES-16,2.345e-06,6.042e-03,1.080e-02,,,,,,-962.1368,463.44702,GOES-16_XRS,1,6660,0,3424
2023-09-05 18:19:00,2023-09-05 17:58:00,,202309051758,3.317e-06,C3.3,GOES-16,1.298e-06,3.589e-03,,9.0,15.0,HOL,7.0723524,14.404282,113.97055,120.05977,GOES-16_XRS,1,6720,0,3421
2023-09-05 18:31:00,2023-09-05 18:22:00,2023-09-05 18:38:00,202309051822,3.667e-06,C3.6,GOES-16,3.283e-06,2.731e-03,3.777e-03,,,,11.197149,13.615026,180.36249,108.322044,GOES-16_XRS,2,6740,0,3421
2023-09-05 19:45:00,2023-09-05 19:33:00,2023-09-05 19:56:00,202309051933,1.262e-05,M1.2,GOES-16,9.637e-07,6.851e-03,1.129e-02,10.0,16.0,HOL,10.26956,15.223844,164.39908,134.5746,GOES-16_XRS,1,6730,0,3421
2023-09-05 22:22:00,2023-09-05 22:13:00,2023-09-05 22:45:00,202309052213,3.963e-06,C3.9,GOES-16,9.229e-07,1.961e-03,5.706e-03,7.0,-20.0,HOL,6.962393,-22.63487,106.86866,-475.00336,GOES-16_XRS,1,6780,0,3420
2023-09-05 23:39:00,2023-09-05 23:21:00,2023-09-05 23:51:00,202309052321,1.006e-05,M1.0,GOES-16,1.353e-06,6.792e-03,1.091e-02,13.0,15.0,LEA,11.102295,16.257114,176.67134,151.9075,GOES-16_XRS,1,6790,0,3421
2023-09-06 00:50:00,2023-09-06 00:42:00,2023-09-06 01:00:00,202309060042,4.744e-06,C4.7,GOES-16,8.862e-07,1.325e-03,3.046e-03,13.0,15.0,LEA,13.489034,16.232613,214.03186,152.52121,GOES-16_XRS,1,6810,0,3421
2023-09-06 04:58:00,2023-09-06 04:52:00,2023-09-06 05:01:00,202309060452,1.151e-06,C1.1,GOES-18,7.039e-07,5.155e-04,5.671e-04,,,,14.867205,6.8565836,243.46779,-2.455539,GOES-18_XRS,1,6820,0,
2023-09-06 06:39:00,2023-09-06 06:28:00,2023-09-06 06:51:00,202309060628,1.854e-06,C1.8,GOES-16,6.970e-07,1.092e-03,1.974e-03,34.0,-9.0,LEA,31.933893,-9.593113,498.09988,-258.665,GOES-16_XRS,1,6830,0,3417
2023-09-06 07:56:00,2023-09-06 07:50:00,2023-09-06 07:58:00,202309060750,3.822e-06,C3.8,GOES-16,9.983e-07,1.220e-03,1.290e-03,22.0,13.0,LEA,17.25718,15.226108,273.55927,137.93306,GOES-16_XRS,1,6840,0,3421
2023-09-06 10:46:00,2023-09-06 10:32:00,,202309061032,1.834e-06,C1.8,GOES-16,8.393e-07,1.539e-03,,,,,-50.52118,16.634165,-705.7918,197.68698,GOES-16_XRS,1,6920,0,
2023-09-06 11:03:00,2023-09-06 11:00:00,2023-09-06 11:05:00,202309061100,1.835e-06,C1.8,GOES-16,1.504e-06,6.781e-04,7.677e-04,,,,-24.561066,19.698263,-373.9078,216.29771,GOES-16_XRS,2,6870,0,
2023-09-06 13:26:00,2023-09-06 13:19:00,2023-09-06 13:30:00,202309061319,2.811e-06,C2.8,GOES-16,9.026e-07,1.341e-03,1.534e-03,,,,32.342346,-1.4124597,510.86957,-125.11628,GOES-16_XRS,1,6900,0,
2023-09-06 13:45:00,2023-09-06 13:42:00,2023-09-06 13:47:00,202309061342,3.297e-06,C3.2,GOES-16,1.010e-06,8.474e-04,9.200e-04,,,,21.058844,12.9486685,334.66037,102.80695,GOES-16_XRS,1,6910,0,
2023-09-06 16:57:00,2023-09-06 16:54:00,2023-09-06 17:00:00,202309061654,1.721e-06,C1.7,GOES-16,7.651e-07,5.255e-04,5.806e-04,,,,23.15607,15.095462,362.8147,139.87532,GOES-16_XRS,1,6940,0,
2023-09-06 17:56:00,2023-09-06 17:51:00,2023-09-06 17:58:00,202309061751,5.345e-06,C5.3,GOES-16,7.986e-07,1.103e-03,1.177e-03,25.0,13.0,HOL,23.979034,13.430375,377.7412,113.05271,GOES-16_XRS,1,6950,0,3421
2023-09-06 19:25:00,2023-09-06 19:18:00,,202309061918,1.223e-06,C1.2,GOES-16,8.867e-07,6.941e-04,,22.0,13.0,HOL,22.02769,17.61011,341.62097,180.2931,GOES-16_XRS,1,6960,0,3421
2023-09-06 19:34:00,2023-09-06 19:29:00,2023-09-06 19:37:00,202309061929,1.175e-06,C1.1,GOES-16,1.141e-06,6.258e-04,6.950e-04,,,,36.45198,0.49646816,567.46716,-88.70105,GOES-16_XRS,2,,0,
2023-09-06 20:48:00,2023-09-06 20:43:00,2023-09-06 20:50:00,202309062043,3.476e-06,C3.4,GOES-16,7.490e-07,8.566e-04,9.128e-04,26.0,13.0,HOL,24.848541,13.885439,389.83133,121.30105,GOES-16_XRS,1,6980,0,3421
2023-09-07 00:47:00,2023-09-07 00:38:00,2023-09-07 00:50:00,202309070038,1.159e-06,C1.1,GOES-16,8.060e-07,7.570e-04,8.136e-04,43.0,-7.0,LEA,34.26719,0.702574,537.83154,-87.97423,GOES-16_XRS,1,7020,0,3417
2023-09-07 01:54:00,2023-09-07 01:46:00,2023-09-07 02:03:00,202309070146,1.719e-06,C1.7,GOES-16,1.040e-06,9.842e-04,1.578e-03,-73.0,22.0,LEA,-46.171112,23.48962,-631.63434,300.97293,GOES-16_XRS,1,7060,0,3425
2023-09-07 02:42:00,2023-09-07 02:36:00,2023-09-07 02:45:00,202309070236,2.388e-06,C2.3,GOES-16,7.940e-07,8.983e-04,9.825e-04,-75.0,24.0,LEA,-74.856415,26.68911,-821.84546,396.52777,GOES-16_XRS,1,7070,0,3425
2023-09-07 05:24:00,2023-09-07 05:05:00,2023-09-07 05:37:00,202309070505,3.351e-06,C3.3,GOES-18,1.017e-06,2.881e-03,4.534e-03,-34.0,15.0,LEA,-46.484833,18.882687,-655.10077,228.02849,GOES-18_XRS,1,7090,0,3423
2023-09-07 10:31:00,2023-09-07 10:26:00,2023-09-07 10:34:00,202309071026,3.410e-06,C3.4,GOES-16,1.247e-06,1.322e-03,1.423e-03,,,,34.747234,14.950503,526.0858,148.79366,GOES-16_XRS,1,7120,0,3421
2023-09-07 11:47:00,2023-09-07 11:41:00,2023-09-07 11:49:00,202309071141,3.034e-06,C3.0,GOES-16,2.010e-06,1.443e-03,1.552e-03,-30.0,15.0,SVI,-38.84848,20.982044,-559.399,251.6315,GOES-16_XRS,1,7150,0,3423
2023-09-07 15:47:00,2023-09-07 15:38:00,,202309071538,1.378e-06,C1.3,GOES-16,9.797e-07,9.406e-04,,13.0,14.0,HOL,11.204005,21.283615,173.08553,233.96358,GOES-16_XRS,1,7200,0,3422
2023-09-07 16:03:00,2023-09-07 15:59:00,2023-09-07 16:05:00,202309071559,1.349e-06,C1.3,GOES-16,1.304e-06,6.305e-04,7.079e-04,,,,35.877033,17.215193,534.80066,187.1709,GOES-16_XRS,2,7210,0,3422
2023-09-07 19:09:00,2023-09-07 18:58:00,2023-09-07 19:23:00,202309071858,2.117e-05,M2.1,GOES-16,1.486e-06,1.201e-02,2.250e-02,-56.0,22.0,HOL,-55.613037,20.494848,-737.7114,267.74484,GOES-16_XRS,1,7250,0,3425
2023-09-08 04:42:00,2023-09-08 04:16:00,2023-09-08 04:55:00,202309080416,4.033e-06,C4.0,GOES-18,1.560e-06,5.352e-03,7.456e-03,-62.0,26.0,LEA,,,-840.5419,447.10452,GOES-18_XRS,1,7320,0,3425
2023-09-08 07:02:00,2023-09-08 06:54:00,,202309080654,2.320e-06,C2.3,GOES-16,1.324e-06,1.323e-03,,-53.0,23.0,SVI,8.2392845,20.46922,128.37952,219.80626,GOES-16_XRS,1,7330,0,3425
2023-09-08 07:16:00,2023-09-08 07:12:00,2023-09-08 07:19:00,202309080712,2.012e-06,C2.0,GOES-16,1.890e-06,9.356e-04,1.048e-03,,,,6.3176575,13.6176815,102.27533,106.75138,GOES-16_XRS,2,,0,
2023-09-08 11:05:00,2023-09-08 10:55:00,,202309081055,1.844e-06,C1.8,GOES-16,1.239e-06,1.338e-03,,,,,,,947.89264,-340.59186,GOES-16_XRS,1,,0,
2023-09-08 11:17:00,2023-09-08 11:14:00,2023-09-08 11:19:00,202309081114,3.762e-06,C3.7,GOES-16,1.668e-06,1.027e-03,1.133e-03,-51.0,23.0,SVI,-38.608643,22.12287,-552.2581,269.60992,GOES-16_XRS,2,7380,0,3425
2023-09-08 13:51:00,2023-09-08 13:48:00,2023-09-08 13:54:00,202309081348,2.651e-06,C2.6,GOES-16,1.238e-06,7.970e-04,8.817e-04,-50.0,23.0,SVI,-49.66211,23.912815,-665.3367,312.6192,GOES-16_XRS,1,7420,0,3425
2023-09-08 16:22:00,2023-09-08 16:19:00,2023-09-08 16:26:00,202309081619,1.469e-06,C1.4,GOES-16,1.027e-06,5.433e-04,6.885e-04,,,,-50.51422,17.962488,-701.0224,219.20697,GOES-16_XRS,1,7450,0,3425
2023-09-08 18:19:00,2023-09-08 18:10:00,2023-09-08 18:41:00,202309081810,2.557e-06,C2.5,GOES-16,1.419e-06,1.583e-03,4.138e-03,-57.0,31.0,HOL,-45.95096,28.14106,-605.26404,372.9093,GOES-16_XRS,1,7480,0,3425
2023-09-08 23:13:00,2023-09-08 23:07:00,2023-09-08 23:15:00,202309082307,4.235e-06,C4.2,GOES-16,1.150e-06,1.185e-03,1.289e-03,52.0,11.0,HOL,46.276066,13.475588,671.28253,139.76021,GOES-16_XRS,1,7560,0,3421
2023-09-08 23:42:00,2023-09-08 23:35:00,2023-09-08 23:44:00,202309082335,1.873e-06,C1.8,GOES-16,1.265e-06,9.644e-04,1.044e-03,,,,,,-933.69446,258.35632,GOES-16_XRS,1,7570,0,
2023-09-09 01:20:00,2023-09-09 01:15:00,2023-09-09 01:22:00,202309090115,8.486e-06,C8.4,GOES-16,1.099e-06,1.793e-03,1.936e-03,54.0,15.0,LEA,51.2945,12.913326,726.34344,138.22398,GOES-16_XRS,1,7590,0,3421
2023-09-09 02:04:00,2023-09-09 01:55:00,2023-09-09 02:06:00,202309090155,2.487e-06,C2.4,GOES-16,1.073e-06,1.276e-03,1.359e-03,54.0,15.0,LEA,55.43077,14.390506,761.4549,169.13379,GOES-16_XRS,1,7610,0,3421
2023-09-09 02:50:00,2023-09-09 02:43:00,2023-09-09 02:53:00,202309090243,2.345e-06,C2.3,GOES-16,1.628e-06,1.260e-03,1.368e-03,,,,52.523174,15.58403,729.9152,183.82913,GOES-16_XRS,1,7620,0,3421
2023-09-09 03:24:00,2023-09-09 03:12:00,2023-09-09 03:27:00,202309090312,5.819e-06,C5.8,GOES-16,1.832e-06,3.109e-03,3.307e-03,54.0,15.0,LEA,60.336357,14.206611,803.94305,174.54945,GOES-16_XRS,1,7650,0,3421
2023-09-09 05:15:00,2023-09-09 05:08:00,2023-09-09 05:23:00,202309090508,2.045e-06,C2.0,GOES-18,1.267e-06,1.090e-03,1.719e-03,54.0,15.0,LEA,45.349365,16.282578,652.3299,184.34554,GOES-18_XRS,1,7690,0,3421
2023-09-09 05:56:00,2023-09-09 05:47:00,2023-09-09 06:02:00,202309090547,3.541e-06,C3.5,GOES-16,1.441e-06,1.712e-03,2.306e-03,57.0,13.0,SVI,57.97749,13.489624,786.9844,158.75694,GOES-16_XRS,1,7700,0,3421
2023-09-09 09:45:00,2023-09-09 09:39:00,2023-09-09 09:48:00,202309090939,1.930e-06,C1.9,GOES-16,1.250e-06,9.681e-04,1.056e-03,-5.0,19.0,SVI,-3.478485,17.086578,-55.47642,163.60054,GOES-16_XRS,1,7800,0,3423
2023-09-09 11:14:00,2023-09-09 11:07:00,2023-09-09 11:18:00,202309091107,1.628e-06,C1.6,GOES-16,1.150e-06,9.043e-04,1.068e-03,59.0,14.0,SVI,42.57406,17.245462,617.3555,196.17503,GOES-16_XRS,1,7810,0,3421
2023-09-09 13:40:00,2023-09-09 13:35:00,2023-09-09 13:45:00,202309091335,2.017e-06,C2.0,GOES-16,1.072e-06,8.424e-04,1.116e-03,62.0,14.0,SVI,65.15714,13.328628,842.54553,168.9711,GOES-16_XRS,1,7840,0,3421
2023-09-09 16:17:00,2023-09-09 16:11:00,2023-09-09 16:21:00,202309091611,1.673e-06,C1.6,GOES-16,1.133e-06,8.694e-04,1.031e-03,,,,73.41551,4.747307,910.75885,44.049637,GOES-16_XRS,1,7860,0,3417
2023-09-09 22:47:00,2023-09-09 22:38:00,2023-09-09 22:55:00,202309092238,1.447e-06,C1.4,GOES-16,9.971e-07,9.527e-04,1.393e-03,,,,78.4463,9.811188,920.3189,137.39746,GOES-16_XRS,1,7900,0,3418
2023-09-10 01:07:00,2023-09-10 00:53:00,2023-09-10 01:18:00,202309100053,4.760e-06,C4.7,GOES-16,9.637e-07,2.982e-03,4.784e-03,-39.0,27.0,LEA,-32.9133,28.522697,-456.34708,363.79422,GOES-16_XRS,1,7950,0,3425
2023-09-10 01:55:00,2023-09-10 01:41:00,2023-09-10 02:09:00,202309100141,8.394e-06,C8.3,GOES-16,1.432e-06,5.137e-03,9.513e-03,4.0,15.0,LEA,1.117721,13.88635,18.117811,110.5811,GOES-16_XRS,1,7970,0,3423
2023-09-10 04:35:00,2023-09-10 04:19:00,2023-09-10 05:02:00,202309100419,3.677e-06,C3.6,GOES-18,1.372e-06,3.231e-03,7.784e-03,6.0,15.0,LEA,7.889153,12.811867,128.05243,93.83656,GOES-18_XRS,1,8000,0,3423
2023-09-10 09:13:00,2023-09-10 09:06:00,2023-09-10 09:19:00,202309100906,1.573e-06,C1.5,GOES-16,1.126e-06,9.083e-04,1.234e-03,8.0,16.0,SVI,10.645356,18.265818,167.82799,184.78326,GOES-16_XRS,1,8080,0,3423
2023-09-10 11:51:00,2023-09-10 11:40:00,2023-09-10 12:01:00,202309101140,2.284e-06,C2.2,GOES-16,1.217e-06,1.640e-03,2.521e-03,10.0,16.0,SVI,13.823454,17.960913,217.44449,181.13837,GOES-16_XRS,1,8100,0,3423
2023-09-10 13:30:00,2023-09-10 13:20:00,2023-09-10 13:34:00,202309101320,2.228e-06,C2.2,GOES-16,1.347e-06,1.469e-03,1.661e-03,72.0,18.0,SVI,86.85722,13.103125,926.63995,207.86621,GOES-16_XRS,1,8120,0,3418
2023-09-10 21:38:00,2023-09-10 21:25:00,2023-09-10 21:46:00,202309102125,4.017e-06,C4.0,GOES-16,1.758e-06,2.890e-03,3.993e-03,,,,-31.561035,3.51376,-499.60934,-44.473,GOES-16_XRS,1,8160,0,3431
2023-09-10 22:26:00,2023-09-10 22:15:00,2023-09-10 22:42:00,202309102215,3.117e-06,C3.1,GOES-16,2.073e-06,2.416e-03,4.757e-03,16.0,16.0,HOL,47.960705,17.531086,676.7053,208.55177,GOES-16_XRS,1,8170,0,3423
2023-09-11 00:40:00,2023-09-11 00:22:00,2023-09-11 00:51:00,202309110022,3.672e-06,C3.6,GOES-16,1.442e-06,3.396e-03,4.886e-03,,,,60.50486,15.363265,801.37775,193.75903,GOES-16_XRS,1,8180,0,3421
2023-09-11 01:28:00,2023-09-11 01:08:00,2023-09-11 01:56:00,202309110108,1.388e-05,M1.3,GOES-16,1.664e-06,1.230e-02,2.923e-02,-62.0,8.0,LEA,-62.983185,10.861069,-835.2489,124.71979,GOES-16_XRS,1,8190,0,3429
2023-09-11 04:07:00,2023-09-11 03:58:00,2023-09-11 04:14:00,202309110358,1.194e-05,M1.1,GOES-16,2.153e-06,6.107e-03,8.352e-03,-59.0,-9.0,LEA,-48.07193,-3.0960126,-709.85876,-131.61917,GOES-16_XRS,1,8220,0,3431
2023-09-11 05:42:00,2023-09-11 05:34:00,2023-09-11 05:44:00,202309110534,7.189e-06,C7.1,GOES-18,2.711e-06,2.945e-03,3.191e-03,66.0,-23.0,LEA,-31.839996,-0.10986143,-504.53323,-104.30395,GOES-18_XRS,1,8250,0,3431
2023-09-11 06:01:00,2023-09-11 05:54:00,2023-09-11 06:03:00,202309110554,9.310e-06,C9.3,GOES-16,4.122e-06,3.625e-03,3.939e-03,-55.0,-4.0,SVI,-49.796295,-4.917654,-727.02124,-158.75612,GOES-16_XRS,1,8260,0,3431
2023-09-11 06:17:00,2023-09-11 06:10:00,2023-09-11 06:24:00,202309110610,6.821e-06,C6.8,GOES-16,4.486e-06,3.783e-03,5.491e-03,,,,-61.353424,-9.120162,-827.19275,-207.105,GOES-16_XRS,1,8270,0,3431
2023-09-11 10:37:00,2023-09-11 10:25:00,2023-09-11 10:47:00,202309111025,7.404e-06,C7.4,GOES-16,2.589e-06,4.668e-03,7.352e-03,,,,18.231441,16.213589,287.4527,154.97385,GOES-16_XRS,1,8390,0,3423
2023-09-11 11:27:00,2023-09-11 11:21:00,2023-09-11 11:35:00,202309111121,3.800e-06,C3.7,GOES-16,2.364e-06,1.991e-03,3.140e-03,-53.0,-4.0,SVI,,,-987.9589,-244.02046,GOES-16_XRS,1,8400,0,3431
2023-09-11 14:49:00,2023-09-11 14:38:00,2023-09-11 14:58:00,202309111438,1.126e-05,M1.1,GOES-16,1.838e-06,5.527e-03,8.665e-03,-50.0,-4.0,SVI,-51.889923,-5.5879807,-748.1442,-166.29001,GOES-16_XRS,1,8510,0,3431
2023-09-11 17:35:00,2023-09-11 17:16:00,2023-09-11 17:45:00,202309111716,5.599e-06,C5.5,GOES-16,1.951e-06,5.575e-03,7.561e-03,-9.0,21.0,HOL,-32.269287,5.594879,-508.2502,-8.988246,GOES-16_XRS,1,8550,0,3425
2023-09-11 21:14:00,2023-09-11 21:07:00,2023-09-11 21:23:00,202309112107,8.209e-06,C8.2,GOES-16,2.029e-06,3.328e-03,5.626e-03,,,,-4.084137,21.440022,-63.448086,235.01483,GOES-16_XRS,1,8620,0,3425
2023-09-12 01:28:00,2023-09-12 01:21:00,2023-09-12 01:37:00,202309120121,3.776e-06,C3.7,GOES-16,2.681e-06,2.218e-03,3.610e-03,,,,-15.030518,8.834429,-245.27042,30.675848,GOES-16_XRS,1,8680,0,
2023-09-12 02:15:00,2023-09-12 02:08:00,2023-09-12 02:22:00,202309120208,3.862e-06,C3.8,GOES-16,2.613e-06,2.125e-03,3.114e-03,,,,,,1075.4625,385.08316,GOES-16_XRS,1,8700,0,
2023-09-12 04:26:00,2023-09-12 04:18:00,,202309120418,1.918e-05,M1.9,GOES-18,2.764e-06,7.444e-03,,-3.0,22.0,LEA,-1.2791138,22.76146,-19.702341,256.13867,GOES-18_XRS,1,8730,0,3425
2023-09-12 04:42:00,2023-09-12 04:31:00,2023-09-12 04:46:00,202309120431,1.858e-05,M1.8,GOES-18,1.631e-05,1.580e-02,1.786e-02,,,,-0.8674927,22.501677,-13.387873,251.94304,GOES-18_XRS,2,9110,0,
2023-09-12 05:43:00,2023-09-12 05:36:00,2023-09-12 05:49:00,202309120536,4.536e-06,C4.5,GOES-16,2.332e-06,2.401e-03,3.205e-03,-45.0,-6.0,SVI,-48.48636,-7.035936,-710.2433,-195.37108,GOES-16_XRS,1,8750,0,3431
2023-09-12 07:07:00,2023-09-12 06:47:00,2023-09-12 07:18:00,202309120647,2.576e-05,M2.5,GOES-16,2.110e-06,1.993e-02,2.950e-02,31.0,17.0,SVI,31.927612,16.790047,484.34656,176.16838,GOES-16_XRS,1,8760,0,3423
2023-09-12 08:06:00,2023-09-12 07:58:00,2023-09-12 08:19:00,202309120758,7.336e-06,C7.3,GOES-16,2.345e-06,3.526e-03,7.097e-03,,,,74.96615,18.087658,875.9712,264.22815,GOES-16_XRS,1,8800,0,
2023-09-12 11:12:00,2023-09-12 11:06:00,2023-09-12 11:16:00,202309121106,3.689e-06,C3.6,GOES-16,1.441e-06,1.418e-03,1.720e-03,1.0,24.0,SVI,2.2487864,23.684734,34.39537,271.06845,GOES-16_XRS,1,8860,0,3425
2023-09-12 11:37:00,2023-09-12 11:32:00,2023-09-12 11:41:00,202309121132,3.147e-06,C3.1,GOES-16,2.323e-06,1.518e-03,1.826e-03,34.0,17.0,SVI,41.420334,13.704826,614.6426,136.96681,GOES-16_XRS,1,8870,0,3423
2023-09-12 15:24:00,2023-09-12 15:07:00,2023-09-12 15:34:00,202309121507,4.752e-06,C4.7,GOES-16,1.328e-06,3.752e-03,5.405e-03,6.0,23.0,SVI,5.1019645,19.632915,80.182205,205.93376,GOES-16_XRS,1,8920,0,3425
2023-09-12 16:11:00,2023-09-12 15:58:00,2023-09-12 16:25:00,202309121558,2.968e-06,C2.9,GOES-16,1.622e-06,2.585e-03,4.402e-03,,,,,,1032.5349,348.54294,GOES-16_XRS,1,8930,0,
2023-09-12 19:38:00,2023-09-12 19:31:00,2023-09-12 19:43:00,202309121931,1.629e-06,C1.6,GOES-16,1.023e-06,8.668e-04,1.101e-03,,,,,,918.2183,-391.88797,GOES-16_XRS,1,8940,0,
2023-09-12 20:09:00,2023-09-12 19:45:00,2023-09-12 20:16:00,202309121945,4.645e-06,C4.6,GOES-16,1.260e-06,5.496e-03,6.462e-03,,,,-34.73697,11.73544,-533.73456,96.07258,GOES-16_XRS,1,8970,0,3429
2023-09-12 22:00:00,2023-09-12 21:50:00,2023-09-12 22:06:00,202309122150,5.692e-06,C5.6,GOES-16,1.016e-06,3.024e-03,3.833e-03,,,,41.6191,16.5079,609.011,183.24492,GOES-16_XRS,1,8980,0,3423
2023-09-13 08:10:00,2023-09-13 08:04:00,2023-09-13 08:16:00,202309130804,5.535e-06,C5.5,GOES-16,1.390e-06,2.119e-03,2.925e-03,46.0,17.0,SVI,42.499123,14.8306465,624.6225,157.04814,GOES-16_XRS,1,9020,0,3423
2023-09-13 15:02:00,2023-09-13 14:55:00,,202309131455,1.935e-06,C1.9,GOES-16,9.060e-07,9.526e-04,,,,,-24.077179,10.6516905,-383.81027,67.44453,GOES-16_XRS,1,9100,0,3429
2023-09-13 15:17:00,2023-09-13 15:08:00,2023-09-13 15:20:00,202309131508,1.829e-06,C1.8,GOES-16,1.743e-06,1.393e-03,1.497e-03,,,,-15.664276,8.75308,-255.51591,29.884287,GOES-16_XRS,2,9120,0,3429
2023-09-13 16:41:00,2023-09-13 16:36:00,2023-09-13 16:43:00,202309131636,1.264e-06,C1.2,GOES-16,8.815e-07,5.536e-04,6.108e-04,,,,46.53339,21.364992,646.3407,268.51724,GOES-16_XRS,1,9140,0,3423
2023-09-13 18:04:00,2023-09-13 17:55:00,2023-09-13 18:09:00,202309131755,1.323e-06,C1.3,GOES-16,8.995e-07,8.851e-04,1.081e-03,,,,43.661125,15.953071,634.91034,177.0886,GOES-16_XRS,1,9150,0,3423
2023-09-14 06:00:00,2023-09-14 05:48:00,2023-09-14 06:10:00,202309140548,1.563e-06,C1.5,GOES-16,9.120e-07,1.225e-03,1.850e-03,,,,-18.89264,9.44175,-305.86237,43.471684,GOES-16_XRS,1,9160,0,3429
2023-09-14 07:45:00,2023-09-14 06:40:00,2023-09-14 08:38:00,202309140640,1.442e-05,M1.4,GOES-16,1.065e-06,3.101e-02,6.465e-02,,,,36.755096,22.781448,527.9197,278.71536,GOES-16_XRS,1,9170,0,3429
2023-09-14 15:31:00,2023-09-14 15:17:00,2023-09-14 15:40:00,202309141517,4.700e-06,C4.6,GOES-16,1.453e-06,3.327e-03,4.813e-03,,,,-11.137268,11.420597,-181.35208,72.4078,GOES-16_XRS,1,9190,0,3429
2023-09-14 18:45:00,2023-09-14 18:40:00,2023-09-14 18:49:00,202309141840,2.941e-06,C2.9,GOES-16,1.977e-06,1.344e-03,1.633e-03,35.0,24.0,HOL,39.266308,26.996958,539.59906,347.97714,GOES-16_XRS,1,9230,0,3425
2023-09-14 19:13:00,2023-09-14 19:08:00,2023-09-14 19:16:00,202309141908,2.058e-06,C2.0,GOES-16,1.457e-06,9.444e-04,1.044e-03,,,,-9.099915,13.143567,-147.5278,100.38735,GOES-16_XRS,1,9240,0,3429
2023-09-14 19:31:00,2023-09-14 19:23:00,2023-09-14 19:39:00,202309141923,1.984e-05,M1.9,GOES-16,1.451e-06,6.267e-03,1.064e-02,-9.0,12.0,HOL,-10.061737,9.649038,-164.9863,42.481823,GOES-16_XRS,1,9250,0,3429
2023-09-14 21:26:00,2023-09-14 21:17:00,2023-09-14 21:31:00,202309142117,2.502e-05,M2.5,GOES-16,1.594e-06,1.126e-02,1.343e-02,-8.0,12.0,HOL,-7.847748,10.066526,-128.78506,48.757824,GOES-16_XRS,1,9260,0,3429
2023-09-15 00:46:00,2023-09-15 00:40:00,,202309150040,7.461e-06,C7.4,GOES-16,1.390e-06,2.241e-03,,,,,-5.765442,10.737215,-94.5518,59.474407,GOES-16_XRS,1,9290,0,3429
2023-09-15 00:57:00,2023-09-15 00:50:00,2023-09-15 01:01:00,202309150050,6.941e-06,C6.9,GOES-16,5.318e-06,4.270e-03,4.988e-03,,,,-3.361084,11.274639,-55.08241,68.04817,GOES-16_XRS,2,9300,0,3429
2023-09-15 02:50:00,2023-09-15 02:40:00,,202309150240,2.386e-06,C2.3,GOES-16,1.724e-06,1.800e-03,,,,,-5.084076,11.080942,-83.31473,65.096176,GOES-16_XRS,1,9380,0,3429
2023-09-15 03:09:00,2023-09-15 02:55:00,2023-09-15 03:16:00,202309150255,7.489e-06,C7.4,GOES-16,2.305e-06,5.238e-03,6.825e-03,,,,-4.8301086,10.13905,-79.40797,49.334404,GOES-16_XRS,2,9320,0,3429
2023-09-15 06:04:00,2023-09-15 05:50:00,2023-09-15 06:10:00,202309150550,7.008e-06,C7.0,GOES-16,1.296e-06,3.965e-03,5.002e-03,,,,-2.3153076,11.266618,-37.958717,67.857765,GOES-16_XRS,1,9370,0,3429
2023-09-15 08:59:00,2023-09-15 08:52:00,2023-09-15 09:04:00,202309150852,1.960e-06,C1.9,GOES-16,1.133e-06,1.020e-03,1.300e-03,-3.0,14.0,SVI,3.3398123,14.241208,54.099865,117.48805,GOES-16_XRS,1,9430,0,3429
2023-09-15 10:17:00,2023-09-15 10:09:00,,202309151009,2.221e-06,C2.2,GOES-16,1.208e-06,1.255e-03,,0.0,11.0,SVI,0.7836507,7.0953727,13.003817,-1.8809346,GOES-16_XRS,1,9470,0,3429
2023-09-15 10:35:00,2023-09-15 10:25:00,2023-09-15 10:40:00,202309151025,1.971e-06,C1.9,GOES-16,1.833e-06,1.612e-03,1.951e-03,,,,34.541733,9.052268,536.0674,51.717796,GOES-16_XRS,2,,0,
2023-09-15 13:17:00,2023-09-15 13:09:00,2023-09-15 13:21:00,202309151309,2.131e-06,C2.1,GOES-16,1.036e-06,1.069e-03,1.248e-03,2.0,11.0,SVI,-1.6323242,11.635263,-26.73222,74.030014,GOES-16_XRS,1,9490,0,3429
2023-09-15 22:29:00,2023-09-15 22:19:00,2023-09-15 22:33:00,202309152219,1.728e-05,M1.7,GOES-16,1.189e-06,5.180e-03,6.142e-03,8.0,12.0,HOL,7.029899,9.984463,115.4979,47.4155,GOES-16_XRS,1,9560,0,3429
2023-09-15 23:42:00,2023-09-15 23:35:00,2023-09-15 23:46:00,202309152335,2.052e-06,C2.0,GOES-16,1.449e-06,1.152e-03,1.357e-03,,,,-7.6237183,14.054323,-123.31609,115.376114,GOES-16_XRS,1,9570,0,3429
2023-09-16 00:50:00,2023-09-16 00:38:00,2023-09-16 00:56:00,202309160038,2.923e-05,M2.9,GOES-16,1.607e-06,1.120e-02,1.516e-02,9.0,11.0,LEA,8.324005,9.959138,136.63377,47.373837,GOES-16_XRS,1,9590,0,3429
2023-09-16 03:31:00,2023-09-16 03:23:00,2023-09-16 03:36:00,202309160323,1.492e-06,C1.4,GOES-16,1.061e-06,9.272e-04,1.154e-03,,,,11.041933,14.289063,177.84386,120.43581,GOES-16_XRS,1,9600,0,3429
2023-09-16 05:24:00,2023-09-16 05:09:00,,202309160509,5.080e-06,C5.0,GOES-18,1.160e-06,3.630e-03,,,,,-78.35687,11.91727,-915.0699,172.00394,GOES-18_XRS,1,9630,0,
2023-09-16 05:38:00,2023-09-16 05:30:00,2023-09-16 05:50:00,202309160530,3.391e-05,M3.3,GOES-18,4.205e-06,1.811e-02,3.190e-02,11.0,11.0,LEA,9.089464,11.622303,148.28004,75.41672,GOES-18_XRS,2,9610,0,3429
2023-09-16 07:11:00,2023-09-16 07:06:00,2023-09-16 07:15:00,202309160706,2.132e-06,C2.1,GOES-16,1.550e-06,9.867e-04,1.195e-03,10.0,12.0,SVI,10.793204,11.788573,175.66383,78.80697,GOES-16_XRS,1,9640,0,3429
2023-09-16 07:40:00,2023-09-16 07:36:00,2023-09-16 07:42:00,202309160736,2.638e-06,C2.6,GOES-16,1.604e-06,9.924e-04,1.093e-03,,,,14.087878,11.678468,228.41043,78.42914,GOES-16_XRS,1,9650,0,3429
2023-09-16 12:05:00,2023-09-16 11:56:00,2023-09-16 12:12:00,202309161156,2.109e-06,C2.1,GOES-16,1.414e-06,1.371e-03,1.907e-03,,,,12.629373,10.700924,205.88077,61.490635,GOES-16_XRS,1,9730,0,3429
2023-09-16 13:19:00,2023-09-16 13:13:00,2023-09-16 13:32:00,202309161313,1.936e-06,C1.9,GOES-16,1.419e-06,1.064e-03,2.449e-03,,,,18.330442,9.204625,297.46893,39.660385,GOES-16_XRS,1,9750,0,3429
2023-09-17 16:04:00,2023-09-17 15:55:00,2023-09-17 16:09:00,202309171555,3.571e-06,C3.5,GOES-16,1.242e-06,1.649e-03,2.065e-03,,,,-69.72516,8.899256,-885.84076,105.85027,GOES-16_XRS,1,9940,0,3435
2023-09-18 01:04:00,2023-09-18 00:56:00,2023-09-18 01:08:00,202309180056,1.568e-06,C1.5,GOES-16,1.064e-06,9.415e-04,1.093e-03,,,,31.857313,3.6881368,504.6628,-40.156742,GOES-16_XRS,1,20,0,3430
2023-09-18 09:35:00,2023-09-18 09:27:00,2023-09-18 09:42:00,202309180927,1.659e-06,C1.6,GOES-16,1.094e-06,1.000e-03,1.421e-03,,,,59.275806,17.999384,782.2215,235.40436,GOES-16_XRS,1,40,0,3425
2023-09-18 10:41:00,2023-09-18 10:31:00,2023-09-18 10:48:00,202309181031,2.683e-06,C2.6,GOES-16,1.290e-06,1.724e-03,2.345e-03,,,,-71.808685,7.8992743,-899.5134,93.51398,GOES-16_XRS,1,50,0,3435
2023-09-18 12:59:00,2023-09-18 12:51:00,,202309181251,1.452e-06,C1.4,GOES-16,1.016e-06,8.923e-04,,,,,38.57595,18.976593,564.8581,220.85109,GOES-16_XRS,1,70,0,3429
2023-09-18 13:38:00,2023-09-18 13:20:00,2023-09-18 13:58:00,202309181320,1.534e-06,C1.5,GOES-16,1.244e-06,1.842e-03,3.415e-03,,,,65.44746,24.684202,790.4293,351.31406,GOES-16_XRS,2,200,0,
2023-09-18 14:52:00,2023-09-18 14:44:00,2023-09-18 15:00:00,202309181444,2.369e-06,C2.3,GOES-16,1.623e-06,1.458e-03,2.220e-03,,,,-68.46405,11.827748,-870.571,151.678,GOES-16_XRS,1,80,0,3435
2023-09-18 15:54:00,2023-09-18 15:42:00,2023-09-18 16:09:00,202309181542,1.829e-06,C1.8,GOES-16,1.249e-06,1.552e-03,2.838e-03,,,,26.70537,20.314144,403.92538,230.14732,GOES-16_XRS,1,100,0,3436
2023-09-18 17:43:00,2023-09-18 17:35:00,2023-09-18 17:52:00,202309181735,2.021e-06,C2.0,GOES-16,1.142e-06,1.126e-03,1.807e-03,33.0,20.0,HOL,34.41297,21.144999,505.03793,251.14836,GOES-16_XRS,1,120,0,3436
2023-09-18 18:20:00,2023-09-18 18:10:00,,202309181810,1.899e-06,C1.8,GOES-16,1.227e-06,1.398e-03,,,,,38.95259,17.64905,573.9183,199.80315,GOES-16_XRS,1,150,0,3436
2023-09-18 18:32:00,2023-09-18 18:27:00,2023-09-18 18:35:00,202309181827,1.974e-06,C1.9,GOES-16,1.720e-06,1.018e-03,1.123e-03,,,,38.56247,23.1756,548.96277,288.33795,GOES-16_XRS,2,220,0,3436
2023-09-18 19:46:00,2023-09-18 19:35:00,2023-09-18 19:53:00,202309181935,2.474e-06,C2.4,GOES-16,1.354e-06,1.790e-03,2.369e-03,36.0,19.0,HOL,33.154964,15.030774,506.15744,150.13756,GOES-16_XRS,1,170,0,3436
2023-09-18 20:35:00,2023-09-18 20:22:00,2023-09-18 20:48:00,202309182022,3.877e-06,C3.8,GOES-16,1.480e-06,2.930e-03,4.962e-03,36.0,19.0,HOL,-42.04486,12.7841625,-625.61066,123.969444,GOES-16_XRS,1,210,0,3436
2023-09-18 22:06:00,2023-09-18 21:59:00,2023-09-18 22:12:00,202309182159,3.396e-06,C3.3,GOES-16,1.473e-06,1.680e-03,2.258e-03,,,,35.066555,19.321613,519.49744,222.47188,GOES-16_XRS,1,260,0,3436
2023-09-18 23:25:00,2023-09-18 23:20:00,2023-09-18 23:28:00,202309182320,4.941e-06,C4.9,GOES-16,2.002e-06,1.832e-03,1.996e-03,,,,36.617474,18.69141,541.3599,214.03062,GOES-16_XRS,1,270,0,3436
2023-09-19 00:41:00,2023-09-19 00:31:00,2023-09-19 00:44:00,202309190031,2.145e-06,C2.1,GOES-16,1.176e-06,1.404e-03,1.492e-03,16.0,-17.0,LEA,31.668121,13.725901,488.7905,127.062416,GOES-16_XRS,1,280,0,3437
2023-09-19 01:53:00,2023-09-19 01:43:00,2023-09-19 01:56:00,202309190143,2.884e-06,C2.8,GOES-16,1.119e-06,1.447e-03,1.548e-03,39.0,21.0,LEA,33.891415,20.362236,500.95667,238.08215,GOES-16_XRS,1,290,0,3436
2023-09-19 02:43:00,2023-09-19 02:28:00,,202309190228,3.970e-06,C3.9,GOES-16,1.634e-06,3.310e-03,,,,,47.60363,19.230099,667.75183,237.13432,GOES-16_XRS,1,300,0,3436
2023-09-19 03:08:00,2023-09-19 03:01:00,2023-09-19 03:11:00,202309190301,3.521e-06,C3.5,GOES-16,3.280e-06,2.240e-03,2.441e-03,,,,57.483738,15.436204,777.9359,191.08904,GOES-16_XRS,2,320,0,3429
2023-09-19 03:55:00,2023-09-19 03:45:00,2023-09-19 04:00:00,202309190345,1.148e-05,M1.1,GOES-16,2.228e-06,5.416e-03,6.628e-03,-54.0,7.0,LEA,-48.90448,8.86241,-713.0515,69.045425,GOES-16_XRS,1,310,0,3435
2023-09-19 09:38:00,2023-09-19 09:23:00,2023-09-19 09:43:00,202309190923,1.892e-05,M1.8,GOES-16,1.727e-06,9.493e-03,1.109e-02,,,,-50.506927,7.4630833,-732.7018,48.375885,GOES-16_XRS,1,330,0,3435
2023-09-19 10:50:00,2023-09-19 10:25:00,2023-09-19 11:06:00,202309191025,5.085e-06,C5.0,GOES-16,1.612e-06,5.977e-03,9.220e-03,,,,44.399723,18.288397,636.35254,217.52141,GOES-16_XRS,1,340,0,3436
2023-09-19 13:17:00,2023-09-19 13:08:00,2023-09-19 13:23:00,202309191308,3.130e-06,C3.1,GOES-16,1.926e-06,1.920e-03,2.532e-03,,,,6.7989793,1.0751923,113.53117,-100.416985,GOES-16_XRS,1,350,0,3435
2023-09-19 15:52:00,2023-09-19 15:39:00,2023-09-19 16:07:00,202309191539,4.272e-06,C4.2,GOES-16,1.467e-06,2.933e-03,5.486e-03,,,,42.262474,20.321678,604.2088,247.58812,GOES-16_XRS,1,360,0,3436
2023-09-19 17:25:00,2023-09-19 17:16:00,2023-09-19 17:42:00,202309191716,2.780e-06,C2.7,GOES-16,1.285e-06,1.628e-03,3.663e-03,,,,-24.134857,2.7798421,-391.60275,-62.357,GOES-16_XRS,1,370,0,3438
2023-09-19 20:14:00,2023-09-19 20:01:00,2023-09-19 20:20:00,202309192001,4.091e-05,M4.0,GOES-16,1.329e-06,1.941e-02,2.403e-02,,,,-45.18094,6.763741,-674.80994,28.742971,GOES-16_XRS,1,380,0,3435
2023-09-19 21:09:00,2023-09-19 20:59:00,2023-09-19 21:14:00,202309192059,2.784e-06,C2.7,GOES-16,1.607e-06,1.921e-03,2.317e-03,,,,,,972.01874,288.25018,GOES-16_XRS,1,390,0,3436
2023-09-19 21:47:00,2023-09-19 21:42:00,2023-09-19 21:50:00,202309192142,2.042e-06,C2.0,GOES-16,1.446e-06,9.359e-04,1.032e-03,,,,,,928.4908,229.23856,GOES-16_XRS,1,400,0,3436
2023-09-19 22:37:00,2023-09-19 22:21:00,2023-09-19 22:46:00,202309192221,9.798e-06,C9.7,GOES-16,1.192e-06,5.987e-03,8.769e-03,,,,-41.66864,8.768976,-629.59155,57.192234,GOES-16_XRS,1,410,0,3435
2023-09-20 04:37:00,2023-09-20 04:27:00,2023-09-20 04:45:00,202309200427,3.064e-06,C3.0,GOES-18,1.140e-06,1.761e-03,2.590e-03,,,,-53.599762,-5.7547245,-766.78534,-165.34113,GOES-18_XRS,1,460,0,
2023-09-20 06:52:00,2023-09-20 06:38:00,2023-09-20 07:07:00,202309200638,2.301e-06,C2.3,GOES-16,1.437e-06,2.134e-03,3.735e-03,,,,41.736843,17.204277,609.3857,196.60689,GOES-16_XRS,1,490,0,3429
2023-09-20 08:54:00,2023-09-20 08:43:00,,202309200843,3.118e-06,C3.1,GOES-16,1.927e-06,2.383e-03,,,,,8.271874,-10.50003,135.68689,-289.07,GOES-16_XRS,1,,0,
2023-09-20 09:10:00,2023-09-20 09:03:00,2023-09-20 09:14:00,202309200903,3.155e-06,C3.1,GOES-16,2.782e-06,1.984e-03,2.328e-03,,,,-3.6810608,-1.6725677,-61.56804,-146.33511,GOES-16_XRS,2,520,0,3437
2023-09-20 12:12:00,2023-09-20 12:09:00,2023-09-20 12:16:00,202309201209,3.414e-06,C3.4,GOES-16,9.623e-07,1.018e-03,1.213e-03,,,,-27.25467,9.512775,-433.12332,53.15827,GOES-16_XRS,1,540,0,3438
2023-09-20 14:19:00,2023-09-20 14:11:00,2023-09-20 14:24:00,202309201411,8.231e-05,M8.2,GOES-16,1.024e-06,2.840e-02,3.562e-02,,,,-36.209564,6.4652863,-562.70807,11.974552,GOES-16_XRS,1,560,0,3435
2023-09-20 18:02:00,2023-09-20 17:34:00,2023-09-20 18:23:00,202309201734,4.208e-06,C4.2,GOES-16,1.087e-06,4.762e-03,8.564e-03,-67.0,-10.0,HOL,-57.882416,-3.882151,-809.0064,-127.15109,GOES-16_XRS,1,590,0,3442
2023-09-20 18:40:00,2023-09-20 18:36:00,2023-09-20 18:42:00,202309201836,5.564e-06,C5.5,GOES-16,1.864e-06,1.679e-03,1.834e-03,,,,-23.062439,9.525339,-370.5673,49.838356,GOES-16_XRS,1,600,0,3438
2023-09-20 20:38:00,2023-09-20 20:29:00,2023-09-20 20:43:00,202309202029,1.359e-06,C1.3,GOES-16,8.199e-07,8.435e-04,1.038e-03,,,,-77.230896,26.217176,-836.64465,395.74493,GOES-16_XRS,1,620,0,
2023-09-20 21:38:00,2023-09-20 21:27:00,2023-09-20 21:47:00,202309202127,4.745e-06,C4.7,GOES-16,9.867e-07,2.194e-03,3.535e-03,,,,-60.133026,-10.244191,-816.8262,-226.92657,GOES-16_XRS,1,640,0,3442
2023-09-20 23:21:00,2023-09-20 23:17:00,2023-09-20 23:23:00,202309202317,2.395e-06,C2.3,GOES-16,1.444e-06,8.705e-04,9.553e-04,,,,-22.608398,12.638629,-359.8275,101.45172,GOES-16_XRS,1,650,0,3438
2023-09-21 01:43:00,2023-09-21 01:32:00,2023-09-21 02:05:00,202309210132,2.259e-06,C2.2,GOES-16,9.670e-07,1.585e-03,3.807e-03,,,,-72.54709,-14.6298485,-882.7091,-273.98325,GOES-16_XRS,1,690,0,3442
2023-09-21 05:57:00,2023-09-21 05:51:00,2023-09-21 06:04:00,202309210551,1.675e-06,C1.6,GOES-16,1.124e-06,8.732e-04,1.301e-03,,,,-17.254059,5.3067613,-283.3686,-24.621552,GOES-16_XRS,1,720,0,3438
2023-09-21 09:32:00,2023-09-21 09:24:00,,202309210924,2.109e-06,C2.1,GOES-16,1.208e-06,1.221e-03,,,,,20.475288,27.713425,297.03445,344.45905,GOES-16_XRS,1,,0,
2023-09-21 09:46:00,2023-09-21 09:38:00,2023-09-21 09:51:00,202309210938,2.165e-06,C2.1,GOES-16,1.781e-06,1.396e-03,1.742e-03,18.0,28.0,LEA,13.848129,26.48477,205.5212,321.65085,GOES-16_XRS,2,750,0,3443
2023-09-21 10:20:00,2023-09-21 10:09:00,2023-09-21 10:25:00,202309211009,2.539e-06,C2.5,GOES-16,1.416e-06,1.747e-03,2.091e-03,,,,-1.9934998,14.24538,-32.357132,119.61347,GOES-16_XRS,1,760,0,3435
2023-09-21 12:54:00,2023-09-21 12:42:00,2023-09-21 13:01:00,202309211242,8.722e-05,M8.7,GOES-16,1.687e-06,3.222e-02,4.646e-02,,,,-23.470428,6.607678,-379.56226,1.7035222,GOES-16_XRS,1,770,0,3435
2023-09-21 14:53:00,2023-09-21 14:43:00,2023-09-21 15:04:00,202309211443,2.418e-06,C2.4,GOES-16,1.613e-06,1.785e-03,2.914e-03,,,,-16.90561,-0.5229318,-279.01984,-121.918495,GOES-16_XRS,1,780,0,3438
2023-09-21 16:07:00,2023-09-21 15:59:00,2023-09-21 16:14:00,202309211559,3.246e-06,C3.2,GOES-16,1.983e-06,1.878e-03,2.686e-03,,,,21.212872,17.821798,330.49347,186.39711,GOES-16_XRS,1,790,0,3443
2023-09-21 19:45:00,2023-09-21 19:33:00,,202309211933,2.591e-06,C2.5,GOES-16,1.425e-06,1.944e-03,,,,,59.820976,16.628576,793.2337,215.1091,GOES-16_XRS,1,,0,
2023-09-21 19:54:00,2023-09-21 19:47:00,2023-09-21 20:03:00,202309211947,2.849e-06,C2.8,GOES-16,2.546e-06,1.809e-03,2.963e-03,,,,25.489119,16.118538,396.62167,161.78407,GOES-16_XRS,2,,0,
2023-09-22 03:36:00,2023-09-22 02:25:00,,202309220225,1.201e-05,M1.2,GOES-16,2.510e-06,3.517e-02,,-17.0,15.0,LEA,-14.308258,15.88662,-228.12807,150.61884,GOES-16_XRS,1,920,0,3435
2023-09-22 07:00:00,2023-09-22 06:56:00,2023-09-22 07:03:00,202309220656,6.510e-06,C6.5,GOES-16,3.873e-06,2.433e-03,2.677e-03,-4.0,7.0,LEA,-7.8639526,9.709722,-129.45496,45.36316,GOES-16_XRS,1,970,0,3438
2023-09-22 08:41:00,2023-09-22 08:38:00,2023-09-22 08:45:00,202309220838,5.415e-06,C5.4,GOES-16,2.643e-06,1.797e-03,2.162e-03,34.0,28.0,SVI,30.878805,27.645624,436.0529,351.97882,GOES-16_XRS,1,1020,0,3443
2023-09-22 11:44:00,2023-09-22 11:26:00,2023-09-22 11:53:00,202309221126,7.368e-06,C7.3,GOES-16,2.455e-06,6.319e-03,8.599e-03,-9.0,7.0,SVI,-12.516083,4.639889,-207.34253,-37.753647,GOES-16_XRS,1,1110,0,3435
2023-09-22 16:23:00,2023-09-22 15:53:00,2023-09-22 16:45:00,202309221553,1.443e-05,M1.4,GOES-16,1.654e-06,1.382e-02,2.657e-02,,,,34.606827,27.992834,480.97363,361.12842,GOES-16_XRS,1,1320,0,3443
2023-09-22 17:15:00,2023-09-22 17:06:00,2023-09-22 17:19:00,202309221706,1.525e-05,M1.5,GOES-16,6.553e-06,8.341e-03,9.610e-03,,,,34.84839,27.19507,487.45117,349.02942,GOES-16_XRS,1,1330,0,3443
2023-09-22 19:29:00,2023-09-22 19:20:00,2023-09-22 19:32:00,202309221920,9.870e-06,C9.8,GOES-16,1.646e-06,3.010e-03,3.231e-03,,,,61.687958,-21.951574,781.75024,-406.88354,GOES-16_XRS,1,1340,0,3437
2023-09-22 20:31:00,2023-09-22 20:18:00,2023-09-22 20:36:00,202309222018,3.392e-06,C3.3,GOES-16,1.373e-06,2.323e-03,2.742e-03,,,,40.862667,26.349283,562.17487,342.61398,GOES-16_XRS,1,1350,0,3443
2023-09-22 21:23:00,2023-09-22 21:16:00,2023-09-22 21:29:00,202309222116,2.712e-06,C2.7,GOES-16,1.328e-06,1.297e-03,1.786e-03,,,,41.789856,24.644423,580.7983,317.07037,GOES-16_XRS,1,1370,0,3443
2023-09-22 23:00:00,2023-09-22 22:25:00,2023-09-22 23:12:00,202309222225,1.905e-05,M1.9,GOES-16,1.486e-06,1.810e-02,2.552e-02,,,,18.60391,18.304897,290.7158,193.21964,GOES-16_XRS,1,1400,0,3443
2023-09-22 23:54:00,2023-09-22 23:41:00,2023-09-23 00:11:00,202309222341,8.608e-06,C8.6,GOES-16,2.300e-06,5.056e-03,1.094e-02,,,,42.44631,27.613365,573.40814,364.15778,GOES-16_XRS,1,1410,0,3443
2023-09-23 03:03:00,2023-09-23 02:56:00,2023-09-23 03:08:00,202309230256,2.800e-06,C2.7,GOES-16,1.501e-06,1.345e-03,1.719e-03,,,,46.11583,28.530535,607.05396,382.85306,GOES-16_XRS,1,1450,0,3443
2023-09-23 04:21:00,2023-09-23 04:09:00,,202309230409,2.321e-06,C2.3,GOES-18,1.216e-06,1.756e-03,,,,,20.590496,16.252857,324.0833,160.8803,GOES-18_XRS,1,1470,0,3443
2023-09-23 04:39:00,2023-09-23 04:35:00,2023-09-23 04:43:00,202309230435,2.445e-06,C2.4,GOES-18,1.852e-06,1.057e-03,1.305e-03,,,,-6.529175,-4.8212514,-108.78396,-196.58447,GOES-18_XRS,2,1480,0,3445
2023-09-23 05:40:00,2023-09-23 05:27:00,2023-09-23 05:55:00,202309230527,3.660e-06,C3.6,GOES-18,1.361e-06,2.656e-03,5.157e-03,,,,35.11025,27.664965,488.62363,356.83875,GOES-18_XRS,1,1490,0,3443
2023-09-23 07:16:00,2023-09-23 07:00:00,2023-09-23 07:25:00,202309230700,3.811e-06,C3.8,GOES-16,1.500e-06,3.221e-03,4.426e-03,-32.0,-13.0,SVI,23.321054,12.357347,371.18945,98.38402,GOES-16_XRS,1,1500,0,3445
2023-09-23 09:13:00,2023-09-23 08:55:00,2023-09-23 09:25:00,202309230855,7.665e-06,C7.6,GOES-16,1.452e-06,5.504e-03,8.805e-03,-29.0,-12.0,SVI,-13.738007,-1.8583143,-227.88167,-145.05719,GOES-16_XRS,1,1530,0,3445
2023-09-23 10:12:00,2023-09-23 10:06:00,2023-09-23 10:19:00,202309231006,3.006e-06,C3.0,GOES-16,1.661e-06,1.394e-03,2.102e-03,49.0,28.0,SVI,43.60869,23.419792,606.93585,300.26648,GOES-16_XRS,1,1540,0,3443
2023-09-23 11:04:00,2023-09-23 11:00:00,2023-09-23 11:06:00,202309231100,2.761e-06,C2.7,GOES-16,1.488e-06,9.479e-04,1.041e-03,42.0,27.0,SVI,47.79983,26.95291,633.0735,360.9946,GOES-16_XRS,1,1570,0,3443
2023-09-23 11:34:00,2023-09-23 11:28:00,2023-09-23 11:37:00,202309231128,2.403e-06,C2.4,GOES-16,1.520e-06,1.158e-03,1.263e-03,,,,-30.083069,-14.9286375,-464.66434,-343.48996,GOES-16_XRS,1,1590,0,3445
2023-09-23 12:54:00,2023-09-23 12:40:00,2023-09-23 13:02:00,202309231240,3.451e-06,C3.4,GOES-16,1.672e-06,2.881e-03,3.867e-03,,,,-10.753296,-2.8862677,-178.91907,-163.28801,GOES-16_XRS,1,1640,0,3445
2023-09-23 13:14:00,2023-09-23 13:11:00,2023-09-23 13:20:00,202309231311,3.304e-06,C3.3,GOES-16,2.020e-06,1.133e-03,1.762e-03,,,,-30.230194,-15.954002,-464.4141,-359.25146,GOES-16_XRS,1,1650,0,3445
2023-09-23 13:45:00,2023-09-23 13:38:00,2023-09-23 13:52:00,202309231338,2.892e-06,C2.8,GOES-16,1.395e-06,1.339e-03,2.010e-03,,,,53.106705,27.634874,679.0838,378.84384,GOES-16_XRS,1,1660,0,3443
2023-09-23 15:00:00,2023-09-23 14:52:00,2023-09-23 15:07:00,202309231452,2.370e-06,C2.3,GOES-16,1.726e-06,1.500e-03,2.124e-03,,,,41.97819,35.080326,524.83624,475.5758,GOES-16_XRS,1,1680,0,3443
2023-09-23 15:18:00,2023-09-23 15:07:00,2023-09-23 15:26:00,202309231507,8.802e-06,C8.8,GOES-16,1.930e-06,5.084e-03,7.119e-03,,,,-28.206085,-19.069744,-428.559,-408.8451,GOES-16_XRS,1,1690,0,3445
2023-09-23 19:07:00,2023-09-23 18:57:00,2023-09-23 19:13:00,202309231857,2.603e-06,C2.6,GOES-16,1.265e-06,1.613e-03,2.084e-03,,,,-26.035583,-8.1187725,-417.04913,-238.89827,GOES-16_XRS,1,1700,0,3445
2023-09-23 19:38:00,2023-09-23 19:29:00,2023-09-23 19:45:00,202309231929,2.907e-06,C2.9,GOES-16,2.010e-06,1.947e-03,2.694e-03,,,,-8.647736,-6.2081695,-143.52959,-218.42155,GOES-16_XRS,1,1710,0,3445
2023-09-23 20:43:00,2023-09-23 20:14:00,2023-09-23 20:59:00,202309232014,1.577e-05,M1.5,GOES-16,2.068e-06,1.774e-02,2.729e-02,,,,,,938.6719,310.64383,GOES-16_XRS,1,1720,0,3436
2023-09-23 23:05:00,2023-09-23 23:00:00,2023-09-23 23:08:00,202309232300,2.629e-06,C2.6,GOES-18,1.695e-06,1.147e-03,1.264e-03,-22.0,-14.0,HOL,-26.337555,-20.942593,-397.55496,-438.47983,GOES-18_XRS,1,1760,0,3445
2023-09-24 01:25:00,2023-09-24 01:07:00,2023-09-24 01:41:00,202309240107,4.799e-06,C4.7,GOES-16,2.017e-06,4.655e-03,8.051e-03,-22.0,-12.0,LEA,-12.47229,-5.550327,-206.40714,-206.12938,GOES-16_XRS,1,1790,0,3445
2023-09-24 03:07:00,2023-09-24 02:51:00,,202309240251,1.215e-05,M1.2,GOES-16,2.074e-06,7.277e-03,,,,,-18.091187,-12.564186,-290.9676,-315.99478,GOES-16_XRS,1,,0,
2023-09-24 03:14:00,2023-09-24 03:09:00,,202309240309,1.911e-05,M1.9,GOES-16,1.125e-05,8.564e-03,,,,,-19.381805,-12.3363695,-311.2206,-311.5523,GOES-16_XRS,2,,0,
2023-09-24 03:28:00,2023-09-24 03:17:00,2023-09-24 03:35:00,202309240317,4.429e-05,M4.4,GOES-16,1.731e-05,2.980e-02,3.926e-02,-22.0,-12.0,LEA,-19.37616,-12.6431875,-310.76303,-316.40323,GOES-16_XRS,3,1820,0,3445
2023-09-24 06:17:00,2023-09-24 06:03:00,2023-09-24 06:39:00,202309240603,4.572e-06,C4.5,GOES-16,1.823e-06,3.671e-03,8.334e-03,-14.0,-17.0,SVI,-14.547638,-15.00623,-232.92322,-356.22186,GOES-16_XRS,1,1840,0,3445
2023-09-24 08:07:00,2023-09-24 08:00:00,2023-09-24 08:09:00,202309240800,2.273e-06,C2.2,GOES-16,1.576e-06,1.212e-03,1.310e-03,,,,31.720917,18.46714,478.6608,207.31697,GOES-16_XRS,1,1860,0,3443
2023-09-24 09:16:00,2023-09-24 09:07:00,2023-09-24 09:30:00,202309240907,2.687e-06,C2.6,GOES-16,1.438e-06,1.608e-03,3.229e-03,-18.0,-14.0,LEA,-17.129028,-6.3806405,-281.05585,-217.10852,GOES-16_XRS,1,1870,0,3445
2023-09-24 09:40:00,2023-09-24 09:33:00,2023-09-24 09:55:00,202309240933,6.910e-06,C6.9,GOES-16,1.821e-06,2.796e-03,6.723e-03,-14.0,-16.0,LEA,-16.29242,-13.514031,-261.88425,-331.92374,GOES-16_XRS,1,1880,0,3445
2023-09-24 10:12:00,2023-09-24 10:03:00,2023-09-24 10:15:00,202309241003,9.786e-06,C9.7,GOES-16,5.389e-06,5.758e-03,6.174e-03,,,,-16.266907,-14.213966,-260.6943,-342.89572,GOES-16_XRS,1,1890,0,3445
2023-09-24 10:24:00,2023-09-24 10:20:00,2023-09-24 10:27:00,202309241020,8.667e-06,C8.6,GOES-16,6.048e-06,3.601e-03,4.022e-03,,,,-17.765686,-13.8243265,-284.44983,-335.91254,GOES-16_XRS,1,1910,0,3445
2023-09-24 11:53:00,2023-09-24 11:45:00,,202309241145,2.834e-06,C2.8,GOES-16,1.996e-06,1.731e-03,,,,,-10.000732,-9.140537,-164.6528,-265.2077,GOES-16_XRS,1,1940,0,3445
2023-09-24 12:09:00,2023-09-24 11:57:00,2023-09-24 12:13:00,202309241157,4.308e-06,C4.3,GOES-16,2.594e-06,3.134e-03,3.496e-03,,,,-8.43457,-10.776838,-138.37363,-291.9419,GOES-16_XRS,2,2020,0,3445
2023-09-24 15:00:00,2023-09-24 14:51:00,2023-09-24 15:04:00,202309241451,1.013e-05,M1.0,GOES-16,1.724e-06,4.324e-03,4.951e-03,,,,53.72674,24.96785,700.70496,339.05045,GOES-16_XRS,1,1960,0,3443
2023-09-24 16:17:00,2023-09-24 16:12:00,2023-09-24 16:22:00,202309241612,3.006e-06,C3.0,GOES-16,1.681e-06,1.330e-03,1.737e-03,,,,-13.114197,-12.020844,-213.09816,-309.88156,GOES-16_XRS,1,2030,0,3445
2023-09-24 17:19:00,2023-09-24 17:10:00,,202309241710,3.471e-06,C3.4,GOES-16,1.572e-06,1.811e-03,,-8.0,-15.0,HOL,26.278498,9.65448,419.08,56.502235,GOES-16_XRS,1,2040,0,3445
2023-09-24 17:36:00,2023-09-24 17:24:00,2023-09-24 17:39:00,202309241724,3.150e-06,C3.1,GOES-16,2.939e-06,2.930e-03,3.108e-03,,,,6.2278595,-4.8778653,103.821365,-196.8818,GOES-16_XRS,2,2050,0,3445
2023-09-24 20:04:00,2023-09-24 19:57:00,2023-09-24 20:07:00,202309241957,3.551e-06,C3.5,GOES-16,2.404e-06,1.917e-03,2.082e-03,,,,18.15919,8.6984215,295.8858,34.40789,GOES-16_XRS,1,2080,0,3435
2023-09-24 20:24:00,2023-09-24 20:10:00,2023-09-24 20:32:00,202309242010,6.647e-06,C6.6,GOES-16,2.613e-06,5.493e-03,7.224e-03,,,,-6.924988,-14.1445465,-112.276436,-345.40308,GOES-16_XRS,1,2090,0,3445
2023-09-24 20:58:00,2023-09-24 20:53:00,2023-09-24 21:03:00,202309242053,3.754e-06,C3.7,GOES-16,2.664e-06,1.760e-03,2.323e-03,,,,-5.9625244,-17.299055,-95.23714,-394.34836,GOES-16_XRS,1,2110,0,3445
2023-09-24 22:22:00,2023-09-24 22:14:00,,202309242214,5.256e-06,C5.2,GOES-16,3.412e-06,3.116e-03,,,,,-10.470612,-11.558204,-170.99199,-303.52362,GOES-16_XRS,1,2120,0,3445
2023-09-24 22:31:00,2023-09-24 22:25:00,2023-09-24 22:34:00,202309242225,6.007e-06,C6.0,GOES-16,5.033e-06,3.357e-03,3.661e-03,,,,-7.5918884,-9.891176,-125.005905,-277.82187,GOES-16_XRS,2,2140,0,3445
2023-09-25 03:50:00,2023-09-25 03:46:00,2023-09-25 03:53:00,202309250346,3.437e-06,C3.4,GOES-16,2.408e-06,1.408e-03,1.572e-03,,,,48.518692,21.287361,669.585,273.73676,GOES-16_XRS,1,2200,0,3443
2023-09-25 14:37:00,2023-09-25 14:30:00,2023-09-25 14:40:00,202309251430,2.587e-06,C2.5,GOES-16,1.826e-06,1.436e-03,1.562e-03,,,,-51.526733,16.80567,-718.88385,206.0345,GOES-16_XRS,1,2370,0,3448
2023-09-25 19:01:00,2023-09-25 18:56:00,2023-09-25 19:08:00,202309251856,4.314e-06,C4.3,GOES-16,1.656e-06,1.776e-03,2.725e-03,,,,2.9944139,-16.327852,48.15429,-379.54288,GOES-16_XRS,1,2410,0,3445
2023-09-25 21:04:00,2023-09-25 20:49:00,2023-09-25 21:24:00,202309252049,2.827e-06,C2.8,GOES-16,1.515e-06,2.550e-03,5.058e-03,,,,4.6088,-16.340866,74.0659,-379.49463,GOES-16_XRS,1,2470,0,
2023-09-25 22:23:00,2023-09-25 22:08:00,,202309252208,3.090e-06,C3.0,GOES-16,1.773e-06,2.939e-03,,,,,1.9550312,-12.66658,31.976797,-322.4823,GOES-16_XRS,1,2480,0,
2023-09-25 22:31:00,2023-09-25 22:27:00,2023-09-25 22:33:00,202309252227,3.332e-06,C3.3,GOES-16,3.080e-06,1.522e-03,1.696e-03,,,,8.830871,-7.9347425,146.08253,-245.44629,GOES-16_XRS,2,2500,0,
2023-09-26 00:04:00,2023-09-25 23:58:00,2023-09-26 00:08:00,202309252358,2.678e-06,C2.6,GOES-16,1.668e-06,1.327e-03,1.568e-03,,,,4.0860524,-2.120833,68.42283,-151.17572,GOES-16_XRS,1,2490,0,
2023-09-26 04:28:00,2023-09-26 04:22:00,2023-09-26 04:40:00,202309260422,5.740e-06,C5.7,GOES-18,1.577e-06,2.320e-03,4.802e-03,11.0,-18.0,LEA,6.1070366,-17.033327,97.71418,-389.71365,GOES-18_XRS,1,2530,0,3445
2023-09-26 09:33:00,2023-09-26 09:22:00,,202309260922,2.435e-06,C2.4,GOES-16,1.263e-06,1.862e-03,,,,,,,-937.3415,-316.9369,GOES-16_XRS,1,,0,
2023-09-26 09:41:00,2023-09-26 09:37:00,2023-09-26 09:44:00,202309260937,2.547e-06,C2.5,GOES-16,2.412e-06,1.195e-03,1.340e-03,,,,,,-923.5184,-347.3301,GOES-16_XRS,2,2600,0,
2023-09-26 14:16:00,2023-09-26 13:56:00,2023-09-26 14:19:00,202309261356,4.326e-06,C4.3,GOES-16,1.286e-06,3.496e-03,3.651e-03,13.0,-17.0,HOL,31.459497,-7.383622,497.0512,-220.49908,GOES-16_XRS,1,2650,0,3445
2023-09-26 16:18:00,2023-09-26 16:15:00,,202309261615,4.332e-06,C4.3,GOES-16,1.335e-06,1.295e-03,,,,,17.365381,-14.247075,277.90738,-341.83496,GOES-16_XRS,1,2680,0,3445
2023-09-26 16:29:00,2023-09-26 16:23:00,2023-09-26 16:34:00,202309261623,3.282e-06,C3.2,GOES-16,2.997e-06,1.915e-03,2.472e-03,,,,19.14299,-16.377386,302.21622,-373.82416,GOES-16_XRS,2,2700,0,3445
2023-09-26 23:30:00,2023-09-26 23:18:00,2023-09-26 23:36:00,202309262318,2.286e-06,C2.2,GOES-16,1.187e-06,1.699e-03,2.119e-03,,,,51.047344,10.81684,733.0042,107.46023,GOES-16_XRS,1,2720,0,3435
2023-09-27 00:41:00,2023-09-27 00:35:00,2023-09-27 00:44:00,202309270035,1.634e-06,C1.6,GOES-16,1.091e-06,7.646e-04,8.421e-04,,,,-36.799713,19.684126,-541.6355,233.9977,GOES-16_XRS,1,2730,0,
2023-09-27 04:55:00,2023-09-27 04:49:00,2023-09-27 04:59:00,202309270449,1.997e-06,C1.9,GOES-18,1.337e-06,1.047e-03,1.241e-03,,,,-37.200653,12.746158,-566.3615,120.66536,GOES-18_XRS,1,2820,0,
2023-09-27 05:46:00,2023-09-27 05:32:00,2023-09-27 06:10:00,202309270532,4.683e-06,C4.6,GOES-18,1.201e-06,2.893e-03,7.649e-03,,,,-56.542786,-14.560748,-774.46216,-300.88077,GOES-18_XRS,1,2830,0,
2023-09-27 09:47:00,2023-09-27 09:39:00,2023-09-27 09:51:00,202309270939,2.704e-06,C2.7,GOES-16,1.146e-06,1.329e-03,1.542e-03,-38.0,16.0,SVI,-33.24463,14.775647,-509.21408,149.93874,GOES-16_XRS,1,2900,0,3449
2023-09-27 10:12:00,2023-09-27 10:04:00,2023-09-27 10:20:00,202309271004,2.123e-06,C2.1,GOES-16,1.407e-06,1.298e-03,1.965e-03,,,,,,985.5904,439.92615,GOES-16_XRS,1,2910,0,
2023-09-27 15:22:00,2023-09-27 15:13:00,2023-09-27 15:33:00,202309271513,2.039e-06,C2.0,GOES-16,1.393e-06,1.367e-03,2.330e-03,,,,20.486038,17.7024,320.43384,187.27792,GOES-16_XRS,1,2980,0,3450
2023-09-27 18:32:00,2023-09-27 18:29:00,2023-09-27 18:37:00,202309271829,3.572e-06,C3.5,GOES-16,1.178e-06,1.066e-03,1.487e-03,-34.0,14.0,HOL,-33.202454,16.200846,-505.19556,173.60866,GOES-16_XRS,1,2990,0,3449
2023-09-27 23:10:00,2023-09-27 23:02:00,2023-09-27 23:13:00,202309272302,1.492e-06,C1.4,GOES-16,1.002e-06,8.594e-04,9.269e-04,,,,-60.012817,-14.399183,-804.589,-292.3569,GOES-16_XRS,1,3050,0,
2023-09-28 00:19:00,2023-09-28 00:10:00,2023-09-28 00:22:00,202309280010,5.354e-06,C5.3,GOES-16,1.047e-06,1.880e-03,2.030e-03,-68.0,-19.0,LEA,-70.41107,-17.546606,-860.8499,-323.49933,GOES-16_XRS,1,3060,0,3450
2023-09-28 03:53:00,2023-09-28 03:48:00,,202309280348,1.520e-06,C1.5,GOES-16,9.898e-07,6.804e-04,,,,,-67.93762,-15.611802,-855.6026,-297.57797,GOES-16_XRS,1,3150,0,3450
2023-09-28 04:03:00,2023-09-28 03:58:00,2023-09-28 04:06:00,202309280358,3.029e-06,C3.0,GOES-16,1.282e-06,1.195e-03,1.294e-03,,,,-64.942474,-18.198967,-825.0504,-343.397,GOES-16_XRS,2,3070,0,3450
2023-09-28 06:11:00,2023-09-28 06:01:00,2023-09-28 06:15:00,202309280601,3.454e-06,C3.4,GOES-18,1.120e-06,1.739e-03,1.976e-03,,,,-65.0029,-17.584856,-828.3456,-333.73325,GOES-18_XRS,1,3080,0,3450
2023-09-28 09:07:00,2023-09-28 08:58:00,2023-09-28 09:10:00,202309280858,1.297e-05,M1.2,GOES-16,2.372e-06,3.967e-03,4.261e-03,-65.0,-18.0,SVI,-58.670715,-17.141972,-782.9557,-337.6061,GOES-16_XRS,1,3110,0,3450
2023-09-28 10:51:00,2023-09-28 10:46:00,2023-09-28 10:56:00,202309281046,1.936e-06,C1.9,GOES-16,1.413e-06,9.231e-04,1.221e-03,-23.0,14.0,SVI,-16.916504,7.435105,-277.4138,14.653879,GOES-16_XRS,1,3120,0,3449
2023-09-28 12:33:00,2023-09-28 12:23:00,2023-09-28 12:39:00,202309281223,2.497e-06,C2.4,GOES-16,1.149e-06,1.445e-03,1.886e-03,,,,-47.214386,-14.908125,-680.8159,-320.39056,GOES-16_XRS,1,3130,0,3450
2023-09-28 14:04:00,2023-09-28 13:56:00,2023-09-28 14:08:00,202309281356,3.092e-06,C3.0,GOES-16,1.131e-06,1.345e-03,1.570e-03,-72.0,-23.0,HOL,-65.65799,-16.885984,-835.91595,-321.62024,GOES-16_XRS,1,3140,0,3450
2023-09-28 17:15:00,2023-09-28 17:07:00,2023-09-28 17:19:00,202309281707,2.626e-06,C2.6,GOES-16,1.831e-06,1.611e-03,1.868e-03,42.0,-10.0,HOL,43.970196,-15.202744,643.3228,-329.47702,GOES-16_XRS,1,3170,0,3445
2023-09-29 03:17:00,2023-09-29 03:08:00,2023-09-29 03:26:00,202309290308,1.802e-06,C1.8,GOES-16,9.323e-07,1.059e-03,1.669e-03,,,,48.693268,-14.341655,698.7241,-309.1141,GOES-16_XRS,1,3200,0,3445
2023-09-29 05:22:00,2023-09-29 05:05:00,,202309290505,1.764e-06,C1.7,GOES-18,9.496e-07,1.810e-03,,,,,-67.2493,24.15068,-807.13043,349.44342,GOES-18_XRS,1,,0,
2023-09-29 05:47:00,2023-09-29 05:43:00,2023-09-29 05:50:00,202309290543,2.268e-06,C2.2,GOES-18,1.530e-06,9.003e-04,1.006e-03,,,,-52.804382,0.032089055,-764.78076,-68.41579,GOES-18_XRS,2,,0,
2023-09-29 11:45:00,2023-09-29 11:37:00,2023-09-29 12:04:00,202309291137,1.533e-06,C1.5,GOES-16,1.079e-06,9.679e-04,2.410e-03,,,,-67.459045,9.760932,-873.13086,118.493744,GOES-16_XRS,1,3250,0,
2023-09-29 13:16:00,2023-09-29 13:01:00,2023-09-29 13:43:00,202309291301,1.950e-06,C1.9,GOES-16,1.075e-06,1.829e-03,4.402e-03,,,,-66.962524,27.97957,-779.5856,407.5658,GOES-16_XRS,1,3260,0,
2023-09-29 17:25:00,2023-09-29 17:14:00,2023-09-29 17:31:00,202309291714,2.394e-06,C2.3,GOES-16,1.265e-06,1.670e-03,2.114e-03,,,,-72.22705,14.214872,-885.2487,200.21996,GOES-16_XRS,1,3290,0,
2023-09-29 18:24:00,2023-09-29 18:11:00,2023-09-29 18:38:00,202309291811,7.598e-06,C7.5,GOES-16,1.720e-06,4.469e-03,8.547e-03,-79.0,17.0,HOL,-55.319122,19.1259,-745.9463,251.2452,GOES-16_XRS,1,3300,0,
2023-09-29 20:08:00,2023-09-29 19:58:00,2023-09-29 20:21:00,202309291958,5.060e-06,C5.0,GOES-16,1.798e-06,3.042e-03,5.641e-03,-79.0,15.0,HOL,-67.34509,15.2849045,-854.0148,208.93901,GOES-16_XRS,1,3330,0,3449
2023-09-29 21:58:00,2023-09-29 21:49:00,2023-09-29 22:04:00,202309292149,1.856e-06,C1.8,GOES-16,1.334e-06,1.278e-03,1.665e-03,,,,-86.32446,15.10033,-923.021,240.80199,GOES-16_XRS,1,3390,0,
2023-09-29 22:28:00,2023-09-29 22:17:00,2023-09-29 22:37:00,202309292217,3.939e-06,C3.9,GOES-16,1.273e-06,2.321e-03,3.558e-03,,,,-6.054779,14.489302,-98.24421,129.45287,GOES-16_XRS,1,3410,0,3449
2023-09-30 00:48:00,2023-09-30 00:38:00,,202309300038,2.459e-06,C2.4,GOES-16,1.434e-06,1.643e-03,,,,,30.836004,-3.0235407,492.11142,-147.79597,GOES-16_XRS,1,3430,0,3445
2023-09-30 01:15:00,2023-09-30 00:55:00,2023-09-30 01:27:00,202309300055,4.261e-06,C4.2,GOES-16,2.038e-06,4.638e-03,6.733e-03,,,,-29.365662,15.670796,-453.97415,162.53265,GOES-16_XRS,2,3460,0,3451
2023-09-30 04:09:00,2023-09-30 03:58:00,2023-09-30 04:15:00,202309300358,7.235e-06,C7.2,GOES-18,1.453e-06,3.344e-03,4.409e-03,,,,-70.12741,16.130426,-866.6152,227.64539,GOES-18_XRS,1,,0,
2023-09-30 05:38:00,2023-09-30 05:29:00,2023-09-30 05:41:00,202309300529,7.070e-06,C7.0,GOES-18,1.713e-06,2.751e-03,2.960e-03,,,,63.9214,-14.274693,835.1496,-283.16672,GOES-18_XRS,1,,0,
2023-09-30 06:00:00,2023-09-30 05:56:00,2023-09-30 06:05:00,202309300556,8.039e-06,C8.0,GOES-18,2.902e-06,2.904e-03,3.885e-03,,,,73.073074,-17.252537,875.95184,-313.83005,GOES-18_XRS,1,3500,0,3445
2023-09-30 06:56:00,2023-09-30 06:51:00,2023-09-30 07:01:00,202309300651,2.487e-06,C2.4,GOES-16,1.362e-06,1.116e-03,1.461e-03,-71.0,14.0,LEA,,,-949.56165,259.43,GOES-16_XRS,1,3530,0,3451
2023-09-30 10:46:00,2023-09-30 10:40:00,2023-09-30 10:55:00,202309301040,2.608e-06,C2.6,GOES-16,1.184e-06,1.239e-03,2.122e-03,-69.0,10.0,SVI,-71.2988,15.120276,-877.14374,213.46729,GOES-16_XRS,1,3580,0,3451
2023-09-30 11:57:00,2023-09-30 11:51:00,2023-09-30 12:05:00,202309301151,9.623e-06,C9.6,GOES-16,1.945e-06,3.240e-03,5.557e-03,68.0,-18.0,SVI,63.748753,-14.695652,832.3992,-290.0944,GOES-16_XRS,1,3620,0,3445
2023-09-30 12:29:00,2023-09-30 12:23:00,2023-09-30 12:35:00,202309301223,4.947e-06,C4.9,GOES-16,2.446e-06,2.281e-03,3.173e-03,-69.0,11.0,SVI,,,-993.7271,163.48965,GOES-16_XRS,1,3630,0,3451
2023-09-30 14:18:00,2023-09-30 14:05:00,2023-09-30 14:31:00,202309301405,3.982e-06,C3.9,GOES-16,1.434e-06,2.639e-03,4.650e-03,50.0,-25.0,SVI,9.227062,-4.7314405,153.74518,-190.26823,GOES-16_XRS,1,3660,0,3447
2023-09-30 14:44:00,2023-09-30 14:34:00,2023-09-30 14:56:00,202309301434,5.143e-06,C5.1,GOES-16,2.602e-06,3.123e-03,5.505e-03,-41.0,-22.0,SVI,-65.511505,-19.369814,-823.62506,-360.13977,GOES-16_XRS,1,3670,0,3450
2023-09-30 16:07:00,2023-09-30 15:57:00,2023-09-30 16:13:00,202309301557,6.360e-06,C6.3,GOES-16,2.757e-06,3.531e-03,4.614e-03,,,,-66.81064,14.153859,-855.30963,189.89023,GOES-16_XRS,1,3690,0,3451
2023-09-30 16:35:00,2023-09-30 16:16:00,2023-09-30 16:48:00,202309301616,1.237e-05,M1.2,GOES-16,4.060e-06,1.231e-02,1.851e-02,,,,-60.064697,8.967745,-821.81506,92.9147,GOES-16_XRS,1,3760,0,3451
2023-09-30 18:25:00,2023-09-30 18:15:00,2023-09-30 18:33:00,202309301815,4.799e-06,C4.7,GOES-16,2.352e-06,3.101e-03,4.436e-03,-62.0,13.0,HOL,-54.51056,11.997828,-764.9371,134.10588,GOES-16_XRS,1,3770,0,3451
2023-09-30 20:37:00,2023-09-30 20:26:00,2023-09-30 20:55:00,202309302026,2.753e-06,C2.7,GOES-16,1.660e-06,2.032e-03,4.370e-03,-63.0,14.0,HOL,-71.24893,14.032455,-881.3283,195.82854,GOES-16_XRS,1,3820,0,3451
2023-09-30 21:38:00,2023-09-30 21:18:00,,202309302118,6.206e-06,C6.2,GOES-16,2.026e-06,6.463e-03,,,,,-66.778564,11.509798,-864.195,146.58366,GOES-16_XRS,1,3830,0,3452
2023-09-30 21:45:00,2023-09-30 21:39:00,2023-09-30 21:51:00,202309302139,6.680e-06,C6.6,GOES-16,6.161e-06,3.848e-03,5.359e-03,,,,-51.64865,6.4071317,-748.659,36.841858,GOES-16_XRS,2,3840,0,3450
2023-09-30 23:55:00,2023-09-30 23:41:00,2023-10-01 00:11:00,202309302341,2.891e-06,C2.8,GOES-16,1.970e-06,2.766e-03,4.879e-03,,,,-50.67685,9.102067,-733.8578,80.32254,GOES-16_XRS,1,3850,0,
2023-10-01 00:45:00,2023-10-01 00:40:00,2023-10-01 00:50:00,202310010040,3.122e-06,C3.1,GOES-16,1.763e-06,1.368e-03,1.794e-03,,,,-60.639984,11.55376,-819.8501,136.81169,GOES-16_XRS,1,3870,0,3452
2023-10-01 01:06:00,2023-10-01 01:02:00,2023-10-01 01:09:00,202310010102,3.012e-06,C3.0,GOES-16,1.619e-06,1.131e-03,1.264e-03,,,,-31.743835,-22.99734,-465.5019,-461.2664,GOES-16_XRS,1,3880,0,3450
2023-10-01 01:32:00,2023-10-01 01:10:00,2023-10-01 01:42:00,202310010110,2.504e-05,M2.5,GOES-16,2.234e-06,2.032e-02,2.796e-02,,,,-60.89676,11.385706,-822.391,134.48224,GOES-16_XRS,1,3900,0,3452
2023-10-01 03:24:00,2023-10-01 03:21:00,2023-10-01 03:29:00,202310010321,9.325e-06,C9.3,GOES-16,2.750e-06,2.748e-03,3.654e-03,,,,82.18234,-15.74238,913.8427,-272.94086,GOES-16_XRS,1,3930,0,3445
2023-10-01 05:15:00,2023-10-01 05:10:00,2023-10-01 05:20:00,202310010510,3.647e-06,C3.6,GOES-18,1.521e-06,1.482e-03,1.935e-03,-30.0,-18.0,LEA,-31.63269,-19.112413,-476.4066,-403.29703,GOES-18_XRS,1,3950,0,3450
2023-10-01 09:15:00,2023-10-01 09:08:00,2023-10-01 09:24:00,202310010908,2.564e-06,C2.5,GOES-16,1.442e-06,1.311e-03,2.198e-03,12.0,13.0,SVI,-11.128082,19.356827,-175.22449,212.39755,GOES-16_XRS,1,4000,0,3449
2023-10-01 09:51:00,2023-10-01 09:39:00,2023-10-01 10:00:00,202310010939,5.054e-06,C5.0,GOES-16,1.843e-06,3.334e-03,4.940e-03,-56.0,15.0,SVI,-57.7576,15.566561,-782.5231,198.14923,GOES-16_XRS,1,4010,0,3451
2023-10-01 11:14:00,2023-10-01 11:06:00,2023-10-01 11:17:00,202310011106,3.624e-06,C3.6,GOES-16,1.790e-06,1.664e-03,1.798e-03,-56.0,15.0,SVI,-59.17218,18.03867,-784.11786,240.54471,GOES-16_XRS,1,4070,0,3451
2023-10-01 14:29:00,2023-10-01 14:10:00,,202310011410,2.917e-06,C2.9,GOES-16,1.365e-06,3.074e-03,,,,,-81.202515,28.302479,-834.33264,436.41113,GOES-16_XRS,1,4110,0,
2023-10-01 14:48:00,2023-10-01 14:41:00,2023-10-01 15:00:00,202310011441,3.446e-06,C3.4,GOES-16,2.520e-06,2.004e-03,3.885e-03,,,,-62.210327,21.129913,-792.31805,294.91287,GOES-16_XRS,2,4130,0,3452
2023-10-01 19:19:00,2023-10-01 19:11:00,2023-10-01 19:24:00,202310011911,2.304e-06,C2.3,GOES-16,1.251e-06,1.250e-03,1.557e-03,,,,-17.69632,-13.521752,-284.34518,-327.50418,GOES-16_XRS,1,4160,0,3450
2023-10-01 20:15:00,2023-10-01 20:08:00,2023-10-01 20:20:00,202310012008,2.144e-06,C2.1,GOES-16,1.506e-06,1.185e-03,1.505e-03,,,,-29.199646,-4.3654904,-467.92688,-170.48943,GOES-16_XRS,1,4170,0,3450
2023-10-01 21:15:00,2023-10-01 21:07:00,2023-10-01 21:33:00,202310012107,1.929e-06,C1.9,GOES-16,1.196e-06,1.212e-03,2.928e-03,-20.0,-17.0,HOL,-12.344269,-18.804955,-194.69757,-411.85602,GOES-16_XRS,1,4180,0,3450
2023-10-01 22:43:00,2023-10-01 22:30:00,2023-10-01 22:52:00,202310012230,2.515e-06,C2.5,GOES-16,1.372e-06,2.034e-03,2.908e-03,,,,-15.341553,-13.824145,-247.1931,-333.47195,GOES-16_XRS,1,4200,0,3450
2023-10-01 23:11:00,2023-10-01 23:00:00,2023-10-01 23:21:00,202310012300,4.553e-06,C4.5,GOES-16,1.783e-06,2.711e-03,4.347e-03,,,,14.121577,17.586699,223.83598,185.00432,GOES-16_XRS,1,4210,0,3449
2023-10-02 01:21:00,2023-10-02 01:16:00,2023-10-02 01:34:00,202310020116,2.043e-06,C2.0,GOES-16,1.367e-06,9.546e-04,2.158e-03,,,,-45.281433,17.087103,-652.92957,205.14655,GOES-16_XRS,1,4240,0,3454
2023-10-02 03:26:00,2023-10-02 03:13:00,2023-10-02 03:39:00,202310020313,2.759e-06,C2.7,GOES-16,1.678e-06,2.361e-03,3.948e-03,-47.0,11.0,LEA,-15.953003,-15.777093,-254.48819,-363.56302,GOES-16_XRS,1,4260,0,3452
2023-10-02 04:26:00,2023-10-02 04:08:00,2023-10-02 04:41:00,202310020408,3.242e-06,C3.2,GOES-18,1.642e-06,3.422e-03,5.580e-03,-18.0,-19.0,LEA,-18.164124,-20.579418,-280.7505,-435.51874,GOES-18_XRS,1,4270,0,3450
2023-10-02 05:11:00,2023-10-02 05:06:00,2023-10-02 05:18:00,202310020506,2.415e-06,C2.4,GOES-18,1.379e-06,1.087e-03,1.687e-03,-46.0,16.0,LEA,-47.41385,19.418833,-667.4516,245.95929,GOES-18_XRS,1,4280,0,3451
2023-10-02 09:05:00,2023-10-02 08:57:00,2023-10-02 09:09:00,202310020857,2.918e-06,C2.9,GOES-16,1.325e-06,1.454e-03,1.680e-03,-17.0,-22.0,SVI,25.936544,16.507185,403.51492,175.04,GOES-16_XRS,1,4340,0,3450
2023-10-02 09:48:00,2023-10-02 09:44:00,2023-10-02 09:52:00,202310020944,1.924e-06,C1.9,GOES-16,1.170e-06,7.327e-04,9.057e-04,24.0,15.0,SVI,31.863804,20.439936,475.86127,244.63268,GOES-16_XRS,1,4370,0,3449
2023-10-02 10:43:00,2023-10-02 10:34:00,2023-10-02 11:02:00,202310021034,1.707e-06,C1.7,GOES-16,1.170e-06,1.154e-03,2.678e-03,-16.0,-20.0,SVI,-12.702881,-17.117502,-202.22589,-385.61517,GOES-16_XRS,1,4400,0,3450
2023-10-02 11:44:00,2023-10-02 11:30:00,,202310021130,2.143e-06,C2.1,GOES-16,1.142e-06,1.833e-03,,,,,-14.73584,-6.6320095,-243.18672,-217.87875,GOES-16_XRS,1,,0,
2023-10-02 11:56:00,2023-10-02 11:50:00,2023-10-02 12:03:00,202310021150,3.055e-06,C3.0,GOES-16,1.928e-06,1.573e-03,2.334e-03,-13.0,-18.0,SVI,-10.067139,-15.856619,-161.82187,-367.1037,GOES-16_XRS,2,4420,0,3450
2023-10-02 12:46:00,2023-10-02 12:35:00,2023-10-02 12:57:00,202310021235,1.902e-05,M1.9,GOES-16,1.871e-06,8.798e-03,1.540e-02,-65.0,20.0,SVI,-65.57739,18.348957,-829.8356,256.44214,GOES-16_XRS,1,4470,0,3455
2023-10-02 15:58:00,2023-10-02 15:53:00,2023-10-02 16:02:00,202310021553,2.486e-06,C2.4,GOES-16,1.138e-06,9.558e-04,1.122e-03,,,,-3.1297302,-17.029926,-50.241947,-386.627,GOES-16_XRS,1,4500,0,3450
2023-10-02 16:35:00,2023-10-02 16:29:00,2023-10-02 16:39:00,202310021629,2.076e-06,C2.0,GOES-16,1.115e-06,1.002e-03,1.176e-03,,,,-5.7150574,12.155892,-93.72528,92.67198,GOES-16_XRS,1,4520,0,3453
2023-10-02 20:41:00,2023-10-02 20:26:00,2023-10-02 20:50:00,202310022026,1.733e-06,C1.7,GOES-16,1.006e-06,1.664e-03,2.274e-03,,,,-5.300873,-10.656283,-87.401146,-286.0022,GOES-16_XRS,1,4560,0,3450
2023-10-03 03:54:00,2023-10-03 03:47:00,,202310030347,1.354e-06,C1.3,GOES-16,8.239e-07,7.170e-04,,,,,-26.37082,12.267416,-417.75058,105.67501,GOES-16_XRS,1,4660,0,3452
2023-10-03 04:01:00,2023-10-03 03:56:00,2023-10-03 04:05:00,202310030356,1.991e-06,C1.9,GOES-16,1.301e-06,8.863e-04,1.066e-03,,,,-31.222107,14.368976,-483.20428,145.01006,GOES-16_XRS,2,,0,
2023-10-03 04:31:00,2023-10-03 04:24:00,2023-10-03 04:38:00,202310030424,1.758e-06,C1.7,GOES-18,9.507e-07,9.297e-04,1.335e-03,,,,-58.323334,-9.865007,-805.4803,-220.95944,GOES-18_XRS,1,4670,0,3454
2023-10-03 08:29:00,2023-10-03 08:21:00,2023-10-03 08:37:00,202310030821,1.440e-06,C1.4,GOES-16,9.528e-07,8.615e-04,1.306e-03,-2.0,-18.0,SVI,-0.81103516,-16.857428,-13.040537,-383.6723,GOES-16_XRS,1,4720,0,3450
2023-10-03 09:40:00,2023-10-03 09:31:00,2023-10-03 09:46:00,202310030931,3.606e-06,C3.6,GOES-16,1.147e-06,1.683e-03,2.286e-03,-2.0,-19.0,SVI,-1.3375244,-19.390182,-21.193968,-422.2252,GOES-16_XRS,1,4740,0,3450
2023-10-03 11:05:00,2023-10-03 10:56:00,2023-10-03 11:10:00,202310031056,1.755e-06,C1.7,GOES-16,1.190e-06,1.165e-03,1.425e-03,0.0,-19.0,SVI,-6.2825317,-26.123232,-94.54824,-519.9723,GOES-16_XRS,1,4770,0,3450
2023-10-03 12:12:00,2023-10-03 12:06:00,2023-10-03 12:15:00,202310031206,1.960e-06,C1.9,GOES-16,1.323e-06,9.671e-04,1.050e-03,1.0,-19.0,SVI,1.268102,-18.380367,20.216814,-406.8631,GOES-16_XRS,1,4780,0,3450
2023-10-03 15:44:00,2023-10-03 15:40:00,2023-10-03 15:48:00,202310031540,2.320e-06,C2.3,GOES-16,1.227e-06,8.906e-04,1.080e-03,,,,1.7889398,-19.530602,28.322054,-424.1556,GOES-16_XRS,1,4850,0,3450
2023-10-03 16:15:00,2023-10-03 16:05:00,2023-10-03 16:21:00,202310031605,2.022e-06,C2.0,GOES-16,1.037e-06,1.374e-03,1.750e-03,-23.0,12.0,HOL,-23.116638,10.776307,-371.30603,78.60215,GOES-16_XRS,1,4870,0,3452
2023-10-03 16:38:00,2023-10-03 16:35:00,2023-10-03 16:41:00,202310031635,2.004e-06,C2.0,GOES-16,1.334e-06,7.129e-04,8.006e-04,,,,8.051906,-17.037209,128.925,-385.15866,GOES-16_XRS,1,4880,0,3450
2023-10-03 17:03:00,2023-10-03 16:56:00,2023-10-03 17:05:00,202310031656,3.582e-06,C3.5,GOES-16,1.067e-06,1.147e-03,1.240e-03,3.0,-18.0,HOL,3.321773,-20.344933,52.297245,-436.21967,GOES-16_XRS,1,4890,0,3450
2023-10-03 17:43:00,2023-10-03 17:36:00,2023-10-03 17:46:00,202310031736,2.358e-06,C2.3,GOES-16,8.828e-07,9.166e-04,1.001e-03,4.0,-18.0,HOL,2.8983107,-18.387959,46.191376,-406.71597,GOES-16_XRS,1,4900,0,3450
2023-10-03 18:30:00,2023-10-03 18:24:00,2023-10-03 18:32:00,202310031824,1.581e-06,C1.5,GOES-16,9.421e-07,6.917e-04,7.555e-04,,,,3.284119,-14.817661,53.322098,-351.5694,GOES-16_XRS,1,4910,0,3450
2023-10-03 19:03:00,2023-10-03 18:57:00,2023-10-03 19:05:00,202310031857,1.291e-06,C1.2,GOES-16,8.968e-07,6.239e-04,6.813e-04,,,,-7.258667,-7.4247684,-120.648315,-232.63626,GOES-16_XRS,1,4930,0,3450
2023-10-03 20:57:00,2023-10-03 20:53:00,2023-10-03 21:02:00,202310032053,1.607e-06,C1.6,GOES-16,1.098e-06,6.757e-04,9.118e-04,-21.0,12.0,HOL,-24.586212,8.845955,-395.79623,47.561,GOES-16_XRS,1,4940,0,3452
2023-10-04 01:23:00,2023-10-04 01:13:00,2023-10-04 01:31:00,202310040113,1.881e-06,C1.8,GOES-16,9.420e-07,1.163e-03,1.697e-03,,,,-16.022552,10.587629,-261.2821,71.26421,GOES-16_XRS,1,4960,0,3452
2023-10-04 07:56:00,2023-10-04 07:49:00,2023-10-04 07:58:00,202310040749,2.548e-06,C2.5,GOES-16,9.413e-07,9.171e-04,9.819e-04,10.0,-18.0,LEA,11.785691,-17.286781,187.77008,-387.3606,GOES-16_XRS,1,5000,0,3450
2023-10-04 08:47:00,2023-10-04 08:40:00,2023-10-04 08:54:00,202310040840,2.020e-06,C2.0,GOES-16,9.526e-07,1.040e-03,1.495e-03,-14.0,11.0,SVI,-14.292084,13.693321,-231.0013,122.58852,GOES-16_XRS,1,5010,0,3452
2023-10-04 09:41:00,2023-10-04 09:32:00,,202310040932,1.837e-06,C1.8,GOES-16,8.292e-07,1.049e-03,,20.0,10.0,SVI,34.81614,10.363466,540.5662,82.96449,GOES-16_XRS,1,5030,0,3453
2023-10-04 09:52:00,2023-10-04 09:44:00,2023-10-04 09:57:00,202310040944,3.045e-06,C3.0,GOES-16,1.814e-06,1.715e-03,2.118e-03,,,,22.462523,8.9605055,363.43472,48.3089,GOES-16_XRS,2,5040,0,3453
2023-10-04 23:34:00,2023-10-04 23:27:00,2023-10-04 23:37:00,202310042327,1.723e-06,C1.7,GOES-16,8.715e-07,8.071e-04,8.779e-04,21.0,-19.0,HOL,21.61423,-20.452595,332.24927,-429.8017,GOES-16_XRS,1,5060,0,3450
2023-10-05 07:00:00,2023-10-05 06:51:00,2023-10-05 07:04:00,202310050651,3.758e-06,C3.7,GOES-16,1.153e-06,1.551e-03,1.821e-03,,,,-3.4804382,15.945771,-56.239353,157.81148,GOES-16_XRS,1,5100,0,3451
2023-10-05 12:31:00,2023-10-05 12:21:00,2023-10-05 12:41:00,202310051221,1.361e-06,C1.3,GOES-16,8.107e-07,9.232e-04,1.478e-03,,,,2.2380617,5.106702,37.480473,-23.643917,GOES-16_XRS,1,5150,0,3452
2023-10-05 13:28:00,2023-10-05 13:20:00,2023-10-05 13:39:00,202310051320,1.393e-06,C1.3,GOES-16,8.798e-07,8.265e-04,1.475e-03,,,,-0.4571228,11.58166,-7.5312524,85.094246,GOES-16_XRS,1,5170,0,3451
2023-10-05 15:32:00,2023-10-05 15:23:00,2023-10-05 15:38:00,202310051523,1.631e-06,C1.6,GOES-16,1.165e-06,1.109e-03,1.447e-03,1.0,18.0,HOL,10.859027,4.612173,180.93823,-29.97293,GOES-16_XRS,1,5200,0,3451
2023-10-05 16:30:00,2023-10-05 16:22:00,2023-10-05 16:36:00,202310051622,3.518e-06,C3.5,GOES-16,1.311e-06,1.674e-03,2.240e-03,1.0,17.0,HOL,0.8920785,19.013243,14.182929,208.63669,GOES-16_XRS,1,5220,0,3451
2023-10-05 17:54:00,2023-10-05 17:47:00,2023-10-05 17:59:00,202310051747,1.599e-06,C1.5,GOES-16,9.458e-07,8.063e-04,1.025e-03,5.0,17.0,HOL,3.7037024,14.367573,60.299095,132.03435,GOES-16_XRS,1,5230,0,3451
2023-10-05 19:13:00,2023-10-05 19:03:00,2023-10-05 19:18:00,202310051903,4.750e-06,C4.7,GOES-16,8.853e-07,1.934e-03,2.440e-03,2.0,18.0,HOL,0.3594195,16.25678,5.8030376,163.26288,GOES-16_XRS,1,5250,0,3451
2023-10-05 21:15:00,2023-10-05 21:05:00,2023-10-05 21:21:00,202310052105,4.030e-06,C4.0,GOES-16,9.904e-07,1.870e-03,2.478e-03,-51.0,-8.0,HOL,-31.790985,-2.580066,-506.79855,-135.59866,GOES-16_XRS,1,5270,0,3457
2023-10-05 22:07:00,2023-10-05 22:00:00,2023-10-05 22:14:00,202310052200,2.174e-06,C2.1,GOES-16,1.083e-06,1.168e-03,1.674e-03,5.0,17.0,HOL,6.070761,14.433585,98.69457,133.67169,GOES-16_XRS,1,5280,0,3451
2023-10-05 23:55:00,2023-10-05 23:46:00,2023-10-06 00:02:00,202310052346,2.495e-06,C2.4,GOES-16,1.222e-06,1.357e-03,1.928e-03,,,,4.951575,15.706909,80.070564,154.71832,GOES-16_XRS,1,5290,0,3451
2023-10-06 11:03:00,2023-10-06 10:48:00,2023-10-06 11:21:00,202310061048,3.440e-06,C3.4,GOES-16,1.716e-06,3.048e-03,5.879e-03,,,,-29.981262,7.567684,-477.16312,32.918358,GOES-16_XRS,1,5350,0,
2023-10-06 15:43:00,2023-10-06 15:36:00,2023-10-06 15:47:00,202310061536,1.475e-06,C1.4,GOES-16,9.715e-07,8.011e-04,9.408e-04,16.0,11.0,HOL,14.729193,10.060612,241.26683,64.12533,GOES-16_XRS,1,5380,0,3452
2023-10-06 17:13:00,2023-10-06 17:06:00,2023-10-06 17:15:00,202310061706,1.546e-06,C1.5,GOES-16,1.054e-06,8.337e-04,9.025e-04,,,,38.72124,-19.59685,567.22235,-400.27408,GOES-16_XRS,1,5400,0,3450
2023-10-06 17:53:00,2023-10-06 17:43:00,2023-10-06 18:00:00,202310061743,4.051e-06,C4.0,GOES-16,1.018e-06,1.763e-03,2.539e-03,,,,-76.205414,24.750572,-847.20825,376.2682,GOES-16_XRS,1,5410,0,
2023-10-06 18:17:00,2023-10-06 18:08:00,2023-10-06 18:21:00,202310061808,4.287e-06,C4.2,GOES-16,1.713e-06,2.109e-03,2.433e-03,,,,-80.43353,22.57973,-874.3761,349.8488,GOES-16_XRS,1,5420,0,
2023-10-07 05:21:00,2023-10-07 05:14:00,2023-10-07 05:24:00,202310070514,1.705e-06,C1.7,GOES-18,1.138e-06,9.350e-04,1.014e-03,,,,,,-995.3074,411.05948,GOES-18_XRS,1,5440,0,
2023-10-07 08:15:00,2023-10-07 07:58:00,2023-10-07 08:32:00,202310070758,3.510e-06,C3.5,GOES-16,9.659e-07,2.852e-03,5.352e-03,22.0,16.0,SVI,23.585806,14.380044,373.5117,142.25589,GOES-16_XRS,1,5480,0,3451
2023-10-07 13:55:00,2023-10-07 13:45:00,2023-10-07 14:04:00,202310071345,2.848e-06,C2.8,GOES-16,1.407e-06,1.933e-03,2.897e-03,26.0,16.0,SVI,34.263268,16.501589,520.01917,186.82106,GOES-16_XRS,1,5510,0,3451
2023-10-07 14:45:00,2023-10-07 14:37:00,2023-10-07 14:57:00,202310071437,1.761e-06,C1.7,GOES-16,1.190e-06,1.090e-03,2.002e-03,58.0,-19.0,HOL,69.052765,-23.081568,825.5922,-409.6026,GOES-16_XRS,1,5520,0,3450
2023-10-07 18:06:00,2023-10-07 17:57:00,2023-10-07 18:09:00,202310071757,1.791e-05,M1.7,GOES-16,1.469e-06,4.638e-03,5.085e-03,-39.0,-10.0,HOL,-40.843414,-12.036529,-615.89056,-278.84753,GOES-16_XRS,1,5540,0,3460
2023-10-07 18:30:00,2023-10-07 18:26:00,2023-10-07 18:33:00,202310071826,3.371e-06,C3.3,GOES-16,1.706e-06,1.233e-03,1.359e-03,31.0,10.0,HOL,39.545765,10.883327,602.22614,99.55977,GOES-16_XRS,1,5550,0,3452
2023-10-07 20:47:00,2023-10-07 20:38:00,,202310072038,1.783e-06,C1.7,GOES-16,1.065e-06,1.176e-03,,,,,25.808535,16.181376,402.95715,174.26115,GOES-16_XRS,1,5580,0,3451
2023-10-07 20:57:00,2023-10-07 20:51:00,2023-10-07 21:05:00,202310072051,1.900e-06,C1.8,GOES-16,1.726e-06,1.089e-03,1.749e-03,,,,26.066257,12.516914,413.42337,113.61291,GOES-16_XRS,2,5610,0,3452
2023-10-07 22:28:00,2023-10-07 22:14:00,2023-10-07 22:39:00,202310072214,1.677e-06,C1.6,GOES-16,1.063e-06,1.567e-03,2.333e-03,,,,-42.842865,-14.968847,-632.47217,-322.92218,GOES-16_XRS,1,5600,0,3460
2023-10-07 23:25:00,2023-10-07 23:14:00,2023-10-07 23:43:00,202310072314,5.303e-06,C5.3,GOES-16,1.628e-06,3.280e-03,7.116e-03,36.0,10.0,HOL,37.688942,9.007373,581.6963,66.25569,GOES-16_XRS,1,5620,0,3452
2023-10-08 03:40:00,2023-10-08 03:34:00,2023-10-08 03:44:00,202310080334,6.698e-06,C6.6,GOES-16,9.300e-07,2.008e-03,2.391e-03,-32.0,-10.0,LEA,-32.325104,-9.50592,-508.10773,-247.17612,GOES-16_XRS,1,5650,0,3460
2023-10-08 04:53:00,2023-10-08 04:48:00,2023-10-08 04:58:00,202310080448,2.570e-06,C2.5,GOES-18,9.984e-07,9.584e-04,1.276e-03,,,,62.60789,-17.254019,815.39954,-330.30508,GOES-18_XRS,1,5670,0,
2023-10-08 09:04:00,2023-10-08 08:51:00,,202310080851,1.990e-06,C1.9,GOES-16,1.110e-06,1.622e-03,,40.0,17.0,LEA,38.919712,14.286837,586.49915,155.8999,GOES-16_XRS,1,5690,0,3451
2023-10-08 09:27:00,2023-10-08 09:06:00,2023-10-08 09:36:00,202310080906,3.614e-06,C3.6,GOES-16,1.978e-06,3.960e-03,5.230e-03,-31.0,-10.0,LEA,24.60408,9.660266,395.65387,65.17004,GOES-16_XRS,2,5700,0,3460
2023-10-08 12:40:00,2023-10-08 12:32:00,2023-10-08 12:43:00,202310081232,3.453e-06,C3.4,GOES-16,1.064e-06,1.336e-03,1.461e-03,42.0,15.0,SVI,43.20331,16.591705,631.92804,198.9994,GOES-16_XRS,1,5750,0,3451
2023-10-08 14:09:00,2023-10-08 14:01:00,2023-10-08 14:12:00,202310081401,2.483e-06,C2.4,GOES-16,8.976e-07,1.024e-03,1.099e-03,-26.0,-9.0,SVI,-23.689636,-7.9555497,-383.55804,-229.1379,GOES-16_XRS,1,5770,0,3460
2023-10-08 15:25:00,2023-10-08 15:17:00,2023-10-08 15:32:00,202310081517,1.504e-06,C1.5,GOES-16,1.095e-06,9.510e-04,1.345e-03,,,,53.472916,4.1849217,771.48706,6.7444973,GOES-16_XRS,1,5800,0,3452
2023-10-09 03:14:00,2023-10-09 03:06:00,2023-10-09 03:31:00,202310090306,2.114e-06,C2.1,GOES-16,9.609e-07,1.278e-03,2.827e-03,,,,47.708332,18.97477,673.7102,243.92712,GOES-16_XRS,1,5840,0,3451
2023-10-09 04:12:00,2023-10-09 04:08:00,2023-10-09 04:16:00,202310090408,1.767e-06,C1.7,GOES-18,1.078e-06,6.966e-04,8.584e-04,,,,75.153336,17.524334,886.11194,261.92166,GOES-18_XRS,1,5850,0,
2023-10-09 04:28:00,2023-10-09 04:21:00,,202310090421,1.814e-06,C1.8,GOES-18,1.104e-06,9.384e-04,,49.0,18.0,LEA,41.766117,16.923544,613.9405,203.26764,GOES-18_XRS,1,5860,0,3451
2023-10-09 04:49:00,2023-10-09 04:39:00,2023-10-09 05:02:00,202310090439,1.567e-06,C1.5,GOES-18,1.458e-06,1.282e-03,2.291e-03,,,,-58.511047,36.974533,-655.5475,531.17694,GOES-18_XRS,2,5900,0,
2023-10-09 05:31:00,2023-10-09 05:22:00,2023-10-09 05:39:00,202310090522,4.433e-06,C4.4,GOES-16,1.900e-06,2.631e-03,3.830e-03,49.0,18.0,LEA,48.260433,13.395917,699.1029,153.32585,GOES-16_XRS,1,5870,0,3451
2023-10-09 07:07:00,2023-10-09 06:56:00,,202310090656,1.863e-06,C1.8,GOES-16,1.277e-06,1.490e-03,,,,,-10.031616,-7.851292,-166.41936,-234.13457,GOES-16_XRS,1,5900,0,
2023-10-09 07:17:00,2023-10-09 07:11:00,2023-10-09 07:33:00,202310090711,2.313e-06,C2.3,GOES-16,1.841e-06,1.281e-03,3.117e-03,,,,-16.180786,-3.5925837,-268.21597,-161.4449,GOES-16_XRS,2,5890,0,
2023-10-09 08:12:00,2023-10-09 07:56:00,,202310090756,2.721e-06,C2.7,GOES-16,1.486e-06,2.604e-03,,51.0,16.0,SVI,63.188282,14.947719,829.70764,200.72075,GOES-16_XRS,1,5910,0,3451
2023-10-09 08:26:00,2023-10-09 08:15:00,,202310090815,3.626e-06,C3.6,GOES-16,2.528e-06,2.905e-03,,,,,66.03431,14.870924,849.63934,204.00424,GOES-16_XRS,2,5920,0,3451
2023-10-09 08:38:00,2023-10-09 08:34:00,2023-10-09 08:42:00,202310090834,6.489e-06,C6.4,GOES-16,3.477e-06,2.483e-03,3.033e-03,,,,50.24601,15.137892,714.6833,184.80852,GOES-16_XRS,3,5930,0,3451
2023-10-09 11:43:00,2023-10-09 11:28:00,2023-10-09 11:56:00,202310091128,7.621e-06,C7.6,GOES-16,1.646e-06,5.294e-03,8.956e-03,51.0,14.0,SVI,46.427715,12.083229,682.4479,129.35786,GOES-16_XRS,1,5980,0,3451
2023-10-09 14:38:00,2023-10-09 14:29:00,2023-10-09 14:53:00,202310091429,2.080e-06,C2.0,GOES-16,1.104e-06,1.249e-03,2.700e-03,-17.0,-10.0,HOL,-14.278198,-5.0509195,-236.94777,-186.21153,GOES-16_XRS,1,6030,0,3460
2023-10-09 16:05:00,2023-10-09 15:57:00,2023-10-09 16:12:00,202310091557,1.782e-06,C1.7,GOES-16,1.139e-06,1.081e-03,1.523e-03,-16.0,-10.0,HOL,-22.049835,-7.2320495,-359.12268,-217.5545,GOES-16_XRS,1,6050,0,3460
2023-10-09 19:11:00,2023-10-09 18:52:00,2023-10-09 19:27:00,202310091852,9.230e-06,C9.2,GOES-16,1.495e-06,7.262e-03,1.290e-02,59.0,15.0,HOL,59.572834,13.73806,806.2587,175.5486,GOES-16_XRS,1,6100,0,3451
2023-10-09 21:49:00,2023-10-09 21:31:00,2023-10-09 22:10:00,202310092131,2.863e-06,C2.8,GOES-16,1.336e-06,2.933e-03,5.622e-03,61.0,14.0,HOL,67.00378,13.974207,859.4345,191.18512,GOES-16_XRS,1,6120,0,3451
2023-10-09 22:49:00,2023-10-09 22:45:00,,202310092245,2.970e-06,C2.9,GOES-16,1.289e-06,1.002e-03,,,,,-16.213531,-9.830963,-265.33826,-263.1279,GOES-16_XRS,1,,0,
2023-10-09 22:58:00,2023-10-09 22:51:00,2023-10-09 23:02:00,202310092251,3.689e-06,C3.6,GOES-16,2.322e-06,2.123e-03,2.457e-03,-14.0,-9.0,HOL,-15.972443,-9.472738,-261.77826,-257.4431,GOES-16_XRS,2,6150,0,3460
2023-10-10 01:42:00,2023-10-10 01:36:00,,202310100136,4.185e-06,C4.1,GOES-16,2.908e-06,2.119e-03,,,,,17.121649,2.716904,283.66965,-54.771076,GOES-16_XRS,1,6170,0,3460
2023-10-10 01:51:00,2023-10-10 01:45:00,,202310100145,4.654e-06,C4.6,GOES-16,4.011e-06,2.629e-03,,,,,47.24145,9.751185,697.1374,92.04785,GOES-16_XRS,2,6180,0,3451
2023-10-10 02:09:00,2023-10-10 01:55:00,2023-10-10 02:21:00,202310100155,1.605e-05,M1.6,GOES-16,4.452e-06,1.120e-02,1.830e-02,,,,60.285908,12.463726,816.3318,155.81953,GOES-16_XRS,3,6160,0,3451
2023-10-10 06:39:00,2023-10-10 06:32:00,2023-10-10 06:46:00,202310100632,2.089e-06,C2.0,GOES-16,1.390e-06,1.163e-03,1.693e-03,64.0,16.0,SVI,61.666023,11.750158,829.49365,146.28276,GOES-16_XRS,1,6210,0,3451
2023-10-10 10:45:00,2023-10-10 10:32:00,2023-10-10 10:50:00,202310101032,2.788e-06,C2.7,GOES-16,1.591e-06,2.258e-03,2.646e-03,,,,41.114456,10.908249,622.3356,104.010445,GOES-16_XRS,1,6230,0,
2023-10-10 12:00:00,2023-10-10 11:48:00,,202310101148,6.011e-06,C6.0,GOES-16,1.308e-06,3.200e-03,,66.0,13.0,SVI,59.280933,13.239685,805.69055,167.32475,GOES-16_XRS,1,6240,0,3451
2023-10-10 12:17:00,2023-10-10 12:08:00,2023-10-10 12:28:00,202310101208,2.347e-05,M2.3,GOES-16,3.944e-06,1.123e-02,2.017e-02,69.0,9.0,SVI,63.3165,12.355259,840.094,158.99234,GOES-16_XRS,2,6260,0,3451
2023-10-10 13:54:00,2023-10-10 13:44:00,2023-10-10 14:01:00,202310101344,3.433e-06,C3.4,GOES-16,1.664e-06,2.082e-03,2.855e-03,,,,-62.07968,3.8080673,-848.66943,14.859483,GOES-16_XRS,1,6280,0,3464
2023-10-10 15:54:00,2023-10-10 15:43:00,2023-10-10 16:00:00,202310101543,2.913e-06,C2.9,GOES-16,1.403e-06,1.960e-03,2.490e-03,-71.0,5.0,HOL,-56.872375,5.62628,-802.5634,37.196823,GOES-16_XRS,1,6290,0,3464
2023-10-10 16:53:00,2023-10-10 16:43:00,2023-10-10 16:59:00,202310101643,2.409e-06,C2.4,GOES-16,1.418e-06,1.659e-03,2.117e-03,-71.0,4.0,HOL,-50.96649,4.42388,-746.0811,8.462306,GOES-16_XRS,1,6300,0,3464
2023-10-11 01:01:00,2023-10-11 00:49:00,,202310110049,2.858e-06,C2.8,GOES-16,1.324e-06,2.157e-03,,,,,-83.73837,2.7530947,-954.2756,34.612904,GOES-16_XRS,1,6350,0,3464
2023-10-11 01:12:00,2023-10-11 01:06:00,2023-10-11 01:14:00,202310110106,2.880e-06,C2.8,GOES-16,2.714e-06,1.664e-03,1.820e-03,,,,-51.799652,2.92941,-756.09235,-15.159143,GOES-16_XRS,2,6360,0,3460
2023-10-11 09:37:00,2023-10-11 09:29:00,2023-10-11 09:46:00,202310110929,7.241e-06,C7.2,GOES-16,1.110e-06,2.826e-03,4.866e-03,78.0,17.0,SVI,71.96052,16.974848,875.00824,248.69093,GOES-16_XRS,1,6390,0,3451
2023-10-11 12:27:00,2023-10-11 12:20:00,2023-10-11 12:29:00,202310111220,1.909e-06,C1.9,GOES-16,1.079e-06,8.950e-04,9.629e-04,-58.0,3.0,SVI,-49.834778,2.3152263,-735.79474,-27.875923,GOES-16_XRS,1,6400,0,3464
2023-10-11 14:40:00,2023-10-11 14:19:00,2023-10-11 14:49:00,202310111419,4.948e-06,C4.9,GOES-16,1.117e-06,4.645e-03,6.091e-03,85.0,13.0,HOL,76.81873,11.565572,917.4945,168.71681,GOES-16_XRS,1,6410,0,3451
2023-10-11 16:26:00,2023-10-11 16:16:00,2023-10-11 16:50:00,202310111616,2.000e-06,C1.9,GOES-16,1.278e-06,1.436e-03,3.784e-03,75.0,-11.0,HOL,63.875805,-7.474374,856.97626,-169.48335,GOES-16_XRS,1,6430,0,3454
2023-10-11 19:50:00,2023-10-11 19:41:00,2023-10-11 20:12:00,202310111941,3.493e-06,C3.4,GOES-16,1.371e-06,1.879e-03,5.342e-03,,,,,,927.7562,260.81015,GOES-16_XRS,1,6440,0,3451
2023-10-11 22:12:00,2023-10-11 22:03:00,2023-10-11 22:15:00,202310112203,6.686e-06,C6.6,GOES-16,1.583e-06,2.664e-03,2.859e-03,,,,,,921.5204,276.31943,GOES-16_XRS,1,6460,0,3451
2023-10-12 03:47:00,2023-10-12 03:07:00,,202310120307,9.738e-06,C9.7,GOES-16,2.079e-06,1.459e-02,,,,,23.228113,-9.19575,375.65573,-246.51006,GOES-16_XRS,1,6480,0,3460
2023-10-12 04:58:00,2023-10-12 04:50:00,2023-10-12 05:04:00,202310120450,1.113e-05,M1.1,GOES-18,4.051e-06,5.892e-03,7.662e-03,,,,,,979.6714,302.4814,GOES-18_XRS,1,6490,0,3451
2023-10-12 06:47:00,2023-10-12 06:40:00,2023-10-12 06:52:00,202310120640,2.279e-06,C2.2,GOES-16,1.652e-06,1.291e-03,1.642e-03,,,,,,1006.47064,201.55463,GOES-16_XRS,1,6510,0,
2023-10-12 17:52:00,2023-10-12 17:46:00,2023-10-12 17:58:00,202310121746,2.343e-06,C2.3,GOES-16,1.267e-06,1.094e-03,1.533e-03,-38.0,8.0,HOL,-41.401093,5.104646,-635.2885,9.113003,GOES-16_XRS,1,6600,0,3464
2023-10-13 06:03:00,2023-10-13 05:52:00,2023-10-13 06:14:00,202310130552,1.535e-06,C1.5,GOES-16,1.042e-06,1.205e-03,1.924e-03,,,,7.0171237,-4.964117,117.52072,-183.50195,GOES-16_XRS,1,6630,0,3460
2023-10-13 09:09:00,2023-10-13 09:02:00,2023-10-13 09:17:00,202310130902,1.211e-06,C1.2,GOES-16,8.628e-07,6.861e-04,1.076e-03,-49.0,8.0,LEA,-47.681152,8.497834,-705.1784,74.281,GOES-16_XRS,1,6670,0,3465
2023-10-13 15:55:00,2023-10-13 15:47:00,,202310131547,1.732e-06,C1.7,GOES-16,1.247e-06,1.084e-03,,,,,-71.70285,18.678802,-865.97296,276.6823,GOES-16_XRS,1,6730,0,3467
2023-10-13 16:09:00,2023-10-13 16:00:00,2023-10-13 16:12:00,202310131600,1.797e-06,C1.7,GOES-16,1.631e-06,1.323e-03,1.419e-03,,,,-66.64676,25.411634,-798.6736,374.93344,GOES-16_XRS,2,6740,0,3467
2023-10-13 19:34:00,2023-10-13 19:25:00,2023-10-13 19:41:00,202310131925,1.420e-06,C1.4,GOES-16,9.436e-07,9.327e-04,1.294e-03,-45.0,9.0,HOL,-56.562775,9.319184,-793.72327,100.46896,GOES-16_XRS,1,6770,0,3465
2023-10-14 05:15:00,2023-10-14 05:03:00,2023-10-14 05:26:00,202310140503,9.831e-06,C9.8,GOES-18,8.711e-07,5.731e-03,9.357e-03,44.0,-11.0,LEA,42.9641,-8.989681,649.36194,-222.41563,GOES-18_XRS,1,6780,0,3460
2023-10-14 16:23:00,2023-10-14 16:04:00,,202310141604,3.370e-06,C3.3,GOES-18,1.051e-06,3.159e-03,,,,,-85.78494,11.432332,-940.37604,182.49135,GOES-18_XRS,1,,0,
2023-10-14 16:32:00,2023-10-14 16:25:00,2023-10-14 16:36:00,202310141625,3.540e-06,C3.5,GOES-18,3.327e-06,2.296e-03,2.704e-03,,,,,,-972.4789,186.21315,GOES-18_XRS,2,6820,0,3467
2023-10-15 02:49:00,2023-10-15 02:31:00,2023-10-15 03:13:00,202310150231,2.432e-06,C2.4,GOES-16,1.060e-06,2.438e-03,5.150e-03,,,,-84.7471,12.5970335,-935.11285,199.89575,GOES-16_XRS,1,6870,0,3467
2023-10-15 06:19:00,2023-10-15 06:11:00,2023-10-15 06:24:00,202310150611,9.673e-07,B9.6,GOES-16,7.040e-07,6.067e-04,7.568e-04,9.0,-18.0,SVI,,,,,,1,6890,0,3463
2023-10-15 16:33:00,2023-10-15 16:22:00,2023-10-15 16:47:00,202310151622,3.947e-06,C3.9,GOES-16,7.177e-07,1.971e-03,3.899e-03,2.0,9.0,HOL,3.097985,6.9977384,51.837875,19.297382,GOES-16_XRS,1,6920,0,3464
2023-10-15 19:49:00,2023-10-15 19:35:00,2023-10-15 20:06:00,202310151935,1.844e-06,C1.8,GOES-16,1.051e-06,1.646e-03,3.086e-03,,,,,,-864.8552,506.2845,GOES-16_XRS,1,6930,0,
2023-10-16 02:55:00,2023-10-16 02:47:00,2023-10-16 03:00:00,202310160247,9.222e-07,B9.2,GOES-16,5.597e-07,5.234e-04,6.520e-04,68.0,-11.0,LEA,,,,,,1,6960,0,3460
2023-10-16 03:53:00,2023-10-16 03:45:00,2023-10-16 04:00:00,202310160345,1.850e-06,C1.8,GOES-16,6.580e-07,9.678e-04,1.361e-03,,,,3.774442,3.549304,63.50207,-38.198254,GOES-16_XRS,1,6970,0,3464
2023-10-16 07:28:00,2023-10-16 07:23:00,,202310160723,1.187e-06,C1.1,GOES-16,5.982e-07,4.856e-04,,,,,,,-890.04016,477.8264,GOES-16_XRS,1,6980,0,
2023-10-16 07:39:00,2023-10-16 07:32:00,2023-10-16 07:41:00,202310160732,1.120e-06,C1.1,GOES-16,1.047e-06,7.106e-04,7.716e-04,,,,,,-907.134,463.98727,GOES-16_XRS,2,6990,0,
2023-10-16 10:51:00,2023-10-16 10:32:00,,202310161032,7.535e-06,C7.5,GOES-16,7.462e-07,5.095e-03,,,,,-51.446686,13.42578,-733.96576,163.72478,GOES-16_XRS,1,7000,0,3467
2023-10-16 11:15:00,2023-10-16 11:07:00,2023-10-16 11:21:00,202310161107,4.968e-06,C4.9,GOES-16,4.499e-06,3.459e-03,4.593e-03,,,,-49.94278,13.4507475,-718.356,162.2394,GOES-16_XRS,2,7010,0,3467
2023-10-16 16:06:00,2023-10-16 15:59:00,2023-10-16 16:10:00,202310161559,9.865e-06,C9.8,GOES-16,1.161e-06,3.401e-03,4.001e-03,,,,,,-877.5205,395.6241,GOES-16_XRS,1,7030,0,
2023-10-16 20:21:00,2023-10-16 20:06:00,2023-10-16 20:31:00,202310162006,1.827e-06,C1.8,GOES-16,7.034e-07,1.432e-03,2.081e-03,68.0,-15.0,HOL,75.87615,-16.572943,895.1989,-295.98563,GOES-16_XRS,1,7060,0,3460
2023-10-17 02:10:00,2023-10-17 02:03:00,2023-10-17 02:14:00,202310170203,1.625e-06,C1.6,GOES-16,6.621e-07,7.547e-04,8.693e-04,-6.0,10.0,LEA,-3.9096375,9.174039,-65.07388,57.848854,GOES-16_XRS,1,7080,0,3465
2023-10-17 04:35:00,2023-10-17 04:26:00,,202310170426,1.174e-06,C1.1,GOES-18,7.841e-07,7.723e-04,,,,,24.315048,-21.257385,370.66904,-430.6254,GOES-18_XRS,1,,0,
2023-10-17 05:05:00,2023-10-17 04:41:00,2023-10-17 05:46:00,202310170441,2.216e-06,C2.2,GOES-18,1.090e-06,2.827e-03,7.268e-03,,,,27.565935,-23.309649,410.45187,-458.97418,GOES-18_XRS,2,7090,0,3463
2023-10-18 10:00:00,2023-10-18 09:54:00,2023-10-18 10:07:00,202310180954,7.360e-07,B7.3,GOES-16,5.215e-07,3.939e-04,5.850e-04,,,,,,,,,1,7130,0,
2023-10-19 01:33:00,2023-10-19 01:27:00,2023-10-19 01:35:00,202310190127,9.517e-07,B9.5,GOES-16,6.543e-07,4.517e-04,4.945e-04,,,,,,,,,1,7150,0,
2023-10-19 01:52:00,2023-10-19 01:45:00,2023-10-19 01:58:00,202310190145,1.540e-06,C1.5,GOES-16,6.473e-07,7.294e-04,9.988e-04,,,,,,1074.1663,-104.79509,GOES-16_XRS,1,7160,0,
2023-10-19 08:28:00,2023-10-19 08:24:00,2023-10-19 08:31:00,202310190824,7.824e-07,B7.8,GOES-16,5.634e-07,3.297e-04,3.680e-04,,,,,,,,,1,7200,0,
2023-10-19 08:46:00,2023-10-19 08:39:00,2023-10-19 08:54:00,202310190839,1.226e-06,C1.2,GOES-16,5.668e-07,5.958e-04,9.324e-04,,,,,,914.0697,386.9675,GOES-16_XRS,1,7210,0,
2023-10-19 09:52:00,2023-10-19 09:44:00,,202310190944,1.429e-06,C1.4,GOES-16,5.452e-07,6.938e-04,,,,,75.09387,1.336918,931.3729,-1.6978165,GOES-16_XRS,1,7220,0,3463
2023-10-19 10:00:00,2023-10-19 09:55:00,2023-10-19 10:04:00,202310190955,1.710e-06,C1.7,GOES-16,1.265e-06,8.297e-04,9.930e-04,,,,81.1421,19.610037,896.98157,308.32605,GOES-16_XRS,2,7250,0,
2023-10-19 12:11:00,2023-10-19 12:02:00,2023-10-19 12:15:00,202310191202,1.477e-06,C1.4,GOES-16,6.205e-07,7.275e-04,8.468e-04,,,,53.176296,-19.19422,729.77515,-368.88232,GOES-16_XRS,1,7230,0,3463
2023-10-19 13:45:00,2023-10-19 13:38:00,2023-10-19 13:51:00,202310191338,7.420e-07,B7.4,GOES-16,5.338e-07,4.254e-04,5.773e-04,,,,,,,,,1,7240,0,
2023-10-19 14:00:00,2023-10-19 13:52:00,2023-10-19 14:11:00,202310191352,2.740e-06,C2.7,GOES-16,6.295e-07,1.377e-03,2.450e-03,,,,84.79926,23.396112,880.64276,373.02277,GOES-16_XRS,1,7260,0,
2023-10-19 18:03:00,2023-10-19 17:52:00,2023-10-19 18:08:00,202310191752,1.173e-06,C1.1,GOES-16,4.899e-07,7.075e-04,8.535e-04,30.0,13.0,HOL,29.705124,12.430057,467.90836,127.86876,GOES-16_XRS,1,7280,0,3465
2023-10-19 21:06:00,2023-10-19 20:47:00,2023-10-19 21:29:00,202310192047,1.470e-06,C1.4,GOES-16,8.039e-07,1.686e-03,3.285e-03,,,,,,916.1154,434.02673,GOES-16_XRS,1,7290,0,
2023-10-20 02:39:00,2023-10-20 02:11:00,2023-10-20 03:21:00,202310200211,1.438e-06,C1.4,GOES-16,3.853e-07,2.052e-03,4.826e-03,,,,71.061066,27.207487,811.4274,412.20685,GOES-16_XRS,1,7300,0,
2023-10-20 05:00:00,2023-10-20 04:20:00,2023-10-20 05:23:00,202310200420,2.266e-06,C2.2,GOES-16,5.643e-07,4.050e-03,6.302e-03,,,,75.36719,23.723484,854.2147,364.76627,GOES-16_XRS,1,7320,0,
2023-10-20 09:53:00,2023-10-20 09:31:00,2023-10-20 10:25:00,202310200931,1.333e-06,C1.3,GOES-16,5.196e-07,1.599e-03,3.620e-03,,,,,,1036.6086,333.4804,GOES-16_XRS,1,7340,0,
2023-10-20 11:14:00,2023-10-20 11:00:00,2023-10-20 11:36:00,202310201100,1.714e-06,C1.7,GOES-16,5.614e-07,1.386e-03,3.052e-03,,,,71.01544,26.952995,813.1362,408.49396,GOES-16_XRS,1,7350,0,
2023-10-20 22:31:00,2023-10-20 22:24:00,2023-10-20 22:39:00,202310202224,8.358e-07,B8.3,GOES-16,4.348e-07,4.557e-04,6.956e-04,,,,,,,,,1,7390,0,
2023-10-20 23:09:00,2023-10-20 23:03:00,,202310202303,6.210e-07,B6.2,GOES-16,4.413e-07,3.327e-04,,,,,,,,,,1,7400,0,3467
2023-10-20 23:30:00,2023-10-20 23:15:00,2023-10-20 23:38:00,202310202315,2.330e-06,C2.3,GOES-16,5.895e-07,1.439e-03,1.988e-03,,,,17.133598,12.810233,277.97037,127.99362,GOES-16_XRS,2,7410,0,3467
2023-10-21 00:30:00,2023-10-21 00:00:00,2023-10-21 00:58:00,202310210000,2.841e-06,C2.8,GOES-16,7.074e-07,3.912e-03,7.347e-03,,,,16.280254,16.020601,260.72565,181.16086,GOES-16_XRS,1,7420,0,3467
2023-10-21 09:55:00,2023-10-21 09:41:00,2023-10-21 10:10:00,202310210941,5.803e-07,B5.8,GOES-18,3.506e-07,5.136e-04,8.899e-04,,,,,,,,,1,,0,
2023-10-21 12:10:00,2023-10-21 12:02:00,2023-10-21 12:16:00,202310211202,1.530e-06,C1.5,GOES-16,3.966e-07,6.368e-04,8.628e-04,,,,,,973.6123,16.15265,GOES-16_XRS,1,7430,0,3464
2023-10-21 18:17:00,2023-10-21 18:07:00,2023-10-21 18:24:00,202310211807,7.098e-07,B7.0,GOES-16,4.852e-07,5.136e-04,6.968e-04,,,,,,,,,1,7440,0,3464
2023-10-22 05:07:00,2023-10-22 04:52:00,2023-10-22 05:17:00,202310220452,9.298e-07,B9.2,GOES-16,4.615e-07,8.034e-04,1.156e-03,,,,,,,,,1,7470,0,3464
2023-10-23 07:09:00,2023-10-23 06:58:00,2023-10-23 07:21:00,202310230658,1.471e-06,C1.4,GOES-16,5.553e-07,8.984e-04,1.527e-03,12.0,-10.0,SVI,16.821781,-5.9043083,278.716,-183.52553,GOES-16_XRS,1,7480,0,3468
2023-10-23 19:58:00,2023-10-23 19:47:00,2023-10-23 20:04:00,202310231947,2.321e-06,C2.3,GOES-16,5.657e-07,1.166e-03,1.513e-03,,,,18.215242,-11.64218,296.4337,-276.2692,GOES-16_XRS,1,7540,0,3468
2023-10-24 12:26:00,2023-10-24 12:17:00,,202310241217,8.597e-07,B8.5,GOES-16,6.203e-07,5.963e-04,,,,,,,,,,1,7550,0,
2023-10-24 12:45:00,2023-10-24 12:33:00,2023-10-24 13:23:00,202310241233,1.116e-06,C1.1,GOES-16,7.417e-07,9.615e-04,3.106e-03,,,,,,-960.2864,131.09386,GOES-16_XRS,2,,0,
2023-10-24 14:50:00,2023-10-24 14:42:00,2023-10-24 15:21:00,202310241442,1.558e-06,C1.5,GOES-16,9.445e-07,9.049e-04,3.263e-03,,,,42.814808,28.456219,578.0646,403.29984,GOES-16_XRS,1,7560,0,3469
2023-10-24 23:46:00,2023-10-24 23:39:00,,202310242339,1.471e-06,C1.4,GOES-16,9.029e-07,7.712e-04,,,,,-57.90274,14.465803,-793.1049,196.34593,GOES-16_XRS,1,7590,0,
2023-10-25 00:01:00,2023-10-24 23:49:00,2023-10-25 00:11:00,202310242349,4.238e-06,C4.2,GOES-16,1.288e-06,2.928e-03,4.405e-03,,,,-57.816833,15.155673,-789.84436,207.60089,GOES-16_XRS,2,,0,
2023-10-25 00:45:00,2023-10-25 00:38:00,2023-10-25 00:49:00,202310250038,2.648e-06,C2.6,GOES-16,1.734e-06,1.434e-03,1.680e-03,,,,,,-1149.3186,211.95436,GOES-16_XRS,1,7600,0,
2023-10-25 01:28:00,2023-10-25 01:20:00,2023-10-25 01:42:00,202310250120,1.397e-06,C1.3,GOES-16,9.499e-07,8.737e-04,1.771e-03,,,,62.1985,29.048687,747.3848,432.4408,GOES-16_XRS,1,7610,0,3469
2023-10-25 06:40:00,2023-10-25 06:25:00,2023-10-25 06:46:00,202310250625,1.841e-06,C1.8,GOES-16,6.123e-07,1.223e-03,1.521e-03,,,,,,-958.7159,261.81064,GOES-16_XRS,1,7620,0,
2023-10-25 10:23:00,2023-10-25 10:14:00,2023-10-25 10:31:00,202310251014,1.029e-06,C1.0,GOES-16,6.959e-07,6.944e-04,1.017e-03,,,,-69.0784,18.91439,-853.776,283.192,GOES-16_XRS,1,7630,0,
2023-10-25 12:46:00,2023-10-25 12:39:00,2023-10-25 12:51:00,202310251239,1.524e-06,C1.5,GOES-16,5.502e-07,6.389e-04,8.181e-04,,,,,,-950.2118,232.92847,GOES-16_XRS,1,7640,0,
2023-10-25 13:06:00,2023-10-25 12:55:00,2023-10-25 13:16:00,202310251255,1.775e-06,C1.7,GOES-16,8.380e-07,1.227e-03,1.909e-03,,,,-78.677246,-21.536587,-880.3989,-368.48483,GOES-16_XRS,1,7650,0,
2023-10-25 16:22:00,2023-10-25 16:10:00,,202310251610,1.650e-06,C1.6,GOES-16,5.814e-07,1.049e-03,,,,,-47.728455,16.536098,-686.41254,219.55818,GOES-16_XRS,1,7670,0,
2023-10-25 16:29:00,2023-10-25 16:25:00,2023-10-25 16:32:00,202310251625,1.687e-06,C1.6,GOES-16,1.635e-06,7.968e-04,8.925e-04,-49.0,17.0,HOL,-50.11621,18.304743,-704.8413,250.97482,GOES-16_XRS,2,7660,0,
2023-10-25 22:15:00,2023-10-25 21:57:00,2023-10-25 22:32:00,202310252157,1.676e-06,C1.6,GOES-16,7.278e-07,1.584e-03,2.806e-03,,,,25.120405,25.282967,371.78894,342.75757,GOES-16_XRS,1,7680,0,
2023-10-25 22:43:00,2023-10-25 22:35:00,2023-10-25 22:48:00,202310252235,3.020e-06,C3.0,GOES-16,1.060e-06,1.398e-03,1.726e-03,,,,33.515602,-20.637945,500.23676,-405.91357,GOES-16_XRS,1,7690,0,3471
2023-10-26 01:49:00,2023-10-26 01:37:00,2023-10-26 01:57:00,202310260137,1.027e-06,C1.0,GOES-16,5.441e-07,7.653e-04,1.058e-03,,,,25.855858,-14.787647,408.40842,-319.74576,GOES-16_XRS,1,7700,0,
2023-10-26 04:44:00,2023-10-26 04:33:00,2023-10-26 04:52:00,202310260433,1.794e-06,C1.7,GOES-16,9.251e-07,1.279e-03,1.786e-03,,,,-44.8956,22.235218,-632.3428,309.65457,GOES-16_XRS,1,7730,0,
2023-10-26 06:17:00,2023-10-26 06:09:00,2023-10-26 06:21:00,202310260609,9.528e-07,B9.5,GOES-16,6.270e-07,5.720e-04,6.627e-04,,,,,,,,,1,7740,0,
2023-10-26 12:23:00,2023-10-26 12:13:00,2023-10-26 12:36:00,202310261213,1.793e-06,C1.7,GOES-16,7.113e-07,9.773e-04,1.887e-03,,,,-69.76834,10.330255,-892.1258,144.22072,GOES-16_XRS,1,7760,0,3473
2023-10-26 13:26:00,2023-10-26 13:17:00,2023-10-26 13:30:00,202310261317,4.264e-06,C4.2,GOES-16,6.183e-07,1.465e-03,1.708e-03,38.0,-20.0,SVI,38.669136,-17.442154,577.08295,-351.4111,GOES-16_XRS,1,7770,0,
2023-10-26 16:39:00,2023-10-26 16:24:00,2023-10-26 17:05:00,202310261624,2.440e-06,C2.4,GOES-16,6.433e-07,1.702e-03,4.474e-03,27.0,-22.0,HOL,27.008823,-21.868683,408.16858,-428.42502,GOES-16_XRS,1,7780,0,3471
2023-10-26 18:40:00,2023-10-26 18:31:00,2023-10-26 18:46:00,202310261831,1.602e-06,C1.6,GOES-16,6.088e-07,8.726e-04,1.140e-03,,,,30.775736,-21.909575,459.71036,-426.4348,GOES-16_XRS,1,7790,0,3471
2023-10-26 19:28:00,2023-10-26 19:18:00,2023-10-26 19:36:00,202310261918,1.224e-06,C1.2,GOES-16,6.363e-07,7.880e-04,1.140e-03,,,,-26.922363,8.037026,-434.42596,61.394314,GOES-16_XRS,1,7800,0,3473
2023-10-26 19:58:00,2023-10-26 19:49:00,2023-10-26 20:04:00,202310261949,1.458e-06,C1.4,GOES-16,8.549e-07,9.026e-04,1.176e-03,,,,-64.8064,9.001263,-864.14026,115.76492,GOES-16_XRS,1,7810,0,3473
2023-10-26 22:03:00,2023-10-26 21:53:00,2023-10-26 22:20:00,202310262153,1.527e-06,C1.5,GOES-16,6.898e-07,8.790e-04,1.921e-03,-30.0,17.0,HOL,-31.213562,12.326071,-490.49683,136.57257,GOES-16_XRS,1,7820,0,
2023-10-26 23:24:00,2023-10-26 22:47:00,2023-10-27 00:19:00,202310262247,1.415e-05,M1.4,GOES-16,8.934e-07,1.857e-02,5.308e-02,,,,-76.43021,20.730188,-878.32806,322.5288,GOES-16_XRS,1,7830,0,
2023-10-27 08:54:00,2023-10-27 08:39:00,2023-10-27 09:06:00,202310270839,2.139e-06,C2.1,GOES-16,6.826e-07,1.589e-03,2.601e-03,,,,-58.531677,12.959748,-804.15533,174.29433,GOES-16_XRS,1,7850,0,3473
2023-10-28 05:35:00,2023-10-28 05:25:00,,202310280525,9.710e-07,B9.7,GOES-16,6.325e-07,6.863e-04,,-57.0,13.0,LEA,,,,,,1,7860,0,3473
2023-10-28 05:59:00,2023-10-28 05:53:00,2023-10-28 06:04:00,202310280553,1.278e-06,C1.2,GOES-16,8.399e-07,6.469e-04,8.364e-04,-57.0,13.0,LEA,-45.62491,16.888893,-662.3656,226.13846,GOES-16_XRS,2,7870,0,3473
2023-10-28 06:23:00,2023-10-28 06:09:00,2023-10-28 06:38:00,202310280609,1.655e-06,C1.6,GOES-16,1.006e-06,1.496e-03,2.643e-03,,,,-54.92752,10.541041,-778.8132,130.71748,GOES-16_XRS,1,7880,0,3473
2023-10-28 10:15:00,2023-10-28 10:07:00,2023-10-28 10:24:00,202310281007,8.157e-07,B8.1,GOES-16,5.545e-07,5.043e-04,7.980e-04,,,,,,,,,1,7890,0,3472
2023-10-28 12:03:00,2023-10-28 11:57:00,2023-10-28 12:08:00,202310281157,8.026e-07,B8.0,GOES-18,5.929e-07,4.238e-04,5.457e-04,,,,,,,,,1,,0,
2023-10-28 13:57:00,2023-10-28 13:50:00,2023-10-28 14:03:00,202310281350,1.070e-06,C1.0,GOES-16,5.281e-07,5.361e-04,7.316e-04,54.0,-24.0,SVI,45.83725,-16.584517,665.73096,-329.168,GOES-16_XRS,1,7900,0,3471
2023-10-28 17:36:00,2023-10-28 17:26:00,2023-10-28 18:02:00,202310281726,7.384e-07,B7.3,GOES-18,5.208e-07,5.523e-04,1.571e-03,,,,,,,,,1,,0,
2023-10-29 02:50:00,2023-10-29 02:43:00,2023-10-29 02:56:00,202310290243,9.492e-07,B9.4,GOES-16,5.708e-07,5.249e-04,7.099e-04,,,,,,,,,1,7920,0,3474
2023-10-29 07:46:00,2023-10-29 07:34:00,2023-10-29 07:54:00,202310290734,4.336e-06,C4.3,GOES-16,7.166e-07,2.248e-03,3.217e-03,,,,-21.668427,-18.057642,-340.33203,-369.6439,GOES-16_XRS,1,7930,0,3474
2023-10-29 08:55:00,2023-10-29 08:50:00,,202310290850,1.837e-06,C1.8,GOES-16,7.714e-07,7.541e-04,,,,,-21.06781,-17.227512,-332.88266,-356.86902,GOES-16_XRS,1,7940,0,3474
2023-10-29 09:02:00,2023-10-29 08:57:00,2023-10-29 09:04:00,202310290857,2.407e-06,C2.4,GOES-16,1.777e-06,1.055e-03,1.125e-03,,,,-20.573578,-18.948107,-322.22824,-383.97034,GOES-16_XRS,2,7960,0,3474
2023-10-29 09:49:00,2023-10-29 09:47:00,2023-10-29 09:51:00,202310290947,2.558e-06,C2.5,GOES-16,6.940e-07,4.807e-04,5.316e-04,-23.0,-17.0,SVI,-21.752136,-15.507784,-346.23193,-329.295,GOES-16_XRS,1,7950,0,3474
2023-10-29 11:43:00,2023-10-29 11:30:00,2023-10-29 11:51:00,202310291130,6.656e-06,C6.6,GOES-16,8.465e-07,3.294e-03,4.777e-03,-20.0,-18.0,SVI,-19.476715,-18.140783,-307.21014,-371.76248,GOES-16_XRS,1,7970,0,3474
2023-10-29 13:09:00,2023-10-29 13:00:00,2023-10-29 13:12:00,202310291300,7.881e-06,C7.8,GOES-16,1.259e-06,2.703e-03,2.909e-03,-22.0,-19.0,SVI,-21.1828,-18.845331,-331.55215,-381.86298,GOES-16_XRS,1,7980,0,3474
2023-10-29 13:58:00,2023-10-29 13:50:00,2023-10-29 14:06:00,202310291350,2.047e-06,C2.0,GOES-16,8.918e-07,1.113e-03,1.675e-03,-18.0,-17.0,HOL,-15.897949,-16.808853,-254.28098,-352.20956,GOES-16_XRS,1,7990,0,3474
2023-10-29 18:04:00,2023-10-29 17:54:00,2023-10-29 18:10:00,202310291754,9.493e-07,B9.4,GOES-16,5.811e-07,6.793e-04,8.638e-04,,,,,,,,,1,8000,0,3474
2023-10-29 19:25:00,2023-10-29 19:04:00,2023-10-29 19:44:00,202310291904,2.633e-06,C2.6,GOES-16,1.119e-06,3.071e-03,5.333e-03,-16.0,-17.0,HOL,-14.230255,-15.937177,-229.24074,-338.7059,GOES-16_XRS,1,8010,0,3474
2023-10-30 03:49:00,2023-10-30 03:45:00,2023-10-30 03:51:00,202310300345,1.493e-06,C1.4,GOES-16,7.339e-07,5.082e-04,5.638e-04,,,,-9.016541,-18.83017,-143.87045,-385.0065,GOES-16_XRS,1,8030,0,3474
2023-10-30 23:15:00,2023-10-30 23:06:00,2023-10-30 23:18:00,202310302306,1.903e-06,C1.9,GOES-16,8.719e-07,9.665e-04,1.030e-03,-3.0,-17.0,HOL,-2.191101,-20.039091,-34.845486,-403.42484,GOES-16_XRS,1,8110,0,3474
2023-10-31 00:23:00,2023-10-31 00:10:00,2023-10-31 00:30:00,202310310010,5.712e-06,C5.7,GOES-16,1.174e-06,3.222e-03,4.321e-03,,,,-22.025757,16.23839,-349.317,202.21355,GOES-16_XRS,1,8120,0,3473
2023-10-31 01:13:00,2023-10-31 01:04:00,2023-10-31 01:18:00,202310310104,1.805e-06,C1.8,GOES-16,1.094e-06,1.087e-03,1.343e-03,,,,9.454826,-8.555105,157.63402,-218.64339,GOES-16_XRS,1,8130,0,3474
2023-10-31 02:29:00,2023-10-31 02:22:00,2023-10-31 02:32:00,202310310222,2.260e-06,C2.2,GOES-16,8.877e-07,9.317e-04,1.001e-03,,,,-2.557495,-19.284756,-40.863132,-391.57297,GOES-16_XRS,1,8140,0,3474
2023-10-31 07:50:00,2023-10-31 07:36:00,2023-10-31 07:59:00,202310310736,2.100e-06,C2.0,GOES-16,1.039e-06,1.734e-03,2.432e-03,,,,-17.462341,16.903,-278.5999,211.75359,GOES-16_XRS,1,8160,0,3473
2023-10-31 15:06:00,2023-10-31 15:02:00,2023-10-31 15:08:00,202310311502,1.386e-06,C1.3,GOES-16,9.320e-07,5.445e-04,6.056e-04,,,,,,-1043.8062,-132.845,GOES-16_XRS,1,8170,0,
2023-10-31 20:24:00,2023-10-31 20:16:00,,202310312016,3.928e-06,C3.9,GOES-16,2.199e-06,2.199e-03,,,,,,,-949.37836,-190.60115,GOES-16_XRS,1,8200,0,3477
2023-10-31 20:40:00,2023-10-31 20:29:00,2023-10-31 20:42:00,202310312029,3.746e-06,C3.7,GOES-16,3.509e-06,3.256e-03,3.469e-03,,,,-76.66806,-11.6076,-921.8698,-210.9607,GOES-16_XRS,2,,0,
2023-10-31 21:58:00,2023-10-31 21:49:00,2023-10-31 22:01:00,202310312149,5.026e-06,C5.0,GOES-16,2.403e-06,2.822e-03,3.014e-03,10.0,-18.0,HOL,1.9018688,-15.462859,31.043692,-330.39413,GOES-16_XRS,1,8220,0,3474
2023-11-01 00:41:00,2023-11-01 00:20:00,2023-11-01 01:07:00,202311010020,6.918e-06,C6.9,GOES-16,3.874e-06,8.860e-03,1.758e-02,,,,,,-1005.12225,-158.52432,GOES-16_XRS,1,8240,0,
2023-11-01 06:26:00,2023-11-01 06:07:00,2023-11-01 06:48:00,202311010607,1.183e-05,M1.1,GOES-16,4.194e-06,1.150e-02,2.291e-02,,,,,,-954.4189,-194.95316,GOES-16_XRS,1,8270,0,
2023-11-01 09:08:00,2023-11-01 08:46:00,,202311010846,3.039e-06,C3.0,GOES-16,1.933e-06,4.320e-03,,,,,-71.20206,-4.570238,-913.2527,-100.714264,GOES-16_XRS,1,8330,0,
2023-11-01 09:29:00,2023-11-01 09:16:00,2023-11-01 09:32:00,202311010916,3.112e-06,C3.1,GOES-16,3.001e-06,3.130e-03,3.312e-03,,,,-76.235535,-5.786059,-934.8314,-114.78752,GOES-16_XRS,2,8300,0,
2023-11-01 11:48:00,2023-11-01 11:37:00,,202311011137,3.013e-06,C3.0,GOES-16,2.018e-06,2.382e-03,,,,,,,-1005.6483,-144.65259,GOES-16_XRS,1,,0,
2023-11-01 20:09:00,2023-11-01 20:04:00,2023-11-01 20:14:00,202311012004,2.794e-06,C2.7,GOES-16,1.996e-06,1.347e-03,1.774e-03,37.0,18.0,HOL,33.4066,17.55515,509.2878,233.22533,GOES-16_XRS,1,8360,0,3472
2023-11-01 22:00:00,2023-11-01 21:50:00,2023-11-01 22:06:00,202311012150,2.619e-06,C2.6,GOES-16,1.591e-06,1.786e-03,2.298e-03,,,,35.967297,11.430844,558.49744,133.45361,GOES-16_XRS,1,8370,0,
2023-11-02 01:58:00,2023-11-02 01:47:00,2023-11-02 02:01:00,202311020147,3.936e-06,C3.9,GOES-16,1.750e-06,2.368e-03,2.507e-03,32.0,-15.0,LEA,26.279427,-15.719981,413.55768,-325.31906,GOES-16_XRS,1,8440,0,3474
2023-11-02 05:14:00,2023-11-02 04:57:00,,202311020457,4.938e-06,C4.9,GOES-16,1.799e-06,3.787e-03,,,,,-37.71869,-9.861668,-584.6918,-222.50075,GOES-16_XRS,1,,0,
2023-11-02 05:22:00,2023-11-02 05:15:00,2023-11-02 05:28:00,202311020515,4.987e-06,C4.9,GOES-16,4.395e-06,3.181e-03,4.308e-03,,,,-75.49332,-8.111053,-927.4227,-154.17699,GOES-16_XRS,2,8470,0,3480
2023-11-02 06:25:00,2023-11-02 06:12:00,2023-11-02 06:38:00,202311020612,6.477e-06,C6.4,GOES-16,2.229e-06,4.590e-03,7.958e-03,,,,-75.75949,-8.313556,-928.04333,-157.20001,GOES-16_XRS,1,8480,0,3480
2023-11-02 11:19:00,2023-11-02 11:11:00,2023-11-02 11:27:00,202311021111,3.931e-06,C3.9,GOES-16,1.650e-06,1.978e-03,3.034e-03,,,,,,-978.9041,-137.44977,GOES-16_XRS,1,8520,0,3480
2023-11-02 12:11:00,2023-11-02 12:05:00,2023-11-02 12:13:00,202311021205,2.233e-06,C2.2,GOES-16,1.485e-06,1.109e-03,1.202e-03,31.0,-19.0,SVI,34.50357,-22.219973,508.647,-421.0322,GOES-16_XRS,1,8530,0,3474
2023-11-02 12:22:00,2023-11-02 12:18:00,2023-11-02 12:24:00,202311021218,1.681e-05,M1.6,GOES-16,1.538e-06,2.753e-03,2.875e-03,31.0,-19.0,SVI,28.0863,-18.226835,433.91614,-363.35275,GOES-16_XRS,1,8550,0,3474
2023-11-02 19:21:00,2023-11-02 19:08:00,2023-11-02 19:27:00,202311021908,1.040e-05,M1.0,GOES-16,1.618e-06,5.266e-03,6.746e-03,,,,,,-971.19006,-157.4252,GOES-16_XRS,1,8570,0,3480
2023-11-02 20:18:00,2023-11-02 20:10:00,2023-11-02 20:20:00,202311022010,2.785e-06,C2.7,GOES-16,1.449e-06,1.322e-03,1.425e-03,34.0,-19.0,HOL,37.350735,-15.208562,567.95,-308.90665,GOES-16_XRS,1,8580,0,3474
2023-11-02 22:50:00,2023-11-02 22:38:00,2023-11-02 22:58:00,202311022238,4.247e-06,C4.2,GOES-16,1.453e-06,2.582e-03,3.675e-03,17.0,16.0,HOL,17.720165,15.4686775,284.83948,192.42256,GOES-16_XRS,1,8590,0,3473
2023-11-03 01:32:00,2023-11-03 01:18:00,2023-11-03 02:01:00,202311030118,4.554e-06,C4.5,GOES-16,1.732e-06,3.442e-03,9.217e-03,,,,,,-959.6518,-175.7267,GOES-16_XRS,1,8620,0,3480
2023-11-03 22:38:00,2023-11-03 22:28:00,2023-11-03 23:04:00,202311032228,3.468e-06,C3.4,GOES-16,9.330e-07,1.633e-03,5.268e-03,,,,-73.2265,-7.1105595,-919.9209,-139.52882,GOES-16_XRS,1,8680,0,3480
2023-11-04 04:07:00,2023-11-04 03:54:00,2023-11-04 04:24:00,202311040354,2.464e-06,C2.4,GOES-16,1.052e-06,1.897e-03,3.768e-03,36.0,15.0,LEA,25.617624,13.585854,408.1228,166.52675,GOES-16_XRS,1,8710,0,3473
2023-11-04 08:20:00,2023-11-04 08:07:00,2023-11-04 08:34:00,202311040807,2.141e-06,C2.1,GOES-16,1.383e-06,1.895e-03,3.275e-03,,,,78.91018,18.76678,899.4384,298.05356,GOES-16_XRS,1,8760,0,3472
2023-11-04 09:52:00,2023-11-04 09:44:00,2023-11-04 09:56:00,202311040944,1.771e-06,C1.7,GOES-16,1.235e-06,1.102e-03,1.277e-03,,,,,,939.4713,472.56293,GOES-16_XRS,1,8770,0,3472
2023-11-05 10:53:00,2023-11-05 10:45:00,2023-11-05 10:57:00,202311051045,1.634e-06,C1.6,GOES-16,1.085e-06,9.653e-04,1.124e-03,,,,-34.179993,-8.593481,-539.39276,-199.80672,GOES-16_XRS,1,,0,
2023-11-05 11:22:00,2023-11-05 11:15:00,,202311051115,1.361e-06,C1.3,GOES-18,9.583e-07,7.935e-04,,,,,-32.4505,-20.593655,-487.63647,-393.7948,GOES-18_XRS,1,,0,
2023-11-05 11:43:00,2023-11-05 11:34:00,2023-11-05 11:45:00,202311051134,1.832e-05,M1.8,GOES-16,1.285e-06,4.625e-03,4.943e-03,-53.0,-9.0,SVI,-53.237274,-9.2680235,-766.93756,-195.52768,GOES-16_XRS,1,8910,0,3480
2023-11-05 13:28:00,2023-11-05 13:21:00,2023-11-05 13:31:00,202311051321,2.188e-06,C2.1,GOES-16,1.454e-06,1.173e-03,1.275e-03,88.0,20.0,SVI,,,-1001.2754,-243.004,GOES-16_XRS,1,8920,0,3472
2023-11-05 14:32:00,2023-11-05 14:24:00,2023-11-05 14:35:00,202311051424,1.699e-05,M1.6,GOES-16,1.076e-06,3.928e-03,4.307e-03,,,,-51.546112,-9.223718,-749.89233,-196.24501,GOES-16_XRS,1,8930,0,3480
2023-11-05 17:41:00,2023-11-05 17:33:00,2023-11-05 17:45:00,202311051733,4.464e-06,C4.4,GOES-16,9.426e-07,1.485e-03,1.765e-03,,,,-48.510803,-9.737234,-716.38763,-207.31212,GOES-16_XRS,1,8950,0,3480
2023-11-05 20:10:00,2023-11-05 20:03:00,2023-11-05 20:14:00,202311052003,2.565e-06,C2.5,GOES-16,1.090e-06,1.104e-03,1.318e-03,,,,-36.93506,-9.40145,-575.6342,-210.76921,GOES-16_XRS,1,8960,0,3480
2023-11-05 21:17:00,2023-11-05 21:07:00,,202311052107,1.984e-06,C1.9,GOES-16,1.154e-06,1.400e-03,,,,,,,884.41235,397.6161,GOES-16_XRS,1,9000,0,3472
2023-11-05 21:34:00,2023-11-05 21:20:00,2023-11-05 21:37:00,202311052120,9.344e-06,C9.3,GOES-16,1.947e-06,3.864e-03,4.152e-03,-47.0,-8.0,HOL,-23.668701,-1.0622838,-389.98825,-78.9174,GOES-16_XRS,2,8990,0,3480
2023-11-06 00:28:00,2023-11-06 00:21:00,2023-11-06 00:38:00,202311060021,2.549e-06,C2.5,GOES-16,1.719e-06,1.444e-03,2.525e-03,,,,56.035847,21.826931,746.8002,325.44705,GOES-16_XRS,1,9010,0,3472
2023-11-06 01:12:00,2023-11-06 01:03:00,2023-11-06 01:19:00,202311060103,4.736e-06,C4.7,GOES-16,1.736e-06,2.640e-03,3.647e-03,,,,75.71238,20.150188,881.2364,317.59518,GOES-16_XRS,1,9020,0,3472
2023-11-06 02:17:00,2023-11-06 02:09:00,2023-11-06 02:40:00,202311060209,1.737e-06,C1.7,GOES-16,1.023e-06,1.010e-03,2.880e-03,,,,69.898575,12.360706,888.9671,184.80008,GOES-16_XRS,1,9030,0,3472
2023-11-06 03:00:00,2023-11-06 02:53:00,2023-11-06 03:07:00,202311060253,2.119e-06,C2.1,GOES-16,1.298e-06,1.185e-03,1.713e-03,,,,,,1032.2708,-243.53577,GOES-16_XRS,1,9040,0,3474
2023-11-06 03:30:00,2023-11-06 03:22:00,2023-11-06 03:37:00,202311060322,9.309e-06,C9.3,GOES-16,1.486e-06,4.148e-03,5.859e-03,,,,78.14162,21.335403,882.87085,338.93436,GOES-16_XRS,1,9050,0,3472
2023-11-06 05:12:00,2023-11-06 05:08:00,2023-11-06 05:16:00,202311060508,1.564e-06,C1.5,GOES-16,9.268e-07,6.138e-04,7.624e-04,,,,-42.17987,-8.404693,-644.8682,-189.90138,GOES-16_XRS,1,9060,0,3480
2023-11-06 06:02:00,2023-11-06 05:47:00,2023-11-06 06:08:00,202311060547,3.581e-06,C3.5,GOES-16,1.004e-06,2.376e-03,2.922e-03,,,,76.55524,20.565601,882.0531,325.17184,GOES-16_XRS,1,9070,0,3472
2023-11-06 07:14:00,2023-11-06 07:04:00,,202311060704,1.545e-06,C1.5,GOES-16,1.076e-06,1.149e-03,,,,,,,1022.1571,56.50996,GOES-16_XRS,1,9080,0,3472
2023-11-06 07:30:00,2023-11-06 07:23:00,2023-11-06 07:37:00,202311060723,2.677e-06,C2.6,GOES-16,1.390e-06,1.389e-03,2.012e-03,,,,75.27989,11.896942,916.8263,182.93599,GOES-16_XRS,2,9100,0,3472
2023-11-06 07:51:00,2023-11-06 07:46:00,2023-11-06 07:55:00,202311060746,2.969e-06,C2.9,GOES-16,1.499e-06,1.301e-03,1.555e-03,-41.0,-8.0,SVI,-44.17212,-8.581731,-668.8537,-191.1321,GOES-16_XRS,1,9090,0,3480
2023-11-06 14:02:00,2023-11-06 13:47:00,2023-11-06 14:07:00,202311061347,3.682e-06,C3.6,GOES-16,8.706e-07,2.087e-03,2.489e-03,81.0,-16.0,HOL,74.39658,-12.457666,911.07666,-225.60628,GOES-16_XRS,1,9150,0,3474
2023-11-07 05:52:00,2023-11-07 05:38:00,2023-11-07 06:12:00,202311070538,1.930e-06,C1.9,GOES-16,8.410e-07,1.560e-03,3.306e-03,,,,-23.294434,-5.644823,-382.48444,-154.00679,GOES-16_XRS,1,9210,0,3480
2023-11-07 13:12:00,2023-11-07 13:01:00,,202311071301,1.173e-06,C1.1,GOES-16,7.228e-07,8.665e-04,,,,,-11.066772,2.3593142,-186.4835,-22.419874,GOES-16_XRS,1,9230,0,3483
2023-11-07 13:19:00,2023-11-07 13:15:00,2023-11-07 13:21:00,202311071315,1.346e-06,C1.3,GOES-16,1.101e-06,5.712e-04,6.333e-04,,,,2.3291147,-11.105713,38.772305,-249.21687,GOES-16_XRS,2,,0,
2023-11-07 15:59:00,2023-11-07 15:47:00,2023-11-07 16:07:00,202311071547,1.688e-06,C1.6,GOES-16,9.537e-07,1.318e-03,1.802e-03,51.0,21.0,HOL,63.254196,24.786587,786.305,379.90503,GOES-16_XRS,1,9250,0,3479
2023-11-07 16:13:00,2023-11-07 16:08:00,2023-11-07 16:16:00,202311071608,2.046e-06,C2.0,GOES-16,1.267e-06,9.022e-04,9.950e-04,,,,40.324177,12.587783,613.4501,164.13666,GOES-16_XRS,1,9260,0,3479
2023-11-07 23:01:00,2023-11-07 22:55:00,2023-11-07 23:09:00,202311072255,2.923e-06,C2.9,GOES-16,9.451e-07,1.201e-03,1.922e-03,-3.0,9.0,LEA,-5.540802,8.071636,-92.9671,74.321915,GOES-16_XRS,1,9270,0,3483
2023-11-07 23:56:00,2023-11-07 23:49:00,2023-11-08 00:00:00,202311072349,1.750e-06,C1.7,GOES-16,1.069e-06,9.035e-04,1.064e-03,,,,-4.675598,6.648113,-78.739265,50.198772,GOES-16_XRS,1,9300,0,3483
2023-11-08 01:00:00,2023-11-08 00:50:00,2023-11-08 01:05:00,202311080050,2.316e-06,C2.3,GOES-16,1.104e-06,1.342e-03,1.639e-03,,,,-4.348358,7.979211,-73.02217,72.80029,GOES-16_XRS,1,9320,0,3483
2023-11-08 02:57:00,2023-11-08 02:47:00,,202311080247,1.837e-06,C1.8,GOES-16,1.172e-06,1.276e-03,,,,,27.74429,22.468746,418.065,319.51855,GOES-16_XRS,1,,0,
2023-11-08 03:09:00,2023-11-08 03:00:00,2023-11-08 03:14:00,202311080300,4.707e-06,C4.7,GOES-16,1.664e-06,2.569e-03,3.122e-03,-3.0,9.0,LEA,10.110661,10.798163,167.69048,121.339584,GOES-16_XRS,2,9340,0,3483
2023-11-08 05:08:00,2023-11-08 04:58:00,2023-11-08 05:18:00,202311080458,1.926e-06,C1.9,GOES-16,9.692e-07,1.382e-03,2.122e-03,-3.0,8.0,LEA,2.4803588,8.830681,41.59007,87.40474,GOES-16_XRS,1,9370,0,3483
2023-11-08 06:17:00,2023-11-08 06:11:00,2023-11-08 06:27:00,202311080611,1.491e-06,C1.4,GOES-16,8.795e-07,7.445e-04,1.330e-03,,,,0.90880704,11.495266,15.11607,132.37726,GOES-16_XRS,1,9390,0,3483
2023-11-08 08:48:00,2023-11-08 08:38:00,2023-11-08 08:55:00,202311080838,6.874e-06,C6.8,GOES-16,1.221e-06,3.042e-03,4.293e-03,0.0,8.0,LEA,0.4466941,8.965825,7.4898577,89.91944,GOES-16_XRS,1,9420,0,3483
2023-11-08 14:47:00,2023-11-08 14:39:00,2023-11-08 14:51:00,202311081439,1.277e-06,C1.2,GOES-16,8.414e-07,7.474e-04,8.674e-04,6.0,9.0,SVI,6.9438043,16.245716,112.87947,212.78073,GOES-16_XRS,1,9460,0,3483
2023-11-08 20:13:00,2023-11-08 20:05:00,,202311082005,4.229e-06,C4.2,GOES-16,1.203e-06,1.922e-03,,8.0,9.0,HOL,7.535092,8.250553,126.228874,79.23434,GOES-16_XRS,1,9510,0,3483
2023-11-08 20:29:00,2023-11-08 20:19:00,2023-11-08 20:34:00,202311082019,3.473e-06,C3.4,GOES-16,3.176e-06,2.838e-03,3.427e-03,,,,8.519653,7.04822,143.01,59.042046,GOES-16_XRS,2,9520,0,3483
2023-11-09 10:50:00,2023-11-09 10:41:00,,202311091041,1.268e-06,C1.2,GOES-16,8.238e-07,8.391e-04,,,,,17.921387,3.4070094,298.76376,0.62400407,GOES-16_XRS,1,9560,0,3481
2023-11-09 11:18:00,2023-11-09 10:53:00,2023-11-09 12:00:00,202311091053,2.619e-06,C2.6,GOES-16,1.197e-06,3.111e-03,8.512e-03,5.0,-11.0,SVI,16.459826,-4.574973,274.71072,-134.83588,GOES-16_XRS,2,9610,0,3480
2023-11-10 12:14:00,2023-11-10 12:02:00,2023-11-10 12:35:00,202311101202,3.253e-06,C3.2,GOES-16,1.314e-06,2.288e-03,5.512e-03,41.0,-17.0,SVI,46.92911,-16.53926,680.2827,-314.02686,GOES-16_XRS,1,9660,0,3477
2023-11-10 16:04:00,2023-11-10 15:55:00,2023-11-10 16:06:00,202311101555,3.470e-06,C3.4,GOES-16,9.528e-07,1.374e-03,1.470e-03,,,,43.402805,-15.036908,644.8134,-292.1581,GOES-16_XRS,1,9670,0,3477
2023-11-11 00:24:00,2023-11-11 00:20:00,2023-11-11 00:27:00,202311110020,2.227e-06,C2.2,GOES-16,1.360e-06,8.316e-04,9.201e-04,,,,35.460808,2.9450338,563.3732,3.4186327,GOES-16_XRS,1,9700,0,3483
2023-11-11 03:02:00,2023-11-11 02:52:00,2023-11-11 03:11:00,202311110252,2.058e-06,C2.0,GOES-16,1.234e-06,1.405e-03,2.155e-03,,,,57.165092,-15.622632,785.71136,-290.70517,GOES-16_XRS,1,9710,0,3477
2023-11-11 03:32:00,2023-11-11 03:27:00,2023-11-11 03:35:00,202311110327,2.443e-06,C2.4,GOES-16,9.503e-07,8.162e-04,8.850e-04,,,,50.47625,-18.301535,711.35944,-338.8158,GOES-16_XRS,1,9720,0,3477
2023-11-11 03:59:00,2023-11-11 03:51:00,2023-11-11 04:01:00,202311110351,7.198e-06,C7.1,GOES-16,8.133e-07,1.822e-03,1.897e-03,35.0,10.0,LEA,37.44086,7.8950377,585.50336,88.64071,GOES-16_XRS,1,9730,0,3483
2023-11-11 06:08:00,2023-11-11 05:59:00,2023-11-11 06:13:00,202311110559,3.698e-06,C3.6,GOES-16,1.233e-06,1.624e-03,2.037e-03,,,,41.100166,9.130621,630.9642,111.86259,GOES-16_XRS,1,9740,0,3483
2023-11-11 07:38:00,2023-11-11 07:29:00,2023-11-11 07:40:00,202311110729,2.529e-06,C2.5,GOES-16,1.173e-06,1.155e-03,1.226e-03,39.0,8.0,SVI,40.486317,9.552472,622.4528,118.6693,GOES-16_XRS,1,9790,0,3483
2023-11-11 08:34:00,2023-11-11 08:26:00,2023-11-11 08:43:00,202311110826,3.848e-06,C3.8,GOES-16,9.953e-07,1.872e-03,3.003e-03,54.0,-15.0,LEA,56.286987,-17.096363,772.06476,-314.90164,GOES-16_XRS,1,9820,0,3477
2023-11-11 09:16:00,2023-11-11 09:10:00,2023-11-11 09:18:00,202311110910,6.601e-06,C6.6,GOES-16,1.007e-06,1.635e-03,1.736e-03,,,,40.182423,8.6121025,620.22455,102.7402,GOES-16_XRS,1,9830,0,3483
2023-11-11 12:36:00,2023-11-11 12:24:00,2023-11-11 12:52:00,202311111224,2.807e-06,C2.8,GOES-16,8.322e-07,1.622e-03,3.306e-03,,,,48.626102,-11.366933,714.8476,-227.53749,GOES-16_XRS,1,9860,0,3484
2023-11-11 16:10:00,2023-11-11 16:04:00,2023-11-11 16:25:00,202311111604,1.570e-06,C1.5,GOES-16,8.343e-07,7.395e-04,1.775e-03,,,,60.18955,-9.40974,831.16516,-185.84082,GOES-16_XRS,1,9900,0,3477
2023-11-11 16:47:00,2023-11-11 16:36:00,2023-11-11 16:59:00,202311111636,1.807e-06,C1.8,GOES-16,8.131e-07,1.207e-03,2.070e-03,56.0,-19.0,HOL,61.23627,-16.194647,817.2748,-296.06558,GOES-16_XRS,1,9910,0,3477
2023-11-11 17:29:00,2023-11-11 17:01:00,2023-11-11 17:44:00,202311111701,1.251e-05,M1.2,GOES-16,1.236e-06,1.287e-02,1.977e-02,58.0,-18.0,HOL,62.48846,-16.548565,825.3137,-300.68433,GOES-16_XRS,1,9920,0,3477
2023-11-11 18:30:00,2023-11-11 18:19:00,2023-11-11 18:37:00,202311111819,7.899e-06,C7.8,GOES-16,2.927e-06,4.873e-03,6.607e-03,,,,54.57493,-7.2720213,785.2067,-154.73308,GOES-16_XRS,1,9940,0,3477
2023-11-11 20:16:00,2023-11-11 20:04:00,2023-11-11 20:33:00,202311112004,2.424e-06,C2.4,GOES-16,1.315e-06,1.865e-03,3.735e-03,,,,61.60262,-8.938288,843.7304,-176.655,GOES-16_XRS,1,9950,0,3477
2023-11-12 00:05:00,2023-11-11 23:50:00,2023-11-12 00:17:00,202311112350,1.762e-06,C1.7,GOES-16,8.331e-07,1.520e-03,2.318e-03,,,,40.66321,-17.680145,603.5067,-334.64548,GOES-16_XRS,1,9980,0,3485
2023-11-12 04:41:00,2023-11-12 04:27:00,2023-11-12 04:47:00,202311120427,8.417e-06,C8.4,GOES-16,1.012e-06,4.181e-03,5.298e-03,52.0,-15.0,LEA,52.254005,-14.563761,743.55255,-276.38412,GOES-16_XRS,1,9990,0,3484
2023-11-12 09:50:00,2023-11-12 09:30:00,2023-11-12 10:04:00,202311120930,2.420e-06,C2.4,GOES-16,1.104e-06,2.718e-03,4.120e-03,,,,62.037266,1.93504,857.2435,7.262652,GOES-16_XRS,1,40,0,3484
2023-11-12 15:02:00,2023-11-12 14:57:00,2023-11-12 15:04:00,202311121457,1.641e-06,C1.6,GOES-16,1.090e-06,7.195e-04,7.953e-04,,,,2.7776358,-6.7333884,46.851177,-167.61188,GOES-16_XRS,1,90,0,3486
2023-11-13 00:24:00,2023-11-13 00:16:00,2023-11-13 00:33:00,202311130016,1.949e-06,C1.9,GOES-16,8.013e-07,1.017e-03,1.637e-03,65.0,-12.0,LEA,56.622684,-10.161366,798.5619,-199.9557,GOES-16_XRS,1,150,0,3484
2023-11-13 01:46:00,2023-11-13 01:40:00,2023-11-13 01:51:00,202311130140,2.237e-06,C2.2,GOES-16,8.500e-07,9.489e-04,1.220e-03,65.0,-12.0,LEA,59.07403,-8.619448,823.8793,-172.34439,GOES-16_XRS,1,160,0,3484
2023-11-13 08:14:00,2023-11-13 08:03:00,2023-11-13 08:19:00,202311130803,1.817e-06,C1.8,GOES-16,6.678e-07,1.008e-03,1.218e-03,,,,-82.08768,27.347317,-853.2504,438.4569,GOES-16_XRS,1,180,0,
2023-11-13 09:48:00,2023-11-13 09:44:00,2023-11-13 09:51:00,202311130944,1.216e-06,C1.2,GOES-16,8.819e-07,5.124e-04,5.728e-04,,,,68.00168,-14.735269,870.4947,-265.5454,GOES-16_XRS,1,190,0,
2023-11-13 13:31:00,2023-11-13 13:19:00,2023-11-13 13:40:00,202311131319,2.624e-06,C2.6,GOES-16,1.187e-06,1.788e-03,2.618e-03,69.0,-14.0,SVI,72.2825,-12.075195,904.0371,-218.23938,GOES-16_XRS,1,200,0,3484
2023-11-13 16:28:00,2023-11-13 16:16:00,2023-11-13 16:53:00,202311131616,2.187e-06,C2.1,GOES-16,1.024e-06,1.553e-03,4.020e-03,,,,67.95684,-11.175578,882.84564,-207.00291,GOES-16_XRS,1,240,0,3484
2023-11-13 18:11:00,2023-11-13 18:06:00,2023-11-13 18:28:00,202311131806,1.636e-06,C1.6,GOES-16,1.059e-06,7.516e-04,2.025e-03,,,,53.291286,-13.444504,757.7754,-255.74779,GOES-16_XRS,1,250,0,3484
2023-11-13 20:40:00,2023-11-13 20:24:00,,202311132024,1.638e-06,C1.6,GOES-16,7.688e-07,1.391e-03,,,,,78.59724,-8.372143,940.8597,-151.12753,GOES-16_XRS,1,270,0,
2023-11-13 20:50:00,2023-11-13 20:41:00,2023-11-13 21:02:00,202311132041,2.868e-06,C2.8,GOES-16,1.625e-06,1.737e-03,3.192e-03,,,,69.80897,-12.394206,889.88257,-225.43541,GOES-16_XRS,2,260,0,
2023-11-13 21:50:00,2023-11-13 21:41:00,,202311132141,1.430e-06,C1.4,GOES-16,9.531e-07,9.524e-04,,,,,49.866325,-13.502241,722.6733,-258.93155,GOES-16_XRS,1,280,0,
2023-11-13 22:03:00,2023-11-13 22:00:00,2023-11-13 22:07:00,202311132200,1.385e-06,C1.3,GOES-16,1.332e-06,5.726e-04,7.319e-04,,,,58.870342,-4.7657948,828.84045,-107.12489,GOES-16_XRS,2,530,0,
2023-11-14 02:01:00,2023-11-14 01:50:00,2023-11-14 02:06:00,202311140150,2.806e-06,C2.8,GOES-16,1.100e-06,1.626e-03,1.974e-03,,,,73.5521,-16.7954,891.0834,-293.88773,GOES-16_XRS,1,330,0,3484
2023-11-14 03:36:00,2023-11-14 03:31:00,2023-11-14 03:38:00,202311140331,1.819e-06,C1.8,GOES-16,9.249e-07,6.808e-04,7.372e-04,,,,63.00287,-25.31197,782.2239,-435.54718,GOES-16_XRS,1,340,0,3485
2023-11-14 03:45:00,2023-11-14 03:40:00,2023-11-14 04:02:00,202311140340,1.867e-06,C1.8,GOES-16,1.041e-06,8.108e-04,2.258e-03,,,,65.86475,-15.71761,853.05835,-282.76065,GOES-16_XRS,1,420,0,3485
2023-11-14 04:22:00,2023-11-14 04:18:00,2023-11-14 04:25:00,202311140418,2.192e-06,C2.1,GOES-16,1.004e-06,7.286e-04,8.031e-04,,,,63.629734,-20.59762,814.49146,-362.362,GOES-16_XRS,1,350,0,3485
2023-11-14 06:53:00,2023-11-14 06:48:00,2023-11-14 06:56:00,202311140648,1.680e-06,C1.6,GOES-16,1.186e-06,8.006e-04,8.817e-04,,,,,,1010.777,-213.51454,GOES-16_XRS,1,370,0,3484
2023-11-14 08:53:00,2023-11-14 08:50:00,2023-11-14 08:55:00,202311140850,1.583e-06,C1.5,GOES-16,1.142e-06,5.770e-04,6.463e-04,,,,51.84478,-19.692537,719.604,-356.514,GOES-16_XRS,1,380,0,3485
2023-11-14 10:09:00,2023-11-14 10:02:00,2023-11-14 10:20:00,202311141002,1.384e-06,C1.3,GOES-16,9.638e-07,7.700e-04,1.435e-03,,,,23.73526,3.8948357,390.98315,19.852066,GOES-16_XRS,1,400,0,3486
2023-11-14 11:12:00,2023-11-14 11:03:00,2023-11-14 11:23:00,202311141103,1.926e-06,C1.9,GOES-16,1.350e-06,1.320e-03,2.254e-03,,,,,,920.785,-332.9219,GOES-16_XRS,1,430,0,3484
2023-11-14 11:45:00,2023-11-14 11:39:00,2023-11-14 11:48:00,202311141139,2.154e-06,C2.1,GOES-16,1.206e-06,9.655e-04,1.054e-03,,,,78.46873,5.144315,946.9402,76.87955,GOES-16_XRS,1,450,0,3483
2023-11-14 12:23:00,2023-11-14 12:14:00,2023-11-14 12:34:00,202311141214,1.796e-06,C1.7,GOES-16,9.910e-07,1.149e-03,1.948e-03,,,,65.89279,-20.56167,829.9309,-359.82697,GOES-16_XRS,1,470,0,3485
2023-11-14 14:43:00,2023-11-14 14:38:00,,202311141438,2.266e-06,C2.2,GOES-16,8.447e-07,8.127e-04,,,,,,,948.5042,-237.48999,GOES-16_XRS,1,540,0,
2023-11-14 14:50:00,2023-11-14 14:47:00,2023-11-14 14:53:00,202311141447,2.553e-06,C2.5,GOES-16,1.709e-06,9.036e-04,9.997e-04,,,,74.09429,-19.51224,879.79205,-336.66586,GOES-16_XRS,2,500,0,
2023-11-14 15:31:00,2023-11-14 15:19:00,2023-11-14 15:41:00,202311141519,2.787e-06,C2.7,GOES-16,9.648e-07,1.758e-03,2.751e-03,,,,,,979.5935,78.018875,GOES-16_XRS,1,520,0,
2023-11-14 17:10:00,2023-11-14 17:04:00,,202311141704,1.205e-06,C1.2,GOES-16,8.014e-07,6.147e-04,,,,,,,1040.4633,-145.1049,GOES-16_XRS,1,550,0,
2023-11-14 17:37:00,2023-11-14 17:18:00,2023-11-14 17:43:00,202311141718,2.575e-06,C2.5,GOES-16,1.058e-06,2.269e-03,2.709e-03,,,,,,994.482,-238.85362,GOES-16_XRS,2,560,0,
2023-11-14 18:11:00,2023-11-14 17:52:00,2023-11-14 18:18:00,202311141752,5.886e-06,C5.8,GOES-16,1.109e-06,4.826e-03,5.921e-03,,,,87.053246,5.68579,963.69617,93.40528,GOES-16_XRS,1,580,0,3483
2023-11-14 19:30:00,2023-11-14 19:19:00,2023-11-14 19:35:00,202311141919,1.663e-06,C1.6,GOES-16,8.237e-07,1.088e-03,1.307e-03,,,,75.13426,0.22118112,938.1739,-8.997646,GOES-16_XRS,1,590,0,
2023-11-14 19:49:00,2023-11-14 19:43:00,2023-11-14 19:53:00,202311141943,3.950e-06,C3.9,GOES-16,9.154e-07,1.482e-03,1.747e-03,,,,76.562294,-14.806252,912.5568,-258.82718,GOES-16_XRS,1,600,0,
2023-11-14 21:10:00,2023-11-14 21:05:00,2023-11-14 21:14:00,202311142105,1.139e-06,C1.1,GOES-16,8.256e-07,5.393e-04,6.504e-04,,,,,,992.1261,-218.12794,GOES-16_XRS,1,610,0,
2023-11-14 21:24:00,2023-11-14 21:21:00,,202311142121,1.190e-06,C1.1,GOES-16,8.140e-07,4.402e-04,,,,,,,941.1782,-289.75766,GOES-16_XRS,1,620,0,
2023-11-14 21:32:00,2023-11-14 21:26:00,2023-11-14 21:45:00,202311142126,1.473e-06,C1.4,GOES-16,1.112e-06,8.150e-04,1.702e-03,,,,70.54006,-12.475123,893.8707,-225.57036,GOES-16_XRS,2,,0,
2023-11-14 22:13:00,2023-11-14 22:08:00,2023-11-14 22:23:00,202311142208,1.539e-06,C1.5,GOES-16,1.087e-06,7.461e-04,1.421e-03,,,,65.39385,-11.15047,866.4659,-207.80914,GOES-16_XRS,1,630,0,
2023-11-14 23:05:00,2023-11-14 22:58:00,2023-11-14 23:08:00,202311142258,1.084e-05,M1.0,GOES-16,8.828e-07,2.509e-03,2.759e-03,75.0,-17.0,LEA,70.207504,-19.92916,858.8414,-346.22955,GOES-16_XRS,1,640,0,3485
2023-11-15 03:20:00,2023-11-15 03:13:00,2023-11-15 03:25:00,202311150313,1.222e-06,C1.2,GOES-16,8.805e-07,6.942e-04,8.816e-04,,,,,,1053.5621,-327.61407,GOES-16_XRS,1,660,0,
2023-11-15 03:51:00,2023-11-15 03:38:00,,202311150338,1.804e-06,C1.8,GOES-16,9.915e-07,1.462e-03,,,,,69.8209,-7.8223925,903.01465,-148.74455,GOES-16_XRS,1,670,0,
2023-11-15 04:01:00,2023-11-15 03:55:00,2023-11-15 04:05:00,202311150355,8.401e-06,C8.4,GOES-16,1.710e-06,2.852e-03,3.362e-03,,,,74.426895,-19.097006,883.5673,-329.58405,GOES-16_XRS,2,,0,
2023-11-15 04:32:00,2023-11-15 04:21:00,2023-11-15 04:38:00,202311150421,2.841e-06,C2.8,GOES-16,1.673e-06,2.048e-03,2.600e-03,,,,,,988.3145,-240.31754,GOES-16_XRS,1,680,0,
2023-11-15 06:17:00,2023-11-15 06:07:00,2023-11-15 06:26:00,202311150607,1.476e-06,C1.4,GOES-16,9.912e-07,1.052e-03,1.584e-03,,,,,,1076.2224,-234.3821,GOES-16_XRS,1,690,0,
2023-11-15 10:00:00,2023-11-15 09:56:00,2023-11-15 10:04:00,202311150956,1.567e-06,C1.5,GOES-16,1.167e-06,6.795e-04,8.350e-04,,,,74.5116,-22.908129,861.64026,-389.28522,GOES-16_XRS,1,,0,
2023-11-15 12:12:00,2023-11-15 12:06:00,2023-11-15 12:17:00,202311151206,7.744e-06,C7.7,GOES-16,1.156e-06,2.482e-03,3.281e-03,,,,77.991035,-18.908524,898.01495,-323.60272,GOES-16_XRS,1,710,0,3485
2023-11-16 04:33:00,2023-11-16 04:19:00,2023-11-16 04:48:00,202311160419,2.514e-06,C2.5,GOES-16,9.245e-07,1.989e-03,3.535e-03,,,,-78.50214,-16.323921,-912.7932,-281.46497,GOES-16_XRS,1,750,0,
2023-11-16 20:22:00,2023-11-16 20:03:00,2023-11-16 20:52:00,202311162003,4.871e-06,C4.8,GOES-16,1.029e-06,4.076e-03,1.021e-02,,,,,,-963.7656,-244.47801,GOES-16_XRS,1,820,0,
2023-11-17 10:10:00,2023-11-17 10:02:00,2023-11-17 10:14:00,202311171002,1.571e-06,C1.5,GOES-16,9.503e-07,8.865e-04,1.031e-03,,,,-76.17746,-10.072,-928.4533,-180.1181,GOES-16_XRS,1,890,0,3489
2023-11-17 15:02:00,2023-11-17 14:51:00,2023-11-17 15:18:00,202311171451,1.723e-06,C1.7,GOES-16,9.177e-07,1.225e-03,2.445e-03,,,,-72.49405,-12.305791,-905.1378,-219.78009,GOES-16_XRS,1,910,0,3489
2023-11-17 17:53:00,2023-11-17 17:46:00,2023-11-17 18:02:00,202311171746,1.449e-06,C1.4,GOES-16,1.037e-06,8.229e-04,1.360e-03,,,,-55.613403,13.91728,-779.15094,209.64476,GOES-16_XRS,1,940,0,
2023-11-18 04:32:00,2023-11-18 04:18:00,2023-11-18 04:48:00,202311180418,2.576e-06,C2.5,GOES-16,1.327e-06,2.215e-03,4.030e-03,,,,,,-941.96436,274.08145,GOES-16_XRS,1,960,0,3489
2023-11-18 05:42:00,2023-11-18 05:37:00,2023-11-18 05:49:00,202311180537,1.264e-05,M1.2,GOES-16,1.496e-06,3.939e-03,6.126e-03,,,,,,-941.65857,311.69165,GOES-16_XRS,1,970,0,3490
2023-11-18 10:43:00,2023-11-18 10:34:00,2023-11-18 10:50:00,202311181034,4.034e-06,C4.0,GOES-16,1.808e-06,2.103e-03,3.003e-03,,,,,,-909.1053,356.4089,GOES-16_XRS,1,990,0,3490
2023-11-18 16:44:00,2023-11-18 16:34:00,2023-11-18 16:53:00,202311181634,1.213e-05,M1.2,GOES-16,1.786e-06,6.065e-03,9.357e-03,,,,,,-943.99677,251.1184,GOES-16_XRS,1,1020,0,3490
2023-11-18 19:59:00,2023-11-18 19:48:00,2023-11-18 20:18:00,202311181948,3.377e-06,C3.3,GOES-16,2.208e-06,2.622e-03,5.791e-03,,,,-88.71735,19.769064,-913.1086,327.08496,GOES-16_XRS,1,1030,0,3490
2023-11-18 22:22:00,2023-11-18 21:52:00,,202311182152,8.150e-06,C8.1,GOES-16,1.888e-06,1.020e-02,,,,,,,-936.9263,273.53342,GOES-16_XRS,1,1040,0,3490
2023-11-18 22:33:00,2023-11-18 22:26:00,2023-11-18 22:39:00,202311182226,1.062e-05,M1.0,GOES-16,7.775e-06,6.249e-03,8.401e-03,,,,-78.88754,16.61701,-913.2827,269.8595,GOES-16_XRS,2,1100,0,3490
2023-11-19 03:13:00,2023-11-19 03:02:00,2023-11-19 03:22:00,202311190302,3.218e-06,C3.2,GOES-16,2.069e-06,2.472e-03,3.633e-03,,,,-62.850403,23.346724,-794.44116,367.8131,GOES-16_XRS,1,1070,0,3490
2023-11-19 04:52:00,2023-11-19 04:46:00,,202311190446,2.833e-06,C2.8,GOES-16,1.979e-06,1.450e-03,,,,,-53.334076,-15.747956,-751.20337,-287.39658,GOES-16_XRS,1,1080,0,3489
2023-11-19 05:10:00,2023-11-19 05:01:00,2023-11-19 05:13:00,202311190501,3.224e-06,C3.2,GOES-16,2.619e-06,2.314e-03,2.480e-03,,,,-62.6279,11.540863,-846.20605,175.96959,GOES-16_XRS,2,1110,0,3490
2023-11-19 06:47:00,2023-11-19 06:36:00,,202311190636,2.894e-06,C2.8,GOES-16,1.929e-06,2.251e-03,,,,,-67.94144,22.080357,-834.8948,350.9221,GOES-16_XRS,1,1090,0,3490
2023-11-19 07:05:00,2023-11-19 06:55:00,2023-11-19 07:18:00,202311190655,3.785e-06,C3.7,GOES-16,2.622e-06,2.785e-03,5.080e-03,,,,-68.272736,18.125093,-858.2661,287.8261,GOES-16_XRS,2,1120,0,3490
2023-11-19 08:34:00,2023-11-19 08:25:00,2023-11-19 08:51:00,202311190825,7.576e-06,C7.5,GOES-16,2.207e-06,3.355e-03,8.392e-03,-58.0,-16.0,SVI,-57.053375,-16.00875,-784.7145,-289.3017,GOES-16_XRS,1,1140,0,3489
2023-11-19 11:11:00,2023-11-19 11:07:00,2023-11-19 11:15:00,202311191107,3.640e-06,C3.6,GOES-16,2.672e-06,1.541e-03,1.895e-03,,,,-73.0567,-14.640628,-899.3867,-256.78647,GOES-16_XRS,1,1150,0,3490
2023-11-19 15:25:00,2023-11-19 15:14:00,2023-11-19 15:29:00,202311191514,2.555e-06,C2.5,GOES-16,1.564e-06,1.917e-03,2.155e-03,,,,-77.25571,18.14613,-900.49786,293.94055,GOES-16_XRS,1,1160,0,3490
2023-11-19 20:44:00,2023-11-19 20:37:00,2023-11-19 20:47:00,202311192037,2.415e-06,C2.4,GOES-16,1.744e-06,1.354e-03,1.472e-03,-48.0,-12.0,HOL,-53.407257,-6.6944003,-776.114,-136.82523,GOES-16_XRS,1,1190,0,3489
2023-11-19 23:17:00,2023-11-19 23:13:00,2023-11-19 23:32:00,202311192313,2.186e-06,C2.1,GOES-16,1.521e-06,9.020e-04,2.498e-03,,,,-66.98685,17.920076,-851.56903,284.2985,GOES-16_XRS,1,1240,0,3491
2023-11-20 03:11:00,2023-11-20 03:08:00,2023-11-20 03:17:00,202311200308,2.980e-06,C2.9,GOES-16,1.617e-06,9.939e-04,1.547e-03,,,,-72.89203,14.316916,-900.13727,229.04309,GOES-16_XRS,1,1250,0,3491
2023-11-20 07:06:00,2023-11-20 07:03:00,2023-11-20 07:08:00,202311200703,3.874e-06,C3.8,GOES-16,2.231e-06,1.249e-03,1.391e-03,,,,-76.34778,17.307674,-901.55414,280.15747,GOES-16_XRS,1,1260,0,3492
2023-11-20 07:33:00,2023-11-20 07:20:00,,202311200720,3.850e-06,C3.8,GOES-16,1.931e-06,2.942e-03,,,,,-79.0845,17.794672,-908.3481,289.716,GOES-16_XRS,1,1270,0,3492
2023-11-20 07:42:00,2023-11-20 07:36:00,2023-11-20 07:46:00,202311200736,3.339e-06,C3.3,GOES-16,2.976e-06,1.915e-03,2.275e-03,,,,,,-947.233,320.68048,GOES-16_XRS,2,1280,0,3492
2023-11-20 08:36:00,2023-11-20 08:30:00,2023-11-20 08:41:00,202311200830,2.189e-06,C2.1,GOES-16,1.546e-06,1.182e-03,1.514e-03,,,,-86.94815,18.002798,-922.13617,297.9078,GOES-16_XRS,1,1290,0,3492
2023-11-20 09:03:00,2023-11-20 08:54:00,2023-11-20 09:11:00,202311200854,1.267e-05,M1.2,GOES-16,1.412e-06,4.469e-03,7.273e-03,,,,-76.65906,18.383862,-897.2795,297.8001,GOES-16_XRS,1,1300,0,3492
2023-11-20 09:25:00,2023-11-20 09:18:00,2023-11-20 09:29:00,202311200918,4.927e-06,C4.9,GOES-16,3.510e-06,2.888e-03,3.367e-03,,,,,,-931.6194,304.29782,GOES-16_XRS,1,1310,0,3492
2023-11-20 10:14:00,2023-11-20 10:09:00,2023-11-20 10:21:00,202311201009,5.134e-06,C5.1,GOES-16,1.591e-06,1.851e-03,2.896e-03,-68.0,27.0,SVI,-72.68234,27.365625,-824.097,436.29028,GOES-16_XRS,1,1320,0,3492
2023-11-20 12:31:00,2023-11-20 12:23:00,2023-11-20 12:38:00,202311201223,8.174e-06,C8.1,GOES-16,2.180e-06,3.375e-03,4.932e-03,,,,-74.5282,18.888142,-886.2813,304.74698,GOES-16_XRS,1,1330,0,
2023-11-20 13:12:00,2023-11-20 13:02:00,2023-11-20 13:19:00,202311201302,2.731e-06,C2.7,GOES-16,1.853e-06,2.088e-03,2.793e-03,,,,-44.53763,0.7705777,-683.0845,-14.169273,GOES-16_XRS,1,1340,0,
2023-11-20 14:07:00,2023-11-20 13:58:00,2023-11-20 14:12:00,202311201358,3.585e-06,C3.5,GOES-16,1.859e-06,2.077e-03,2.560e-03,,,,-79.74414,19.69422,-900.1232,320.7851,GOES-16_XRS,1,1350,0,3492
2023-11-20 16:23:00,2023-11-20 16:20:00,2023-11-20 16:27:00,202311201620,2.163e-06,C2.1,GOES-16,1.511e-06,8.010e-04,1.016e-03,,,,,,-914.8309,401.5496,GOES-16_XRS,1,1360,0,3492
2023-11-20 20:57:00,2023-11-20 20:47:00,,202311202047,2.847e-06,C2.8,GOES-16,1.434e-06,1.729e-03,,-34.0,-13.0,HOL,-34.324066,-1.0444263,-549.4532,-48.80025,GOES-16_XRS,1,1370,0,3489
2023-11-20 21:10:00,2023-11-20 21:03:00,2023-11-20 21:13:00,202311202103,2.748e-06,C2.7,GOES-16,2.470e-06,1.712e-03,1.858e-03,,,,-44.51822,8.777817,-674.95197,122.064445,GOES-16_XRS,2,1410,0,3492
2023-11-20 23:42:00,2023-11-20 23:35:00,2023-11-20 23:57:00,202311202335,3.142e-06,C3.1,GOES-16,1.709e-06,1.565e-03,3.591e-03,,,,,,-975.3433,174.40964,GOES-16_XRS,1,1390,0,3492
2023-11-21 01:18:00,2023-11-21 01:07:00,2023-11-21 01:25:00,202311210107,6.449e-06,C6.4,GOES-16,3.802e-06,4.718e-03,6.312e-03,,,,,,-907.635,-373.4288,GOES-16_XRS,1,1420,0,3493
2023-11-21 03:45:00,2023-11-21 03:37:00,2023-11-21 03:59:00,202311210337,6.717e-06,C6.7,GOES-16,1.677e-06,2.687e-03,6.260e-03,-32.0,-16.0,LEA,-30.848572,-14.327106,-484.22174,-271.79965,GOES-16_XRS,1,1430,0,3489
2023-11-21 05:42:00,2023-11-21 05:29:00,2023-11-21 05:52:00,202311210529,2.721e-06,C2.7,GOES-16,1.876e-06,2.490e-03,3.651e-03,,,,-62.52231,24.635578,-784.5589,389.81824,GOES-16_XRS,1,1440,0,3492
2023-11-21 07:13:00,2023-11-21 07:06:00,2023-11-21 07:21:00,202311210706,3.723e-06,C3.7,GOES-16,1.804e-06,1.974e-03,3.040e-03,-63.0,16.0,SVI,-55.693817,13.425114,-782.1281,205.74179,GOES-16_XRS,1,1450,0,3492
2023-11-21 11:10:00,2023-11-21 11:06:00,2023-11-21 11:13:00,202311211106,3.271e-06,C3.2,GOES-16,2.325e-06,1.358e-03,1.510e-03,,,,-70.12598,17.483965,-872.29205,280.1908,GOES-16_XRS,1,1460,0,3492
2023-11-21 13:36:00,2023-11-21 13:31:00,2023-11-21 13:40:00,202311211331,3.545e-06,C3.5,GOES-16,1.934e-06,1.492e-03,1.799e-03,,,,-56.118286,23.352247,-741.88,367.0683,GOES-16_XRS,1,1480,0,3492
2023-11-21 13:52:00,2023-11-21 13:48:00,2023-11-21 13:57:00,202311211348,7.792e-06,C7.7,GOES-16,2.272e-06,2.311e-03,3.172e-03,,,,-52.797974,19.899546,-729.1866,310.6332,GOES-16_XRS,1,1490,0,3492
2023-11-21 14:36:00,2023-11-21 14:31:00,2023-11-21 14:43:00,202311211431,3.966e-06,C3.9,GOES-16,2.595e-06,1.903e-03,2.900e-03,,,,-23.580658,-10.727948,-383.2445,-213.88423,GOES-16_XRS,1,1500,0,3489
2023-11-21 16:21:00,2023-11-21 16:13:00,2023-11-21 16:27:00,202311211613,2.745e-06,C2.7,GOES-16,1.780e-06,1.626e-03,2.310e-03,-58.0,17.0,HOL,-55.33795,16.603691,-767.3494,258.43143,GOES-16_XRS,1,1520,0,3492
2023-11-21 22:40:00,2023-11-21 22:31:00,2023-11-21 22:44:00,202311212231,2.663e-06,C2.6,GOES-16,1.845e-06,1.772e-03,2.034e-03,,,,-55.71106,15.908398,-773.5494,247.52405,GOES-16_XRS,1,1590,0,3497
2023-11-21 23:19:00,2023-11-21 23:12:00,,202311212312,2.901e-06,C2.9,GOES-16,2.098e-06,1.719e-03,,-44.0,23.0,LEA,-40.89679,18.17495,-606.09546,278.3609,GOES-16_XRS,1,1600,0,3495
2023-11-21 23:31:00,2023-11-21 23:22:00,,202311212322,3.389e-06,C3.3,GOES-16,2.828e-06,2.476e-03,,,,,-37.036804,22.028934,-544.1104,339.13986,GOES-16_XRS,2,,0,
2023-11-21 23:40:00,2023-11-21 23:33:00,2023-11-21 23:46:00,202311212333,4.475e-06,C4.4,GOES-16,3.362e-06,2.631e-03,3.571e-03,,,,-43.277374,21.759142,-620.2574,337.04483,GOES-16_XRS,3,1610,0,3495
2023-11-22 01:11:00,2023-11-22 01:04:00,2023-11-22 01:15:00,202311220104,7.561e-06,C7.5,GOES-16,2.499e-06,2.873e-03,3.391e-03,-48.0,21.0,LEA,-47.169373,20.853048,-667.52167,324.16885,GOES-16_XRS,1,1620,0,3495
2023-11-22 06:28:00,2023-11-22 06:17:00,2023-11-22 06:36:00,202311220617,9.023e-06,C9.0,GOES-16,3.095e-06,5.539e-03,7.880e-03,-51.0,13.0,LEA,-48.25406,15.150914,-701.503,232.13106,GOES-16_XRS,1,1670,0,3492
2023-11-23 00:03:00,2023-11-22 23:54:00,2023-11-23 00:13:00,202311222354,6.379e-06,C6.3,GOES-16,4.026e-06,4.197e-03,6.831e-03,,,,-20.36972,3.160262,-339.0482,22.661205,GOES-16_XRS,1,1850,0,3491
2023-11-23 03:38:00,2023-11-23 02:59:00,2023-11-23 04:04:00,202311230259,1.489e-05,M1.4,GOES-16,6.950e-06,2.982e-02,4.815e-02,,,,-73.021545,20.171879,-873.1273,326.19693,GOES-16_XRS,1,1880,0,
2023-11-23 05:44:00,2023-11-23 05:37:00,2023-11-23 05:46:00,202311230537,7.897e-06,C7.8,GOES-16,5.371e-06,4.069e-03,4.417e-03,-35.0,19.0,LEA,-38.670837,23.842085,-557.01935,370.395,GOES-16_XRS,1,1910,0,3492
2023-11-23 07:14:00,2023-11-23 07:06:00,2023-11-23 07:31:00,202311230706,6.866e-06,C6.8,GOES-16,4.763e-06,4.126e-03,9.485e-03,-34.0,15.0,LEA,-40.34192,16.602896,-604.65814,254.56853,GOES-16_XRS,1,1920,0,3492
2023-11-23 12:46:00,2023-11-23 12:35:00,,202311231235,5.344e-06,C5.3,GOES-16,2.327e-06,3.337e-03,,,,,-53.136993,-9.698771,-768.15283,-182.95714,GOES-16_XRS,1,1950,0,3490
2023-11-23 13:15:00,2023-11-23 12:58:00,2023-11-23 13:26:00,202311231258,6.256e-06,C6.2,GOES-16,4.458e-06,6.832e-03,9.905e-03,,,,-74.56973,-18.808094,-887.3421,-321.39505,GOES-16_XRS,2,2140,0,
2023-11-23 14:37:00,2023-11-23 14:25:00,2023-11-23 14:41:00,202311231425,1.103e-05,M1.1,GOES-16,2.603e-06,5.703e-03,6.395e-03,,,,-15.326233,20.85747,-240.95522,318.36615,GOES-16_XRS,1,1960,0,3490
2023-11-23 15:21:00,2023-11-23 15:15:00,2023-11-23 15:25:00,202311231515,3.795e-06,C3.7,GOES-16,2.615e-06,1.930e-03,2.307e-03,,,,-31.714172,-10.791303,-503.56488,-209.11354,GOES-16_XRS,1,1970,0,3494
2023-11-23 15:38:00,2023-11-23 15:32:00,2023-11-23 15:41:00,202311231532,5.943e-06,C5.9,GOES-16,2.787e-06,2.401e-03,2.635e-03,-17.0,21.0,HOL,-15.3072815,19.818295,-242.29633,301.68008,GOES-16_XRS,1,1980,0,3497
2023-11-23 18:28:00,2023-11-23 18:19:00,,202311231819,2.570e-06,C2.5,GOES-16,1.618e-06,1.646e-03,,,,,-27.964294,14.295279,-443.20325,213.6624,GOES-16_XRS,1,1990,0,3502
2023-11-23 18:41:00,2023-11-23 18:34:00,2023-11-23 18:44:00,202311231834,3.271e-06,C3.2,GOES-16,2.428e-06,1.859e-03,2.021e-03,,,,-24.573425,21.31303,-377.8627,327.55746,GOES-16_XRS,2,2150,0,3492
2023-11-23 20:39:00,2023-11-23 20:34:00,2023-11-23 20:41:00,202311232034,9.291e-06,C9.2,GOES-16,1.633e-06,2.351e-03,2.507e-03,,,,-12.937012,20.03062,-205.21849,305.2454,GOES-16_XRS,1,2000,0,3490
2023-11-23 21:05:00,2023-11-23 20:57:00,2023-11-23 21:08:00,202311232057,4.064e-06,C4.0,GOES-16,1.598e-06,1.811e-03,1.956e-03,,,,-11.373291,19.9752,-180.83218,304.22397,GOES-16_XRS,1,2010,0,3490
2023-11-24 01:16:00,2023-11-24 01:10:00,2023-11-24 01:19:00,202311240110,2.013e-06,C2.0,GOES-16,1.299e-06,9.365e-04,1.021e-03,,,,-21.233337,13.798802,-343.1462,204.5118,GOES-16_XRS,1,2080,0,3492
2023-11-24 03:03:00,2023-11-24 03:01:00,2023-11-24 03:05:00,202311240301,2.181e-06,C2.1,GOES-16,1.483e-06,6.540e-04,7.450e-04,,,,-17.92212,20.620663,-280.9818,315.93723,GOES-16_XRS,1,2100,0,3490
2023-11-24 05:41:00,2023-11-24 05:31:00,2023-11-24 05:57:00,202311240531,3.299e-06,C3.2,GOES-16,1.736e-06,2.224e-03,4.667e-03,,,,-19.167908,12.634178,-312.6168,185.08495,GOES-16_XRS,1,2110,0,3492
2023-11-24 07:03:00,2023-11-24 07:00:00,2023-11-24 07:08:00,202311240700,3.310e-06,C3.3,GOES-16,2.160e-06,1.216e-03,1.700e-03,-13.0,25.0,LEA,-17.966644,17.482115,-287.06705,265.286,GOES-16_XRS,1,2120,0,3495
2023-11-24 09:33:00,2023-11-24 09:17:00,2023-11-24 09:42:00,202311240917,1.138e-05,M1.1,GOES-16,1.653e-06,7.632e-03,1.089e-02,2.0,-16.0,SVI,2.9762359,-16.089386,48.684795,-299.38998,GOES-16_XRS,1,2190,0,3499
2023-11-24 10:19:00,2023-11-24 10:11:00,2023-11-24 10:24:00,202311241011,2.572e-06,C2.5,GOES-16,1.786e-06,1.575e-03,1.951e-03,-35.0,-14.0,SVI,-29.777954,-14.881516,-468.1423,-275.7064,GOES-16_XRS,1,2220,0,3494
2023-11-24 10:42:00,2023-11-24 10:34:00,2023-11-24 10:48:00,202311241034,7.639e-06,C7.6,GOES-16,1.568e-06,2.867e-03,3.918e-03,-34.0,-15.0,SVI,-34.594757,-14.0914135,-536.9993,-261.39395,GOES-16_XRS,1,2230,0,3494
2023-11-24 22:19:00,2023-11-24 22:02:00,2023-11-24 22:47:00,202311242202,5.590e-06,C5.5,GOES-16,1.443e-06,4.474e-03,1.106e-02,-1.0,22.0,LEA,-5.3093567,24.59608,-82.103615,379.56744,GOES-16_XRS,1,2320,0,3490
2023-11-25 09:18:00,2023-11-25 09:13:00,2023-11-25 09:21:00,202311250913,2.143e-06,C2.1,GOES-16,1.539e-06,1.039e-03,1.146e-03,,,,11.389921,-22.054134,178.60997,-391.8758,GOES-16_XRS,1,2400,0,3499
2023-11-25 17:11:00,2023-11-25 17:04:00,2023-11-25 17:16:00,202311251704,1.540e-06,C1.5,GOES-16,1.028e-06,8.245e-04,1.053e-03,12.0,21.0,HOL,16.9314,15.330534,274.133,232.56476,GOES-16_XRS,1,2480,0,3490
2023-11-26 03:25:00,2023-11-26 03:17:00,2023-11-26 03:31:00,202311260317,1.445e-06,C1.4,GOES-16,9.711e-07,8.695e-04,1.155e-03,,,,10.879162,23.917093,168.39407,371.6579,GOES-16_XRS,1,2580,0,3490
2023-11-26 07:44:00,2023-11-26 07:38:00,2023-11-26 07:50:00,202311260738,3.626e-06,C3.6,GOES-16,1.135e-06,1.516e-03,2.116e-03,17.0,19.0,LEA,19.248135,18.952263,304.31116,293.4589,GOES-16_XRS,1,2610,0,3490
2023-11-26 12:57:00,2023-11-26 12:52:00,2023-11-26 13:04:00,202311261252,2.757e-06,C2.7,GOES-16,1.081e-06,1.063e-03,1.666e-03,,,,-28.019135,-19.620747,-431.73367,-348.93118,GOES-16_XRS,1,2670,0,3500
2023-11-26 15:51:00,2023-11-26 15:44:00,2023-11-26 15:56:00,202311261544,1.322e-06,C1.3,GOES-16,9.570e-07,7.561e-04,9.578e-04,,,,3.0847223,20.167,49.315506,312.55225,GOES-16_XRS,1,2680,0,3502
2023-11-26 16:07:00,2023-11-26 16:00:00,2023-11-26 16:18:00,202311261600,1.793e-06,C1.7,GOES-16,1.016e-06,9.945e-04,1.791e-03,-28.0,-19.0,HOL,-30.482483,-23.499178,-453.81525,-408.9695,GOES-16_XRS,1,2690,0,3500
2023-11-27 04:25:00,2023-11-27 04:16:00,2023-11-27 04:35:00,202311270416,1.770e-06,C1.7,GOES-16,1.025e-06,1.088e-03,1.802e-03,,,,16.938526,24.637419,258.4862,385.56256,GOES-16_XRS,1,2900,0,3492
2023-11-27 08:11:00,2023-11-27 08:03:00,2023-11-27 08:25:00,202311270803,3.459e-06,C3.4,GOES-16,1.649e-06,1.793e-03,3.930e-03,31.0,20.0,LEA,35.595917,19.411522,535.5915,305.7061,GOES-16_XRS,1,2940,0,3490
2023-11-27 18:37:00,2023-11-27 18:20:00,,202311271820,3.836e-06,C3.8,GOES-16,1.532e-06,3.335e-03,,,,,4.692254,8.870575,78.94046,127.77477,GOES-16_XRS,1,3010,0,
2023-11-27 18:52:00,2023-11-27 18:40:00,2023-11-27 19:02:00,202311271840,6.793e-06,C6.7,GOES-16,3.540e-06,5.209e-03,7.880e-03,,,,-19.175018,-12.78384,-312.73633,-237.26828,GOES-16_XRS,2,3040,0,3500
2023-11-27 23:39:00,2023-11-27 23:13:00,2023-11-28 00:25:00,202311272313,5.613e-06,C5.6,GOES-16,1.643e-06,6.931e-03,1.876e-02,,,,-41.979706,27.738943,-577.3407,438.88495,GOES-16_XRS,1,3070,0,3503
2023-11-28 04:48:00,2023-11-28 04:38:00,2023-11-28 04:54:00,202311280438,2.105e-06,C2.1,GOES-16,1.370e-06,1.479e-03,1.902e-03,,,,38.916378,-20.223253,575.03094,-353.34396,GOES-16_XRS,1,3120,0,3500
2023-11-28 17:53:00,2023-11-28 17:45:00,2023-11-28 17:59:00,202311281745,2.259e-06,C2.2,GOES-16,1.607e-06,1.450e-03,1.920e-03,,,,31.707548,12.278852,501.3076,190.0449,GOES-16_XRS,1,3300,0,
2023-11-28 19:32:00,2023-11-28 19:07:00,,202311281907,3.514e-05,M3.5,GOES-16,1.406e-06,2.455e-02,,,,,3.063047,-14.208248,50.595417,-259.93405,GOES-16_XRS,1,3340,0,3500
2023-11-28 19:50:00,2023-11-28 19:35:00,2023-11-28 20:08:00,202311281935,9.937e-05,M9.9,GOES-16,3.378e-05,8.258e-02,1.587e-01,,,,-1.1207886,-16.991127,-18.270342,-305.3207,GOES-16_XRS,2,3400,0,3500
2023-11-28 23:31:00,2023-11-28 23:21:00,2023-11-28 23:38:00,202311282321,8.173e-06,C8.1,GOES-16,2.698e-06,4.680e-03,6.395e-03,,,,62.557518,-17.397924,825.1276,-300.28387,GOES-16_XRS,1,3430,0,3499
2023-11-29 04:47:00,2023-11-29 04:32:00,2023-11-29 04:58:00,202311290432,2.816e-06,C2.8,GOES-16,1.520e-06,2.648e-03,3.916e-03,,,,39.310513,14.741687,597.8652,233.24008,GOES-16_XRS,1,3480,0,3502
2023-11-29 08:03:00,2023-11-29 07:50:00,2023-11-29 08:13:00,202311290750,6.433e-06,C6.4,GOES-16,1.838e-06,4.620e-03,6.834e-03,,,,46.176502,16.091448,676.21045,257.16266,GOES-16_XRS,1,3510,0,3502
2023-11-29 11:33:00,2023-11-29 11:26:00,2023-11-29 11:38:00,202311291126,2.032e-06,C2.0,GOES-16,1.305e-06,1.050e-03,1.337e-03,,,,-1.3734436,-13.922243,-22.7263,-253.90224,GOES-16_XRS,1,3540,0,3500
2023-11-29 13:25:00,2023-11-29 13:14:00,2023-11-29 13:35:00,202311291314,2.132e-06,C2.1,GOES-16,1.279e-06,1.536e-03,2.403e-03,,,,39.160133,-15.609736,593.50555,-276.9443,GOES-16_XRS,1,3550,0,3499
2023-11-29 14:35:00,2023-11-29 14:27:00,2023-11-29 14:42:00,202311291427,3.843e-06,C3.8,GOES-16,1.140e-06,1.952e-03,2.740e-03,,,,10.415969,-14.581306,170.91109,-264.1551,GOES-16_XRS,1,3570,0,3500
2023-11-29 15:34:00,2023-11-29 15:12:00,,202311291512,3.151e-06,C3.1,GOES-16,1.448e-06,3.716e-03,,13.0,-15.0,HOL,9.36875,-5.4197183,158.32675,-111.04767,GOES-16_XRS,1,3600,0,3500
2023-11-29 16:01:00,2023-11-29 15:53:00,,202311291553,2.690e-06,C2.6,GOES-16,2.510e-06,1.862e-03,,,,,8.22975,-8.967956,138.13239,-170.91966,GOES-16_XRS,2,3670,0,3507
2023-11-29 16:13:00,2023-11-29 16:05:00,2023-11-29 16:17:00,202311291605,2.861e-06,C2.8,GOES-16,2.664e-06,1.963e-03,2.289e-03,,,,11.819874,-16.315033,192.01703,-292.24695,GOES-16_XRS,3,3680,0,3500
2023-11-29 21:12:00,2023-11-29 21:08:00,2023-11-29 21:18:00,202311292108,1.895e-06,C1.8,GOES-16,1.408e-06,8.320e-04,1.233e-03,11.0,-19.0,HOL,36.526665,7.160778,576.4782,106.82335,GOES-16_XRS,1,3720,0,3500
2023-11-29 22:41:00,2023-11-29 22:35:00,2023-11-29 22:47:00,202311292235,2.413e-06,C2.4,GOES-16,9.508e-07,1.021e-03,1.426e-03,14.0,-18.0,LEA,15.096769,-18.042166,241.87245,-319.41522,GOES-16_XRS,1,3760,0,3500
2023-11-30 04:20:00,2023-11-30 04:12:00,2023-11-30 04:25:00,202311300412,1.779e-06,C1.7,GOES-16,8.775e-07,9.650e-04,1.190e-03,,,,48.140343,-8.647308,718.31445,-158.49786,GOES-16_XRS,1,3800,0,
2023-11-30 15:44:00,2023-11-30 15:40:00,2023-11-30 15:49:00,202311301540,2.143e-06,C2.1,GOES-16,1.041e-06,8.021e-04,1.072e-03,,,,30.474218,-26.524061,442.9369,-448.91043,GOES-16_XRS,1,3850,0,3500
2023-11-30 18:07:00,2023-11-30 17:55:00,2023-11-30 18:14:00,202311301755,1.451e-06,C1.4,GOES-16,9.908e-07,1.230e-03,1.600e-03,,,,61.955875,-10.862718,844.8671,-191.37991,GOES-16_XRS,1,3860,0,3493
2023-11-30 19:27:00,2023-11-30 19:16:00,,202311301916,2.221e-06,C2.2,GOES-16,1.106e-06,1.437e-03,,,,,31.056114,-11.436861,493.74377,-207.54842,GOES-16_XRS,1,3880,0,3500
2023-11-30 20:13:00,2023-11-30 19:37:00,2023-11-30 20:38:00,202311301937,2.970e-06,C2.9,GOES-16,1.762e-06,6.103e-03,9.794e-03,,,,71.68187,14.146092,896.65405,232.98872,GOES-16_XRS,2,3910,0,3504
2023-11-30 22:31:00,2023-11-30 22:23:00,2023-11-30 22:35:00,202311302223,2.401e-06,C2.4,GOES-16,1.475e-06,1.371e-03,1.596e-03,,,,70.101944,-15.9075575,880.8996,-272.2933,GOES-16_XRS,1,3890,0,3499
2023-11-30 22:48:00,2023-11-30 22:37:00,2023-11-30 22:55:00,202311302237,3.674e-06,C3.6,GOES-16,1.861e-06,2.432e-03,3.277e-03,,,,,,968.6434,-272.21695,GOES-16_XRS,1,3900,0,3499
2023-12-01 03:11:00,2023-12-01 02:50:00,2023-12-01 03:23:00,202312010250,4.841e-06,C4.8,GOES-16,1.207e-06,4.666e-03,6.822e-03,,,,73.932556,15.802928,900.507,260.96356,GOES-16_XRS,1,3920,0,3492
2023-12-01 04:39:00,2023-12-01 04:12:00,2023-12-01 05:06:00,202312010412,1.117e-05,M1.1,GOES-16,2.141e-06,1.319e-02,2.716e-02,,,,76.362816,12.224362,924.85504,202.52966,GOES-16_XRS,1,3930,0,3502
2023-12-01 09:42:00,2023-12-01 09:34:00,2023-12-01 09:46:00,202312010934,1.748e-06,C1.7,GOES-16,1.121e-06,1.037e-03,1.203e-03,,,,38.522614,-25.639816,547.98676,-433.05746,GOES-16_XRS,1,3950,0,3500
2023-12-01 10:11:00,2023-12-01 09:58:00,2023-12-01 10:23:00,202312010958,1.844e-06,C1.8,GOES-16,1.118e-06,1.558e-03,2.514e-03,,,,,,948.6225,219.81349,GOES-16_XRS,1,3960,0,3502
2023-12-01 11:59:00,2023-12-01 11:48:00,2023-12-01 12:04:00,202312011148,5.341e-06,C5.3,GOES-16,1.126e-06,2.444e-03,2.992e-03,,,,37.085686,-19.898918,553.4944,-343.55374,GOES-16_XRS,1,3970,0,3500
2023-12-01 13:16:00,2023-12-01 13:09:00,,202312011309,1.659e-06,C1.6,GOES-16,1.092e-06,9.083e-04,,,,,31.475967,-14.428632,493.8071,-255.69768,GOES-16_XRS,1,4000,0,3500
2023-12-01 13:28:00,2023-12-01 13:23:00,2023-12-01 13:33:00,202312011323,1.952e-06,C1.9,GOES-16,1.442e-06,9.557e-04,1.257e-03,,,,61.93174,-14.132594,834.1422,-244.82149,GOES-16_XRS,2,4010,0,3499
2023-12-01 19:27:00,2023-12-01 19:16:00,2023-12-01 19:32:00,202312011916,3.304e-06,C3.3,GOES-16,2.050e-06,2.478e-03,2.949e-03,42.0,-19.0,HOL,45.883648,-19.294788,661.1976,-331.88226,GOES-16_XRS,1,4040,0,3500
2023-12-01 21:20:00,2023-12-01 20:55:00,2023-12-01 22:09:00,202312012055,1.049e-05,M1.0,GOES-16,1.485e-06,8.663e-03,3.084e-02,,,,55.24399,-12.258573,783.0623,-215.01492,GOES-16_XRS,1,4050,0,3500
2023-12-02 01:48:00,2023-12-02 01:40:00,2023-12-02 01:56:00,202312020140,2.746e-06,C2.7,GOES-16,1.981e-06,1.797e-03,2.676e-03,,,,,,944.98535,415.34583,GOES-16_XRS,1,4110,0,3492
2023-12-02 02:25:00,2023-12-02 02:19:00,2023-12-02 02:35:00,202312020219,2.312e-06,C2.3,GOES-16,1.715e-06,1.227e-03,2.231e-03,,,,78.29049,22.392076,881.5618,368.30475,GOES-16_XRS,1,4120,0,3492
2023-12-02 03:51:00,2023-12-02 03:34:00,2023-12-02 04:00:00,202312020334,3.157e-06,C3.1,GOES-16,1.380e-06,3.124e-03,4.157e-03,,,,46.95686,-19.236092,673.3284,-330.27142,GOES-16_XRS,1,4150,0,3500
2023-12-02 04:44:00,2023-12-02 04:35:00,2023-12-02 05:00:00,202312020435,2.222e-06,C2.2,GOES-16,1.419e-06,1.445e-03,3.094e-03,,,,62.809944,18.781925,820.95624,307.95932,GOES-16_XRS,1,4160,0,3492
2023-12-02 07:02:00,2023-12-02 06:53:00,,202312020653,2.095e-06,C2.0,GOES-16,1.474e-06,1.419e-03,,,,,54.986866,-0.07029298,798.9545,-8.882093,GOES-16_XRS,1,4170,0,3509
2023-12-02 07:34:00,2023-12-02 07:17:00,2023-12-02 07:41:00,202312020717,2.939e-06,C2.9,GOES-16,1.807e-06,3.004e-03,3.734e-03,,,,63.135674,13.893902,844.239,228.22296,GOES-16_XRS,2,4230,0,3492
2023-12-02 09:35:00,2023-12-02 09:28:00,2023-12-02 09:45:00,202312020928,1.719e-06,C1.7,GOES-16,1.204e-06,9.784e-04,1.709e-03,,,,50.98573,-14.798996,732.93225,-257.2028,GOES-16_XRS,1,4190,0,3500
2023-12-02 16:26:00,2023-12-02 16:21:00,2023-12-02 16:37:00,202312021621,1.928e-06,C1.9,GOES-16,1.166e-06,8.662e-04,1.717e-03,,,,71.34611,-11.610183,904.2738,-199.99849,GOES-16_XRS,1,4210,0,3493
2023-12-02 21:20:00,2023-12-02 21:12:00,2023-12-02 21:22:00,202312022112,2.687e-06,C2.6,GOES-16,8.738e-07,8.969e-04,9.539e-04,33.0,23.0,HOL,30.669153,18.57224,472.264,301.1824,GOES-16_XRS,1,4260,0,3503
2023-12-03 08:06:00,2023-12-03 07:54:00,2023-12-03 08:12:00,202312030754,4.095e-06,C4.0,GOES-16,1.167e-06,2.870e-03,3.493e-03,,,,,,921.6218,-345.44562,GOES-16_XRS,1,4280,0,3494
2023-12-03 14:36:00,2023-12-03 14:18:00,2023-12-03 14:52:00,202312031418,2.888e-06,C2.8,GOES-16,1.069e-06,2.892e-03,4.822e-03,,,,,,928.4989,417.02878,GOES-16_XRS,1,4290,0,3492
2023-12-03 19:55:00,2023-12-03 19:48:00,2023-12-03 19:57:00,202312031948,1.293e-06,C1.2,GOES-16,7.888e-07,6.162e-04,6.748e-04,,,,-12.118347,10.69087,-201.65291,171.64511,GOES-16_XRS,1,4300,0,3510
2023-12-03 22:37:00,2023-12-03 22:26:00,2023-12-03 22:41:00,202312032226,2.768e-06,C2.7,GOES-16,9.112e-07,1.455e-03,1.663e-03,,,,74.125656,-18.649733,887.917,-314.08112,GOES-16_XRS,1,4320,0,3500
2023-12-04 01:04:00,2023-12-04 00:55:00,2023-12-04 01:09:00,202312040055,1.575e-06,C1.5,GOES-16,7.791e-07,8.311e-04,1.041e-03,,,,-26.365906,-19.06135,-410.10184,-327.19556,GOES-16_XRS,1,4350,0,3511
2023-12-04 01:26:00,2023-12-04 01:22:00,2023-12-04 01:29:00,202312040122,8.188e-06,C8.1,GOES-16,9.559e-07,2.020e-03,2.187e-03,,,,-23.74356,-22.44662,-363.58115,-381.12735,GOES-16_XRS,1,4370,0,3511
2023-12-04 02:53:00,2023-12-04 02:44:00,2023-12-04 03:03:00,202312040244,2.189e-06,C2.1,GOES-16,7.093e-07,1.037e-03,2.048e-03,-14.0,5.0,LEA,-11.064362,6.5628095,-186.39038,102.51551,GOES-16_XRS,1,4380,0,3507
2023-12-04 04:21:00,2023-12-04 04:10:00,2023-12-04 04:31:00,202312040410,1.211e-06,C1.2,GOES-16,7.334e-07,9.335e-04,1.427e-03,,,,62.469185,26.609135,773.0652,432.8682,GOES-16_XRS,1,4400,0,
2023-12-04 09:20:00,2023-12-04 09:11:00,2023-12-04 09:34:00,202312040911,1.304e-06,C1.3,GOES-16,8.714e-07,8.552e-04,1.659e-03,,,,-7.8243103,3.3011425,-132.88408,47.529205,GOES-16_XRS,1,4410,0,3507
2023-12-04 15:16:00,2023-12-04 15:04:00,2023-12-04 15:26:00,202312041504,1.346e-06,C1.3,GOES-16,8.641e-07,1.101e-03,1.653e-03,,,,-35.355194,14.346346,-547.625,235.46408,GOES-16_XRS,1,4420,0,
2023-12-04 23:18:00,2023-12-04 23:14:00,2023-12-04 23:24:00,202312042314,3.971e-06,C3.9,GOES-16,9.700e-07,1.296e-03,1.915e-03,,,,-80.19058,20.604492,-898.36035,341.54413,GOES-16_XRS,1,4470,0,
2023-12-04 23:39:00,2023-12-04 23:28:00,2023-12-04 23:44:00,202312042328,4.803e-06,C4.8,GOES-16,1.771e-06,2.883e-03,3.465e-03,,,,,,1179.3441,-387.41965,GOES-16_XRS,1,4480,0,3500
2023-12-04 23:55:00,2023-12-04 23:51:00,2023-12-05 00:01:00,202312042351,3.030e-06,C3.0,GOES-16,1.796e-06,1.195e-03,1.772e-03,-87.0,18.0,LEA,,,-1323.6234,408.63364,GOES-16_XRS,1,4490,0,
2023-12-05 01:38:00,2023-12-05 01:34:00,2023-12-05 01:41:00,202312050134,1.435e-06,C1.4,GOES-16,9.210e-07,5.860e-04,6.554e-04,,,,,,-1065.9924,306.34476,GOES-16_XRS,1,4500,0,
2023-12-05 01:48:00,2023-12-05 01:42:00,2023-12-05 01:51:00,202312050142,2.023e-06,C2.0,GOES-16,1.206e-06,1.018e-03,1.099e-03,,,,-70.06375,5.852372,-911.63116,96.902596,GOES-16_XRS,1,4510,0,
2023-12-05 03:24:00,2023-12-05 03:18:00,2023-12-05 03:30:00,202312050318,5.967e-06,C5.9,GOES-16,8.282e-07,1.839e-03,2.632e-03,-87.0,18.0,LEA,,,-927.4486,319.6098,GOES-16_XRS,1,4520,0,
2023-12-05 03:59:00,2023-12-05 03:54:00,,202312050354,1.718e-06,C1.7,GOES-16,1.245e-06,8.331e-04,,,,,23.912817,-19.852692,372.57617,-338.0269,GOES-16_XRS,1,,0,
2023-12-05 04:09:00,2023-12-05 04:03:00,,202312050403,2.751e-06,C2.7,GOES-16,1.628e-06,1.372e-03,,,,,26.700985,-25.227705,397.12527,-422.17914,GOES-16_XRS,2,,0,
2023-12-05 04:37:00,2023-12-05 04:24:00,2023-12-05 04:45:00,202312050424,2.561e-06,C2.5,GOES-16,2.427e-06,2.534e-03,3.436e-03,,,,52.84354,-26.607323,695.30743,-440.8356,GOES-16_XRS,3,4540,0,3494
2023-12-05 06:44:00,2023-12-05 06:39:00,2023-12-05 06:47:00,202312050639,1.593e-05,M1.5,GOES-16,1.790e-06,4.648e-03,5.053e-03,-87.0,18.0,LEA,-79.482605,17.81765,-911.7968,296.8561,GOES-16_XRS,1,4550,0,3513
2023-12-05 08:59:00,2023-12-05 08:54:00,2023-12-05 09:06:00,202312050854,5.831e-06,C5.8,GOES-16,2.297e-06,2.166e-03,3.438e-03,-2.0,-22.0,LEA,-6.027649,-21.40668,-95.571396,-363.0094,GOES-16_XRS,1,4600,0,3510
2023-12-05 09:36:00,2023-12-05 09:29:00,2023-12-05 09:42:00,202312050929,3.818e-06,C3.8,GOES-16,2.039e-06,1.993e-03,2.685e-03,,,,-80.89554,19.608315,-905.96014,325.86575,GOES-16_XRS,1,4610,0,3513
2023-12-05 10:10:00,2023-12-05 10:03:00,2023-12-05 10:15:00,202312051003,3.069e-06,C3.0,GOES-16,1.894e-06,1.667e-03,2.114e-03,,,,-85.10486,17.62181,-924.61865,294.22552,GOES-16_XRS,1,4620,0,3513
2023-12-05 10:48:00,2023-12-05 10:40:00,,202312051040,2.302e-06,C2.3,GOES-16,1.624e-06,1.484e-03,,,,,-55.219086,14.955651,-774.363,248.23067,GOES-16_XRS,1,,0,
2023-12-05 11:04:00,2023-12-05 11:00:00,2023-12-05 11:07:00,202312051100,2.470e-06,C2.4,GOES-16,2.206e-06,1.135e-03,1.269e-03,,,,-28.424469,4.869245,-463.5461,77.23945,GOES-16_XRS,2,4630,0,3510
2023-12-05 12:05:00,2023-12-05 11:47:00,,202312051147,4.230e-06,C4.2,GOES-16,1.137e-06,3.691e-03,,,,,-76.60144,18.816631,-897.1645,312.8491,GOES-16_XRS,1,4660,0,3513
2023-12-05 12:15:00,2023-12-05 12:07:00,2023-12-05 12:17:00,202312051207,4.704e-06,C4.7,GOES-16,4.004e-06,3.151e-03,3.373e-03,,,,-72.51517,18.195852,-883.12744,302.5138,GOES-16_XRS,2,4710,0,3513
2023-12-05 13:37:00,2023-12-05 13:27:00,,202312051327,5.311e-06,C5.3,GOES-16,9.526e-07,2.622e-03,,,,,-74.574005,18.340055,-891.6786,305.0404,GOES-16_XRS,1,4670,0,3513
2023-12-05 13:51:00,2023-12-05 13:45:00,2023-12-05 13:54:00,202312051345,5.256e-06,C5.2,GOES-16,3.990e-06,2.738e-03,2.963e-03,,,,-76.93683,19.00168,-897.3921,315.8915,GOES-16_XRS,2,4720,0,3513
2023-12-05 15:32:00,2023-12-05 15:21:00,,202312051521,1.429e-06,C1.4,GOES-16,9.237e-07,1.125e-03,,,,,-57.365234,13.37596,-799.4257,222.52208,GOES-16_XRS,1,4730,0,3513
2023-12-05 15:40:00,2023-12-05 15:35:00,2023-12-05 15:43:00,202312051535,2.920e-06,C2.9,GOES-16,1.323e-06,1.164e-03,1.275e-03,,,,-59.32663,13.800326,-814.9068,229.69975,GOES-16_XRS,2,4680,0,3513
2023-12-05 17:10:00,2023-12-05 16:57:00,,202312051657,3.224e-06,C3.2,GOES-16,8.527e-07,1.917e-03,,,,,-61.919373,17.627916,-820.1928,292.71173,GOES-16_XRS,1,4690,0,3513
2023-12-05 17:25:00,2023-12-05 17:13:00,2023-12-05 17:31:00,202312051713,7.475e-06,C7.4,GOES-16,2.862e-06,4.806e-03,6.010e-03,,,,-71.505554,18.532547,-876.467,308.02454,GOES-16_XRS,2,4740,0,3513
2023-12-05 18:03:00,2023-12-05 17:43:00,2023-12-05 18:24:00,202312051743,8.671e-06,C8.6,GOES-16,2.876e-06,8.907e-03,1.704e-02,0.0,-21.0,HOL,13.455927,-28.077196,200.65279,-465.02594,GOES-16_XRS,1,4700,0,3511
2023-12-05 19:17:00,2023-12-05 19:07:00,2023-12-05 19:24:00,202312051907,5.680e-06,C5.6,GOES-16,3.540e-06,3.951e-03,5.370e-03,,,,,,-996.7311,352.93677,GOES-16_XRS,1,4750,0,3513
2023-12-05 20:36:00,2023-12-05 20:32:00,2023-12-05 20:40:00,202312052032,1.704e-06,C1.7,GOES-16,1.232e-06,7.305e-04,8.981e-04,,,,,,1061.3135,-264.23978,GOES-16_XRS,1,4780,0,3500
2023-12-05 21:10:00,2023-12-05 20:59:00,2023-12-05 21:16:00,202312052059,1.039e-05,M1.0,GOES-16,1.396e-06,4.255e-03,5.736e-03,-70.0,20.0,HOL,-65.52704,16.3987,-851.4873,273.09155,GOES-16_XRS,1,4790,0,3513
2023-12-05 21:20:00,2023-12-05 21:17:00,2023-12-05 21:24:00,202312052117,1.477e-05,M1.4,GOES-16,6.087e-06,4.706e-03,5.664e-03,,,,,,-940.1419,354.54352,GOES-16_XRS,1,4800,0,3513
2023-12-05 23:01:00,2023-12-05 22:54:00,2023-12-05 23:07:00,202312052254,5.121e-06,C5.1,GOES-16,1.241e-06,2.193e-03,2.970e-03,-70.0,20.0,LEA,-67.460266,17.035563,-861.0804,283.66925,GOES-16_XRS,1,4810,0,3513
2023-12-05 23:25:00,2023-12-05 23:19:00,2023-12-05 23:32:00,202312052319,2.959e-06,C2.9,GOES-16,2.076e-06,1.558e-03,2.333e-03,,,,-57.881866,17.418564,-788.503,289.3428,GOES-16_XRS,1,4820,0,3513
2023-12-06 01:09:00,2023-12-06 00:53:00,2023-12-06 01:31:00,202312060053,3.897e-06,C3.8,GOES-16,1.008e-06,2.877e-03,6.419e-03,-70.0,20.0,LEA,-68.47211,16.288023,-870.6014,271.61264,GOES-16_XRS,1,4860,0,3513
2023-12-06 02:59:00,2023-12-06 02:45:00,2023-12-06 03:09:00,202312060245,3.947e-06,C3.9,GOES-16,1.183e-06,2.625e-03,4.007e-03,-70.0,20.0,LEA,-61.13214,17.764202,-813.57404,295.29877,GOES-16_XRS,1,4880,0,3513
2023-12-06 05:01:00,2023-12-06 04:49:00,2023-12-06 05:18:00,202312060449,2.688e-06,C2.6,GOES-16,1.200e-06,1.854e-03,3.943e-03,,,,-55.296234,16.929224,-767.55347,281.51602,GOES-16_XRS,1,4890,0,
2023-12-06 05:41:00,2023-12-06 05:30:00,2023-12-06 05:51:00,202312060530,2.129e-05,M2.1,GOES-16,1.426e-06,8.156e-03,1.448e-02,-66.0,18.0,LEA,-63.24893,16.561533,-834.88153,275.95114,GOES-16_XRS,1,4900,0,3513
2023-12-06 08:17:00,2023-12-06 08:07:00,2023-12-06 08:27:00,202312060807,9.604e-06,C9.6,GOES-16,9.018e-07,3.194e-03,6.186e-03,-64.0,18.0,LEA,-61.70111,17.11034,-820.92334,284.9298,GOES-16_XRS,1,4910,0,3513
2023-12-06 11:44:00,2023-12-06 11:32:00,2023-12-06 11:59:00,202312061132,1.653e-06,C1.6,GOES-16,7.023e-07,1.121e-03,2.149e-03,,,,-48.811615,18.869162,-695.25397,313.08432,GOES-16_XRS,1,4920,0,3513
2023-12-06 12:48:00,2023-12-06 12:39:00,2023-12-06 12:53:00,202312061239,1.741e-06,C1.7,GOES-16,6.911e-07,8.845e-04,1.102e-03,,,,-62.866394,19.210566,-819.75836,319.15952,GOES-16_XRS,1,4930,0,3513
2023-12-06 13:29:00,2023-12-06 13:18:00,2023-12-06 13:35:00,202312061318,1.454e-06,C1.4,GOES-16,6.905e-07,9.814e-04,1.239e-03,,,,,,-897.73926,404.30972,GOES-16_XRS,1,4940,0,3513
2023-12-06 14:01:00,2023-12-06 13:46:00,2023-12-06 14:21:00,202312061346,3.637e-06,C3.6,GOES-16,7.048e-07,3.005e-03,5.992e-03,,,,-57.818207,16.872042,-790.3481,281.14038,GOES-16_XRS,1,4950,0,3513
2023-12-06 15:25:00,2023-12-06 15:17:00,,202312061517,1.165e-06,C1.1,GOES-16,7.298e-07,7.134e-04,,,,,-36.21637,20.613718,-540.2707,340.97284,GOES-16_XRS,1,,0,
2023-12-06 15:35:00,2023-12-06 15:27:00,2023-12-06 15:38:00,202312061527,1.487e-06,C1.4,GOES-16,1.109e-06,9.334e-04,1.001e-03,-59.0,20.0,HOL,-56.279938,21.859407,-753.31946,361.31384,GOES-16_XRS,2,4980,0,3513
2023-12-06 16:06:00,2023-12-06 16:00:00,2023-12-06 16:10:00,202312061600,3.213e-06,C3.2,GOES-16,6.452e-07,1.243e-03,1.462e-03,,,,-58.04074,19.461908,-780.57745,323.17206,GOES-16_XRS,1,4990,0,3513
2023-12-06 17:14:00,2023-12-06 17:04:00,2023-12-06 17:22:00,202312061704,1.355e-06,C1.3,GOES-16,8.081e-07,9.094e-04,1.310e-03,,,,28.859726,4.488767,470.36877,73.19999,GOES-16_XRS,1,5020,0,3507
2023-12-06 18:56:00,2023-12-06 18:47:00,2023-12-06 19:02:00,202312061847,4.851e-06,C4.8,GOES-16,7.126e-07,1.905e-03,2.579e-03,-59.0,20.0,HOL,-57.220917,20.3515,-769.23584,337.53375,GOES-16_XRS,1,5050,0,3513
2023-12-06 21:44:00,2023-12-06 21:26:00,2023-12-06 21:54:00,202312062126,2.371e-05,M2.3,GOES-16,7.960e-07,1.284e-02,2.003e-02,-55.0,20.0,HOL,-55.727814,17.903372,-767.471,298.2221,GOES-16_XRS,1,5080,0,3513
2023-12-06 22:57:00,2023-12-06 22:50:00,2023-12-06 23:04:00,202312062250,2.718e-06,C2.7,GOES-16,1.633e-06,1.412e-03,2.072e-03,-50.0,19.0,HOL,-52.8844,18.443876,-738.4257,306.9653,GOES-16_XRS,1,5090,0,3513
2023-12-07 03:51:00,2023-12-07 03:41:00,,202312070341,1.939e-06,C1.9,GOES-16,7.296e-07,1.051e-03,,,,,-27.204071,9.628295,-440.62317,161.03723,GOES-16_XRS,1,5110,0,3513
2023-12-07 03:58:00,2023-12-07 03:53:00,2023-12-07 04:01:00,202312070353,2.025e-06,C2.0,GOES-16,1.867e-06,1.053e-03,1.167e-03,,,,-8.553833,0.24192223,-145.48227,1.3530399,GOES-16_XRS,2,5230,0,
2023-12-07 06:19:00,2023-12-07 06:12:00,2023-12-07 06:24:00,202312070612,7.684e-06,C7.6,GOES-16,1.144e-06,3.132e-03,3.858e-03,-51.0,20.0,LEA,-48.00009,19.81496,-682.6911,329.37308,GOES-16_XRS,1,5140,0,3513
2023-12-07 10:44:00,2023-12-07 10:31:00,2023-12-07 10:51:00,202312071031,1.769e-06,C1.7,GOES-16,7.115e-07,1.443e-03,1.835e-03,,,,30.041965,-14.156445,474.48633,-240.89366,GOES-16_XRS,1,5160,0,3511
2023-12-07 11:22:00,2023-12-07 11:15:00,2023-12-07 11:27:00,202312071115,1.393e-06,C1.3,GOES-16,8.875e-07,7.878e-04,9.880e-04,,,,18.935703,-21.25542,295.67343,-356.30365,GOES-16_XRS,1,5170,0,3511
2023-12-07 12:12:00,2023-12-07 12:06:00,2023-12-07 12:17:00,202312071206,1.880e-06,C1.8,GOES-16,8.987e-07,8.310e-04,1.063e-03,,,,31.30151,-22.816202,467.98083,-380.56085,GOES-16_XRS,1,5180,0,3511
2023-12-07 12:41:00,2023-12-07 12:34:00,2023-12-07 12:51:00,202312071234,1.297e-06,C1.2,GOES-16,8.825e-07,7.304e-04,1.276e-03,,,,21.965975,-23.688822,334.83475,-394.44113,GOES-16_XRS,1,5190,0,3511
2023-12-07 18:12:00,2023-12-07 18:01:00,2023-12-07 18:15:00,202312071801,4.121e-06,C4.1,GOES-16,9.066e-07,1.897e-03,2.039e-03,-46.0,21.0,HOL,-39.13571,21.514631,-573.65027,357.1966,GOES-16_XRS,1,5220,0,3513
2023-12-07 20:57:00,2023-12-07 20:46:00,2023-12-07 21:00:00,202312072046,8.228e-06,C8.2,GOES-16,9.350e-07,2.663e-03,2.802e-03,-44.0,21.0,HOL,-41.533478,18.923174,-612.7363,315.91803,GOES-16_XRS,1,5250,0,3513
2023-12-07 22:26:00,2023-12-07 22:21:00,2023-12-07 22:28:00,202312072221,4.336e-06,C4.3,GOES-16,1.878e-06,1.560e-03,1.693e-03,-44.0,21.0,HOL,-40.63983,19.983267,-597.97156,333.06137,GOES-16_XRS,1,5260,0,3513
2023-12-08 00:14:00,2023-12-08 00:10:00,2023-12-08 00:18:00,202312080010,2.779e-06,C2.7,GOES-16,1.001e-06,9.816e-04,1.198e-03,,,,-40.91562,20.344542,-599.92,338.961,GOES-16_XRS,1,5270,0,3513
2023-12-08 01:12:00,2023-12-08 01:00:00,2023-12-08 01:22:00,202312080100,7.937e-06,C7.9,GOES-16,1.669e-06,5.237e-03,7.846e-03,,,,-45.224304,20.507547,-649.3925,341.59305,GOES-16_XRS,1,5280,0,3513
2023-12-08 04:23:00,2023-12-08 04:12:00,2023-12-08 04:31:00,202312080412,2.197e-06,C2.1,GOES-16,1.074e-06,1.506e-03,2.114e-03,,,,-34.556274,21.635733,-515.23724,359.85522,GOES-16_XRS,1,5290,0,3513
2023-12-08 06:07:00,2023-12-08 05:59:00,,202312080559,2.653e-06,C2.6,GOES-16,1.612e-06,1.472e-03,,,,,-26.493317,15.900836,-419.4404,267.48718,GOES-16_XRS,1,5300,0,3513
2023-12-08 06:21:00,2023-12-08 06:15:00,2023-12-08 06:32:00,202312080615,3.289e-06,C3.2,GOES-16,2.264e-06,1.722e-03,3.247e-03,,,,3.8278432,-2.3927176,65.252754,-41.244587,GOES-16_XRS,2,5310,0,3511
2023-12-08 08:15:00,2023-12-08 08:10:00,2023-12-08 08:19:00,202312080810,2.381e-06,C2.3,GOES-16,1.558e-06,1.130e-03,1.344e-03,,,,-33.85614,17.913416,-518.0923,300.42868,GOES-16_XRS,1,5320,0,3513
2023-12-08 08:48:00,2023-12-08 08:35:00,2023-12-08 09:06:00,202312080835,2.359e-06,C2.3,GOES-16,1.256e-06,1.951e-03,3.852e-03,,,,71.01254,-25.431559,832.65454,-418.76913,GOES-16_XRS,1,5330,0,3511
2023-12-08 11:27:00,2023-12-08 11:06:00,2023-12-08 11:47:00,202312081106,1.869e-06,C1.8,GOES-16,8.223e-07,2.080e-03,3.769e-03,-36.0,20.0,SVI,-36.493073,23.226578,-534.0212,385.3906,GOES-16_XRS,1,5340,0,3513
2023-12-08 13:40:00,2023-12-08 13:21:00,2023-12-08 13:50:00,202312081321,2.648e-06,C2.6,GOES-16,1.312e-06,2.944e-03,3.967e-03,,,,18.229383,-9.118877,302.09125,-154.75842,GOES-16_XRS,1,5360,0,3511
2023-12-08 14:26:00,2023-12-08 14:11:00,2023-12-08 14:43:00,202312081411,3.693e-06,C3.6,GOES-16,2.349e-06,3.655e-03,6.592e-03,,,,55.63276,-23.469196,739.0668,-388.56976,GOES-16_XRS,1,5370,0,3511
2023-12-08 15:42:00,2023-12-08 15:34:00,2023-12-08 15:50:00,202312081534,2.755e-06,C2.7,GOES-16,1.605e-06,1.617e-03,2.442e-03,-35.0,19.0,HOL,-33.08908,17.931778,-507.69095,301.28784,GOES-16_XRS,1,5380,0,3513
2023-12-08 17:28:00,2023-12-08 17:15:00,,202312081715,2.284e-06,C2.2,GOES-16,1.266e-06,1.870e-03,,46.0,-20.0,HOL,41.95532,-20.577467,611.47345,-342.94922,GOES-16_XRS,1,5390,0,3511
2023-12-08 17:42:00,2023-12-08 17:35:00,2023-12-08 17:45:00,202312081735,2.625e-06,C2.6,GOES-16,2.219e-06,1.605e-03,1.744e-03,,,,10.1742,-3.387886,172.5041,-57.191467,GOES-16_XRS,2,5400,0,3511
2023-12-08 23:07:00,2023-12-08 22:56:00,2023-12-08 23:13:00,202312082256,5.545e-05,M5.5,GOES-16,1.150e-06,2.034e-02,2.766e-02,47.0,-21.0,HOL,46.158695,-21.102638,657.25006,-350.94333,GOES-16_XRS,1,5440,0,3511
2023-12-09 01:56:00,2023-12-09 01:45:00,2023-12-09 02:11:00,202312090145,2.002e-06,C2.0,GOES-16,1.045e-06,1.396e-03,2.677e-03,-25.0,15.0,LEA,-24.94165,18.385147,-391.27127,309.57684,GOES-16_XRS,1,5500,0,3513
2023-12-09 02:42:00,2023-12-09 02:30:00,2023-12-09 03:01:00,202312090230,2.015e-06,C2.0,GOES-16,1.247e-06,1.626e-03,3.445e-03,,,,64.44106,-14.095144,853.7355,-237.01233,GOES-16_XRS,1,5510,0,3510
2023-12-09 04:10:00,2023-12-09 04:02:00,,202312090402,1.631e-06,C1.6,GOES-16,1.073e-06,1.002e-03,,,,,9.348115,-10.374339,156.30782,-174.62857,GOES-16_XRS,1,5520,0,3511
2023-12-09 04:22:00,2023-12-09 04:13:00,2023-12-09 04:31:00,202312090413,1.838e-06,C1.8,GOES-16,1.549e-06,1.288e-03,2.005e-03,,,,15.630598,-3.5300665,263.07196,-58.690342,GOES-16_XRS,2,5530,0,3513
2023-12-09 05:18:00,2023-12-09 05:04:00,2023-12-09 05:39:00,202312090504,3.740e-06,C3.7,GOES-16,1.545e-06,3.225e-03,6.759e-03,,,,59.53756,-23.198881,773.21545,-383.66437,GOES-16_XRS,1,5540,0,3511
2023-12-09 06:46:00,2023-12-09 06:35:00,,202312090635,4.512e-06,C4.5,GOES-16,9.983e-07,2.450e-03,,52.0,-20.0,LEA,47.524612,-20.30013,675.66284,-337.71216,GOES-16_XRS,1,5550,0,3511
2023-12-09 07:05:00,2023-12-09 06:51:00,2023-12-09 07:16:00,202312090651,5.625e-06,C5.6,GOES-16,3.554e-06,5.057e-03,7.698e-03,,,,52.166847,-20.414293,722.77765,-339.5329,GOES-16_XRS,2,5670,0,3511
2023-12-09 08:28:00,2023-12-09 08:23:00,,202312090823,2.571e-06,C2.5,GOES-16,1.776e-06,1.214e-03,,54.0,-21.0,SVI,50.896812,-17.628046,722.2622,-294.5599,GOES-16_XRS,1,5580,0,3511
2023-12-09 08:38:00,2023-12-09 08:34:00,,202312090834,2.620e-06,C2.6,GOES-16,2.185e-06,1.183e-03,,,,,59.70763,-26.56182,753.7165,-435.48856,GOES-16_XRS,2,5680,0,3511
2023-12-09 08:51:00,2023-12-09 08:44:00,2023-12-09 08:59:00,202312090844,3.459e-06,C3.4,GOES-16,2.516e-06,1.951e-03,3.036e-03,43.0,-22.0,LEA,56.282352,-22.110659,752.26917,-366.40167,GOES-16_XRS,3,5690,0,3511
2023-12-09 09:55:00,2023-12-09 09:41:00,2023-12-09 10:05:00,202312090941,1.555e-05,M1.5,GOES-16,1.679e-06,8.173e-03,1.303e-02,54.0,-21.0,SVI,53.23183,-21.497015,727.74866,-356.62888,GOES-16_XRS,1,5590,0,3511
2023-12-09 10:48:00,2023-12-09 10:42:00,2023-12-09 10:55:00,202312091042,4.334e-06,C4.3,GOES-16,2.455e-06,2.089e-03,3.142e-03,56.0,-22.0,SVI,52.190716,-20.005249,724.9326,-332.80212,GOES-16_XRS,1,5600,0,3511
2023-12-09 13:19:00,2023-12-09 13:03:00,2023-12-09 13:36:00,202312091303,1.010e-05,M1.0,GOES-16,1.817e-06,8.981e-03,1.556e-02,,,,57.66274,-20.817734,770.9213,-345.7112,GOES-16_XRS,1,5630,0,3511
2023-12-09 15:48:00,2023-12-09 15:44:00,2023-12-09 15:54:00,202312091544,1.260e-06,C1.2,GOES-16,7.472e-07,5.217e-04,7.647e-04,,,,51.062965,-23.220892,698.04584,-383.49283,GOES-16_XRS,1,5640,0,3511
2023-12-09 17:28:00,2023-12-09 17:22:00,2023-12-09 17:33:00,202312091722,1.509e-06,C1.5,GOES-16,1.065e-06,7.661e-04,9.952e-04,-17.0,18.0,HOL,-4.62088,13.633315,-76.59638,233.31297,GOES-16_XRS,1,5660,0,3513
2023-12-09 18:14:00,2023-12-09 18:01:00,2023-12-09 18:35:00,202312091801,2.017e-06,C2.0,GOES-16,9.558e-07,1.538e-03,3.513e-03,,,,53.91536,-20.780886,737.7515,-344.84705,GOES-16_XRS,1,5720,0,3511
2023-12-09 19:20:00,2023-12-09 19:16:00,,202312091916,1.215e-06,C1.2,GOES-16,7.750e-07,4.984e-04,,-15.0,18.0,HOL,-13.9340515,18.629932,-223.19507,315.19446,GOES-16_XRS,1,5730,0,3513
2023-12-09 19:35:00,2023-12-09 19:25:00,2023-12-09 19:46:00,202312091925,4.744e-06,C4.7,GOES-16,1.054e-06,2.527e-03,4.355e-03,,,,51.761772,-18.492432,727.4486,-307.99768,GOES-16_XRS,2,5740,0,3511
2023-12-09 23:58:00,2023-12-09 23:46:00,2023-12-10 00:34:00,202312092346,1.708e-06,C1.7,GOES-16,7.957e-07,1.194e-03,4.023e-03,,,,,,,,,1,5790,0,3511
2023-12-10 02:06:00,2023-12-10 01:57:00,2023-12-10 02:10:00,202312100157,1.988e-06,C1.9,GOES-16,6.620e-07,1.010e-03,1.156e-03,,,,62.247227,-17.900183,821.87823,-298.3806,GOES-16_XRS,1,5800,0,3511
2023-12-10 03:03:00,2023-12-10 02:54:00,2023-12-10 03:08:00,202312100254,1.958e-06,C1.9,GOES-16,9.800e-07,1.103e-03,1.364e-03,,,,53.40807,-17.211382,748.95795,-286.86646,GOES-16_XRS,1,5810,0,3511
2023-12-10 03:53:00,2023-12-10 03:42:00,2023-12-10 03:57:00,202312100342,2.411e-05,M2.4,GOES-16,8.521e-07,7.716e-03,8.861e-03,66.0,-20.0,LEA,62.807888,-22.0071,804.7752,-364.09302,GOES-16_XRS,1,5820,0,3511
2023-12-10 04:47:00,2023-12-10 04:36:00,2023-12-10 04:58:00,202312100436,4.384e-06,C4.3,GOES-16,1.508e-06,2.867e-03,4.636e-03,,,,63.000797,-18.027824,826.86426,-300.37198,GOES-16_XRS,1,5830,0,3511
2023-12-10 06:06:00,2023-12-10 06:01:00,2023-12-10 06:18:00,202312100601,1.347e-06,C1.3,GOES-16,9.537e-07,6.617e-04,1.419e-03,,,,-18.26181,12.059178,-299.76965,208.0389,GOES-16_XRS,1,,0,
2023-12-10 07:16:00,2023-12-10 07:02:00,2023-12-10 07:26:00,202312100702,7.066e-06,C7.0,GOES-16,7.130e-07,4.109e-03,6.170e-03,69.0,-20.0,LEA,63.58505,-20.982046,816.02045,-347.7438,GOES-16_XRS,1,5880,0,3511
2023-12-10 07:54:00,2023-12-10 07:48:00,2023-12-10 07:59:00,202312100748,1.832e-06,C1.8,GOES-16,1.348e-06,9.858e-04,1.262e-03,,,,54.349895,-19.632528,747.34814,-325.82324,GOES-16_XRS,1,5890,0,3511
2023-12-10 08:19:00,2023-12-10 08:10:00,2023-12-10 08:23:00,202312100810,2.133e-06,C2.1,GOES-16,1.175e-06,1.289e-03,1.479e-03,,,,68.409874,-22.741879,836.5483,-375.70215,GOES-16_XRS,1,5900,0,3511
2023-12-10 10:42:00,2023-12-10 10:31:00,2023-12-10 10:48:00,202312101031,6.710e-06,C6.7,GOES-16,7.433e-07,2.757e-03,3.661e-03,,,,65.55675,-21.22441,828.02905,-351.5508,GOES-16_XRS,1,5910,0,3511
2023-12-10 11:55:00,2023-12-10 11:41:00,2023-12-10 12:14:00,202312101141,5.585e-06,C5.5,GOES-16,7.535e-07,3.339e-03,7.327e-03,,,,69.244125,-20.990795,851.64355,-347.9535,GOES-16_XRS,1,5920,0,3511
2023-12-10 14:28:00,2023-12-10 14:19:00,2023-12-10 14:40:00,202312101419,3.932e-06,C3.9,GOES-16,7.645e-07,1.688e-03,3.331e-03,,,,72.30307,-20.627514,869.5674,-342.24222,GOES-16_XRS,1,5930,0,3511
2023-12-10 16:31:00,2023-12-10 16:22:00,2023-12-10 16:37:00,202312101622,1.060e-06,C1.0,GOES-16,6.973e-07,7.157e-04,9.275e-04,,,,36.72089,-6.9588413,580.2523,-114.550224,GOES-16_XRS,1,5940,0,3511
2023-12-10 20:47:00,2023-12-10 20:37:00,2023-12-10 20:54:00,202312102037,7.428e-06,C7.4,GOES-16,9.662e-07,2.751e-03,4.084e-03,,,,70.68962,-22.828127,848.4342,-376.8143,GOES-16_XRS,1,5950,0,3511
2023-12-10 22:24:00,2023-12-10 22:17:00,,202312102217,1.302e-06,C1.3,GOES-16,6.728e-07,6.409e-04,,,,,,,922.19934,-387.10083,GOES-16_XRS,1,5960,0,3511
2023-12-10 22:33:00,2023-12-10 22:28:00,,202312102228,5.527e-06,C5.5,GOES-16,1.132e-06,1.891e-03,,,,,72.0427,-21.424856,863.71173,-354.70563,GOES-16_XRS,2,5970,0,3511
2023-12-10 22:43:00,2023-12-10 22:37:00,2023-12-10 22:45:00,202312102237,1.421e-05,M1.4,GOES-16,3.457e-06,4.286e-03,4.631e-03,,,,71.20642,-22.240845,854.6901,-367.554,GOES-16_XRS,3,5980,0,3511
2023-12-11 00:04:00,2023-12-10 23:56:00,2023-12-11 00:09:00,202312102356,1.521e-06,C1.5,GOES-16,1.018e-06,9.229e-04,1.149e-03,,,,,,946.2671,-278.6688,GOES-16_XRS,1,5990,0,3511
2023-12-11 00:24:00,2023-12-11 00:16:00,2023-12-11 00:44:00,202312110016,3.276e-06,C3.2,GOES-16,1.112e-06,1.543e-03,4.399e-03,,,,47.19206,-11.826968,701.61273,-196.52435,GOES-16_XRS,1,6000,0,3511
2023-12-11 02:12:00,2023-12-11 02:01:00,2023-12-11 02:27:00,202312110201,1.148e-06,C1.1,GOES-16,6.079e-07,8.983e-04,1.666e-03,,,,-7.9158325,16.807894,-128.98781,288.39908,GOES-16_XRS,1,6020,0,3513
2023-12-11 03:32:00,2023-12-11 03:22:00,2023-12-11 03:38:00,202312110322,1.818e-06,C1.8,GOES-16,7.739e-07,9.797e-04,1.285e-03,,,,64.63675,-18.139528,838.02167,-301.42935,GOES-16_XRS,1,6030,0,3511
2023-12-11 04:32:00,2023-12-11 04:27:00,2023-12-11 04:34:00,202312110427,1.698e-06,C1.6,GOES-16,1.186e-06,7.915e-04,8.636e-04,,,,55.869576,-21.227283,753.4366,-350.40683,GOES-16_XRS,1,6040,0,3511
2023-12-11 04:54:00,2023-12-11 04:39:00,2023-12-11 05:00:00,202312110439,1.806e-06,C1.8,GOES-16,1.105e-06,1.781e-03,2.136e-03,,,,34.883186,15.593703,538.5607,267.57132,GOES-16_XRS,1,6050,0,3507
2023-12-11 08:26:00,2023-12-11 08:15:00,2023-12-11 08:31:00,202312110815,1.360e-06,C1.3,GOES-16,6.331e-07,8.915e-04,1.066e-03,,,,79.6572,-20.622162,897.54974,-342.2696,GOES-16_XRS,1,6060,0,3511
2023-12-11 08:46:00,2023-12-11 08:42:00,2023-12-11 08:50:00,202312110842,3.372e-06,C3.3,GOES-16,6.918e-07,1.034e-03,1.236e-03,,,,73.56361,-22.21547,865.9822,-367.06616,GOES-16_XRS,1,6070,0,3511
2023-12-11 09:50:00,2023-12-11 09:43:00,2023-12-11 09:54:00,202312110943,1.450e-06,C1.4,GOES-16,6.237e-07,6.827e-04,7.953e-04,,,,75.24511,-20.06912,885.7563,-333.0804,GOES-16_XRS,1,6080,0,3511
2023-12-11 11:05:00,2023-12-11 10:54:00,2023-12-11 11:10:00,202312111054,3.671e-06,C3.6,GOES-16,6.391e-07,1.819e-03,2.159e-03,,,,79.85498,-22.837795,884.3614,-377.2766,GOES-16_XRS,1,6090,0,3511
2023-12-11 12:29:00,2023-12-11 12:24:00,2023-12-11 12:32:00,202312111224,9.842e-07,B9.8,GOES-16,5.402e-07,4.081e-04,4.511e-04,,,,,,,,,1,6100,0,3511
2023-12-11 12:50:00,2023-12-11 12:41:00,2023-12-11 13:04:00,202312111241,2.274e-06,C2.2,GOES-16,7.063e-07,1.066e-03,2.376e-03,6.0,6.0,SVI,,,945.8697,-368.6845,GOES-16_XRS,1,6110,0,3511
2023-12-11 13:08:00,2023-12-11 13:05:00,2023-12-11 13:11:00,202312111305,2.555e-06,C2.5,GOES-16,1.490e-06,8.652e-04,9.708e-04,,,,81.646194,-22.500866,890.9523,-372.10068,GOES-16_XRS,1,6130,0,3511
2023-12-11 13:46:00,2023-12-11 13:38:00,2023-12-11 13:49:00,202312111338,3.724e-06,C3.7,GOES-16,7.763e-07,1.552e-03,1.646e-03,89.0,-22.0,SVI,73.52012,-21.344063,871.09644,-353.16956,GOES-16_XRS,1,6120,0,3511
2023-12-11 15:13:00,2023-12-11 15:03:00,,202312111503,1.810e-06,C1.8,GOES-16,8.780e-07,1.070e-03,,,,,61.047806,-14.978282,825.22064,-249.055,GOES-16_XRS,1,6140,0,3511
2023-12-11 15:32:00,2023-12-11 15:21:00,2023-12-11 15:55:00,202312111521,4.495e-06,C4.4,GOES-16,1.413e-06,2.873e-03,7.323e-03,,,,69.63587,-19.477125,862.29584,-322.999,GOES-16_XRS,2,6150,0,3511
2023-12-11 20:02:00,2023-12-11 19:56:00,2023-12-11 20:06:00,202312111956,1.619e-06,C1.6,GOES-16,1.020e-06,7.398e-04,8.913e-04,,,,19.234322,-25.726656,290.266,-418.24005,GOES-16_XRS,1,6160,0,3511
2023-12-11 22:10:00,2023-12-11 21:52:00,2023-12-11 22:24:00,202312112152,1.766e-06,C1.7,GOES-16,7.078e-07,1.731e-03,2.756e-03,12.0,7.0,LEA,13.546402,9.262796,226.22073,164.80482,GOES-16_XRS,1,6170,0,3514
2023-12-12 00:15:00,2023-12-12 00:02:00,2023-12-12 00:27:00,202312120002,1.333e-06,C1.3,GOES-16,8.088e-07,1.135e-03,1.829e-03,,,,,,964.8442,-216.30331,GOES-16_XRS,1,6180,0,3511
2023-12-12 03:38:00,2023-12-12 03:27:00,2023-12-12 03:45:00,202312120327,9.141e-06,C9.1,GOES-16,6.186e-07,3.251e-03,4.873e-03,12.0,7.0,LEA,15.953721,4.186266,268.25583,79.20517,GOES-16_XRS,1,6210,0,3514
2023-12-12 09:57:00,2023-12-12 09:45:00,2023-12-12 10:04:00,202312120945,3.083e-06,C3.0,GOES-16,6.174e-07,1.580e-03,2.161e-03,12.0,7.0,LEA,20.97339,5.5624056,348.57935,102.90579,GOES-16_XRS,1,6230,0,3514
2023-12-12 12:41:00,2023-12-12 12:33:00,2023-12-12 12:47:00,202312121233,1.316e-06,C1.3,GOES-16,7.454e-07,7.725e-04,1.015e-03,21.0,19.0,SVI,28.890448,17.397472,450.91003,299.87643,GOES-16_XRS,1,6250,0,3513
2023-12-12 13:42:00,2023-12-12 13:30:00,2023-12-12 13:47:00,202312121330,8.363e-06,C8.3,GOES-16,8.437e-07,3.680e-03,4.475e-03,23.0,5.0,SVI,22.749315,4.5499115,377.17136,85.907104,GOES-16_XRS,1,6260,0,3514
2023-12-12 14:31:00,2023-12-12 14:21:00,2023-12-12 14:45:00,202312121421,2.695e-06,C2.6,GOES-16,9.289e-07,1.539e-03,3.062e-03,,,,21.048285,3.9599636,350.59427,76.04058,GOES-16_XRS,1,6270,0,3514
2023-12-12 19:15:00,2023-12-12 19:08:00,2023-12-12 19:25:00,202312121908,1.677e-06,C1.6,GOES-16,9.095e-07,8.231e-04,1.473e-03,,,,17.937305,16.450909,288.99667,285.7635,GOES-16_XRS,1,6300,0,3513
2023-12-13 06:53:00,2023-12-13 06:45:00,2023-12-13 06:58:00,202312130645,1.283e-06,C1.2,GOES-16,8.788e-07,7.756e-04,9.688e-04,,,,28.539246,7.855009,463.0031,142.90239,GOES-16_XRS,1,6450,0,3514
2023-12-13 11:31:00,2023-12-13 11:24:00,2023-12-13 11:38:00,202312131124,1.286e-06,C1.2,GOES-16,8.696e-07,7.040e-04,1.026e-03,,,,2.5437286,13.889345,42.169483,245.61462,GOES-16_XRS,1,6480,0,3514
2023-12-13 15:15:00,2023-12-13 14:46:00,2023-12-13 15:46:00,202312131446,9.439e-06,C9.4,GOES-16,1.837e-06,1.247e-02,2.553e-02,34.0,6.0,HOL,,,940.14996,-327.4185,GOES-16_XRS,1,6520,0,3511
2023-12-13 18:15:00,2023-12-13 18:13:00,2023-12-13 18:18:00,202312131813,1.802e-06,C1.8,GOES-16,1.213e-06,5.368e-04,6.204e-04,,,,27.87778,3.1117647,456.81418,63.363377,GOES-16_XRS,1,6530,0,3513
2023-12-14 02:29:00,2023-12-14 02:20:00,2023-12-14 02:37:00,202312140220,1.990e-06,C1.9,GOES-16,1.266e-06,1.283e-03,1.898e-03,,,,-47.220764,-6.72832,-712.50757,-106.1798,GOES-16_XRS,1,6590,0,3519
2023-12-14 04:09:00,2023-12-14 04:02:00,2023-12-14 04:12:00,202312140402,2.047e-06,C2.0,GOES-16,1.170e-06,1.055e-03,1.144e-03,,,,43.320255,2.3587487,670.2243,49.330345,GOES-16_XRS,1,6600,0,3514
2023-12-14 04:56:00,2023-12-14 04:48:00,2023-12-14 04:59:00,202312140448,3.382e-06,C3.3,GOES-16,1.224e-06,1.402e-03,1.524e-03,,,,46.58157,1.7420589,709.7136,38.356934,GOES-16_XRS,1,6610,0,
2023-12-14 05:49:00,2023-12-14 05:47:00,2023-12-14 05:52:00,202312140547,2.056e-06,C2.0,GOES-16,1.299e-06,6.173e-04,7.022e-04,,,,54.65051,4.124561,794.84247,77.568794,GOES-16_XRS,1,6620,0,
2023-12-14 06:27:00,2023-12-14 06:22:00,2023-12-14 06:30:00,202312140622,1.864e-06,C1.8,GOES-16,1.264e-06,8.215e-04,9.035e-04,43.0,6.0,LEA,42.81616,5.195036,661.79504,97.81603,GOES-16_XRS,1,6630,0,3514
2023-12-14 07:44:00,2023-12-14 07:11:00,2023-12-14 07:59:00,202312140711,5.845e-05,M5.8,GOES-16,1.467e-06,3.630e-02,6.594e-02,41.0,4.0,LEA,45.490578,2.307535,696.6078,48.348713,GOES-16_XRS,1,6640,0,3514
2023-12-14 12:28:00,2023-12-14 12:25:00,2023-12-14 12:30:00,202312141225,1.861e-06,C1.8,GOES-16,1.236e-06,6.508e-04,7.295e-04,,,,38.635086,6.695289,606.4475,124.306046,GOES-16_XRS,1,6700,0,
2023-12-14 13:48:00,2023-12-14 13:29:00,2023-12-14 14:07:00,202312141329,2.349e-05,M2.3,GOES-16,2.436e-06,1.522e-02,3.222e-02,,,,48.2766,2.5249665,728.8487,51.956993,GOES-16_XRS,1,6710,0,3514
2023-12-14 16:40:00,2023-12-14 16:35:00,,202312141635,3.721e-06,C3.7,GOES-16,2.466e-06,1.715e-03,,,,,57.85858,5.763128,822.962,105.29974,GOES-16_XRS,1,,0,
2023-12-14 16:46:00,2023-12-14 16:42:00,,202312141642,4.875e-06,C4.8,GOES-16,3.503e-06,2.088e-03,,,,,55.671215,4.373486,804.4829,82.17053,GOES-16_XRS,2,,0,
2023-12-14 17:02:00,2023-12-14 16:47:00,2023-12-14 17:11:00,202312141647,2.835e-04,X2.8,GOES-16,4.729e-06,1.182e-01,1.891e-01,,,,49.32318,1.2633117,741.1026,30.459393,GOES-16_XRS,3,6730,0,3514
2023-12-14 23:45:00,2023-12-14 23:31:00,2023-12-15 00:01:00,202312142331,5.428e-06,C5.4,GOES-16,2.410e-06,4.404e-03,8.327e-03,,,,47.13722,13.038652,698.0197,229.97568,GOES-16_XRS,1,6820,0,3514
2023-12-15 01:03:00,2023-12-15 00:47:00,2023-12-15 01:12:00,202312150047,5.217e-06,C5.2,GOES-16,2.339e-06,4.312e-03,5.958e-03,,,,53.550697,2.6748786,785.1828,54.144993,GOES-16_XRS,1,6840,0,3514
2023-12-15 03:26:00,2023-12-15 03:20:00,2023-12-15 03:37:00,202312150320,4.524e-06,C4.5,GOES-16,1.473e-06,1.959e-03,3.655e-03,,,,53.71857,3.4190927,786.3319,66.90568,GOES-16_XRS,1,6860,0,3514
2023-12-15 03:43:00,2023-12-15 03:39:00,2023-12-15 03:49:00,202312150339,3.850e-06,C3.8,GOES-16,2.792e-06,1.654e-03,2.466e-03,,,,53.506542,2.2682323,784.98865,47.372547,GOES-16_XRS,1,6870,0,3514
2023-12-15 05:23:00,2023-12-15 05:20:00,2023-12-15 05:27:00,202312150520,2.160e-06,C2.1,GOES-16,1.518e-06,7.812e-04,9.950e-04,,,,61.4382,2.0225458,857.2844,41.52995,GOES-16_XRS,1,6880,0,3514
2023-12-15 05:52:00,2023-12-15 05:43:00,2023-12-15 05:59:00,202312150543,7.470e-06,C7.4,GOES-16,1.771e-06,3.035e-03,4.467e-03,60.0,9.0,LEA,56.78935,4.0278482,815.397,76.72188,GOES-16_XRS,1,6890,0,3514
2023-12-15 07:15:00,2023-12-15 07:03:00,,202312150703,6.303e-05,M6.3,GOES-16,1.380e-06,3.027e-02,,,,,57.70035,1.8204993,825.363,39.02103,GOES-16_XRS,1,6910,0,3514
2023-12-15 07:34:00,2023-12-15 07:23:00,2023-12-15 07:42:00,202312150723,6.968e-05,M6.9,GOES-16,4.888e-05,5.578e-02,7.764e-02,,,,59.289692,1.5321742,839.5482,33.76598,GOES-16_XRS,2,6920,0,3514
2023-12-15 11:34:00,2023-12-15 11:29:00,2023-12-15 11:39:00,202312151129,3.697e-06,C3.6,GOES-16,1.970e-06,1.517e-03,2.011e-03,64.0,4.0,SVI,53.397793,1.9738736,784.0674,42.805344,GOES-16_XRS,1,7030,0,3514
2023-12-15 12:34:00,2023-12-15 12:29:00,2023-12-15 12:36:00,202312151229,2.596e-06,C2.5,GOES-16,1.793e-06,1.115e-03,1.248e-03,66.0,4.0,SVI,57.685577,1.1701418,825.4942,28.200508,GOES-16_XRS,1,7060,0,3514
2023-12-15 19:41:00,2023-12-15 19:36:00,2023-12-15 19:46:00,202312151936,1.579e-06,C1.5,GOES-16,1.139e-06,7.289e-04,9.741e-04,,,,51.075237,19.948559,714.64825,342.86667,GOES-16_XRS,1,7120,0,3513
2023-12-15 21:29:00,2023-12-15 21:12:00,,202312152112,5.504e-06,C5.5,GOES-16,2.019e-06,4.881e-03,,,,,73.694046,2.2804735,935.8403,43.376812,GOES-16_XRS,1,7140,0,3516
2023-12-15 21:42:00,2023-12-15 21:38:00,2023-12-15 21:46:00,202312152138,5.403e-06,C5.4,GOES-16,4.359e-06,2.386e-03,2.954e-03,,,,73.05277,2.4081836,932.6805,45.731285,GOES-16_XRS,2,7150,0,3516
2023-12-15 22:50:00,2023-12-15 22:43:00,2023-12-15 22:59:00,202312152243,2.701e-06,C2.7,GOES-16,1.846e-06,1.581e-03,2.559e-03,,,,,,1017.94434,23.515005,GOES-16_XRS,1,7190,0,3514
2023-12-15 23:43:00,2023-12-15 23:34:00,2023-12-15 23:48:00,202312152334,3.925e-06,C3.9,GOES-16,2.172e-06,2.247e-03,2.775e-03,,,,,,1062.4261,54.827538,GOES-16_XRS,1,7200,0,3514
2023-12-16 00:13:00,2023-12-16 00:05:00,2023-12-16 00:27:00,202312160005,4.663e-06,C4.6,GOES-16,1.683e-06,2.815e-03,5.490e-03,,,,68.197815,3.0452216,905.1515,57.968372,GOES-16_XRS,1,7210,0,3514
2023-12-16 02:12:00,2023-12-16 02:03:00,2023-12-16 02:18:00,202312160203,2.168e-06,C2.1,GOES-16,1.247e-06,1.319e-03,1.732e-03,,,,61.09626,1.7525202,854.71533,37.921974,GOES-16_XRS,1,7220,0,3514
2023-12-16 02:40:00,2023-12-16 02:33:00,,202312160233,2.191e-06,C2.1,GOES-16,1.542e-06,1.234e-03,,,,,67.71959,8.228827,894.094,145.97968,GOES-16_XRS,1,7230,0,3514
2023-12-16 03:09:00,2023-12-16 02:56:00,2023-12-16 03:16:00,202312160256,3.996e-06,C3.9,GOES-16,2.145e-06,3.026e-03,3.958e-03,,,,52.63399,5.2908664,773.4654,100.24197,GOES-16_XRS,2,7250,0,3514
2023-12-16 05:46:00,2023-12-16 05:34:00,2023-12-16 05:59:00,202312160534,3.673e-06,C3.6,GOES-16,1.279e-06,2.531e-03,4.369e-03,,,,76.01683,1.1348975,946.5912,23.422579,GOES-16_XRS,1,7260,0,3514
2023-12-16 06:51:00,2023-12-16 06:41:00,2023-12-16 06:59:00,202312160641,2.229e-06,C2.2,GOES-16,1.433e-06,1.592e-03,2.273e-03,,,,77.626564,5.420756,948.6357,95.78676,GOES-16_XRS,1,7280,0,3514
2023-12-16 09:09:00,2023-12-16 09:01:00,2023-12-16 09:19:00,202312160901,2.172e-06,C2.1,GOES-16,1.318e-06,1.348e-03,2.246e-03,,,,74.61958,5.4142365,936.65656,96.62059,GOES-16_XRS,1,7290,0,3514
2023-12-16 11:07:00,2023-12-16 11:00:00,2023-12-16 11:20:00,202312161100,2.652e-06,C2.6,GOES-16,1.301e-06,1.446e-03,2.917e-03,,,,75.742294,0.84755063,945.5755,18.7297,GOES-16_XRS,1,7300,0,3514
2023-12-16 11:33:00,2023-12-16 11:24:00,2023-12-16 11:39:00,202312161124,2.669e-06,C2.6,GOES-16,1.753e-06,1.785e-03,2.317e-03,,,,64.11051,22.87358,809.35504,386.51776,GOES-16_XRS,1,7310,0,3513
2023-12-16 12:32:00,2023-12-16 12:26:00,2023-12-16 12:37:00,202312161226,1.908e-06,C1.9,GOES-16,1.250e-06,9.901e-04,1.271e-03,,,,65.90781,3.6916816,889.5691,70.03162,GOES-16_XRS,1,7320,0,3514
2023-12-16 13:10:00,2023-12-16 13:03:00,,202312161303,2.135e-06,C2.1,GOES-16,1.439e-06,1.227e-03,,,,,69.59493,4.562126,912.05023,83.76896,GOES-16_XRS,1,7330,0,3514
2023-12-16 13:54:00,2023-12-16 13:19:00,,202312161319,8.383e-06,C8.3,GOES-16,1.952e-06,1.074e-02,,,,,77.03973,5.215054,946.84375,92.619225,GOES-16_XRS,2,7340,0,3514
2023-12-16 14:18:00,2023-12-16 14:12:00,2023-12-16 14:21:00,202312161412,8.137e-06,C8.1,GOES-16,7.672e-06,4.743e-03,5.208e-03,,,,76.04593,6.31422,941.1703,111.54419,GOES-16_XRS,3,7370,0,3514
2023-12-16 17:44:00,2023-12-16 17:39:00,2023-12-16 17:48:00,202312161739,2.783e-06,C2.7,GOES-16,1.915e-06,1.278e-03,1.544e-03,,,,,,1020.2274,38.24679,GOES-16_XRS,1,7380,0,3514
2023-12-16 19:55:00,2023-12-16 19:42:00,2023-12-16 20:14:00,202312161942,3.240e-06,C3.2,GOES-16,1.393e-06,2.388e-03,5.054e-03,,,,,,973.04083,66.295586,GOES-16_XRS,1,7390,0,3514
2023-12-17 04:45:00,2023-12-17 04:37:00,2023-12-17 04:52:00,202312170437,1.708e-06,C1.7,GOES-16,1.189e-06,1.044e-03,1.485e-03,,,,71.67352,11.686551,907.35944,203.53941,GOES-16_XRS,1,7410,0,3520
2023-12-17 06:35:00,2023-12-17 06:31:00,,202312170631,2.547e-06,C2.5,GOES-16,1.668e-06,1.046e-03,,,,,,,975.1396,-12.367578,GOES-16_XRS,1,7420,0,3514
2023-12-17 06:46:00,2023-12-17 06:37:00,2023-12-17 06:54:00,202312170637,4.173e-06,C4.1,GOES-16,2.389e-06,2.556e-03,3.743e-03,,,,78.535446,3.93448,953.8679,70.739655,GOES-16_XRS,2,7430,0,3514
2023-12-17 10:25:00,2023-12-17 10:19:00,2023-12-17 10:30:00,202312171019,2.130e-06,C2.1,GOES-16,1.530e-06,1.097e-03,1.417e-03,,,,75.65337,3.9937327,943.0989,72.78463,GOES-16_XRS,1,7460,0,3514
2023-12-17 18:14:00,2023-12-17 18:01:00,2023-12-17 18:34:00,202312171801,3.517e-06,C3.5,GOES-16,2.269e-06,3.131e-03,6.653e-03,,,,72.11032,5.2685885,925.0054,95.81286,GOES-16_XRS,1,7490,0,3514
2023-12-17 20:17:00,2023-12-17 20:08:00,2023-12-17 20:19:00,202312172008,1.144e-05,M1.1,GOES-16,2.005e-06,3.654e-03,3.928e-03,,,,,,967.97296,133.10286,GOES-16_XRS,1,7510,0,3514
2023-12-17 21:32:00,2023-12-17 21:23:00,2023-12-17 21:42:00,202312172123,4.826e-06,C4.8,GOES-16,2.046e-06,2.856e-03,4.667e-03,-74.0,15.0,HOL,-78.34607,14.505988,-925.042,248.33748,GOES-16_XRS,1,7530,0,3526
2023-12-18 00:26:00,2023-12-18 00:23:00,2023-12-18 00:30:00,202312180023,2.224e-06,C2.2,GOES-16,1.581e-06,8.244e-04,1.045e-03,,,,11.990357,-1.0874758,203.4061,1.8531184,GOES-16_XRS,1,7550,0,3519
2023-12-18 01:28:00,2023-12-18 01:23:00,2023-12-18 01:32:00,202312180123,2.123e-06,C2.1,GOES-16,1.552e-06,1.003e-03,1.219e-03,,,,,,1012.64905,97.87254,GOES-16_XRS,1,7560,0,3514
2023-12-18 02:55:00,2023-12-18 02:44:00,2023-12-18 02:59:00,202312180244,6.077e-06,C6.0,GOES-16,1.418e-06,2.718e-03,3.105e-03,-67.0,26.0,LEA,-52.454254,25.156673,-701.3464,426.9568,GOES-16_XRS,1,7570,0,3524
2023-12-18 03:41:00,2023-12-18 03:35:00,2023-12-18 03:48:00,202312180335,2.089e-06,C2.0,GOES-16,1.404e-06,1.098e-03,1.638e-03,,,,-22.903381,8.329844,-376.9734,161.09595,GOES-16_XRS,1,7580,0,3519
2023-12-18 04:08:00,2023-12-18 03:57:00,2023-12-18 04:20:00,202312180357,4.285e-06,C4.2,GOES-16,1.569e-06,2.688e-03,4.689e-03,,,,-78.1333,18.161268,-907.21674,308.15683,GOES-16_XRS,1,7590,0,3526
2023-12-18 14:22:00,2023-12-18 14:13:00,2023-12-18 14:29:00,202312181413,6.551e-06,C6.5,GOES-16,1.978e-06,3.118e-03,4.414e-03,,,,-20.743225,8.710266,-342.76666,168.70038,GOES-16_XRS,1,7610,0,3528
2023-12-18 15:21:00,2023-12-18 15:06:00,2023-12-18 15:25:00,202312181506,4.405e-06,C4.4,GOES-16,2.160e-06,3.654e-03,4.014e-03,,,,,,1065.5521,139.2798,GOES-16_XRS,1,7620,0,
2023-12-18 19:25:00,2023-12-18 19:15:00,2023-12-18 19:29:00,202312181915,4.556e-06,C4.5,GOES-16,2.223e-06,2.660e-03,3.042e-03,-16.0,9.0,HOL,-11.842194,6.5503173,-199.65936,133.66556,GOES-16_XRS,1,7630,0,3528
2023-12-18 20:36:00,2023-12-18 20:27:00,2023-12-18 20:41:00,202312182027,4.045e-06,C4.0,GOES-16,2.469e-06,2.474e-03,3.048e-03,,,,-56.37097,17.281445,-776.95386,302.20874,GOES-16_XRS,1,7650,0,3526
2023-12-19 02:52:00,2023-12-19 02:42:00,,202312190242,4.632e-06,C4.6,GOES-16,1.883e-06,2.690e-03,,-11.0,5.0,LEA,-10.593903,9.321237,-177.66812,181.15234,GOES-16_XRS,1,7680,0,3528
2023-12-19 03:04:00,2023-12-19 02:56:00,2023-12-19 03:08:00,202312190256,7.384e-06,C7.3,GOES-16,3.938e-06,4.213e-03,4.851e-03,,,,-9.274261,9.1480255,-155.82436,178.35474,GOES-16_XRS,2,7670,0,3528
2023-12-19 06:38:00,2023-12-19 06:20:00,2023-12-19 06:46:00,202312190620,3.724e-06,C3.7,GOES-16,1.764e-06,3.802e-03,4.825e-03,-9.0,5.0,LEA,-7.681946,9.0764265,-129.2781,177.5639,GOES-16_XRS,1,7690,0,3528
2023-12-19 15:39:00,2023-12-19 15:13:00,2023-12-19 15:52:00,202312191513,7.132e-06,C7.1,GOES-16,2.333e-06,8.210e-03,1.183e-02,,,,-47.91461,-17.634056,-691.62994,-280.56546,GOES-16_XRS,1,7720,0,3529
2023-12-19 17:39:00,2023-12-19 17:35:00,2023-12-19 17:43:00,202312191735,2.733e-06,C2.7,GOES-16,1.584e-06,1.036e-03,1.286e-03,,,,-45.697113,-13.997821,-679.1723,-219.85106,GOES-16_XRS,1,7730,0,3529
2023-12-20 05:53:00,2023-12-20 05:44:00,,202312200544,7.583e-06,C7.5,GOES-16,1.443e-06,3.589e-03,,,,,-16.938538,11.003889,-280.06,210.98546,GOES-16_XRS,1,,0,
2023-12-20 06:03:00,2023-12-20 05:56:00,2023-12-20 06:06:00,202312200556,7.964e-06,C7.9,GOES-16,6.846e-06,4.937e-03,5.343e-03,-17.0,10.0,LEA,-15.893524,11.660125,-262.64246,222.07024,GOES-16_XRS,2,7810,0,3521
2023-12-20 08:54:00,2023-12-20 08:44:00,2023-12-20 09:02:00,202312200844,8.333e-06,C8.3,GOES-16,2.219e-06,4.112e-03,6.118e-03,-15.0,10.0,LEA,-15.128998,11.399305,-250.55194,218.06317,GOES-16_XRS,1,7850,0,3521
2023-12-20 09:36:00,2023-12-20 09:23:00,2023-12-20 09:54:00,202312200923,7.914e-06,C7.9,GOES-16,2.868e-06,5.790e-03,1.194e-02,50.0,-10.0,SVI,53.440453,-9.342493,774.902,-143.38249,GOES-16_XRS,1,7860,0,3519
2023-12-20 14:36:00,2023-12-20 14:33:00,2023-12-20 14:38:00,202312201433,3.818e-06,C3.8,GOES-16,2.386e-06,1.206e-03,1.345e-03,-54.0,8.0,SVI,-67.8826,9.607303,-892.105,172.74269,GOES-16_XRS,1,7970,0,3530
2023-12-20 16:28:00,2023-12-20 16:24:00,2023-12-20 16:53:00,202312201624,2.542e-06,C2.5,GOES-16,1.593e-06,1.018e-03,4.533e-03,,,,-49.282654,10.698083,-728.317,198.52252,GOES-16_XRS,1,7980,0,3526
2023-12-20 17:27:00,2023-12-20 17:09:00,2023-12-20 17:40:00,202312201709,6.803e-06,C6.8,GOES-16,2.304e-06,6.455e-03,9.848e-03,,,,39.189606,-12.153756,604.45294,-185.6955,GOES-16_XRS,1,7990,0,3531
2023-12-20 18:43:00,2023-12-20 18:39:00,2023-12-20 18:46:00,202312201839,7.271e-06,C7.2,GOES-16,2.153e-06,2.160e-03,2.393e-03,,,,-9.552155,9.440117,-160.33748,186.71014,GOES-16_XRS,1,8010,0,3521
2023-12-20 20:17:00,2023-12-20 20:12:00,2023-12-20 20:20:00,202312202012,3.459e-06,C3.4,GOES-16,2.315e-06,1.578e-03,1.737e-03,,,,-58.75595,-19.72237,-786.5341,-316.5228,GOES-16_XRS,1,8040,0,3524
2023-12-20 21:01:00,2023-12-20 20:53:00,2023-12-20 21:04:00,202312202053,4.496e-06,C4.4,GOES-16,2.030e-06,1.976e-03,2.102e-03,,,,-30.397308,-23.040531,-455.7195,-361.44604,GOES-16_XRS,1,8050,0,3524
2023-12-20 21:54:00,2023-12-20 21:34:00,2023-12-20 22:15:00,202312202134,6.602e-06,C6.6,GOES-16,2.326e-06,6.637e-03,1.281e-02,,,,59.779034,-9.663548,832.5005,-150.55475,GOES-16_XRS,1,8070,0,3519
2023-12-21 00:06:00,2023-12-21 00:01:00,2023-12-21 00:08:00,202312210001,5.527e-06,C5.5,GOES-16,1.545e-06,1.464e-03,1.561e-03,-31.0,-24.0,LEA,-32.284515,-23.754303,-478.4294,-372.9241,GOES-16_XRS,1,8090,0,3529
2023-12-21 02:18:00,2023-12-21 02:14:00,2023-12-21 02:21:00,202312210214,3.985e-06,C3.9,GOES-16,1.541e-06,1.241e-03,1.359e-03,,,,-32.42105,-21.8412,-487.045,-342.4083,GOES-16_XRS,1,8110,0,3529
2023-12-21 05:38:00,2023-12-21 05:19:00,2023-12-21 05:48:00,202312210519,4.247e-05,M4.2,GOES-16,1.724e-06,2.933e-02,4.272e-02,61.0,-12.0,LEA,60.064606,-11.0049,831.34973,-172.88472,GOES-16_XRS,1,8160,0,3519
2023-12-21 10:10:00,2023-12-21 10:04:00,,202312211004,2.248e-06,C2.2,GOES-16,1.603e-06,1.137e-03,,-1.0,14.0,SVI,15.8727255,9.304222,264.34613,185.07755,GOES-16_XRS,1,8210,0,3521
2023-12-21 10:25:00,2023-12-21 10:15:00,2023-12-21 10:27:00,202312211015,2.261e-06,C2.2,GOES-16,1.961e-06,1.733e-03,1.851e-03,,,,8.8004265,7.286231,148.65602,151.87999,GOES-16_XRS,2,8240,0,3521
2023-12-21 12:21:00,2023-12-21 12:16:00,2023-12-21 12:28:00,202312211216,2.192e-06,C2.1,GOES-16,1.324e-06,9.982e-04,1.532e-03,19.0,8.0,SVI,20.669315,11.47385,338.74634,220.77211,GOES-16_XRS,1,8250,0,3528
2023-12-21 16:25:00,2023-12-21 16:16:00,2023-12-21 16:35:00,202312211616,2.129e-06,C2.1,GOES-16,1.509e-06,1.461e-03,2.366e-03,,,,7.057599,22.529072,111.1355,401.42227,GOES-16_XRS,1,8280,0,3524
2023-12-21 18:03:00,2023-12-21 17:52:00,2023-12-21 18:09:00,202312211752,3.175e-06,C3.1,GOES-16,1.405e-06,1.978e-03,2.545e-03,,,,61.2086,-8.797525,846.3897,-135.66226,GOES-16_XRS,1,8290,0,3519
2023-12-21 19:07:00,2023-12-21 19:03:00,2023-12-21 19:11:00,202312211903,4.154e-06,C4.1,GOES-16,1.474e-06,1.505e-03,1.818e-03,,,,-42.103302,10.344497,-645.33453,196.7769,GOES-16_XRS,1,8300,0,3526
2023-12-21 20:10:00,2023-12-21 20:03:00,,202312212003,1.810e-06,C1.8,GOES-16,1.223e-06,1.015e-03,,,,,63.612217,-7.249562,868.3119,-110.44046,GOES-16_XRS,1,8310,0,3519
2023-12-21 20:30:00,2023-12-21 20:22:00,2023-12-21 20:39:00,202312212022,2.058e-06,C2.0,GOES-16,1.597e-06,1.348e-03,2.166e-03,,,,55.998486,-6.9127655,804.6011,-101.46223,GOES-16_XRS,2,8320,0,3519
2023-12-21 21:21:00,2023-12-21 21:13:00,2023-12-21 21:24:00,202312212113,4.017e-06,C4.0,GOES-16,1.220e-06,1.575e-03,1.700e-03,-18.0,-24.0,HOL,-16.681976,-23.837584,-257.1059,-369.95502,GOES-16_XRS,1,8340,0,3529
2023-12-22 00:04:00,2023-12-21 23:42:00,2023-12-22 00:18:00,202312212342,3.326e-05,M3.3,GOES-16,3.100e-06,2.717e-02,4.388e-02,,,,72.36399,-11.028966,913.3943,-177.9833,GOES-16_XRS,1,8360,0,3519
2023-12-22 01:10:00,2023-12-22 00:57:00,2023-12-22 01:32:00,202312220057,8.124e-06,C8.1,GOES-16,3.078e-06,6.026e-03,1.354e-02,72.0,-10.0,LEA,48.574955,-11.252797,719.3083,-171.61949,GOES-16_XRS,1,8370,0,3519
2023-12-22 04:57:00,2023-12-22 04:46:00,2023-12-22 05:01:00,202312220446,7.828e-06,C7.8,GOES-16,1.502e-06,4.582e-03,5.069e-03,73.0,-11.0,LEA,72.53546,-11.422759,913.014,-184.52757,GOES-16_XRS,1,8410,0,3519
2023-12-22 09:23:00,2023-12-22 09:19:00,2023-12-22 09:28:00,202312220919,6.423e-06,C6.4,GOES-16,2.321e-06,2.212e-03,2.946e-03,77.0,-12.0,SVI,73.05496,-11.430008,915.53326,-184.78247,GOES-16_XRS,1,8430,0,3519
2023-12-22 13:10:00,2023-12-22 13:06:00,2023-12-22 13:13:00,202312221306,2.749e-06,C2.7,GOES-16,1.717e-06,1.055e-03,1.171e-03,-13.0,22.0,SVI,-14.577576,24.260881,-224.67659,429.1439,GOES-16_XRS,1,8450,0,3526
2023-12-22 22:05:00,2023-12-22 21:58:00,2023-12-22 22:11:00,202312222158,1.816e-06,C1.8,GOES-16,1.226e-06,9.962e-04,1.362e-03,,,,41.934544,1.8213644,653.6343,54.428944,GOES-16_XRS,1,8480,0,3528
2023-12-23 09:14:00,2023-12-23 09:05:00,2023-12-23 09:21:00,202312230905,3.150e-06,C3.1,GOES-16,1.223e-06,1.791e-03,2.463e-03,-17.0,6.0,SVI,-13.492218,9.304019,-225.54572,189.39122,GOES-16_XRS,1,8610,0,3530
2023-12-23 09:42:00,2023-12-23 09:30:00,2023-12-23 09:50:00,202312230930,2.990e-06,C2.9,GOES-16,1.652e-06,2.261e-03,3.130e-03,-17.0,6.0,SVI,-16.74411,8.029403,-279.43832,167.52122,GOES-16_XRS,1,8620,0,3530
2023-12-23 14:32:00,2023-12-23 14:26:00,2023-12-23 14:36:00,202312231426,2.277e-06,C2.2,GOES-16,1.302e-06,1.086e-03,1.280e-03,,,,82.00792,-10.225325,951.0164,-168.65128,GOES-16_XRS,1,8700,0,3519
2023-12-23 17:41:00,2023-12-23 17:27:00,2023-12-23 17:48:00,202312231727,2.378e-06,C2.3,GOES-16,1.165e-06,2.056e-03,2.614e-03,,,,-12.594482,6.4197693,-212.277,141.63722,GOES-16_XRS,1,8710,0,3530
2023-12-24 02:37:00,2023-12-24 02:28:00,2023-12-24 02:55:00,202312240228,1.795e-06,C1.7,GOES-16,1.127e-06,1.137e-03,2.620e-03,,,,54.842182,6.2320967,794.7314,125.48464,GOES-16_XRS,1,8750,0,3521
2023-12-24 07:33:00,2023-12-24 07:26:00,,202312240726,1.916e-06,C1.9,GOES-16,1.311e-06,1.118e-03,,,,,30.947062,-18.106173,478.5438,-276.07022,GOES-16_XRS,1,8790,0,3529
2023-12-24 07:45:00,2023-12-24 07:37:00,2023-12-24 07:55:00,202312240737,2.171e-06,C2.1,GOES-16,1.854e-06,1.422e-03,2.408e-03,,,,10.994845,-5.1193814,186.1181,-53.733635,GOES-16_XRS,2,8850,0,3529
2023-12-24 08:16:00,2023-12-24 08:06:00,2023-12-24 08:20:00,202312240806,3.755e-06,C3.7,GOES-16,2.032e-06,2.363e-03,2.685e-03,25.0,-20.0,SVI,12.9694605,-7.0079904,218.2405,-86.141495,GOES-16_XRS,1,8800,0,3529
2023-12-24 09:07:00,2023-12-24 08:56:00,,202312240856,2.122e-06,C2.1,GOES-16,1.491e-06,1.697e-03,,,,,-6.884369,9.7888775,-115.72757,200.24638,GOES-16_XRS,1,8830,0,3530
2023-12-24 09:19:00,2023-12-24 09:11:00,2023-12-24 09:21:00,202312240911,2.425e-06,C2.4,GOES-16,2.113e-06,1.602e-03,1.735e-03,,,,-3.0021362,11.488038,-50.284096,228.80956,GOES-16_XRS,2,8840,0,3530
2023-12-24 10:52:00,2023-12-24 10:43:00,2023-12-24 10:59:00,202312241043,1.970e-06,C1.9,GOES-16,1.080e-06,1.175e-03,1.638e-03,,,,12.402247,-13.860581,204.28076,-201.66258,GOES-16_XRS,1,8870,0,3529
2023-12-24 11:18:00,2023-12-24 11:09:00,2023-12-24 11:23:00,202312241109,2.940e-05,M2.9,GOES-16,1.263e-06,1.212e-02,1.450e-02,27.0,-20.0,SVI,25.211628,-20.1969,391.46713,-308.4007,GOES-16_XRS,1,8880,0,3529
2023-12-24 16:49:00,2023-12-24 16:37:00,2023-12-24 16:55:00,202312241637,2.664e-05,M2.6,GOES-16,2.696e-06,1.291e-02,1.657e-02,33.0,-17.0,HOL,29.7338,-20.35725,455.2656,-311.7365,GOES-16_XRS,1,8920,0,3529
2023-12-24 19:51:00,2023-12-24 19:21:00,2023-12-24 20:15:00,202312241921,1.134e-05,M1.1,GOES-16,2.075e-06,1.401e-02,2.541e-02,,,,-71.10666,-21.901394,-857.39124,-353.45898,GOES-16_XRS,1,8970,0,
2023-12-24 23:40:00,2023-12-24 23:28:00,2023-12-24 23:46:00,202312242328,5.033e-06,C5.0,GOES-16,1.426e-06,3.061e-03,3.870e-03,33.0,-21.0,LEA,33.38874,-13.741508,523.3728,-203.3953,GOES-16_XRS,1,8990,0,3529
2023-12-25 01:00:00,2023-12-25 00:53:00,2023-12-25 01:05:00,202312250053,4.741e-06,C4.7,GOES-16,2.696e-06,2.321e-03,2.977e-03,7.0,7.0,LEA,6.148388,7.6076717,104.018234,165.03049,GOES-16_XRS,1,9010,0,3530
2023-12-25 01:35:00,2023-12-25 01:26:00,2023-12-25 01:40:00,202312250126,3.644e-06,C3.6,GOES-16,2.035e-06,2.211e-03,2.716e-03,7.0,7.0,LEA,7.515271,6.233126,127.393654,141.76479,GOES-16_XRS,1,9030,0,3530
2023-12-25 03:16:00,2023-12-25 03:09:00,2023-12-25 03:23:00,202312250309,1.897e-06,C1.8,GOES-16,1.255e-06,1.047e-03,1.525e-03,,,,-7.580078,10.928286,-126.89748,220.7689,GOES-16_XRS,1,9060,0,3533
2023-12-25 07:38:00,2023-12-25 07:28:00,,202312250728,2.239e-06,C2.2,GOES-16,1.110e-06,1.422e-03,,70.0,5.0,SVI,60.30494,6.429638,843.8221,127.31886,GOES-16_XRS,1,9090,0,3528
2023-12-25 07:45:00,2023-12-25 07:41:00,2023-12-25 07:48:00,202312250741,2.471e-06,C2.4,GOES-16,2.095e-06,1.117e-03,1.245e-03,,,,61.93016,8.588807,852.7684,162.8131,GOES-16_XRS,2,9130,0,3528
2023-12-25 20:54:00,2023-12-25 20:42:00,2023-12-25 21:12:00,202312252042,1.348e-06,C1.3,GOES-16,9.560e-07,1.168e-03,2.319e-03,,,,16.243671,2.6286597,273.77005,81.0192,GOES-16_XRS,1,9200,0,3530
2023-12-25 23:47:00,2023-12-25 23:43:00,2023-12-25 23:52:00,202312252343,1.492e-06,C1.4,GOES-16,1.018e-06,6.448e-04,8.700e-04,64.0,13.0,LEA,,,1012.73395,224.22874,GOES-16_XRS,1,9230,0,3521
2023-12-26 03:14:00,2023-12-26 03:08:00,2023-12-26 03:16:00,202312260308,2.410e-06,C2.4,GOES-16,8.810e-07,8.127e-04,8.810e-04,,,,80.706154,4.3381987,960.48065,79.90591,GOES-16_XRS,1,9280,0,3528
2023-12-26 04:30:00,2023-12-26 04:15:00,2023-12-26 04:43:00,202312260415,1.578e-06,C1.5,GOES-16,8.837e-07,1.436e-03,2.296e-03,,,,70.40148,10.647328,904.38116,192.93602,GOES-16_XRS,1,9290,0,3528
2023-12-26 05:01:00,2023-12-26 04:56:00,2023-12-26 05:06:00,202312260456,4.521e-06,C4.5,GOES-16,1.165e-06,1.677e-03,2.169e-03,52.0,-21.0,LEA,47.898373,-20.02454,681.9787,-310.60318,GOES-16_XRS,1,9300,0,3529
2023-12-26 05:34:00,2023-12-26 05:25:00,2023-12-26 05:40:00,202312260525,1.875e-06,C1.8,GOES-16,1.031e-06,1.118e-03,1.466e-03,,,,53.54303,-15.827849,756.8022,-244.62482,GOES-16_XRS,1,9310,0,3529
2023-12-26 09:26:00,2023-12-26 08:56:00,2023-12-26 09:46:00,202312260856,3.252e-06,C3.2,GOES-16,9.766e-07,4.340e-03,7.131e-03,,,,,,1000.80066,98.56392,GOES-16_XRS,1,9320,0,3528
2023-12-26 10:59:00,2023-12-26 10:47:00,2023-12-26 11:07:00,202312261047,2.398e-06,C2.3,GOES-16,9.822e-07,1.586e-03,2.243e-03,45.0,-23.0,SVI,38.486225,-21.68413,566.0134,-333.10452,GOES-16_XRS,1,9360,0,3529
2023-12-26 17:07:00,2023-12-26 16:53:00,2023-12-26 17:17:00,202312261653,1.555e-06,C1.5,GOES-16,1.028e-06,1.473e-03,2.125e-03,,,,37.880753,6.80295,596.8675,146.738,GOES-16_XRS,1,9390,0,3526
2023-12-27 03:17:00,2023-12-27 03:09:00,2023-12-27 03:29:00,202312270309,1.680e-06,C1.6,GOES-16,1.176e-06,1.034e-03,1.920e-03,,,,-19.105774,-15.39551,-309.1435,-223.14455,GOES-16_XRS,1,9430,0,3529
2023-12-27 06:06:00,2023-12-27 05:55:00,2023-12-27 06:18:00,202312270555,1.260e-06,C1.2,GOES-16,7.594e-07,9.225e-04,1.576e-03,,,,78.74297,6.975135,950.37573,126.27981,GOES-16_XRS,1,9440,0,3529
2023-12-27 13:19:00,2023-12-27 13:09:00,2023-12-27 13:30:00,202312271309,1.208e-06,C1.2,GOES-16,7.345e-07,8.440e-04,1.380e-03,-64.0,-12.0,SVI,,,-1004.2916,-109.69457,GOES-16_XRS,1,9480,0,3534
2023-12-27 19:41:00,2023-12-27 19:35:00,2023-12-27 19:48:00,202312271935,1.977e-06,C1.9,GOES-16,8.293e-07,8.406e-04,1.266e-03,,,,-61.960327,-9.040788,-852.10706,-134.14873,GOES-16_XRS,1,9490,0,3534
2023-12-28 10:58:00,2023-12-28 10:52:00,2023-12-28 11:01:00,202312281052,1.853e-06,C1.8,GOES-16,8.135e-07,7.516e-04,8.179e-04,,,,37.328617,15.079393,573.16254,287.43997,GOES-16_XRS,1,9520,0,3533
2023-12-28 20:32:00,2023-12-28 20:27:00,,202312282027,1.073e-06,C1.0,GOES-16,7.592e-07,5.181e-04,,,,,-46.527252,-22.34985,-656.7243,-343.82452,GOES-16_XRS,1,9530,0,3534
2023-12-28 20:52:00,2023-12-28 20:39:00,2023-12-28 21:04:00,202312282039,2.153e-06,C2.1,GOES-16,9.391e-07,1.429e-03,2.447e-03,,,,,,-983.1192,76.09478,GOES-16_XRS,2,9550,0,
2023-12-28 22:51:00,2023-12-28 22:42:00,2023-12-28 23:00:00,202312282242,1.512e-06,C1.5,GOES-16,9.394e-07,9.608e-04,1.496e-03,,,,39.404327,15.195866,599.62506,289.1288,GOES-16_XRS,1,9540,0,3533
2023-12-29 00:33:00,2023-12-29 00:23:00,,202312290023,2.569e-06,C2.5,GOES-16,9.926e-07,1.385e-03,,,,,70.03182,5.127219,914.57776,102.21259,GOES-16_XRS,1,9560,0,3528
2023-12-29 00:47:00,2023-12-29 00:41:00,2023-12-29 00:53:00,202312290041,2.652e-06,C2.6,GOES-16,2.163e-06,1.463e-03,2.047e-03,,,,65.99721,5.696605,888.36444,114.76024,GOES-16_XRS,2,9580,0,3528
2023-12-29 01:40:00,2023-12-29 01:36:00,2023-12-29 01:44:00,202312290136,1.509e-06,C1.5,GOES-16,9.955e-07,6.041e-04,7.451e-04,,,,57.75105,4.877492,824.0313,106.56393,GOES-16_XRS,1,9570,0,3528
2023-12-29 02:21:00,2023-12-29 02:13:00,2023-12-29 02:41:00,202312290213,1.391e-06,C1.3,GOES-16,9.102e-07,8.161e-04,2.122e-03,,,,33.6908,12.236812,530.8092,243.3654,GOES-16_XRS,1,9590,0,3533
2023-12-29 03:40:00,2023-12-29 03:36:00,2023-12-29 03:45:00,202312290336,1.385e-06,C1.3,GOES-16,9.186e-07,5.756e-04,7.789e-04,,,,25.990526,20.780083,401.21695,384.41376,GOES-16_XRS,1,9600,0,3533
2023-12-29 04:34:00,2023-12-29 04:26:00,2023-12-29 04:44:00,202312290426,1.293e-06,C1.2,GOES-16,9.031e-07,7.876e-04,1.327e-03,,,,64.665825,-5.992087,878.5986,-83.01841,GOES-16_XRS,1,9610,0,3533
2023-12-29 07:24:00,2023-12-29 07:14:00,2023-12-29 07:34:00,202312290714,1.465e-06,C1.4,GOES-16,8.839e-07,1.005e-03,1.596e-03,,,,44.807846,22.247984,638.1785,399.41757,GOES-16_XRS,1,9620,0,3533
2023-12-29 07:54:00,2023-12-29 07:49:00,2023-12-29 08:02:00,202312290749,9.804e-06,C9.8,GOES-16,9.789e-07,2.947e-03,5.006e-03,38.0,15.0,LEA,39.17818,15.101893,597.0185,288.27768,GOES-16_XRS,1,9630,0,3533
2023-12-29 11:45:00,2023-12-29 11:31:00,2023-12-29 11:52:00,202312291131,1.879e-06,C1.8,GOES-16,1.097e-06,1.673e-03,2.129e-03,,,,,,1018.5256,179.87494,GOES-16_XRS,1,9660,0,3530
2023-12-29 12:23:00,2023-12-29 12:05:00,2023-12-29 12:56:00,202312291205,2.546e-06,C2.5,GOES-16,1.151e-06,2.653e-03,6.555e-03,,,,70.91728,6.7165008,916.90137,128.77222,GOES-16_XRS,1,9670,0,3530
2023-12-29 20:17:00,2023-12-29 20:07:00,2023-12-29 20:23:00,202312292007,6.614e-06,C6.6,GOES-16,9.773e-07,2.870e-03,3.770e-03,,,,75.85798,4.655461,943.8411,90.31116,GOES-16_XRS,1,9700,0,3530
2023-12-30 00:10:00,2023-12-30 00:01:00,2023-12-30 00:18:00,202312300001,1.455e-06,C1.4,GOES-16,9.676e-07,9.636e-04,1.412e-03,,,,64.62827,9.044168,872.1297,172.97682,GOES-16_XRS,1,9720,0,3530
2023-12-30 07:10:00,2023-12-30 06:59:00,,202312300659,1.937e-06,C1.9,GOES-16,1.304e-06,1.511e-03,,,,,0.13536693,0.7885601,2.3153603,60.29264,GOES-16_XRS,1,9730,0,3534
2023-12-30 07:47:00,2023-12-30 07:29:00,2023-12-30 07:56:00,202312300729,3.271e-06,C3.2,GOES-16,1.830e-06,3.448e-03,4.597e-03,,,,5.524571,-5.9388456,93.84845,-54.882607,GOES-16_XRS,2,9740,0,3530
2023-12-30 11:55:00,2023-12-30 11:47:00,2023-12-30 12:06:00,202312301147,1.739e-06,C1.7,GOES-16,1.242e-06,1.116e-03,1.981e-03,,,,-62.700897,11.460408,-851.3145,215.16623,GOES-16_XRS,1,9760,0,
2023-12-30 14:52:00,2023-12-30 14:44:00,2023-12-30 14:56:00,202312301444,2.171e-06,C2.1,GOES-16,1.126e-06,1.103e-03,1.290e-03,,,,65.613335,4.477599,887.43976,95.699844,GOES-16_XRS,1,9780,0,3530
2023-12-30 15:20:00,2023-12-30 15:17:00,2023-12-30 15:22:00,202312301517,5.789e-06,C5.7,GOES-16,1.386e-06,1.492e-03,1.610e-03,,,,,,-987.52875,39.923298,GOES-16_XRS,1,9790,0,3530
2023-12-30 21:28:00,2023-12-30 21:23:00,2023-12-30 21:30:00,202312302123,2.237e-06,C2.2,GOES-16,1.229e-06,9.004e-04,9.812e-04,,,,,,-1078.224,83.87726,GOES-16_XRS,1,9820,0,3530
2023-12-30 21:50:00,2023-12-30 21:41:00,2023-12-30 21:52:00,202312302141,6.176e-06,C6.1,GOES-16,1.268e-06,1.637e-03,1.737e-03,,,,71.691826,3.5324697,925.69855,75.1399,GOES-16_XRS,1,9830,0,3530
2023-12-31 00:06:00,2023-12-30 23:56:00,2023-12-31 00:14:00,202312302356,1.830e-06,C1.8,GOES-16,1.183e-06,1.270e-03,1.817e-03,,,,-60.876007,5.974583,-849.44244,124.94334,GOES-16_XRS,1,9840,0,
2023-12-31 00:19:00,2023-12-31 00:14:00,2023-12-31 00:23:00,202312310014,2.190e-06,C2.1,GOES-16,1.470e-06,1.031e-03,1.243e-03,,,,,,-1073.2924,127.879105,GOES-16_XRS,1,9850,0,3536
2023-12-31 02:47:00,2023-12-31 02:38:00,,202312310238,1.262e-06,C1.2,GOES-16,9.153e-07,9.006e-04,,,,,5.3789997,-2.304442,91.8039,8.869895,GOES-16_XRS,1,9900,0,3531
2023-12-31 03:13:00,2023-12-31 03:04:00,2023-12-31 03:18:00,202312310304,4.218e-06,C4.2,GOES-16,1.137e-06,1.930e-03,2.383e-03,,,,72.91907,6.9289513,926.8948,131.79431,GOES-16_XRS,2,9910,0,3530
2023-12-31 08:09:00,2023-12-31 07:59:00,,202312310759,2.403e-06,C2.4,GOES-16,1.145e-06,1.389e-03,,,,,83.673805,2.0227156,969.4369,39.771095,GOES-16_XRS,1,,0,
2023-12-31 08:17:00,2023-12-31 08:13:00,2023-12-31 08:27:00,202312310813,9.656e-06,C9.6,GOES-16,1.727e-06,3.559e-03,6.613e-03,,,,-74.97589,2.428912,-942.43726,53.971718,GOES-16_XRS,2,9930,0,3536
2023-12-31 09:12:00,2023-12-31 09:02:00,2023-12-31 09:17:00,202312310902,8.335e-06,C8.3,GOES-16,1.200e-06,3.555e-03,4.336e-03,,,,-51.356476,3.2556798,-762.9083,86.003075,GOES-16_XRS,1,9940,0,3536
2023-12-31 12:07:00,2023-12-31 11:55:00,2023-12-31 12:27:00,202312311155,2.751e-06,C2.7,GOES-16,1.297e-06,2.010e-03,4.413e-03,,,,70.07033,10.033657,904.43835,186.48799,GOES-16_XRS,1,9950,0,
2023-12-31 12:55:00,2023-12-31 12:37:00,2023-12-31 13:13:00,202312311237,5.593e-06,C5.5,GOES-16,2.046e-06,5.120e-03,9.298e-03,,,,,,-1120.8328,120.9198,GOES-16_XRS,1,9960,0,3536
2023-12-31 17:46:00,2023-12-31 17:38:00,2023-12-31 17:50:00,202312311738,2.490e-06,C2.4,GOES-16,1.671e-06,1.473e-03,1.714e-03,,,,,,-1009.31256,34.277195,GOES-16_XRS,1,9970,0,3536
2023-12-31 18:16:00,2023-12-31 18:02:00,,202312311802,3.861e-06,C3.8,GOES-16,2.267e-06,3.481e-03,,,,,,,-1040.808,71.96518,GOES-16_XRS,1,9980,0,3536
2023-12-31 18:39:00,2023-12-31 18:28:00,,202312311828,4.293e-06,C4.2,GOES-16,3.210e-06,3.337e-03,,,,,,,-988.0757,61.709583,GOES-16_XRS,2,9990,0,3536
2023-12-31 19:12:00,2023-12-31 18:44:00,2023-12-31 19:39:00,202312311844,1.025e-05,M1.0,GOES-16,3.877e-06,1.326e-02,2.566e-02,,,,-60.811554,1.1907256,-853.4023,44.54563,GOES-16_XRS,3,10,0,3536
2023-12-31 21:55:00,2023-12-31 21:36:00,2023-12-31 22:07:00,202312312136,4.947e-04,X4.9,GOES-16,1.892e-06,3.559e-01,5.424e-01,-73.0,4.0,HOL,,,-975.44226,43.759544,GOES-16_XRS,1,40,0,3536
