time,start_time,end_time,flare_id,xrsb_irrad,flare_class,xrsb_irrad_source,background_irrad,integrated_irrad_peak,integrated_irrad_end,flare_loc_swpc_hgs_lon,flare_loc_swpc_hgs_lat,flare_loc_swpc_source,flare_loc_xrs_hgs_lon,flare_loc_xrs_hgs_lat,flare_loc_xrs_hpc_x,flare_loc_xrs_hpc_y,flare_loc_xrs_source,sequential_flare_num,event_id_swpc,peak_saturated,active_region
2022-01-01 00:31:00,2022-01-01 00:25:00,2022-01-01 00:41:00,202201010025,2.933e-07,B2.9,GOES-16,1.963e-07,1.470e-04,2.697e-04,,,,,,,,,1,70,0,
2022-01-01 07:30:00,2022-01-01 07:07:00,2022-01-01 07:41:00,202201010707,1.133e-05,M1.1,GOES-16,2.679e-07,9.811e-03,1.355e-02,79.0,21.0,LEA,81.161705,21.113245,899.7012,358.49362,GOES-16_XRS,1,90,0,2918
2022-01-01 12:43:00,2022-01-01 12:36:00,2022-01-01 12:52:00,202201011236,3.545e-07,B3.5,GOES-16,2.378e-07,1.895e-04,3.137e-04,,,,,,,,,1,100,0,
2022-01-01 13:44:00,2022-01-01 13:37:00,,202201011337,5.334e-07,B5.3,GOES-16,2.626e-07,2.386e-04,,,,,,,,,,1,110,0,2916
2022-01-01 13:54:00,2022-01-01 13:47:00,2022-01-01 13:58:00,202201011347,4.427e-07,B4.4,GOES-16,4.261e-07,2.866e-04,3.376e-04,,,,,,,,,2,160,0,2918
2022-01-01 15:01:00,2022-01-01 14:48:00,2022-01-01 15:05:00,202201011448,6.910e-07,B6.9,GOES-16,2.419e-07,4.492e-04,5.012e-04,,,,,,,,,1,120,0,2916
2022-01-01 16:21:00,2022-01-01 16:11:00,2022-01-01 16:25:00,202201011611,4.008e-07,B4.0,GOES-16,2.270e-07,2.575e-04,2.940e-04,,,,,,,,,1,130,0,2918
2022-01-01 17:36:00,2022-01-01 17:28:00,2022-01-01 17:45:00,202201011728,4.196e-07,B4.1,GOES-16,2.357e-07,2.286e-04,3.750e-04,,,,,,,,,1,140,0,2918
2022-01-01 19:09:00,2022-01-01 18:59:00,2022-01-01 19:14:00,202201011859,2.322e-06,C2.3,GOES-16,7.015e-07,1.092e-03,1.350e-03,,,,77.90332,19.03287,902.4319,328.35016,GOES-16_XRS,1,150,0,2918
2022-01-02 00:12:00,2022-01-02 00:01:00,2022-01-02 00:19:00,202201020001,1.067e-06,C1.0,GOES-16,3.989e-07,6.259e-04,8.551e-04,,,,,,954.1791,326.0355,GOES-16_XRS,1,170,0,2918
2022-01-02 03:43:00,2022-01-02 03:37:00,2022-01-02 03:50:00,202201020337,4.592e-07,B4.5,GOES-16,2.568e-07,2.293e-04,3.387e-04,,,,,,,,,1,180,0,2918
2022-01-02 08:28:00,2022-01-02 08:18:00,2022-01-02 08:35:00,202201020818,3.641e-07,B3.6,GOES-16,1.858e-07,2.331e-04,3.168e-04,,,,,,,,,1,190,0,2918
2022-01-02 10:11:00,2022-01-02 10:02:00,2022-01-02 10:19:00,202201021002,4.391e-07,B4.3,GOES-16,1.653e-07,2.257e-04,3.428e-04,,,,,,,,,1,200,0,2916
2022-01-02 12:13:00,2022-01-02 12:00:00,2022-01-02 12:38:00,202201021200,3.943e-07,B3.9,GOES-16,1.630e-07,2.875e-04,7.409e-04,,,,,,,,,1,210,0,2918
2022-01-02 17:02:00,2022-01-02 16:53:00,2022-01-02 17:15:00,202201021653,5.716e-07,B5.7,GOES-16,1.620e-07,2.846e-04,5.807e-04,,,,,,,,,1,220,0,2918
2022-01-03 01:29:00,2022-01-03 01:23:00,2022-01-03 01:34:00,202201030123,3.216e-07,B3.2,GOES-16,1.892e-07,1.501e-04,1.944e-04,,,,,,,,,1,230,0,2918
2022-01-03 02:07:00,2022-01-03 01:59:00,2022-01-03 02:11:00,202201030159,2.758e-07,B2.7,GOES-16,1.810e-07,1.667e-04,1.924e-04,,,,,,,,,1,240,0,2918
2022-01-03 05:24:00,2022-01-03 05:14:00,2022-01-03 05:28:00,202201030514,4.847e-07,B4.8,GOES-16,2.139e-07,2.676e-04,3.071e-04,,,,,,,,,1,260,0,2918
2022-01-03 11:58:00,2022-01-03 11:44:00,2022-01-03 12:27:00,202201031144,3.603e-07,B3.6,GOES-16,1.812e-07,3.013e-04,8.079e-04,,,,,,,,,1,290,0,
2022-01-03 15:21:00,2022-01-03 15:09:00,2022-01-03 15:37:00,202201031509,4.338e-07,B4.3,GOES-16,1.591e-07,3.008e-04,5.919e-04,,,,,,,,,1,300,0,
2022-01-04 03:49:00,2022-01-04 03:35:00,2022-01-04 04:01:00,202201040335,4.644e-07,B4.6,GOES-16,2.428e-07,3.927e-04,6.230e-04,,,,,,,,,1,310,0,2923
2022-01-04 05:36:00,2022-01-04 05:27:00,2022-01-04 05:42:00,202201040527,3.264e-07,B3.2,GOES-16,2.318e-07,2.213e-04,2.888e-04,,,,,,,,,1,320,0,
2022-01-04 09:14:00,2022-01-04 09:06:00,2022-01-04 09:22:00,202201040906,2.849e-07,B2.8,GOES-16,1.835e-07,1.695e-04,2.562e-04,,,,,,,,,1,330,0,
2022-01-04 17:21:00,2022-01-04 17:18:00,2022-01-04 17:23:00,202201041718,2.343e-07,B2.3,GOES-16,1.509e-07,7.794e-05,8.738e-05,,,,,,,,,1,350,0,
2022-01-05 02:57:00,2022-01-05 02:47:00,2022-01-05 03:05:00,202201050247,2.824e-07,B2.8,GOES-16,1.784e-07,2.013e-04,2.871e-04,,,,,,,,,1,360,0,2925
2022-01-05 05:14:00,2022-01-05 05:10:00,2022-01-05 05:21:00,202201050510,3.396e-07,B3.3,GOES-16,2.409e-07,1.440e-04,2.335e-04,,,,,,,,,1,380,0,2925
2022-01-05 07:45:00,2022-01-05 07:34:00,2022-01-05 08:20:00,202201050734,2.228e-07,B2.2,GOES-16,1.281e-07,1.642e-04,5.512e-04,,,,,,,,,1,390,0,2916
2022-01-05 16:53:00,2022-01-05 16:45:00,2022-01-05 17:03:00,202201051645,1.933e-07,B1.9,GOES-16,1.389e-07,1.224e-04,2.063e-04,,,,,,,,,1,400,0,2925
2022-01-06 18:20:00,2022-01-06 18:14:00,2022-01-06 18:25:00,202201061814,3.937e-07,B3.9,GOES-16,2.658e-07,1.964e-04,2.543e-04,,,,,,,,,1,480,0,
2022-01-06 22:46:00,2022-01-06 22:39:00,2022-01-06 22:53:00,202201062239,1.179e-06,C1.1,GOES-16,6.793e-07,5.873e-04,8.701e-04,,,,-21.382935,-31.255291,-305.23178,-457.04443,GOES-16_XRS,1,530,0,2924
2022-01-06 23:44:00,2022-01-06 23:38:00,2022-01-06 23:48:00,202201062338,7.063e-07,B7.0,GOES-16,4.897e-07,3.626e-04,4.282e-04,,,,,,,,,1,550,0,2924
2022-01-07 01:41:00,2022-01-07 01:33:00,2022-01-07 01:44:00,202201070133,6.745e-07,B6.7,GOES-16,3.804e-07,3.344e-04,3.637e-04,,,,,,,,,1,580,0,2924
2022-01-07 04:01:00,2022-01-07 03:47:00,2022-01-07 04:26:00,202201070347,7.210e-07,B7.2,GOES-16,3.963e-07,6.341e-04,1.458e-03,,,,,,,,,1,600,0,
2022-01-07 04:19:00,2022-01-07 04:14:00,2022-01-07 04:21:00,202201070414,6.069e-07,B6.0,GOES-17,5.996e-07,3.252e-04,3.607e-04,,,,,,,,,2,,0,
2022-01-07 06:00:00,2022-01-07 05:51:00,2022-01-07 06:13:00,202201070551,5.555e-07,B5.5,GOES-16,3.965e-07,3.850e-04,7.154e-04,,,,,,,,,1,620,0,2925
2022-01-07 08:13:00,2022-01-07 08:04:00,2022-01-07 08:19:00,202201070804,1.156e-06,C1.1,GOES-16,3.687e-07,5.202e-04,6.976e-04,,,,-15.391022,-30.471657,-224.04816,-442.80252,GOES-16_XRS,1,640,0,2924
2022-01-07 08:46:00,2022-01-07 08:42:00,2022-01-07 08:49:00,202201070842,5.365e-07,B5.3,GOES-16,3.228e-07,2.032e-04,2.248e-04,,,,,,,,,1,650,0,
2022-01-07 09:23:00,2022-01-07 09:18:00,2022-01-07 09:34:00,202201070918,4.134e-07,B4.1,GOES-16,2.825e-07,1.942e-04,3.873e-04,,,,,,,,,1,660,0,
2022-01-07 10:36:00,2022-01-07 10:28:00,2022-01-07 10:46:00,202201071028,6.026e-07,B6.0,GOES-16,3.578e-07,3.465e-04,5.906e-04,,,,,,,,,1,670,0,
2022-01-07 12:05:00,2022-01-07 11:58:00,2022-01-07 12:12:00,202201071158,4.492e-07,B4.4,GOES-16,3.178e-07,2.560e-04,3.722e-04,,,,,,,,,1,680,0,
2022-01-07 14:36:00,2022-01-07 14:28:00,2022-01-07 14:45:00,202201071428,7.972e-07,B7.9,GOES-16,3.863e-07,4.462e-04,7.138e-04,,,,,,,,,1,690,0,
2022-01-07 16:59:00,2022-01-07 16:52:00,2022-01-07 17:02:00,202201071652,6.937e-07,B6.9,GOES-16,4.758e-07,3.727e-04,4.041e-04,,,,,,,,,1,740,0,2924
2022-01-07 18:53:00,2022-01-07 18:45:00,2022-01-07 19:00:00,202201071845,7.214e-07,B7.2,GOES-16,4.799e-07,4.496e-04,6.342e-04,,,,,,,,,1,770,0,2924
2022-01-07 21:08:00,2022-01-07 21:05:00,2022-01-07 21:12:00,202201072105,9.381e-07,B9.3,GOES-16,6.675e-07,3.571e-04,4.514e-04,,,,,,,,,1,810,0,
2022-01-07 22:10:00,2022-01-07 22:01:00,2022-01-07 22:12:00,202201072201,2.762e-06,C2.7,GOES-16,7.133e-07,9.674e-04,1.039e-03,,,,-11.785828,-28.310669,-176.15201,-407.8004,GOES-16_XRS,1,820,0,2924
2022-01-08 01:03:00,2022-01-08 00:57:00,2022-01-08 01:11:00,202201080057,8.616e-07,B8.6,GOES-16,6.130e-07,4.367e-04,7.056e-04,,,,,,,,,1,830,0,2924
2022-01-08 02:14:00,2022-01-08 02:06:00,2022-01-08 02:19:00,202201080206,7.100e-07,B7.0,GOES-16,4.976e-07,4.384e-04,5.442e-04,,,,,,,,,1,840,0,2924
2022-01-08 23:58:00,2022-01-08 23:49:00,2022-01-09 00:00:00,202201082349,6.260e-07,B6.2,GOES-16,2.771e-07,2.844e-04,3.018e-04,-2.0,-37.0,LEA,,,,,,1,980,0,2924
2022-01-09 05:17:00,2022-01-09 05:07:00,2022-01-09 05:26:00,202201090507,7.690e-07,B7.6,GOES-16,3.723e-07,5.386e-04,7.984e-04,,,,,,,,,1,1070,0,
2022-01-09 16:02:00,2022-01-09 15:52:00,2022-01-09 16:18:00,202201091552,5.543e-07,B5.5,GOES-16,2.898e-07,3.422e-04,7.394e-04,,,,,,,,,1,,0,
2022-01-11 05:39:00,2022-01-11 05:31:00,,202201110531,3.742e-07,B3.7,GOES-16,2.450e-07,2.287e-04,,,,,,,,,,1,1360,0,2927
2022-01-11 05:58:00,2022-01-11 05:51:00,2022-01-11 06:01:00,202201110551,3.818e-07,B3.8,GOES-16,3.103e-07,2.277e-04,2.463e-04,,,,,,,,,2,,0,
2022-01-11 06:43:00,2022-01-11 06:37:00,2022-01-11 06:48:00,202201110637,4.342e-07,B4.3,GOES-16,2.153e-07,1.932e-04,2.492e-04,19.0,22.0,LEA,,,,,,1,1370,0,2926
2022-01-11 08:38:00,2022-01-11 08:18:00,2022-01-11 08:58:00,202201110818,1.047e-06,C1.0,GOES-16,2.370e-07,9.481e-04,1.825e-03,,,,-60.886047,-17.939423,-812.56903,-267.51743,GOES-16_XRS,1,1420,0,
2022-01-11 09:20:00,2022-01-11 09:14:00,2022-01-11 09:23:00,202201110914,7.237e-07,B7.2,GOES-16,4.951e-07,3.461e-04,3.811e-04,,,,,,,,,1,1430,0,2926
2022-01-11 11:47:00,2022-01-11 11:32:00,2022-01-11 11:53:00,202201111132,4.746e-07,B4.7,GOES-16,2.757e-07,4.550e-04,5.463e-04,,,,,,,,,1,1450,0,2927
2022-01-11 12:40:00,2022-01-11 12:37:00,2022-01-11 12:43:00,202201111237,3.387e-07,B3.3,GOES-16,2.298e-07,1.204e-04,1.368e-04,,,,,,,,,1,1460,0,2926
2022-01-12 04:23:00,2022-01-12 04:13:00,2022-01-12 04:26:00,202201120413,7.283e-07,B7.2,GOES-16,2.642e-07,3.561e-04,3.817e-04,,,,,,,,,1,1510,0,
2022-01-12 05:06:00,2022-01-12 04:36:00,,202201120436,8.304e-07,B8.3,GOES-16,3.988e-07,1.381e-03,,,,,,,,,,1,1520,0,
2022-01-12 05:28:00,2022-01-12 05:08:00,2022-01-12 05:59:00,202201120508,8.790e-07,B8.7,GOES-16,8.011e-07,1.224e-03,2.724e-03,,,,,,,,,2,,0,
2022-01-12 05:38:00,2022-01-12 05:31:00,2022-01-12 05:43:00,202201120531,8.971e-07,B8.9,GOES-17,8.889e-07,5.895e-04,7.492e-04,,,,,,,,,3,,0,
2022-01-12 16:49:00,2022-01-12 16:45:00,2022-01-12 16:53:00,202201121645,4.933e-07,B4.9,GOES-16,3.078e-07,1.918e-04,2.384e-04,,,,,,,,,1,1580,0,2924
2022-01-13 02:12:00,2022-01-13 01:51:00,2022-01-13 02:35:00,202201130151,1.891e-06,C1.8,GOES-16,4.742e-07,1.742e-03,3.620e-03,,,,,,-819.90515,538.0245,GOES-16_XRS,1,1600,0,
2022-01-13 08:06:00,2022-01-13 07:58:00,2022-01-13 08:09:00,202201130758,5.280e-07,B5.2,GOES-16,3.161e-07,2.779e-04,3.009e-04,,,,,,,,,1,1610,0,
2022-01-13 11:42:00,2022-01-13 11:18:00,2022-01-13 11:52:00,202201131118,2.944e-06,C2.9,GOES-16,4.429e-07,2.324e-03,3.261e-03,,,,,,-821.8822,554.88306,GOES-16_XRS,1,1670,0,
2022-01-13 13:30:00,2022-01-13 13:23:00,2022-01-13 13:35:00,202201131323,5.349e-07,B5.3,GOES-16,3.755e-07,2.919e-04,3.733e-04,,,,,,,,,1,1720,0,2926
2022-01-13 14:03:00,2022-01-13 14:00:00,2022-01-13 14:05:00,202201131400,7.479e-07,B7.4,GOES-16,4.561e-07,2.422e-04,2.695e-04,64.0,-26.0,SVI,,,,,,1,1730,0,2924
2022-01-13 17:13:00,2022-01-13 17:09:00,2022-01-13 17:15:00,202201131709,7.600e-07,B7.5,GOES-16,4.815e-07,2.837e-04,3.106e-04,,,,,,,,,1,1740,0,2924
2022-01-13 20:33:00,2022-01-13 20:24:00,2022-01-13 20:37:00,202201132024,1.303e-06,C1.3,GOES-16,3.553e-07,5.445e-04,6.226e-04,,,,,,-876.2045,430.06073,GOES-16_XRS,1,1760,0,
2022-01-14 00:06:00,2022-01-13 23:54:00,2022-01-14 00:11:00,202201132354,7.120e-07,B7.1,GOES-16,3.958e-07,5.264e-04,6.221e-04,,,,,,,,,1,1770,0,
2022-01-14 02:03:00,2022-01-14 01:47:00,2022-01-14 02:13:00,202201140147,1.840e-05,M1.8,GOES-16,4.917e-07,8.915e-03,1.447e-02,,,,-75.96387,29.244362,-826.2309,491.39893,GOES-16_XRS,1,1780,0,
2022-01-14 05:08:00,2022-01-14 04:59:00,2022-01-14 05:14:00,202201140459,7.846e-07,B7.8,GOES-16,4.829e-07,4.965e-04,6.470e-04,,,,,,,,,1,1800,0,
2022-01-14 11:54:00,2022-01-14 11:44:00,2022-01-14 12:02:00,202201141144,2.164e-06,C2.1,GOES-16,4.299e-07,1.177e-03,1.676e-03,,,,-75.11133,32.347454,-796.9026,537.19446,GOES-16_XRS,1,1840,0,
2022-01-14 12:43:00,2022-01-14 12:36:00,2022-01-14 12:57:00,202201141236,1.071e-06,C1.0,GOES-16,4.745e-07,5.450e-04,1.162e-03,,,,-75.642975,24.695366,-859.15686,423.76624,GOES-16_XRS,1,,0,
2022-01-14 13:34:00,2022-01-14 13:07:00,,202201141307,4.383e-06,C4.3,GOES-16,6.223e-07,5.166e-03,,35.0,-37.0,SVI,39.677498,-33.76934,519.27905,-493.18314,GOES-16_XRS,1,1860,0,2925
2022-01-14 14:23:00,2022-01-14 14:16:00,2022-01-14 14:27:00,202201141416,3.521e-06,C3.5,GOES-16,2.571e-06,2.061e-03,2.420e-03,,,,57.129574,-33.35473,685.78955,-501.1045,GOES-16_XRS,2,1880,0,2924
2022-01-14 19:39:00,2022-01-14 19:25:00,2022-01-14 19:45:00,202201141925,2.507e-06,C2.5,GOES-16,6.106e-07,1.434e-03,1.823e-03,-83.0,31.0,HOL,-49.913788,27.479464,-663.6181,493.69882,GOES-16_XRS,1,1890,0,2932
2022-01-15 01:42:00,2022-01-15 01:34:00,2022-01-15 01:45:00,202201150134,6.176e-07,B6.1,GOES-16,3.919e-07,3.568e-04,3.847e-04,,,,,,,,,1,1910,0,2932
2022-01-15 07:07:00,2022-01-15 06:50:00,2022-01-15 07:19:00,202201150650,1.316e-06,C1.3,GOES-16,4.330e-07,1.152e-03,1.759e-03,,,,-71.90912,34.49473,-764.7687,570.9546,GOES-16_XRS,1,1930,0,2932
2022-01-15 08:02:00,2022-01-15 07:53:00,2022-01-15 08:14:00,202201150753,9.748e-07,B9.7,GOES-16,5.116e-07,5.817e-04,1.065e-03,,,,,,,,,1,1940,0,2932
2022-01-15 08:54:00,2022-01-15 08:33:00,2022-01-15 09:12:00,202201150833,4.288e-06,C4.2,GOES-16,1.068e-06,4.024e-03,7.121e-03,,,,-68.28479,33.060608,-760.2632,555.093,GOES-16_XRS,1,1960,0,2932
2022-01-15 12:00:00,2022-01-15 11:52:00,2022-01-15 12:04:00,202201151152,8.166e-07,B8.1,GOES-16,4.437e-07,4.488e-04,5.190e-04,,,,,,,,,1,1990,0,2930
2022-01-15 13:52:00,2022-01-15 13:45:00,,202201151345,6.537e-07,B6.5,GOES-16,4.110e-07,3.666e-04,,,,,,,,,,1,2010,0,2932
2022-01-15 14:15:00,2022-01-15 14:03:00,,202201151403,6.717e-07,B6.7,GOES-16,6.206e-07,6.215e-04,,,,,,,,,,2,2100,0,2929
2022-01-15 14:31:00,2022-01-15 14:24:00,2022-01-15 14:35:00,202201151424,6.913e-07,B6.9,GOES-16,6.632e-07,4.487e-04,5.298e-04,,,,,,,,,3,2110,0,
2022-01-15 18:37:00,2022-01-15 18:31:00,2022-01-15 18:40:00,202201151831,1.319e-06,C1.3,GOES-16,4.148e-07,4.900e-04,5.271e-04,,,,83.85999,-24.187902,885.0035,-390.85803,GOES-16_XRS,1,2030,0,2924
2022-01-15 22:29:00,2022-01-15 22:19:00,,202201152219,6.776e-07,B6.7,GOES-17,4.332e-07,4.931e-04,,,,,,,,,,1,2050,0,2932
2022-01-15 22:42:00,2022-01-15 22:33:00,,202201152233,9.225e-07,B9.2,GOES-17,6.992e-07,6.276e-04,,,,,,,,,,2,2120,0,2932
2022-01-15 23:04:00,2022-01-15 22:52:00,2022-01-15 23:09:00,202201152252,1.159e-06,C1.1,GOES-17,8.545e-07,1.011e-03,1.190e-03,,,,-41.522675,25.449308,-585.496,472.3,GOES-17_XRS,3,2130,0,2932
2022-01-15 23:32:00,2022-01-15 23:22:00,2022-01-15 23:41:00,202201152322,1.631e-06,C1.6,GOES-16,8.898e-07,1.069e-03,1.634e-03,86.0,22.0,LEA,,,-844.90875,599.30634,GOES-16_XRS,1,2060,0,2932
2022-01-16 05:11:00,2022-01-16 04:56:00,2022-01-16 05:47:00,202201160456,1.210e-06,C1.2,GOES-16,3.657e-07,8.881e-04,2.765e-03,,,,15.992354,24.452665,245.53941,473.43683,GOES-16_XRS,1,2090,0,2930
2022-01-16 10:16:00,2022-01-16 10:07:00,2022-01-16 10:24:00,202201161007,6.561e-07,B6.5,GOES-16,4.169e-07,4.204e-04,6.177e-04,,,,,,,,,1,2180,0,
2022-01-16 11:42:00,2022-01-16 11:33:00,2022-01-16 11:57:00,202201161133,7.324e-07,B7.3,GOES-16,3.672e-07,4.640e-04,9.520e-04,,,,,,,,,1,2190,0,
2022-01-16 14:59:00,2022-01-16 14:53:00,2022-01-16 15:05:00,202201161453,7.265e-07,B7.2,GOES-16,3.416e-07,3.155e-04,4.391e-04,,,,,,,,,1,2200,0,
2022-01-16 16:51:00,2022-01-16 16:43:00,2022-01-16 16:57:00,202201161643,5.611e-07,B5.6,GOES-16,3.033e-07,3.023e-04,4.069e-04,,,,,,,,,1,,0,
2022-01-16 17:48:00,2022-01-16 17:42:00,2022-01-16 17:57:00,202201161742,1.194e-06,C1.1,GOES-16,5.768e-07,5.777e-04,9.701e-04,,,,27.178335,4.7121353,445.74057,151.38391,GOES-16_XRS,1,2220,0,2929
2022-01-16 18:56:00,2022-01-16 18:47:00,,202201161847,5.951e-07,B5.9,GOES-16,4.020e-07,4.005e-04,,,,,,,,,,1,,0,
2022-01-16 19:45:00,2022-01-16 19:06:00,,202201161906,2.493e-06,C2.4,GOES-16,5.112e-07,3.802e-03,,,,,28.858591,9.368735,466.23053,228.35605,GOES-16_XRS,2,,0,
2022-01-16 20:00:00,2022-01-16 19:53:00,,202201161953,2.465e-06,C2.4,GOES-16,2.444e-06,1.622e-03,,,,,30.578173,10.225868,490.0976,241.37604,GOES-16_XRS,3,,0,
2022-01-16 20:21:00,2022-01-16 20:03:00,2022-01-16 20:38:00,202201162003,2.664e-06,C2.6,GOES-16,2.457e-06,3.399e-03,5.732e-03,29.0,8.0,HOL,32.660725,9.4625,521.07886,227.21684,GOES-16_XRS,4,2230,0,2929
2022-01-17 14:15:00,2022-01-17 13:48:00,,202201171348,2.859e-06,C2.8,GOES-16,3.792e-07,2.736e-03,,39.0,24.0,SVI,39.049786,23.871193,563.5341,452.4587,GOES-16_XRS,1,2320,0,2930
2022-01-17 15:06:00,2022-01-17 14:46:00,,202201171446,2.685e-06,C2.6,GOES-16,1.797e-06,3.358e-03,,,,,32.76849,28.081526,467.16748,519.531,GOES-16_XRS,2,2330,0,2930
2022-01-17 15:16:00,2022-01-17 15:09:00,2022-01-17 15:20:00,202201171509,2.738e-06,C2.7,GOES-16,2.654e-06,1.787e-03,2.104e-03,,,,35.44899,26.259876,508.81378,491.0193,GOES-16_XRS,3,2350,0,2930
2022-01-18 04:30:00,2022-01-18 04:23:00,,202201180423,4.654e-07,B4.6,GOES-16,3.305e-07,2.695e-04,,,,,,,,,,1,2380,0,2929
2022-01-18 04:40:00,2022-01-18 04:36:00,2022-01-18 04:42:00,202201180436,5.093e-07,B5.0,GOES-16,4.186e-07,2.222e-04,2.471e-04,,,,,,,,,2,2390,0,2929
2022-01-18 07:39:00,2022-01-18 07:24:00,2022-01-18 07:58:00,202201180724,1.241e-06,C1.2,GOES-16,4.243e-07,9.176e-04,1.951e-03,,,,46.847855,6.5570855,708.8938,167.5741,GOES-16_XRS,1,2400,0,2929
2022-01-18 12:24:00,2022-01-18 12:09:00,,202201181209,5.163e-07,B5.1,GOES-16,2.940e-07,4.770e-04,,,,,,,,,,1,2410,0,2929
2022-01-18 12:37:00,2022-01-18 12:31:00,2022-01-18 12:43:00,202201181231,5.737e-07,B5.7,GOES-16,4.540e-07,3.140e-04,4.369e-04,,,,,,,,,2,2420,0,2929
2022-01-18 17:44:00,2022-01-18 17:00:00,2022-01-18 18:16:00,202201181700,1.531e-05,M1.5,GOES-16,3.486e-07,1.425e-02,3.455e-02,54.0,9.0,HOL,54.73622,7.950905,790.5059,182.45364,GOES-16_XRS,1,2430,0,2929
2022-01-18 19:51:00,2022-01-18 19:48:00,2022-01-18 19:54:00,202201181948,5.802e-06,C5.8,GOES-16,1.506e-06,1.550e-03,1.742e-03,54.0,25.0,HOL,52.789135,23.144571,715.7506,429.23853,GOES-16_XRS,1,2440,0,2930
2022-01-19 14:28:00,2022-01-19 14:21:00,2022-01-19 14:33:00,202201191421,3.520e-07,B3.5,GOES-16,2.187e-07,1.867e-04,2.371e-04,,,,,,,,,1,2470,0,2930
2022-01-19 16:43:00,2022-01-19 16:33:00,2022-01-19 16:48:00,202201191633,5.999e-07,B5.9,GOES-16,2.674e-07,3.375e-04,4.146e-04,,,,,,,,,1,2490,0,2930
2022-01-19 19:24:00,2022-01-19 19:17:00,2022-01-19 19:28:00,202201191917,3.610e-07,B3.6,GOES-16,2.464e-07,1.950e-04,2.297e-04,,,,,,,,,1,2530,0,2929
2022-01-20 00:11:00,2022-01-19 23:49:00,2022-01-20 00:17:00,202201192349,1.040e-06,C1.0,GOES-16,2.745e-07,9.389e-04,1.099e-03,,,,67.60414,11.04432,886.1431,218.29027,GOES-16_XRS,1,2540,0,2929
2022-01-20 01:00:00,2022-01-20 00:53:00,2022-01-20 01:06:00,202201200053,4.606e-07,B4.6,GOES-16,3.380e-07,2.687e-04,3.651e-04,,,,,,,,,1,2550,0,2929
2022-01-20 01:35:00,2022-01-20 01:23:00,2022-01-20 01:43:00,202201200123,7.211e-07,B7.2,GOES-16,3.090e-07,4.855e-04,6.834e-04,,,,,,,,,1,2560,0,2929
2022-01-20 02:14:00,2022-01-20 02:09:00,2022-01-20 02:24:00,202201200209,1.174e-06,C1.1,GOES-16,4.814e-07,4.448e-04,8.684e-04,,,,67.49566,10.126701,888.1154,203.27019,GOES-16_XRS,1,2570,0,2929
2022-01-20 02:46:00,2022-01-20 02:31:00,2022-01-20 03:01:00,202201200231,1.677e-06,C1.6,GOES-16,7.703e-07,1.413e-03,2.458e-03,,,,73.060524,10.165768,919.10583,196.14969,GOES-16_XRS,1,2580,0,2929
2022-01-20 06:01:00,2022-01-20 05:41:00,2022-01-20 06:11:00,202201200541,5.511e-05,M5.5,GOES-16,5.127e-07,2.692e-02,4.268e-02,68.0,8.0,LEA,72.6839,6.0480065,926.7448,127.83691,GOES-16_XRS,1,2600,0,2929
2022-01-20 21:03:00,2022-01-20 20:49:00,2022-01-20 21:16:00,202201202049,4.277e-07,B4.2,GOES-16,2.200e-07,3.647e-04,5.988e-04,,,,,,,,,1,2640,0,2933
2022-01-21 00:02:00,2022-01-20 23:49:00,2022-01-21 00:08:00,202201202349,9.875e-07,B9.8,GOES-16,2.186e-07,5.193e-04,6.626e-04,,,,,,,,,1,2650,0,2929
2022-01-21 04:03:00,2022-01-21 03:57:00,2022-01-21 04:06:00,202201210357,2.961e-07,B2.9,GOES-16,1.780e-07,1.348e-04,1.477e-04,,,,,,,,,1,2660,0,2929
2022-01-21 06:17:00,2022-01-21 06:09:00,2022-01-21 06:23:00,202201210609,4.312e-07,B4.3,GOES-16,1.614e-07,2.476e-04,3.170e-04,,,,,,,,,1,2670,0,2929
2022-01-21 08:22:00,2022-01-21 08:07:00,2022-01-21 08:30:00,202201210807,5.710e-07,B5.7,GOES-16,1.987e-07,4.140e-04,5.639e-04,,,,,,,,,1,2680,0,2929
2022-01-22 07:08:00,2022-01-22 06:55:00,2022-01-22 07:19:00,202201220655,6.446e-07,B6.4,GOES-16,1.621e-07,3.718e-04,6.275e-04,,,,,,,,,1,2720,0,2930
2022-01-23 08:23:00,2022-01-23 08:16:00,2022-01-23 08:28:00,202201230816,1.711e-07,B1.7,GOES-16,1.223e-07,9.867e-05,1.250e-04,,,,,,,,,1,2730,0,
2022-01-23 12:05:00,2022-01-23 11:58:00,,202201231158,1.934e-07,B1.9,GOES-16,1.311e-07,1.096e-04,,,,,,,,,,1,2740,0,
2022-01-23 12:17:00,2022-01-23 12:13:00,,202201231213,1.780e-07,B1.7,GOES-16,1.700e-07,8.378e-05,,,,,,,,,,2,,0,
2022-01-23 12:31:00,2022-01-23 12:25:00,2022-01-23 12:35:00,202201231225,1.857e-07,B1.8,GOES-16,1.769e-07,1.089e-04,1.304e-04,,,,,,,,,3,,0,
2022-01-23 20:09:00,2022-01-23 20:03:00,2022-01-23 20:15:00,202201232003,1.707e-07,B1.7,GOES-16,1.182e-07,8.457e-05,1.190e-04,,,,,,,,,1,2750,0,
2022-01-24 01:57:00,2022-01-24 01:43:00,,202201240143,8.580e-07,B8.5,GOES-16,3.821e-07,6.930e-04,,,,,,,,,,1,,0,
2022-01-24 02:08:00,2022-01-24 02:00:00,2022-01-24 02:11:00,202201240200,1.049e-06,C1.0,GOES-16,8.511e-07,6.734e-04,7.243e-04,,,,,,-952.7266,417.21387,GOES-16_XRS,2,2780,0,
2022-01-24 02:37:00,2022-01-24 02:26:00,2022-01-24 02:45:00,202201240226,1.127e-06,C1.1,GOES-16,6.587e-07,8.341e-04,1.167e-03,,,,,,-978.3472,283.96835,GOES-16_XRS,1,2790,0,
2022-01-24 04:13:00,2022-01-24 04:01:00,2022-01-24 04:26:00,202201240401,4.477e-07,B4.4,GOES-16,2.681e-07,3.553e-04,6.101e-04,,,,,,,,,1,2800,0,
2022-01-24 07:36:00,2022-01-24 07:30:00,2022-01-24 07:39:00,202201240730,2.891e-07,B2.8,GOES-16,2.038e-07,1.422e-04,1.556e-04,,,,,,,,,1,2820,0,
2022-01-24 09:33:00,2022-01-24 09:26:00,2022-01-24 09:59:00,202201240926,2.958e-07,B2.9,GOES-16,2.075e-07,1.666e-04,5.678e-04,,,,,,,,,1,2840,0,
2022-01-24 09:40:00,2022-01-24 09:35:00,2022-01-24 09:45:00,202201240935,2.957e-07,B2.9,GOES-17,2.752e-07,1.556e-04,2.068e-04,,,,,,,,,2,,0,
2022-01-24 15:32:00,2022-01-24 15:23:00,2022-01-24 15:40:00,202201241523,3.469e-07,B3.4,GOES-16,2.471e-07,2.382e-04,3.471e-04,,,,,,,,,1,2850,0,
2022-01-24 20:36:00,2022-01-24 20:30:00,2022-01-24 20:41:00,202201242030,3.922e-07,B3.9,GOES-16,1.962e-07,1.761e-04,2.284e-04,,,,,,,,,1,2880,0,
2022-01-24 21:15:00,2022-01-24 21:00:00,,202201242100,4.454e-07,B4.4,GOES-16,2.246e-07,3.961e-04,,,,,,,,,,1,2890,0,
2022-01-24 21:24:00,2022-01-24 21:18:00,,202201242118,4.573e-07,B4.5,GOES-16,4.374e-07,2.697e-04,,,,,,,,,,2,2890,0,
2022-01-24 21:32:00,2022-01-24 21:27:00,2022-01-24 21:37:00,202201242127,4.965e-07,B4.9,GOES-16,4.457e-07,2.580e-04,3.413e-04,,,,,,,,,3,,0,
2022-01-25 02:14:00,2022-01-25 02:04:00,2022-01-25 02:29:00,202201250204,8.300e-07,B8.3,GOES-16,1.872e-07,3.711e-04,7.952e-04,,,,,,,,,1,2910,0,
2022-01-25 05:53:00,2022-01-25 05:34:00,2022-01-25 06:04:00,202201250534,2.182e-06,C2.1,GOES-16,6.174e-07,1.891e-03,2.752e-03,,,,,,-927.3405,312.11652,GOES-16_XRS,1,2930,0,2935
2022-01-25 07:22:00,2022-01-25 07:06:00,,202201250706,6.513e-07,B6.5,GOES-16,3.093e-07,6.325e-04,,,,,,,,,,1,2940,0,
2022-01-25 07:37:00,2022-01-25 07:26:00,2022-01-25 07:45:00,202201250726,8.187e-07,B8.1,GOES-16,6.373e-07,6.502e-04,9.147e-04,,,,,,,,,2,,0,
2022-01-25 08:50:00,2022-01-25 08:32:00,2022-01-25 09:05:00,202201250832,7.716e-07,B7.7,GOES-16,3.962e-07,8.103e-04,1.320e-03,,,,,,,,,1,2950,0,
2022-01-25 09:26:00,2022-01-25 09:15:00,2022-01-25 09:39:00,202201250915,1.054e-06,C1.0,GOES-16,4.420e-07,7.293e-04,1.287e-03,,,,-63.447815,15.986787,-839.46497,307.79065,GOES-16_XRS,1,2960,0,2936
2022-01-25 10:04:00,2022-01-25 09:55:00,2022-01-25 10:13:00,202201250955,7.643e-07,B7.6,GOES-16,4.476e-07,4.798e-04,7.526e-04,,,,,,,,,1,2980,0,
2022-01-25 10:29:00,2022-01-25 10:21:00,2022-01-25 10:35:00,202201251021,3.788e-06,C3.7,GOES-16,4.945e-07,1.441e-03,1.971e-03,,,,-76.959595,12.572952,-927.3215,231.89713,GOES-16_XRS,1,2990,0,
2022-01-25 12:59:00,2022-01-25 12:55:00,2022-01-25 13:03:00,202201251255,6.474e-07,B6.4,GOES-16,3.259e-07,2.407e-04,2.892e-04,,,,,,,,,1,3000,0,
2022-01-25 13:59:00,2022-01-25 13:47:00,2022-01-25 14:06:00,202201251347,6.809e-07,B6.8,GOES-16,3.298e-07,5.018e-04,6.587e-04,,,,,,,,,1,3010,0,
2022-01-25 14:53:00,2022-01-25 14:43:00,2022-01-25 15:12:00,202201251443,5.125e-07,B5.1,GOES-16,2.626e-07,3.136e-04,7.604e-04,,,,,,,,,1,3020,0,
2022-01-25 15:29:00,2022-01-25 15:22:00,2022-01-25 15:32:00,202201251522,6.332e-07,B6.3,GOES-16,3.231e-07,3.077e-04,3.338e-04,,,,,,,,,1,3030,0,
2022-01-25 17:14:00,2022-01-25 17:08:00,2022-01-25 17:20:00,202201251708,5.924e-07,B5.9,GOES-16,3.695e-07,3.054e-04,4.238e-04,,,,,,,,,1,3040,0,
2022-01-25 18:01:00,2022-01-25 17:50:00,2022-01-25 18:08:00,202201251750,5.551e-07,B5.5,GOES-16,3.476e-07,4.360e-04,6.031e-04,,,,,,,,,1,3050,0,
2022-01-25 18:29:00,2022-01-25 18:26:00,2022-01-25 18:32:00,202201251826,5.455e-07,B5.4,GOES-16,3.807e-07,1.992e-04,2.244e-04,,,,,,,,,1,3060,0,
2022-01-25 20:02:00,2022-01-25 19:47:00,2022-01-25 20:21:00,202201251947,6.185e-07,B6.1,GOES-16,2.764e-07,5.276e-04,1.068e-03,,,,,,,,,1,3070,0,
2022-01-25 21:53:00,2022-01-25 21:47:00,2022-01-25 21:57:00,202201252147,7.662e-07,B7.6,GOES-16,2.612e-07,3.034e-04,3.604e-04,,,,,,,,,1,3080,0,
2022-01-25 22:11:00,2022-01-25 22:02:00,2022-01-25 22:21:00,202201252202,6.985e-07,B6.9,GOES-16,4.124e-07,4.682e-04,7.533e-04,,,,,,,,,1,3090,0,2936
2022-01-25 22:44:00,2022-01-25 22:38:00,2022-01-25 22:47:00,202201252238,2.194e-06,C2.1,GOES-16,5.127e-07,6.803e-04,7.356e-04,,,,,,-936.9149,284.0976,GOES-16_XRS,1,3110,0,
2022-01-25 23:49:00,2022-01-25 23:38:00,2022-01-25 23:53:00,202201252338,9.950e-06,C9.9,GOES-16,4.090e-07,2.989e-03,3.545e-03,,,,-75.73239,16.423512,-906.592,296.71707,GOES-16_XRS,1,3120,0,
2022-01-26 01:56:00,2022-01-26 01:52:00,2022-01-26 01:59:00,202201260152,1.049e-06,C1.0,GOES-16,4.433e-07,3.398e-04,3.743e-04,,,,,,-988.6864,345.44632,GOES-16_XRS,1,3130,0,
2022-01-26 02:31:00,2022-01-26 02:24:00,2022-01-26 02:38:00,202201260224,6.964e-07,B6.9,GOES-16,3.596e-07,3.553e-04,5.185e-04,,,,,,,,,1,3140,0,
2022-01-26 04:54:00,2022-01-26 04:48:00,2022-01-26 04:56:00,202201260448,4.653e-07,B4.6,GOES-17,3.385e-07,2.368e-04,2.570e-04,,,,,,,,,1,3150,0,
2022-01-26 05:53:00,2022-01-26 05:42:00,2022-01-26 06:14:00,202201260542,1.079e-06,C1.0,GOES-16,4.735e-07,6.688e-04,1.688e-03,,,,-76.7063,18.71407,-898.8053,331.9774,GOES-16_XRS,1,3160,0,
2022-01-26 06:55:00,2022-01-26 06:46:00,2022-01-26 06:58:00,202201260646,8.802e-07,B8.8,GOES-16,4.780e-07,5.043e-04,5.414e-04,,,,,,,,,1,3170,0,
2022-01-26 07:16:00,2022-01-26 07:12:00,2022-01-26 07:20:00,202201260712,1.076e-06,C1.0,GOES-16,6.099e-07,4.229e-04,5.223e-04,,,,-61.595276,13.33179,-835.59015,267.91513,GOES-16_XRS,1,3180,0,
2022-01-26 07:32:00,2022-01-26 07:25:00,2022-01-26 07:35:00,202201260725,7.229e-06,C7.2,GOES-16,7.762e-07,1.731e-03,1.902e-03,,,,-70.994934,16.175516,-885.8601,300.1055,GOES-16_XRS,1,3190,0,
2022-01-26 09:15:00,2022-01-26 09:11:00,2022-01-26 09:18:00,202201260911,1.333e-06,C1.3,GOES-16,6.713e-07,4.783e-04,5.311e-04,,,,,,-893.4018,406.20587,GOES-16_XRS,1,3200,0,
2022-01-26 09:51:00,2022-01-26 09:44:00,2022-01-26 09:55:00,202201260944,9.024e-07,B9.0,GOES-16,6.470e-07,4.965e-04,5.875e-04,,,,,,,,,1,3210,0,
2022-01-26 10:24:00,2022-01-26 10:19:00,2022-01-26 10:26:00,202201261019,1.645e-06,C1.6,GOES-16,4.583e-07,4.369e-04,4.707e-04,,,,-60.89447,14.412956,-826.1534,286.58084,GOES-16_XRS,1,3220,0,
2022-01-26 14:10:00,2022-01-26 14:00:00,2022-01-26 14:14:00,202201261400,3.932e-07,B3.9,GOES-16,2.217e-07,2.555e-04,2.915e-04,,,,,,,,,1,3230,0,
2022-01-26 15:42:00,2022-01-26 15:38:00,2022-01-26 15:48:00,202201261538,4.121e-07,B4.1,GOES-16,2.512e-07,1.686e-04,2.487e-04,,,,,,,,,1,3240,0,
2022-01-26 16:44:00,2022-01-26 16:39:00,2022-01-26 16:48:00,202201261639,2.849e-07,B2.8,GOES-16,2.066e-07,1.363e-04,1.646e-04,,,,,,,,,1,3250,0,
2022-01-26 17:26:00,2022-01-26 17:16:00,2022-01-26 17:32:00,202201261716,5.373e-07,B5.3,GOES-16,2.256e-07,2.969e-04,3.914e-04,,,,,,,,,1,3260,0,
2022-01-26 18:31:00,2022-01-26 18:23:00,2022-01-26 18:36:00,202201261823,3.333e-07,B3.3,GOES-16,2.152e-07,1.956e-04,2.442e-04,,,,,,,,,1,3270,0,
2022-01-26 19:51:00,2022-01-26 19:25:00,,202201261925,5.363e-07,B5.3,GOES-16,2.654e-07,7.550e-04,,,,,,,,,,1,3280,0,
2022-01-26 20:07:00,2022-01-26 19:57:00,2022-01-26 20:11:00,202201261957,5.119e-07,B5.1,GOES-16,5.013e-07,4.253e-04,4.849e-04,,,,,,,,,2,3280,0,
2022-01-26 23:11:00,2022-01-26 22:54:00,2022-01-26 23:29:00,202201262254,4.013e-07,B4.0,GOES-16,2.713e-07,4.540e-04,8.032e-04,,,,,,,,,1,3290,0,2938
2022-01-27 02:22:00,2022-01-27 02:14:00,2022-01-27 02:28:00,202201270214,9.143e-07,B9.1,GOES-16,2.296e-07,3.880e-04,5.280e-04,-76.0,16.0,LEA,,,,,,1,3300,0,2938
2022-01-27 03:08:00,2022-01-27 02:58:00,2022-01-27 03:14:00,202201270258,6.601e-07,B6.6,GOES-16,2.279e-07,3.311e-04,4.394e-04,,,,,,,,,1,3310,0,
2022-01-27 06:01:00,2022-01-27 05:54:00,2022-01-27 06:18:00,202201270554,6.903e-07,B6.9,GOES-16,3.072e-07,3.570e-04,8.869e-04,-46.0,16.0,LEA,,,,,,1,3340,0,2936
2022-01-27 07:28:00,2022-01-27 07:16:00,2022-01-27 07:33:00,202201270716,1.225e-06,C1.2,GOES-16,5.018e-07,7.928e-04,9.481e-04,,,,-37.86438,13.451566,-583.55383,300.2192,GOES-16_XRS,1,3350,0,2936
2022-01-27 08:07:00,2022-01-27 07:54:00,2022-01-27 08:22:00,202201270754,7.184e-07,B7.1,GOES-16,3.436e-07,5.994e-04,1.058e-03,,,,,,,,,1,3360,0,
2022-01-27 10:56:00,2022-01-27 10:39:00,,202201271039,6.793e-07,B6.7,GOES-16,2.942e-07,5.852e-04,,,,,,,,,,1,3390,0,
2022-01-27 11:14:00,2022-01-27 11:09:00,2022-01-27 11:17:00,202201271109,5.227e-07,B5.2,GOES-16,4.902e-07,2.717e-04,3.004e-04,,,,,,,,,2,3390,0,
2022-01-27 12:26:00,2022-01-27 12:07:00,2022-01-27 12:49:00,202201271207,1.443e-06,C1.4,GOES-16,4.765e-07,1.490e-03,2.891e-03,,,,-64.98471,15.570077,-851.85394,299.9166,GOES-16_XRS,1,3400,0,
2022-01-27 15:20:00,2022-01-27 15:10:00,2022-01-27 15:30:00,202201271510,6.743e-07,B6.7,GOES-16,4.279e-07,4.695e-04,7.484e-04,,,,,,,,,1,3410,0,
2022-01-27 16:17:00,2022-01-27 16:13:00,2022-01-27 16:19:00,202201271613,8.801e-07,B8.8,GOES-16,5.137e-07,3.176e-04,3.555e-04,,,,,,,,,1,3420,0,
2022-01-27 17:18:00,2022-01-27 17:10:00,2022-01-27 17:25:00,202201271710,5.474e-07,B5.4,GOES-16,3.727e-07,3.297e-04,4.720e-04,,,,,,,,,1,3430,0,
2022-01-27 19:04:00,2022-01-27 18:51:00,2022-01-27 19:16:00,202201271851,6.329e-07,B6.3,GOES-16,3.996e-07,5.552e-04,8.877e-04,,,,,,,,,1,3440,0,
2022-01-27 23:24:00,2022-01-27 23:10:00,2022-01-27 23:40:00,202201272310,7.388e-07,B7.3,GOES-16,3.299e-07,5.952e-04,1.109e-03,,,,,,,,,1,3450,0,2936
2022-01-28 00:05:00,2022-01-27 23:57:00,2022-01-28 00:14:00,202201272357,5.723e-07,B5.7,GOES-16,3.671e-07,3.424e-04,5.458e-04,,,,,,,,,1,3460,0,2935
2022-01-28 00:54:00,2022-01-28 00:51:00,2022-01-28 00:59:00,202201280051,5.650e-07,B5.6,GOES-16,3.404e-07,1.978e-04,2.774e-04,,,,,,,,,1,3470,0,2936
2022-01-28 01:35:00,2022-01-28 01:25:00,2022-01-28 01:39:00,202201280125,2.576e-06,C2.5,GOES-16,2.911e-07,9.041e-04,1.060e-03,-37.0,16.0,LEA,-31.141998,17.124722,-483.1905,366.04227,GOES-16_XRS,1,3480,0,2936
2022-01-28 02:34:00,2022-01-28 02:25:00,2022-01-28 02:37:00,202201280225,1.432e-06,C1.4,GOES-16,2.925e-07,4.775e-04,5.198e-04,-37.0,16.0,LEA,-26.102417,16.87462,-411.7047,366.12653,GOES-16_XRS,1,3490,0,2936
2022-01-28 02:46:00,2022-01-28 02:40:00,2022-01-28 02:52:00,202201280240,1.195e-06,C1.1,GOES-16,6.626e-07,6.015e-04,8.169e-04,-37.0,16.0,LEA,-24.258575,15.183886,-387.7703,340.57852,GOES-16_XRS,1,3500,0,2936
2022-01-28 03:37:00,2022-01-28 03:32:00,,202201280332,5.315e-07,B5.3,GOES-16,2.703e-07,2.307e-04,,,,,,,,,,1,3510,0,2935
2022-01-28 03:47:00,2022-01-28 03:41:00,2022-01-28 03:52:00,202201280341,6.411e-07,B6.4,GOES-16,4.751e-07,3.483e-04,4.440e-04,,,,,,,,,2,3550,0,2935
2022-01-28 04:16:00,2022-01-28 04:03:00,2022-01-28 04:20:00,202201280403,1.072e-06,C1.0,GOES-16,3.804e-07,6.769e-04,7.505e-04,,,,-31.884552,16.360481,-495.48578,353.414,GOES-16_XRS,1,3520,0,2936
2022-01-28 04:58:00,2022-01-28 04:48:00,2022-01-28 05:05:00,202201280448,8.968e-07,B8.9,GOES-16,2.907e-07,4.550e-04,6.361e-04,,,,,,,,,1,3530,0,2936
2022-01-28 05:23:00,2022-01-28 05:14:00,2022-01-28 05:31:00,202201280514,6.618e-07,B6.6,GOES-16,3.699e-07,4.164e-04,6.076e-04,,,,,,,,,1,3540,0,2935
2022-01-28 06:10:00,2022-01-28 06:02:00,2022-01-28 06:17:00,202201280602,5.365e-07,B5.3,GOES-16,3.845e-07,3.529e-04,4.918e-04,,,,,,,,,1,3560,0,2935
2022-01-28 06:45:00,2022-01-28 06:39:00,2022-01-28 06:48:00,202201280639,6.088e-07,B6.0,GOES-16,3.551e-07,2.689e-04,2.936e-04,,,,,,,,,1,3570,0,2936
2022-01-28 07:21:00,2022-01-28 07:08:00,2022-01-28 07:31:00,202201280708,7.991e-07,B7.9,GOES-16,3.498e-07,5.921e-04,8.947e-04,-31.0,11.0,LEA,,,,,,1,3580,0,2936
2022-01-28 08:15:00,2022-01-28 08:03:00,2022-01-28 08:25:00,202201280803,1.044e-06,C1.0,GOES-16,4.624e-07,7.037e-04,1.100e-03,,,,-24.217804,14.421277,-388.51913,328.64664,GOES-16_XRS,1,3590,0,2936
2022-01-28 08:41:00,2022-01-28 08:35:00,2022-01-28 08:45:00,202201280835,2.617e-06,C2.6,GOES-16,6.067e-07,1.013e-03,1.181e-03,0.0,0.0,SVI,-25.782867,15.557893,-409.74777,345.73907,GOES-16_XRS,1,3600,0,2936
2022-01-28 10:21:00,2022-01-28 10:14:00,2022-01-28 10:33:00,202201281014,6.963e-07,B6.9,GOES-16,3.697e-07,3.480e-04,6.837e-04,,,,,,,,,1,3610,0,2936
2022-01-28 15:46:00,2022-01-28 15:35:00,2022-01-28 15:58:00,202201281535,6.719e-07,B6.7,GOES-16,4.609e-07,5.306e-04,9.218e-04,,,,,,,,,1,3620,0,2936
2022-01-28 17:21:00,2022-01-28 17:12:00,2022-01-28 17:25:00,202201281712,1.190e-06,C1.1,GOES-16,3.777e-07,5.191e-04,5.964e-04,,,,-18.532806,19.430536,-293.1228,411.48987,GOES-16_XRS,1,3630,0,2936
2022-01-28 17:35:00,2022-01-28 17:29:00,2022-01-28 17:40:00,202201281729,3.150e-06,C3.1,GOES-16,4.422e-07,1.195e-03,1.514e-03,-23.0,21.0,HOL,-21.019562,21.668604,-325.92853,444.404,GOES-16_XRS,1,3640,0,2936
2022-01-28 18:08:00,2022-01-28 18:04:00,2022-01-28 18:11:00,202201281804,8.489e-07,B8.4,GOES-16,5.333e-07,3.335e-04,3.714e-04,,,,,,,,,1,3650,0,2936
2022-01-28 19:04:00,2022-01-28 18:56:00,2022-01-28 19:11:00,202201281856,6.111e-07,B6.1,GOES-16,4.182e-07,3.725e-04,5.279e-04,,,,,,,,,1,3660,0,2936
2022-01-28 19:34:00,2022-01-28 19:22:00,2022-01-28 19:39:00,202201281922,2.770e-06,C2.7,GOES-16,4.054e-07,1.228e-03,1.502e-03,-22.0,17.0,HOL,-21.140717,18.500353,-334.4485,395.68878,GOES-16_XRS,1,3670,0,2936
2022-01-28 20:02:00,2022-01-28 19:58:00,2022-01-28 20:07:00,202201281958,4.999e-07,B4.9,GOES-16,3.622e-07,2.116e-04,2.873e-04,,,,,,,,,1,3680,0,2936
2022-01-28 20:35:00,2022-01-28 20:27:00,,202201282027,5.405e-07,B5.4,GOES-16,3.751e-07,3.266e-04,,,,,,,,,,1,3700,0,2936
2022-01-28 20:49:00,2022-01-28 20:42:00,2022-01-28 20:57:00,202201282042,6.685e-07,B6.6,GOES-16,4.588e-07,3.772e-04,5.841e-04,,,,,,,,,2,3690,0,2935
2022-01-28 23:34:00,2022-01-28 23:25:00,2022-01-28 23:41:00,202201282325,7.188e-07,B7.1,GOES-16,4.482e-07,4.554e-04,6.361e-04,,,,,,,,,1,3710,0,2936
2022-01-29 00:50:00,2022-01-29 00:37:00,2022-01-29 00:59:00,202201290037,3.006e-06,C3.0,GOES-16,6.003e-07,1.734e-03,2.558e-03,-24.0,16.0,LEA,-17.292633,16.53929,-278.68045,367.2692,GOES-16_XRS,1,3720,0,2936
2022-01-29 01:19:00,2022-01-29 01:12:00,2022-01-29 01:22:00,202201290112,1.498e-06,C1.4,GOES-16,6.696e-07,6.606e-04,7.116e-04,,,,-18.541992,20.500423,-291.2563,428.30624,GOES-16_XRS,1,3730,0,
2022-01-29 02:29:00,2022-01-29 02:26:00,,202201290226,6.680e-07,B6.6,GOES-16,4.687e-07,2.370e-04,,-24.0,16.0,LEA,,,,,,1,3750,0,2936
2022-01-29 02:37:00,2022-01-29 02:32:00,2022-01-29 02:43:00,202201290232,7.251e-07,B7.2,GOES-16,5.673e-07,3.594e-04,5.143e-04,,,,,,,,,2,,0,
2022-01-29 03:23:00,2022-01-29 03:12:00,,202201290312,6.993e-07,B6.9,GOES-16,4.379e-07,5.129e-04,,-24.0,16.0,LEA,,,,,,1,3760,0,2936
2022-01-29 03:43:00,2022-01-29 03:27:00,2022-01-29 03:48:00,202201290327,8.410e-07,B8.4,GOES-16,6.074e-07,8.545e-04,9.801e-04,,,,,,,,,2,3770,0,2936
2022-01-29 04:17:00,2022-01-29 04:10:00,2022-01-29 04:24:00,202201290410,2.309e-06,C2.3,GOES-16,5.421e-07,9.000e-04,1.358e-03,-24.0,16.0,LEA,-14.458984,16.458153,-234.19572,367.45197,GOES-16_XRS,1,3790,0,2936
2022-01-29 05:36:00,2022-01-29 05:28:00,2022-01-29 05:43:00,202201290528,1.131e-06,C1.1,GOES-16,6.158e-07,6.872e-04,9.573e-04,-24.0,16.0,LEA,-18.001282,17.308569,-288.52957,379.2494,GOES-16_XRS,1,3800,0,2936
2022-01-29 06:02:00,2022-01-29 05:55:00,,202201290555,8.510e-07,B8.5,GOES-16,6.300e-07,4.966e-04,,-24.0,16.0,LEA,,,,,,1,3810,0,2936
2022-01-29 06:12:00,2022-01-29 06:04:00,2022-01-29 06:16:00,202201290604,1.120e-06,C1.1,GOES-16,8.215e-07,6.764e-04,7.814e-04,,,,-17.755096,20.472107,-279.35275,428.49298,GOES-16_XRS,2,,0,
2022-01-29 07:11:00,2022-01-29 07:06:00,2022-01-29 07:18:00,202201290706,1.013e-06,C1.0,GOES-16,7.498e-07,4.916e-04,7.594e-04,,,,-32.522644,13.453454,-511.13382,307.39532,GOES-16_XRS,1,3820,0,2936
2022-01-29 08:58:00,2022-01-29 08:51:00,,202201290851,9.586e-07,B9.5,GOES-16,7.093e-07,5.592e-04,,,,,,,,,,1,3850,0,2936
2022-01-29 09:06:00,2022-01-29 09:02:00,2022-01-29 09:18:00,202201290902,1.940e-06,C1.9,GOES-16,8.555e-07,7.560e-04,1.693e-03,,,,-12.439453,15.757153,-202.76501,357.37012,GOES-16_XRS,2,,0,
2022-01-29 10:33:00,2022-01-29 10:27:00,2022-01-29 10:39:00,202201291027,1.373e-06,C1.3,GOES-16,9.866e-07,7.242e-04,1.012e-03,,,,-10.950378,15.930654,-178.65805,360.70267,GOES-16_XRS,1,3860,0,2936
2022-01-29 11:42:00,2022-01-29 11:35:00,,202201291135,9.939e-07,B9.9,GOES-16,7.264e-07,5.643e-04,,,,,,,,,,1,,0,
2022-01-29 11:53:00,2022-01-29 11:46:00,2022-01-29 12:02:00,202201291146,2.511e-06,C2.5,GOES-16,8.926e-07,1.028e-03,1.748e-03,,,,-18.908417,10.397786,-311.7371,267.95685,GOES-16_XRS,2,,0,
2022-01-29 12:14:00,2022-01-29 12:03:00,2022-01-29 12:31:00,202201291203,6.908e-06,C6.9,GOES-16,1.566e-06,3.947e-03,8.991e-03,-13.0,17.0,SVI,-11.155457,15.338449,-182.48999,351.30905,GOES-16_XRS,1,3870,0,2936
2022-01-29 13:23:00,2022-01-29 13:19:00,2022-01-29 13:34:00,202201291319,9.266e-07,B9.2,GOES-16,6.525e-07,3.840e-04,8.395e-04,,,,,,,,,1,3890,0,2936
2022-01-29 13:43:00,2022-01-29 13:35:00,2022-01-29 13:47:00,202201291335,1.287e-06,C1.2,GOES-16,7.654e-07,7.762e-04,8.908e-04,,,,-71.550934,-20.871567,-864.52094,-316.40222,GOES-16_XRS,1,3970,0,2939
2022-01-29 14:17:00,2022-01-29 14:07:00,2022-01-29 14:23:00,202201291407,2.065e-06,C2.0,GOES-16,9.810e-07,1.204e-03,1.572e-03,,,,-74.384766,-12.210681,-917.9024,-179.11395,GOES-16_XRS,1,3900,0,2936
2022-01-29 15:24:00,2022-01-29 15:16:00,,202201291516,1.126e-06,C1.1,GOES-16,7.131e-07,6.826e-04,,-12.0,18.0,HOL,-10.546692,8.34303,-177.1588,237.94798,GOES-16_XRS,1,3910,0,2936
2022-01-29 15:35:00,2022-01-29 15:28:00,2022-01-29 15:39:00,202201291528,1.366e-06,C1.3,GOES-16,1.053e-06,7.999e-04,9.419e-04,,,,-6.0391846,10.137276,-101.313835,268.65872,GOES-16_XRS,2,3980,0,2936
2022-01-29 16:37:00,2022-01-29 16:30:00,2022-01-29 16:42:00,202201291630,1.543e-06,C1.5,GOES-16,7.649e-07,7.757e-04,9.793e-04,,,,,,-979.86896,-258.56036,GOES-16_XRS,1,3930,0,2936
2022-01-29 16:55:00,2022-01-29 16:47:00,2022-01-29 17:03:00,202201291647,7.378e-06,C7.3,GOES-16,9.635e-07,2.864e-03,4.495e-03,,,,-84.14075,-15.939787,-932.04047,-256.47427,GOES-16_XRS,1,3940,0,2939
2022-01-29 17:34:00,2022-01-29 17:29:00,2022-01-29 17:38:00,202201291729,2.186e-06,C2.1,GOES-17,8.494e-07,8.753e-04,1.040e-03,,,,-6.1921387,21.23119,-98.3213,444.53625,GOES-17_XRS,1,3950,0,2936
2022-01-29 18:24:00,2022-01-29 18:15:00,2022-01-29 18:35:00,202201291815,1.239e-06,C1.2,GOES-17,6.972e-07,7.505e-04,1.319e-03,,,,-56.59912,-8.746098,-805.6443,-93.59376,GOES-17_XRS,1,3960,0,2936
2022-01-29 20:07:00,2022-01-29 19:54:00,2022-01-29 20:25:00,202201291954,3.315e-06,C3.3,GOES-16,1.154e-06,2.331e-03,4.934e-03,,,,,,-945.8482,-236.87015,GOES-16_XRS,1,4010,0,
2022-01-29 21:28:00,2022-01-29 21:22:00,,202201292122,1.734e-06,C1.7,GOES-16,9.751e-07,8.419e-04,,,,,-87.94702,-11.598195,-953.5512,-191.32155,GOES-16_XRS,1,,0,
2022-01-29 21:37:00,2022-01-29 21:33:00,2022-01-29 21:41:00,202201292133,1.660e-06,C1.6,GOES-16,1.465e-06,7.599e-04,9.435e-04,-8.0,18.0,HOL,-29.76065,10.487989,-477.16913,262.15994,GOES-16_XRS,2,4030,0,2936
2022-01-29 23:32:00,2022-01-29 22:45:00,2022-01-30 00:23:00,202201292245,1.138e-05,M1.1,GOES-16,2.777e-06,2.446e-02,5.143e-02,,,,-5.627533,17.465485,-91.48377,386.80527,GOES-16_XRS,1,4040,0,2936
2022-01-30 05:09:00,2022-01-30 05:06:00,2022-01-30 05:11:00,202201300506,1.990e-06,C1.9,GOES-16,1.338e-06,6.923e-04,7.791e-04,,,,-10.87381,12.608864,-180.05824,308.38763,GOES-16_XRS,1,4080,0,2936
2022-01-30 06:57:00,2022-01-30 06:53:00,2022-01-30 07:00:00,202201300653,1.654e-06,C1.6,GOES-16,8.778e-07,5.861e-04,6.506e-04,-4.0,17.0,SVI,-4.524658,12.126482,-75.44122,302.13007,GOES-16_XRS,1,4090,0,2936
2022-01-30 07:19:00,2022-01-30 07:12:00,2022-01-30 07:24:00,202201300712,6.711e-06,C6.7,GOES-16,8.980e-07,2.277e-03,2.953e-03,,,,-81.39667,16.367353,-924.26697,287.43448,GOES-16_XRS,1,4100,0,2940
2022-01-30 09:53:00,2022-01-30 09:43:00,2022-01-30 10:01:00,202201300943,2.233e-06,C2.2,GOES-16,1.099e-06,1.358e-03,1.990e-03,,,,-79.53113,14.789934,-926.4464,265.00607,GOES-16_XRS,1,4120,0,2940
2022-01-30 12:58:00,2022-01-30 12:44:00,2022-01-30 13:19:00,202201301244,1.926e-06,C1.9,GOES-16,7.135e-07,1.668e-03,3.465e-03,,,,-63.432953,11.896111,-853.86615,243.95828,GOES-16_XRS,1,4140,0,2940
2022-01-30 15:44:00,2022-01-30 15:38:00,2022-01-30 15:47:00,202201301538,1.727e-06,C1.7,GOES-16,8.527e-07,6.906e-04,7.661e-04,,,,-4.9078064,16.731031,-80.12428,376.1422,GOES-16_XRS,1,4180,0,2936
2022-01-30 18:00:00,2022-01-30 17:56:00,2022-01-30 18:09:00,202201301756,1.003e-06,C1.0,GOES-17,7.368e-07,4.372e-04,8.074e-04,,,,1.4438165,25.15858,22.296515,504.6255,GOES-17_XRS,1,4200,0,
2022-01-30 20:13:00,2022-01-30 19:55:00,2022-01-30 20:18:00,202201301955,2.757e-06,C2.7,GOES-16,8.300e-07,2.636e-03,2.955e-03,,,,-62.062805,2.5244431,-861.24304,89.90094,GOES-16_XRS,1,4220,0,2940
2022-01-30 21:20:00,2022-01-30 21:16:00,2022-01-30 21:23:00,202201302116,1.391e-06,C1.3,GOES-16,7.375e-07,5.181e-04,5.797e-04,,,,0.6614445,14.978333,10.906399,348.99722,GOES-16_XRS,1,4230,0,2936
2022-01-30 21:38:00,2022-01-30 21:35:00,2022-01-30 21:41:00,202201302135,1.270e-06,C1.2,GOES-16,8.111e-07,4.241e-04,4.771e-04,,,,6.145219,16.945002,100.138145,379.5765,GOES-16_XRS,1,4240,0,2936
2022-01-30 22:04:00,2022-01-30 21:57:00,2022-01-30 22:09:00,202201302157,1.760e-06,C1.7,GOES-16,7.191e-07,8.206e-04,1.043e-03,-77.0,16.0,HOL,-60.17572,15.325786,-816.40137,304.87616,GOES-16_XRS,1,4250,0,2936
2022-01-30 22:32:00,2022-01-30 22:25:00,2022-01-30 22:41:00,202201302225,1.170e-06,C1.1,GOES-16,7.618e-07,6.604e-04,1.082e-03,2.0,15.0,HOL,-6.9825745,16.667797,-113.88562,375.0924,GOES-16_XRS,1,4270,0,2936
2022-01-30 23:30:00,2022-01-30 23:21:00,2022-01-30 23:41:00,202201302321,1.696e-06,C1.6,GOES-16,8.287e-07,9.852e-04,1.734e-03,,,,6.29312,15.524087,103.285126,357.18875,GOES-16_XRS,1,4290,0,2936
2022-01-31 00:12:00,2022-01-31 00:06:00,,202201310006,1.343e-06,C1.3,GOES-16,8.586e-07,6.523e-04,,,,,-0.6748352,9.563681,-11.359655,261.40793,GOES-16_XRS,1,,0,
2022-01-31 00:23:00,2022-01-31 00:19:00,2022-01-31 00:36:00,202201310019,1.698e-06,C1.6,GOES-16,1.133e-06,7.049e-04,1.669e-03,,,,-54.881287,11.412918,-782.6587,249.06995,GOES-16_XRS,2,4320,0,2940
2022-01-31 02:00:00,2022-01-31 01:54:00,,202201310154,1.100e-06,C1.0,GOES-16,7.875e-07,5.916e-04,,,,,7.927517,13.566461,131.11655,325.66797,GOES-16_XRS,1,,0,
2022-01-31 02:16:00,2022-01-31 02:08:00,2022-01-31 02:20:00,202201310208,1.477e-06,C1.4,GOES-16,1.013e-06,9.427e-04,1.087e-03,2.0,16.0,LEA,-38.719727,21.87591,-566.9952,435.232,GOES-16_XRS,2,4370,0,2936
2022-01-31 03:50:00,2022-01-31 03:40:00,2022-01-31 03:58:00,202201310340,2.744e-06,C2.7,GOES-16,8.739e-07,1.452e-03,2.159e-03,-69.0,16.0,LEA,-73.58212,19.825634,-879.5293,355.65225,GOES-16_XRS,1,4380,0,2940
2022-01-31 09:17:00,2022-01-31 09:10:00,2022-01-31 09:20:00,202201310910,9.795e-07,B9.7,GOES-16,6.134e-07,5.027e-04,5.478e-04,,,,,,,,,1,4510,0,
2022-01-31 10:55:00,2022-01-31 10:46:00,2022-01-31 11:04:00,202201311046,1.185e-06,C1.1,GOES-16,6.974e-07,7.744e-04,1.197e-03,,,,-70.777985,25.082027,-833.6181,441.20395,GOES-16_XRS,1,4640,0,2940
2022-01-31 20:09:00,2022-01-31 19:54:00,2022-01-31 20:16:00,202201311954,1.974e-06,C1.9,GOES-16,8.661e-07,1.704e-03,2.148e-03,10.0,16.0,HOL,-74.63812,21.28745,-875.56384,376.9869,GOES-16_XRS,1,4800,0,2940
2022-01-31 21:59:00,2022-01-31 21:53:00,,202201312153,1.072e-06,C1.0,GOES-16,6.934e-07,5.459e-04,,-64.0,15.0,HOL,-55.032593,-13.260127,-778.6438,-165.7225,GOES-16_XRS,1,4820,0,2940
2022-01-31 22:07:00,2022-01-31 22:02:00,2022-01-31 22:16:00,202201312202,1.853e-06,C1.8,GOES-16,1.050e-06,8.554e-04,1.510e-03,-64.0,15.0,HOL,-59.578217,12.046651,-822.8352,253.06223,GOES-16_XRS,2,4820,0,2940
2022-01-31 23:34:00,2022-01-31 23:25:00,2022-01-31 23:42:00,202201312325,1.255e-06,C1.2,GOES-16,7.325e-07,7.792e-04,1.147e-03,,,,-55.10376,20.384886,-750.22644,392.81055,GOES-16_XRS,1,4830,0,2940
2022-02-01 02:57:00,2022-02-01 02:48:00,2022-02-01 03:08:00,202202010248,1.213e-06,C1.2,GOES-16,7.178e-07,7.715e-04,1.329e-03,,,,-57.639404,19.115925,-778.69165,369.48746,GOES-16_XRS,1,4860,0,2936
2022-02-01 07:14:00,2022-02-01 07:07:00,2022-02-01 07:25:00,202202010707,1.889e-06,C1.8,GOES-16,1.046e-06,9.607e-04,1.786e-03,,,,-60.09912,19.45601,-797.33575,371.2925,GOES-16_XRS,1,4910,0,2940
2022-02-01 07:36:00,2022-02-01 07:25:00,2022-02-01 07:43:00,202202010725,8.653e-06,C8.6,GOES-16,1.465e-06,4.171e-03,5.812e-03,,,,-56.94452,17.440317,-780.1933,344.17642,GOES-16_XRS,1,,0,
2022-02-01 08:50:00,2022-02-01 08:43:00,2022-02-01 08:53:00,202202010843,1.687e-06,C1.6,GOES-16,9.221e-07,8.052e-04,8.771e-04,,,,-61.51184,18.842026,-811.33624,359.56442,GOES-16_XRS,1,4930,0,2940
2022-02-01 10:12:00,2022-02-01 09:48:00,,202202010948,2.173e-06,C2.1,GOES-16,9.606e-07,2.795e-03,,,,,-60.763428,18.77948,-805.851,359.7356,GOES-16_XRS,1,,0,
2022-02-01 10:20:00,2022-02-01 10:14:00,,202202011014,2.352e-06,C2.3,GOES-16,2.158e-06,1.364e-03,,,,,-64.3277,19.79844,-826.9476,370.29614,GOES-16_XRS,2,,0,
2022-02-01 10:27:00,2022-02-01 10:21:00,2022-02-01 10:30:00,202202011021,2.456e-06,C2.4,GOES-16,2.342e-06,1.437e-03,1.576e-03,,,,-61.950897,20.778406,-804.7622,389.19772,GOES-16_XRS,3,4960,0,
2022-02-01 12:05:00,2022-02-01 11:55:00,,202202011155,2.345e-06,C2.3,GOES-16,1.475e-06,1.624e-03,,,,,-46.03009,16.698818,-673.05634,347.37616,GOES-16_XRS,1,4990,0,
2022-02-01 12:19:00,2022-02-01 12:11:00,2022-02-01 12:24:00,202202011211,2.839e-06,C2.8,GOES-16,2.136e-06,1.846e-03,2.288e-03,,,,-49.917664,19.147789,-705.4987,380.92053,GOES-16_XRS,2,,0,
2022-02-01 13:11:00,2022-02-01 13:05:00,2022-02-01 13:14:00,202202011305,2.253e-06,C2.2,GOES-16,1.014e-06,8.563e-04,9.476e-04,,,,-54.760315,15.209863,-769.1155,311.8598,GOES-16_XRS,1,5010,0,
2022-02-01 15:27:00,2022-02-01 15:10:00,2022-02-01 15:40:00,202202011510,6.580e-06,C6.5,GOES-16,1.065e-06,4.321e-03,7.341e-03,,,,-56.199524,16.757793,-776.37823,334.59357,GOES-16_XRS,1,5030,0,
2022-02-01 17:33:00,2022-02-01 17:26:00,2022-02-01 17:37:00,202202011726,1.072e-06,C1.0,GOES-16,7.297e-07,6.034e-04,7.080e-04,,,,-53.859924,4.6001916,-785.7147,138.44473,GOES-16_XRS,1,5050,0,
2022-02-01 19:16:00,2022-02-01 19:12:00,2022-02-01 19:19:00,202202011912,1.253e-06,C1.2,GOES-16,6.527e-07,4.778e-04,5.235e-04,,,,22.803137,22.307518,350.36316,456.90607,GOES-16_XRS,1,5080,0,
2022-02-01 19:44:00,2022-02-01 19:38:00,2022-02-01 19:50:00,202202011938,9.439e-07,B9.4,GOES-16,6.405e-07,4.775e-04,6.703e-04,,,,,,,,,1,5090,0,
2022-02-01 20:11:00,2022-02-01 20:07:00,2022-02-01 20:16:00,202202012007,9.212e-07,B9.2,GOES-16,6.358e-07,3.811e-04,5.134e-04,,,,,,,,,1,5100,0,
2022-02-01 21:08:00,2022-02-01 20:58:00,2022-02-01 21:14:00,202202012058,1.459e-06,C1.4,GOES-16,6.832e-07,8.366e-04,1.090e-03,,,,-57.191895,18.167625,-779.1069,355.61877,GOES-16_XRS,1,5120,0,2940
2022-02-01 22:36:00,2022-02-01 22:21:00,,202202012221,9.028e-06,C9.0,GOES-16,8.441e-07,4.972e-03,,,,,-54.47119,-15.843696,-764.1816,-207.21703,GOES-16_XRS,1,5130,0,2939
2022-02-01 22:51:00,2022-02-01 22:44:00,2022-02-01 22:56:00,202202012244,6.041e-06,C6.0,GOES-16,5.738e-06,3.899e-03,4.947e-03,,,,-56.161377,-16.560755,-777.0234,-221.46147,GOES-16_XRS,2,,0,
2022-02-02 02:07:00,2022-02-02 02:00:00,2022-02-02 02:14:00,202202020200,2.388e-06,C2.3,GOES-16,9.535e-07,1.112e-03,1.627e-03,28.0,16.0,LEA,35.89552,17.932413,544.8587,378.87482,GOES-16_XRS,1,5160,0,2936
2022-02-02 03:38:00,2022-02-02 03:30:00,2022-02-02 03:46:00,202202020330,1.382e-06,C1.3,GOES-16,6.780e-07,7.832e-04,1.167e-03,,,,-39.89273,13.31046,-609.5635,300.97336,GOES-16_XRS,1,5180,0,2940
2022-02-02 04:43:00,2022-02-02 04:27:00,2022-02-02 04:55:00,202202020427,2.782e-06,C2.7,GOES-16,9.393e-07,2.271e-03,3.565e-03,,,,-50.700043,19.577675,-711.54926,387.00482,GOES-16_XRS,1,5190,0,2940
2022-02-02 05:33:00,2022-02-02 05:16:00,2022-02-02 06:02:00,202202020516,3.342e-06,C3.3,GOES-16,1.269e-06,2.984e-03,7.339e-03,28.0,16.0,LEA,-45.78476,14.154977,-678.5127,307.52933,GOES-16_XRS,1,5200,0,2936
2022-02-02 10:04:00,2022-02-02 09:51:00,,202202020951,5.507e-06,C5.5,GOES-16,1.237e-06,3.206e-03,,-46.0,19.0,SVI,-44.050842,18.212002,-644.81226,374.3428,GOES-16_XRS,1,5270,0,2940
2022-02-02 10:26:00,2022-02-02 10:14:00,2022-02-02 10:35:00,202202021014,7.854e-06,C7.8,GOES-16,3.369e-06,5.760e-03,8.343e-03,,,,-44.598083,-13.061039,-667.96783,-147.32816,GOES-16_XRS,2,,0,
2022-02-02 15:50:00,2022-02-02 15:39:00,2022-02-02 16:00:00,202202021539,2.105e-06,C2.1,GOES-16,9.967e-07,1.373e-03,2.155e-03,,,,-35.772278,17.345554,-544.9767,370.2556,GOES-16_XRS,1,5300,0,2940
2022-02-02 16:38:00,2022-02-02 16:26:00,2022-02-02 16:47:00,202202021626,2.016e-06,C2.0,GOES-16,9.706e-07,1.470e-03,2.152e-03,,,,,,-890.12054,403.74957,GOES-16_XRS,1,5310,0,
2022-02-02 17:47:00,2022-02-02 17:42:00,2022-02-02 17:58:00,202202021742,1.129e-06,C1.1,GOES-16,8.443e-07,5.495e-04,1.093e-03,,,,-27.186584,7.081405,-443.0971,211.9481,GOES-16_XRS,1,5320,0,2940
2022-02-02 18:53:00,2022-02-02 18:43:00,2022-02-02 19:01:00,202202021843,1.532e-06,C1.5,GOES-16,8.817e-07,1.045e-03,1.495e-03,,,,-28.569,15.246661,-450.78598,343.94922,GOES-16_XRS,1,5330,0,2940
2022-02-02 21:49:00,2022-02-02 21:37:00,2022-02-02 21:57:00,202202022137,1.390e-06,C1.3,GOES-16,7.915e-07,1.100e-03,1.509e-03,,,,-48.63739,20.670996,-685.30896,407.0992,GOES-16_XRS,1,5360,0,2940
2022-02-03 01:02:00,2022-02-03 00:56:00,2022-02-03 01:08:00,202202030056,1.001e-06,C1.0,GOES-16,6.727e-07,5.021e-04,7.046e-04,,,,46.592,14.04695,687.9594,305.32117,GOES-16_XRS,1,5390,0,2936
2022-02-03 05:33:00,2022-02-03 05:22:00,2022-02-03 05:47:00,202202030522,1.570e-06,C1.5,GOES-16,7.982e-07,1.071e-03,1.970e-03,,,,49.428326,17.92952,705.2788,363.55054,GOES-16_XRS,1,5420,0,2936
2022-02-03 07:28:00,2022-02-03 07:21:00,2022-02-03 07:33:00,202202030721,1.549e-06,C1.5,GOES-16,7.574e-07,7.152e-04,9.133e-04,,,,54.423813,16.37832,761.3063,332.04965,GOES-16_XRS,1,5450,0,
2022-02-03 08:34:00,2022-02-03 08:27:00,2022-02-03 08:38:00,202202030827,1.746e-06,C1.7,GOES-16,7.341e-07,7.784e-04,9.126e-04,,,,41.084568,14.473781,621.3043,319.27155,GOES-16_XRS,1,5470,0,2936
2022-02-03 10:22:00,2022-02-03 10:14:00,2022-02-03 10:29:00,202202031014,9.502e-07,B9.5,GOES-16,6.590e-07,5.863e-04,8.293e-04,,,,,,,,,1,5490,0,2936
2022-02-03 11:17:00,2022-02-03 11:09:00,2022-02-03 11:20:00,202202031109,1.934e-06,C1.9,GOES-16,1.042e-06,1.026e-03,1.111e-03,60.0,16.0,SVI,53.288387,11.975033,765.1896,262.72363,GOES-16_XRS,1,5500,0,2936
2022-02-03 13:58:00,2022-02-03 13:44:00,2022-02-03 14:18:00,202202031344,1.533e-06,C1.5,GOES-16,9.006e-07,1.400e-03,2.810e-03,,,,-32.083282,23.234991,-476.6173,464.9727,GOES-16_XRS,1,5520,0,2940
2022-02-03 16:40:00,2022-02-03 16:32:00,2022-02-03 16:45:00,202202031632,9.804e-07,B9.8,GOES-16,6.909e-07,6.073e-04,7.531e-04,,,,,,,,,1,5530,0,2936
2022-02-03 18:50:00,2022-02-03 18:45:00,2022-02-03 18:57:00,202202031845,9.227e-07,B9.2,GOES-16,5.801e-07,4.038e-04,6.334e-04,,,,,,,,,1,5550,0,2941
2022-02-03 19:31:00,2022-02-03 19:24:00,,202202031924,1.013e-06,C1.0,GOES-16,6.752e-07,5.837e-04,,,,,,,824.9686,529.3545,GOES-16_XRS,1,5570,0,2936
2022-02-03 19:40:00,2022-02-03 19:34:00,2022-02-03 19:43:00,202202031934,1.144e-06,C1.1,GOES-16,9.900e-07,6.430e-04,7.030e-04,,,,75.41386,23.26993,865.915,406.886,GOES-16_XRS,2,5560,0,2936
2022-02-03 20:43:00,2022-02-03 20:38:00,2022-02-03 20:47:00,202202032038,1.379e-06,C1.3,GOES-16,6.321e-07,5.538e-04,6.605e-04,63.0,17.0,HOL,64.67623,15.448969,849.3495,301.62762,GOES-16_XRS,1,5580,0,2936
2022-02-03 23:43:00,2022-02-03 23:28:00,2022-02-03 23:48:00,202202032328,2.222e-06,C2.2,GOES-16,7.585e-07,1.743e-03,2.012e-03,,,,74.222725,20.551521,877.7296,366.79575,GOES-16_XRS,1,5590,0,2936
2022-02-04 02:42:00,2022-02-04 02:37:00,2022-02-04 02:48:00,202202040237,1.423e-06,C1.4,GOES-16,1.010e-06,6.702e-04,9.642e-04,,,,,,-1124.6555,491.4249,GOES-16_XRS,1,5640,0,2941
2022-02-04 03:37:00,2022-02-04 03:29:00,2022-02-04 03:52:00,202202040329,1.393e-06,C1.3,GOES-16,9.961e-07,8.870e-04,1.895e-03,,,,37.28766,17.774065,563.28156,376.5441,GOES-16_XRS,1,5670,0,2936
2022-02-04 06:06:00,2022-02-04 05:56:00,2022-02-04 06:13:00,202202040556,2.891e-06,C2.8,GOES-16,8.636e-07,1.400e-03,2.006e-03,76.0,18.0,LEA,60.875042,14.202844,825.7667,287.79248,GOES-16_XRS,1,5680,0,2936
2022-02-04 11:04:00,2022-02-04 10:55:00,2022-02-04 11:10:00,202202041055,2.253e-06,C2.2,GOES-16,7.253e-07,1.137e-03,1.511e-03,,,,64.37563,16.252333,843.7922,315.23608,GOES-16_XRS,1,5760,0,2936
2022-02-04 15:51:00,2022-02-04 15:38:00,2022-02-04 15:56:00,202202041538,5.882e-06,C5.8,GOES-16,8.429e-07,2.590e-03,3.152e-03,85.0,18.0,HOL,78.05602,17.338074,909.38354,309.4336,GOES-16_XRS,1,5800,0,2936
2022-02-04 19:31:00,2022-02-04 19:25:00,2022-02-04 19:36:00,202202041925,1.290e-06,C1.2,GOES-16,8.328e-07,6.201e-04,8.029e-04,,,,6.2512136,-27.343605,94.52217,-351.94104,GOES-16_XRS,1,5810,0,
2022-02-04 20:26:00,2022-02-04 20:20:00,2022-02-04 20:30:00,202202042020,1.198e-06,C1.1,GOES-16,7.637e-07,5.698e-04,6.858e-04,,,,22.256798,22.063162,342.84845,456.22534,GOES-16_XRS,1,5820,0,2939
2022-02-04 21:57:00,2022-02-04 21:42:00,2022-02-04 22:01:00,202202042142,2.666e-06,C2.6,GOES-16,7.684e-07,1.647e-03,1.829e-03,,,,81.76729,16.898617,921.8092,295.84406,GOES-16_XRS,1,5870,0,2936
2022-02-05 05:57:00,2022-02-05 05:47:00,2022-02-05 06:04:00,202202050547,1.850e-06,C1.8,GOES-16,6.504e-07,9.515e-04,1.338e-03,,,,81.88547,14.316064,933.7397,253.84814,GOES-16_XRS,1,5940,0,2936
2022-02-05 08:05:00,2022-02-05 08:00:00,2022-02-05 08:09:00,202202050800,1.405e-06,C1.4,GOES-16,7.915e-07,5.980e-04,7.229e-04,,,,,,1068.1919,216.43301,GOES-16_XRS,1,5980,0,2936
2022-02-05 17:10:00,2022-02-05 16:55:00,2022-02-05 17:26:00,202202051655,2.163e-06,C2.1,GOES-16,9.020e-07,1.875e-03,3.357e-03,,,,,,962.6996,355.0837,GOES-16_XRS,1,6080,0,2936
2022-02-05 18:27:00,2022-02-05 18:20:00,,202202051820,1.352e-06,C1.3,GOES-16,8.498e-07,7.027e-04,,,,,,,1249.7535,697.32916,GOES-16_XRS,1,6120,0,2936
2022-02-05 18:34:00,2022-02-05 18:30:00,2022-02-05 18:37:00,202202051830,1.285e-06,C1.2,GOES-16,1.148e-06,5.785e-04,6.481e-04,,,,38.29398,1.7742997,604.78845,114.523605,GOES-16_XRS,2,6130,0,
2022-02-05 22:13:00,2022-02-05 22:07:00,2022-02-05 22:15:00,202202052207,1.066e-06,C1.0,GOES-16,6.440e-07,4.877e-04,5.300e-04,,,,-48.984924,20.938887,-687.3964,412.49387,GOES-16_XRS,1,6160,0,2941
2022-02-05 23:48:00,2022-02-05 23:43:00,2022-02-05 23:51:00,202202052343,1.348e-06,C1.3,GOES-16,6.764e-07,5.412e-04,5.956e-04,-46.0,23.0,HOL,-49.345642,27.211535,-657.9693,505.6607,GOES-16_XRS,1,6180,0,2941
2022-02-06 01:00:00,2022-02-06 00:52:00,2022-02-06 01:02:00,202202060052,1.938e-06,C1.9,GOES-16,7.250e-07,6.994e-04,7.494e-04,,,,-42.140167,23.234488,-601.5565,456.06567,GOES-16_XRS,1,6200,0,2936
2022-02-06 01:24:00,2022-02-06 01:15:00,2022-02-06 01:31:00,202202060115,1.492e-06,C1.4,GOES-16,7.671e-07,8.835e-04,1.225e-03,,,,71.48208,6.953344,916.93536,151.17615,GOES-16_XRS,1,6210,0,2936
2022-02-06 08:37:00,2022-02-06 08:29:00,2022-02-06 08:43:00,202202060829,8.006e-07,B8.0,GOES-16,5.496e-07,4.774e-04,6.407e-04,,,,,,,,,1,6300,0,2938
2022-02-06 11:24:00,2022-02-06 11:15:00,2022-02-06 11:32:00,202202061115,1.258e-06,C1.2,GOES-16,7.663e-07,7.945e-04,1.179e-03,,,,,,895.639,414.70966,GOES-16_XRS,1,6320,0,
2022-02-06 23:28:00,2022-02-06 23:21:00,2022-02-06 23:35:00,202202062321,7.961e-07,B7.9,GOES-16,5.657e-07,4.523e-04,6.597e-04,,,,,,,,,1,6510,0,
2022-02-07 00:26:00,2022-02-07 00:08:00,2022-02-07 01:01:00,202202070008,1.299e-06,C1.2,GOES-16,6.329e-07,1.346e-03,3.506e-03,,,,,,998.21027,403.68353,GOES-16_XRS,1,6520,0,
2022-02-07 02:31:00,2022-02-07 02:23:00,2022-02-07 02:40:00,202202070223,1.026e-06,C1.0,GOES-16,6.251e-07,6.254e-04,9.940e-04,23.0,-18.0,LEA,16.388155,-6.668467,273.80487,-8.750952,GOES-16_XRS,1,6530,0,2939
2022-02-07 05:33:00,2022-02-07 05:20:00,,202202070520,2.650e-06,C2.6,GOES-16,5.701e-07,1.483e-03,,,,,68.67654,13.340655,882.9344,261.8994,GOES-16_XRS,1,6550,0,
2022-02-07 05:42:00,2022-02-07 05:38:00,2022-02-07 05:44:00,202202070538,2.587e-06,C2.5,GOES-16,2.311e-06,1.129e-03,1.237e-03,,,,64.99972,14.065341,856.58887,279.9833,GOES-16_XRS,2,,0,
2022-02-07 06:38:00,2022-02-07 06:28:00,2022-02-07 06:47:00,202202070628,9.582e-07,B9.5,GOES-16,5.620e-07,6.421e-04,9.740e-04,24.0,-19.0,LEA,,,,,,1,6580,0,2939
2022-02-07 07:28:00,2022-02-07 07:22:00,2022-02-07 07:31:00,202202070722,1.218e-06,C1.2,GOES-16,5.380e-07,5.053e-04,5.529e-04,,,,84.60307,9.255566,956.0126,165.61003,GOES-16_XRS,1,6590,0,
2022-02-07 08:10:00,2022-02-07 08:05:00,2022-02-07 08:16:00,202202070805,9.389e-07,B9.3,GOES-16,5.331e-07,4.128e-04,5.927e-04,,,,,,,,,1,6600,0,
2022-02-07 08:24:00,2022-02-07 08:21:00,2022-02-07 08:27:00,202202070821,1.635e-06,C1.6,GOES-16,6.837e-07,4.665e-04,5.184e-04,,,,71.79052,12.499442,903.1735,242.71336,GOES-16_XRS,1,6610,0,2941
2022-02-07 08:56:00,2022-02-07 08:52:00,,202202070852,9.430e-07,B9.4,GOES-16,6.723e-07,4.047e-04,,,,,,,,,,1,,0,
2022-02-07 09:03:00,2022-02-07 08:58:00,2022-02-07 09:07:00,202202070858,1.199e-06,C1.1,GOES-16,9.242e-07,5.853e-04,7.062e-04,,,,67.3215,10.273696,884.4899,214.0502,GOES-16_XRS,2,6620,0,
2022-02-07 11:08:00,2022-02-07 11:01:00,,202202071101,1.402e-06,C1.4,GOES-16,6.176e-07,6.391e-04,,,,,65.0553,6.9964957,876.9436,163.65971,GOES-16_XRS,1,6640,0,2939
2022-02-07 11:21:00,2022-02-07 11:12:00,2022-02-07 11:26:00,202202071112,1.640e-06,C1.6,GOES-16,1.095e-06,1.072e-03,1.305e-03,,,,62.213825,12.513296,841.6876,259.52905,GOES-16_XRS,2,6650,0,
2022-02-07 11:56:00,2022-02-07 11:51:00,2022-02-07 11:59:00,202202071151,1.009e-06,C1.0,GOES-16,6.998e-07,4.693e-04,5.155e-04,,,,,,1246.807,107.10504,GOES-16_XRS,1,6660,0,2939
2022-02-07 12:39:00,2022-02-07 12:26:00,2022-02-07 12:45:00,202202071226,3.860e-06,C3.8,GOES-16,7.127e-07,1.776e-03,2.319e-03,,,,83.380325,12.717231,942.76575,225.10468,GOES-16_XRS,1,6680,0,
2022-02-07 17:00:00,2022-02-07 16:50:00,2022-02-07 17:08:00,202202071650,2.516e-06,C2.5,GOES-16,5.598e-07,1.128e-03,1.713e-03,,,,68.66518,11.407679,889.3835,230.45753,GOES-16_XRS,1,6700,0,
2022-02-07 23:06:00,2022-02-07 22:57:00,2022-02-07 23:09:00,202202072257,1.258e-06,C1.2,GOES-16,5.885e-07,6.409e-04,6.900e-04,,,,-25.047913,22.644325,-381.4092,465.31146,GOES-16_XRS,1,6750,0,2941
2022-02-08 05:24:00,2022-02-08 05:19:00,2022-02-08 05:29:00,202202080519,7.511e-07,B7.5,GOES-16,5.318e-07,3.573e-04,4.714e-04,,,,,,,,,1,6790,0,2940
2022-02-08 07:17:00,2022-02-08 07:06:00,2022-02-08 07:25:00,202202080706,9.991e-07,B9.9,GOES-16,5.421e-07,7.250e-04,1.021e-03,,,,,,,,,1,6810,0,2940
2022-02-08 16:39:00,2022-02-08 16:25:00,2022-02-08 16:51:00,202202081625,1.200e-06,C1.1,GOES-16,6.483e-07,1.036e-03,1.637e-03,,,,46.297325,-14.919094,681.4949,-175.7438,GOES-16_XRS,1,6870,0,2939
2022-02-08 17:27:00,2022-02-08 17:19:00,2022-02-08 17:34:00,202202081719,8.348e-07,B8.3,GOES-16,5.731e-07,5.103e-04,7.240e-04,,,,,,,,,1,6880,0,2941
2022-02-08 21:45:00,2022-02-08 21:29:00,2022-02-08 21:55:00,202202082129,5.191e-06,C5.1,GOES-16,4.791e-07,3.007e-03,4.624e-03,42.0,-16.0,HOL,43.275692,-18.316883,634.94183,-228.08899,GOES-16_XRS,1,6900,0,2939
2022-02-09 04:38:00,2022-02-09 04:32:00,2022-02-09 04:42:00,202202090432,5.693e-07,B5.6,GOES-16,4.136e-07,2.913e-04,3.485e-04,,,,,,,,,1,6930,0,2941
2022-02-09 05:53:00,2022-02-09 05:44:00,2022-02-09 05:57:00,202202090544,8.443e-07,B8.4,GOES-16,4.334e-07,4.653e-04,5.372e-04,-7.0,20.0,LEA,,,,,,1,6940,0,2941
2022-02-09 07:36:00,2022-02-09 07:28:00,2022-02-09 07:46:00,202202090728,6.159e-07,B6.1,GOES-16,4.256e-07,3.850e-04,6.379e-04,,,,,,,,,1,6950,0,2941
2022-02-09 08:27:00,2022-02-09 08:22:00,2022-02-09 08:34:00,202202090822,7.418e-07,B7.4,GOES-16,4.621e-07,3.299e-04,5.118e-04,-8.0,24.0,LEA,,,,,,1,6960,0,2941
2022-02-09 09:57:00,2022-02-09 09:53:00,2022-02-09 09:59:00,202202090953,7.915e-07,B7.9,GOES-16,4.626e-07,2.865e-04,3.192e-04,,,,,,,,,1,6990,0,2939
2022-02-09 14:47:00,2022-02-09 14:25:00,,202202091425,1.052e-06,C1.0,GOES-16,6.649e-07,1.458e-03,,,,,0.9454908,31.061487,13.794126,595.6703,GOES-16_XRS,1,7000,0,
2022-02-09 15:30:00,2022-02-09 15:01:00,2022-02-09 15:43:00,202202091501,1.745e-06,C1.7,GOES-16,9.428e-07,2.715e-03,3.677e-03,,,,18.353079,9.567713,303.1699,265.62408,GOES-16_XRS,2,,0,
2022-02-09 17:36:00,2022-02-09 17:27:00,2022-02-09 17:54:00,202202091727,5.737e-06,C5.7,GOES-16,1.060e-06,2.687e-03,6.724e-03,57.0,-16.0,HOL,54.98662,-18.827358,755.7055,-252.0197,GOES-16_XRS,1,7010,0,2939
2022-02-10 00:02:00,2022-02-09 23:51:00,2022-02-10 00:09:00,202202092351,1.242e-06,C1.2,GOES-16,7.272e-07,8.942e-04,1.193e-03,,,,6.694376,15.453009,109.707756,365.53333,GOES-16_XRS,1,7080,0,2939
2022-02-10 02:08:00,2022-02-10 01:57:00,2022-02-10 02:18:00,202202100157,3.043e-06,C3.0,GOES-16,8.860e-07,1.635e-03,2.694e-03,56.0,18.0,LEA,56.036144,15.796364,777.6839,323.57446,GOES-16_XRS,1,7090,0,2940
2022-02-10 04:38:00,2022-02-10 04:22:00,2022-02-10 04:42:00,202202100422,4.059e-06,C4.0,GOES-16,5.897e-07,1.949e-03,2.187e-03,5.0,21.0,LEA,6.758138,20.98316,107.25791,451.11533,GOES-16_XRS,1,7120,0,2941
2022-02-10 06:30:00,2022-02-10 06:23:00,2022-02-10 06:41:00,202202100623,1.303e-06,C1.3,GOES-16,6.504e-07,6.685e-04,1.239e-03,,,,63.237766,13.490977,845.66266,274.68857,GOES-16_XRS,1,7160,0,2940
2022-02-10 12:59:00,2022-02-10 12:51:00,2022-02-10 13:09:00,202202101251,7.671e-07,B7.6,GOES-16,4.715e-07,4.438e-04,7.558e-04,,,,,,,,,1,7180,0,2940
2022-02-10 18:24:00,2022-02-10 18:06:00,,202202101806,7.472e-07,B7.4,GOES-16,4.313e-07,8.280e-04,,,,,,,,,,1,7200,0,
2022-02-10 18:50:00,2022-02-10 18:45:00,2022-02-10 18:54:00,202202101845,6.658e-07,B6.6,GOES-16,6.450e-07,3.543e-04,4.328e-04,,,,,,,,,2,7190,0,
2022-02-11 00:12:00,2022-02-11 00:05:00,2022-02-11 00:17:00,202202110005,7.644e-07,B7.6,GOES-16,4.178e-07,3.895e-04,4.947e-04,14.0,23.0,HOL,,,,,,1,7220,0,2941
2022-02-11 01:28:00,2022-02-11 01:19:00,2022-02-11 01:34:00,202202110119,9.724e-07,B9.7,GOES-16,5.512e-07,6.264e-04,8.138e-04,,,,,,,,,1,7240,0,2939
2022-02-11 06:57:00,2022-02-11 06:49:00,2022-02-11 07:02:00,202202110649,7.809e-07,B7.8,GOES-16,3.969e-07,4.095e-04,5.151e-04,66.0,-16.0,SVI,,,,,,1,7260,0,2939
2022-02-11 10:20:00,2022-02-11 10:16:00,2022-02-11 10:26:00,202202111016,1.319e-06,C1.3,GOES-16,4.258e-07,4.126e-04,6.213e-04,,,,54.34789,-17.28277,756.18896,-224.7453,GOES-16_XRS,1,7300,0,
2022-02-11 12:50:00,2022-02-11 12:41:00,2022-02-11 12:58:00,202202111241,1.217e-06,C1.2,GOES-16,8.181e-07,7.952e-04,1.169e-03,,,,,,978.186,13.9849615,GOES-16_XRS,1,7320,0,2940
2022-02-11 17:42:00,2022-02-11 17:24:00,2022-02-11 18:12:00,202202111724,2.577e-06,C2.5,GOES-16,6.599e-07,2.063e-03,5.569e-03,,,,61.01145,10.364513,838.0228,227.96004,GOES-16_XRS,1,7350,0,2940
2022-02-12 03:21:00,2022-02-12 02:55:00,2022-02-12 03:45:00,202202120255,1.501e-06,C1.5,GOES-16,4.341e-07,1.905e-03,3.405e-03,,,,,,947.5242,-351.367,GOES-16_XRS,1,7410,0,2939
2022-02-12 05:01:00,2022-02-12 04:53:00,2022-02-12 05:04:00,202202120453,8.359e-07,B8.3,GOES-16,5.234e-07,4.831e-04,5.204e-04,,,,,,,,,1,7420,0,2944
2022-02-12 06:08:00,2022-02-12 06:03:00,2022-02-12 06:12:00,202202120603,6.283e-07,B6.2,GOES-16,4.639e-07,3.050e-04,3.685e-04,,,,,,,,,1,,0,
2022-02-12 07:48:00,2022-02-12 07:39:00,2022-02-12 07:58:00,202202120739,1.036e-06,C1.0,GOES-16,5.474e-07,6.297e-04,1.031e-03,,,,47.780655,11.3005495,707.82025,264.6029,GOES-16_XRS,1,7460,0,2940
2022-02-12 08:44:00,2022-02-12 08:25:00,2022-02-12 08:55:00,202202120825,1.438e-05,M1.4,GOES-16,5.655e-07,1.093e-02,1.627e-02,84.0,-19.0,LEA,80.116516,-17.194202,915.3983,-266.95438,GOES-16_XRS,1,7470,0,
2022-02-12 16:59:00,2022-02-12 16:38:00,,202202121638,6.909e-06,C6.9,GOES-16,6.253e-07,4.726e-03,,,,,,,958.8539,241.53844,GOES-16_XRS,1,,0,
2022-02-12 17:08:00,2022-02-12 17:03:00,2022-02-12 17:11:00,202202121703,9.281e-06,C9.2,GOES-16,6.116e-06,4.166e-03,4.588e-03,,,,,,950.21924,242.41695,GOES-16_XRS,2,7520,0,2940
2022-02-12 17:26:00,2022-02-12 17:19:00,2022-02-12 17:37:00,202202121719,8.100e-06,C8.1,GOES-16,5.728e-06,4.778e-03,8.677e-03,,,,,,805.4252,-838.46063,GOES-16_XRS,1,7530,0,2944
2022-02-12 19:55:00,2022-02-12 19:45:00,2022-02-12 20:08:00,202202121945,1.136e-06,C1.1,GOES-16,6.890e-07,7.848e-04,1.480e-03,,,,,,1025.15,289.43533,GOES-16_XRS,1,7560,0,2940
2022-02-13 01:20:00,2022-02-13 00:48:00,,202202130048,3.285e-06,C3.2,GOES-16,8.436e-07,4.733e-03,,,,,,,933.71387,327.86185,GOES-16_XRS,1,7710,0,2940
2022-02-13 01:47:00,2022-02-13 01:43:00,2022-02-13 01:49:00,202202130143,6.181e-06,C6.1,GOES-16,2.257e-06,2.015e-03,2.261e-03,,,,46.54991,22.216673,654.8244,438.60858,GOES-16_XRS,2,7600,0,2941
2022-02-13 03:18:00,2022-02-13 03:12:00,2022-02-13 03:22:00,202202130312,2.410e-06,C2.4,GOES-16,1.036e-06,1.001e-03,1.193e-03,,,,36.338825,22.556793,533.44086,456.43195,GOES-16_XRS,1,7640,0,2941
2022-02-13 04:05:00,2022-02-13 03:59:00,2022-02-13 04:21:00,202202130359,8.541e-07,B8.5,GOES-16,5.943e-07,4.393e-04,1.121e-03,,,,,,,,,1,7650,0,2941
2022-02-13 04:32:00,2022-02-13 04:28:00,2022-02-13 04:42:00,202202130428,8.649e-07,B8.6,GOES-16,6.309e-07,3.748e-04,7.485e-04,,,,,,,,,1,7660,0,2944
2022-02-13 05:30:00,2022-02-13 05:17:00,2022-02-13 05:38:00,202202130517,7.499e-07,B7.4,GOES-16,4.412e-07,6.101e-04,8.271e-04,,,,,,,,,1,7670,0,2941
2022-02-13 07:28:00,2022-02-13 07:21:00,2022-02-13 07:41:00,202202130721,6.866e-07,B6.8,GOES-16,4.485e-07,3.810e-04,7.898e-04,,,,,,,,,1,7680,0,2941
2022-02-13 08:30:00,2022-02-13 08:24:00,2022-02-13 08:36:00,202202130824,6.990e-07,B6.9,GOES-16,4.958e-07,3.720e-04,5.160e-04,,,,,,,,,1,7690,0,2944
2022-02-13 15:27:00,2022-02-13 15:23:00,2022-02-13 15:32:00,202202131523,1.084e-06,C1.0,GOES-16,6.749e-07,4.282e-04,5.800e-04,,,,34.732986,34.56349,457.13455,626.52936,GOES-16_XRS,1,7720,0,2941
2022-02-13 16:51:00,2022-02-13 16:41:00,2022-02-13 17:01:00,202202131641,1.099e-06,C1.0,GOES-16,5.706e-07,7.001e-04,1.124e-03,,,,50.460052,22.266695,695.1143,434.08197,GOES-16_XRS,1,7730,0,2941
2022-02-13 19:37:00,2022-02-13 19:31:00,2022-02-13 19:41:00,202202131931,6.713e-07,B6.7,GOES-16,3.580e-07,3.077e-04,3.642e-04,,,,,,,,,1,7760,0,2941
2022-02-13 21:42:00,2022-02-13 21:27:00,2022-02-13 21:53:00,202202132127,7.145e-06,C7.1,GOES-16,6.427e-07,3.873e-03,6.368e-03,52.0,25.0,HOL,50.586514,23.618555,689.3994,454.29117,GOES-16_XRS,1,7790,0,2941
2022-02-14 09:16:00,2022-02-14 09:10:00,,202202140910,6.348e-07,B6.3,GOES-16,4.271e-07,3.249e-04,,,,,,,,,,1,7860,0,
2022-02-14 09:29:00,2022-02-14 09:20:00,2022-02-14 09:38:00,202202140920,7.511e-07,B7.5,GOES-16,5.821e-07,5.256e-04,8.106e-04,,,,,,,,,2,7820,0,
2022-02-14 13:53:00,2022-02-14 13:41:00,2022-02-14 14:00:00,202202141341,1.692e-06,C1.6,GOES-16,3.940e-07,8.504e-04,1.171e-03,,,,48.625732,18.908665,691.47253,385.57672,GOES-16_XRS,1,,0,
2022-02-14 14:06:00,2022-02-14 14:01:00,2022-02-14 14:09:00,202202141401,5.145e-06,C5.1,GOES-16,1.088e-06,1.553e-03,1.681e-03,60.0,25.0,SVI,54.898453,20.822845,744.51166,405.65607,GOES-16_XRS,1,7830,0,2941
2022-02-14 17:31:00,2022-02-14 17:02:00,2022-02-14 17:50:00,202202141702,1.050e-05,M1.0,GOES-16,3.623e-07,9.423e-03,1.672e-02,62.0,26.0,HOL,64.20314,24.877619,794.65485,451.93686,GOES-16_XRS,1,7850,0,2941
2022-02-14 22:34:00,2022-02-14 22:26:00,2022-02-14 22:37:00,202202142226,5.231e-07,B5.2,GOES-16,3.561e-07,3.103e-04,3.353e-04,,,,,,,,,1,7870,0,
2022-02-15 05:18:00,2022-02-15 05:12:00,2022-02-15 05:20:00,202202150512,4.829e-06,C4.8,GOES-16,4.044e-07,1.148e-03,1.209e-03,,,,27.722855,-17.876043,431.77536,-199.49347,GOES-16_XRS,1,7900,0,2943
2022-02-15 05:40:00,2022-02-15 05:34:00,2022-02-15 05:47:00,202202150534,7.122e-07,B7.1,GOES-16,4.981e-07,3.524e-04,5.346e-04,,,,,,,,,1,7910,0,2943
2022-02-15 14:13:00,2022-02-15 14:09:00,,202202151409,1.056e-06,C1.0,GOES-16,6.770e-07,4.411e-04,,,,,24.313503,-18.720465,380.30438,-210.41595,GOES-16_XRS,1,8020,0,2943
2022-02-15 14:23:00,2022-02-15 14:19:00,2022-02-15 14:26:00,202202151419,1.059e-06,C1.0,GOES-16,9.800e-07,4.914e-04,5.510e-04,,,,26.04397,-11.988954,418.86728,-98.9386,GOES-16_XRS,2,8080,0,2943
2022-02-15 17:39:00,2022-02-15 17:24:00,,202202151724,9.721e-07,B9.7,GOES-16,6.027e-07,9.474e-04,,,,,,,,,,1,8050,0,2941
2022-02-15 18:15:00,2022-02-15 17:54:00,2022-02-15 18:30:00,202202151754,1.322e-05,M1.3,GOES-16,8.703e-07,9.985e-03,1.702e-02,73.0,26.0,HOL,82.10546,26.224075,863.19574,440.47968,GOES-16_XRS,2,8070,0,2941
2022-02-15 23:13:00,2022-02-15 23:06:00,,202202152306,7.255e-07,B7.2,GOES-16,5.327e-07,4.329e-04,,,,,,,,,,1,8100,0,2941
2022-02-15 23:26:00,2022-02-15 23:20:00,2022-02-15 23:29:00,202202152320,6.952e-07,B6.9,GOES-16,6.611e-07,4.074e-04,4.477e-04,,,,,,,,,2,8100,0,2941
2022-02-15 23:46:00,2022-02-15 23:41:00,2022-02-15 23:51:00,202202152341,8.782e-07,B8.7,GOES-16,5.876e-07,4.046e-04,5.337e-04,,,,,,,,,1,8110,0,2941
2022-02-16 02:01:00,2022-02-16 01:56:00,2022-02-16 02:05:00,202202160156,6.518e-07,B6.5,GOES-16,3.955e-07,2.796e-04,3.380e-04,,,,,,,,,1,8120,0,2950
2022-02-16 12:25:00,2022-02-16 12:15:00,2022-02-16 12:32:00,202202161215,6.672e-07,B6.6,GOES-16,3.627e-07,4.429e-04,6.012e-04,,,,,,,,,1,8140,0,2939
2022-02-16 13:41:00,2022-02-16 13:33:00,2022-02-16 13:46:00,202202161333,5.158e-07,B5.1,GOES-16,3.294e-07,3.002e-04,3.763e-04,,,,,,,,,1,8150,0,2939
2022-02-16 21:37:00,2022-02-16 21:30:00,2022-02-16 21:47:00,202202162130,4.386e-07,B4.3,GOES-16,2.882e-07,2.504e-04,4.330e-04,,,,,,,,,1,8170,0,2950
2022-02-16 23:31:00,2022-02-16 23:23:00,2022-02-16 23:34:00,202202162323,1.188e-06,C1.1,GOES-16,2.908e-07,3.990e-04,4.324e-04,,,,64.40361,21.385384,816.6831,399.0734,GOES-16_XRS,1,8180,0,2950
2022-02-17 02:27:00,2022-02-17 02:18:00,2022-02-17 02:33:00,202202170218,6.727e-07,B6.7,GOES-16,3.035e-07,3.593e-04,4.754e-04,1.0,-11.0,LEA,,,,,,1,8190,0,2946
2022-02-17 03:24:00,2022-02-17 03:14:00,2022-02-17 03:26:00,202202170314,1.045e-06,C1.0,GOES-16,3.130e-07,4.833e-04,5.070e-04,,,,73.6597,20.382757,874.20953,366.86688,GOES-16_XRS,1,8200,0,
2022-02-17 06:02:00,2022-02-17 05:56:00,2022-02-17 06:04:00,202202170556,2.334e-06,C2.3,GOES-16,2.917e-07,5.681e-04,6.029e-04,,,,71.818565,22.13235,855.3697,397.33096,GOES-16_XRS,1,8210,0,2941
2022-02-17 09:36:00,2022-02-17 09:32:00,2022-02-17 09:45:00,202202170932,3.547e-07,B3.5,GOES-16,2.387e-07,1.475e-04,2.831e-04,,,,,,,,,1,8220,0,2941
2022-02-17 11:03:00,2022-02-17 10:46:00,,202202171046,7.071e-07,B7.0,GOES-16,4.455e-07,7.748e-04,,,,,,,,,,1,,0,
2022-02-17 11:15:00,2022-02-17 11:11:00,2022-02-17 11:21:00,202202171111,7.149e-07,B7.1,GOES-16,6.787e-07,3.366e-04,5.029e-04,,,,,,,,,2,8230,0,2941
2022-02-17 13:26:00,2022-02-17 13:16:00,2022-02-17 13:32:00,202202171316,6.418e-07,B6.4,GOES-16,3.150e-07,3.987e-04,5.151e-04,,,,,,,,,1,8240,0,2946
2022-02-17 20:34:00,2022-02-17 20:24:00,,202202172024,3.867e-07,B3.8,GOES-16,2.398e-07,2.636e-04,,,,,,,,,,1,,0,
2022-02-17 20:51:00,2022-02-17 20:40:00,2022-02-17 21:10:00,202202172040,1.474e-06,C1.4,GOES-16,3.161e-07,8.879e-04,1.948e-03,,,,-35.538757,21.516787,-526.66003,443.6681,GOES-16_XRS,2,8250,0,2950
2022-02-17 22:07:00,2022-02-17 21:59:00,2022-02-17 22:12:00,202202172159,9.035e-07,B9.0,GOES-16,3.902e-07,5.010e-04,6.098e-04,,,,,,,,,1,8260,0,
2022-02-18 04:07:00,2022-02-18 03:55:00,2022-02-18 04:16:00,202202180355,8.757e-07,B8.7,GOES-16,2.659e-07,5.386e-04,8.019e-04,-36.0,24.0,LEA,,,,,,1,8270,0,2950
2022-02-18 15:23:00,2022-02-18 15:16:00,2022-02-18 15:29:00,202202181516,2.898e-07,B2.8,GOES-16,1.954e-07,1.610e-04,2.204e-04,,,,,,,,,1,8280,0,2946
2022-02-18 16:27:00,2022-02-18 16:05:00,2022-02-18 16:40:00,202202181605,8.457e-07,B8.4,GOES-16,2.507e-07,8.691e-04,1.296e-03,,,,,,,,,1,8290,0,2950
2022-02-18 19:22:00,2022-02-18 19:06:00,2022-02-18 20:10:00,202202181906,4.852e-07,B4.8,GOES-16,1.934e-07,4.236e-04,1.518e-03,,,,,,,,,1,8310,0,
2022-02-19 04:53:00,2022-02-19 04:47:00,2022-02-19 05:06:00,202202190447,3.178e-07,B3.1,GOES-16,1.868e-07,1.535e-04,3.361e-04,,,,,,,,,1,8330,0,2946
2022-02-19 12:17:00,2022-02-19 12:03:00,2022-02-19 12:27:00,202202191203,3.423e-07,B3.4,GOES-17,2.269e-07,3.247e-04,4.699e-04,,,,,,,,,1,,0,
2022-02-19 17:12:00,2022-02-19 17:07:00,2022-02-19 17:16:00,202202191707,4.782e-07,B4.7,GOES-16,2.705e-07,2.151e-04,2.580e-04,,,,,,,,,1,8340,0,
2022-02-19 18:54:00,2022-02-19 18:44:00,2022-02-19 19:06:00,202202191844,5.993e-07,B5.9,GOES-16,3.441e-07,4.091e-04,7.153e-04,,,,,,,,,1,8350,0,
2022-02-19 19:30:00,2022-02-19 19:10:00,,202202191910,7.984e-07,B7.9,GOES-16,4.385e-07,9.783e-04,,,,,,,,,,1,8360,0,
2022-02-19 19:42:00,2022-02-19 19:31:00,2022-02-19 19:48:00,202202191931,1.354e-06,C1.3,GOES-16,7.954e-07,9.492e-04,1.205e-03,,,,-80.93619,16.175081,-920.75665,286.34448,GOES-16_XRS,2,8380,0,
2022-02-19 20:03:00,2022-02-19 19:58:00,2022-02-19 20:08:00,202202191958,9.306e-07,B9.3,GOES-16,6.801e-07,4.420e-04,5.818e-04,,,,,,,,,1,8370,0,2946
2022-02-19 21:26:00,2022-02-19 21:13:00,2022-02-19 21:30:00,202202192113,7.287e-07,B7.2,GOES-16,3.117e-07,5.052e-04,5.634e-04,,,,,,,,,1,8400,0,
2022-02-20 02:20:00,2022-02-20 02:14:00,2022-02-20 02:23:00,202202200214,8.682e-07,B8.6,GOES-16,2.239e-07,2.806e-04,3.049e-04,,,,,,,,,1,8410,0,
2022-02-20 04:07:00,2022-02-20 03:36:00,2022-02-20 04:23:00,202202200336,5.172e-06,C5.1,GOES-16,2.531e-07,4.333e-03,7.235e-03,,,,-79.49802,18.432787,-905.5948,325.17963,GOES-16_XRS,1,8420,0,
2022-02-20 17:37:00,2022-02-20 17:17:00,2022-02-20 18:13:00,202202201717,4.094e-07,B4.0,GOES-16,2.234e-07,4.823e-04,1.215e-03,,,,,,,,,1,8440,0,
2022-02-21 18:41:00,2022-02-21 18:34:00,,202202211834,2.622e-07,B2.6,GOES-16,1.832e-07,1.438e-04,,,,,,,,,,1,8480,0,2955
2022-02-21 18:59:00,2022-02-21 18:43:00,,202202211843,3.194e-06,C3.1,GOES-16,2.498e-07,1.827e-03,,,,,-79.79019,18.795654,-904.1533,330.33237,GOES-16_XRS,2,8480,0,2955
2022-02-21 19:36:00,2022-02-21 19:29:00,2022-02-21 19:39:00,202202211929,2.358e-06,C2.3,GOES-16,1.866e-06,1.409e-03,1.528e-03,,,,,,-917.07764,370.06497,GOES-16_XRS,3,8480,0,2955
2022-02-22 03:52:00,2022-02-22 03:44:00,,202202220344,3.379e-07,B3.3,GOES-16,2.126e-07,2.014e-04,,,,,,,,,,1,8500,0,
2022-02-22 04:04:00,2022-02-22 04:00:00,2022-02-22 04:07:00,202202220400,3.986e-07,B3.9,GOES-16,2.767e-07,1.599e-04,1.773e-04,,,,,,,,,2,8500,0,
2022-02-22 06:13:00,2022-02-22 06:08:00,2022-02-22 06:19:00,202202220608,3.646e-07,B3.6,GOES-16,1.663e-07,1.662e-04,2.320e-04,,,,,,,,,1,8510,0,
2022-02-22 08:34:00,2022-02-22 08:29:00,2022-02-22 08:41:00,202202220829,1.826e-07,B1.8,GOES-17,1.311e-07,8.697e-05,1.449e-04,,,,,,,,,1,8520,0,
2022-02-22 11:54:00,2022-02-22 11:46:00,,202202221146,2.184e-07,B2.1,GOES-16,1.471e-07,1.302e-04,,,,,,,,,,1,8530,0,
2022-02-22 12:04:00,2022-02-22 11:58:00,2022-02-22 12:10:00,202202221158,4.724e-07,B4.7,GOES-16,1.912e-07,1.878e-04,2.681e-04,,,,,,,,,2,8530,0,
2022-02-22 17:02:00,2022-02-22 16:55:00,2022-02-22 17:05:00,202202221655,2.504e-07,B2.5,GOES-16,1.786e-07,1.367e-04,1.481e-04,,,,,,,,,1,8540,0,
2022-02-23 02:44:00,2022-02-23 02:36:00,2022-02-23 02:49:00,202202230236,5.066e-07,B5.0,GOES-16,2.324e-07,2.614e-04,3.254e-04,,,,,,,,,1,8550,0,2955
2022-02-23 04:47:00,2022-02-23 04:41:00,2022-02-23 05:00:00,202202230441,2.023e-07,B2.0,GOES-16,1.468e-07,1.032e-04,2.221e-04,,,,,,,,,1,8560,0,2955
2022-02-23 08:17:00,2022-02-23 08:10:00,2022-02-23 08:20:00,202202230810,4.058e-07,B4.0,GOES-16,1.556e-07,1.542e-04,1.682e-04,55.0,-28.0,LEA,,,,,,1,8570,0,2948
2022-02-23 09:57:00,2022-02-23 09:51:00,2022-02-23 10:13:00,202202230951,2.990e-07,B2.9,GOES-16,1.894e-07,1.554e-04,3.806e-04,,,,,,,,,1,8600,0,
2022-02-23 12:15:00,2022-02-23 12:08:00,2022-02-23 12:19:00,202202231208,2.645e-07,B2.6,GOES-17,1.908e-07,1.493e-04,1.751e-04,,,,,,,,,1,8610,0,
2022-02-23 12:39:00,2022-02-23 12:31:00,2022-02-23 12:43:00,202202231231,2.697e-07,B2.6,GOES-16,1.742e-07,1.572e-04,1.828e-04,,,,,,,,,1,8620,0,
2022-02-23 13:34:00,2022-02-23 13:31:00,2022-02-23 13:39:00,202202231331,3.526e-07,B3.5,GOES-16,2.167e-07,1.186e-04,1.671e-04,,,,,,,,,1,8630,0,
2022-02-23 20:49:00,2022-02-23 20:43:00,2022-02-23 20:53:00,202202232043,3.871e-07,B3.8,GOES-16,1.463e-07,1.560e-04,1.858e-04,,,,,,,,,1,,0,
2022-02-24 02:09:00,2022-02-24 02:02:00,,202202240202,2.418e-07,B2.4,GOES-16,1.303e-07,1.166e-04,,-50.0,15.0,LEA,,,,,,1,8640,0,2955
2022-02-24 02:29:00,2022-02-24 02:13:00,,202202240213,2.712e-07,B2.7,GOES-16,1.895e-07,2.974e-04,,,,,,,,,,2,,0,
2022-02-24 02:54:00,2022-02-24 02:44:00,2022-02-24 03:05:00,202202240244,9.382e-07,B9.3,GOES-16,2.377e-07,4.681e-04,8.470e-04,,,,,,,,,3,8660,0,2955
2022-02-25 11:38:00,2022-02-25 11:31:00,2022-02-25 11:43:00,202202251131,3.003e-07,B3.0,GOES-17,2.078e-07,1.663e-04,2.107e-04,,,,,,,,,1,8690,0,2955
2022-02-25 12:18:00,2022-02-25 12:11:00,2022-02-25 12:24:00,202202251211,2.904e-07,B2.9,GOES-16,1.999e-07,1.635e-04,2.213e-04,,,,,,,,,1,8700,0,2955
2022-02-25 14:01:00,2022-02-25 13:55:00,2022-02-25 14:04:00,202202251355,3.089e-07,B3.0,GOES-16,1.799e-07,1.317e-04,1.449e-04,,,,,,,,,1,8710,0,
2022-02-25 21:40:00,2022-02-25 21:14:00,2022-02-25 21:52:00,202202252114,5.179e-06,C5.1,GOES-16,2.380e-07,3.489e-03,5.532e-03,,,,-84.53934,-24.728638,-876.6599,-391.96503,GOES-16_XRS,1,8720,0,
2022-02-26 04:24:00,2022-02-26 04:21:00,2022-02-26 04:27:00,202202260421,2.664e-07,B2.6,GOES-16,1.857e-07,9.697e-05,1.098e-04,,,,,,,,,1,8730,0,
2022-02-26 05:55:00,2022-02-26 05:46:00,2022-02-26 06:04:00,202202260546,4.050e-07,B4.0,GOES-16,1.975e-07,2.316e-04,3.693e-04,,,,,,,,,1,8740,0,2955
2022-02-26 12:31:00,2022-02-26 12:23:00,2022-02-26 12:37:00,202202261223,6.300e-07,B6.3,GOES-16,1.684e-07,2.665e-04,3.660e-04,,,,,,,,,1,8760,0,
2022-02-26 13:11:00,2022-02-26 13:00:00,,202202261300,3.040e-07,B3.0,GOES-16,2.013e-07,2.418e-04,,,,,,,,,,1,,0,
2022-02-26 13:40:00,2022-02-26 13:15:00,2022-02-26 13:55:00,202202261315,5.352e-07,B5.3,GOES-16,2.919e-07,7.645e-04,1.121e-03,,,,,,,,,2,8770,0,
2022-02-26 17:11:00,2022-02-26 16:59:00,2022-02-26 17:19:00,202202261659,4.171e-07,B4.1,GOES-16,1.900e-07,2.828e-04,3.969e-04,,,,,,,,,1,8780,0,
2022-02-26 19:30:00,2022-02-26 19:11:00,2022-02-26 19:42:00,202202261911,6.055e-07,B6.0,GOES-16,1.885e-07,5.728e-04,8.664e-04,,,,,,,,,1,8790,0,
2022-02-26 22:02:00,2022-02-26 21:53:00,2022-02-26 22:09:00,202202262153,7.843e-07,B7.8,GOES-16,1.944e-07,4.219e-04,5.862e-04,,,,,,,,,1,8810,0,
2022-02-26 23:05:00,2022-02-26 23:01:00,2022-02-26 23:10:00,202202262301,2.310e-07,B2.3,GOES-16,1.694e-07,1.008e-04,1.369e-04,,,,,,,,,1,8820,0,
2022-02-27 01:36:00,2022-02-27 01:27:00,2022-02-27 01:59:00,202202270127,2.195e-07,B2.1,GOES-16,1.480e-07,1.492e-04,3.922e-04,,,,,,,,,1,8830,0,
2022-02-27 03:16:00,2022-02-27 03:04:00,2022-02-27 03:22:00,202202270304,3.308e-07,B3.3,GOES-16,1.682e-07,2.586e-04,3.202e-04,,,,,,,,,1,8840,0,
2022-02-27 06:26:00,2022-02-27 06:16:00,2022-02-27 06:31:00,202202270616,1.499e-06,C1.4,GOES-16,1.707e-07,5.980e-04,7.471e-04,-68.0,-14.0,LEA,-65.33847,-12.4857435,-861.1951,-158.68988,GOES-16_XRS,1,8850,0,2957
2022-02-27 07:50:00,2022-02-27 07:45:00,2022-02-27 07:52:00,202202270745,2.992e-07,B2.9,GOES-16,2.170e-07,1.415e-04,1.558e-04,,,,,,,,,1,8860,0,
2022-02-28 03:09:00,2022-02-28 03:02:00,2022-02-28 03:15:00,202202280302,2.436e-07,B2.4,GOES-16,1.743e-07,1.379e-04,1.875e-04,,,,,,,,,1,8870,0,
2022-02-28 08:37:00,2022-02-28 08:05:00,,202202280805,1.299e-06,C1.2,GOES-16,1.746e-07,1.705e-03,,-65.0,-28.0,LEA,-60.937958,-21.80494,-787.70703,-302.75928,GOES-16_XRS,1,8890,0,
2022-02-28 09:17:00,2022-02-28 09:02:00,2022-02-28 09:29:00,202202280902,3.150e-06,C3.1,GOES-16,1.064e-06,2.425e-03,3.860e-03,-62.0,-27.0,LEA,-62.31247,-21.898865,-797.3776,-306.61197,GOES-16_XRS,2,8910,0,
2022-02-28 15:23:00,2022-02-28 15:17:00,2022-02-28 15:26:00,202202281517,5.566e-07,B5.5,GOES-16,2.212e-07,2.144e-04,2.340e-04,,,,,,,,,1,8950,0,
2022-02-28 19:50:00,2022-02-28 19:45:00,2022-02-28 19:53:00,202202281945,3.725e-07,B3.7,GOES-16,2.379e-07,1.605e-04,1.771e-04,,,,,,,,,1,8960,0,
2022-02-28 20:13:00,2022-02-28 20:07:00,2022-02-28 20:16:00,202202282007,3.118e-07,B3.1,GOES-16,2.224e-07,1.582e-04,1.731e-04,,,,,,,,,1,8970,0,
2022-02-28 23:08:00,2022-02-28 22:58:00,,202202282258,3.062e-07,B3.0,GOES-16,1.962e-07,2.109e-04,,,,,,,,,,1,8980,0,2956
2022-02-28 23:30:00,2022-02-28 23:11:00,2022-02-28 23:55:00,202202282311,6.219e-07,B6.2,GOES-16,2.607e-07,6.252e-04,1.344e-03,,,,,,,,,2,8990,0,2958
2022-03-01 02:30:00,2022-03-01 02:20:00,2022-03-01 02:35:00,202203010220,2.946e-07,B2.9,GOES-16,1.957e-07,2.080e-04,2.515e-04,-46.0,-14.0,LEA,,,,,,1,9000,0,2957
2022-03-01 10:59:00,2022-03-01 10:48:00,2022-03-01 11:03:00,202203011048,3.473e-07,B3.4,GOES-16,2.166e-07,2.535e-04,2.841e-04,,,,,,,,,1,9020,0,
2022-03-01 11:33:00,2022-03-01 11:22:00,2022-03-01 11:40:00,202203011122,3.595e-07,B3.5,GOES-16,2.219e-07,2.734e-04,3.609e-04,,,,,,,,,1,9030,0,
2022-03-01 13:08:00,2022-03-01 12:59:00,2022-03-01 13:10:00,202203011259,6.750e-07,B6.7,GOES-16,3.169e-07,3.358e-04,3.603e-04,-44.0,-19.0,SVI,,,,,,1,9040,0,2957
2022-03-01 17:17:00,2022-03-01 17:04:00,,202203011704,3.800e-07,B3.8,GOES-16,2.587e-07,3.416e-04,,,,,,,,,,1,9050,0,
2022-03-01 17:35:00,2022-03-01 17:31:00,2022-03-01 17:38:00,202203011731,3.666e-07,B3.6,GOES-16,3.335e-07,1.681e-04,1.886e-04,,,,,,,,,2,9050,0,
2022-03-01 18:03:00,2022-03-01 17:47:00,2022-03-01 18:19:00,202203011747,7.285e-07,B7.2,GOES-16,3.155e-07,6.399e-04,1.137e-03,,,,,,,,,1,9060,0,
2022-03-01 19:47:00,2022-03-01 19:32:00,2022-03-01 20:10:00,202203011932,7.937e-07,B7.9,GOES-16,3.062e-07,6.402e-04,1.502e-03,,,,,,,,,1,9070,0,
2022-03-01 21:57:00,2022-03-01 21:48:00,2022-03-01 22:03:00,202203012148,6.164e-07,B6.1,GOES-16,4.104e-07,4.078e-04,5.322e-04,,,,,,,,,1,9080,0,
2022-03-01 22:49:00,2022-03-01 22:42:00,2022-03-01 22:52:00,202203012242,5.703e-07,B5.7,GOES-16,3.836e-07,3.004e-04,3.276e-04,,,,,,,,,1,9090,0,2957
2022-03-01 23:24:00,2022-03-01 23:10:00,2022-03-01 23:31:00,202203012310,8.704e-07,B8.7,GOES-16,3.475e-07,6.649e-04,8.579e-04,,,,,,,,,1,9100,0,
2022-03-02 04:15:00,2022-03-02 04:05:00,2022-03-02 04:19:00,202203020405,1.982e-06,C1.9,GOES-16,3.548e-07,7.703e-04,8.914e-04,,,,,,-933.2461,-303.7373,GOES-16_XRS,1,9140,0,
2022-03-02 07:13:00,2022-03-02 07:09:00,2022-03-02 07:18:00,202203020709,4.654e-07,B4.6,GOES-16,3.277e-07,1.939e-04,2.646e-04,,,,,,,,,1,9150,0,2957
2022-03-02 07:50:00,2022-03-02 07:42:00,2022-03-02 07:54:00,202203020742,6.584e-07,B6.5,GOES-16,3.943e-07,3.562e-04,4.165e-04,,,,,,,,,1,9160,0,2957
2022-03-02 09:42:00,2022-03-02 09:12:00,2022-03-02 10:07:00,202203020912,3.085e-06,C3.0,GOES-16,9.073e-07,4.326e-03,7.718e-03,-33.0,-18.0,LEA,-35.71106,-18.148552,-538.87775,-205.84567,GOES-16_XRS,1,9190,0,2957
2022-03-02 11:43:00,2022-03-02 11:33:00,2022-03-02 11:49:00,202203021133,1.079e-06,C1.0,GOES-16,5.918e-07,7.034e-04,9.049e-04,,,,-41.803986,20.624447,-605.65027,424.50497,GOES-16_XRS,1,9200,0,2958
2022-03-02 13:01:00,2022-03-02 12:53:00,2022-03-02 13:07:00,202203021253,1.061e-06,C1.0,GOES-16,5.768e-07,5.797e-04,7.809e-04,,,,-73.394104,-21.33942,-865.14636,-317.40967,GOES-16_XRS,1,9220,0,
2022-03-02 16:10:00,2022-03-02 16:04:00,,202203021604,5.015e-07,B5.0,GOES-16,3.697e-07,2.635e-04,,,,,,,,,,1,9230,0,
2022-03-02 16:31:00,2022-03-02 16:20:00,,202203021620,4.919e-07,B4.9,GOES-16,4.341e-07,4.230e-04,,,,,,,,,,2,,0,
2022-03-02 16:42:00,2022-03-02 16:34:00,2022-03-02 16:54:00,202203021634,5.418e-07,B5.4,GOES-16,4.869e-07,3.744e-04,6.845e-04,,,,,,,,,3,,0,
2022-03-02 17:07:00,2022-03-02 16:59:00,2022-03-02 17:12:00,202203021659,1.484e-06,C1.4,GOES-16,4.765e-07,6.345e-04,8.026e-04,,,,,,-922.2823,-376.65024,GOES-16_XRS,1,9240,0,
2022-03-02 17:39:00,2022-03-02 17:31:00,2022-03-02 17:46:00,202203021731,2.022e-05,M2.0,GOES-16,3.819e-07,7.198e-03,1.060e-02,-29.0,15.0,HOL,-27.832764,14.8440485,-438.45618,351.49405,GOES-16_XRS,1,9250,0,2958
2022-03-02 19:34:00,2022-03-02 19:24:00,2022-03-02 19:41:00,202203021924,2.069e-06,C2.0,GOES-16,4.287e-07,8.862e-04,1.264e-03,,,,-84.20261,-24.878063,-874.07007,-392.98376,GOES-16_XRS,1,9260,0,
2022-03-02 20:33:00,2022-03-02 20:26:00,2022-03-02 20:40:00,202203022026,7.814e-07,B7.8,GOES-16,4.075e-07,3.877e-04,5.753e-04,,,,,,,,,1,9270,0,
2022-03-02 21:48:00,2022-03-02 21:39:00,2022-03-02 21:54:00,202203022139,9.884e-07,B9.8,GOES-16,4.171e-07,4.650e-04,6.336e-04,,,,,,,,,1,9280,0,
2022-03-02 23:24:00,2022-03-02 23:20:00,2022-03-02 23:27:00,202203022320,1.008e-06,C1.0,GOES-16,4.535e-07,3.281e-04,3.649e-04,,,,,,-931.9837,-358.5341,GOES-16_XRS,1,9290,0,
2022-03-03 03:33:00,2022-03-03 03:25:00,2022-03-03 03:36:00,202203030325,5.760e-07,B5.7,GOES-16,4.146e-07,3.518e-04,3.789e-04,,,,,,,,,1,9310,0,2959
2022-03-03 06:35:00,2022-03-03 06:24:00,2022-03-03 06:46:00,202203030624,6.198e-07,B6.1,GOES-16,3.904e-07,5.030e-04,7.912e-04,,,,,,,,,1,9320,0,2960
2022-03-03 08:45:00,2022-03-03 08:38:00,2022-03-03 08:51:00,202203030838,5.753e-07,B5.7,GOES-16,3.789e-07,3.033e-04,4.166e-04,,,,,,,,,1,9330,0,2959
2022-03-03 16:30:00,2022-03-03 16:27:00,2022-03-03 16:36:00,202203031627,7.606e-07,B7.6,GOES-16,4.014e-07,2.672e-04,4.062e-04,,,,,,,,,1,9400,0,2960
2022-03-03 17:27:00,2022-03-03 17:20:00,2022-03-03 17:33:00,202203031720,6.662e-07,B6.6,GOES-16,3.906e-07,3.343e-04,4.623e-04,,,,,,,,,1,9410,0,2960
2022-03-03 20:48:00,2022-03-03 20:39:00,,202203032039,1.236e-06,C1.2,GOES-16,4.320e-07,6.575e-04,,,,,-68.43402,19.673334,-848.4655,365.8611,GOES-16_XRS,1,9430,0,
2022-03-03 21:08:00,2022-03-03 21:02:00,2022-03-03 21:12:00,202203032102,1.072e-06,C1.0,GOES-16,9.633e-07,6.166e-04,7.364e-04,,,,-69.660675,0.60017884,-908.60834,52.53691,GOES-16_XRS,2,9440,0,2960
2022-03-03 21:55:00,2022-03-03 21:44:00,2022-03-03 22:05:00,202203032144,3.353e-06,C3.3,GOES-16,1.261e-06,2.108e-03,3.363e-03,,,,-10.413818,8.066896,-173.92815,254.6155,GOES-16_XRS,1,9450,0,2958
2022-03-03 23:53:00,2022-03-03 23:39:00,2022-03-04 00:07:00,202203032339,8.468e-07,B8.4,GOES-16,4.680e-07,7.354e-04,1.253e-03,,,,,,,,,1,,0,
2022-03-04 00:45:00,2022-03-04 00:30:00,2022-03-04 00:57:00,202203040030,1.722e-06,C1.7,GOES-16,7.397e-07,1.526e-03,2.374e-03,,,,-57.305115,-15.558005,-786.3909,-194.43655,GOES-16_XRS,1,9470,0,
2022-03-04 02:46:00,2022-03-04 02:42:00,2022-03-04 02:52:00,202203040242,9.168e-07,B9.1,GOES-16,5.916e-07,3.817e-04,5.663e-04,,,,,,,,,1,9480,0,
2022-03-04 06:34:00,2022-03-04 06:22:00,,202203040622,1.138e-06,C1.1,GOES-16,7.132e-07,9.342e-04,,-71.0,-20.0,LEA,-48.42874,-19.143639,-685.8709,-238.97845,GOES-16_XRS,1,9510,0,2960
2022-03-04 06:47:00,2022-03-04 06:41:00,2022-03-04 06:52:00,202203040641,1.254e-06,C1.2,GOES-16,9.737e-07,6.949e-04,8.926e-04,,,,-76.499664,-18.746496,-891.8736,-281.7974,GOES-16_XRS,2,,0,
2022-03-04 15:01:00,2022-03-04 14:55:00,2022-03-04 15:08:00,202203041455,7.324e-07,B7.3,GOES-16,5.243e-07,3.907e-04,5.848e-04,,,,,,,,,1,9530,0,
2022-03-04 19:36:00,2022-03-04 19:28:00,2022-03-04 19:40:00,202203041928,7.625e-07,B7.6,GOES-16,4.394e-07,4.310e-04,4.978e-04,,,,,,,,,1,9560,0,2960
2022-03-04 19:55:00,2022-03-04 19:46:00,2022-03-04 20:00:00,202203041946,8.083e-07,B8.0,GOES-16,5.115e-07,5.311e-04,6.497e-04,,,,,,,,,1,9570,0,
2022-03-04 21:21:00,2022-03-04 21:14:00,2022-03-04 21:29:00,202203042114,8.101e-07,B8.1,GOES-16,5.703e-07,4.615e-04,7.165e-04,,,,,,,,,1,9580,0,2960
2022-03-04 21:40:00,2022-03-04 21:35:00,2022-03-04 21:43:00,202203042135,9.325e-07,B9.3,GOES-16,6.140e-07,4.095e-04,4.524e-04,,,,,,,,,1,9590,0,2957
2022-03-04 22:56:00,2022-03-04 22:42:00,2022-03-04 23:01:00,202203042242,9.826e-07,B9.8,GOES-16,4.499e-07,7.374e-04,8.666e-04,,,,,,,,,1,9600,0,2960
2022-03-04 23:15:00,2022-03-04 23:11:00,2022-03-04 23:24:00,202203042311,7.994e-07,B7.9,GOES-16,5.971e-07,3.538e-04,6.590e-04,,,,,,,,,1,9610,0,2960
2022-03-05 03:54:00,2022-03-05 03:47:00,2022-03-05 03:58:00,202203050347,8.201e-07,B8.2,GOES-16,4.092e-07,3.920e-04,4.595e-04,-64.0,-20.0,LEA,,,,,,1,9630,0,2960
2022-03-05 05:24:00,2022-03-05 05:09:00,2022-03-05 05:42:00,202203050509,8.510e-07,B8.5,GOES-17,4.569e-07,8.166e-04,1.512e-03,,,,,,,,,1,9650,0,2962
2022-03-05 06:01:00,2022-03-05 05:51:00,2022-03-05 06:18:00,202203050551,8.164e-07,B8.1,GOES-16,5.304e-07,6.004e-04,1.249e-03,,,,,,,,,1,9660,0,2962
2022-03-05 08:03:00,2022-03-05 07:56:00,2022-03-05 08:09:00,202203050756,5.449e-07,B5.4,GOES-17,4.036e-07,3.193e-04,4.327e-04,-64.0,-20.0,LEA,,,,,,1,9680,0,2960
2022-03-05 15:22:00,2022-03-05 15:11:00,,202203051511,1.144e-06,C1.1,GOES-16,4.580e-07,6.777e-04,,2.0,-31.0,SVI,-5.0664673,-20.383219,-80.42367,-221.17888,GOES-16_XRS,1,9690,0,
2022-03-05 15:40:00,2022-03-05 15:34:00,2022-03-05 15:42:00,202203051534,1.059e-06,C1.0,GOES-16,9.537e-07,5.995e-04,6.559e-04,,,,-9.151215,-8.9052105,-152.66002,-29.590797,GOES-16_XRS,2,9710,0,2962
2022-03-05 18:02:00,2022-03-05 17:52:00,2022-03-05 18:09:00,202203051752,8.651e-07,B8.6,GOES-16,4.970e-07,5.819e-04,7.899e-04,,,,,,,,,1,9720,0,2962
2022-03-05 18:36:00,2022-03-05 18:24:00,2022-03-05 18:42:00,202203051824,1.760e-06,C1.7,GOES-16,7.284e-07,1.140e-03,1.442e-03,,,,-70.164185,26.345451,-816.13983,463.3808,GOES-16_XRS,1,9730,0,2962
2022-03-05 20:22:00,2022-03-05 19:56:00,2022-03-05 20:43:00,202203051956,2.733e-06,C2.7,GOES-16,1.012e-06,3.471e-03,6.018e-03,,,,-55.742737,29.3861,-697.8285,531.65186,GOES-16_XRS,1,9740,0,2962
2022-03-05 21:33:00,2022-03-05 21:27:00,2022-03-05 21:41:00,202203052127,9.459e-07,B9.4,GOES-16,6.517e-07,5.086e-04,8.057e-04,,,,,,,,,1,9760,0,2962
2022-03-05 21:59:00,2022-03-05 21:50:00,,202203052150,9.847e-07,B9.8,GOES-16,6.066e-07,6.374e-04,,,,,,,,,,1,,0,
2022-03-05 22:07:00,2022-03-05 22:01:00,2022-03-05 22:09:00,202203052201,1.009e-06,C1.0,GOES-16,9.575e-07,5.871e-04,6.430e-04,,,,-46.359863,33.11445,-587.55176,596.03845,GOES-16_XRS,2,9770,0,2960
2022-03-06 00:01:00,2022-03-05 23:49:00,2022-03-06 00:10:00,202203052349,1.357e-06,C1.3,GOES-16,4.776e-07,8.328e-04,1.245e-03,,,,26.797482,-13.679891,425.37314,-121.51052,GOES-16_XRS,1,,0,
2022-03-06 02:37:00,2022-03-06 02:18:00,2022-03-06 02:53:00,202203060218,2.626e-06,C2.6,GOES-16,4.098e-07,2.029e-03,3.626e-03,-58.0,27.0,LEA,-53.661865,26.08115,-701.1724,487.76752,GOES-16_XRS,1,9810,0,2962
2022-03-06 05:29:00,2022-03-06 05:17:00,2022-03-06 05:37:00,202203060517,1.054e-06,C1.0,GOES-17,4.133e-07,6.836e-04,9.696e-04,,,,-18.354065,9.077314,-301.9575,266.87106,GOES-17_XRS,1,9840,0,2962
2022-03-06 08:06:00,2022-03-06 07:55:00,,202203060755,6.234e-07,B6.2,GOES-16,4.348e-07,4.965e-04,,,,,,,,,,1,9870,0,
2022-03-06 08:28:00,2022-03-06 08:25:00,2022-03-06 08:30:00,202203060825,5.748e-07,B5.7,GOES-16,5.475e-07,2.329e-04,2.638e-04,,,,,,,,,2,9870,0,
2022-03-06 10:17:00,2022-03-06 10:01:00,2022-03-06 10:42:00,202203061001,1.063e-06,C1.0,GOES-16,4.189e-07,9.047e-04,2.168e-03,,,,-53.253937,26.929989,-692.2907,500.61847,GOES-16_XRS,1,9880,0,2962
2022-03-06 12:22:00,2022-03-06 12:15:00,2022-03-06 12:26:00,202203061215,5.481e-07,B5.4,GOES-16,4.066e-07,3.172e-04,3.733e-04,,,,,,,,,1,9900,0,2957
2022-03-06 12:55:00,2022-03-06 12:43:00,2022-03-06 13:04:00,202203061243,1.559e-06,C1.5,GOES-16,4.368e-07,9.262e-04,1.430e-03,22.0,-20.0,SVI,20.788464,-18.851389,326.16068,-202.8001,GOES-16_XRS,1,9910,0,2957
2022-03-06 20:30:00,2022-03-06 20:23:00,2022-03-06 20:38:00,202203062023,5.596e-07,B5.5,GOES-16,3.995e-07,3.184e-04,4.923e-04,,,,,,,,,1,9950,0,2957
2022-03-06 21:40:00,2022-03-06 21:29:00,2022-03-06 21:57:00,202203062129,8.249e-07,B8.2,GOES-16,4.053e-07,5.562e-04,1.170e-03,,,,,,,,,1,9960,0,2962
2022-03-07 08:30:00,2022-03-07 08:23:00,2022-03-07 08:33:00,202203070823,9.120e-07,B9.1,GOES-16,6.197e-07,4.961e-04,5.398e-04,4.0,-19.0,LEA,,,,,,1,50,0,2961
2022-03-07 15:04:00,2022-03-07 14:58:00,2022-03-07 15:09:00,202203071458,1.149e-06,C1.1,GOES-16,6.133e-07,5.559e-04,7.118e-04,,,,44.61572,-5.7870708,677.7091,-10.317111,GOES-16_XRS,1,120,0,2961
2022-03-07 20:42:00,2022-03-07 20:34:00,2022-03-07 20:52:00,202203072034,9.502e-07,B9.5,GOES-16,6.290e-07,5.938e-04,9.907e-04,,,,,,,,,1,170,0,
2022-03-07 22:49:00,2022-03-07 22:33:00,2022-03-07 23:12:00,202203072233,1.846e-06,C1.8,GOES-16,6.247e-07,1.558e-03,3.342e-03,,,,,,-918.0227,389.92307,GOES-16_XRS,1,190,0,
2022-03-08 01:46:00,2022-03-08 01:38:00,2022-03-08 01:55:00,202203080138,8.003e-07,B8.0,GOES-16,5.590e-07,4.936e-04,7.874e-04,,,,,,,,,1,210,0,
2022-03-08 03:13:00,2022-03-08 03:01:00,2022-03-08 03:21:00,202203080301,2.065e-06,C2.0,GOES-16,7.235e-07,1.401e-03,1.932e-03,,,,-50.976807,15.945582,-723.88336,338.12827,GOES-16_XRS,1,240,0,
2022-03-08 07:51:00,2022-03-08 07:41:00,2022-03-08 07:56:00,202203080741,8.892e-07,B8.8,GOES-16,5.576e-07,6.031e-04,7.321e-04,58.0,-14.0,LEA,,,,,,1,270,0,2961
2022-03-08 09:01:00,2022-03-08 08:53:00,2022-03-08 09:08:00,202203080853,9.337e-07,B9.3,GOES-16,4.886e-07,5.093e-04,7.279e-04,,,,,,,,,1,290,0,
2022-03-08 10:09:00,2022-03-08 10:00:00,2022-03-08 10:16:00,202203081000,8.735e-07,B8.7,GOES-16,5.276e-07,5.800e-04,7.942e-04,,,,,,,,,1,310,0,
2022-03-08 11:52:00,2022-03-08 11:46:00,2022-03-08 11:58:00,202203081146,6.991e-07,B6.9,GOES-16,4.960e-07,3.702e-04,5.130e-04,,,,,,,,,1,320,0,2964
2022-03-08 14:30:00,2022-03-08 14:21:00,2022-03-08 14:42:00,202203081421,6.989e-07,B6.9,GOES-16,4.937e-07,4.912e-04,8.696e-04,,,,,,,,,1,330,0,2965
2022-03-08 16:03:00,2022-03-08 15:57:00,2022-03-08 16:05:00,202203081557,6.262e-07,B6.2,GOES-16,4.319e-07,2.957e-04,3.241e-04,,,,,,,,,1,360,0,2965
2022-03-08 17:11:00,2022-03-08 17:05:00,2022-03-08 17:14:00,202203081705,6.454e-07,B6.4,GOES-16,3.956e-07,3.112e-04,3.393e-04,,,,,,,,,1,380,0,2965
2022-03-08 22:27:00,2022-03-08 22:22:00,2022-03-08 22:31:00,202203082222,1.129e-06,C1.1,GOES-16,4.574e-07,4.120e-04,4.945e-04,,,,-64.769135,24.678947,-795.4979,448.1384,GOES-16_XRS,1,440,0,
2022-03-09 06:48:00,2022-03-09 06:34:00,,202203090634,6.441e-07,B6.4,GOES-16,3.900e-07,5.901e-04,,,,,,,,,,1,480,0,2964
2022-03-09 07:03:00,2022-03-09 06:56:00,2022-03-09 07:09:00,202203090656,6.675e-07,B6.6,GOES-16,6.214e-07,4.262e-04,5.789e-04,,,,,,,,,2,500,0,2964
2022-03-09 07:56:00,2022-03-09 07:49:00,2022-03-09 08:02:00,202203090749,1.050e-06,C1.0,GOES-16,4.625e-07,4.759e-04,6.566e-04,,,,,,-960.3246,544.5764,GOES-16_XRS,1,490,0,2965
2022-03-09 08:55:00,2022-03-09 08:45:00,2022-03-09 09:02:00,202203090845,7.924e-07,B7.9,GOES-16,4.873e-07,5.458e-04,7.375e-04,,,,,,,,,1,520,0,2965
2022-03-09 12:49:00,2022-03-09 12:42:00,2022-03-09 12:53:00,202203091242,1.027e-06,C1.0,GOES-16,4.261e-07,4.430e-04,5.214e-04,,,,-72.4642,25.880333,-829.67883,451.81848,GOES-16_XRS,1,620,0,2965
2022-03-10 09:33:00,2022-03-10 09:18:00,2022-03-10 09:42:00,202203100918,7.824e-07,B7.8,GOES-16,5.301e-07,7.965e-04,1.084e-03,,,,,,,,,1,930,0,2965
2022-03-10 23:43:00,2022-03-10 23:37:00,2022-03-10 23:48:00,202203102337,2.629e-06,C2.6,GOES-16,1.648e-06,1.279e-03,1.662e-03,,,,,,-970.46826,311.27777,GOES-16_XRS,1,1070,0,
2022-03-11 08:46:00,2022-03-11 08:37:00,2022-03-11 08:52:00,202203110837,2.135e-06,C2.1,GOES-16,7.080e-07,1.028e-03,1.365e-03,,,,-74.0325,16.911407,-889.2079,310.97946,GOES-16_XRS,1,1120,0,
2022-03-11 11:22:00,2022-03-11 11:11:00,2022-03-11 11:33:00,202203111111,2.301e-06,C2.3,GOES-16,7.473e-07,1.352e-03,2.341e-03,,,,60.20804,-29.020208,734.5055,-412.90952,GOES-16_XRS,1,1160,0,2964
2022-03-11 13:08:00,2022-03-11 12:56:00,2022-03-11 13:16:00,202203111256,1.603e-06,C1.6,GOES-16,8.425e-07,1.164e-03,1.616e-03,,,,-11.912659,10.174711,-197.0541,287.4529,GOES-16_XRS,1,1180,0,2964
2022-03-11 13:34:00,2022-03-11 13:30:00,2022-03-11 13:36:00,202203111330,2.110e-06,C2.1,GOES-16,1.124e-06,6.945e-04,7.553e-04,,,,-44.414337,22.425346,-626.4657,446.9047,GOES-16_XRS,1,1200,0,2965
2022-03-11 14:52:00,2022-03-11 14:39:00,2022-03-11 15:07:00,202203111439,1.683e-06,C1.6,GOES-16,9.016e-07,1.342e-03,2.455e-03,,,,-51.24283,25.635496,-680.4844,484.13705,GOES-16_XRS,1,1210,0,2965
2022-03-11 15:38:00,2022-03-11 15:28:00,2022-03-11 15:47:00,202203111528,1.421e-06,C1.4,GOES-16,9.651e-07,1.038e-03,1.567e-03,,,,45.876583,-28.223482,612.6626,-379.71887,GOES-16_XRS,1,1220,0,2964
2022-03-11 22:32:00,2022-03-11 22:13:00,2022-03-11 22:37:00,202203112213,2.297e-05,M2.2,GOES-16,7.039e-07,8.933e-03,1.064e-02,63.0,-28.0,HOL,64.02048,-28.726645,762.7191,-414.61948,GOES-16_XRS,1,1270,0,2964
2022-03-12 00:23:00,2022-03-12 00:16:00,2022-03-12 00:31:00,202203120016,1.026e-06,C1.0,GOES-16,6.515e-07,5.354e-04,8.504e-04,,,,-32.918884,28.788826,-461.30435,552.2965,GOES-16_XRS,1,1300,0,2965
2022-03-12 05:28:00,2022-03-12 05:18:00,2022-03-12 05:34:00,202203120518,2.006e-06,C2.0,GOES-17,5.924e-07,9.250e-04,1.232e-03,,,,-39.337036,22.240664,-568.2223,450.76706,GOES-17_XRS,1,1390,0,2965
2022-03-12 15:20:00,2022-03-12 15:09:00,2022-03-12 15:35:00,202203121509,1.287e-06,C1.2,GOES-16,6.912e-07,8.939e-04,1.762e-03,,,,32.936367,31.345392,449.62653,586.8508,GOES-16_XRS,1,1490,0,2962
2022-03-13 00:14:00,2022-03-13 00:02:00,2022-03-13 00:26:00,202203130002,1.422e-06,C1.4,GOES-16,6.331e-07,1.053e-03,1.748e-03,,,,-73.009735,-23.863882,-845.4648,-355.58813,GOES-16_XRS,1,1570,0,2968
2022-03-13 03:23:00,2022-03-13 03:12:00,2022-03-13 03:30:00,202203130312,4.974e-06,C4.9,GOES-16,6.322e-07,2.124e-03,3.018e-03,36.0,30.0,LEA,36.46661,27.738771,509.30563,533.50287,GOES-16_XRS,1,1600,0,2962
2022-03-13 06:15:00,2022-03-13 05:59:00,2022-03-13 06:30:00,202203130559,1.443e-06,C1.4,GOES-16,5.076e-07,1.196e-03,2.086e-03,,,,67.17527,-23.009594,820.3905,-331.71274,GOES-16_XRS,1,1650,0,2964
2022-03-13 11:55:00,2022-03-13 11:48:00,2022-03-13 11:59:00,202203131148,9.049e-07,B9.0,GOES-16,5.938e-07,4.866e-04,5.739e-04,,,,,,,,,1,1660,0,2965
2022-03-13 19:58:00,2022-03-13 19:35:00,2022-03-13 20:02:00,202203131935,1.378e-06,C1.3,GOES-16,5.513e-07,1.401e-03,1.512e-03,,,,32.1233,-10.127917,507.18115,-67.86118,GOES-16_XRS,1,1730,0,2964
2022-03-13 22:34:00,2022-03-13 22:25:00,2022-03-13 22:40:00,202203132225,9.166e-07,B9.1,GOES-16,6.332e-07,6.206e-04,8.039e-04,,,,,,,,,1,1750,0,2965
2022-03-13 23:41:00,2022-03-13 23:24:00,2022-03-13 23:54:00,202203132324,3.950e-06,C3.9,GOES-16,6.127e-07,2.614e-03,4.378e-03,,,,,,890.65985,-398.32336,GOES-16_XRS,1,1760,0,2964
2022-03-14 01:31:00,2022-03-14 01:22:00,2022-03-14 01:36:00,202203140122,1.261e-06,C1.2,GOES-16,5.958e-07,6.552e-04,8.142e-04,,,,-13.79541,28.029852,-203.87329,555.53094,GOES-16_XRS,1,1780,0,2965
2022-03-14 02:35:00,2022-03-14 02:21:00,2022-03-14 02:41:00,202203140221,2.101e-06,C2.1,GOES-16,6.014e-07,1.342e-03,1.671e-03,,,,-8.130341,26.690699,-122.4021,538.94336,GOES-16_XRS,1,1790,0,2965
2022-03-14 04:48:00,2022-03-14 04:38:00,2022-03-14 04:56:00,202203140438,1.079e-06,C1.0,GOES-17,6.394e-07,7.146e-04,1.037e-03,,,,-5.9014893,13.829756,-96.75983,346.99652,GOES-17_XRS,1,1800,0,
2022-03-14 06:44:00,2022-03-14 06:38:00,2022-03-14 06:50:00,202203140638,1.066e-06,C1.0,GOES-16,7.225e-07,5.585e-04,7.765e-04,,,,-18.22699,38.728664,-236.17879,690.53864,GOES-16_XRS,1,1810,0,2965
2022-03-14 08:40:00,2022-03-14 08:29:00,2022-03-14 08:44:00,202203140829,2.013e-05,M2.0,GOES-16,5.627e-07,5.640e-03,6.651e-03,,,,-2.8762207,21.71991,-45.165623,468.19824,GOES-16_XRS,1,1820,0,2965
2022-03-14 15:08:00,2022-03-14 14:59:00,2022-03-14 15:15:00,202203141459,8.193e-07,B8.1,GOES-16,4.959e-07,5.572e-04,7.584e-04,,,,,,,,,1,1840,0,2965
2022-03-14 16:38:00,2022-03-14 16:33:00,2022-03-14 16:43:00,202203141633,1.076e-06,C1.0,GOES-16,4.753e-07,4.471e-04,5.862e-04,,,,0.048661724,15.810901,0.7918501,378.49246,GOES-16_XRS,1,1850,0,2965
2022-03-14 17:31:00,2022-03-14 17:13:00,2022-03-14 17:42:00,202203141713,8.803e-07,B8.8,GOES-16,4.942e-07,9.526e-04,1.357e-03,,,,,,,,,1,1860,0,
2022-03-14 21:51:00,2022-03-14 21:38:00,,202203142138,1.366e-06,C1.3,GOES-16,6.070e-07,1.002e-03,,5.0,24.0,HOL,-0.93927,21.595999,-14.765471,466.2822,GOES-16_XRS,1,1880,0,2965
2022-03-14 22:14:00,2022-03-14 22:07:00,2022-03-14 22:22:00,202203142207,5.396e-06,C5.3,GOES-16,9.976e-07,2.237e-03,3.522e-03,5.0,24.0,HOL,4.493583,21.119366,70.80133,458.86676,GOES-16_XRS,2,1880,0,2965
2022-03-15 06:04:00,2022-03-15 05:57:00,2022-03-15 06:16:00,202203150557,3.770e-06,C3.7,GOES-16,4.654e-07,1.409e-03,2.787e-03,6.0,23.0,SVI,6.39455,23.498756,98.926994,493.35553,GOES-16_XRS,1,1890,0,2965
2022-03-15 08:17:00,2022-03-15 08:05:00,2022-03-15 08:23:00,202203150805,3.406e-06,C3.4,GOES-16,6.428e-07,1.567e-03,2.036e-03,9.0,24.0,SVI,9.614787,22.033579,149.95732,470.98297,GOES-16_XRS,1,1900,0,2965
2022-03-15 11:34:00,2022-03-15 11:20:00,2022-03-15 11:46:00,202203151120,1.636e-06,C1.6,GOES-16,3.521e-07,1.042e-03,1.738e-03,5.0,27.0,SVI,7.1438684,29.309868,104.99731,574.7878,GOES-16_XRS,1,1910,0,2965
2022-03-15 12:39:00,2022-03-15 12:33:00,2022-03-15 12:43:00,202203151233,1.455e-05,M1.4,GOES-16,5.914e-07,4.260e-03,5.096e-03,10.0,24.0,SVI,10.484445,21.348349,164.1491,460.46555,GOES-16_XRS,1,1920,0,2965
2022-03-15 15:32:00,2022-03-15 15:26:00,2022-03-15 15:37:00,202203151526,1.103e-06,C1.1,GOES-16,5.366e-07,5.109e-04,6.535e-04,15.0,24.0,SVI,18.349787,23.375355,279.812,486.35925,GOES-16_XRS,1,1940,0,2965
2022-03-15 20:06:00,2022-03-15 20:00:00,2022-03-15 20:10:00,202203152000,4.708e-07,B4.7,GOES-16,3.451e-07,2.426e-04,2.906e-04,,,,,,,,,1,1950,0,2695
2022-03-15 22:46:00,2022-03-15 22:39:00,2022-03-15 22:51:00,202203152239,1.593e-05,M1.5,GOES-16,3.797e-07,4.563e-03,5.927e-03,17.0,24.0,HOL,16.819454,21.367222,260.92795,457.58752,GOES-16_XRS,1,1960,0,2965
2022-03-15 23:25:00,2022-03-15 23:20:00,2022-03-15 23:28:00,202203152320,6.680e-06,C6.6,GOES-16,2.267e-06,2.349e-03,2.577e-03,19.0,24.0,HOL,18.60346,22.671055,285.01013,475.76138,GOES-16_XRS,1,1970,0,2965
2022-03-16 03:48:00,2022-03-16 03:42:00,2022-03-16 03:56:00,202203160342,4.876e-07,B4.8,GOES-16,2.980e-07,2.429e-04,4.010e-04,,,,,,,,,1,2010,0,2965
2022-03-16 22:25:00,2022-03-16 22:20:00,2022-03-16 22:36:00,202203162220,4.677e-07,B4.6,GOES-16,3.414e-07,2.358e-04,4.640e-04,,,,,,,,,1,2090,0,
2022-03-17 01:54:00,2022-03-17 01:38:00,2022-03-17 02:01:00,202203170138,1.304e-06,C1.3,GOES-16,5.253e-07,1.122e-03,1.408e-03,,,,28.85633,28.684645,409.579,553.029,GOES-16_XRS,1,2100,0,2965
2022-03-17 03:17:00,2022-03-17 03:11:00,2022-03-17 03:24:00,202203170311,6.073e-07,B6.0,GOES-16,3.742e-07,2.999e-04,4.529e-04,,,,,,,,,1,2110,0,2965
2022-03-17 16:56:00,2022-03-17 16:51:00,2022-03-17 16:59:00,202203171651,9.210e-07,B9.2,GOES-16,2.649e-07,2.864e-04,3.111e-04,,,,,,,,,1,2140,0,2965
2022-03-17 19:18:00,2022-03-17 19:06:00,2022-03-17 19:34:00,202203171906,1.107e-06,C1.1,GOES-16,5.943e-07,8.624e-04,1.663e-03,,,,41.974476,26.93743,576.4021,513.93744,GOES-16_XRS,1,2150,0,2965
2022-03-18 16:28:00,2022-03-18 16:22:00,2022-03-18 16:31:00,202203181622,3.050e-07,B3.0,GOES-16,2.129e-07,1.519e-04,1.663e-04,,,,,,,,,1,2220,0,2965
2022-03-18 23:48:00,2022-03-18 23:33:00,2022-03-19 00:07:00,202203182333,7.210e-07,B7.2,GOES-16,2.978e-07,5.859e-04,1.180e-03,,,,,,,,,1,2280,0,2965
2022-03-19 04:13:00,2022-03-19 03:49:00,,202203190349,1.293e-06,C1.2,GOES-16,3.351e-07,1.359e-03,,,,,55.91094,31.40039,682.4923,556.13025,GOES-16_XRS,1,2290,0,2965
2022-03-19 07:45:00,2022-03-19 07:39:00,2022-03-19 07:51:00,202203190739,3.786e-07,B3.7,GOES-16,2.594e-07,1.951e-04,2.712e-04,,,,,,,,,1,2320,0,2965
2022-03-19 11:54:00,2022-03-19 11:44:00,2022-03-19 12:05:00,202203191144,5.681e-07,B5.6,GOES-16,2.825e-07,3.865e-04,6.422e-04,,,,,,,,,1,2330,0,2965
2022-03-19 13:23:00,2022-03-19 13:14:00,2022-03-19 13:31:00,202203191314,8.278e-07,B8.2,GOES-16,2.528e-07,3.564e-04,5.647e-04,,,,,,,,,1,2340,0,2970
2022-03-19 14:30:00,2022-03-19 14:23:00,2022-03-19 14:32:00,202203191423,4.905e-07,B4.9,GOES-16,2.823e-07,2.300e-04,2.500e-04,,,,,,,,,1,2350,0,2965
2022-03-19 21:11:00,2022-03-19 20:56:00,2022-03-19 21:19:00,202203192056,2.155e-06,C2.1,GOES-16,2.850e-07,1.142e-03,1.615e-03,,,,63.681168,23.116373,795.5706,424.37445,GOES-16_XRS,1,2380,0,2965
2022-03-19 22:19:00,2022-03-19 22:10:00,2022-03-19 22:42:00,202203192210,3.195e-07,B3.1,GOES-16,2.328e-07,2.216e-04,5.805e-04,,,,,,,,,1,2390,0,2965
2022-03-19 23:45:00,2022-03-19 23:31:00,2022-03-19 23:59:00,202203192331,7.317e-07,B7.3,GOES-16,2.390e-07,5.465e-04,9.591e-04,,,,,,,,,1,2400,0,
2022-03-20 04:14:00,2022-03-20 04:06:00,2022-03-20 04:24:00,202203200406,7.531e-07,B7.5,GOES-16,3.508e-07,3.837e-04,6.561e-04,,,,,,,,,1,2410,0,2965
2022-03-20 06:13:00,2022-03-20 06:01:00,2022-03-20 06:22:00,202203200601,5.212e-07,B5.2,GOES-16,3.111e-07,4.123e-04,5.955e-04,,,,,,,,,1,2420,0,
2022-03-20 07:45:00,2022-03-20 07:30:00,2022-03-20 07:52:00,202203200730,4.669e-06,C4.6,GOES-16,3.018e-07,2.459e-03,3.311e-03,-14.0,16.0,SVI,-11.720062,16.874464,-188.04317,389.88632,GOES-16_XRS,1,2430,0,2971
2022-03-20 13:13:00,2022-03-20 13:00:00,,202203201300,4.765e-07,B4.7,GOES-16,3.278e-07,4.344e-04,,,,,,,,,,1,2440,0,
2022-03-20 13:52:00,2022-03-20 13:46:00,2022-03-20 13:55:00,202203201346,4.661e-07,B4.6,GOES-16,4.528e-07,2.756e-04,3.028e-04,,,,,,,,,3,2490,0,
2022-03-20 17:29:00,2022-03-20 17:19:00,2022-03-20 17:37:00,202203201719,5.958e-07,B5.9,GOES-16,3.589e-07,3.997e-04,5.765e-04,,,,,,,,,1,2450,0,2971
2022-03-20 18:02:00,2022-03-20 17:55:00,,202203201755,5.691e-07,B5.6,GOES-16,3.760e-07,2.990e-04,,,,,,,,,,1,,0,
2022-03-20 18:11:00,2022-03-20 18:04:00,2022-03-20 18:16:00,202203201804,1.289e-06,C1.2,GOES-16,5.128e-07,6.214e-04,7.829e-04,,,,,,-944.81,-276.58383,GOES-16_XRS,2,2460,0,
2022-03-20 20:47:00,2022-03-20 20:34:00,2022-03-20 21:01:00,202203202034,5.546e-07,B5.5,GOES-16,2.948e-07,4.510e-04,7.825e-04,,,,,,,,,1,2480,0,
2022-03-21 00:54:00,2022-03-21 00:42:00,2022-03-21 01:04:00,202203210042,4.543e-07,B4.5,GOES-16,2.831e-07,3.710e-04,5.607e-04,,,,,,,,,1,2520,0,2971
2022-03-21 07:12:00,2022-03-21 07:05:00,2022-03-21 07:14:00,202203210705,4.602e-07,B4.6,GOES-16,2.329e-07,1.988e-04,2.150e-04,,,,,,,,,1,2560,0,
2022-03-21 19:19:00,2022-03-21 19:06:00,2022-03-21 19:26:00,202203211906,7.843e-07,B7.8,GOES-16,3.638e-07,5.861e-04,7.631e-04,,,,,,,,,1,2600,0,
2022-03-22 01:32:00,2022-03-22 01:26:00,2022-03-22 01:35:00,202203220126,1.194e-06,C1.1,GOES-16,3.311e-07,4.349e-04,4.660e-04,,,,4.8490896,-25.357298,73.87662,-305.1032,GOES-16_XRS,1,2610,0,2972
2022-03-22 02:33:00,2022-03-22 02:28:00,2022-03-22 02:38:00,202203220228,4.683e-07,B4.6,GOES-16,3.278e-07,2.082e-04,2.779e-04,,,,,,,,,1,2620,0,2968
2022-03-22 02:53:00,2022-03-22 02:46:00,2022-03-22 02:57:00,202203220246,5.709e-07,B5.7,GOES-16,3.676e-07,3.110e-04,3.653e-04,,,,,,,,,1,2630,0,2974
2022-03-22 03:33:00,2022-03-22 03:29:00,2022-03-22 03:39:00,202203220329,6.015e-07,B6.0,GOES-16,3.808e-07,2.504e-04,3.698e-04,,,,,,,,,1,2640,0,2974
2022-03-22 04:27:00,2022-03-22 04:07:00,2022-03-22 04:42:00,202203220407,1.026e-06,C1.0,GOES-17,5.283e-07,1.222e-03,1.902e-03,,,,,,-1075.9333,206.51205,GOES-17_XRS,1,2650,0,
2022-03-22 09:32:00,2022-03-22 09:22:00,2022-03-22 09:40:00,202203220922,9.035e-07,B9.0,GOES-16,4.933e-07,6.388e-04,9.040e-04,,,,,,,,,1,2660,0,2974
2022-03-22 10:55:00,2022-03-22 10:37:00,,202203221037,8.012e-07,B8.0,GOES-16,4.104e-07,8.505e-04,,,,,,,,,,1,2670,0,
2022-03-22 11:07:00,2022-03-22 10:57:00,2022-03-22 11:17:00,202203221057,1.295e-06,C1.2,GOES-16,7.878e-07,8.709e-04,1.385e-03,,,,-67.948456,-17.447119,-852.8253,-245.0716,GOES-16_XRS,2,2690,0,2974
2022-03-22 12:42:00,2022-03-22 12:15:00,2022-03-22 12:59:00,202203221215,7.033e-06,C7.0,GOES-16,6.388e-07,6.514e-03,1.141e-02,,,,-82.59302,11.744943,-935.14325,209.37271,GOES-16_XRS,1,2680,0,
2022-03-22 16:59:00,2022-03-22 16:48:00,2022-03-22 17:06:00,202203221648,9.166e-07,B9.1,GOES-16,5.525e-07,6.816e-04,9.084e-04,,,,,,,,,1,2700,0,2974
2022-03-22 19:21:00,2022-03-22 19:03:00,2022-03-22 19:31:00,202203221903,1.465e-06,C1.4,GOES-16,5.237e-07,1.316e-03,1.849e-03,,,,,,-985.76996,-300.547,GOES-16_XRS,1,2710,0,2974
2022-03-22 20:27:00,2022-03-22 20:14:00,2022-03-22 20:43:00,202203222014,4.883e-06,C4.8,GOES-16,5.869e-07,2.522e-03,5.332e-03,,,,-69.501495,-16.813246,-864.6238,-237.66986,GOES-16_XRS,1,2720,0,2974
2022-03-23 05:46:00,2022-03-23 05:41:00,,202203230541,1.137e-06,C1.1,GOES-17,7.121e-07,5.267e-04,,,,,-78.572784,8.346929,-934.2261,161.6666,GOES-17_XRS,1,,0,
2022-03-23 05:58:00,2022-03-23 05:53:00,2022-03-23 06:03:00,202203230553,1.329e-06,C1.3,GOES-16,9.361e-07,6.369e-04,8.386e-04,,,,-69.48639,-21.29747,-841.3718,-309.53073,GOES-16_XRS,1,2730,0,
2022-03-23 08:57:00,2022-03-23 08:42:00,2022-03-23 09:15:00,202203230842,2.325e-06,C2.3,GOES-16,7.479e-07,1.785e-03,3.628e-03,,,,-76.65918,10.843821,-920.66425,206.31958,GOES-16_XRS,1,2760,0,
2022-03-23 10:55:00,2022-03-23 10:46:00,2022-03-23 11:03:00,202203231046,1.848e-06,C1.8,GOES-16,7.403e-07,1.066e-03,1.553e-03,,,,,,-918.51465,301.28217,GOES-16_XRS,1,2770,0,
2022-03-23 12:08:00,2022-03-23 11:56:00,2022-03-23 12:26:00,202203231156,2.598e-06,C2.5,GOES-16,9.310e-07,1.618e-03,3.681e-03,-58.0,-18.0,SVI,-60.384033,-14.538041,-811.84106,-184.6217,GOES-16_XRS,1,2780,0,2974
2022-03-23 13:57:00,2022-03-23 13:46:00,2022-03-23 14:15:00,202203231346,3.049e-06,C3.0,GOES-16,9.354e-07,1.662e-03,3.814e-03,-54.0,-20.0,HOL,-58.729706,-14.309028,-799.0728,-178.08585,GOES-16_XRS,1,2790,0,2974
2022-03-23 23:22:00,2022-03-23 23:12:00,2022-03-23 23:28:00,202203232312,4.354e-06,C4.3,GOES-16,7.834e-07,1.789e-03,2.404e-03,-62.0,13.0,HOL,-58.892,13.01941,-804.53156,274.21277,GOES-16_XRS,1,2800,0,2975
2022-03-24 00:50:00,2022-03-24 00:28:00,2022-03-24 01:19:00,202203240028,2.822e-06,C2.8,GOES-16,1.133e-06,3.146e-03,6.759e-03,,,,-63.96042,13.521521,-842.2135,273.36032,GOES-16_XRS,1,2810,0,2975
2022-03-24 01:45:00,2022-03-24 01:42:00,2022-03-24 01:49:00,202203240142,8.166e-06,C8.1,GOES-16,1.461e-06,2.110e-03,2.600e-03,,,,-55.924316,11.438744,-783.142,253.74135,GOES-16_XRS,1,2820,0,2975
2022-03-24 04:34:00,2022-03-24 04:28:00,2022-03-24 04:39:00,202203240428,1.154e-06,C1.1,GOES-17,8.342e-07,6.171e-04,7.912e-04,,,,-13.576477,-0.8172626,-226.88612,99.4417,GOES-17_XRS,1,2830,0,
2022-03-24 08:21:00,2022-03-24 08:03:00,2022-03-24 08:43:00,202203240803,2.202e-06,C2.2,GOES-16,8.047e-07,2.063e-03,4.233e-03,,,,,,-928.91705,297.3172,GOES-16_XRS,1,2840,0,2975
2022-03-24 14:22:00,2022-03-24 14:09:00,,202203241409,1.848e-06,C1.8,GOES-16,1.073e-06,1.592e-03,,,,,-67.69461,27.144915,-793.14856,475.45474,GOES-16_XRS,1,,0,
2022-03-24 14:41:00,2022-03-24 14:34:00,2022-03-24 14:47:00,202203241434,2.124e-06,C2.1,GOES-16,1.714e-06,1.297e-03,1.757e-03,,,,-59.98636,24.580359,-759.0522,450.7442,GOES-16_XRS,2,2870,0,2975
2022-03-24 19:16:00,2022-03-24 18:57:00,2022-03-24 19:40:00,202203241857,1.021e-06,C1.0,GOES-16,6.191e-07,1.233e-03,2.425e-03,,,,-52.309845,18.039274,-725.7367,363.81027,GOES-16_XRS,1,2890,0,2975
2022-03-24 21:15:00,2022-03-24 21:03:00,2022-03-24 21:21:00,202203242103,1.902e-06,C1.9,GOES-16,5.415e-07,1.126e-03,1.429e-03,-43.0,-19.0,HOL,-37.0596,-15.70802,-560.21344,-170.57022,GOES-16_XRS,1,2910,0,2974
2022-03-25 02:45:00,2022-03-25 02:27:00,2022-03-25 02:58:00,202203250227,2.637e-06,C2.6,GOES-16,5.366e-07,1.554e-03,2.662e-03,,,,-55.16635,12.91026,-771.56,278.22934,GOES-16_XRS,1,2920,0,
2022-03-25 04:33:00,2022-03-25 04:27:00,,202203250427,7.299e-07,B7.2,GOES-17,4.902e-07,3.600e-04,,,,,,,,,,1,,0,
2022-03-25 04:42:00,2022-03-25 04:37:00,2022-03-25 04:44:00,202203250437,9.027e-07,B9.0,GOES-17,6.725e-07,4.135e-04,4.502e-04,,,,,,,,,2,2930,0,
2022-03-25 05:26:00,2022-03-25 05:02:00,2022-03-25 05:49:00,202203250502,1.463e-05,M1.4,GOES-17,5.003e-07,1.243e-02,2.586e-02,-36.0,-21.0,LEA,-37.356323,-18.780909,-554.65326,-221.62912,GOES-17_XRS,1,2940,0,2974
2022-03-25 10:40:00,2022-03-25 10:25:00,2022-03-25 11:03:00,202203251025,8.399e-07,B8.3,GOES-16,4.063e-07,7.634e-04,1.705e-03,,,,,,,,,1,2960,0,
2022-03-25 14:19:00,2022-03-25 14:14:00,2022-03-25 14:22:00,202203251414,5.883e-07,B5.8,GOES-16,3.784e-07,2.556e-04,2.814e-04,,,,,,,,,1,2970,0,2974
2022-03-25 15:53:00,2022-03-25 15:46:00,2022-03-25 15:57:00,202203251546,5.598e-07,B5.5,GOES-16,3.156e-07,2.784e-04,3.271e-04,,,,,,,,,1,2980,0,2974
2022-03-25 19:06:00,2022-03-25 18:58:00,2022-03-25 19:09:00,202203251858,8.158e-07,B8.1,GOES-16,3.669e-07,3.541e-04,3.800e-04,-49.0,12.0,HOL,,,,,,1,2990,0,2976
2022-03-26 15:38:00,2022-03-26 15:18:00,2022-03-26 15:57:00,202203261518,2.383e-06,C2.3,GOES-16,8.869e-07,2.455e-03,4.388e-03,,,,,,-934.6891,-368.92114,GOES-16_XRS,1,3060,0,
2022-03-26 19:21:00,2022-03-26 19:09:00,2022-03-26 19:29:00,202203261909,9.761e-07,B9.7,GOES-16,5.238e-07,7.378e-04,1.014e-03,,,,,,,,,1,3080,0,2975
2022-03-27 03:31:00,2022-03-27 03:25:00,,202203270325,7.097e-07,B7.0,GOES-16,5.101e-07,3.743e-04,,,,,,,,,,1,3090,0,
2022-03-27 04:02:00,2022-03-27 03:48:00,2022-03-27 04:13:00,202203270348,8.277e-07,B8.2,GOES-16,6.127e-07,7.719e-04,1.172e-03,,,,,,,,,2,3100,0,
2022-03-27 15:18:00,2022-03-27 15:09:00,2022-03-27 15:24:00,202203271509,1.296e-06,C1.2,GOES-16,9.271e-07,8.930e-04,1.158e-03,,,,,,-945.54175,-574.6771,GOES-16_XRS,1,3190,0,
2022-03-27 16:18:00,2022-03-27 16:11:00,2022-03-27 16:26:00,202203271611,1.236e-06,C1.2,GOES-16,7.433e-07,6.973e-04,1.068e-03,,,,-83.81531,-13.63199,-929.33777,-213.24329,GOES-16_XRS,1,3200,0,
2022-03-28 00:10:00,2022-03-27 23:54:00,2022-03-28 00:22:00,202203272354,4.115e-06,C4.1,GOES-16,8.166e-07,2.850e-03,4.510e-03,,,,-70.93671,-19.870443,-855.768,-290.16565,GOES-16_XRS,1,3260,0,2978
2022-03-28 00:43:00,2022-03-28 00:38:00,,202203280038,1.981e-06,C1.9,GOES-16,1.274e-06,9.346e-04,,,,,,,-888.63635,-381.81287,GOES-16_XRS,1,3270,0,2978
2022-03-28 01:07:00,2022-03-28 00:55:00,2022-03-28 01:14:00,202203280055,2.154e-06,C2.1,GOES-16,1.637e-06,1.823e-03,2.403e-03,,,,-44.859283,-11.66885,-666.19073,-114.95743,GOES-16_XRS,2,3280,0,2978
2022-03-28 03:23:00,2022-03-28 03:16:00,2022-03-28 03:25:00,202203280316,1.266e-06,C1.2,GOES-16,8.090e-07,6.560e-04,7.083e-04,,,,0.6153144,13.679737,10.073142,336.97012,GOES-16_XRS,1,3290,0,2975
2022-03-28 06:42:00,2022-03-28 06:32:00,2022-03-28 06:56:00,202203280632,1.175e-06,C1.1,GOES-16,7.792e-07,8.441e-04,1.607e-03,,,,8.855251,19.450624,140.08847,424.7432,GOES-16_XRS,1,3330,0,2975
2022-03-28 08:41:00,2022-03-28 08:31:00,2022-03-28 08:49:00,202203280831,1.573e-06,C1.5,GOES-16,7.154e-07,9.225e-04,1.358e-03,,,,-66.87866,-14.593061,-857.0045,-197.98595,GOES-16_XRS,1,3350,0,2978
2022-03-28 09:57:00,2022-03-28 09:48:00,2022-03-28 10:02:00,202203280948,2.210e-06,C2.2,GOES-16,8.511e-07,1.085e-03,1.362e-03,,,,7.948193,15.905359,128.3551,370.54117,GOES-16_XRS,1,3370,0,2975
2022-03-28 11:29:00,2022-03-28 10:58:00,2022-03-28 11:44:00,202203281058,4.061e-05,M4.0,GOES-16,8.065e-07,2.357e-02,4.392e-02,,,,4.8005075,12.684411,78.810616,320.54807,GOES-16_XRS,1,3390,0,2975
2022-03-28 16:43:00,2022-03-28 16:16:00,2022-03-28 16:58:00,202203281616,5.136e-06,C5.1,GOES-16,2.103e-06,7.113e-03,1.040e-02,,,,-18.40976,-2.184729,-304.6178,70.62029,GOES-16_XRS,1,3460,0,
2022-03-28 17:13:00,2022-03-28 17:04:00,2022-03-28 17:31:00,202203281704,9.890e-06,C9.8,GOES-16,3.104e-06,4.590e-03,1.262e-02,,,,10.039031,11.869824,164.65413,306.05743,GOES-16_XRS,1,3470,0,2975
2022-03-28 17:41:00,2022-03-28 17:32:00,2022-03-28 17:46:00,202203281732,1.005e-05,M1.0,GOES-16,6.130e-06,6.593e-03,8.022e-03,,,,10.068093,11.350216,165.43501,297.7233,GOES-16_XRS,1,,0,
2022-03-28 19:00:00,2022-03-28 18:48:00,2022-03-28 19:07:00,202203281848,6.358e-06,C6.3,GOES-16,2.248e-06,3.803e-03,5.144e-03,,,,8.526232,12.806958,139.53809,321.3901,GOES-16_XRS,1,3500,0,2975
2022-03-28 19:23:00,2022-03-28 19:08:00,2022-03-28 19:39:00,202203281908,1.040e-05,M1.0,GOES-16,4.185e-06,9.639e-03,1.662e-02,,,,8.76034,13.602338,142.8696,333.9014,GOES-16_XRS,1,,0,
2022-03-28 20:59:00,2022-03-28 20:49:00,2022-03-28 21:08:00,202203282049,1.112e-05,M1.1,GOES-16,5.668e-06,6.900e-03,1.066e-02,11.0,14.0,HOL,9.8293915,13.028675,160.51965,324.43356,GOES-16_XRS,1,3570,0,2975
2022-03-28 22:31:00,2022-03-28 22:25:00,2022-03-28 22:37:00,202203282225,5.577e-06,C5.5,GOES-16,2.885e-06,2.508e-03,3.512e-03,11.0,14.0,HOL,11.275776,14.325204,182.83057,344.3342,GOES-16_XRS,1,3590,0,2975
2022-03-29 00:21:00,2022-03-29 00:08:00,2022-03-29 00:36:00,202203290008,5.909e-06,C5.9,GOES-16,2.733e-06,4.471e-03,8.161e-03,,,,9.694239,12.136506,158.88264,310.1792,GOES-16_XRS,1,3610,0,2975
2022-03-29 01:11:00,2022-03-29 00:57:00,2022-03-29 01:25:00,202203290057,2.219e-05,M2.2,GOES-16,4.234e-06,1.391e-02,2.536e-02,10.0,16.0,LEA,12.789145,12.140754,208.84967,309.04254,GOES-16_XRS,1,3630,0,2975
2022-03-29 01:58:00,2022-03-29 01:48:00,2022-03-29 02:02:00,202203290148,1.160e-05,M1.1,GOES-16,6.011e-06,7.010e-03,8.007e-03,13.0,-19.0,LEA,11.0988865,7.607168,184.16304,236.52487,GOES-16_XRS,1,3640,0,2974
2022-03-29 03:39:00,2022-03-29 03:26:00,2022-03-29 03:43:00,202203290326,5.603e-06,C5.6,GOES-16,2.418e-06,3.850e-03,4.308e-03,,,,11.932922,14.144446,193.4774,341.0569,GOES-16_XRS,1,3660,0,
2022-03-29 03:49:00,2022-03-29 03:45:00,2022-03-29 03:51:00,202203290345,5.274e-06,C5.2,GOES-16,3.702e-06,2.083e-03,2.300e-03,,,,15.051255,13.924216,243.21368,336.1748,GOES-16_XRS,1,3670,0,
2022-03-29 03:59:00,2022-03-29 03:56:00,2022-03-29 04:04:00,202203290356,8.666e-06,C8.6,GOES-16,3.149e-06,2.642e-03,3.638e-03,,,,12.784881,13.259258,207.85141,326.71805,GOES-16_XRS,1,3680,0,
2022-03-29 07:47:00,2022-03-29 07:38:00,2022-03-29 07:51:00,202203290738,3.380e-06,C3.3,GOES-16,2.118e-06,2.070e-03,2.393e-03,10.0,16.0,LEA,11.078658,12.379717,181.11873,313.30695,GOES-16_XRS,1,3740,0,2975
2022-03-29 08:10:00,2022-03-29 08:03:00,2022-03-29 08:16:00,202203290803,3.500e-06,C3.5,GOES-16,2.508e-06,1.981e-03,2.694e-03,18.0,13.0,SVI,18.601255,14.365815,298.12674,340.99634,GOES-16_XRS,1,3750,0,2975
2022-03-29 09:01:00,2022-03-29 08:41:00,,202203290841,3.155e-06,C3.1,GOES-16,1.903e-06,4.085e-03,,,,,20.556978,15.528657,326.37848,357.929,GOES-16_XRS,1,3770,0,
2022-03-29 09:38:00,2022-03-29 09:17:00,2022-03-29 09:54:00,202203290917,1.027e-05,M1.0,GOES-16,2.826e-06,9.384e-03,1.599e-02,,,,18.874182,11.934616,305.3678,302.23434,GOES-16_XRS,2,3880,0,
2022-03-29 12:33:00,2022-03-29 12:25:00,2022-03-29 12:39:00,202203291225,2.230e-06,C2.2,GOES-16,1.579e-06,1.373e-03,1.825e-03,,,,-67.84131,-24.337343,-812.2092,-355.45682,GOES-16_XRS,1,3850,0,
2022-03-29 14:47:00,2022-03-29 14:44:00,2022-03-29 14:50:00,202203291444,4.367e-06,C4.3,GOES-16,1.957e-06,1.359e-03,1.525e-03,21.0,14.0,HOL,2.5305324,14.723831,41.204292,352.0405,GOES-16_XRS,1,3900,0,2975
2022-03-29 15:18:00,2022-03-29 15:03:00,2022-03-29 15:29:00,202203291503,3.913e-06,C3.9,GOES-16,1.662e-06,3.408e-03,5.099e-03,-65.0,-24.0,HOL,,,-902.7859,-371.6934,GOES-16_XRS,1,3910,0,2978
2022-03-29 15:57:00,2022-03-29 15:51:00,2022-03-29 16:06:00,202203291551,2.335e-06,C2.3,GOES-16,1.516e-06,1.093e-03,1.908e-03,,,,-46.607544,-20.232428,-657.1362,-258.7971,GOES-16_XRS,1,3920,0,2978
2022-03-29 17:12:00,2022-03-29 17:05:00,2022-03-29 17:18:00,202203291705,2.133e-06,C2.1,GOES-16,1.291e-06,1.103e-03,1.526e-03,,,,0.49115306,0.09420825,8.273675,113.770805,GOES-16_XRS,1,3930,0,2975
2022-03-29 17:45:00,2022-03-29 17:33:00,2022-03-29 17:48:00,202203291733,4.840e-06,C4.8,GOES-16,1.136e-06,2.361e-03,2.730e-03,,,,18.334684,11.50882,297.38004,295.48135,GOES-16_XRS,1,3940,0,2975
2022-03-29 19:46:00,2022-03-29 19:24:00,2022-03-29 20:07:00,202203291924,3.331e-06,C3.3,GOES-16,1.244e-06,3.811e-03,6.837e-03,,,,-39.105408,-17.155506,-581.0783,-199.42902,GOES-16_XRS,1,3950,0,2978
2022-03-29 20:32:00,2022-03-29 20:26:00,2022-03-29 20:36:00,202203292026,3.591e-06,C3.5,GOES-16,1.603e-06,1.648e-03,1.923e-03,,,,18.808575,13.678733,302.19272,329.61136,GOES-16_XRS,1,3960,0,2975
2022-03-29 21:52:00,2022-03-29 21:43:00,2022-03-29 21:56:00,202203292143,1.684e-05,M1.6,GOES-16,1.246e-06,5.446e-03,6.298e-03,,,,23.957075,12.899759,381.7622,313.60413,GOES-16_XRS,1,3990,0,2975
2022-03-29 22:19:00,2022-03-29 22:11:00,,202203292211,1.893e-06,C1.8,GOES-16,1.268e-06,1.144e-03,,,,,17.588764,15.447605,280.96173,358.06525,GOES-16_XRS,1,4000,0,2975
2022-03-29 22:27:00,2022-03-29 22:22:00,2022-03-29 22:33:00,202203292222,1.888e-06,C1.8,GOES-16,1.710e-06,9.883e-04,1.417e-03,,,,10.6268,3.7850685,177.56894,173.10966,GOES-16_XRS,2,,0,
2022-03-29 22:58:00,2022-03-29 22:45:00,2022-03-29 23:05:00,202203292245,6.765e-06,C6.7,GOES-16,1.468e-06,4.373e-03,5.713e-03,,,,-66.68106,-22.737127,-815.16895,-328.7105,GOES-16_XRS,1,4010,0,2978
2022-03-30 01:12:00,2022-03-30 01:04:00,2022-03-30 01:21:00,202203300104,1.823e-06,C1.8,GOES-16,1.178e-06,1.092e-03,1.747e-03,,,,11.066425,13.238008,180.26392,326.3166,GOES-16_XRS,1,4030,0,
2022-03-30 02:24:00,2022-03-30 02:15:00,2022-03-30 02:32:00,202203300215,3.080e-06,C3.0,GOES-16,1.004e-06,1.447e-03,2.284e-03,12.0,12.0,LEA,26.796265,14.601986,420.69836,338.02884,GOES-16_XRS,1,4050,0,2975
2022-03-30 04:31:00,2022-03-30 04:23:00,2022-03-30 04:35:00,202203300423,2.310e-06,C2.3,GOES-17,1.430e-06,1.301e-03,1.511e-03,,,,29.73284,13.125653,465.72754,311.9521,GOES-17_XRS,1,4110,0,2975
2022-03-30 05:01:00,2022-03-30 04:57:00,2022-03-30 05:05:00,202203300457,2.050e-06,C2.0,GOES-17,1.230e-06,8.017e-04,9.942e-04,,,,32.08509,18.546175,485.46213,394.24014,GOES-17_XRS,1,4120,0,2975
2022-03-30 05:46:00,2022-03-30 05:35:00,2022-03-30 05:52:00,202203300535,2.620e-06,C2.6,GOES-17,1.296e-06,1.675e-03,2.143e-03,,,,30.421413,14.241758,473.20975,328.92133,GOES-17_XRS,1,4130,0,2975
2022-03-30 06:46:00,2022-03-30 06:38:00,2022-03-30 06:48:00,202203300638,2.363e-06,C2.3,GOES-16,1.226e-06,1.192e-03,1.283e-03,,,,10.853556,2.7884324,181.4778,156.19681,GOES-16_XRS,1,4140,0,2978
2022-03-30 08:42:00,2022-03-30 08:34:00,2022-03-30 08:45:00,202203300834,1.242e-06,C1.2,GOES-16,8.572e-07,7.281e-04,7.846e-04,,,,19.248596,18.874714,300.8219,409.5397,GOES-16_XRS,1,4150,0,2976
2022-03-30 10:17:00,2022-03-30 10:10:00,,202203301010,1.172e-06,C1.1,GOES-16,7.818e-07,6.470e-04,,,,,27.778976,18.626322,425.79227,399.32666,GOES-16_XRS,1,4160,0,2975
2022-03-30 10:48:00,2022-03-30 10:23:00,,202203301023,2.174e-06,C2.1,GOES-16,1.065e-06,2.905e-03,,,,,36.54611,16.386898,550.6019,355.9693,GOES-16_XRS,2,,0,
2022-03-30 11:05:00,2022-03-30 11:00:00,2022-03-30 11:08:00,202203301100,6.731e-06,C6.7,GOES-16,1.734e-06,2.013e-03,2.206e-03,,,,32.472187,13.213367,503.88828,310.418,GOES-16_XRS,3,,0,
2022-03-30 12:35:00,2022-03-30 12:21:00,2022-03-30 12:57:00,202203301221,4.563e-06,C4.5,GOES-16,2.201e-06,3.738e-03,8.269e-03,,,,38.70039,13.313206,586.39386,305.0151,GOES-16_XRS,1,4170,0,2975
2022-03-30 13:59:00,2022-03-30 13:50:00,2022-03-30 14:01:00,202203301350,2.666e-06,C2.6,GOES-16,1.307e-06,1.347e-03,1.467e-03,,,,26.012226,9.536062,417.0816,257.40576,GOES-16_XRS,1,4190,0,2975
2022-03-30 14:13:00,2022-03-30 14:11:00,2022-03-30 14:16:00,202203301411,2.510e-06,C2.5,GOES-17,1.973e-06,8.050e-04,9.157e-04,,,,17.344889,9.599121,283.5393,264.61722,GOES-17_XRS,2,,0,
2022-03-30 14:46:00,2022-03-30 14:35:00,2022-03-30 14:53:00,202203301435,2.014e-06,C2.0,GOES-16,1.313e-06,1.541e-03,2.041e-03,,,,-18.464691,-14.044261,-296.40698,-130.03894,GOES-16_XRS,1,4200,0,2978
2022-03-30 17:37:00,2022-03-30 17:21:00,2022-03-30 17:45:00,202203301721,1.378e-04,X1.3,GOES-16,1.310e-06,6.586e-02,9.569e-02,,,,31.352053,10.577265,493.08447,269.15363,GOES-16_XRS,1,4220,0,2975
2022-03-31 02:54:00,2022-03-31 02:45:00,2022-03-31 03:07:00,202203310245,1.956e-06,C1.9,GOES-16,1.192e-06,1.232e-03,2.300e-03,,,,51.777058,8.204099,748.78253,204.33391,GOES-16_XRS,1,4290,0,
2022-03-31 05:42:00,2022-03-31 05:39:00,2022-03-31 05:47:00,202203310539,3.293e-06,C3.2,GOES-17,1.623e-06,1.092e-03,1.494e-03,,,,35.39756,15.503821,537.88385,342.8655,GOES-17_XRS,1,4300,0,
2022-03-31 08:00:00,2022-03-31 07:56:00,2022-03-31 08:04:00,202203310756,3.975e-06,C3.9,GOES-16,1.543e-06,1.415e-03,1.698e-03,,,,83.10702,-24.500816,868.1128,-383.8288,GOES-16_XRS,1,4330,0,
2022-03-31 09:17:00,2022-03-31 09:13:00,2022-03-31 09:20:00,202203310913,2.050e-06,C2.0,GOES-16,1.442e-06,8.335e-04,9.332e-04,,,,,,963.1168,-328.3246,GOES-16_XRS,1,4340,0,
2022-03-31 12:11:00,2022-03-31 12:01:00,2022-03-31 12:22:00,202203311201,5.409e-06,C5.4,GOES-16,1.735e-06,2.686e-03,4.738e-03,,,,,,896.05646,-412.19995,GOES-16_XRS,1,4370,0,
2022-03-31 13:16:00,2022-03-31 13:08:00,2022-03-31 13:40:00,202203311308,2.417e-06,C2.4,GOES-16,1.277e-06,1.373e-03,4.276e-03,46.0,13.0,HOL,-36.975098,-21.786371,-538.236,-273.3678,GOES-16_XRS,1,4400,0,2975
2022-03-31 14:13:00,2022-03-31 14:02:00,,202203311402,2.916e-06,C2.9,GOES-16,1.333e-06,1.984e-03,,-39.0,-23.0,HOL,-32.61499,-20.39583,-486.96,-246.50212,GOES-16_XRS,1,4430,0,2978
2022-03-31 14:38:00,2022-03-31 14:28:00,2022-03-31 14:45:00,202203311428,3.861e-06,C3.8,GOES-16,2.250e-06,2.593e-03,3.539e-03,,,,-29.720276,-22.181217,-442.53662,-272.71582,GOES-16_XRS,2,,0,
2022-03-31 16:47:00,2022-03-31 16:40:00,2022-03-31 16:51:00,202203311640,2.038e-06,C2.0,GOES-16,1.339e-06,1.084e-03,1.276e-03,,,,51.063606,0.04227486,749.03455,69.996346,GOES-16_XRS,1,4450,0,
2022-03-31 17:34:00,2022-03-31 17:27:00,2022-03-31 17:38:00,202203311727,2.139e-06,C2.1,GOES-16,1.420e-06,1.136e-03,1.346e-03,,,,27.506334,0.5368008,445.25027,106.851395,GOES-16_XRS,1,4500,0,
2022-03-31 18:35:00,2022-03-31 18:17:00,2022-03-31 18:44:00,202203311817,9.672e-05,M9.6,GOES-16,2.083e-06,5.118e-02,7.623e-02,47.0,13.0,HOL,45.78655,9.5409565,680.7659,234.379,GOES-16_XRS,1,4520,0,2975
2022-03-31 19:33:00,2022-03-31 19:29:00,2022-03-31 19:48:00,202203311929,5.467e-06,C5.4,GOES-16,3.252e-06,2.201e-03,6.053e-03,-36.0,-26.0,HOL,-55.689087,-28.632679,-697.8523,-403.75574,GOES-16_XRS,1,4560,0,2981
2022-03-31 20:57:00,2022-03-31 20:51:00,2022-03-31 21:00:00,202203312051,2.641e-06,C2.6,GOES-16,1.689e-06,1.290e-03,1.416e-03,-23.0,-15.0,HOL,-32.806427,-14.894589,-504.68085,-156.61388,GOES-16_XRS,1,4590,0,2978
2022-03-31 23:53:00,2022-03-31 23:43:00,2022-03-31 23:58:00,202203312343,4.416e-06,C4.4,GOES-16,1.570e-06,2.446e-03,2.925e-03,,,,53.240494,11.155656,756.6174,249.57664,GOES-16_XRS,1,4620,0,2975
2022-04-01 02:34:00,2022-04-01 02:27:00,2022-04-01 02:39:00,202204010227,5.766e-06,C5.7,GOES-16,1.163e-06,1.964e-03,2.562e-03,,,,-31.173553,-21.954723,-462.7053,-270.69818,GOES-16_XRS,1,4640,0,2981
2022-04-01 03:04:00,2022-04-01 02:55:00,2022-04-01 03:09:00,202204010255,3.023e-06,C3.0,GOES-16,1.870e-06,1.902e-03,2.335e-03,,,,-12.749847,-14.069633,-206.45193,-128.80907,GOES-16_XRS,1,4660,0,2981
2022-04-01 04:02:00,2022-04-01 04:00:00,2022-04-01 04:11:00,202204010400,2.279e-06,C2.2,GOES-16,1.283e-06,6.531e-04,1.538e-03,,,,-30.769836,-27.79133,-436.1342,-362.82678,GOES-16_XRS,1,4670,0,2981
2022-04-01 04:58:00,2022-04-01 04:47:00,,202204010447,2.084e-06,C2.0,GOES-17,1.342e-06,1.578e-03,,,,,5.420577,-5.680459,90.6646,14.105132,GOES-17_XRS,1,,0,
2022-04-01 05:17:00,2022-04-01 05:09:00,2022-04-01 05:23:00,202204010509,2.549e-06,C2.5,GOES-17,2.027e-06,1.678e-03,2.231e-03,,,,-23.933899,-22.838408,-360.4099,-279.13043,GOES-17_XRS,2,4680,0,2981
2022-04-01 06:22:00,2022-04-01 06:15:00,,202204010615,4.371e-06,C4.3,GOES-16,1.398e-06,1.968e-03,,,,,-28.683899,-17.85309,-440.3662,-201.84679,GOES-16_XRS,1,4720,0,2978
2022-04-01 06:47:00,2022-04-01 06:38:00,2022-04-01 06:54:00,202204010638,3.845e-06,C3.8,GOES-16,2.992e-06,2.742e-03,3.777e-03,,,,-32.37323,-18.83937,-488.3693,-221.39224,GOES-16_XRS,2,4770,0,2978
2022-04-01 07:22:00,2022-04-01 07:14:00,2022-04-01 07:30:00,202204010714,4.411e-06,C4.4,GOES-16,1.867e-06,2.530e-03,3.721e-03,,,,-27.853577,-25.80045,-405.39957,-329.33133,GOES-16_XRS,1,4730,0,2981
2022-04-01 08:35:00,2022-04-01 08:27:00,2022-04-01 08:50:00,202204010827,1.911e-06,C1.9,GOES-16,1.273e-06,1.128e-03,2.431e-03,,,,-14.875946,-8.883289,-244.59836,-43.07562,GOES-16_XRS,1,4790,0,2978
2022-04-01 11:38:00,2022-04-01 11:32:00,2022-04-01 11:45:00,202204011132,2.558e-06,C2.5,GOES-16,1.824e-06,1.376e-03,2.040e-03,,,,,,964.45984,267.26517,GOES-16_XRS,1,4820,0,
2022-04-01 12:29:00,2022-04-01 12:22:00,2022-04-01 12:34:00,202204011222,2.187e-06,C2.1,GOES-16,1.445e-06,1.185e-03,1.507e-03,,,,-25.327087,-18.810287,-390.32697,-214.98563,GOES-16_XRS,1,4830,0,
2022-04-01 12:54:00,2022-04-01 12:51:00,2022-04-01 13:00:00,202204011251,1.934e-06,C1.9,GOES-16,1.307e-06,7.182e-04,1.112e-03,,,,-21.36261,-18.27674,-333.4536,-203.42336,GOES-16_XRS,1,4840,0,
2022-04-01 13:32:00,2022-04-01 13:23:00,,202204011323,2.333e-06,C2.3,GOES-16,1.367e-06,1.438e-03,,,,,-22.45868,-18.871439,-348.466,-213.9364,GOES-16_XRS,1,,0,
2022-04-01 13:42:00,2022-04-01 13:38:00,2022-04-01 13:46:00,202204011338,2.811e-06,C2.8,GOES-16,1.870e-06,1.177e-03,1.438e-03,,,,-12.529724,-17.524084,-199.47801,-186.41254,GOES-16_XRS,2,4860,0,
2022-04-01 14:29:00,2022-04-01 14:21:00,2022-04-01 14:41:00,202204011421,2.223e-06,C2.2,GOES-16,1.244e-06,1.213e-03,2.313e-03,-22.0,-18.0,HOL,-21.814575,-16.253742,-343.92056,-170.4218,GOES-16_XRS,1,4900,0,2978
2022-04-01 16:16:00,2022-04-01 16:10:00,2022-04-01 16:26:00,202204011610,1.904e-06,C1.9,GOES-16,1.227e-06,9.743e-04,1.762e-03,,,,-20.934784,-15.917877,-331.24875,-164.33658,GOES-16_XRS,1,4920,0,
2022-04-01 16:44:00,2022-04-01 16:38:00,2022-04-01 16:48:00,202204011638,1.912e-06,C1.9,GOES-16,1.375e-06,1.013e-03,1.204e-03,,,,-17.095306,-13.395289,-275.71432,-120.10936,GOES-16_XRS,1,4930,0,
2022-04-01 18:45:00,2022-04-01 18:38:00,2022-04-01 18:53:00,202204011838,2.217e-06,C2.2,GOES-16,1.503e-06,1.284e-03,1.966e-03,,,,,,957.71185,373.2211,GOES-16_XRS,1,4940,0,
2022-04-01 20:00:00,2022-04-01 19:47:00,,202204011947,1.620e-06,C1.6,GOES-16,1.054e-06,1.450e-03,,,,,-20.336731,-22.128767,-310.3208,-265.7789,GOES-16_XRS,1,,0,
2022-04-01 20:08:00,2022-04-01 20:05:00,2022-04-01 20:11:00,202204012005,1.958e-06,C1.9,GOES-16,1.576e-06,7.387e-04,8.394e-04,-20.0,-17.0,HOL,-25.072449,-21.769276,-379.29266,-263.1734,GOES-16_XRS,2,4960,0,2978
2022-04-01 22:16:00,2022-04-01 22:09:00,2022-04-01 22:28:00,202204012209,1.683e-06,C1.6,GOES-16,1.138e-06,9.534e-04,1.833e-03,,,,55.852848,16.66883,762.7511,332.81827,GOES-16_XRS,1,5000,0,2978
2022-04-01 22:44:00,2022-04-01 22:36:00,2022-04-01 22:47:00,202204012236,4.983e-06,C4.9,GOES-16,1.504e-06,1.661e-03,1.800e-03,-22.0,-26.0,HOL,-21.518646,-25.245356,-319.7569,-316.49805,GOES-16_XRS,1,5010,0,2981
2022-04-02 01:06:00,2022-04-02 00:55:00,2022-04-02 01:15:00,202204020055,3.218e-06,C3.2,GOES-16,1.423e-06,1.977e-03,2.979e-03,,,,65.05732,15.276763,840.98517,295.98755,GOES-16_XRS,1,5020,0,2975
2022-04-02 02:56:00,2022-04-02 02:39:00,2022-04-02 03:06:00,202204020239,2.909e-05,M2.9,GOES-16,1.508e-06,1.478e-02,2.332e-02,,,,67.3527,11.418067,869.66125,230.1507,GOES-16_XRS,1,5040,0,2975
2022-04-02 04:24:00,2022-04-02 04:19:00,,202204020419,2.072e-06,C2.0,GOES-16,9.990e-07,7.935e-04,,,,,-17.727905,-23.652992,-268.83374,-289.1,GOES-16_XRS,1,5090,0,2981
2022-04-02 05:05:00,2022-04-02 04:56:00,2022-04-02 05:11:00,202204020456,3.969e-06,C3.9,GOES-17,9.536e-07,1.648e-03,2.251e-03,,,,-14.619293,-23.702085,-222.76308,-288.41953,GOES-17_XRS,1,5120,0,2981
2022-04-02 06:29:00,2022-04-02 05:58:00,,202204020558,2.177e-06,C2.1,GOES-16,1.048e-06,3.575e-03,,,,,70.61882,17.587591,864.15045,322.8685,GOES-16_XRS,1,5130,0,2984
2022-04-02 07:06:00,2022-04-02 06:50:00,,202204020650,2.224e-06,C2.2,GOES-16,1.825e-06,2.422e-03,,,,,62.796154,13.242988,832.47754,267.2191,GOES-16_XRS,2,5160,0,2975
2022-04-02 07:27:00,2022-04-02 07:15:00,,202204020715,2.370e-06,C2.3,GOES-16,2.171e-06,2.202e-03,,,,,,,918.367,325.66,GOES-16_XRS,3,5170,0,2984
2022-04-02 07:36:00,2022-04-02 07:30:00,,202204020730,2.559e-06,C2.5,GOES-16,2.343e-06,1.481e-03,,,,,,,944.8898,284.70105,GOES-16_XRS,4,5190,0,2984
2022-04-02 07:43:00,2022-04-02 07:39:00,2022-04-02 07:49:00,202204020739,6.446e-06,C6.4,GOES-16,2.504e-06,2.203e-03,3.234e-03,-17.0,-26.0,SVI,5.5741177,-14.177244,90.79836,-129.53021,GOES-16_XRS,5,5180,0,2981
2022-04-02 08:25:00,2022-04-02 08:17:00,2022-04-02 08:29:00,202204020817,6.537e-06,C6.5,GOES-16,2.367e-06,3.399e-03,3.871e-03,67.0,13.0,SVI,31.280842,0.17712234,500.28745,95.957794,GOES-16_XRS,1,5140,0,2975
2022-04-02 08:39:00,2022-04-02 08:36:00,2022-04-02 08:45:00,202204020836,3.468e-06,C3.4,GOES-16,2.542e-06,1.302e-03,2.013e-03,,,,84.4763,17.582245,910.8644,298.07043,GOES-16_XRS,1,5150,0,2975
2022-04-02 10:46:00,2022-04-02 10:40:00,2022-04-02 10:49:00,202204021040,2.636e-06,C2.6,GOES-16,1.267e-06,1.214e-03,1.314e-03,,,,-3.7219543,-17.562098,-59.66606,-185.54272,GOES-16_XRS,1,5200,0,2978
2022-04-02 13:55:00,2022-04-02 12:56:00,2022-04-02 14:43:00,202204021256,3.944e-05,M3.9,GOES-16,1.613e-06,5.888e-02,1.414e-01,61.0,15.0,HOL,67.30773,13.384003,862.70465,261.7358,GOES-16_XRS,1,5230,0,2976
2022-04-02 17:44:00,2022-04-02 17:34:00,2022-04-02 17:50:00,202204021734,4.306e-05,M4.3,GOES-16,3.300e-06,1.523e-02,2.095e-02,78.0,14.0,HOL,72.910194,11.0338745,901.38525,213.90761,GOES-16_XRS,1,5270,0,2975
2022-04-02 20:23:00,2022-04-02 20:15:00,2022-04-02 20:35:00,202204022015,2.571e-06,C2.5,GOES-16,1.490e-06,1.457e-03,3.021e-03,,,,,,960.25836,197.16696,GOES-16_XRS,1,5360,0,
2022-04-03 04:07:00,2022-04-03 03:58:00,2022-04-03 04:10:00,202204030358,2.082e-06,C2.0,GOES-16,9.084e-07,1.065e-03,1.140e-03,70.0,20.0,LEA,71.246796,12.991292,886.46985,248.36668,GOES-16_XRS,1,5470,0,2975
2022-04-03 07:47:00,2022-04-03 07:40:00,2022-04-03 07:51:00,202204030740,1.376e-06,C1.3,GOES-16,9.046e-07,7.199e-04,8.563e-04,,,,8.196106,-19.042168,129.87918,-211.49487,GOES-16_XRS,1,5540,0,2981
2022-04-03 10:14:00,2022-04-03 10:05:00,2022-04-03 10:17:00,202204031005,1.633e-06,C1.6,GOES-16,1.104e-06,1.108e-03,1.186e-03,84.0,13.0,SVI,68.240295,14.9228115,862.3115,284.39453,GOES-16_XRS,1,5530,0,2975
2022-04-03 13:09:00,2022-04-03 12:45:00,2022-04-03 13:25:00,202204031245,6.498e-06,C6.4,GOES-16,1.222e-06,6.414e-03,1.041e-02,,,,73.093864,17.137009,878.15765,311.06207,GOES-16_XRS,1,5570,0,2976
2022-04-03 17:14:00,2022-04-03 16:47:00,2022-04-03 17:39:00,202204031647,3.804e-06,C3.8,GOES-16,1.787e-06,5.766e-03,1.018e-02,,,,77.766785,16.506128,899.6241,292.8387,GOES-16_XRS,1,5620,0,2976
2022-04-04 03:29:00,2022-04-04 03:18:00,2022-04-04 03:42:00,202204040318,1.517e-06,C1.5,GOES-16,8.896e-07,1.076e-03,1.894e-03,,,,,,981.62506,222.64845,GOES-16_XRS,1,5720,0,2984
2022-04-04 09:37:00,2022-04-04 09:21:00,,202204040921,2.080e-06,C2.0,GOES-16,1.060e-06,2.148e-03,,,,,,,960.4721,259.28677,GOES-16_XRS,1,5770,0,2976
2022-04-04 10:17:00,2022-04-04 09:59:00,,202204040959,2.536e-06,C2.5,GOES-16,1.848e-06,3.008e-03,,,,,65.2163,12.340674,852.1978,247.70757,GOES-16_XRS,2,5780,0,2984
2022-04-04 10:49:00,2022-04-04 10:37:00,2022-04-04 10:55:00,202204041037,2.553e-06,C2.5,GOES-16,2.309e-06,2.349e-03,2.937e-03,,,,52.177494,-4.7981944,757.1496,-14.821057,GOES-16_XRS,3,5790,0,2979
2022-04-04 21:13:00,2022-04-04 20:52:00,2022-04-04 21:41:00,202204042052,2.756e-06,C2.7,GOES-16,1.274e-06,3.217e-03,6.894e-03,,,,-16.781708,-22.831474,-256.29572,-277.63202,GOES-16_XRS,1,5850,0,2982
2022-04-05 07:58:00,2022-04-05 07:56:00,2022-04-05 08:02:00,202204050756,1.223e-06,C1.2,GOES-16,8.247e-07,3.874e-04,5.060e-04,,,,20.485743,-8.718737,333.16315,-47.101734,GOES-16_XRS,1,5870,0,2978
2022-04-05 22:41:00,2022-04-05 22:31:00,2022-04-05 22:47:00,202204052231,1.922e-06,C1.9,GOES-16,5.860e-07,1.058e-03,1.365e-03,-47.0,-25.0,HOL,-52.27411,-22.810486,-700.96405,-311.26074,GOES-16_XRS,1,5910,0,2985
2022-04-06 04:20:00,2022-04-06 04:15:00,2022-04-06 04:24:00,202204060415,1.371e-06,C1.3,GOES-16,9.764e-07,6.452e-04,7.751e-04,,,,49.708965,-29.530169,638.0688,-412.0822,GOES-16_XRS,1,5940,0,2978
2022-04-06 10:23:00,2022-04-06 09:56:00,2022-04-06 11:14:00,202204060956,3.118e-06,C3.1,GOES-16,6.657e-07,3.728e-03,1.110e-02,,,,83.22211,14.418905,922.2832,249.29503,GOES-16_XRS,1,5970,0,
2022-04-07 01:31:00,2022-04-07 01:17:00,2022-04-07 01:40:00,202204070117,1.265e-06,C1.2,GOES-16,5.662e-07,9.998e-04,1.410e-03,-31.0,-23.0,LEA,-36.954803,-17.051205,-552.8984,-201.0486,GOES-16_XRS,1,6010,0,2985
2022-04-07 14:19:00,2022-04-07 14:10:00,2022-04-07 14:25:00,202204071410,5.589e-07,B5.5,GOES-16,3.863e-07,3.700e-04,4.844e-04,,,,,,,,,1,6050,0,
2022-04-08 11:21:00,2022-04-08 11:08:00,2022-04-08 11:27:00,202204081108,1.088e-06,C1.0,GOES-16,3.011e-07,6.623e-04,8.242e-04,,,,38.619137,18.161184,570.03687,373.81506,GOES-16_XRS,1,6160,0,2983
2022-04-08 15:14:00,2022-04-08 14:39:00,2022-04-08 15:40:00,202204081439,2.435e-06,C2.4,GOES-16,4.464e-07,3.410e-03,6.190e-03,76.0,-21.0,HOL,72.09342,-13.48285,887.8016,-191.96588,GOES-16_XRS,1,6210,0,2978
2022-04-08 17:29:00,2022-04-08 17:20:00,2022-04-08 17:39:00,202204081720,1.044e-06,C1.0,GOES-16,4.873e-07,6.284e-04,1.035e-03,,,,35.174633,21.855978,513.90515,433.16223,GOES-16_XRS,1,6240,0,2983
2022-04-08 19:18:00,2022-04-08 19:06:00,2022-04-08 19:28:00,202204081906,7.052e-07,B7.0,GOES-16,4.501e-07,5.821e-04,8.769e-04,,,,,,,,,1,6250,0,2978
2022-04-09 06:17:00,2022-04-09 06:07:00,2022-04-09 06:29:00,202204090607,6.493e-07,B6.4,GOES-16,4.173e-07,4.555e-04,7.983e-04,,,,,,,,,1,6260,0,2983
2022-04-09 07:33:00,2022-04-09 07:20:00,2022-04-09 07:39:00,202204090720,1.033e-06,C1.0,GOES-16,4.190e-07,7.129e-04,8.829e-04,,,,82.81072,-28.06792,839.15015,-437.3361,GOES-16_XRS,1,6270,0,2978
2022-04-09 10:59:00,2022-04-09 10:51:00,,202204091051,6.156e-07,B6.1,GOES-16,3.673e-07,3.499e-04,,,,,,,,,,1,,0,
2022-04-09 11:10:00,2022-04-09 11:02:00,,202204091102,3.658e-06,C3.6,GOES-16,5.830e-07,1.653e-03,,,,,80.03257,-24.047983,862.25024,-372.54636,GOES-16_XRS,2,,0,
2022-04-09 11:24:00,2022-04-09 11:16:00,2022-04-09 11:32:00,202204091116,4.713e-06,C4.7,GOES-16,3.118e-06,3.022e-03,4.516e-03,,,,81.80913,-22.421589,877.0385,-350.2935,GOES-16_XRS,3,6280,0,2978
2022-04-09 19:00:00,2022-04-09 18:52:00,2022-04-09 19:04:00,202204091852,1.155e-06,C1.1,GOES-16,5.670e-07,6.029e-04,7.025e-04,,,,68.37792,-16.648306,854.49805,-237.84195,GOES-16_XRS,1,6310,0,2978
2022-04-10 01:18:00,2022-04-10 01:11:00,2022-04-10 01:23:00,202204100111,5.061e-07,B5.0,GOES-16,3.303e-07,2.737e-04,3.474e-04,,,,,,,,,1,6320,0,2978
2022-04-10 02:40:00,2022-04-10 02:30:00,2022-04-10 02:49:00,202204100230,4.967e-06,C4.9,GOES-16,2.962e-07,1.886e-03,3.147e-03,,,,86.00725,-23.916916,873.6875,-379.92145,GOES-16_XRS,1,6330,0,2978
2022-04-10 17:30:00,2022-04-10 17:24:00,2022-04-10 17:35:00,202204101724,5.208e-07,B5.2,GOES-16,3.049e-07,2.582e-04,3.294e-04,,,,,,,,,1,6360,0,
2022-04-10 22:13:00,2022-04-10 21:59:00,2022-04-10 22:26:00,202204102159,5.982e-07,B5.9,GOES-16,2.960e-07,5.118e-04,8.367e-04,,,,,,,,,1,6370,0,
2022-04-11 05:21:00,2022-04-11 04:59:00,2022-04-11 05:58:00,202204110459,1.632e-06,C1.6,GOES-17,3.200e-07,1.609e-03,4.304e-03,-11.0,-18.0,LEA,-6.82251,-18.347866,-108.43033,-207.68674,GOES-17_XRS,1,6380,0,2987
2022-04-11 18:17:00,2022-04-11 18:14:00,,202204111814,5.568e-07,B5.5,GOES-16,3.495e-07,2.099e-04,,,,,,,,,,1,,0,
2022-04-11 18:26:00,2022-04-11 18:19:00,2022-04-11 18:34:00,202204111819,1.144e-06,C1.1,GOES-16,5.439e-07,5.426e-04,8.644e-04,,,,66.48613,11.933034,860.1866,235.52715,GOES-16_XRS,2,,0,
2022-04-11 22:30:00,2022-04-11 22:23:00,2022-04-11 22:45:00,202204112223,5.057e-07,B5.0,GOES-16,3.677e-07,2.946e-04,6.540e-04,,,,,,,,,1,6400,0,
2022-04-12 03:33:00,2022-04-12 03:26:00,2022-04-12 03:35:00,202204120326,8.826e-07,B8.8,GOES-16,5.181e-07,4.084e-04,4.342e-04,,,,,,,,,1,6410,0,
2022-04-12 03:47:00,2022-04-12 03:40:00,2022-04-12 03:50:00,202204120340,5.441e-07,B5.4,GOES-16,3.786e-07,3.113e-04,3.374e-04,,,,,,,,,1,6420,0,
2022-04-12 04:10:00,2022-04-12 04:06:00,2022-04-12 04:15:00,202204120406,4.838e-07,B4.8,GOES-16,3.543e-07,2.110e-04,2.850e-04,,,,,,,,,1,6430,0,
2022-04-12 04:23:00,2022-04-12 04:17:00,2022-04-12 04:29:00,202204120417,6.156e-07,B6.1,GOES-16,3.939e-07,3.100e-04,4.235e-04,,,,,,,,,1,6440,0,
2022-04-12 04:56:00,2022-04-12 04:45:00,2022-04-12 05:05:00,202204120445,1.127e-06,C1.1,GOES-17,2.988e-07,5.644e-04,8.974e-04,,,,69.07365,13.081696,872.03265,249.77185,GOES-17_XRS,1,6450,0,
2022-04-12 06:04:00,2022-04-12 05:57:00,,202204120557,7.083e-07,B7.0,GOES-16,4.003e-07,3.723e-04,,,,,,,,,,1,6460,0,
2022-04-12 06:11:00,2022-04-12 06:08:00,2022-04-12 06:14:00,202204120608,7.566e-07,B7.5,GOES-16,6.654e-07,2.985e-04,3.364e-04,,,,,,,,,2,,0,
2022-04-12 06:49:00,2022-04-12 06:38:00,2022-04-12 06:56:00,202204120638,3.874e-06,C3.8,GOES-16,4.297e-07,1.727e-03,2.417e-03,,,,,,938.77765,207.3981,GOES-16_XRS,1,6470,0,
2022-04-12 08:08:00,2022-04-12 07:57:00,2022-04-12 08:17:00,202204120757,1.101e-06,C1.1,GOES-16,4.116e-07,7.295e-04,1.066e-03,,,,,,970.8411,216.47389,GOES-16_XRS,1,6480,0,
2022-04-12 08:55:00,2022-04-12 08:49:00,2022-04-12 09:02:00,202204120849,6.901e-07,B6.9,GOES-16,3.466e-07,3.237e-04,4.900e-04,,,,,,,,,1,6490,0,
2022-04-12 10:01:00,2022-04-12 09:48:00,2022-04-12 10:15:00,202204120948,1.232e-06,C1.2,GOES-16,3.492e-07,8.635e-04,1.599e-03,,,,72.91087,8.029251,906.933,161.46696,GOES-16_XRS,1,6500,0,2983
2022-04-12 10:08:00,2022-04-12 10:04:00,2022-04-12 10:10:00,202204121004,1.241e-06,C1.2,GOES-17,1.091e-06,5.541e-04,6.134e-04,,,,,,962.4739,200.2276,GOES-17_XRS,2,6600,0,
2022-04-12 11:14:00,2022-04-12 11:04:00,2022-04-12 11:26:00,202204121104,7.575e-07,B7.5,GOES-16,3.006e-07,4.766e-04,8.529e-04,,,,,,,,,1,6510,0,
2022-04-12 12:08:00,2022-04-12 11:55:00,2022-04-12 12:21:00,202204121155,9.382e-07,B9.3,GOES-16,2.716e-07,5.923e-04,1.067e-03,,,,,,,,,1,6520,0,
2022-04-12 14:39:00,2022-04-12 14:23:00,,202204121423,8.940e-07,B8.9,GOES-16,3.419e-07,7.532e-04,,,,,,,,,,1,6540,0,
2022-04-12 15:05:00,2022-04-12 14:51:00,2022-04-12 15:11:00,202204121451,1.197e-06,C1.1,GOES-16,7.781e-07,1.096e-03,1.337e-03,,,,55.848232,7.2882996,787.49744,175.18803,GOES-16_XRS,2,6590,0,
2022-04-12 16:02:00,2022-04-12 15:57:00,2022-04-12 16:04:00,202204121557,4.826e-07,B4.8,GOES-16,3.374e-07,2.198e-04,2.408e-04,,,,,,,,,1,6550,0,
2022-04-12 17:40:00,2022-04-12 17:20:00,,202204121720,1.304e-06,C1.3,GOES-16,2.815e-07,1.148e-03,,,,,77.30321,11.462854,915.71497,210.23184,GOES-16_XRS,1,6560,0,2983
2022-04-12 17:58:00,2022-04-12 17:53:00,2022-04-12 18:01:00,202204121753,1.334e-06,C1.3,GOES-16,1.085e-06,6.621e-04,7.304e-04,,,,,,1003.8131,226.49019,GOES-16_XRS,2,6580,0,2983
2022-04-12 20:32:00,2022-04-12 20:26:00,2022-04-12 20:35:00,202204122026,2.893e-07,B2.8,GOES-16,2.107e-07,1.511e-04,1.651e-04,,,,,,,,,1,6570,0,2989
2022-04-12 21:31:00,2022-04-12 21:22:00,2022-04-12 21:45:00,202204122122,4.367e-07,B4.3,GOES-16,2.482e-07,3.048e-04,5.673e-04,,,,,,,,,1,6610,0,
2022-04-12 22:50:00,2022-04-12 22:42:00,,202204122242,3.918e-07,B3.9,GOES-16,2.629e-07,2.483e-04,,,,,,,,,,1,6620,0,
2022-04-12 23:19:00,2022-04-12 23:01:00,2022-04-12 23:27:00,202204122301,4.131e-07,B4.1,GOES-16,3.650e-07,5.112e-04,6.519e-04,,,,,,,,,2,6620,0,
2022-04-13 00:35:00,2022-04-13 00:15:00,2022-04-13 00:57:00,202204130015,9.812e-07,B9.8,GOES-16,3.127e-07,9.569e-04,1.915e-03,,,,,,,,,1,6630,0,
2022-04-13 13:09:00,2022-04-13 13:00:00,2022-04-13 13:45:00,202204131300,2.937e-07,B2.9,GOES-16,2.008e-07,2.023e-04,7.298e-04,,,,,,,,,1,6650,0,
2022-04-15 11:01:00,2022-04-15 10:31:00,,202204151031,1.279e-05,M1.2,GOES-16,1.576e-06,1.463e-02,,,,,,,-949.4085,157.13962,GOES-16_XRS,1,6780,0,
2022-04-15 11:49:00,2022-04-15 11:07:00,2022-04-15 12:28:00,202204151107,2.210e-05,M2.2,GOES-16,1.233e-05,4.673e-02,8.952e-02,,,,,,-942.41425,166.96849,GOES-16_XRS,2,,0,
2022-04-15 13:59:00,2022-04-15 13:47:00,2022-04-15 14:10:00,202204151347,1.971e-05,M1.9,GOES-16,1.154e-05,1.572e-02,2.484e-02,,,,-78.9892,13.653768,-912.711,242.08832,GOES-16_XRS,1,6790,0,
2022-04-15 18:43:00,2022-04-15 18:33:00,2022-04-15 19:01:00,202204151833,4.455e-06,C4.4,GOES-16,3.069e-06,3.277e-03,7.226e-03,,,,-85.668945,14.257668,-924.21277,241.20627,GOES-16_XRS,1,6820,0,
2022-04-15 22:46:00,2022-04-15 22:34:00,2022-04-15 23:04:00,202204152234,4.421e-06,C4.4,GOES-16,1.959e-06,3.260e-03,6.829e-03,,,,-74.42374,13.573354,-896.2055,247.76189,GOES-16_XRS,1,6860,0,
2022-04-16 02:50:00,2022-04-16 02:39:00,2022-04-16 03:00:00,202204160239,5.170e-06,C5.1,GOES-16,1.717e-06,3.076e-03,4.905e-03,,,,,,-892.8409,346.67175,GOES-16_XRS,1,6890,0,2993
2022-04-16 06:11:00,2022-04-16 06:02:00,2022-04-16 06:22:00,202204160602,3.792e-06,C3.7,GOES-16,1.866e-06,2.242e-03,3.952e-03,,,,-80.036316,17.925701,-896.4049,308.22632,GOES-16_XRS,1,6930,0,2993
2022-04-16 07:24:00,2022-04-16 07:17:00,2022-04-16 07:30:00,202204160717,2.910e-06,C2.9,GOES-16,1.667e-06,1.497e-03,2.038e-03,,,,-74.959045,17.676596,-880.50446,312.00702,GOES-16_XRS,1,6950,0,2993
2022-04-16 07:48:00,2022-04-16 07:38:00,2022-04-16 07:55:00,202204160738,4.234e-06,C4.2,GOES-16,1.713e-06,2.605e-03,3.538e-03,,,,-72.21933,20.68186,-852.6176,362.78024,GOES-16_XRS,1,6960,0,2993
2022-04-16 09:00:00,2022-04-16 08:47:00,2022-04-16 09:06:00,202204160847,6.979e-06,C6.9,GOES-16,2.068e-06,4.226e-03,5.350e-03,,,,-78.20322,16.692144,-897.01495,291.5432,GOES-16_XRS,1,6970,0,2993
2022-04-16 10:43:00,2022-04-16 10:39:00,2022-04-16 10:45:00,202204161039,2.249e-06,C2.2,GOES-16,1.532e-06,8.788e-04,9.780e-04,,,,-62.178772,12.98982,-825.4403,256.18774,GOES-16_XRS,1,6980,0,2993
2022-04-16 11:33:00,2022-04-16 11:22:00,2022-04-16 11:57:00,202204161122,3.360e-06,C3.3,GOES-16,1.830e-06,2.395e-03,6.332e-03,,,,-82.364655,19.469654,-893.6447,328.78665,GOES-16_XRS,1,6990,0,2993
2022-04-16 13:57:00,2022-04-16 13:50:00,2022-04-16 14:08:00,202204161350,2.691e-06,C2.6,GOES-16,1.613e-06,1.447e-03,2.687e-03,,,,,,-911.76086,371.5581,GOES-16_XRS,1,7000,0,2993
2022-04-16 14:25:00,2022-04-16 14:18:00,2022-04-16 14:32:00,202204161418,2.193e-06,C2.1,GOES-16,1.472e-06,1.280e-03,1.843e-03,,,,,,-956.06464,331.73148,GOES-16_XRS,1,7010,0,2993
2022-04-16 14:56:00,2022-04-16 14:49:00,2022-04-16 15:08:00,202204161449,1.035e-05,M1.0,GOES-16,1.695e-06,4.516e-03,8.545e-03,,,,-74.160706,18.10044,-875.001,319.72772,GOES-16_XRS,1,7030,0,2993
2022-04-17 00:37:00,2022-04-17 00:33:00,2022-04-17 00:41:00,202204170033,2.990e-06,C2.9,GOES-16,1.473e-06,1.084e-03,1.344e-03,,,,-77.79895,19.398602,-881.8276,334.42337,GOES-16_XRS,1,7060,0,2993
2022-04-17 01:36:00,2022-04-17 01:26:00,,202204170126,3.156e-06,C3.1,GOES-16,1.779e-06,2.138e-03,,,,,-76.438324,18.04031,-884.2207,315.22296,GOES-16_XRS,1,7070,0,2993
2022-04-17 01:57:00,2022-04-17 01:41:00,,202204170141,4.985e-06,C4.9,GOES-16,2.913e-06,4.603e-03,,,,,-77.0452,19.990326,-876.0272,344.71265,GOES-16_XRS,2,7080,0,2993
2022-04-17 02:11:00,2022-04-17 02:00:00,2022-04-17 02:22:00,202204170200,1.891e-05,M1.8,GOES-16,4.790e-06,1.113e-02,1.847e-02,,,,-74.22348,19.1385,-869.8159,335.65204,GOES-16_XRS,3,7100,0,2993
2022-04-17 03:34:00,2022-04-17 03:17:00,2022-04-17 03:50:00,202204170317,1.163e-04,X1.1,GOES-16,1.980e-06,7.238e-02,1.367e-01,,,,-77.37259,9.630688,-920.32043,178.93353,GOES-16_XRS,1,7140,0,2994
2022-04-17 09:40:00,2022-04-17 09:33:00,2022-04-17 09:49:00,202204170933,3.985e-06,C3.9,GOES-16,2.580e-06,2.125e-03,3.593e-03,,,,-81.71268,14.202365,-917.2748,246.20584,GOES-16_XRS,1,7200,0,2994
2022-04-17 16:08:00,2022-04-17 16:02:00,2022-04-17 16:12:00,202204171602,7.722e-06,C7.7,GOES-16,1.262e-06,2.656e-03,3.083e-03,57.0,-35.0,HOL,64.955765,-30.390066,748.2252,-449.16696,GOES-16_XRS,1,7250,0,2992
2022-04-17 17:44:00,2022-04-17 17:40:00,2022-04-17 17:48:00,202204171740,1.699e-06,C1.6,GOES-16,1.190e-06,6.909e-04,8.516e-04,,,,,,981.0498,-422.69656,GOES-16_XRS,1,7270,0,2992
2022-04-17 18:04:00,2022-04-17 17:50:00,2022-04-17 18:09:00,202204171750,6.210e-06,C6.2,GOES-16,1.245e-06,3.790e-03,4.412e-03,,,,63.20333,-31.017288,732.46533,-456.30542,GOES-16_XRS,1,7280,0,2992
2022-04-17 20:02:00,2022-04-17 19:52:00,2022-04-17 20:05:00,202204171952,1.554e-05,M1.5,GOES-16,1.417e-06,4.804e-03,5.209e-03,70.0,-31.0,HOL,68.54059,-30.855293,764.72174,-460.39798,GOES-16_XRS,1,7300,0,2992
2022-04-17 21:01:00,2022-04-17 20:52:00,2022-04-17 21:07:00,202204172052,2.749e-06,C2.7,GOES-16,1.423e-06,1.538e-03,2.041e-03,,,,-63.430206,11.486492,-839.1335,229.30844,GOES-16_XRS,1,7310,0,2994
2022-04-17 21:19:00,2022-04-17 21:13:00,2022-04-17 21:24:00,202204172113,3.224e-06,C3.2,GOES-16,1.785e-06,1.564e-03,2.012e-03,,,,29.275375,-22.360231,433.81955,-290.48373,GOES-16_XRS,1,7320,0,2992
2022-04-17 22:34:00,2022-04-17 22:28:00,2022-04-17 22:39:00,202204172228,4.460e-05,M4.4,GOES-16,1.549e-06,1.304e-02,1.685e-02,73.0,-31.0,HOL,73.44347,-31.809544,779.3924,-480.30722,GOES-16_XRS,1,7330,0,2992
2022-04-18 00:36:00,2022-04-18 00:29:00,2022-04-18 00:47:00,202204180029,5.946e-06,C5.9,GOES-16,2.134e-06,2.947e-03,5.311e-03,,,,-62.92209,19.1876,-804.98663,351.8756,GOES-16_XRS,1,7340,0,2993
2022-04-18 00:56:00,2022-04-18 00:50:00,2022-04-18 00:59:00,202204180050,5.234e-06,C5.2,GOES-16,3.407e-06,2.602e-03,2.830e-03,,,,,,-924.2331,447.96332,GOES-16_XRS,1,7350,0,2993
2022-04-18 01:38:00,2022-04-18 01:27:00,2022-04-18 01:44:00,202204180127,2.828e-06,C2.8,GOES-16,2.046e-06,2.303e-03,2.893e-03,,,,-56.3768,11.041023,-782.8043,231.47891,GOES-16_XRS,1,7360,0,2993
2022-04-18 02:37:00,2022-04-18 02:29:00,2022-04-18 02:51:00,202204180229,2.747e-06,C2.7,GOES-16,1.738e-06,1.627e-03,3.340e-03,,,,,,-909.8742,319.10352,GOES-16_XRS,1,7370,0,2994
2022-04-18 03:19:00,2022-04-18 03:01:00,2022-04-18 03:32:00,202204180301,8.567e-06,C8.5,GOES-16,1.754e-06,7.020e-03,1.093e-02,,,,84.603424,-30.377466,821.1313,-474.05954,GOES-16_XRS,1,7380,0,2992
2022-04-18 03:55:00,2022-04-18 03:49:00,,202204180349,5.326e-06,C5.3,GOES-16,3.547e-06,2.770e-03,,,,,,,-1214.0316,365.13202,GOES-16_XRS,1,,0,
2022-04-18 04:03:00,2022-04-18 03:58:00,2022-04-18 04:06:00,202204180358,7.364e-06,C7.3,GOES-16,4.851e-06,3.389e-03,3.687e-03,,,,,,-1172.4138,406.27316,GOES-16_XRS,2,7390,0,2994
2022-04-18 04:49:00,2022-04-18 04:42:00,2022-04-18 04:57:00,202204180442,2.960e-06,C2.9,GOES-16,1.941e-06,1.667e-03,2.580e-03,,,,78.67249,-31.785114,797.1405,-486.60117,GOES-16_XRS,1,7400,0,2992
2022-04-18 07:48:00,2022-04-18 07:37:00,2022-04-18 07:53:00,202204180737,1.361e-05,M1.3,GOES-16,1.291e-06,4.479e-03,5.780e-03,-67.0,19.0,LEA,73.82856,-31.870096,780.31476,-481.75668,GOES-16_XRS,1,7420,0,2993
2022-04-18 09:14:00,2022-04-18 09:09:00,2022-04-18 09:17:00,202204180909,2.554e-06,C2.5,GOES-16,1.630e-06,1.154e-03,1.271e-03,,,,-78.97299,30.08038,-811.91455,491.80576,GOES-16_XRS,1,7430,0,2993
2022-04-18 10:27:00,2022-04-18 10:04:00,2022-04-18 10:48:00,202204181004,1.190e-05,M1.1,GOES-16,1.406e-06,9.818e-03,2.019e-02,,,,-64.191895,21.55203,-801.3337,386.1899,GOES-16_XRS,1,7460,0,2993
2022-04-18 13:25:00,2022-04-18 13:09:00,2022-04-18 13:37:00,202204181309,2.007e-06,C2.0,GOES-16,1.175e-06,2.014e-03,3.002e-03,,,,-56.192474,20.674921,-744.37024,383.02255,GOES-16_XRS,1,7480,0,
2022-04-18 14:24:00,2022-04-18 14:10:00,2022-04-18 14:44:00,202204181410,3.941e-06,C3.9,GOES-16,1.374e-06,3.021e-03,6.540e-03,-57.0,21.0,HOL,-64.54614,23.506754,-792.33264,415.12347,GOES-16_XRS,1,7490,0,2993
2022-04-18 17:24:00,2022-04-18 17:12:00,2022-04-18 17:30:00,202204181712,1.922e-05,M1.9,GOES-16,1.488e-06,6.816e-03,9.233e-03,87.0,-31.0,HOL,79.59232,-30.872128,807.22577,-474.75543,GOES-16_XRS,1,7500,0,2987
2022-04-18 19:55:00,2022-04-18 19:47:00,2022-04-18 20:01:00,202204181947,3.026e-06,C3.0,GOES-16,1.833e-06,1.758e-03,2.346e-03,,,,-60.90506,19.597206,-787.9419,360.3243,GOES-16_XRS,1,7520,0,
2022-04-18 20:15:00,2022-04-18 20:05:00,2022-04-18 20:29:00,202204182005,7.344e-06,C7.3,GOES-16,2.161e-06,3.985e-03,8.013e-03,-52.0,23.0,HOL,-52.66284,23.387774,-698.7995,427.9049,GOES-16_XRS,1,7530,0,2993
2022-04-18 22:32:00,2022-04-18 22:24:00,2022-04-18 22:39:00,202204182224,3.124e-06,C3.1,GOES-16,1.996e-06,1.946e-03,2.728e-03,,,,,,1177.5992,-605.5563,GOES-16_XRS,1,7560,0,2987
2022-04-19 00:40:00,2022-04-19 00:32:00,2022-04-19 00:44:00,202204190032,1.569e-06,C1.5,GOES-16,1.020e-06,9.598e-04,1.107e-03,,,,1.3017375,-8.68951,21.551308,-56.67454,GOES-16_XRS,1,7570,0,
2022-04-19 04:17:00,2022-04-19 04:00:00,2022-04-19 04:24:00,202204190400,3.608e-06,C3.6,GOES-16,1.543e-06,3.210e-03,4.007e-03,,,,-34.270386,12.965194,-526.0612,285.38043,GOES-16_XRS,1,7580,0,2993
2022-04-19 04:50:00,2022-04-19 04:43:00,2022-04-19 04:58:00,202204190443,1.094e-05,M1.0,GOES-16,1.955e-06,4.176e-03,6.898e-03,,,,-46.450348,21.758295,-644.7781,410.07538,GOES-16_XRS,1,7590,0,2993
2022-04-19 08:04:00,2022-04-19 07:55:00,2022-04-19 08:14:00,202204190755,2.643e-06,C2.6,GOES-16,1.888e-06,1.820e-03,2.944e-03,,,,,,1049.8107,-583.39264,GOES-16_XRS,1,7640,0,2992
2022-04-19 09:53:00,2022-04-19 09:49:00,2022-04-19 09:56:00,202204190949,6.350e-06,C6.3,GOES-16,1.486e-06,1.777e-03,1.938e-03,-40.0,22.0,SVI,-36.000305,19.164463,-532.1049,380.5874,GOES-16_XRS,1,7660,0,2993
2022-04-19 11:03:00,2022-04-19 10:50:00,2022-04-19 11:09:00,202204191050,3.178e-06,C3.1,GOES-16,1.361e-06,2.359e-03,2.922e-03,,,,,,843.8792,-450.20944,GOES-16_XRS,1,7670,0,2992
2022-04-19 14:06:00,2022-04-19 13:55:00,2022-04-19 14:14:00,202204191355,3.388e-06,C3.3,GOES-16,1.454e-06,2.046e-03,2.924e-03,,,,-51.41815,11.856186,-732.67804,249.49863,GOES-16_XRS,1,7700,0,2994
2022-04-19 14:46:00,2022-04-19 14:42:00,2022-04-19 14:54:00,202204191442,2.224e-06,C2.2,GOES-16,1.433e-06,9.316e-04,1.612e-03,,,,,,931.7475,-548.21606,GOES-16_XRS,1,7710,0,2992
2022-04-19 18:17:00,2022-04-19 18:12:00,,202204191812,3.961e-06,C3.9,GOES-16,2.419e-06,1.767e-03,,,,,-44.673676,18.720177,-637.8304,365.0943,GOES-16_XRS,1,7750,0,2994
2022-04-19 18:40:00,2022-04-19 18:21:00,,202204191821,4.479e-06,C4.4,GOES-16,3.674e-06,5.752e-03,,,,,-50.81311,15.599717,-714.89465,309.67883,GOES-16_XRS,2,7760,0,2994
2022-04-19 18:48:00,2022-04-19 18:42:00,2022-04-19 18:51:00,202204191842,4.501e-06,C4.5,GOES-16,4.458e-06,2.687e-03,2.951e-03,,,,-48.35739,14.519233,-692.8894,295.3922,GOES-16_XRS,3,7720,0,2994
2022-04-19 20:49:00,2022-04-19 20:39:00,2022-04-19 20:57:00,202204192039,3.710e-05,M3.7,GOES-16,2.778e-06,1.516e-02,2.274e-02,,,,,,822.85803,-493.182,GOES-16_XRS,1,7730,0,2992
2022-04-19 21:13:00,2022-04-19 21:09:00,2022-04-19 21:17:00,202204192109,1.676e-05,M1.6,GOES-16,7.649e-06,6.121e-03,7.279e-03,-47.0,14.0,HOL,,,-889.7294,411.26666,GOES-16_XRS,1,7740,0,2994
2022-04-20 00:12:00,2022-04-20 00:03:00,2022-04-20 00:22:00,202204200003,3.113e-06,C3.1,GOES-16,2.033e-06,2.064e-03,3.334e-03,,,,-19.454834,3.509705,-318.8468,140.62308,GOES-16_XRS,1,7770,0,2994
2022-04-20 00:52:00,2022-04-20 00:46:00,2022-04-20 01:02:00,202204200046,3.967e-06,C3.9,GOES-16,2.600e-06,2.111e-03,3.755e-03,,,,,,882.84515,-669.43835,GOES-16_XRS,1,7780,0,2992
2022-04-20 01:14:00,2022-04-20 01:07:00,2022-04-20 01:19:00,202204200107,1.288e-05,M1.2,GOES-16,3.055e-06,4.652e-03,6.054e-03,-44.0,12.0,LEA,,,796.57306,-548.6392,GOES-16_XRS,1,7800,0,2994
2022-04-20 01:36:00,2022-04-20 01:20:00,2022-04-20 01:43:00,202204200120,7.295e-05,M7.2,GOES-16,7.802e-06,4.994e-02,6.362e-02,,,,52.06864,-33.1514,632.2645,-476.61102,GOES-16_XRS,1,7790,0,2992
2022-04-20 02:44:00,2022-04-20 02:34:00,2022-04-20 02:55:00,202204200234,3.867e-06,C3.8,GOES-16,1.723e-06,2.207e-03,3.970e-03,,,,,,827.7653,-498.44067,GOES-16_XRS,1,7810,0,
2022-04-20 03:57:00,2022-04-20 03:41:00,2022-04-20 04:03:00,202204200341,2.243e-04,X2.2,GOES-16,1.825e-06,7.242e-02,9.987e-02,,,,,,775.75146,-586.58856,GOES-16_XRS,1,7820,0,2992
2022-04-20 05:10:00,2022-04-20 05:06:00,2022-04-20 05:13:00,202204200506,2.666e-06,C2.6,GOES-16,1.381e-06,9.897e-04,1.099e-03,,,,71.37099,-31.917267,769.2114,-479.99847,GOES-16_XRS,1,7830,0,2992
2022-04-20 05:40:00,2022-04-20 05:35:00,2022-04-20 05:43:00,202204200535,4.048e-06,C4.0,GOES-16,1.530e-06,1.468e-03,1.599e-03,,,,76.00175,-35.943066,751.0024,-541.871,GOES-16_XRS,1,7840,0,2992
2022-04-20 09:55:00,2022-04-20 09:36:00,,202204200936,4.306e-06,C4.3,GOES-16,1.457e-06,4.007e-03,,,,,75.47076,-34.28658,764.619,-518.42584,GOES-16_XRS,1,7890,0,
2022-04-20 10:08:00,2022-04-20 10:03:00,2022-04-20 10:17:00,202204201003,5.210e-06,C5.2,GOES-16,3.440e-06,2.344e-03,4.308e-03,-31.0,22.0,SVI,3.5636065,-2.2992253,59.57842,48.147568,GOES-16_XRS,2,7880,0,2993
2022-04-20 11:52:00,2022-04-20 11:45:00,2022-04-20 11:57:00,202204201145,3.034e-06,C3.0,GOES-16,1.985e-06,1.611e-03,2.041e-03,,,,42.158836,-29.090424,561.82825,-407.79678,GOES-16_XRS,1,7910,0,
2022-04-20 12:53:00,2022-04-20 12:24:00,2022-04-20 13:01:00,202204201224,1.958e-05,M1.9,GOES-16,2.260e-06,1.521e-02,1.950e-02,-38.0,21.0,SVI,87.97498,-36.40551,768.2953,-562.1388,GOES-16_XRS,1,7920,0,2993
2022-04-20 13:54:00,2022-04-20 13:50:00,2022-04-20 13:58:00,202204201350,3.182e-06,C3.1,GOES-16,2.174e-06,1.310e-03,1.606e-03,,,,-37.608917,18.634815,-553.9933,369.70584,GOES-16_XRS,1,7930,0,
2022-04-20 17:56:00,2022-04-20 17:39:00,2022-04-20 18:12:00,202204201739,7.730e-06,C7.7,GOES-16,3.737e-06,7.613e-03,1.309e-02,-27.0,20.0,HOL,-22.157806,15.754822,-347.9661,336.0473,GOES-16_XRS,1,8010,0,2993
2022-04-20 18:40:00,2022-04-20 18:33:00,2022-04-20 18:48:00,202204201833,8.961e-06,C8.9,GOES-16,4.851e-06,4.986e-03,7.622e-03,-31.0,14.0,HOL,-35.77826,15.900767,-538.72455,328.60507,GOES-16_XRS,1,8020,0,2994
2022-04-20 22:33:00,2022-04-20 22:27:00,2022-04-20 22:39:00,202204202227,2.375e-06,C2.3,GOES-16,1.608e-06,1.196e-03,1.679e-03,-19.0,22.0,HOL,-21.90979,20.768684,-334.39185,412.98856,GOES-16_XRS,1,8070,0,2993
2022-04-20 23:34:00,2022-04-20 23:23:00,2022-04-20 23:47:00,202204202323,5.675e-06,C5.6,GOES-16,2.081e-06,3.381e-03,6.324e-03,-19.0,23.0,HOL,-29.900208,14.156511,-463.21234,305.57327,GOES-16_XRS,1,8080,0,2993
2022-04-21 01:59:00,2022-04-21 01:47:00,2022-04-21 02:04:00,202204210147,9.658e-05,M9.6,GOES-16,1.649e-06,3.835e-02,4.620e-02,,,,-21.662903,19.38119,-333.75143,391.8982,GOES-16_XRS,1,8120,0,2993
2022-04-21 12:55:00,2022-04-21 12:47:00,2022-04-21 13:00:00,202204211247,5.477e-06,C5.4,GOES-16,1.883e-06,2.681e-03,3.336e-03,-15.0,14.0,HOL,-19.262512,13.840948,-307.03275,306.33252,GOES-16_XRS,1,8250,0,2994
2022-04-21 17:27:00,2022-04-21 17:18:00,2022-04-21 17:33:00,202204211718,3.116e-06,C3.1,GOES-16,1.974e-06,2.035e-03,2.642e-03,-12.0,24.0,HOL,-8.935852,24.626291,-135.31596,473.85184,GOES-16_XRS,1,8320,0,2993
2022-04-21 21:04:00,2022-04-21 20:58:00,2022-04-21 21:07:00,202204212058,7.010e-06,C7.0,GOES-16,1.101e-06,1.717e-03,1.888e-03,-21.0,16.0,HOL,-20.097748,14.92207,-318.21805,322.51523,GOES-16_XRS,1,8360,0,2994
2022-04-21 22:45:00,2022-04-21 22:39:00,2022-04-21 22:50:00,202204212239,1.617e-06,C1.6,GOES-16,1.133e-06,8.423e-04,1.083e-03,,,,,,853.43164,-682.23755,GOES-16_XRS,1,8370,0,
2022-04-22 04:01:00,2022-04-22 03:16:00,2022-04-22 04:23:00,202204220316,7.627e-06,C7.6,GOES-16,1.123e-06,1.112e-02,1.757e-02,,,,-8.695007,20.00975,-136.13591,404.76807,GOES-16_XRS,1,8410,0,2993
2022-04-22 05:14:00,2022-04-22 04:52:00,2022-04-22 05:27:00,202204220452,1.123e-05,M1.1,GOES-16,2.784e-06,1.124e-02,1.679e-02,,,,-9.705383,20.114527,-151.70544,406.05383,GOES-16_XRS,1,8420,0,2993
2022-04-22 08:23:00,2022-04-22 08:18:00,2022-04-22 08:25:00,202204220818,1.173e-06,C1.1,GOES-16,8.060e-07,5.206e-04,5.745e-04,,,,-11.351257,12.558808,-184.14073,287.8343,GOES-16_XRS,1,8430,0,2993
2022-04-22 12:29:00,2022-04-22 12:12:00,2022-04-22 12:39:00,202204221212,3.582e-06,C3.5,GOES-16,9.885e-07,2.705e-03,3.936e-03,,,,,,-905.78326,-373.47318,GOES-16_XRS,1,8450,0,
2022-04-22 13:25:00,2022-04-22 13:16:00,2022-04-22 13:29:00,202204221316,3.433e-05,M3.4,GOES-16,8.520e-07,8.331e-03,9.850e-03,1.0,22.0,HOL,0.090404615,19.406124,1.4262118,395.95944,GOES-16_XRS,1,8470,0,2993
2022-04-22 13:45:00,2022-04-22 13:39:00,2022-04-22 13:49:00,202204221339,3.659e-06,C3.6,GOES-16,2.213e-06,1.814e-03,2.126e-03,,,,1.3291298,19.703178,20.927425,400.43277,GOES-16_XRS,1,8480,0,
2022-04-22 15:08:00,2022-04-22 15:02:00,2022-04-22 15:16:00,202204221502,2.093e-06,C2.0,GOES-16,1.248e-06,1.056e-03,1.675e-03,1.0,22.0,HOL,0.3510287,20.677582,5.4927535,415.10254,GOES-16_XRS,1,8500,0,2993
2022-04-22 22:07:00,2022-04-22 21:58:00,2022-04-22 22:12:00,202204222158,2.425e-06,C2.4,GOES-16,1.287e-06,1.415e-03,1.736e-03,,,,2.8011615,24.527607,42.595257,471.58182,GOES-16_XRS,1,8520,0,2993
2022-04-23 02:40:00,2022-04-23 02:32:00,2022-04-23 02:46:00,202204230232,1.181e-06,C1.1,GOES-16,8.008e-07,7.174e-04,9.570e-04,,,,-12.26416,29.29959,-177.41417,537.3442,GOES-16_XRS,1,8530,0,2993
2022-04-23 06:04:00,2022-04-23 05:52:00,2022-04-23 06:12:00,202204230552,1.931e-06,C1.9,GOES-16,7.755e-07,1.252e-03,1.762e-03,2.0,22.0,LEA,8.709317,21.265543,135.1909,422.11722,GOES-16_XRS,1,8540,0,2993
2022-04-23 07:07:00,2022-04-23 06:58:00,2022-04-23 07:14:00,202204230658,1.528e-06,C1.5,GOES-16,9.888e-07,9.936e-04,1.375e-03,1.0,16.0,SVI,3.9090023,18.583574,61.91389,382.1204,GOES-16_XRS,1,8550,0,2993
2022-04-23 16:13:00,2022-04-23 16:05:00,2022-04-23 16:18:00,202204231605,1.339e-06,C1.3,GOES-16,8.518e-07,7.863e-04,9.807e-04,,,,6.2463007,12.849014,101.644196,291.59198,GOES-16_XRS,1,8580,0,2994
2022-04-23 19:42:00,2022-04-23 19:18:00,2022-04-23 19:52:00,202204231918,2.579e-06,C2.5,GOES-16,9.080e-07,3.045e-03,3.965e-03,11.0,19.0,HOL,10.502729,20.008251,164.07227,401.91928,GOES-16_XRS,1,8600,0,2994
2022-04-23 20:53:00,2022-04-23 20:45:00,2022-04-23 21:00:00,202204232045,1.232e-06,C1.2,GOES-16,8.674e-07,7.641e-04,1.084e-03,,,,20.469719,19.933384,314.85822,397.07748,GOES-16_XRS,1,8620,0,2994
2022-04-23 21:49:00,2022-04-23 21:43:00,2022-04-23 21:55:00,202204232143,1.419e-06,C1.4,GOES-16,8.979e-07,7.179e-04,9.925e-04,,,,20.182217,23.430426,303.13483,449.4953,GOES-16_XRS,1,8630,0,2993
2022-04-23 23:54:00,2022-04-23 23:43:00,2022-04-24 00:04:00,202204232343,1.560e-06,C1.5,GOES-16,1.005e-06,1.265e-03,1.905e-03,,,,6.208608,20.529392,97.01642,410.3946,GOES-16_XRS,1,8640,0,2993
2022-04-24 04:12:00,2022-04-24 03:54:00,2022-04-24 04:24:00,202204240354,3.720e-06,C3.7,GOES-16,1.045e-06,3.191e-03,4.863e-03,17.0,22.0,LEA,18.05696,21.622509,275.94354,423.20303,GOES-16_XRS,1,8650,0,2993
2022-04-24 09:30:00,2022-04-24 09:12:00,,202204240912,1.661e-06,C1.6,GOES-16,8.544e-07,1.757e-03,,,,,1.5651538,1.541293,26.163013,106.33149,GOES-16_XRS,1,8660,0,
2022-04-24 09:56:00,2022-04-24 09:40:00,,202204240940,1.997e-06,C1.9,GOES-16,1.605e-06,2.198e-03,,,,,-14.141876,-6.0746894,-232.77412,-23.243832,GOES-16_XRS,2,,0,
2022-04-24 10:31:00,2022-04-24 10:11:00,,202204241011,2.071e-06,C2.0,GOES-16,1.840e-06,2.814e-03,,,,,-12.23468,-6.6982656,-201.6584,-33.093475,GOES-16_XRS,3,,0,
2022-04-24 10:42:00,2022-04-24 10:39:00,2022-04-24 10:45:00,202204241039,2.056e-06,C2.0,GOES-16,2.030e-06,8.582e-04,9.802e-04,,,,-12.632446,-3.3461158,-209.18091,22.813446,GOES-16_XRS,4,,0,
2022-04-24 21:06:00,2022-04-24 20:55:00,2022-04-24 21:11:00,202204242055,2.739e-06,C2.7,GOES-16,1.169e-06,1.724e-03,2.069e-03,,,,14.9123955,11.297556,241.70578,262.72415,GOES-16_XRS,1,8750,0,2994
2022-04-25 02:01:00,2022-04-25 01:18:00,2022-04-25 02:38:00,202204250118,1.275e-05,M1.2,GOES-16,1.481e-06,2.028e-02,3.919e-02,-4.0,17.0,LEA,21.461926,22.12371,324.47116,427.88083,GOES-16_XRS,1,8790,0,2995
2022-04-25 04:02:00,2022-04-25 03:52:00,2022-04-25 04:06:00,202204250352,1.198e-05,M1.1,GOES-16,2.285e-06,4.697e-03,5.402e-03,35.0,24.0,LEA,33.579624,19.9326,497.5729,387.30594,GOES-16_XRS,1,8800,0,2993
2022-04-25 06:04:00,2022-04-25 05:51:00,2022-04-25 06:12:00,202204250551,4.683e-06,C4.6,GOES-16,1.256e-06,2.649e-03,3.769e-03,32.0,17.0,SVI,30.568045,17.15881,465.0849,346.6335,GOES-16_XRS,1,8810,0,2994
2022-04-25 08:53:00,2022-04-25 08:50:00,2022-04-25 09:02:00,202204250850,1.652e-06,C1.6,GOES-16,1.070e-06,6.174e-04,1.220e-03,37.0,22.0,SVI,41.131393,23.408438,577.3673,433.3313,GOES-16_XRS,1,8830,0,2993
2022-04-25 12:12:00,2022-04-25 12:05:00,2022-04-25 12:18:00,202204251205,1.233e-06,C1.2,GOES-16,8.594e-07,6.732e-04,9.243e-04,,,,25.434324,19.877186,386.58167,391.336,GOES-16_XRS,1,8840,0,
2022-04-25 12:55:00,2022-04-25 12:48:00,2022-04-25 12:59:00,202204251248,1.338e-06,C1.3,GOES-16,8.365e-07,6.988e-04,8.197e-04,,,,41.66055,22.066313,589.18567,412.6451,GOES-16_XRS,1,8850,0,
2022-04-25 14:37:00,2022-04-25 14:30:00,2022-04-25 14:39:00,202204251430,1.282e-06,C1.2,GOES-16,8.638e-07,6.699e-04,7.270e-04,,,,57.098984,26.353691,718.85443,460.96918,GOES-16_XRS,1,8860,0,
2022-04-25 16:18:00,2022-04-25 16:00:00,2022-04-25 16:45:00,202204251600,3.041e-06,C3.0,GOES-16,9.011e-07,2.674e-03,6.291e-03,28.0,12.0,HOL,30.64827,13.832536,473.73666,293.73343,GOES-16_XRS,1,8870,0,2994
2022-04-25 17:35:00,2022-04-25 17:24:00,2022-04-25 17:44:00,202204251724,6.843e-06,C6.8,GOES-16,1.456e-06,3.704e-03,5.641e-03,,,,,,-878.28265,-454.68674,GOES-16_XRS,1,8880,0,
2022-04-25 21:11:00,2022-04-25 20:38:00,,202204252038,4.816e-06,C4.8,GOES-16,1.376e-06,7.516e-03,,,,,33.031757,22.899408,480.3968,431.4692,GOES-16_XRS,1,8910,0,2993
2022-04-26 08:28:00,2022-04-26 08:19:00,2022-04-26 08:30:00,202204260819,2.272e-06,C2.2,GOES-16,1.163e-06,1.255e-03,1.335e-03,16.0,19.0,SVI,34.69552,-7.5536785,539.98206,-62.162357,GOES-16_XRS,1,8990,0,2995
2022-04-26 09:58:00,2022-04-26 09:49:00,2022-04-26 10:04:00,202204260949,2.165e-06,C2.1,GOES-16,9.124e-07,1.186e-03,1.564e-03,48.0,21.0,SVI,49.124023,15.902037,695.169,309.77264,GOES-16_XRS,1,9010,0,2993
2022-04-26 11:18:00,2022-04-26 11:12:00,2022-04-26 11:23:00,202204261112,2.906e-06,C2.9,GOES-16,8.353e-07,9.955e-04,1.298e-03,,,,88.401955,-27.08312,848.65576,-430.79465,GOES-16_XRS,1,9030,0,
2022-04-26 12:44:00,2022-04-26 12:30:00,,202204261230,2.958e-06,C2.9,GOES-16,8.779e-07,2.071e-03,,,,,-57.052002,-23.271769,-736.6635,-337.75742,GOES-16_XRS,1,9120,0,3001
2022-04-26 13:03:00,2022-04-26 12:49:00,2022-04-26 13:20:00,202204261249,3.276e-06,C3.2,GOES-16,2.714e-06,3.296e-03,6.121e-03,42.0,15.0,SVI,20.31061,2.0153024,332.1101,106.005264,GOES-16_XRS,2,9050,0,2994
2022-04-26 16:24:00,2022-04-26 16:16:00,2022-04-26 16:30:00,202204261616,3.959e-06,C3.9,GOES-16,1.243e-06,1.650e-03,2.259e-03,,,,,,850.4503,-447.24277,GOES-16_XRS,1,9080,0,2991
2022-04-26 19:10:00,2022-04-26 19:02:00,2022-04-26 19:14:00,202204261902,1.203e-06,C1.2,GOES-16,8.140e-07,7.222e-04,8.383e-04,,,,-24.105438,-20.488108,-366.16537,-268.18073,GOES-16_XRS,1,9100,0,
2022-04-27 04:05:00,2022-04-27 03:59:00,,202204270359,1.325e-06,C1.3,GOES-16,8.787e-07,7.033e-04,,,,,34.638447,22.764538,501.2177,426.6842,GOES-16_XRS,1,9200,0,2994
2022-04-27 04:32:00,2022-04-27 04:27:00,2022-04-27 04:36:00,202204270427,1.259e-06,C1.2,GOES-16,1.169e-06,6.549e-04,7.981e-04,,,,36.853836,5.791741,570.79596,156.89294,GOES-16_XRS,2,,0,
2022-04-27 08:40:00,2022-04-27 08:17:00,2022-04-27 08:56:00,202204270817,3.361e-06,C3.3,GOES-16,1.615e-06,4.287e-03,6.671e-03,11.0,28.0,SVI,11.699517,35.576393,157.7303,615.10455,GOES-16_XRS,1,9240,0,2996
2022-04-27 10:45:00,2022-04-27 10:37:00,,202204271037,1.831e-06,C1.8,GOES-16,9.497e-07,1.047e-03,,,,,,,-944.9765,-394.94907,GOES-16_XRS,1,,0,
2022-04-27 10:54:00,2022-04-27 10:48:00,2022-04-27 10:58:00,202204271048,2.057e-06,C2.0,GOES-16,1.776e-06,1.168e-03,1.390e-03,-73.0,-29.0,SVI,,,-910.5001,-415.4136,GOES-16_XRS,2,9260,0,3001
2022-04-27 14:54:00,2022-04-27 14:14:00,2022-04-27 15:27:00,202204271414,7.637e-06,C7.6,GOES-16,1.120e-06,1.224e-02,2.323e-02,,,,20.10019,24.917236,298.1443,466.08328,GOES-16_XRS,1,,0,
2022-04-28 01:37:00,2022-04-28 01:27:00,2022-04-28 01:57:00,202204280127,1.148e-06,C1.1,GOES-16,7.040e-07,8.377e-04,1.872e-03,,,,76.013145,13.0055895,901.80286,231.56244,GOES-16_XRS,1,9440,0,2994
2022-04-28 03:06:00,2022-04-28 02:24:00,2022-04-28 03:26:00,202204280224,6.731e-06,C6.7,GOES-16,9.562e-07,9.579e-03,1.493e-02,,,,7.1191955,9.275008,117.06872,226.99406,GOES-16_XRS,1,9460,0,2996
2022-04-28 11:39:00,2022-04-28 11:29:00,2022-04-28 11:46:00,202204281129,2.135e-06,C2.1,GOES-16,7.804e-07,1.130e-03,1.585e-03,71.0,16.0,SVI,66.84214,13.556585,853.0184,251.3102,GOES-16_XRS,1,9880,0,2994
2022-04-28 12:10:00,2022-04-28 12:02:00,2022-04-28 12:17:00,202204281202,1.271e-06,C1.2,GOES-16,8.460e-07,8.384e-04,1.158e-03,,,,,,1031.7506,256.2719,GOES-16_XRS,1,9890,0,2994
2022-04-28 14:15:00,2022-04-28 14:08:00,2022-04-28 14:20:00,202204281408,1.119e-06,C1.1,GOES-16,7.335e-07,6.147e-04,7.808e-04,47.0,17.0,SVI,32.86652,10.745702,509.8735,238.78285,GOES-16_XRS,1,9910,0,2995
2022-04-28 18:12:00,2022-04-28 17:56:00,2022-04-28 18:35:00,202204281756,3.779e-06,C3.7,GOES-16,8.662e-07,2.576e-03,6.411e-03,,,,,,929.858,209.33745,GOES-16_XRS,1,9940,0,2994
2022-04-28 23:52:00,2022-04-28 23:45:00,2022-04-29 00:04:00,202204282345,1.266e-06,C1.2,GOES-16,8.652e-07,7.009e-04,1.368e-03,,,,59.735943,8.20839,816.208,172.41452,GOES-16_XRS,1,970,0,2994
2022-04-29 03:31:00,2022-04-29 03:16:00,,202204290316,1.473e-06,C1.4,GOES-16,6.561e-07,1.157e-03,,86.0,14.0,LEA,74.11626,14.90446,886.40063,263.83856,GOES-16_XRS,1,980,0,2994
2022-04-29 03:43:00,2022-04-29 03:35:00,2022-04-29 03:46:00,202204290335,1.464e-06,C1.4,GOES-16,1.433e-06,1.040e-03,1.124e-03,,,,,,946.8357,222.61594,GOES-16_XRS,2,,0,
2022-04-29 06:37:00,2022-04-29 06:20:00,,202204290620,1.503e-06,C1.5,GOES-16,8.932e-07,1.609e-03,,,,,47.073406,23.857784,639.6406,430.5208,GOES-16_XRS,1,1020,0,2996
2022-04-29 06:57:00,2022-04-29 06:52:00,2022-04-29 07:05:00,202204290652,1.396e-06,C1.3,GOES-16,1.328e-06,7.368e-04,1.228e-03,,,,46.36735,19.191294,653.0157,360.52032,GOES-16_XRS,2,1050,0,2995
2022-04-29 07:30:00,2022-04-29 07:15:00,2022-04-29 07:41:00,202204290715,1.216e-05,M1.2,GOES-16,1.276e-06,7.829e-03,1.234e-02,37.0,25.0,LEA,39.30322,25.023996,548.4259,453.9816,GOES-16_XRS,1,1030,0,2996
2022-04-29 09:22:00,2022-04-29 09:14:00,,202204290914,2.441e-06,C2.4,GOES-16,1.158e-06,1.221e-03,,,,,70.781784,11.278659,883.33636,209.41245,GOES-16_XRS,1,1120,0,2994
2022-04-29 09:41:00,2022-04-29 09:29:00,2022-04-29 09:46:00,202204290929,2.255e-06,C2.2,GOES-16,1.890e-06,1.994e-03,2.366e-03,,,,26.036734,-1.3547932,419.73718,42.693394,GOES-16_XRS,2,1130,0,3001
2022-04-29 16:48:00,2022-04-29 16:40:00,2022-04-29 16:53:00,202204291640,1.992e-06,C1.9,GOES-16,1.084e-06,1.121e-03,1.395e-03,,,,44.34289,10.39973,656.8755,222.68571,GOES-16_XRS,1,1220,0,2994
2022-04-29 18:10:00,2022-04-29 18:01:00,2022-04-29 18:21:00,202204291801,1.259e-05,M1.2,GOES-17,9.952e-07,5.544e-03,9.928e-03,-85.0,15.0,HOL,,,933.1034,280.00186,GOES-17_XRS,1,1230,0,2994
2022-04-29 22:56:00,2022-04-29 22:42:00,2022-04-29 23:13:00,202204292242,3.085e-06,C3.0,GOES-16,6.853e-07,1.809e-03,3.871e-03,,,,,,920.02527,259.6647,GOES-16_XRS,1,1270,0,2994
2022-04-30 01:29:00,2022-04-30 01:18:00,,202204300118,5.279e-06,C5.2,GOES-16,8.068e-07,2.433e-03,,,,,82.462204,14.27797,915.4361,243.39972,GOES-16_XRS,1,1310,0,2994
2022-04-30 01:42:00,2022-04-30 01:38:00,2022-04-30 01:46:00,202204300138,4.358e-06,C4.3,GOES-16,3.278e-06,1.858e-03,2.277e-03,,,,,,927.1956,251.77702,GOES-16_XRS,2,1320,0,2994
2022-04-30 04:15:00,2022-04-30 04:04:00,2022-04-30 04:24:00,202204300404,1.951e-06,C1.9,GOES-16,7.565e-07,1.156e-03,1.782e-03,,,,37.073414,11.222472,565.1321,241.28635,GOES-16_XRS,1,1330,0,2997
2022-04-30 05:01:00,2022-04-30 04:46:00,2022-04-30 05:06:00,202204300446,2.605e-05,M2.6,GOES-16,1.181e-06,9.990e-03,1.226e-02,,,,78.66527,12.020587,914.03015,211.60384,GOES-16_XRS,1,1340,0,2994
2022-04-30 05:34:00,2022-04-30 05:25:00,2022-04-30 05:39:00,202204300525,1.426e-05,M1.4,GOES-16,5.614e-06,8.606e-03,1.039e-02,,,,75.9589,14.228377,896.43066,250.35721,GOES-16_XRS,1,1350,0,2994
2022-04-30 07:34:00,2022-04-30 07:22:00,,202204300722,4.655e-06,C4.6,GOES-16,1.238e-06,2.508e-03,,,,,82.89015,15.034015,913.06366,254.92024,GOES-16_XRS,1,1370,0,2994
2022-04-30 07:52:00,2022-04-30 07:40:00,2022-04-30 07:56:00,202204300740,6.611e-06,C6.6,GOES-16,3.810e-06,4.623e-03,5.188e-03,,,,,,922.19055,242.09673,GOES-16_XRS,2,1380,0,2994
2022-04-30 08:44:00,2022-04-30 08:36:00,2022-04-30 08:53:00,202204300836,6.080e-06,C6.0,GOES-16,2.431e-06,3.372e-03,5.310e-03,,,,70.612785,12.493451,878.2746,228.6893,GOES-16_XRS,1,1420,0,2994
2022-04-30 09:09:00,2022-04-30 09:02:00,2022-04-30 09:14:00,202204300902,5.022e-06,C5.0,GOES-16,2.198e-06,2.337e-03,2.975e-03,,,,,,942.78357,230.53893,GOES-16_XRS,1,1430,0,2994
2022-04-30 09:58:00,2022-04-30 09:48:00,2022-04-30 10:04:00,202204300948,4.824e-05,M4.8,GOES-16,2.342e-06,1.858e-02,2.519e-02,,,,74.59395,11.684074,900.06024,210.93893,GOES-16_XRS,1,1440,0,2994
2022-04-30 10:58:00,2022-04-30 10:53:00,2022-04-30 11:04:00,202204301053,2.367e-06,C2.3,GOES-16,1.651e-06,1.116e-03,1.601e-03,,,,53.39611,13.259891,746.02057,259.46,GOES-16_XRS,1,1460,0,2994
2022-04-30 11:25:00,2022-04-30 11:14:00,,202204301114,5.414e-06,C5.4,GOES-16,1.955e-06,3.032e-03,,,,,78.29878,13.70271,906.6902,239.05605,GOES-16_XRS,1,1470,0,2997
2022-04-30 11:41:00,2022-04-30 11:34:00,2022-04-30 11:44:00,202204301134,5.742e-06,C5.7,GOES-16,3.964e-06,3.118e-03,3.376e-03,,,,,,938.896,260.4479,GOES-16_XRS,2,1480,0,2994
2022-04-30 13:47:00,2022-04-30 13:38:00,2022-04-30 13:51:00,202204301338,1.129e-04,X1.1,GOES-16,2.352e-06,4.167e-02,4.705e-02,,,,73.91113,10.811094,899.7811,197.5205,GOES-16_XRS,1,1520,0,2994
2022-04-30 17:38:00,2022-04-30 17:32:00,2022-04-30 17:41:00,202204301732,3.221e-06,C3.2,GOES-16,2.254e-06,1.618e-03,1.774e-03,,,,72.32078,15.290228,876.22644,271.30536,GOES-16_XRS,1,1550,0,2994
2022-04-30 18:25:00,2022-04-30 18:12:00,2022-04-30 18:43:00,202204301812,4.071e-06,C4.0,GOES-16,2.539e-06,3.509e-03,6.987e-03,,,,,,1005.2722,299.60278,GOES-16_XRS,1,1560,0,2994
2022-04-30 19:06:00,2022-04-30 18:55:00,2022-04-30 19:22:00,202204301855,3.940e-06,C3.9,GOES-16,2.422e-06,3.169e-03,6.124e-03,,,,,,970.5607,219.55984,GOES-16_XRS,1,1570,0,2994
2022-04-30 19:47:00,2022-04-30 19:42:00,2022-04-30 19:53:00,202204301942,1.988e-05,M1.9,GOES-16,2.336e-06,5.412e-03,8.024e-03,,,,76.782104,12.219206,906.8282,216.83112,GOES-16_XRS,1,1580,0,2994
2022-04-30 20:19:00,2022-04-30 20:14:00,2022-04-30 20:21:00,202204302014,2.533e-06,C2.5,GOES-16,1.253e-06,9.871e-04,1.083e-03,,,,,,922.25964,268.9471,GOES-16_XRS,1,1590,0,2994
2022-04-30 21:59:00,2022-04-30 21:47:00,2022-04-30 22:14:00,202204302147,2.925e-06,C2.9,GOES-16,1.647e-06,2.235e-03,4.208e-03,,,,66.29541,12.097723,853.9539,226.85564,GOES-16_XRS,1,1610,0,2994
2022-05-01 08:16:00,2022-05-01 08:10:00,2022-05-01 08:21:00,202205010810,1.906e-06,C1.9,GOES-16,9.620e-07,8.408e-04,1.089e-03,,,,73.21142,13.308344,888.08453,238.28969,GOES-16_XRS,1,1750,0,2994
2022-05-01 11:28:00,2022-05-01 10:55:00,,202205011055,3.130e-06,C3.1,GOES-16,1.126e-06,5.254e-03,,,,,-68.44177,-33.227783,-741.8473,-499.94382,GOES-16_XRS,1,1770,0,
2022-05-01 11:58:00,2022-05-01 11:52:00,2022-05-01 12:02:00,202205011152,2.855e-06,C2.8,GOES-16,2.812e-06,1.700e-03,2.038e-03,,,,-64.963806,-31.635092,-735.7498,-474.1024,GOES-16_XRS,2,,0,
2022-05-01 13:26:00,2022-05-01 13:14:00,2022-05-01 13:41:00,202205011314,2.707e-06,C2.7,GOES-16,1.233e-06,2.017e-03,3.746e-03,71.0,25.0,SVI,,,878.45123,462.97925,GOES-16_XRS,1,1780,0,2996
2022-05-01 18:17:00,2022-05-01 18:07:00,,202205011807,1.600e-06,C1.5,GOES-16,1.156e-06,1.223e-03,,,,,74.71475,14.955081,888.14716,262.7338,GOES-16_XRS,1,,0,
2022-05-01 18:33:00,2022-05-01 18:19:00,2022-05-01 18:39:00,202205011819,1.750e-06,C1.7,GOES-16,1.596e-06,1.816e-03,2.216e-03,,,,75.89338,15.576516,890.2252,271.28503,GOES-16_XRS,2,1850,0,2994
2022-05-01 22:18:00,2022-05-01 22:03:00,2022-05-01 22:34:00,202205012203,2.535e-06,C2.5,GOES-16,1.174e-06,2.223e-03,3.990e-03,,,,,,927.02795,258.54636,GOES-16_XRS,1,1870,0,2994
2022-05-02 02:51:00,2022-05-02 02:45:00,2022-05-02 02:55:00,202205020245,1.234e-06,C1.2,GOES-16,8.273e-07,6.086e-04,7.283e-04,,,,-15.635803,-16.01538,-247.67302,-200.07686,GOES-16_XRS,1,1900,0,2994
2022-05-02 19:20:00,2022-05-02 18:55:00,2022-05-02 19:43:00,202205021855,3.253e-06,C3.2,GOES-16,8.288e-07,3.729e-03,7.070e-03,,,,,,-874.46155,-495.617,GOES-16_XRS,1,2050,0,
2022-05-03 00:15:00,2022-05-03 00:09:00,2022-05-03 00:18:00,202205030009,9.091e-07,B9.0,GOES-16,5.520e-07,4.128e-04,4.508e-04,,,,,,,,,1,2100,0,
2022-05-03 01:06:00,2022-05-03 01:00:00,2022-05-03 01:12:00,202205030100,8.273e-07,B8.2,GOES-16,5.979e-07,4.233e-04,5.953e-04,,,,,,,,,1,2110,0,
2022-05-03 01:38:00,2022-05-03 01:27:00,2022-05-03 01:47:00,202205030127,6.245e-06,C6.2,GOES-16,7.313e-07,2.660e-03,4.195e-03,,,,,,-803.91223,-512.314,GOES-16_XRS,1,2120,0,
2022-05-03 04:53:00,2022-05-03 04:39:00,,202205030439,2.877e-06,C2.8,GOES-16,6.688e-07,1.701e-03,,,,,-85.25217,-30.593924,-816.74115,-478.69824,GOES-16_XRS,1,2160,0,
2022-05-03 05:03:00,2022-05-03 04:58:00,2022-05-03 05:06:00,202205030458,2.567e-06,C2.5,GOES-16,2.411e-06,1.347e-03,1.488e-03,,,,,,-815.30975,-494.51175,GOES-16_XRS,2,2210,0,
2022-05-03 07:21:00,2022-05-03 07:11:00,,202205030711,9.872e-07,B9.8,GOES-16,6.842e-07,7.173e-04,,-9.0,-15.0,LEA,,,,,,1,2190,0,3004
2022-05-03 07:28:00,2022-05-03 07:24:00,2022-05-03 07:31:00,202205030724,1.120e-06,C1.1,GOES-16,8.868e-07,4.674e-04,5.208e-04,,,,-29.497986,-17.002409,-449.84598,-223.74379,GOES-16_XRS,2,2220,0,3004
2022-05-03 07:53:00,2022-05-03 07:34:00,2022-05-03 08:00:00,202205030734,1.363e-05,M1.3,GOES-16,8.600e-07,8.311e-03,1.078e-02,,,,-89.09909,-29.183084,-830.88086,-462.0865,GOES-16_XRS,1,2200,0,
2022-05-03 12:03:00,2022-05-03 11:52:00,2022-05-03 12:08:00,202205031152,1.664e-06,C1.6,GOES-16,5.547e-07,1.043e-03,1.237e-03,,,,-70.71994,-29.763256,-780.85254,-453.16376,GOES-16_XRS,1,2260,0,
2022-05-03 12:56:00,2022-05-03 12:49:00,,202205031249,7.664e-07,B7.6,GOES-16,5.104e-07,4.450e-04,,,,,,,,,,1,,0,
2022-05-03 13:25:00,2022-05-03 13:09:00,2022-05-03 13:30:00,202205031309,1.132e-04,X1.1,GOES-16,6.444e-07,3.382e-02,4.384e-02,-5.0,-16.0,SVI,,,-826.674,-488.68765,GOES-16_XRS,2,2280,0,3004
2022-05-03 18:53:00,2022-05-03 18:45:00,2022-05-03 18:56:00,202205031845,1.511e-06,C1.5,GOES-16,1.001e-06,8.780e-04,9.480e-04,,,,-41.29944,-27.321266,-559.72363,-393.6194,GOES-16_XRS,1,2350,0,
2022-05-03 21:10:00,2022-05-03 21:00:00,2022-05-03 21:28:00,202205032100,2.434e-06,C2.4,GOES-16,1.264e-06,1.716e-03,3.667e-03,-1.0,-15.0,HOL,0.2149023,-15.457466,3.4552407,-191.43904,GOES-16_XRS,1,2390,0,3004
2022-05-04 00:19:00,2022-05-04 00:08:00,2022-05-04 00:24:00,202205040008,5.323e-05,M5.3,GOES-16,1.334e-06,1.710e-02,2.161e-02,,,,,,-823.1299,-477.92575,GOES-16_XRS,1,2430,0,
2022-05-04 02:32:00,2022-05-04 02:24:00,2022-05-04 02:35:00,202205040224,2.502e-06,C2.5,GOES-16,1.119e-06,1.266e-03,1.372e-03,,,,9.367952,-12.512097,151.87129,-144.28201,GOES-16_XRS,1,2450,0,3004
2022-05-04 03:19:00,2022-05-04 03:14:00,2022-05-04 03:21:00,202205040314,1.298e-06,C1.2,GOES-16,7.225e-07,5.014e-04,5.580e-04,,,,5.949129,-13.018044,96.51194,-152.17613,GOES-16_XRS,1,2460,0,3004
2022-05-04 03:39:00,2022-05-04 03:34:00,,202205040334,1.064e-06,C1.0,GOES-16,7.574e-07,5.002e-04,,,,,4.983721,-7.506541,82.32031,-60.77586,GOES-16_XRS,1,2500,0,
2022-05-04 03:47:00,2022-05-04 03:42:00,2022-05-04 03:56:00,202205040342,1.494e-06,C1.4,GOES-16,9.731e-07,7.121e-04,1.244e-03,,,,1.8858659,-13.873204,30.534683,-165.97115,GOES-16_XRS,2,2470,0,3004
2022-05-04 05:52:00,2022-05-04 05:37:00,2022-05-04 06:00:00,202205040537,6.801e-06,C6.8,GOES-16,7.374e-07,3.346e-03,4.830e-03,4.0,-17.0,SVI,-66.68927,-30.67349,-752.77545,-463.20377,GOES-16_XRS,1,2480,0,
2022-05-04 07:33:00,2022-05-04 07:28:00,2022-05-04 07:38:00,202205040728,8.963e-07,B8.9,GOES-16,5.711e-07,4.190e-04,5.484e-04,9.0,-16.0,SVI,,,,,,1,2540,0,3004
2022-05-04 07:59:00,2022-05-04 07:47:00,,202205040747,1.424e-06,C1.4,GOES-16,5.599e-07,9.771e-04,,,,,11.629525,-16.08867,185.08463,-203.72855,GOES-16_XRS,1,,0,
2022-05-04 08:25:00,2022-05-04 08:08:00,2022-05-04 08:32:00,202205040808,3.525e-06,C3.5,GOES-16,1.307e-06,2.820e-03,3.563e-03,7.0,-16.0,LEA,9.475075,-14.29768,152.4426,-174.06398,GOES-16_XRS,2,2550,0,3004
2022-05-04 08:59:00,2022-05-04 08:45:00,2022-05-04 09:09:00,202205040845,5.758e-05,M5.7,GOES-16,1.194e-06,2.181e-02,4.017e-02,9.0,-16.0,SVI,8.337015,-18.038485,131.74495,-234.83304,GOES-16_XRS,1,2560,0,3004
2022-05-04 10:18:00,2022-05-04 10:12:00,2022-05-04 10:23:00,202205041012,3.968e-06,C3.9,GOES-16,2.634e-06,2.042e-03,2.610e-03,,,,7.986371,-18.66735,125.77902,-245.01752,GOES-16_XRS,1,2570,0,
2022-05-04 12:04:00,2022-05-04 11:49:00,2022-05-04 12:13:00,202205041149,2.728e-06,C2.7,GOES-16,7.762e-07,1.790e-03,2.625e-03,10.0,-16.0,SVI,-65.31177,-27.689064,-766.79364,-418.2744,GOES-16_XRS,1,2590,0,3004
2022-05-04 12:55:00,2022-05-04 12:45:00,2022-05-04 13:20:00,202205041245,2.460e-06,C2.4,GOES-16,1.071e-06,1.421e-03,4.215e-03,10.0,-15.0,SVI,7.8166924,-14.669494,125.72978,-180.19775,GOES-16_XRS,1,2610,0,3004
2022-05-04 15:48:00,2022-05-04 15:42:00,2022-05-04 15:56:00,202205041542,2.821e-06,C2.8,GOES-16,1.274e-06,1.392e-03,2.169e-03,13.0,-16.0,SVI,10.563927,-13.592583,170.27829,-163.19865,GOES-16_XRS,1,2630,0,3004
2022-05-04 16:22:00,2022-05-04 16:06:00,,202205041606,8.467e-06,C8.4,GOES-16,1.724e-06,5.892e-03,,,,,12.107457,-16.50531,192.15144,-211.17413,GOES-16_XRS,1,,0,
2022-05-04 16:32:00,2022-05-04 16:25:00,2022-05-04 16:39:00,202205041625,1.191e-05,M1.1,GOES-16,8.068e-06,6.936e-03,9.987e-03,11.0,-16.0,HOL,10.910104,-16.994942,172.94797,-218.88835,GOES-16_XRS,2,2640,0,3004
2022-05-04 18:30:00,2022-05-04 18:20:00,2022-05-04 18:40:00,202205041820,3.105e-06,C3.1,GOES-16,1.421e-06,1.872e-03,3.056e-03,13.0,-16.0,HOL,13.119805,-14.137134,210.31532,-172.87856,GOES-16_XRS,1,2680,0,3004
2022-05-04 19:05:00,2022-05-04 18:55:00,2022-05-04 19:12:00,202205041855,8.679e-06,C8.6,GOES-16,1.709e-06,4.528e-03,6.164e-03,13.0,-16.0,HOL,14.872818,-16.894365,234.64503,-218.34883,GOES-16_XRS,1,2690,0,3004
2022-05-04 19:37:00,2022-05-04 19:31:00,2022-05-04 19:39:00,202205041931,4.132e-06,C4.1,GOES-16,2.547e-06,1.903e-03,2.088e-03,13.0,-16.0,HOL,,,-1087.183,-598.785,GOES-16_XRS,1,2700,0,3004
2022-05-04 19:48:00,2022-05-04 19:40:00,2022-05-04 20:02:00,202205041940,1.574e-05,M1.5,GOES-16,3.294e-06,7.220e-03,1.542e-02,,,,-72.65872,-29.719648,-789.63043,-454.8133,GOES-16_XRS,1,2730,0,3006
2022-05-04 20:27:00,2022-05-04 20:09:00,2022-05-04 20:35:00,202205042009,1.644e-05,M1.6,GOES-16,7.002e-06,1.698e-02,2.146e-02,,,,36.884163,-10.409701,563.6089,-122.31865,GOES-16_XRS,1,2720,0,3004
2022-05-04 22:09:00,2022-05-04 22:05:00,2022-05-04 22:14:00,202205042205,1.484e-06,C1.4,GOES-16,1.037e-06,6.146e-04,8.313e-04,15.0,-16.0,HOL,14.3745,-21.124195,221.22581,-286.39185,GOES-16_XRS,1,2770,0,3004
2022-05-04 22:59:00,2022-05-04 22:48:00,2022-05-04 23:19:00,202205042248,3.064e-06,C3.0,GOES-16,8.950e-07,1.703e-03,4.290e-03,16.0,-16.0,HOL,18.244131,-15.618359,288.03522,-198.8546,GOES-16_XRS,1,2780,0,3004
2022-05-05 01:21:00,2022-05-05 01:13:00,,202205050113,2.564e-06,C2.5,GOES-16,1.633e-06,1.606e-03,,17.0,-16.0,LEA,19.36899,-15.334346,305.53787,-194.75668,GOES-16_XRS,1,2820,0,3004
2022-05-05 01:38:00,2022-05-05 01:26:00,2022-05-05 01:43:00,202205050126,4.035e-06,C4.0,GOES-16,2.313e-06,2.928e-03,3.494e-03,,,,17.57771,-16.548906,276.5474,-213.95679,GOES-16_XRS,2,2880,0,3004
2022-05-05 03:03:00,2022-05-05 02:52:00,2022-05-05 03:11:00,202205050252,3.836e-06,C3.8,GOES-16,1.383e-06,2.274e-03,3.292e-03,,,,10.736194,-18.186024,169.0841,-238.83449,GOES-16_XRS,1,2830,0,3004
2022-05-05 03:22:00,2022-05-05 03:16:00,2022-05-05 03:25:00,202205050316,2.984e-06,C2.9,GOES-16,2.089e-06,1.513e-03,1.645e-03,19.0,-18.0,LEA,15.7666445,-10.987183,254.83914,-122.306816,GOES-16_XRS,1,2840,0,3004
2022-05-05 04:24:00,2022-05-05 04:10:00,2022-05-05 04:28:00,202205050410,2.951e-06,C2.9,GOES-16,9.745e-07,1.928e-03,2.141e-03,,,,17.564672,-13.826807,279.94043,-169.69556,GOES-16_XRS,1,2850,0,3004
2022-05-05 04:49:00,2022-05-05 04:39:00,2022-05-05 04:54:00,202205050439,5.710e-06,C5.7,GOES-16,1.175e-06,2.845e-03,3.408e-03,,,,20.148481,-15.860761,316.5004,-203.83589,GOES-16_XRS,1,2860,0,3004
2022-05-05 06:21:00,2022-05-05 06:10:00,2022-05-05 06:39:00,202205050610,2.160e-06,C2.1,GOES-16,8.673e-07,1.274e-03,3.161e-03,21.0,-16.0,SVI,20.673716,-13.606339,327.7697,-167.27661,GOES-16_XRS,1,2890,0,3004
2022-05-05 06:46:00,2022-05-05 06:40:00,2022-05-05 06:53:00,202205050640,1.951e-06,C1.9,GOES-16,1.343e-06,1.041e-03,1.539e-03,,,,32.443512,-16.79221,490.36615,-224.68909,GOES-16_XRS,1,2950,0,3004
2022-05-05 07:12:00,2022-05-05 07:03:00,,202205050703,2.920e-06,C2.9,GOES-16,1.165e-06,1.363e-03,,,,,20.046398,-19.456139,308.7049,-262.0389,GOES-16_XRS,1,2910,0,3004
2022-05-05 07:20:00,2022-05-05 07:15:00,2022-05-05 07:22:00,202205050715,3.879e-06,C3.8,GOES-16,2.227e-06,1.558e-03,1.671e-03,,,,18.814125,-16.852875,294.82275,-219.6604,GOES-16_XRS,2,2960,0,3004
2022-05-05 07:46:00,2022-05-05 07:41:00,2022-05-05 07:51:00,202205050741,1.830e-06,C1.8,GOES-16,1.214e-06,8.418e-04,1.105e-03,,,,-41.88315,-32.03611,-539.9447,-465.58102,GOES-16_XRS,1,2920,0,3006
2022-05-05 08:22:00,2022-05-05 08:16:00,,202205050816,1.097e-06,C1.0,GOES-16,7.878e-07,6.040e-04,,,,,13.17929,-17.139973,208.13524,-222.78969,GOES-16_XRS,1,2930,0,3004
2022-05-05 08:35:00,2022-05-05 08:24:00,2022-05-05 08:40:00,202205050824,2.640e-06,C2.6,GOES-16,1.063e-06,1.517e-03,1.837e-03,,,,19.817554,-14.593596,313.39072,-183.28604,GOES-16_XRS,2,2970,0,3004
2022-05-05 09:03:00,2022-05-05 08:45:00,2022-05-05 09:14:00,202205050845,4.173e-06,C4.1,GOES-16,1.409e-06,3.797e-03,5.418e-03,,,,20.77026,-16.592642,324.6105,-216.23026,GOES-16_XRS,1,2940,0,3004
2022-05-05 10:00:00,2022-05-05 09:53:00,2022-05-05 10:03:00,202205050953,1.736e-06,C1.7,GOES-16,1.184e-06,9.184e-04,9.917e-04,,,,32.97472,-12.753643,506.83185,-159.31996,GOES-16_XRS,1,2980,0,3004
2022-05-05 11:19:00,2022-05-05 11:15:00,2022-05-05 11:24:00,202205051115,6.611e-06,C6.6,GOES-16,7.493e-07,1.893e-03,2.521e-03,,,,-60.583862,-29.518892,-722.46484,-442.05374,GOES-16_XRS,1,2990,0,3006
2022-05-05 11:55:00,2022-05-05 11:44:00,2022-05-05 11:58:00,202205051144,8.787e-06,C8.7,GOES-16,1.841e-06,3.499e-03,3.793e-03,,,,27.746809,-16.156136,427.0158,-212.26535,GOES-16_XRS,1,3020,0,3004
2022-05-05 12:51:00,2022-05-05 12:47:00,2022-05-05 12:53:00,202205051247,1.762e-06,C1.7,GOES-16,9.334e-07,6.488e-04,7.201e-04,24.0,-16.0,HOL,17.713888,-12.227216,284.05215,-144.01076,GOES-16_XRS,1,3030,0,3004
2022-05-05 13:04:00,2022-05-05 12:56:00,,202205051256,1.873e-06,C1.8,GOES-16,1.139e-06,1.068e-03,,24.0,-15.0,HOL,8.078096,-16.356476,128.81421,-209.42264,GOES-16_XRS,1,3060,0,3004
2022-05-05 13:16:00,2022-05-05 13:08:00,2022-05-05 13:21:00,202205051308,2.278e-05,M2.2,GOES-16,1.686e-06,6.929e-03,8.962e-03,24.0,-16.0,HOL,24.786287,-17.715893,381.37094,-236.26323,GOES-16_XRS,2,3040,0,3004
2022-05-05 13:37:00,2022-05-05 13:34:00,2022-05-05 13:39:00,202205051334,6.858e-06,C6.8,GOES-16,2.772e-06,1.769e-03,1.938e-03,,,,25.500736,-16.489067,394.22552,-216.74277,GOES-16_XRS,1,3090,0,3004
2022-05-05 14:10:00,2022-05-05 14:02:00,2022-05-05 14:13:00,202205051402,2.763e-05,M2.7,GOES-16,7.999e-07,6.356e-03,7.068e-03,-64.0,-29.0,HOL,-62.540894,-30.204418,-730.8002,-453.73392,GOES-16_XRS,1,3130,0,3006
2022-05-05 15:39:00,2022-05-05 15:30:00,2022-05-05 15:42:00,202205051530,3.412e-06,C3.4,GOES-16,9.751e-07,1.321e-03,1.429e-03,26.0,-16.0,HOL,23.789227,-18.100267,366.14764,-242.19487,GOES-16_XRS,1,3170,0,3004
2022-05-05 16:12:00,2022-05-05 16:02:00,2022-05-05 16:20:00,202205051602,1.505e-06,C1.5,GOES-16,7.264e-07,9.021e-04,1.329e-03,,,,33.67898,-11.876724,518.08026,-145.67638,GOES-16_XRS,1,3180,0,3004
2022-05-05 17:52:00,2022-05-05 17:44:00,,202205051744,8.506e-07,B8.5,GOES-16,6.199e-07,5.435e-04,,,,,,,,,,1,3200,0,3006
2022-05-05 18:04:00,2022-05-05 18:01:00,2022-05-05 18:09:00,202205051801,1.489e-06,C1.4,GOES-16,8.273e-07,5.237e-04,7.215e-04,,,,18.488474,-17.842972,288.30515,-236.27205,GOES-16_XRS,2,3210,0,3004
2022-05-05 18:32:00,2022-05-05 18:25:00,,202205051825,1.389e-06,C1.3,GOES-16,7.893e-07,6.912e-04,,,,,3.1601486,-13.886357,51.127155,-168.94688,GOES-16_XRS,1,3220,0,3006
2022-05-05 18:40:00,2022-05-05 18:37:00,2022-05-05 18:43:00,202205051837,1.275e-06,C1.2,GOES-16,1.117e-06,5.027e-04,5.686e-04,,,,-34.00757,-19.393015,-503.59708,-268.05597,GOES-16_XRS,2,,0,
2022-05-05 19:09:00,2022-05-05 19:04:00,2022-05-05 19:17:00,202205051904,1.719e-06,C1.7,GOES-16,7.707e-07,6.562e-04,1.116e-03,,,,30.234997,-19.84721,452.17908,-273.34125,GOES-16_XRS,1,3230,0,3004
2022-05-05 22:20:00,2022-05-05 22:15:00,2022-05-05 22:26:00,202205052215,2.473e-06,C2.4,GOES-16,1.188e-06,1.060e-03,1.503e-03,27.0,-16.0,HOL,28.941055,-14.426521,447.46402,-185.31033,GOES-16_XRS,1,3270,0,3004
2022-05-05 23:03:00,2022-05-05 22:59:00,2022-05-05 23:08:00,202205052259,2.653e-06,C2.6,GOES-16,9.305e-07,8.896e-04,1.199e-03,29.0,-16.0,HOL,29.279108,-20.152266,438.31918,-277.96243,GOES-16_XRS,1,3280,0,3004
2022-05-05 23:37:00,2022-05-05 23:32:00,2022-05-05 23:43:00,202205052332,1.777e-06,C1.7,GOES-16,1.051e-06,7.655e-04,1.100e-03,,,,30.38691,-13.644005,469.31143,-173.32315,GOES-16_XRS,1,3290,0,3004
2022-05-05 23:50:00,2022-05-05 23:46:00,2022-05-05 23:54:00,202205052346,3.111e-06,C3.1,GOES-16,1.278e-06,1.036e-03,1.265e-03,29.0,-16.0,HOL,29.251326,-18.194065,443.1888,-246.65027,GOES-16_XRS,1,3300,0,3004
2022-05-05 23:59:00,2022-05-05 23:56:00,2022-05-06 00:01:00,202205052356,3.994e-06,C3.9,GOES-16,1.934e-06,1.235e-03,1.362e-03,,,,,,,,,1,3310,0,3004
2022-05-06 02:33:00,2022-05-06 02:28:00,2022-05-06 02:46:00,202205060228,1.622e-06,C1.6,GOES-16,9.701e-07,6.994e-04,1.590e-03,,,,18.982536,-15.35995,299.5592,-196.69742,GOES-16_XRS,1,3370,0,3004
2022-05-06 04:29:00,2022-05-06 04:10:00,,202205060410,3.035e-06,C3.0,GOES-16,1.287e-06,3.190e-03,,,,,37.26632,-14.436675,559.6571,-190.4682,GOES-16_XRS,1,3430,0,3004
2022-05-06 04:39:00,2022-05-06 04:32:00,2022-05-06 04:42:00,202205060432,3.293e-06,C3.2,GOES-16,3.009e-06,2.069e-03,2.252e-03,,,,8.1202965,-19.77766,126.955635,-265.70258,GOES-16_XRS,2,3510,0,3006
2022-05-06 06:49:00,2022-05-06 06:45:00,2022-05-06 06:53:00,202205060645,2.043e-06,C2.0,GOES-16,1.149e-06,8.008e-04,9.772e-04,,,,-54.00537,-29.487831,-671.3748,-437.231,GOES-16_XRS,1,3460,0,3006
2022-05-06 08:35:00,2022-05-06 08:23:00,2022-05-06 08:41:00,202205060823,1.441e-06,C1.4,GOES-16,7.073e-07,1.036e-03,1.296e-03,,,,-65.75702,-33.41706,-724.96625,-502.78613,GOES-16_XRS,1,3490,0,3006
2022-05-06 10:24:00,2022-05-06 10:18:00,2022-05-06 10:33:00,202205061018,1.743e-06,C1.7,GOES-16,9.031e-07,8.641e-04,1.439e-03,,,,-52.127167,-30.935287,-645.49036,-457.25406,GOES-16_XRS,1,3500,0,3006
2022-05-06 11:44:00,2022-05-06 11:36:00,2022-05-06 11:51:00,202205061136,1.338e-06,C1.3,GOES-16,8.381e-07,7.793e-04,1.111e-03,,,,-38.440277,-23.75707,-542.9169,-340.29724,GOES-16_XRS,1,3520,0,3006
2022-05-06 12:19:00,2022-05-06 12:13:00,2022-05-06 12:24:00,202205061213,1.482e-06,C1.4,GOES-16,8.908e-07,7.239e-04,9.357e-04,,,,-55.868317,-26.148886,-708.25494,-388.85706,GOES-16_XRS,1,3530,0,3006
2022-05-06 14:41:00,2022-05-06 14:36:00,2022-05-06 14:49:00,202205061436,9.511e-07,B9.5,GOES-16,6.675e-07,4.563e-04,7.599e-04,,,,,,,,,1,3570,0,3006
2022-05-06 15:17:00,2022-05-06 15:13:00,2022-05-06 15:23:00,202205061513,1.591e-06,C1.5,GOES-16,5.604e-07,5.644e-04,8.328e-04,,,,31.752945,-14.228835,486.91675,-184.548,GOES-16_XRS,1,3600,0,3004
2022-05-06 16:22:00,2022-05-06 16:15:00,2022-05-06 16:26:00,202205061615,4.855e-06,C4.8,GOES-16,6.940e-07,1.753e-03,2.049e-03,38.0,-16.0,HOL,38.722706,-16.516224,572.2677,-225.78609,GOES-16_XRS,1,3660,0,3004
2022-05-06 19:41:00,2022-05-06 19:32:00,2022-05-06 19:46:00,202205061932,1.289e-06,C1.2,GOES-16,6.963e-07,7.751e-04,9.499e-04,,,,38.867683,-15.502556,576.9777,-209.63637,GOES-16_XRS,1,3710,0,3004
2022-05-06 20:34:00,2022-05-06 20:19:00,2022-05-06 20:47:00,202205062019,1.663e-06,C1.6,GOES-16,7.771e-07,1.601e-03,2.483e-03,,,,-56.992767,-28.639973,-701.4182,-427.3455,GOES-16_XRS,1,3740,0,
2022-05-06 21:28:00,2022-05-06 21:17:00,,202205062117,9.653e-07,B9.6,GOES-16,5.963e-07,7.255e-04,,,,,,,,,,1,,0,
2022-05-06 21:56:00,2022-05-06 21:42:00,2022-05-06 22:07:00,202205062142,1.225e-06,C1.2,GOES-16,7.849e-07,1.096e-03,1.684e-03,,,,-49.50302,-29.846367,-628.83075,-439.9642,GOES-16_XRS,2,3750,0,
2022-05-06 22:24:00,2022-05-06 22:20:00,2022-05-06 22:32:00,202205062220,1.149e-06,C1.1,GOES-16,7.694e-07,4.816e-04,8.417e-04,,,,54.409607,-9.017547,765.66864,-114.88287,GOES-16_XRS,1,3760,0,
2022-05-06 23:53:00,2022-05-06 23:46:00,2022-05-07 00:00:00,202205062346,1.132e-06,C1.1,GOES-16,5.938e-07,5.811e-04,8.442e-04,,,,40.271393,-8.979514,609.1863,-103.77072,GOES-16_XRS,1,3770,0,
2022-05-07 05:11:00,2022-05-07 05:05:00,2022-05-07 05:23:00,202205070505,7.105e-07,B7.1,GOES-16,5.105e-07,3.744e-04,7.544e-04,,,,,,,,,1,3780,0,3006
2022-05-07 06:05:00,2022-05-07 05:56:00,2022-05-07 06:07:00,202205070556,3.651e-06,C3.6,GOES-16,6.211e-07,1.106e-03,1.227e-03,-32.0,-29.0,LEA,-40.694733,-29.500072,-541.23944,-429.7784,GOES-16_XRS,1,3800,0,3006
2022-05-07 07:39:00,2022-05-07 07:34:00,2022-05-07 07:48:00,202205070734,1.022e-06,C1.0,GOES-16,6.723e-07,4.848e-04,8.519e-04,,,,-53.98236,-26.301338,-691.10785,-390.46844,GOES-16_XRS,1,3810,0,3006
2022-05-07 12:44:00,2022-05-07 12:35:00,2022-05-07 12:55:00,202205071235,8.200e-07,B8.1,GOES-16,5.312e-07,5.505e-04,9.337e-04,,,,,,,,,1,3870,0,3004
2022-05-07 13:07:00,2022-05-07 12:58:00,2022-05-07 13:11:00,202205071258,1.415e-06,C1.4,GOES-16,6.593e-07,7.191e-04,8.347e-04,,,,,,-936.018,-309.0861,GOES-16_XRS,1,3880,0,3004
2022-05-07 15:07:00,2022-05-07 15:00:00,2022-05-07 15:12:00,202205071500,2.300e-06,C2.2,GOES-16,5.620e-07,8.207e-04,1.065e-03,,,,-74.07181,-21.110445,-853.8623,-327.2607,GOES-16_XRS,1,3910,0,
2022-05-08 00:41:00,2022-05-08 00:34:00,2022-05-08 00:43:00,202205080034,1.779e-06,C1.7,GOES-16,6.133e-07,7.634e-04,8.165e-04,,,,44.85042,-14.070921,652.3636,-191.77249,GOES-16_XRS,1,4090,0,3004
2022-05-08 03:53:00,2022-05-08 03:38:00,2022-05-08 04:01:00,202205080338,6.450e-06,C6.4,GOES-16,6.310e-07,3.893e-03,5.355e-03,,,,-74.001465,-21.388111,-851.85315,-331.73987,GOES-16_XRS,1,4120,0,3007
2022-05-08 07:16:00,2022-05-08 07:11:00,2022-05-08 07:19:00,202205080711,9.079e-07,B9.0,GOES-16,6.331e-07,4.169e-04,4.576e-04,,,,,,,,,1,4160,0,3004
2022-05-08 07:47:00,2022-05-08 07:40:00,2022-05-08 07:52:00,202205080740,1.805e-06,C1.8,GOES-16,4.706e-07,6.593e-04,8.555e-04,,,,61.059708,-15.518559,803.2335,-227.7979,GOES-16_XRS,1,4170,0,3004
2022-05-08 09:06:00,2022-05-08 08:59:00,2022-05-08 09:10:00,202205080859,1.064e-06,C1.0,GOES-16,4.655e-07,4.757e-04,5.628e-04,,,,55.68853,-15.799984,757.34576,-228.08278,GOES-16_XRS,1,4180,0,3004
2022-05-08 09:45:00,2022-05-08 09:39:00,2022-05-08 09:54:00,202205080939,9.099e-07,B9.0,GOES-16,5.278e-07,4.211e-04,7.552e-04,,,,,,,,,1,4210,0,3004
2022-05-08 10:08:00,2022-05-08 10:06:00,2022-05-08 10:10:00,202205081006,8.765e-07,B8.7,GOES-16,5.710e-07,2.589e-04,2.998e-04,,,,,,,,,1,4220,0,3004
2022-05-08 12:31:00,2022-05-08 12:17:00,2022-05-08 12:35:00,202205081217,4.174e-06,C4.1,GOES-16,8.828e-07,2.252e-03,2.517e-03,64.0,-14.0,SVI,72.31765,-15.3916445,874.2824,-235.5727,GOES-16_XRS,1,4250,0,3004
2022-05-08 19:38:00,2022-05-08 19:23:00,2022-05-08 19:51:00,202205081923,8.242e-06,C8.2,GOES-16,7.067e-07,3.951e-03,7.333e-03,,,,-80.69824,-23.849888,-858.4525,-375.60953,GOES-16_XRS,1,4350,0,3007
2022-05-09 01:05:00,2022-05-09 00:59:00,2022-05-09 01:12:00,202205090059,2.589e-06,C2.5,GOES-16,9.718e-07,1.019e-03,1.565e-03,,,,57.0904,-16.474958,766.95306,-240.64793,GOES-16_XRS,1,4410,0,3004
2022-05-09 14:31:00,2022-05-09 14:15:00,2022-05-09 14:41:00,202205091415,2.169e-06,C2.1,GOES-16,6.403e-07,1.629e-03,2.377e-03,-67.0,-22.0,SVI,-65.97998,-18.995434,-822.1687,-288.27734,GOES-16_XRS,1,4520,0,3007
2022-05-09 17:41:00,2022-05-09 17:35:00,,202205091735,1.025e-06,C1.0,GOES-16,7.049e-07,5.446e-04,,,,,-62.731415,-27.095312,-753.38,-410.69748,GOES-16_XRS,1,4630,0,3007
2022-05-09 17:53:00,2022-05-09 17:49:00,2022-05-09 17:55:00,202205091749,9.939e-07,B9.9,GOES-16,8.750e-07,4.477e-04,5.043e-04,,,,,,,,,2,4640,0,3007
2022-05-09 18:03:00,2022-05-09 17:56:00,2022-05-09 18:12:00,202205091756,1.508e-06,C1.5,GOES-16,9.162e-07,8.493e-04,1.389e-03,,,,-0.51297,-32.26364,-7.222387,-462.279,GOES-16_XRS,1,4550,0,3006
2022-05-09 20:57:00,2022-05-09 20:54:00,2022-05-09 21:02:00,202205092054,1.247e-06,C1.2,GOES-16,8.647e-07,4.581e-04,6.415e-04,,,,67.90105,-7.2123294,874.89404,-99.05884,GOES-16_XRS,1,4570,0,3007
2022-05-09 21:26:00,2022-05-09 21:16:00,2022-05-09 21:37:00,202205092116,1.208e-06,C1.2,GOES-16,7.669e-07,8.769e-04,1.439e-03,,,,8.670792,-37.08237,114.7057,-531.3062,GOES-16_XRS,1,4580,0,3006
2022-05-10 01:51:00,2022-05-10 01:35:00,2022-05-10 02:05:00,202205100135,1.694e-06,C1.6,GOES-16,9.218e-07,1.631e-03,2.669e-03,,,,-51.28003,-20.728722,-695.2203,-305.13232,GOES-16_XRS,1,4610,0,3007
2022-05-10 07:55:00,2022-05-10 07:46:00,2022-05-10 08:04:00,202205100746,2.942e-06,C2.9,GOES-16,8.304e-07,1.565e-03,2.380e-03,-57.0,-20.0,SVI,-63.41507,-17.780449,-810.65894,-267.48322,GOES-16_XRS,1,4690,0,
2022-05-10 10:01:00,2022-05-10 09:52:00,2022-05-10 10:06:00,202205100952,1.976e-06,C1.9,GOES-16,1.166e-06,1.186e-03,1.470e-03,-57.0,-22.0,SVI,-9.035522,-23.647972,-137.25407,-333.81467,GOES-16_XRS,1,4730,0,3006
2022-05-10 11:55:00,2022-05-10 11:49:00,2022-05-10 11:57:00,202205101149,1.041e-06,C1.0,GOES-16,7.314e-07,5.112e-04,5.584e-04,-54.0,-21.0,SVI,-42.233337,-19.135822,-605.2586,-274.76468,GOES-16_XRS,1,4750,0,3007
2022-05-10 12:58:00,2022-05-10 12:50:00,2022-05-10 13:04:00,202205101250,2.827e-06,C2.8,GOES-16,8.462e-07,1.142e-03,1.579e-03,3.0,-30.0,SVI,3.2890005,-26.48596,48.989803,-377.3224,GOES-16_XRS,1,4770,0,3006
2022-05-10 13:14:00,2022-05-10 13:09:00,2022-05-10 13:16:00,202205101309,1.803e-06,C1.8,GOES-16,1.245e-06,8.103e-04,8.896e-04,-55.0,-21.0,SVI,-37.714752,-24.738277,-529.6123,-360.14832,GOES-16_XRS,1,4780,0,
2022-05-10 13:36:00,2022-05-10 13:25:00,,202205101325,4.791e-06,C4.7,GOES-16,1.076e-06,2.598e-03,,,,,-54.642395,-22.618202,-717.00854,-337.40424,GOES-16_XRS,1,,0,
2022-05-10 13:47:00,2022-05-10 13:39:00,2022-05-10 13:49:00,202205101339,4.775e-06,C4.7,GOES-16,4.688e-06,3.393e-03,3.673e-03,,,,-52.81021,-22.408249,-701.5187,-332.92392,GOES-16_XRS,2,,0,
2022-05-10 13:55:00,2022-05-10 13:50:00,2022-05-10 13:58:00,202205101350,1.506e-04,X1.5,GOES-16,4.707e-06,2.855e-02,3.095e-02,4.0,-30.0,SVI,4.295231,-30.496168,61.558403,-437.72754,GOES-16_XRS,1,4790,0,3006
2022-05-10 22:07:00,2022-05-10 21:19:00,,202205102119,2.146e-06,C2.1,GOES-16,8.402e-07,4.654e-03,,,,,-38.16562,-15.206359,-568.4537,-209.90442,GOES-16_XRS,1,4950,0,3007
2022-05-10 23:02:00,2022-05-10 22:55:00,,202205102255,1.560e-06,C1.5,GOES-16,1.523e-06,1.019e-03,,,,,-65.04782,-5.024243,-859.6068,-61.266327,GOES-16_XRS,2,5060,0,
2022-05-10 23:15:00,2022-05-10 23:09:00,2022-05-10 23:17:00,202205102309,1.640e-06,C1.6,GOES-16,1.591e-06,9.625e-04,1.055e-03,,,,-53.213654,-10.515598,-750.0377,-142.79364,GOES-16_XRS,3,4960,0,3007
2022-05-11 00:24:00,2022-05-11 00:16:00,2022-05-11 00:28:00,202205110016,1.985e-06,C1.9,GOES-16,1.162e-06,1.092e-03,1.276e-03,,,,-6.633026,-25.042866,-99.83092,-356.152,GOES-16_XRS,1,4980,0,3007
2022-05-11 02:54:00,2022-05-11 02:45:00,2022-05-11 02:56:00,202205110245,3.216e-06,C3.2,GOES-16,1.057e-06,1.288e-03,1.376e-03,-44.0,-24.0,LEA,9.736588,-28.678654,141.51408,-412.00525,GOES-16_XRS,1,5020,0,3007
2022-05-11 04:29:00,2022-05-11 04:16:00,2022-05-11 04:41:00,202205110416,2.327e-06,C2.3,GOES-16,9.843e-07,1.938e-03,3.098e-03,,,,-52.848236,-24.129723,-692.74536,-360.16025,GOES-16_XRS,1,5080,0,
2022-05-11 05:40:00,2022-05-11 05:32:00,,202205110532,1.948e-06,C1.9,GOES-16,1.163e-06,1.136e-03,,7.0,-33.0,SVI,1.2276133,-32.381405,17.254704,-466.20566,GOES-16_XRS,1,5120,0,3006
2022-05-11 05:51:00,2022-05-11 05:45:00,2022-05-11 05:55:00,202205110545,2.534e-06,C2.5,GOES-16,1.744e-06,1.293e-03,1.540e-03,12.0,-31.0,SVI,-40.3136,-26.283339,-552.7874,-385.9327,GOES-16_XRS,2,5090,0,3006
2022-05-11 06:17:00,2022-05-11 06:11:00,,202205110611,3.190e-06,C3.1,GOES-16,1.185e-06,1.235e-03,,,,,-45.58795,-24.282896,-620.3482,-358.2078,GOES-16_XRS,1,5130,0,3006
2022-05-11 06:26:00,2022-05-11 06:22:00,2022-05-11 06:28:00,202205110622,4.518e-06,C4.5,GOES-16,2.412e-06,1.644e-03,1.785e-03,-45.0,-25.0,SVI,-45.56543,-25.239985,-615.33795,-372.87848,GOES-16_XRS,2,5100,0,3007
2022-05-11 08:21:00,2022-05-11 08:11:00,2022-05-11 08:24:00,202205110811,1.905e-06,C1.9,GOES-16,1.165e-06,1.276e-03,1.362e-03,,,,-37.417236,-21.077549,-540.40234,-304.02325,GOES-16_XRS,1,5150,0,
2022-05-11 09:52:00,2022-05-11 09:25:00,2022-05-11 10:13:00,202205110925,3.596e-06,C3.5,GOES-16,1.092e-06,4.385e-03,7.786e-03,,,,,,-928.9181,-247.17384,GOES-16_XRS,1,5160,0,
2022-05-11 12:05:00,2022-05-11 11:59:00,2022-05-11 12:14:00,202205111159,1.749e-06,C1.7,GOES-16,9.120e-07,8.496e-04,1.438e-03,,,,-38.13217,-26.247349,-527.7737,-384.6307,GOES-16_XRS,1,5190,0,
2022-05-11 12:46:00,2022-05-11 12:31:00,,202205111231,3.001e-06,C3.0,GOES-16,1.151e-06,2.351e-03,,,,,-33.377533,-23.71443,-480.14032,-343.59888,GOES-16_XRS,1,5500,0,3006
2022-05-11 13:26:00,2022-05-11 13:14:00,2022-05-11 13:34:00,202205111314,4.954e-06,C4.9,GOES-16,2.118e-06,3.365e-03,4.766e-03,-43.0,-26.0,SVI,-23.135223,-22.390928,-346.4223,-319.14005,GOES-16_XRS,2,5200,0,3007
2022-05-11 14:08:00,2022-05-11 13:55:00,,202205111355,3.530e-06,C3.5,GOES-16,1.910e-06,2.847e-03,,,,,-41.529083,-27.837975,-558.58856,-410.41226,GOES-16_XRS,1,5570,0,
2022-05-11 14:24:00,2022-05-11 14:19:00,2022-05-11 14:32:00,202205111419,3.835e-06,C3.8,GOES-16,2.828e-06,1.890e-03,3.099e-03,-40.0,-24.0,SVI,-36.70169,-27.09513,-507.0528,-396.92648,GOES-16_XRS,2,5220,0,3007
2022-05-11 14:52:00,2022-05-11 14:44:00,2022-05-11 14:57:00,202205111444,4.500e-06,C4.4,GOES-16,2.933e-06,2.758e-03,3.408e-03,,,,-27.303131,-27.13184,-389.1746,-393.69608,GOES-16_XRS,1,5240,0,
2022-05-11 15:45:00,2022-05-11 15:34:00,2022-05-11 16:00:00,202205111534,8.697e-06,C8.6,GOES-16,1.489e-06,5.476e-03,1.030e-02,-39.0,-24.0,SVI,-38.419586,-24.085493,-540.6422,-351.84106,GOES-16_XRS,1,5250,0,3007
2022-05-11 16:49:00,2022-05-11 16:35:00,2022-05-11 16:57:00,202205111635,1.647e-05,M1.6,GOES-16,1.853e-06,8.794e-03,1.261e-02,-41.0,-24.0,SVI,-38.740967,-24.63738,-542.0673,-360.55872,GOES-16_XRS,1,5270,0,3007
2022-05-11 18:58:00,2022-05-11 18:13:00,,202205111813,2.673e-05,M2.6,GOES-16,2.193e-06,4.164e-02,,,,,77.24621,-18.113457,881.30554,-284.52158,GOES-16_XRS,1,5310,0,
2022-05-11 19:31:00,2022-05-11 19:27:00,2022-05-11 19:34:00,202205111927,2.261e-05,M2.2,GOES-16,2.197e-05,1.071e-02,1.202e-02,,,,49.956436,-19.943996,685.4235,-293.73907,GOES-16_XRS,2,5320,0,
2022-05-11 22:41:00,2022-05-11 22:32:00,2022-05-11 22:55:00,202205112232,4.346e-06,C4.3,GOES-16,3.114e-06,3.022e-03,5.924e-03,,,,-22.274872,-26.480167,-323.4838,-382.66345,GOES-16_XRS,1,5370,0,
2022-05-12 02:24:00,2022-05-12 02:10:00,2022-05-12 02:37:00,202205120210,8.469e-06,C8.4,GOES-16,2.407e-06,6.416e-03,1.064e-02,,,,,,-986.07404,-183.66505,GOES-16_XRS,1,5440,0,3010
2022-05-12 05:37:00,2022-05-12 05:28:00,,202205120528,1.619e-06,C1.6,GOES-16,1.181e-06,1.126e-03,,,,,42.18646,-36.033566,517.2078,-529.5502,GOES-16_XRS,1,5590,0,
2022-05-12 06:18:00,2022-05-12 05:59:00,2022-05-12 06:28:00,202205120559,2.263e-06,C2.2,GOES-16,1.539e-06,2.619e-03,3.576e-03,21.0,-32.0,LEA,21.973139,-27.88254,315.29868,-404.27844,GOES-16_XRS,2,5490,0,3006
2022-05-12 07:46:00,2022-05-12 07:34:00,2022-05-12 07:54:00,202205120734,5.969e-06,C5.9,GOES-16,1.135e-06,3.223e-03,4.667e-03,,,,-78.92682,17.62253,-888.8831,296.411,GOES-16_XRS,1,5600,0,
2022-05-12 10:45:00,2022-05-12 10:28:00,2022-05-12 10:59:00,202205121028,2.881e-06,C2.8,GOES-16,1.087e-06,2.642e-03,4.312e-03,24.0,-31.0,SVI,18.989508,-27.460459,275.27054,-397.41544,GOES-16_XRS,1,5620,0,3006
2022-05-12 11:56:00,2022-05-12 11:45:00,2022-05-12 12:05:00,202205121145,2.005e-06,C2.0,GOES-16,1.115e-06,1.449e-03,2.141e-03,-26.0,-23.0,SVI,9.254928,-32.0022,130.02676,-463.11227,GOES-16_XRS,1,5650,0,3007
2022-05-12 15:11:00,2022-05-12 15:05:00,2022-05-12 15:14:00,202205121505,1.701e-06,C1.7,GOES-16,1.235e-06,8.607e-04,9.429e-04,,,,22.765976,-27.377825,327.5595,-397.4341,GOES-16_XRS,1,5710,0,3006
2022-05-12 18:10:00,2022-05-12 18:02:00,2022-05-12 18:16:00,202205121802,4.332e-06,C4.3,GOES-16,1.570e-06,2.203e-03,2.928e-03,,,,-77.099396,-12.208817,-905.5768,-190.07692,GOES-16_XRS,1,5740,0,3010
2022-05-12 20:19:00,2022-05-12 20:04:00,2022-05-12 20:26:00,202205122004,1.361e-05,M1.3,GOES-16,1.441e-06,6.707e-03,9.216e-03,,,,-82.526764,14.785935,-910.7359,248.25156,GOES-16_XRS,1,5750,0,
2022-05-12 22:01:00,2022-05-12 21:51:00,2022-05-12 22:08:00,202205122151,2.821e-06,C2.8,GOES-16,1.835e-06,2.063e-03,2.773e-03,32.0,-32.0,HOL,48.83123,-40.192,547.33905,-588.99475,GOES-16_XRS,1,5780,0,3006
2022-05-13 01:04:00,2022-05-13 00:56:00,2022-05-13 01:12:00,202205130056,2.477e-06,C2.4,GOES-16,1.745e-06,1.533e-03,2.307e-03,,,,,,-926.77594,295.5535,GOES-16_XRS,1,5810,0,
2022-05-13 04:56:00,2022-05-13 04:46:00,2022-05-13 05:11:00,202205130446,2.642e-06,C2.6,GOES-16,1.091e-06,1.537e-03,3.291e-03,-15.0,-22.0,SVI,-16.949005,-19.729908,-261.63507,-278.05396,GOES-16_XRS,1,5830,0,3007
2022-05-13 08:58:00,2022-05-13 08:53:00,2022-05-13 09:03:00,202205130853,2.956e-06,C2.9,GOES-16,1.937e-06,1.406e-03,1.832e-03,-16.0,-20.0,SVI,,,-1066.2944,485.54837,GOES-16_XRS,1,5870,0,3007
2022-05-13 09:45:00,2022-05-13 09:42:00,2022-05-13 09:48:00,202205130942,2.723e-06,C2.7,GOES-16,1.487e-06,8.792e-04,9.831e-04,,,,,,-992.5074,201.56444,GOES-16_XRS,1,5880,0,
2022-05-13 10:09:00,2022-05-13 09:56:00,2022-05-13 10:18:00,202205130956,4.236e-06,C4.2,GOES-16,1.642e-06,2.743e-03,4.065e-03,,,,-41.680115,1.7591308,-633.187,64.86495,GOES-16_XRS,1,5890,0,
2022-05-13 13:57:00,2022-05-13 13:52:00,2022-05-13 14:04:00,202205131352,1.821e-06,C1.8,GOES-16,1.313e-06,8.752e-04,1.357e-03,,,,,,-969.919,471.59872,GOES-16_XRS,1,5940,0,3011
2022-05-13 18:35:00,2022-05-13 18:27:00,2022-05-13 18:39:00,202205131827,3.352e-06,C3.3,GOES-16,2.168e-06,2.006e-03,2.327e-03,,,,,,-913.7561,302.43094,GOES-16_XRS,1,6000,0,3011
2022-05-13 22:26:00,2022-05-13 22:07:00,,202205132207,2.667e-06,C2.6,GOES-16,1.386e-06,2.958e-03,,,,,,,-926.1099,268.36392,GOES-16_XRS,1,6040,0,
2022-05-13 22:40:00,2022-05-13 22:34:00,2022-05-13 22:45:00,202205132234,2.582e-06,C2.5,GOES-16,2.498e-06,1.522e-03,1.977e-03,,,,-79.0141,15.938967,-896.7553,269.12292,GOES-16_XRS,2,,0,
2022-05-14 07:38:00,2022-05-14 07:27:00,2022-05-14 07:49:00,202205140727,1.981e-06,C1.9,GOES-16,1.078e-06,1.436e-03,2.326e-03,,,,-65.694244,16.66852,-830.1691,290.56232,GOES-16_XRS,1,6090,0,
2022-05-14 09:25:00,2022-05-14 09:04:00,2022-05-14 09:42:00,202205140904,3.082e-06,C3.0,GOES-16,1.176e-06,3.470e-03,5.694e-03,,,,-81.34122,16.23729,-901.4817,271.88022,GOES-16_XRS,1,6100,0,
2022-05-14 12:19:00,2022-05-14 12:14:00,2022-05-14 12:24:00,202205141214,1.817e-06,C1.8,GOES-16,1.171e-06,7.876e-04,1.053e-03,49.0,-22.0,SVI,62.813667,-28.941727,740.3019,-441.4293,GOES-16_XRS,1,6140,0,3006
2022-05-14 14:27:00,2022-05-14 14:22:00,2022-05-14 14:30:00,202205141422,1.839e-06,C1.8,GOES-16,1.175e-06,8.274e-04,9.141e-04,-70.0,12.0,HOL,-69.082886,10.926436,-871.8895,195.92331,GOES-16_XRS,1,6170,0,3011
2022-05-14 15:16:00,2022-05-14 15:11:00,2022-05-14 15:22:00,202205141511,2.169e-06,C2.1,GOES-16,1.133e-06,9.113e-04,1.303e-03,-82.0,14.0,SVI,-79.74097,9.613487,-921.55676,166.41362,GOES-16_XRS,1,6180,0,3011
2022-05-14 16:25:00,2022-05-14 16:11:00,2022-05-14 16:43:00,202205141611,2.346e-06,C2.3,GOES-16,1.168e-06,1.936e-03,3.808e-03,,,,-69.09503,17.842346,-845.2681,306.3047,GOES-16_XRS,1,6200,0,
2022-05-14 19:30:00,2022-05-14 19:22:00,2022-05-14 19:47:00,202205141922,3.671e-06,C3.6,GOES-16,1.096e-06,1.610e-03,3.827e-03,53.0,-33.0,HOL,57.73462,-32.028408,681.88525,-483.4744,GOES-16_XRS,1,6220,0,3006
2022-05-14 20:16:00,2022-05-14 20:04:00,2022-05-14 20:30:00,202205142004,4.241e-06,C4.2,GOES-16,2.269e-06,3.240e-03,5.927e-03,-55.0,-12.0,HOL,,,-1064.3973,-65.06628,GOES-16_XRS,1,6230,0,3010
2022-05-14 22:07:00,2022-05-14 21:20:00,,202205142120,5.713e-06,C5.7,GOES-16,1.582e-06,1.058e-02,,-51.0,-13.0,HOL,-57.3873,0.97347957,-801.308,40.34599,GOES-16_XRS,1,6240,0,3010
2022-05-14 22:38:00,2022-05-14 22:28:00,2022-05-14 22:44:00,202205142228,4.592e-06,C4.5,GOES-16,3.674e-06,3.471e-03,4.460e-03,-52.0,-13.0,HOL,-56.561707,-4.9951982,-790.98737,-58.12537,GOES-16_XRS,2,6250,0,3010
2022-05-15 00:08:00,2022-05-14 23:58:00,2022-05-15 00:16:00,202205142358,2.284e-05,M2.2,GOES-16,1.646e-06,1.316e-02,1.827e-02,,,,-81.78143,11.691558,-920.37836,198.47476,GOES-16_XRS,1,6270,0,
2022-05-15 12:17:00,2022-05-15 12:10:00,2022-05-15 12:22:00,202205151210,1.984e-06,C1.9,GOES-16,1.346e-06,1.104e-03,1.396e-03,,,,,,-928.0373,207.06091,GOES-16_XRS,1,6300,0,
2022-05-15 23:41:00,2022-05-15 23:27:00,2022-05-15 23:47:00,202205152327,2.069e-06,C2.0,GOES-16,1.219e-06,1.808e-03,2.207e-03,,,,-39.089355,3.08405,-599.5526,84.45934,GOES-16_XRS,1,6320,0,
2022-05-16 04:43:00,2022-05-16 04:34:00,2022-05-16 05:00:00,202205160434,1.885e-06,C1.8,GOES-16,1.238e-06,1.214e-03,2.747e-03,,,,-49.852142,-20.753595,-680.1388,-311.20584,GOES-16_XRS,1,6350,0,
2022-05-16 07:50:00,2022-05-16 07:46:00,2022-05-16 07:54:00,202205160746,1.973e-06,C1.9,GOES-16,1.324e-06,8.145e-04,9.981e-04,,,,-52.1821,19.331518,-709.0943,339.03513,GOES-16_XRS,1,6370,0,
2022-05-16 10:14:00,2022-05-16 10:01:00,2022-05-16 10:20:00,202205161001,5.603e-06,C5.6,GOES-16,1.307e-06,3.124e-03,3.938e-03,,,,-68.18207,14.438624,-854.36395,251.84207,GOES-16_XRS,1,6380,0,
2022-05-16 13:27:00,2022-05-16 13:10:00,2022-05-16 13:43:00,202205161310,2.459e-05,M2.4,GOES-16,1.992e-06,1.702e-02,3.110e-02,-73.0,14.0,HOL,-72.98581,12.932592,-885.3315,224.30434,GOES-16_XRS,1,6390,0,3017
2022-05-16 14:19:00,2022-05-16 14:13:00,,202205161413,4.992e-06,C4.9,GOES-16,3.620e-06,2.716e-03,,,,,,,-903.5167,298.34726,GOES-16_XRS,1,6400,0,3017
2022-05-16 14:27:00,2022-05-16 14:22:00,2022-05-16 14:30:00,202205161422,5.562e-06,C5.5,GOES-16,4.927e-06,2.868e-03,3.175e-03,,,,,,-936.7862,240.45697,GOES-16_XRS,2,6400,0,3017
2022-05-16 20:47:00,2022-05-16 20:40:00,,202205162040,2.524e-06,C2.5,GOES-16,1.350e-06,1.300e-03,,-44.0,22.0,HOL,-35.923157,21.32014,-520.27106,376.8983,GOES-16_XRS,1,6440,0,3014
2022-05-16 21:02:00,2022-05-16 20:58:00,2022-05-16 21:04:00,202205162058,2.325e-06,C2.3,GOES-16,2.254e-06,1.090e-03,1.221e-03,-44.0,22.0,HOL,-33.940887,24.019472,-485.47253,418.36514,GOES-16_XRS,2,6440,0,3014
2022-05-16 21:32:00,2022-05-16 21:24:00,2022-05-16 21:39:00,202205162124,2.798e-06,C2.7,GOES-16,2.063e-06,1.801e-03,2.539e-03,,,,-39.345795,21.194971,-562.6027,373.48373,GOES-16_XRS,1,6450,0,
2022-05-16 23:14:00,2022-05-16 23:03:00,,202205162303,2.468e-06,C2.4,GOES-16,1.570e-06,1.867e-03,,-36.0,14.0,HOL,-33.622375,14.982504,-509.2937,278.96286,GOES-16_XRS,1,6470,0,3011
2022-05-16 23:29:00,2022-05-16 23:23:00,2022-05-16 23:32:00,202205162323,2.344e-06,C2.3,GOES-16,2.076e-06,1.313e-03,1.442e-03,-36.0,14.0,HOL,-30.260406,16.74043,-459.52344,307.9844,GOES-16_XRS,2,6470,0,3011
2022-05-17 00:10:00,2022-05-17 00:00:00,2022-05-17 00:13:00,202205170000,3.627e-06,C3.6,GOES-16,2.245e-06,2.418e-03,2.575e-03,-42.0,22.0,HOL,-45.444122,24.678213,-615.99854,422.96637,GOES-16_XRS,1,6480,0,3014
2022-05-17 00:46:00,2022-05-17 00:39:00,2022-05-17 00:51:00,202205170039,2.924e-06,C2.9,GOES-16,2.104e-06,1.668e-03,2.102e-03,,,,-43.469116,20.27586,-614.07947,357.31467,GOES-16_XRS,1,6490,0,3014
2022-05-17 05:07:00,2022-05-17 04:58:00,2022-05-17 05:17:00,202205170458,6.254e-06,C6.2,GOES-16,3.208e-06,3.774e-03,6.252e-03,,,,-29.241577,14.671635,-450.0087,275.25345,GOES-16_XRS,1,6530,0,3015
2022-05-17 07:02:00,2022-05-17 06:55:00,2022-05-17 07:13:00,202205170655,3.479e-06,C3.4,GOES-16,2.225e-06,1.971e-03,3.578e-03,,,,-37.489563,22.781551,-534.0529,397.77954,GOES-16_XRS,1,6550,0,3014
2022-05-17 08:34:00,2022-05-17 08:23:00,,202205170823,3.701e-06,C3.7,GOES-16,2.093e-06,2.671e-03,,,,,-21.84967,19.879961,-333.31686,358.77115,GOES-16_XRS,1,6560,0,3011
2022-05-17 08:59:00,2022-05-17 08:40:00,2022-05-17 09:06:00,202205170840,4.355e-06,C4.3,GOES-16,3.669e-06,5.510e-03,6.723e-03,,,,-18.396332,8.973312,-296.9702,186.2539,GOES-16_XRS,2,6560,0,3011
2022-05-17 10:32:00,2022-05-17 10:17:00,,202205171017,3.644e-06,C3.6,GOES-16,2.059e-06,3.421e-03,,,,,-40.811035,25.645908,-560.5934,438.8359,GOES-16_XRS,1,6570,0,3014
2022-05-17 11:04:00,2022-05-17 10:57:00,2022-05-17 11:07:00,202205171057,3.064e-06,C3.0,GOES-16,2.937e-06,1.983e-03,2.162e-03,,,,-20.431793,10.815856,-326.62616,215.5539,GOES-16_XRS,2,6570,0,3014
2022-05-17 11:45:00,2022-05-17 11:26:00,2022-05-17 12:03:00,202205171126,9.909e-06,C9.9,GOES-16,4.057e-06,9.883e-03,1.782e-02,,,,-21.35144,-10.130013,-341.42804,-130.63098,GOES-16_XRS,1,6580,0,3010
2022-05-17 12:35:00,2022-05-17 12:28:00,2022-05-17 12:39:00,202205171228,8.606e-06,C8.6,GOES-16,4.576e-06,4.472e-03,5.175e-03,,,,,,994.91077,-609.8674,GOES-16_XRS,1,6590,0,
2022-05-17 16:26:00,2022-05-17 16:19:00,2022-05-17 16:32:00,202205171619,4.657e-06,C4.6,GOES-16,2.298e-06,2.330e-03,3.161e-03,,,,-36.38568,-4.2462716,-563.2242,-38.55361,GOES-16_XRS,1,6600,0,3007
2022-05-17 19:36:00,2022-05-17 19:29:00,2022-05-17 19:43:00,202205171929,3.262e-06,C3.2,GOES-16,1.948e-06,1.751e-03,2.547e-03,,,,-40.484344,22.972698,-568.75385,398.653,GOES-16_XRS,1,6620,0,3014
2022-05-18 04:46:00,2022-05-18 04:38:00,2022-05-18 04:50:00,202205180438,2.927e-06,C2.9,GOES-16,2.022e-06,1.774e-03,2.063e-03,,,,-58.452484,13.231034,-788.609,237.08621,GOES-16_XRS,1,6690,0,
2022-05-18 05:24:00,2022-05-18 05:16:00,2022-05-18 05:33:00,202205180516,2.554e-06,C2.5,GOES-16,1.833e-06,1.587e-03,2.530e-03,,,,-24.973877,18.986725,-380.11664,342.66687,GOES-16_XRS,1,6700,0,3014
2022-05-18 07:15:00,2022-05-18 07:06:00,2022-05-18 07:26:00,202205180706,2.202e-06,C2.2,GOES-16,1.495e-06,1.475e-03,2.531e-03,,,,-28.09256,17.38502,-427.83154,316.662,GOES-16_XRS,1,6710,0,
2022-05-18 08:02:00,2022-05-18 07:53:00,2022-05-18 08:08:00,202205180753,2.761e-06,C2.7,GOES-16,1.383e-06,1.522e-03,2.026e-03,,,,-62.542084,10.092512,-830.2413,183.83098,GOES-16_XRS,1,6720,0,
2022-05-18 08:23:00,2022-05-18 08:16:00,2022-05-18 08:29:00,202205180816,2.935e-06,C2.9,GOES-16,1.764e-06,1.512e-03,2.072e-03,,,,-69.85965,12.778414,-869.6534,222.78668,GOES-16_XRS,1,6730,0,
2022-05-18 10:11:00,2022-05-18 10:02:00,2022-05-18 10:21:00,202205181002,2.755e-06,C2.7,GOES-16,1.734e-06,1.852e-03,2.962e-03,-27.0,18.0,SVI,-18.770386,23.617378,-280.70456,414.35257,GOES-16_XRS,1,6760,0,3014
2022-05-18 10:42:00,2022-05-18 10:36:00,2022-05-18 10:47:00,202205181036,2.650e-06,C2.6,GOES-16,1.773e-06,1.343e-03,1.731e-03,,,,,,-952.9583,160.6726,GOES-16_XRS,1,6780,0,
2022-05-18 13:55:00,2022-05-18 13:42:00,2022-05-18 14:08:00,202205181342,2.332e-06,C2.3,GOES-16,1.572e-06,2.083e-03,3.472e-03,-14.0,11.0,SVI,-24.339111,11.778898,-384.17963,228.12213,GOES-16_XRS,1,6800,0,3011
2022-05-18 15:49:00,2022-05-18 15:43:00,2022-05-18 15:52:00,202205181543,4.751e-06,C4.7,GOES-16,1.983e-06,1.876e-03,2.058e-03,-23.0,22.0,SVI,-18.989594,23.82768,-283.3882,417.04547,GOES-16_XRS,1,6830,0,3014
2022-05-18 21:43:00,2022-05-18 21:38:00,,202205182138,4.225e-06,C4.2,GOES-16,3.088e-06,2.075e-03,,-21.0,22.0,HOL,-16.588013,20.797424,-254.11433,371.29922,GOES-16_XRS,1,6860,0,3014
2022-05-18 21:49:00,2022-05-18 21:45:00,2022-05-18 21:53:00,202205182145,5.204e-06,C5.2,GOES-16,4.113e-06,2.256e-03,2.804e-03,-21.0,22.0,HOL,-16.578339,19.830631,-255.56894,356.4585,GOES-16_XRS,2,6860,0,3014
2022-05-18 22:02:00,2022-05-18 21:57:00,2022-05-18 22:07:00,202205182157,1.129e-05,M1.1,GOES-16,4.451e-06,4.717e-03,6.085e-03,1.0,-15.0,HOL,-18.004822,15.284498,-283.92773,285.10114,GOES-16_XRS,1,6880,0,3014
2022-05-19 02:52:00,2022-05-19 02:48:00,2022-05-19 02:56:00,202205190248,3.903e-06,C3.9,GOES-16,2.619e-06,1.626e-03,1.987e-03,-19.0,22.0,LEA,-21.668182,21.553223,-326.91663,381.39792,GOES-16_XRS,1,6930,0,3014
2022-05-19 03:34:00,2022-05-19 03:27:00,2022-05-19 03:41:00,202205190327,3.107e-06,C3.1,GOES-16,1.726e-06,1.689e-03,2.444e-03,-15.0,22.0,LEA,-17.265747,18.915182,-267.3376,341.76108,GOES-16_XRS,1,6950,0,3014
2022-05-19 05:51:00,2022-05-19 05:38:00,2022-05-19 05:57:00,202205190538,5.587e-06,C5.5,GOES-16,2.060e-06,4.284e-03,5.231e-03,-18.0,21.0,SVI,-16.224396,21.03668,-248.28174,374.4192,GOES-16_XRS,1,6970,0,3014
2022-05-19 06:41:00,2022-05-19 06:29:00,2022-05-19 06:55:00,202205190629,7.878e-06,C7.8,GOES-16,3.222e-06,5.296e-03,9.723e-03,-31.0,12.0,SVI,-27.324799,15.89131,-420.25742,291.76562,GOES-16_XRS,1,6980,0,3015
2022-05-19 07:19:00,2022-05-19 07:00:00,2022-05-19 07:30:00,202205190700,5.604e-05,M5.6,GOES-16,4.566e-06,3.466e-02,5.444e-02,-37.0,12.0,SVI,-29.372498,16.66509,-447.2404,303.3058,GOES-16_XRS,1,6990,0,3017
2022-05-19 10:09:00,2022-05-19 10:00:00,2022-05-19 10:19:00,202205191000,1.547e-05,M1.5,GOES-16,2.421e-06,5.822e-03,1.080e-02,-18.0,20.0,SVI,-14.503784,19.064741,-225.37706,344.06265,GOES-16_XRS,1,7040,0,3014
2022-05-19 15:16:00,2022-05-19 15:05:00,2022-05-19 15:22:00,202205191505,1.166e-05,M1.1,GOES-16,2.106e-06,5.787e-03,7.564e-03,-13.0,21.0,SVI,-12.214172,20.279055,-188.94662,362.72873,GOES-16_XRS,1,7140,0,3014
2022-05-19 19:14:00,2022-05-19 19:00:00,2022-05-19 19:20:00,202205191900,3.402e-06,C3.4,GOES-16,1.634e-06,2.696e-03,3.321e-03,11.0,-16.0,HOL,13.957734,-13.713906,223.14655,-191.98495,GOES-16_XRS,1,7170,0,3010
2022-05-20 00:12:00,2022-05-20 00:08:00,2022-05-20 00:17:00,202205200008,3.989e-06,C3.9,GOES-16,1.443e-06,1.400e-03,1.852e-03,-3.0,22.0,LEA,-3.9432678,19.929472,-61.554855,357.38083,GOES-16_XRS,1,7210,0,3014
2022-05-20 07:45:00,2022-05-20 07:35:00,2022-05-20 07:47:00,202205200735,3.030e-05,M3.0,GOES-16,1.491e-06,7.482e-03,8.219e-03,-3.0,20.0,SVI,-0.3682251,17.790388,-5.8266034,323.70193,GOES-16_XRS,1,7230,0,3014
2022-05-20 11:58:00,2022-05-20 11:42:00,,202205201142,2.401e-06,C2.4,GOES-16,1.334e-06,2.390e-03,,,,,19.671837,14.929163,309.629,276.28134,GOES-16_XRS,1,,0,
2022-05-20 12:17:00,2022-05-20 12:10:00,2022-05-20 12:24:00,202205201210,2.735e-06,C2.7,GOES-16,2.297e-06,1.694e-03,2.458e-03,-3.0,20.0,SVI,19.378866,6.484796,313.88364,139.58154,GOES-16_XRS,2,7270,0,3014
2022-05-20 18:53:00,2022-05-20 18:46:00,2022-05-20 19:01:00,202205201846,2.596e-06,C2.5,GOES-16,1.743e-06,1.467e-03,2.267e-03,-13.0,18.0,HOL,-9.291443,19.59182,-144.79811,350.36774,GOES-16_XRS,1,7350,0,3017
2022-05-20 22:12:00,2022-05-20 22:03:00,2022-05-20 22:16:00,202205202203,8.426e-06,C8.4,GOES-16,2.116e-06,3.436e-03,4.012e-03,-60.0,13.0,HOL,-48.72534,11.985296,-698.9132,218.86583,GOES-16_XRS,1,7390,0,3019
2022-05-20 23:37:00,2022-05-20 23:24:00,2022-05-20 23:44:00,202205202324,5.257e-06,C5.2,GOES-16,1.458e-06,3.202e-03,4.293e-03,29.0,20.0,HOL,31.366444,13.208653,482.15292,244.99242,GOES-16_XRS,1,7410,0,3007
2022-05-21 00:13:00,2022-05-21 00:08:00,2022-05-21 00:22:00,202205210008,3.508e-06,C3.5,GOES-16,1.492e-06,1.484e-03,2.614e-03,27.0,20.0,HOL,30.371237,20.375065,450.91324,357.94858,GOES-16_XRS,1,7420,0,3011
2022-05-21 06:43:00,2022-05-21 06:32:00,2022-05-21 06:59:00,202205210632,2.303e-06,C2.3,GOES-16,1.463e-06,1.753e-03,3.478e-03,,,,10.868659,18.14874,170.55235,326.90463,GOES-16_XRS,1,7480,0,3014
2022-05-21 13:37:00,2022-05-21 13:29:00,2022-05-21 13:42:00,202205211329,3.499e-06,C3.4,GOES-16,2.422e-06,2.150e-03,2.674e-03,39.0,-16.0,HOL,38.405052,-18.08833,561.6227,-271.13947,GOES-16_XRS,1,7500,0,3010
2022-05-21 14:35:00,2022-05-21 14:27:00,2022-05-21 14:39:00,202205211427,2.717e-06,C2.7,GOES-16,1.783e-06,1.597e-03,1.837e-03,27.0,16.0,HOL,29.853704,13.645229,460.2337,251.39693,GOES-16_XRS,1,7510,0,3011
2022-05-21 15:39:00,2022-05-21 15:27:00,2022-05-21 15:47:00,202205211527,2.571e-06,C2.5,GOES-16,1.700e-06,2.126e-03,2.912e-03,20.0,21.0,SVI,34.12433,-8.493614,527.8478,-114.20225,GOES-16_XRS,1,7520,0,3014
2022-05-21 19:06:00,2022-05-21 18:59:00,2022-05-21 19:12:00,202205211859,1.950e-06,C1.9,GOES-16,1.410e-06,1.097e-03,1.504e-03,,,,36.260723,-10.120145,553.85693,-141.84117,GOES-16_XRS,1,7550,0,3010
2022-05-22 06:15:00,2022-05-22 06:08:00,2022-05-22 06:23:00,202205220608,2.251e-06,C2.2,GOES-16,1.557e-06,1.313e-03,2.019e-03,47.0,18.0,SVI,24.626772,24.857607,359.6434,425.07996,GOES-16_XRS,1,7630,0,3014
2022-05-22 13:54:00,2022-05-22 13:47:00,2022-05-22 14:06:00,202205221347,1.989e-06,C1.9,GOES-16,1.392e-06,1.166e-03,2.237e-03,,,,-14.927704,13.382968,-238.49042,248.58844,GOES-16_XRS,1,7660,0,
2022-05-22 14:31:00,2022-05-22 14:17:00,2022-05-22 14:47:00,202205221417,3.752e-06,C3.7,GOES-16,1.726e-06,3.123e-03,5.759e-03,12.0,11.0,HOL,12.783396,9.540343,207.67915,186.70853,GOES-16_XRS,1,7680,0,3017
2022-05-22 15:43:00,2022-05-22 15:37:00,2022-05-22 15:49:00,202205221537,2.464e-06,C2.4,GOES-16,1.723e-06,1.279e-03,1.783e-03,,,,32.357635,20.206648,477.6425,352.15265,GOES-16_XRS,1,7700,0,3014
2022-05-22 22:11:00,2022-05-22 22:01:00,,202205222201,1.615e-06,C1.6,GOES-16,1.045e-06,1.138e-03,,,,,33.58342,18.617882,498.4766,326.76678,GOES-16_XRS,1,7750,0,3014
2022-05-22 22:30:00,2022-05-22 22:21:00,2022-05-22 22:41:00,202205222221,1.964e-06,C1.9,GOES-16,1.479e-06,1.391e-03,2.352e-03,,,,31.498096,24.15441,453.2983,411.8661,GOES-16_XRS,2,7760,0,3017
2022-05-22 23:40:00,2022-05-22 23:26:00,2022-05-22 23:48:00,202205222326,4.697e-06,C4.6,GOES-16,1.318e-06,3.260e-03,4.432e-03,,,,15.596384,15.509914,246.51045,281.64957,GOES-16_XRS,1,7780,0,3017
2022-05-23 00:41:00,2022-05-23 00:25:00,2022-05-23 00:48:00,202205230025,3.177e-06,C3.1,GOES-16,1.189e-06,2.648e-03,3.318e-03,,,,-34.65323,12.988639,-526.8937,237.15765,GOES-16_XRS,1,7790,0,3019
2022-05-23 08:47:00,2022-05-23 08:42:00,2022-05-23 08:49:00,202205230842,3.437e-06,C3.4,GOES-16,1.832e-06,1.361e-03,1.491e-03,,,,33.52025,19.32055,495.50607,337.00522,GOES-16_XRS,1,7800,0,
2022-05-23 10:50:00,2022-05-23 10:43:00,,202205231043,2.027e-06,C2.0,GOES-16,1.202e-06,1.117e-03,,16.0,15.0,SVI,44.957893,-5.096717,668.96045,-64.31128,GOES-16_XRS,1,7810,0,3017
2022-05-23 11:05:00,2022-05-23 10:54:00,2022-05-23 11:36:00,202205231054,5.220e-06,C5.2,GOES-16,1.936e-06,3.204e-03,1.070e-02,16.0,15.0,SVI,17.90044,13.555606,284.2891,249.28064,GOES-16_XRS,2,7810,0,3017
2022-05-24 06:10:00,2022-05-24 06:03:00,2022-05-24 06:19:00,202205240603,3.163e-06,C3.1,GOES-16,2.115e-06,1.735e-03,2.875e-03,,,,65.654175,-23.681883,791.77185,-370.85648,GOES-16_XRS,1,7860,0,3014
2022-05-24 09:05:00,2022-05-24 09:00:00,2022-05-24 09:14:00,202205240900,4.229e-06,C4.2,GOES-16,2.020e-06,1.739e-03,3.085e-03,76.0,20.0,SVI,82.92235,18.769165,890.48236,307.91684,GOES-16_XRS,1,7890,0,3017
2022-05-24 09:22:00,2022-05-24 09:15:00,2022-05-24 09:29:00,202205240915,4.528e-06,C4.5,GOES-16,3.036e-06,2.644e-03,3.799e-03,76.0,20.0,SVI,23.25278,15.259758,362.24066,273.874,GOES-16_XRS,1,7890,0,3017
2022-05-24 12:05:00,2022-05-24 11:50:00,2022-05-24 12:15:00,202205241150,3.683e-06,C3.6,GOES-16,1.340e-06,2.916e-03,4.244e-03,,,,67.27571,-14.144963,848.69366,-221.90663,GOES-16_XRS,1,7900,0,3010
2022-05-24 13:32:00,2022-05-24 13:26:00,,202205241326,1.477e-06,C1.4,GOES-16,1.028e-06,7.632e-04,,,,,72.44948,17.758442,861.19324,296.70676,GOES-16_XRS,1,7910,0,3011
2022-05-24 13:40:00,2022-05-24 13:35:00,2022-05-24 13:43:00,202205241335,1.502e-06,C1.5,GOES-16,1.391e-06,7.876e-04,8.719e-04,,,,63.13439,20.527916,792.8316,343.7759,GOES-16_XRS,2,7910,0,3011
2022-05-24 22:17:00,2022-05-24 22:03:00,2022-05-24 22:24:00,202205242203,5.132e-06,C5.1,GOES-16,9.661e-07,2.833e-03,3.776e-03,-80.0,-11.0,HOL,-82.93021,-9.612275,-927.2879,-155.09009,GOES-16_XRS,1,7970,0,3023
2022-05-25 05:02:00,2022-05-25 04:52:00,,202205250452,1.529e-06,C1.5,GOES-16,1.011e-06,1.085e-03,,,,,3.838306,20.790483,59.524223,360.87744,GOES-16_XRS,1,8000,0,3019
2022-05-25 05:20:00,2022-05-25 05:11:00,2022-05-25 05:23:00,202205250511,1.504e-06,C1.5,GOES-16,1.272e-06,1.066e-03,1.143e-03,,,,43.01293,13.788993,629.4919,244.1602,GOES-16_XRS,2,8000,0,3019
2022-05-25 11:19:00,2022-05-25 11:07:00,2022-05-25 11:26:00,202205251107,2.028e-06,C2.0,GOES-16,1.007e-06,1.511e-03,1.974e-03,3.0,11.0,SVI,9.416934,11.595035,152.46614,214.86641,GOES-16_XRS,1,8040,0,3019
2022-05-25 16:40:00,2022-05-25 16:22:00,2022-05-25 16:57:00,202205251622,2.135e-06,C2.1,GOES-16,1.019e-06,2.175e-03,4.132e-03,4.0,13.0,HOL,23.001429,16.927,355.44492,297.97922,GOES-16_XRS,1,8070,0,3019
2022-05-25 18:24:00,2022-05-25 18:09:00,2022-05-25 18:42:00,202205251809,1.338e-05,M1.3,GOES-16,1.005e-06,8.608e-03,1.754e-02,41.0,-19.0,HOL,41.137238,-19.136578,590.52606,-294.33762,GOES-16_XRS,1,8100,0,3016
2022-05-26 02:20:00,2022-05-26 02:10:00,2022-05-26 02:24:00,202205260210,2.992e-06,C2.9,GOES-16,1.376e-06,1.719e-03,1.965e-03,,,,57.22347,10.9246855,783.6484,192.21681,GOES-16_XRS,1,8120,0,3014
2022-05-26 03:02:00,2022-05-26 02:53:00,2022-05-26 03:06:00,202205260253,2.144e-06,C2.1,GOES-16,1.025e-06,1.197e-03,1.381e-03,,,,55.291748,10.600463,767.1151,187.58763,GOES-16_XRS,1,8140,0,3017
2022-05-26 03:42:00,2022-05-26 03:27:00,,202205260327,2.962e-06,C2.9,GOES-16,1.355e-06,2.732e-03,,,,,79.38895,21.40051,867.21826,349.64124,GOES-16_XRS,1,8220,0,
2022-05-26 03:56:00,2022-05-26 03:52:00,2022-05-26 03:59:00,202205260352,3.469e-06,C3.4,GOES-16,2.334e-06,1.400e-03,1.548e-03,,,,67.92711,15.910902,845.2881,268.2974,GOES-16_XRS,2,8150,0,3017
2022-05-26 04:49:00,2022-05-26 04:42:00,2022-05-26 04:56:00,202205260442,7.291e-06,C7.2,GOES-16,1.178e-06,2.293e-03,3.559e-03,63.0,10.0,SVI,57.88997,10.868223,789.5651,190.95903,GOES-16_XRS,1,8170,0,3017
2022-05-26 10:07:00,2022-05-26 10:02:00,2022-05-26 10:12:00,202205261002,1.312e-06,C1.3,GOES-16,8.783e-07,6.068e-04,7.987e-04,,,,70.217354,20.856503,833.80316,344.6517,GOES-16_XRS,1,8210,0,3017
2022-05-26 13:19:00,2022-05-26 13:08:00,2022-05-26 13:24:00,202205261308,1.703e-06,C1.7,GOES-16,7.541e-07,1.037e-03,1.251e-03,67.0,12.0,SVI,67.79547,12.085751,858.6551,206.78827,GOES-16_XRS,1,8230,0,3015
2022-05-26 17:52:00,2022-05-26 17:31:00,2022-05-26 18:00:00,202205261731,2.892e-06,C2.8,GOES-16,7.873e-07,2.507e-03,3.202e-03,,,,64.751305,15.4686,826.89575,261.96997,GOES-16_XRS,1,8250,0,3017
2022-05-26 19:21:00,2022-05-26 19:13:00,2022-05-26 19:26:00,202205261913,1.709e-06,C1.7,GOES-16,1.161e-06,1.019e-03,1.268e-03,67.0,12.0,HOL,61.538025,12.029874,815.8335,207.89735,GOES-16_XRS,1,8260,0,3015
2022-05-27 00:39:00,2022-05-27 00:31:00,2022-05-27 00:42:00,202205270031,1.042e-06,C1.0,GOES-16,6.630e-07,5.931e-04,6.395e-04,,,,-46.264008,-21.339193,-639.1008,-331.65884,GOES-16_XRS,1,8290,0,3024
2022-05-27 02:30:00,2022-05-27 02:16:00,2022-05-27 02:38:00,202205270216,1.946e-06,C1.9,GOES-16,7.159e-07,1.480e-03,1.998e-03,,,,70.63533,15.826604,860.5886,265.29987,GOES-16_XRS,1,8310,0,
2022-05-27 11:27:00,2022-05-27 11:10:00,2022-05-27 11:36:00,202205271110,2.317e-06,C2.3,GOES-16,6.261e-07,1.782e-03,2.441e-03,-10.0,13.0,SVI,0.5995666,11.080409,9.76578,202.92729,GOES-16_XRS,1,8370,0,3021
2022-05-27 12:00:00,2022-05-27 11:51:00,2022-05-27 12:10:00,202205271151,1.662e-06,C1.6,GOES-16,7.785e-07,1.007e-03,1.640e-03,,,,,,910.0954,300.43973,GOES-16_XRS,1,8380,0,3021
2022-05-27 19:33:00,2022-05-27 19:26:00,2022-05-27 19:37:00,202205271926,1.464e-06,C1.4,GOES-16,9.803e-07,8.425e-04,9.822e-04,-46.0,-32.0,HOL,-26.452423,-28.865164,-370.65323,-442.96597,GOES-16_XRS,1,8470,0,3024
2022-05-28 00:01:00,2022-05-27 23:53:00,2022-05-28 00:06:00,202205272353,7.773e-07,B7.7,GOES-16,5.274e-07,4.762e-04,5.910e-04,,,,,,,,,1,8490,0,3021
2022-05-28 01:38:00,2022-05-28 01:29:00,2022-05-28 01:46:00,202205280129,7.541e-07,B7.5,GOES-16,5.101e-07,5.052e-04,7.391e-04,,,,,,,,,1,8500,0,
2022-05-28 06:46:00,2022-05-28 06:37:00,2022-05-28 06:52:00,202205280637,1.326e-06,C1.3,GOES-16,5.359e-07,7.160e-04,9.491e-04,,,,76.07994,23.056152,846.2199,375.18906,GOES-16_XRS,1,8520,0,
2022-05-28 19:04:00,2022-05-28 18:53:00,2022-05-28 19:11:00,202205281853,1.827e-06,C1.8,GOES-16,3.454e-07,1.037e-03,1.373e-03,,,,9.013187,11.574273,145.91084,208.10031,GOES-16_XRS,1,8610,0,3021
2022-05-29 00:53:00,2022-05-29 00:42:00,2022-05-29 01:01:00,202205290042,7.492e-07,B7.4,GOES-16,2.987e-07,4.373e-04,6.283e-04,,,,,,,,,1,8660,0,
2022-05-29 16:13:00,2022-05-29 16:07:00,2022-05-29 16:15:00,202205291607,4.451e-07,B4.4,GOES-16,2.120e-07,1.955e-04,2.099e-04,48.0,27.0,HOL,,,,,,1,8760,0,3025
2022-05-29 17:05:00,2022-05-29 17:02:00,2022-05-29 17:07:00,202205291702,7.305e-07,B7.3,GOES-16,3.171e-07,2.052e-04,2.297e-04,47.0,27.0,HOL,,,,,,1,8770,0,3025
2022-05-29 17:37:00,2022-05-29 17:30:00,,202205291730,4.704e-07,B4.7,GOES-16,2.967e-07,2.470e-04,,,,,,,,,,1,,0,
2022-05-29 17:48:00,2022-05-29 17:39:00,2022-05-29 17:50:00,202205291739,5.240e-07,B5.2,GOES-16,3.852e-07,3.453e-04,3.686e-04,,,,,,,,,2,8780,0,3025
2022-05-29 18:12:00,2022-05-29 18:05:00,2022-05-29 18:14:00,202205291805,5.726e-07,B5.7,GOES-16,2.893e-07,2.802e-04,3.039e-04,48.0,27.0,HOL,,,,,,1,8790,0,3025
2022-05-29 19:47:00,2022-05-29 19:38:00,2022-05-29 19:51:00,202205291938,5.011e-07,B5.0,GOES-16,2.347e-07,2.823e-04,3.254e-04,49.0,27.0,HOL,,,,,,1,8800,0,3025
2022-05-29 21:00:00,2022-05-29 20:51:00,2022-05-29 21:07:00,202205292051,7.429e-07,B7.4,GOES-16,2.289e-07,3.608e-04,5.151e-04,49.0,27.0,HOL,,,,,,1,8810,0,3025
2022-05-30 00:23:00,2022-05-30 00:15:00,2022-05-30 00:28:00,202205300015,3.647e-07,B3.6,GOES-16,2.359e-07,2.116e-04,2.645e-04,,,,,,,,,1,8830,0,3025
2022-05-30 00:54:00,2022-05-30 00:50:00,2022-05-30 00:57:00,202205300050,6.314e-07,B6.3,GOES-16,2.243e-07,2.178e-04,2.392e-04,,,,,,,,,1,8840,0,3021
2022-05-30 01:59:00,2022-05-30 01:47:00,,202205300147,3.788e-07,B3.7,GOES-16,2.214e-07,3.083e-04,,,,,,,,,,1,,0,
2022-05-30 02:27:00,2022-05-30 02:03:00,,202205300203,1.535e-06,C1.5,GOES-16,3.532e-07,1.688e-03,,,,,71.16816,22.104214,830.9264,361.0948,GOES-16_XRS,2,8850,0,3019
2022-05-30 02:43:00,2022-05-30 02:37:00,2022-05-30 02:45:00,202205300237,1.476e-06,C1.4,GOES-16,1.439e-06,8.652e-04,9.490e-04,,,,63.153744,16.216866,812.3074,271.39645,GOES-16_XRS,3,,0,
2022-05-30 15:09:00,2022-05-30 14:57:00,2022-05-30 15:16:00,202205301457,6.606e-07,B6.6,GOES-16,2.453e-07,4.301e-04,5.722e-04,-10.0,-31.0,SVI,,,,,,1,8950,0,3024
2022-05-30 18:13:00,2022-05-30 18:09:00,2022-05-30 18:16:00,202205301809,3.239e-07,B3.2,GOES-16,2.078e-07,1.271e-04,1.416e-04,,,,,,,,,1,8980,0,3023
2022-05-31 15:08:00,2022-05-31 14:53:00,2022-05-31 15:20:00,202205311453,6.190e-07,B6.1,GOES-16,2.925e-07,5.389e-04,8.437e-04,,,,,,,,,1,9120,0,3025
2022-06-01 04:26:00,2022-06-01 04:20:00,2022-06-01 04:36:00,202206010420,3.769e-07,B3.7,GOES-16,2.682e-07,1.979e-04,3.619e-04,24.0,16.0,SVI,,,,,,1,9200,0,3026
2022-06-01 11:47:00,2022-06-01 11:37:00,2022-06-01 11:49:00,202206011137,8.838e-07,B8.8,GOES-16,3.107e-07,4.122e-04,4.330e-04,27.0,18.0,SVI,,,,,,1,9260,0,3026
2022-06-01 13:27:00,2022-06-01 13:21:00,2022-06-01 13:30:00,202206011321,4.798e-07,B4.7,GOES-16,3.013e-07,2.331e-04,2.547e-04,,,,,,,,,1,9300,0,3026
2022-06-01 14:51:00,2022-06-01 14:43:00,2022-06-01 14:54:00,202206011443,7.690e-07,B7.6,GOES-16,3.894e-07,4.063e-04,4.352e-04,29.0,17.0,SVI,,,,,,1,9320,0,3026
2022-06-02 03:10:00,2022-06-02 02:59:00,2022-06-02 03:21:00,202206020259,5.627e-07,B5.6,GOES-16,2.895e-07,4.163e-04,6.635e-04,,,,,,,,,1,9380,0,3023
2022-06-02 04:02:00,2022-06-02 03:54:00,2022-06-02 04:10:00,202206020354,8.014e-07,B8.0,GOES-16,4.200e-07,4.344e-04,6.627e-04,,,,,,,,,1,9390,0,3023
2022-06-02 05:03:00,2022-06-02 04:56:00,2022-06-02 05:18:00,202206020456,5.040e-07,B5.0,GOES-16,3.467e-07,2.913e-04,6.622e-04,,,,,,,,,1,9410,0,
2022-06-02 06:20:00,2022-06-02 05:58:00,2022-06-02 07:01:00,202206020558,1.248e-06,C1.2,GOES-16,4.014e-07,1.361e-03,3.878e-03,,,,,,-905.36304,-348.3289,GOES-16_XRS,1,9420,0,
2022-06-02 12:37:00,2022-06-02 12:26:00,2022-06-02 12:41:00,202206021226,5.858e-07,B5.8,GOES-16,2.786e-07,3.967e-04,4.437e-04,45.0,16.0,SVI,,,,,,1,9470,0,3026
2022-06-02 14:26:00,2022-06-02 14:18:00,2022-06-02 14:31:00,202206021418,3.975e-07,B3.9,GOES-16,2.859e-07,2.473e-04,3.085e-04,,,,,,,,,1,9520,0,3026
2022-06-02 15:44:00,2022-06-02 15:37:00,2022-06-02 15:46:00,202206021537,3.486e-07,B3.4,GOES-16,2.352e-07,1.794e-04,1.947e-04,,,,,,,,,1,9530,0,3026
2022-06-02 20:41:00,2022-06-02 20:37:00,2022-06-02 20:45:00,202206022037,3.883e-07,B3.8,GOES-16,2.577e-07,1.590e-04,1.968e-04,,,,,,,,,1,9560,0,3026
2022-06-03 02:48:00,2022-06-03 02:43:00,2022-06-03 02:50:00,202206030243,8.184e-07,B8.1,GOES-16,2.194e-07,2.493e-04,2.708e-04,,,,,,,,,1,9570,0,3024
2022-06-03 07:20:00,2022-06-03 07:11:00,2022-06-03 07:24:00,202206030711,6.808e-07,B6.8,GOES-16,2.197e-07,3.069e-04,3.505e-04,,,,,,,,,1,9580,0,3024
2022-06-04 00:40:00,2022-06-04 00:28:00,2022-06-04 00:54:00,202206040028,4.304e-07,B4.3,GOES-16,2.117e-07,3.244e-04,5.884e-04,,,,,,,,,1,9710,0,
2022-06-04 01:26:00,2022-06-04 01:15:00,2022-06-04 01:39:00,202206040115,5.214e-07,B5.2,GOES-16,2.884e-07,3.760e-04,6.624e-04,,,,,,,,,1,9720,0,
2022-06-04 18:02:00,2022-06-04 17:29:00,2022-06-04 18:33:00,202206041729,7.148e-07,B7.1,GOES-16,2.536e-07,1.180e-03,2.187e-03,,,,,,,,,1,9780,0,3024
2022-06-05 00:04:00,2022-06-04 23:50:00,2022-06-05 00:13:00,202206042350,3.232e-07,B3.2,GOES-16,1.988e-07,2.997e-04,4.156e-04,,,,,,,,,1,9810,0,3028
2022-06-05 12:00:00,2022-06-05 11:32:00,,202206051132,1.394e-06,C1.3,GOES-16,1.855e-07,1.487e-03,,,,,-71.778656,-24.39408,-818.9087,-390.24612,GOES-16_XRS,1,9820,0,3029
2022-06-05 12:25:00,2022-06-05 12:05:00,2022-06-05 12:33:00,202206051205,1.767e-06,C1.7,GOES-16,1.372e-06,2.323e-03,2.902e-03,,,,-78.3432,-25.60782,-835.66327,-408.4954,GOES-16_XRS,2,9870,0,3029
2022-06-06 23:33:00,2022-06-06 23:28:00,,202206062328,3.907e-07,B3.9,GOES-16,2.219e-07,1.702e-04,,,,,,,,,,1,,0,
2022-06-06 23:50:00,2022-06-06 23:41:00,2022-06-06 23:54:00,202206062341,5.505e-07,B5.5,GOES-16,3.111e-07,3.359e-04,3.843e-04,85.0,-13.0,HOL,,,,,,2,9910,0,3023
2022-06-07 02:10:00,2022-06-07 02:04:00,2022-06-07 02:14:00,202206070204,4.140e-07,B4.1,GOES-16,2.196e-07,1.750e-04,2.098e-04,,,,,,,,,1,9930,0,3023
2022-06-07 03:18:00,2022-06-07 03:15:00,,202206070315,4.451e-07,B4.4,GOES-16,2.572e-07,1.625e-04,,85.0,-12.0,LEA,,,,,,1,9940,0,3023
2022-06-07 03:28:00,2022-06-07 03:19:00,2022-06-07 03:36:00,202206070319,5.741e-07,B5.7,GOES-16,4.060e-07,3.878e-04,5.700e-04,,,,,,,,,2,9960,0,3023
2022-06-07 04:08:00,2022-06-07 04:00:00,2022-06-07 04:15:00,202206070400,5.490e-07,B5.4,GOES-16,3.722e-07,3.301e-04,4.705e-04,,,,,,,,,1,9950,0,3023
2022-06-07 17:42:00,2022-06-07 17:36:00,2022-06-07 17:56:00,202206071736,3.914e-07,B3.9,GOES-16,2.696e-07,1.923e-04,4.439e-04,,,,,,,,,1,9980,0,
2022-06-09 03:39:00,2022-06-09 03:31:00,2022-06-09 03:43:00,202206090331,1.394e-06,C1.3,GOES-16,4.922e-07,5.231e-04,6.206e-04,,,,-9.256683,-13.574486,-148.41504,-227.32675,GOES-16_XRS,1,30,0,3029
2022-06-09 06:00:00,2022-06-09 05:53:00,,202206090553,6.818e-07,B6.8,GOES-16,4.607e-07,3.829e-04,,,,,,,,,,1,40,0,3029
2022-06-09 06:18:00,2022-06-09 06:11:00,2022-06-09 06:22:00,202206090611,6.043e-07,B6.0,GOES-16,5.694e-07,3.882e-04,4.570e-04,,,,,,,,,2,50,0,3029
2022-06-09 08:41:00,2022-06-09 08:33:00,,202206090833,6.250e-07,B6.2,GOES-16,4.456e-07,3.891e-04,,,,,,,,,,1,70,0,3029
2022-06-09 08:48:00,2022-06-09 08:44:00,2022-06-09 08:51:00,202206090844,1.090e-06,C1.0,GOES-17,5.940e-07,4.011e-04,4.424e-04,,,,-71.24271,17.939943,-852.47595,289.89597,GOES-17_XRS,2,,0,
2022-06-09 08:59:00,2022-06-09 08:53:00,2022-06-09 09:03:00,202206090853,1.731e-06,C1.7,GOES-16,6.573e-07,6.659e-04,7.954e-04,,,,2.4725833,-13.863859,39.7561,-232.46928,GOES-16_XRS,2,80,0,3029
2022-06-09 10:18:00,2022-06-09 10:03:00,2022-06-09 10:36:00,202206091003,1.916e-06,C1.9,GOES-16,4.815e-07,1.341e-03,2.711e-03,,,,,,-845.5604,431.79312,GOES-16_XRS,1,100,0,3030
2022-06-10 02:42:00,2022-06-10 02:34:00,,202206100234,8.313e-07,B8.3,GOES-16,5.979e-07,5.270e-04,,,,,,,,,,1,170,0,3030
2022-06-10 03:21:00,2022-06-10 02:48:00,2022-06-10 03:34:00,202206100248,1.157e-06,C1.1,GOES-16,7.823e-07,2.156e-03,2.841e-03,,,,,,-928.32477,444.61224,GOES-16_XRS,2,180,0,3030
2022-06-10 05:46:00,2022-06-10 05:34:00,2022-06-10 06:01:00,202206100534,3.763e-06,C3.7,GOES-16,7.186e-07,2.253e-03,4.431e-03,-75.0,21.0,LEA,-80.101746,20.49898,-872.5229,330.0144,GOES-16_XRS,1,190,0,3030
2022-06-10 08:32:00,2022-06-10 08:17:00,2022-06-10 09:10:00,202206100817,4.136e-06,C4.1,GOES-16,7.189e-07,2.491e-03,9.400e-03,,,,,,-874.88965,402.88385,GOES-16_XRS,1,200,0,3030
2022-06-10 10:54:00,2022-06-10 10:10:00,2022-06-10 11:13:00,202206101010,1.218e-05,M1.2,GOES-16,4.078e-06,2.487e-02,3.466e-02,-78.0,18.0,SVI,,,-917.2661,337.18915,GOES-16_XRS,1,210,0,3030
2022-06-10 14:32:00,2022-06-10 14:10:00,2022-06-10 15:00:00,202206101410,2.372e-06,C2.3,GOES-16,6.940e-07,2.432e-03,5.257e-03,,,,,,-885.424,337.63678,GOES-16_XRS,1,230,0,3030
2022-06-10 21:12:00,2022-06-10 21:05:00,2022-06-10 21:16:00,202206102105,8.684e-07,B8.6,GOES-16,4.911e-07,4.151e-04,4.890e-04,,,,,,,,,1,250,0,3031
2022-06-11 06:10:00,2022-06-11 06:04:00,2022-06-11 06:16:00,202206110604,8.224e-07,B8.2,GOES-16,6.064e-07,4.392e-04,6.123e-04,,,,,,,,,1,280,0,3030
2022-06-11 14:10:00,2022-06-11 14:01:00,2022-06-11 14:18:00,202206111401,1.275e-06,C1.2,GOES-16,6.304e-07,7.610e-04,1.122e-03,,,,-61.10034,10.020377,-816.2561,160.17154,GOES-16_XRS,1,300,0,3030
2022-06-11 22:27:00,2022-06-11 21:56:00,2022-06-11 22:44:00,202206112156,1.334e-06,C1.3,GOES-16,5.420e-07,2.062e-03,3.020e-03,,,,-73.60202,17.253084,-866.5799,277.75815,GOES-16_XRS,1,330,0,3030
2022-06-12 21:40:00,2022-06-12 21:29:00,2022-06-12 21:56:00,202206122129,2.077e-06,C2.0,GOES-16,8.075e-07,1.364e-03,2.742e-03,,,,,,-915.79407,325.13785,GOES-16_XRS,1,410,0,3033
2022-06-13 04:07:00,2022-06-13 02:58:00,2022-06-13 05:11:00,202206130258,3.425e-05,M3.4,GOES-16,2.706e-06,8.535e-02,1.791e-01,-45.0,15.0,LEA,-48.717712,22.989208,-655.2883,362.1855,GOES-16_XRS,1,440,0,3032
2022-06-13 21:24:00,2022-06-13 21:20:00,2022-06-13 21:27:00,202206132120,8.536e-06,C8.5,GOES-16,1.385e-06,2.177e-03,2.382e-03,,,,-12.494904,-26.27004,-183.97594,-432.07852,GOES-16_XRS,1,590,0,3031
2022-06-14 04:00:00,2022-06-14 03:44:00,2022-06-14 04:12:00,202206140344,3.584e-06,C3.5,GOES-16,1.312e-06,2.900e-03,4.535e-03,,,,-16.97406,17.732006,-263.74057,275.42447,GOES-16_XRS,1,610,0,
2022-06-14 05:40:00,2022-06-14 05:17:00,2022-06-14 05:56:00,202206140517,4.904e-06,C4.9,GOES-16,1.462e-06,5.591e-03,8.859e-03,44.0,-14.0,SVI,-7.60376,-26.431728,-112.364876,-435.25778,GOES-16_XRS,1,630,0,
2022-06-14 08:42:00,2022-06-14 08:35:00,,202206140835,1.291e-06,C1.2,GOES-16,8.611e-07,7.077e-04,,,,,-15.303223,4.456885,-249.61977,59.176884,GOES-16_XRS,1,,0,
2022-06-14 08:52:00,2022-06-14 08:45:00,2022-06-14 08:57:00,202206140845,1.383e-06,C1.3,GOES-16,1.228e-06,8.790e-04,1.112e-03,-31.0,21.0,SVI,-4.405243,-20.08772,-68.42386,-339.89752,GOES-16_XRS,2,650,0,3032
2022-06-14 09:22:00,2022-06-14 09:17:00,,202206140917,1.494e-06,C1.4,GOES-16,1.100e-06,7.195e-04,,,,,-8.166107,-33.136703,-112.76157,-530.7286,GOES-16_XRS,1,,0,
2022-06-14 09:44:00,2022-06-14 09:37:00,,202206140937,1.770e-06,C1.7,GOES-16,1.320e-06,1.035e-03,,-7.0,-28.0,SVI,-11.586731,-22.486542,-175.99986,-376.42746,GOES-16_XRS,2,660,0,3031
2022-06-14 10:06:00,2022-06-14 09:56:00,2022-06-14 10:12:00,202206140956,3.445e-06,C3.4,GOES-16,1.607e-06,2.147e-03,2.766e-03,,,,-7.609314,-27.718489,-111.155556,-454.35544,GOES-16_XRS,3,,0,
2022-06-14 11:12:00,2022-06-14 10:58:00,,202206141058,2.213e-06,C2.2,GOES-16,1.189e-06,1.925e-03,,44.0,-14.0,SVI,10.244859,-17.95726,160.47981,-306.7329,GOES-16_XRS,1,670,0,3030
2022-06-14 11:32:00,2022-06-14 11:29:00,2022-06-14 11:41:00,202206141129,2.906e-06,C2.9,GOES-16,1.872e-06,1.034e-03,2.067e-03,44.0,-14.0,SVI,-3.4008179,4.643889,-56.09838,61.535072,GOES-16_XRS,2,670,0,3030
2022-06-14 13:13:00,2022-06-14 13:09:00,2022-06-14 13:16:00,202206141309,6.564e-06,C6.5,GOES-16,1.061e-06,1.566e-03,1.704e-03,,,,46.27866,-14.834623,661.8289,-252.84523,GOES-16_XRS,1,,0,
2022-06-14 13:26:00,2022-06-14 13:19:00,2022-06-14 13:31:00,202206141319,8.582e-06,C8.5,GOES-16,2.049e-06,3.087e-03,4.000e-03,-5.0,-28.0,SVI,-4.2449036,-26.59178,-62.767944,-438.25055,GOES-16_XRS,1,700,0,3031
2022-06-14 14:20:00,2022-06-14 14:11:00,2022-06-14 14:25:00,202206141411,8.688e-06,C8.6,GOES-16,2.379e-06,4.121e-03,5.105e-03,-5.0,-28.0,SVI,-5.161438,-27.209951,-75.867744,-447.33066,GOES-16_XRS,1,730,0,3031
2022-06-14 16:02:00,2022-06-14 15:56:00,2022-06-14 16:18:00,202206141556,1.381e-06,C1.3,GOES-16,8.846e-07,6.734e-04,1.815e-03,52.0,-20.0,HOL,41.544353,-14.390679,608.71246,-246.85156,GOES-16_XRS,1,750,0,3036
2022-06-14 17:44:00,2022-06-14 17:34:00,2022-06-14 17:58:00,202206141734,3.934e-06,C3.9,GOES-16,1.137e-06,1.933e-03,4.175e-03,-43.0,13.0,HOL,-8.383026,-17.38322,-131.96915,-298.3113,GOES-16_XRS,1,780,0,3033
2022-06-14 18:42:00,2022-06-14 18:27:00,2022-06-14 18:52:00,202206141827,2.295e-06,C2.2,GOES-16,1.215e-06,2.130e-03,3.029e-03,,,,-10.963837,-9.737949,-177.81956,-175.8513,GOES-16_XRS,1,790,0,3031
2022-06-14 23:24:00,2022-06-14 23:21:00,2022-06-14 23:26:00,202206142321,2.604e-06,C2.6,GOES-16,9.956e-07,7.684e-04,8.575e-04,58.0,-19.0,HOL,53.052105,-15.218132,730.2187,-257.97305,GOES-16_XRS,1,840,0,3036
2022-06-15 03:40:00,2022-06-15 03:31:00,2022-06-15 03:48:00,202206150331,1.346e-06,C1.3,GOES-16,9.373e-07,9.115e-04,1.330e-03,,,,45.65808,-13.854748,657.799,-238.1134,GOES-16_XRS,1,860,0,3036
2022-06-15 04:40:00,2022-06-15 04:32:00,2022-06-15 04:44:00,202206150432,3.387e-06,C3.3,GOES-16,1.056e-06,1.404e-03,1.644e-03,57.0,-14.0,SVI,50.33288,-11.461664,714.50275,-198.63655,GOES-16_XRS,1,870,0,3036
2022-06-15 06:09:00,2022-06-15 06:03:00,2022-06-15 06:11:00,202206150603,1.256e-06,C1.2,GOES-16,8.627e-07,6.085e-04,6.687e-04,3.0,-29.0,SVI,-5.833374,-29.645283,-83.74862,-483.47458,GOES-16_XRS,1,890,0,3031
2022-06-15 07:25:00,2022-06-15 07:21:00,2022-06-15 07:28:00,202206150721,3.293e-06,C3.2,GOES-16,9.056e-07,8.794e-04,9.943e-04,-6.0,21.0,SVI,-7.016266,19.791842,-109.013245,305.2455,GOES-16_XRS,1,900,0,3030
2022-06-15 10:22:00,2022-06-15 10:15:00,2022-06-15 10:29:00,202206151015,9.549e-07,B9.5,GOES-16,6.654e-07,5.378e-04,7.813e-04,,,,,,,,,1,930,0,3031
2022-06-16 01:21:00,2022-06-16 01:16:00,2022-06-16 01:26:00,202206160116,1.121e-06,C1.1,GOES-16,6.755e-07,5.082e-04,6.670e-04,,,,5.9983025,23.51573,90.868164,361.4789,GOES-16_XRS,1,1000,0,3030
2022-06-16 02:08:00,2022-06-16 02:02:00,2022-06-16 02:10:00,202206160202,1.432e-06,C1.4,GOES-16,7.151e-07,5.732e-04,6.290e-04,,,,25.151812,-25.870218,362.4691,-428.5601,GOES-16_XRS,1,1010,0,3031
2022-06-16 03:53:00,2022-06-16 03:46:00,2022-06-16 03:55:00,202206160346,1.613e-05,M1.6,GOES-16,7.413e-07,2.474e-03,2.650e-03,,,,14.123376,-29.09771,202.1169,-476.7062,GOES-16_XRS,1,1030,0,3031
2022-06-16 12:40:00,2022-06-16 12:35:00,2022-06-16 12:49:00,202206161235,1.184e-06,C1.1,GOES-16,8.345e-07,5.567e-04,9.963e-04,25.0,-22.0,SVI,-17.532928,13.54761,-277.73837,204.13448,GOES-16_XRS,1,1090,0,3031
2022-06-16 13:44:00,2022-06-16 13:38:00,2022-06-16 13:46:00,202206161338,4.541e-06,C4.5,GOES-16,8.341e-07,1.079e-03,1.136e-03,18.0,-28.0,HOL,17.868587,-28.626015,255.28671,-470.27274,GOES-16_XRS,1,1120,0,3031
2022-06-16 15:40:00,2022-06-16 15:36:00,2022-06-16 15:42:00,202206161536,1.734e-06,C1.7,GOES-16,1.075e-06,6.517e-04,7.228e-04,20.0,-25.0,SVI,16.03699,-23.836063,239.56749,-400.29572,GOES-16_XRS,1,1140,0,3031
2022-06-16 19:43:00,2022-06-16 19:39:00,2022-06-16 19:46:00,202206161939,1.651e-06,C1.6,GOES-16,1.112e-06,6.468e-04,7.191e-04,,,,21.993397,-27.338335,315.30298,-451.60092,GOES-16_XRS,1,1220,0,3031
2022-06-17 00:53:00,2022-06-17 00:44:00,2022-06-17 00:56:00,202206170044,4.696e-06,C4.6,GOES-16,9.371e-07,1.557e-03,1.645e-03,,,,23.661083,-27.25606,338.11758,-450.51532,GOES-16_XRS,1,1330,0,3031
2022-06-17 02:24:00,2022-06-17 02:21:00,2022-06-17 02:26:00,202206170221,1.607e-06,C1.6,GOES-16,1.041e-06,5.408e-04,6.077e-04,,,,28.553108,-30.729973,389.2723,-499.5012,GOES-16_XRS,1,1380,0,3031
2022-06-17 06:30:00,2022-06-17 06:10:00,2022-06-17 06:46:00,202206170610,2.793e-06,C2.7,GOES-16,9.991e-07,2.916e-03,4.779e-03,20.0,18.0,SVI,19.654612,15.289016,307.63504,231.03342,GOES-16_XRS,1,1410,0,3030
2022-06-17 11:23:00,2022-06-17 10:52:00,2022-06-17 11:37:00,202206171052,5.621e-06,C5.6,GOES-16,9.842e-07,6.708e-03,9.586e-03,25.0,18.0,SVI,24.021503,16.709875,369.6259,253.93507,GOES-16_XRS,1,1460,0,3030
2022-06-17 13:19:00,2022-06-17 13:02:00,2022-06-17 13:43:00,202206171302,2.530e-06,C2.5,GOES-16,1.223e-06,2.567e-03,5.235e-03,26.0,17.0,SVI,23.77326,17.71344,364.0414,269.7134,GOES-16_XRS,1,1490,0,3030
2022-06-17 15:05:00,2022-06-17 14:55:00,2022-06-17 15:15:00,202206171455,4.360e-06,C4.3,GOES-16,1.275e-06,2.352e-03,3.884e-03,27.0,17.0,HOL,27.162762,15.02623,417.9579,227.19467,GOES-16_XRS,1,1510,0,3030
2022-06-17 18:25:00,2022-06-17 18:18:00,2022-06-17 18:31:00,202206171818,3.356e-06,C3.3,GOES-16,1.146e-06,1.354e-03,1.907e-03,52.0,-21.0,HOL,53.291267,-19.520529,715.2434,-328.48068,GOES-16_XRS,1,1520,0,3037
2022-06-18 00:09:00,2022-06-18 00:00:00,,202206180000,1.483e-06,C1.4,GOES-16,9.898e-07,9.745e-04,,,,,53.079308,-23.039454,696.3473,-382.62418,GOES-16_XRS,1,1570,0,3037
2022-06-18 00:20:00,2022-06-18 00:11:00,2022-06-18 00:25:00,202206180011,2.167e-06,C2.1,GOES-16,1.467e-06,1.436e-03,1.751e-03,,,,-11.368744,-11.621768,-183.10025,-212.39865,GOES-16_XRS,2,1560,0,3035
2022-06-18 11:44:00,2022-06-18 11:26:00,,202206181126,1.783e-06,C1.7,GOES-16,7.382e-07,1.727e-03,,,,,45.24169,-23.07212,618.5855,-385.9879,GOES-16_XRS,1,,0,
2022-06-18 11:53:00,2022-06-18 11:48:00,2022-06-18 11:55:00,202206181148,1.837e-06,C1.8,GOES-16,1.752e-06,9.694e-04,1.073e-03,48.0,-27.0,SVI,44.398457,-20.445126,620.81464,-346.2295,GOES-16_XRS,2,1590,0,3031
2022-06-18 13:32:00,2022-06-18 13:22:00,2022-06-18 13:40:00,202206181322,1.871e-06,C1.8,GOES-16,7.680e-07,1.111e-03,1.605e-03,40.0,18.0,SVI,36.273537,19.671217,527.83124,301.10123,GOES-16_XRS,1,1610,0,3030
2022-06-18 17:44:00,2022-06-18 17:36:00,2022-06-18 17:50:00,202206181736,1.490e-06,C1.4,GOES-16,7.952e-07,8.332e-04,1.102e-03,,,,48.93026,-26.637718,637.9,-438.17316,GOES-16_XRS,1,1660,0,3031
2022-06-18 21:05:00,2022-06-18 20:53:00,2022-06-18 21:11:00,202206182053,4.916e-06,C4.9,GOES-16,7.143e-07,2.507e-03,3.207e-03,52.0,-28.0,HOL,51.318783,-27.353355,656.2173,-448.01944,GOES-16_XRS,1,1680,0,3031
2022-06-19 02:52:00,2022-06-19 02:38:00,,202206190238,2.034e-06,C2.0,GOES-16,9.423e-07,1.684e-03,,67.0,-19.0,LEA,46.324123,-14.030578,664.45276,-245.86613,GOES-16_XRS,1,1750,0,3037
2022-06-19 03:19:00,2022-06-19 03:11:00,2022-06-19 03:31:00,202206190311,1.802e-06,C1.8,GOES-16,1.715e-06,1.262e-03,2.330e-03,,,,64.0611,-20.691551,795.657,-344.07104,GOES-16_XRS,2,,0,
2022-06-19 06:48:00,2022-06-19 06:40:00,2022-06-19 06:53:00,202206190640,2.298e-06,C2.2,GOES-16,9.788e-07,1.161e-03,1.440e-03,58.0,-28.0,LEA,12.310974,-7.5546155,200.4278,-148.62573,GOES-16_XRS,1,1780,0,3031
2022-06-19 07:15:00,2022-06-19 07:10:00,2022-06-19 07:20:00,202206190710,2.012e-06,C2.0,GOES-16,8.003e-07,7.790e-04,1.032e-03,-17.0,15.0,LEA,-18.641693,18.587381,-287.21744,279.78516,GOES-16_XRS,1,1790,0,3038
2022-06-19 13:52:00,2022-06-19 13:45:00,,202206191345,1.391e-06,C1.3,GOES-16,8.244e-07,7.255e-04,,,,,56.41024,-25.975605,708.5316,-426.82935,GOES-16_XRS,1,1940,0,3031
2022-06-19 14:08:00,2022-06-19 13:56:00,2022-06-19 14:22:00,202206191356,1.526e-06,C1.5,GOES-16,1.306e-06,1.361e-03,2.399e-03,,,,45.821087,-9.512931,669.8119,-173.87204,GOES-16_XRS,2,,0,
2022-06-19 17:49:00,2022-06-19 17:34:00,2022-06-19 17:59:00,202206191734,2.294e-06,C2.2,GOES-16,1.406e-06,2.197e-03,3.138e-03,,,,60.221836,-15.970884,789.43823,-272.44073,GOES-16_XRS,1,1990,0,3031
2022-06-19 20:10:00,2022-06-19 19:53:00,2022-06-19 20:27:00,202206191953,4.059e-06,C4.0,GOES-16,1.842e-06,3.757e-03,6.835e-03,-9.0,15.0,HOL,-3.6467285,13.030043,-58.76087,188.56752,GOES-16_XRS,1,2010,0,3038
2022-06-19 21:48:00,2022-06-19 21:32:00,,202206192132,2.577e-06,C2.5,GOES-16,1.361e-06,2.376e-03,,,,,-10.352386,13.511308,-165.67537,196.58257,GOES-16_XRS,1,,0,
2022-06-19 22:04:00,2022-06-19 21:54:00,2022-06-19 22:09:00,202206192154,2.530e-06,C2.5,GOES-16,2.284e-06,2.059e-03,2.489e-03,-7.0,15.0,HOL,-16.080444,17.149504,-250.91618,255.55054,GOES-16_XRS,2,2020,0,3038
2022-06-20 01:34:00,2022-06-20 01:00:00,2022-06-20 01:59:00,202206200100,5.026e-06,C5.0,GOES-16,1.292e-06,7.716e-03,1.306e-02,55.0,20.0,LEA,51.774067,21.478516,691.938,331.32306,GOES-16_XRS,1,2050,0,3030
2022-06-20 05:06:00,2022-06-20 04:58:00,2022-06-20 05:24:00,202206200458,2.032e-06,C2.0,GOES-16,1.326e-06,1.285e-03,2.999e-03,63.0,17.0,LEA,79.70585,23.196383,854.39154,367.61945,GOES-16_XRS,1,2110,0,3030
2022-06-20 06:18:00,2022-06-20 06:05:00,2022-06-20 06:27:00,202206200605,5.715e-06,C5.7,GOES-16,1.982e-06,4.309e-03,6.120e-03,,,,-4.8625793,16.004505,-77.2579,235.76129,GOES-16_XRS,1,2180,0,3038
2022-06-20 07:16:00,2022-06-20 07:08:00,2022-06-20 07:23:00,202206200708,2.438e-06,C2.4,GOES-16,1.569e-06,1.401e-03,2.005e-03,,,,53.321346,-15.418565,731.7248,-266.91083,GOES-16_XRS,1,2190,0,3031
2022-06-20 15:17:00,2022-06-20 14:46:00,,202206201446,3.326e-06,C3.3,GOES-16,1.111e-06,4.612e-03,,6.0,17.0,SVI,33.34094,21.950758,482.94205,332.76212,GOES-16_XRS,1,2300,0,3030
2022-06-20 15:26:00,2022-06-20 15:19:00,2022-06-20 15:38:00,202206201519,4.444e-06,C4.4,GOES-16,3.014e-06,2.575e-03,5.037e-03,6.0,17.0,SVI,45.15246,20.164389,630.16833,308.13168,GOES-16_XRS,2,2300,0,3030
2022-06-20 16:10:00,2022-06-20 16:05:00,2022-06-20 16:16:00,202206201605,4.548e-06,C4.5,GOES-16,2.153e-06,1.921e-03,2.710e-03,74.0,22.0,SVI,75.94993,18.657059,868.5421,295.8752,GOES-16_XRS,1,2320,0,3030
2022-06-20 22:05:00,2022-06-20 22:02:00,2022-06-20 22:08:00,202206202202,2.142e-06,C2.1,GOES-16,1.347e-06,7.204e-04,8.135e-04,,,,40.933163,-12.910657,604.8312,-232.0861,GOES-16_XRS,1,2370,0,3034
2022-06-20 23:55:00,2022-06-20 23:40:00,2022-06-21 00:02:00,202206202340,2.181e-06,C2.1,GOES-16,1.236e-06,1.993e-03,2.513e-03,25.0,-2.0,LEA,36.365578,19.515907,529.39746,294.99673,GOES-16_XRS,1,2380,0,3034
2022-06-21 02:52:00,2022-06-21 02:33:00,2022-06-21 03:27:00,202206210233,2.543e-06,C2.5,GOES-16,1.075e-06,2.613e-03,6.738e-03,,,,70.93521,-23.846947,817.05383,-390.39297,GOES-16_XRS,1,2440,0,
2022-06-21 05:40:00,2022-06-21 05:31:00,2022-06-21 05:44:00,202206210531,1.950e-06,C1.9,GOES-16,1.016e-06,1.061e-03,1.229e-03,9.0,16.0,SVI,12.81565,16.425714,201.70038,241.2284,GOES-16_XRS,1,2470,0,3038
2022-06-21 07:21:00,2022-06-21 07:13:00,2022-06-21 07:34:00,202206210713,1.966e-06,C1.9,GOES-16,1.419e-06,1.280e-03,2.464e-03,9.0,16.0,SVI,27.047842,23.534067,395.02408,354.7322,GOES-16_XRS,1,2480,0,3038
2022-06-21 09:52:00,2022-06-21 09:44:00,2022-06-21 09:56:00,202206210944,1.816e-06,C1.8,GOES-16,1.179e-06,1.057e-03,1.233e-03,14.0,18.0,SVI,11.660907,15.954478,184.233,233.24489,GOES-16_XRS,1,2520,0,3038
2022-06-21 16:21:00,2022-06-21 16:01:00,2022-06-21 16:47:00,202206211601,5.620e-06,C5.6,GOES-16,9.795e-07,3.961e-03,9.658e-03,,,,,,853.153,-448.00766,GOES-16_XRS,1,2540,0,
2022-06-22 04:16:00,2022-06-22 04:08:00,2022-06-22 04:25:00,202206220408,1.904e-06,C1.9,GOES-16,1.303e-06,1.128e-03,1.824e-03,24.0,18.0,LEA,18.901587,14.00976,297.92188,201.45883,GOES-16_XRS,1,2600,0,3038
2022-06-22 05:06:00,2022-06-22 05:02:00,2022-06-22 05:08:00,202206220502,2.973e-06,C2.9,GOES-16,1.087e-06,9.464e-04,1.028e-03,-65.0,-11.0,LEA,-66.47803,-10.05769,-853.6327,-176.97603,GOES-16_XRS,1,2610,0,3040
2022-06-22 06:40:00,2022-06-22 06:22:00,,202206220622,1.931e-06,C1.9,GOES-16,9.350e-07,2.117e-03,,25.0,17.0,SVI,28.869415,16.936798,437.63348,250.27882,GOES-16_XRS,1,2680,0,3038
2022-06-22 07:00:00,2022-06-22 06:57:00,2022-06-22 07:02:00,202206220657,1.774e-06,C1.7,GOES-16,1.632e-06,7.061e-04,8.042e-04,,,,13.890803,15.132079,219.68471,218.6478,GOES-16_XRS,2,,0,
2022-06-22 07:57:00,2022-06-22 07:48:00,2022-06-22 08:03:00,202206220748,1.665e-06,C1.6,GOES-16,1.021e-06,1.033e-03,1.353e-03,26.0,16.0,SVI,20.877363,18.07746,321.07233,266.68524,GOES-16_XRS,1,2710,0,3038
2022-06-22 08:20:00,2022-06-22 08:14:00,2022-06-22 08:26:00,202206220814,2.781e-06,C2.7,GOES-16,1.027e-06,1.175e-03,1.642e-03,-63.0,-12.0,SVI,23.765118,17.889029,363.4326,264.20328,GOES-16_XRS,1,2720,0,3040
2022-06-22 09:13:00,2022-06-22 09:06:00,2022-06-22 09:16:00,202206220906,1.844e-06,C1.8,GOES-16,9.655e-07,8.622e-04,9.336e-04,-61.0,-11.0,LEA,24.768866,17.883713,377.83405,264.25833,GOES-16_XRS,1,2730,0,3040
2022-06-22 10:30:00,2022-06-22 10:24:00,2022-06-22 10:32:00,202206221024,1.554e-06,C1.5,GOES-16,8.130e-07,6.332e-04,6.963e-04,,,,25.66656,11.435866,402.32834,160.52197,GOES-16_XRS,1,2740,0,
2022-06-22 11:34:00,2022-06-22 11:26:00,2022-06-22 11:42:00,202206221126,1.237e-06,C1.2,GOES-16,7.522e-07,6.901e-04,1.052e-03,29.0,17.0,SVI,37.284966,17.259031,547.9387,257.35342,GOES-16_XRS,1,2780,0,3038
2022-06-22 13:07:00,2022-06-22 13:02:00,2022-06-22 13:16:00,202206221302,1.151e-06,C1.1,GOES-16,8.145e-07,5.306e-04,9.495e-04,29.0,17.0,SVI,23.502518,15.234538,364.65237,221.3876,GOES-16_XRS,1,2820,0,3038
2022-06-22 14:39:00,2022-06-22 14:34:00,2022-06-22 14:45:00,202206221434,1.381e-06,C1.3,GOES-16,7.694e-07,5.660e-04,8.254e-04,30.0,17.0,SVI,19.998026,18.457355,307.4412,272.06787,GOES-16_XRS,1,2860,0,3038
2022-06-22 15:16:00,2022-06-22 15:06:00,,202206221506,1.369e-06,C1.3,GOES-16,8.388e-07,9.236e-04,,30.0,17.0,SVI,43.1016,14.941081,625.1462,221.97139,GOES-16_XRS,1,2950,0,3038
2022-06-22 15:43:00,2022-06-22 15:26:00,2022-06-22 15:45:00,202206221526,1.745e-06,C1.7,GOES-16,1.312e-06,1.893e-03,1.977e-03,30.0,17.0,SVI,42.190617,6.753367,631.60803,88.29504,GOES-16_XRS,2,2870,0,3038
2022-06-22 16:23:00,2022-06-22 16:16:00,2022-06-22 16:25:00,202206221616,3.350e-06,C3.3,GOES-16,1.112e-06,1.101e-03,1.184e-03,,,,31.526316,17.207312,473.20847,254.59529,GOES-16_XRS,1,2880,0,3038
2022-06-22 20:07:00,2022-06-22 20:04:00,2022-06-22 20:09:00,202206222004,1.525e-06,C1.5,GOES-16,7.477e-07,4.611e-04,5.208e-04,,,,35.257584,17.473116,521.56055,259.61612,GOES-16_XRS,1,2930,0,3038
2022-06-22 21:33:00,2022-06-22 21:26:00,2022-06-22 21:39:00,202206222126,1.143e-06,C1.1,GOES-16,8.229e-07,6.416e-04,8.802e-04,,,,26.428598,18.845497,399.11996,278.98184,GOES-16_XRS,1,2940,0,
2022-06-22 23:24:00,2022-06-22 23:16:00,,202206222316,1.006e-06,C1.0,GOES-16,7.115e-07,6.362e-04,,,,,31.307968,16.406094,472.25775,241.28787,GOES-16_XRS,1,,0,
2022-06-22 23:36:00,2022-06-22 23:28:00,2022-06-22 23:42:00,202206222328,3.567e-06,C3.5,GOES-16,8.827e-07,1.601e-03,2.148e-03,,,,34.76807,15.743458,519.92,231.64479,GOES-16_XRS,2,2980,0,3038
2022-06-23 14:27:00,2022-06-23 14:22:00,2022-06-23 14:31:00,202206231422,1.162e-06,C1.1,GOES-16,6.904e-07,5.156e-04,6.182e-04,,,,44.85074,20.267546,626.3304,305.74026,GOES-16_XRS,1,3020,0,3038
2022-06-23 20:09:00,2022-06-23 19:57:00,2022-06-23 20:18:00,202206231957,2.254e-06,C2.2,GOES-16,7.691e-07,1.329e-03,2.014e-03,,,,47.58327,16.90316,668.63586,253.41405,GOES-16_XRS,1,3040,0,3038
2022-06-23 20:23:00,2022-06-23 20:19:00,2022-06-23 20:30:00,202206232019,3.705e-06,C3.7,GOES-16,1.411e-06,1.310e-03,2.106e-03,,,,45.459003,18.38641,640.2997,276.08643,GOES-16_XRS,1,3050,0,3038
2022-06-23 22:10:00,2022-06-23 22:02:00,2022-06-23 22:12:00,202206232202,1.938e-06,C1.9,GOES-16,4.766e-07,5.867e-04,6.332e-04,,,,43.783337,14.494015,634.2795,213.26326,GOES-16_XRS,1,3060,0,3038
2022-06-24 00:15:00,2022-06-24 00:09:00,2022-06-24 00:17:00,202206240009,9.119e-07,B9.1,GOES-16,6.104e-07,4.210e-04,4.609e-04,50.0,18.0,LEA,,,,,,1,3100,0,3038
2022-06-24 05:06:00,2022-06-24 04:57:00,2022-06-24 05:18:00,202206240457,6.396e-07,B6.3,GOES-16,4.575e-07,4.431e-04,8.073e-04,53.0,16.0,LEA,,,,,,1,3110,0,3038
2022-06-24 08:58:00,2022-06-24 08:49:00,2022-06-24 09:12:00,202206240849,1.590e-06,C1.5,GOES-16,4.576e-07,7.889e-04,1.643e-03,57.0,16.0,SVI,47.70776,12.574069,683.4249,183.24905,GOES-16_XRS,1,3130,0,3038
2022-06-24 12:56:00,2022-06-24 12:49:00,2022-06-24 12:59:00,202206241249,7.925e-07,B7.9,GOES-16,4.248e-07,3.763e-04,4.081e-04,59.0,16.0,HOL,,,,,,1,3160,0,3038
2022-06-24 18:44:00,2022-06-24 18:37:00,2022-06-24 18:50:00,202206241837,1.134e-06,C1.1,GOES-16,7.347e-07,6.181e-04,8.455e-04,,,,,,1015.858,-475.4825,GOES-16_XRS,1,3200,0,3035
2022-06-25 00:57:00,2022-06-25 00:53:00,2022-06-25 00:59:00,202206250053,6.540e-07,B6.5,GOES-16,4.677e-07,2.663e-04,2.959e-04,,,,,,,,,1,3250,0,3035
2022-06-25 01:21:00,2022-06-25 01:12:00,2022-06-25 01:31:00,202206250112,6.754e-07,B6.7,GOES-16,4.628e-07,4.532e-04,7.418e-04,,,,,,,,,1,3260,0,3038
2022-06-25 04:21:00,2022-06-25 04:09:00,,202206250409,6.825e-07,B6.8,GOES-16,4.687e-07,5.685e-04,,,,,,,,,,1,3280,0,3040
2022-06-25 04:33:00,2022-06-25 04:26:00,2022-06-25 04:36:00,202206250426,8.131e-07,B8.1,GOES-16,5.889e-07,4.462e-04,5.291e-04,,,,,,,,,2,3290,0,3035
2022-06-25 07:26:00,2022-06-25 07:19:00,2022-06-25 07:32:00,202206250719,6.427e-07,B6.4,GOES-16,4.738e-07,3.709e-04,5.049e-04,,,,,,,,,1,3310,0,3038
2022-06-25 11:22:00,2022-06-25 11:14:00,2022-06-25 11:32:00,202206251114,6.800e-07,B6.8,GOES-16,4.047e-07,3.877e-04,6.678e-04,,,,,,,,,1,3380,0,
2022-06-25 14:02:00,2022-06-25 13:53:00,2022-06-25 14:04:00,202206251353,1.250e-06,C1.2,GOES-16,3.672e-07,5.123e-04,5.401e-04,-20.0,-15.0,SVI,-19.766937,-11.434031,-314.12143,-221.73718,GOES-16_XRS,1,3390,0,3040
2022-06-25 22:34:00,2022-06-25 22:27:00,2022-06-25 22:39:00,202206252227,6.612e-07,B6.6,GOES-16,4.081e-07,3.493e-04,4.459e-04,-16.0,-15.0,HOL,,,,,,1,3520,0,3040
2022-06-25 23:57:00,2022-06-25 23:47:00,2022-06-26 00:08:00,202206252347,1.041e-06,C1.0,GOES-16,5.189e-07,6.348e-04,1.107e-03,,,,,,,,,1,3550,0,3040
2022-06-26 00:30:00,2022-06-26 00:17:00,2022-06-26 00:36:00,202206260017,1.680e-06,C1.6,GOES-16,6.410e-07,1.178e-03,1.458e-03,-18.0,-14.0,LEA,-15.992676,-14.812895,-252.40736,-277.12677,GOES-16_XRS,1,3560,0,3040
2022-06-26 02:16:00,2022-06-26 02:06:00,2022-06-26 02:26:00,202206260206,6.933e-07,B6.9,GOES-16,4.137e-07,4.953e-04,7.736e-04,-18.0,-14.0,LEA,,,,,,1,3570,0,3040
2022-06-26 03:21:00,2022-06-26 03:10:00,2022-06-26 03:28:00,202206260310,1.543e-06,C1.5,GOES-16,4.692e-07,8.330e-04,1.162e-03,74.0,22.0,LEA,78.47512,13.68847,899.181,215.99185,GOES-16_XRS,1,3580,0,3038
2022-06-26 07:50:00,2022-06-26 07:44:00,2022-06-26 07:54:00,202206260744,1.950e-06,C1.9,GOES-16,4.526e-07,6.479e-04,7.636e-04,-9.0,-14.0,SVI,-10.997498,-11.8746395,-176.93028,-231.64616,GOES-16_XRS,1,3640,0,3040
2022-06-26 08:12:00,2022-06-26 08:00:00,2022-06-26 08:19:00,202206260800,2.473e-06,C2.4,GOES-16,5.973e-07,1.674e-03,2.164e-03,,,,-2.269104,-9.148268,-37.051964,-188.38843,GOES-16_XRS,1,3650,0,3040
2022-06-26 10:37:00,2022-06-26 10:24:00,,202206261024,2.422e-07,B2.4,GOES-18,5.914e-08,1.619e-04,,,,,,,,,,1,,0,
2022-06-26 10:47:00,2022-06-26 10:38:00,,202206261038,3.003e-07,B3.0,GOES-18,2.366e-07,2.131e-04,,,,,,,,,,2,,0,
2022-06-26 10:56:00,2022-06-26 10:48:00,,202206261048,3.972e-07,B3.9,GOES-18,2.901e-07,2.502e-04,,,,,,,,,,3,,0,
2022-06-26 11:05:00,2022-06-26 10:57:00,2022-06-26 11:12:00,202206261057,5.286e-07,B5.2,GOES-18,3.644e-07,3.272e-04,4.653e-04,,,,,,,,,4,,0,
2022-06-26 12:43:00,2022-06-26 12:39:00,2022-06-26 12:48:00,202206261239,5.323e-07,B5.3,GOES-16,3.746e-07,2.230e-04,3.002e-04,,,,,,,,,1,3690,0,3040
2022-06-26 14:14:00,2022-06-26 14:09:00,,202206261409,3.896e-07,B3.8,GOES-17,2.829e-07,1.848e-04,,,,,,,,,,1,,0,
2022-06-26 14:30:00,2022-06-26 14:26:00,2022-06-26 14:32:00,202206261426,3.923e-07,B3.9,GOES-17,3.382e-07,1.724e-04,1.927e-04,,,,,,,,,2,,0,
2022-06-26 16:51:00,2022-06-26 16:41:00,2022-06-26 16:56:00,202206261641,5.633e-07,B5.6,GOES-16,3.389e-07,3.827e-04,4.624e-04,-3.0,-13.0,SVI,,,,,,1,3750,0,3040
2022-06-26 22:26:00,2022-06-26 22:18:00,2022-06-26 22:34:00,202206262218,6.136e-07,B6.1,GOES-16,3.135e-07,3.378e-04,5.133e-04,,,,,,,,,1,3810,0,3038
2022-06-27 02:07:00,2022-06-27 02:03:00,2022-06-27 02:10:00,202206270203,5.497e-07,B5.4,GOES-16,2.747e-07,1.943e-04,2.156e-04,,,,,,,,,1,3870,0,3040
2022-06-27 05:59:00,2022-06-27 05:49:00,,202206270549,2.993e-07,B2.9,GOES-18,1.931e-07,2.068e-04,,,,,,,,,,1,,0,
2022-06-27 06:23:00,2022-06-27 06:11:00,,202206270611,3.345e-07,B3.3,GOES-18,2.732e-07,2.999e-04,,,,,,,,,,2,,0,
2022-06-27 06:36:00,2022-06-27 06:25:00,2022-06-27 06:51:00,202206270625,4.204e-07,B4.2,GOES-18,3.272e-07,3.409e-04,6.402e-04,,,,,,,,,3,,0,
2022-06-27 08:42:00,2022-06-27 08:35:00,2022-06-27 08:47:00,202206270835,3.676e-07,B3.6,GOES-17,2.705e-07,2.144e-04,2.718e-04,,,,,,,,,1,3890,0,3041
2022-06-27 17:34:00,2022-06-27 17:20:00,2022-06-27 17:51:00,202206271720,8.893e-07,B8.8,GOES-16,3.110e-07,6.477e-04,1.266e-03,,,,,,,,,1,4060,0,3038
2022-06-27 18:43:00,2022-06-27 18:24:00,2022-06-27 18:51:00,202206271824,1.503e-06,C1.5,GOES-16,3.203e-07,1.261e-03,1.608e-03,8.0,-17.0,HOL,7.431991,-15.210145,118.28603,-287.64694,GOES-16_XRS,1,4070,0,3040
2022-06-27 22:43:00,2022-06-27 22:40:00,2022-06-27 22:46:00,202206272240,3.111e-07,B3.1,GOES-16,2.240e-07,1.123e-04,1.275e-04,,,,,,,,,1,4100,0,3040
2022-06-28 03:58:00,2022-06-28 03:51:00,2022-06-28 04:01:00,202206280351,7.007e-07,B7.0,GOES-16,1.901e-07,2.603e-04,2.777e-04,,,,,,,,,1,4140,0,
2022-06-28 06:59:00,2022-06-28 06:53:00,,202206280653,2.194e-07,B2.1,GOES-17,1.579e-07,1.125e-04,,,,,,,,,,1,,0,
2022-06-28 07:07:00,2022-06-28 07:04:00,2022-06-28 07:09:00,202206280704,2.597e-07,B2.5,GOES-17,1.888e-07,9.256e-05,1.047e-04,18.0,-12.0,SVI,,,,,,2,4150,0,3040
2022-06-28 07:50:00,2022-06-28 07:47:00,2022-06-28 07:54:00,202206280747,7.084e-07,B7.0,GOES-16,1.853e-07,1.945e-04,2.402e-04,8.0,-14.0,LEA,,,,,,1,4160,0,3040
2022-06-28 15:11:00,2022-06-28 15:05:00,2022-06-28 15:16:00,202206281505,3.244e-07,B3.2,GOES-16,2.291e-07,1.696e-04,2.184e-04,,,,,,,,,1,4220,0,
2022-06-28 18:01:00,2022-06-28 17:56:00,2022-06-28 18:03:00,202206281756,4.197e-07,B4.1,GOES-16,1.841e-07,1.460e-04,1.610e-04,,,,,,,,,1,4240,0,
2022-06-28 18:17:00,2022-06-28 18:12:00,2022-06-28 18:19:00,202206281812,4.205e-07,B4.2,GOES-16,2.137e-07,1.592e-04,1.736e-04,,,,,,,,,1,4250,0,
2022-06-28 19:02:00,2022-06-28 18:54:00,2022-06-28 19:05:00,202206281854,6.745e-07,B6.7,GOES-16,2.427e-07,2.632e-04,2.843e-04,,,,,,,,,1,4260,0,
2022-06-29 02:08:00,2022-06-29 02:04:00,,202206290204,3.863e-07,B3.8,GOES-16,2.326e-07,1.535e-04,,20.0,-14.0,LEA,,,,,,1,4300,0,3048
2022-06-29 02:19:00,2022-06-29 02:14:00,2022-06-29 02:22:00,202206290214,6.750e-07,B6.7,GOES-16,3.282e-07,2.713e-04,2.962e-04,20.0,-14.0,LEA,,,,,,2,4300,0,3048
2022-06-29 12:27:00,2022-06-29 12:23:00,2022-06-29 12:33:00,202206291223,2.516e-07,B2.5,GOES-16,1.604e-07,1.014e-04,1.508e-04,,,,,,,,,1,4330,0,
2022-06-29 14:19:00,2022-06-29 14:11:00,2022-06-29 14:25:00,202206291411,2.481e-07,B2.4,GOES-16,1.750e-07,1.560e-04,2.072e-04,,,,,,,,,1,4340,0,
2022-06-29 23:13:00,2022-06-29 23:00:00,2022-06-29 23:19:00,202206292300,1.433e-06,C1.4,GOES-16,1.904e-07,6.981e-04,9.032e-04,,,,-66.83484,16.555954,-832.9568,252.07207,GOES-16_XRS,1,4400,0,
2022-06-30 01:16:00,2022-06-30 01:05:00,2022-06-30 01:20:00,202206300105,4.293e-07,B4.2,GOES-16,1.609e-07,2.416e-04,2.756e-04,,,,,,,,,1,4410,0,
2022-06-30 02:29:00,2022-06-30 02:21:00,2022-06-30 02:33:00,202206300221,3.168e-07,B3.1,GOES-16,2.152e-07,1.865e-04,2.161e-04,,,,,,,,,1,4420,0,
2022-06-30 11:05:00,2022-06-30 10:53:00,2022-06-30 11:10:00,202206301053,4.053e-07,B4.0,GOES-16,1.474e-07,2.539e-04,3.006e-04,,,,,,,,,1,4470,0,
2022-06-30 14:48:00,2022-06-30 14:42:00,2022-06-30 14:51:00,202206301442,2.316e-07,B2.3,GOES-16,1.555e-07,1.110e-04,1.219e-04,,,,,,,,,1,4490,0,
2022-07-01 03:25:00,2022-07-01 03:17:00,2022-07-01 03:30:00,202207010317,4.145e-07,B4.1,GOES-16,2.497e-07,2.380e-04,2.963e-04,,,,,,,,,1,4540,0,3046
2022-07-01 07:54:00,2022-07-01 07:47:00,2022-07-01 07:59:00,202207010747,3.030e-07,B3.0,GOES-16,1.690e-07,1.527e-04,1.941e-04,,,,,,,,,1,4580,0,3046
2022-07-02 14:56:00,2022-07-02 14:49:00,2022-07-02 14:58:00,202207021449,3.038e-07,B3.0,GOES-16,1.575e-07,1.315e-04,1.420e-04,,,,,,,,,1,4760,0,3046
2022-07-02 18:20:00,2022-07-02 18:11:00,2022-07-02 18:22:00,202207021811,3.110e-07,B3.1,GOES-16,1.697e-07,1.718e-04,1.838e-04,,,,,,,,,1,4790,0,3046
2022-07-02 21:34:00,2022-07-02 21:25:00,,202207022125,7.437e-07,B7.4,GOES-16,2.011e-07,2.986e-04,,,,,,,,,,1,4830,0,3046
2022-07-02 21:50:00,2022-07-02 21:38:00,2022-07-02 21:56:00,202207022138,7.446e-07,B7.4,GOES-16,5.035e-07,6.488e-04,7.982e-04,,,,,,,,,2,4850,0,3046
2022-07-03 01:04:00,2022-07-03 00:47:00,2022-07-03 01:18:00,202207030047,6.388e-07,B6.3,GOES-16,1.999e-07,5.257e-04,8.695e-04,,,,,,,,,1,4880,0,3046
2022-07-03 04:10:00,2022-07-03 04:03:00,2022-07-03 04:14:00,202207030403,3.830e-07,B3.8,GOES-16,2.335e-07,2.010e-04,2.362e-04,,,,,,,,,1,4900,0,3046
2022-07-03 05:06:00,2022-07-03 05:01:00,2022-07-03 05:09:00,202207030501,3.460e-07,B3.4,GOES-17,2.447e-07,1.603e-04,1.771e-04,,,,,,,,,1,,0,
2022-07-03 06:38:00,2022-07-03 06:32:00,2022-07-03 06:41:00,202207030632,3.523e-07,B3.5,GOES-16,2.132e-07,1.616e-04,1.764e-04,,,,,,,,,1,4940,0,3047
2022-07-03 07:33:00,2022-07-03 07:25:00,2022-07-03 07:37:00,202207030725,3.932e-07,B3.9,GOES-16,2.157e-07,2.035e-04,2.388e-04,,,,,,,,,1,4960,0,3040
2022-07-03 08:31:00,2022-07-03 08:25:00,2022-07-03 08:34:00,202207030825,3.645e-07,B3.6,GOES-16,2.228e-07,1.623e-04,1.774e-04,-53.0,17.0,LEA,,,,,,1,4980,0,3046
2022-07-03 08:54:00,2022-07-03 08:49:00,2022-07-03 09:01:00,202207030849,4.575e-07,B4.5,GOES-16,2.182e-07,1.841e-04,2.865e-04,,,,,,,,,1,5000,0,3040
2022-07-03 10:19:00,2022-07-03 10:14:00,2022-07-03 10:37:00,202207031014,3.016e-07,B3.0,GOES-16,2.233e-07,1.452e-04,4.048e-04,,,,,,,,,1,5020,0,3040
2022-07-03 12:26:00,2022-07-03 12:19:00,2022-07-03 12:30:00,202207031219,2.939e-07,B2.9,GOES-16,1.955e-07,1.614e-04,1.902e-04,,,,,,,,,1,5040,0,3040
2022-07-03 15:39:00,2022-07-03 15:26:00,2022-07-03 15:47:00,202207031526,8.503e-07,B8.5,GOES-16,2.269e-07,6.100e-04,8.242e-04,,,,,,,,,1,5060,0,3040
2022-07-03 17:40:00,2022-07-03 17:34:00,2022-07-03 17:45:00,202207031734,5.830e-07,B5.8,GOES-16,2.525e-07,2.521e-04,3.260e-04,,,,,,,,,1,5090,0,3040
2022-07-03 17:55:00,2022-07-03 17:49:00,2022-07-03 17:58:00,202207031749,4.965e-07,B4.9,GOES-16,3.285e-07,2.413e-04,2.604e-04,87.0,-14.0,HOL,,,,,,1,5100,0,3040
2022-07-03 19:54:00,2022-07-03 19:33:00,2022-07-03 20:03:00,202207031933,3.202e-06,C3.2,GOES-16,2.729e-07,2.320e-03,3.181e-03,,,,76.01496,-10.852801,900.04584,-189.8793,GOES-16_XRS,1,5110,0,3040
2022-07-04 02:54:00,2022-07-04 02:44:00,2022-07-04 03:06:00,202207040244,4.035e-07,B4.0,GOES-16,2.775e-07,2.979e-04,5.129e-04,,,,,,,,,1,5140,0,
2022-07-04 04:26:00,2022-07-04 04:21:00,,202207040421,3.351e-07,B3.3,GOES-18,2.266e-07,1.612e-04,,,,,,,,,,1,,0,
2022-07-04 04:48:00,2022-07-04 04:35:00,,202207040435,3.889e-07,B3.8,GOES-18,3.204e-07,3.632e-04,,,,,,,,,,2,,0,
2022-07-04 05:01:00,2022-07-04 04:54:00,2022-07-04 05:05:00,202207040454,4.346e-07,B4.3,GOES-18,3.856e-07,2.689e-04,3.175e-04,,,,,,,,,3,,0,
2022-07-04 06:23:00,2022-07-04 06:13:00,2022-07-04 06:36:00,202207040613,5.391e-07,B5.3,GOES-16,3.705e-07,3.920e-04,7.053e-04,,,,,,,,,1,5170,0,3050
2022-07-04 11:54:00,2022-07-04 11:46:00,,202207041146,1.079e-06,C1.0,GOES-16,4.781e-07,5.714e-04,,,,,-29.210144,16.022612,-444.26767,216.32545,GOES-16_XRS,1,5320,0,
2022-07-04 12:10:00,2022-07-04 12:05:00,2022-07-04 12:13:00,202207041205,8.884e-07,B8.8,GOES-16,8.407e-07,4.691e-04,5.193e-04,-35.0,18.0,SVI,,,,,,2,5200,0,3050
2022-07-04 12:29:00,2022-07-04 12:21:00,2022-07-04 12:34:00,202207041221,1.238e-06,C1.2,GOES-16,7.288e-07,7.306e-04,9.045e-04,,,,,,1114.3441,-99.99832,GOES-16_XRS,1,5210,0,3050
2022-07-04 13:33:00,2022-07-04 13:23:00,2022-07-04 13:39:00,202207041323,5.167e-06,C5.1,GOES-16,4.488e-07,2.479e-03,3.185e-03,-36.0,19.0,HOL,-34.60495,16.803946,-514.8142,231.25977,GOES-16_XRS,1,5220,0,3050
2022-07-04 21:19:00,2022-07-04 21:07:00,2022-07-04 21:41:00,202207042107,8.887e-07,B8.8,GOES-16,4.497e-07,6.626e-04,1.586e-03,,,,,,,,,1,5290,0,
2022-07-04 22:26:00,2022-07-04 22:19:00,,202207042219,1.070e-06,C1.0,GOES-16,6.720e-07,5.796e-04,,,,,-65.79843,20.364065,-808.2415,307.64658,GOES-16_XRS,1,5310,0,
2022-07-04 22:45:00,2022-07-04 22:36:00,2022-07-04 22:49:00,202207042236,1.153e-06,C1.1,GOES-16,8.872e-07,7.776e-04,8.978e-04,,,,-60.514496,25.551287,-742.52844,383.16595,GOES-16_XRS,2,5300,0,
2022-07-05 01:17:00,2022-07-05 00:53:00,,202207050053,1.512e-06,C1.5,GOES-16,5.933e-07,1.818e-03,,,,,,,-1047.3448,283.86377,GOES-16_XRS,1,5330,0,3053
2022-07-05 01:30:00,2022-07-05 01:27:00,2022-07-05 01:32:00,202207050127,1.521e-06,C1.5,GOES-16,1.464e-06,6.212e-04,7.054e-04,,,,,,-944.88403,256.9981,GOES-16_XRS,2,,0,
2022-07-05 03:47:00,2022-07-05 03:32:00,,202207050332,5.839e-06,C5.8,GOES-16,1.272e-06,3.937e-03,,,,,,,-925.9172,246.08617,GOES-16_XRS,1,5360,0,3053
2022-07-05 04:07:00,2022-07-05 03:59:00,2022-07-05 04:16:00,202207050359,9.887e-06,C9.8,GOES-16,3.648e-06,5.544e-03,8.644e-03,,,,8.910234,-13.425402,142.75386,-272.0049,GOES-16_XRS,2,,0,
2022-07-05 09:03:00,2022-07-05 08:52:00,,202207050852,1.398e-06,C1.3,GOES-16,8.472e-07,1.060e-03,,-24.0,18.0,SVI,-84.21445,18.786127,-889.10767,298.25873,GOES-16_XRS,1,5400,0,3050
2022-07-05 09:11:00,2022-07-05 09:05:00,2022-07-05 09:16:00,202207050905,1.649e-06,C1.6,GOES-16,1.385e-06,9.192e-04,1.191e-03,,,,-56.405304,21.457634,-733.19836,317.19257,GOES-16_XRS,2,,0,
2022-07-05 10:57:00,2022-07-05 10:47:00,2022-07-05 11:05:00,202207051047,1.251e-06,C1.2,GOES-16,8.150e-07,8.808e-04,1.261e-03,,,,-66.52615,16.531141,-831.119,247.53342,GOES-16_XRS,1,5420,0,3053
2022-07-05 12:05:00,2022-07-05 11:58:00,2022-07-05 12:09:00,202207051158,2.506e-06,C2.5,GOES-16,8.106e-07,9.473e-04,1.138e-03,-81.0,13.0,SVI,-64.03104,16.350805,-815.51794,242.5895,GOES-16_XRS,1,5430,0,3053
2022-07-05 12:38:00,2022-07-05 12:26:00,2022-07-05 12:49:00,202207051226,7.593e-06,C7.5,GOES-16,1.930e-06,4.158e-03,7.068e-03,-89.0,13.0,AIA_193,-83.50375,13.004076,-913.8717,206.00218,GOES-16_XRS,1,5440,0,3053
2022-07-05 18:54:00,2022-07-05 18:44:00,2022-07-05 19:00:00,202207051844,8.272e-07,B8.2,GOES-16,5.012e-07,5.546e-04,7.175e-04,,,,,,,,,1,5500,0,
2022-07-05 21:31:00,2022-07-05 21:26:00,2022-07-05 21:36:00,202207052126,9.803e-07,B9.8,GOES-16,4.901e-07,4.099e-04,5.405e-04,-17.0,19.0,HOL,,,,,,1,5520,0,3050
2022-07-06 03:37:00,2022-07-06 03:30:00,2022-07-06 03:46:00,202207060330,7.600e-07,B7.5,GOES-16,4.834e-07,4.135e-04,6.845e-04,-13.0,17.0,LEA,,,,,,1,5550,0,3050
2022-07-06 03:56:00,2022-07-06 03:50:00,2022-07-06 04:04:00,202207060350,1.255e-06,C1.2,GOES-16,5.477e-07,5.753e-04,9.207e-04,,,,-74.58795,13.0510435,-887.1422,198.42294,GOES-16_XRS,1,5560,0,3053
2022-07-06 04:43:00,2022-07-06 04:36:00,2022-07-06 04:47:00,202207060436,1.169e-06,C1.1,GOES-16,6.813e-07,6.302e-04,7.378e-04,-76.0,14.0,LEA,-73.62207,15.563816,-873.13336,237.77792,GOES-16_XRS,1,5570,0,3053
2022-07-06 11:17:00,2022-07-06 11:12:00,2022-07-06 11:24:00,202207061112,7.116e-07,B7.1,GOES-16,5.204e-07,3.406e-04,5.244e-04,,,,,,,,,1,5630,0,
2022-07-07 01:29:00,2022-07-07 01:16:00,2022-07-07 01:50:00,202207070116,1.568e-06,C1.5,GOES-16,9.322e-07,1.330e-03,2.904e-03,,,,-49.61261,-17.135143,-688.6174,-313.96048,GOES-16_XRS,1,5690,0,3055
2022-07-08 01:10:00,2022-07-08 00:55:00,2022-07-08 01:34:00,202207080055,1.449e-06,C1.4,GOES-16,8.136e-07,1.345e-03,3.005e-03,,,,-58.70392,-18.592888,-765.77795,-330.1226,GOES-16_XRS,1,5860,0,3055
2022-07-08 03:38:00,2022-07-08 03:27:00,2022-07-08 03:57:00,202207080327,1.050e-06,C1.0,GOES-16,7.156e-07,8.235e-04,1.741e-03,-50.0,13.0,LEA,-40.17984,27.7617,-540.40094,399.69373,GOES-16_XRS,1,5870,0,3053
2022-07-08 08:08:00,2022-07-08 08:03:00,2022-07-08 08:14:00,202207080803,7.236e-07,B7.2,GOES-16,5.281e-07,3.497e-04,4.989e-04,,,,,,,,,1,5900,0,3051
2022-07-08 11:25:00,2022-07-08 11:16:00,2022-07-08 11:27:00,202207081116,1.538e-06,C1.5,GOES-16,5.450e-07,6.077e-04,6.518e-04,,,,-18.359802,14.229518,-289.30377,176.9999,GOES-16_XRS,1,5930,0,3052
2022-07-08 13:48:00,2022-07-08 13:22:00,,202207081322,1.294e-06,C1.2,GOES-16,6.099e-07,1.895e-03,,,,,-60.507507,-22.057722,-762.634,-381.8091,GOES-16_XRS,1,5970,0,3055
2022-07-08 14:21:00,2022-07-08 14:03:00,2022-07-08 14:25:00,202207081403,1.353e-06,C1.3,GOES-16,1.142e-06,1.619e-03,1.761e-03,18.0,27.0,SVI,-10.347595,13.254001,-165.69258,158.92043,GOES-16_XRS,2,6270,0,3051
2022-07-08 19:08:00,2022-07-08 19:03:00,2022-07-08 19:15:00,202207081903,1.610e-06,C1.6,GOES-16,8.074e-07,6.786e-04,1.042e-03,,,,-30.225891,16.57621,-456.9967,219.31552,GOES-16_XRS,1,6010,0,3053
2022-07-08 20:49:00,2022-07-08 20:07:00,2022-07-08 21:27:00,202207082007,2.574e-05,M2.5,GOES-16,8.082e-07,3.764e-02,7.870e-02,,,,-40.94879,20.236216,-582.1321,283.62048,GOES-16_XRS,1,6050,0,3053
2022-07-09 06:50:00,2022-07-09 06:41:00,2022-07-09 06:57:00,202207090641,1.551e-06,C1.5,GOES-16,1.057e-06,1.029e-03,1.423e-03,26.0,28.0,SVI,-1.8102417,14.280534,-29.014437,173.56282,GOES-16_XRS,1,6260,0,3051
2022-07-09 09:26:00,2022-07-09 09:19:00,2022-07-09 09:29:00,202207090919,1.428e-06,C1.4,GOES-16,9.539e-07,7.673e-04,8.347e-04,,,,-38.10733,-15.093237,-564.1043,-292.9282,GOES-16_XRS,1,6340,0,3053
2022-07-09 11:06:00,2022-07-09 10:56:00,2022-07-09 11:13:00,202207091056,1.527e-06,C1.5,GOES-16,7.769e-07,9.846e-04,1.337e-03,-43.0,-19.0,SVI,-40.86093,-28.252426,-545.31915,-488.17682,GOES-16_XRS,1,6350,0,3055
2022-07-09 11:37:00,2022-07-09 11:31:00,2022-07-09 11:39:00,202207091131,1.752e-06,C1.7,GOES-16,8.431e-07,7.199e-04,7.745e-04,27.0,29.0,SVI,26.187433,24.093801,381.58115,335.0783,GOES-16_XRS,1,6360,0,3051
2022-07-09 13:48:00,2022-07-09 13:29:00,2022-07-09 14:04:00,202207091329,8.512e-06,C8.5,GOES-16,8.123e-07,5.897e-03,1.086e-02,,,,73.391846,-20.709965,846.675,-349.8774,GOES-16_XRS,1,6380,0,3047
2022-07-09 21:03:00,2022-07-09 20:56:00,2022-07-09 21:05:00,202207092056,5.244e-06,C5.2,GOES-16,8.264e-07,1.295e-03,1.380e-03,,,,32.512512,26.645878,454.89835,376.543,GOES-16_XRS,1,6450,0,3051
2022-07-09 22:45:00,2022-07-09 22:26:00,2022-07-09 22:59:00,202207092226,4.672e-06,C4.6,GOES-16,8.146e-07,3.721e-03,6.083e-03,,,,-2.1412048,16.60152,-33.93423,210.06023,GOES-16_XRS,1,6490,0,3052
2022-07-10 04:39:00,2022-07-10 04:33:00,2022-07-10 04:42:00,202207100433,1.686e-06,C1.6,GOES-16,9.528e-07,7.934e-04,8.647e-04,36.0,28.0,SVI,37.442413,26.702927,514.1918,379.69565,GOES-16_XRS,1,6550,0,3051
2022-07-10 04:54:00,2022-07-10 04:46:00,2022-07-10 05:03:00,202207100446,1.640e-06,C1.6,GOES-16,1.104e-06,9.697e-04,1.560e-03,36.0,28.0,SVI,42.031685,18.369682,601.53815,253.15791,GOES-16_XRS,1,6570,0,3051
2022-07-10 09:24:00,2022-07-10 09:16:00,2022-07-10 09:26:00,202207100916,2.943e-06,C2.9,GOES-16,9.656e-07,1.190e-03,1.278e-03,39.0,29.0,SVI,33.00507,24.73,468.51297,346.90033,GOES-16_XRS,1,6610,0,3051
2022-07-10 11:53:00,2022-07-10 11:49:00,2022-07-10 11:57:00,202207101149,2.513e-06,C2.5,GOES-16,1.434e-06,9.686e-04,1.184e-03,-73.0,-19.0,SVI,-67.154236,-18.78242,-824.52124,-326.94095,GOES-16_XRS,1,6660,0,3056
2022-07-10 13:29:00,2022-07-10 13:18:00,2022-07-10 13:34:00,202207101318,2.808e-06,C2.8,GOES-16,1.613e-06,2.015e-03,2.400e-03,-72.0,-19.0,SVI,-63.57794,-19.398817,-798.459,-339.9647,GOES-16_XRS,1,6690,0,3056
2022-07-10 14:03:00,2022-07-10 13:55:00,2022-07-10 14:08:00,202207101355,4.158e-06,C4.1,GOES-16,1.642e-06,2.176e-03,2.695e-03,-70.0,-19.0,SVI,-69.09985,-15.395074,-851.09937,-272.1893,GOES-16_XRS,1,6700,0,3056
2022-07-10 15:13:00,2022-07-10 15:06:00,2022-07-10 15:23:00,202207101506,2.802e-06,C2.8,GOES-16,1.575e-06,1.485e-03,2.613e-03,,,,-68.160706,-14.216892,-850.33826,-254.55743,GOES-16_XRS,1,6730,0,3056
2022-07-10 17:53:00,2022-07-10 17:46:00,2022-07-10 18:02:00,202207101746,2.694e-06,C2.6,GOES-16,1.656e-06,1.496e-03,2.449e-03,-68.0,-19.0,SVI,,,-930.73016,-357.03134,GOES-16_XRS,1,6800,0,3056
2022-07-10 18:11:00,2022-07-10 18:05:00,2022-07-10 18:14:00,202207101805,4.259e-06,C4.2,GOES-16,2.087e-06,1.923e-03,2.100e-03,,,,-73.4155,-16.439646,-868.3357,-284.23148,GOES-16_XRS,1,6810,0,3056
2022-07-10 19:30:00,2022-07-10 19:21:00,2022-07-10 19:36:00,202207101921,2.019e-06,C2.0,GOES-16,1.355e-06,1.308e-03,1.720e-03,,,,-78.57199,-22.046335,-857.8382,-365.3618,GOES-16_XRS,1,6820,0,3056
2022-07-10 20:26:00,2022-07-10 20:19:00,2022-07-10 20:35:00,202207102019,2.095e-06,C2.0,GOES-16,1.426e-06,1.183e-03,1.928e-03,,,,-79.216675,-18.2155,-881.06915,-305.86285,GOES-16_XRS,1,6840,0,3056
2022-07-10 20:45:00,2022-07-10 20:42:00,2022-07-10 20:47:00,202207102042,2.265e-06,C2.2,GOES-16,1.584e-06,8.129e-04,9.169e-04,,,,-69.272064,-18.034597,-840.3302,-313.4477,GOES-16_XRS,1,6850,0,3056
2022-07-10 21:13:00,2022-07-10 21:05:00,,202207102105,1.878e-06,C1.8,GOES-16,1.137e-06,1.106e-03,,,,,-68.87866,-17.414972,-841.06006,-304.22565,GOES-16_XRS,1,6870,0,3056
2022-07-10 21:25:00,2022-07-10 21:19:00,2022-07-10 21:29:00,202207102119,2.097e-06,C2.0,GOES-16,1.586e-06,1.114e-03,1.326e-03,,,,-70.91937,-16.349186,-856.80676,-285.47647,GOES-16_XRS,2,6880,0,3056
2022-07-10 21:56:00,2022-07-10 21:52:00,,202207102152,1.720e-06,C1.7,GOES-16,1.138e-06,6.848e-04,,,,,-73.00427,-16.458422,-866.40295,-285.0254,GOES-16_XRS,1,,0,
2022-07-10 22:02:00,2022-07-10 21:58:00,2022-07-10 22:07:00,202207102158,2.966e-06,C2.9,GOES-16,1.465e-06,1.142e-03,1.514e-03,,,,-67.1911,-16.28631,-836.21484,-288.3261,GOES-16_XRS,2,6890,0,3056
2022-07-10 22:16:00,2022-07-10 22:08:00,2022-07-10 22:19:00,202207102208,3.413e-06,C3.4,GOES-16,2.034e-06,1.866e-03,2.004e-03,,,,-68.34534,-15.119585,-847.9139,-268.81125,GOES-16_XRS,1,6900,0,3056
2022-07-10 23:43:00,2022-07-10 23:30:00,2022-07-10 23:51:00,202207102330,1.308e-05,M1.3,GOES-16,1.531e-06,5.702e-03,8.700e-03,,,,-69.724945,-18.119421,-842.385,-314.36697,GOES-16_XRS,1,6920,0,3056
2022-07-11 00:48:00,2022-07-11 00:38:00,2022-07-11 00:57:00,202207110038,4.285e-06,C4.2,GOES-16,1.046e-06,2.204e-03,3.408e-03,,,,-68.493774,-17.845297,-836.87994,-311.39328,GOES-16_XRS,1,6950,0,3053
2022-07-11 01:12:00,2022-07-11 01:08:00,2022-07-11 01:14:00,202207110108,3.556e-06,C3.5,GOES-16,1.457e-06,1.097e-03,1.198e-03,,,,-60.92035,-19.063478,-780.9502,-337.70105,GOES-16_XRS,1,6960,0,3056
2022-07-11 01:53:00,2022-07-11 01:44:00,2022-07-11 02:05:00,202207110144,8.888e-06,C8.8,GOES-16,1.294e-06,3.425e-03,6.784e-03,-64.0,-18.0,LEA,-68.859344,-18.536922,-835.6168,-321.76566,GOES-16_XRS,1,6970,0,3056
2022-07-11 04:16:00,2022-07-11 04:07:00,2022-07-11 04:22:00,202207110407,1.726e-06,C1.7,GOES-16,9.795e-07,1.040e-03,1.369e-03,,,,-64.110565,-13.562893,-826.73157,-248.63008,GOES-16_XRS,1,7000,0,3056
2022-07-11 05:58:00,2022-07-11 05:45:00,2022-07-11 06:08:00,202207110545,2.211e-06,C2.2,GOES-16,1.086e-06,1.657e-03,2.521e-03,-65.0,-18.0,SVI,-63.325623,-15.57009,-813.7377,-281.1789,GOES-16_XRS,1,7090,0,3056
2022-07-11 07:17:00,2022-07-11 06:59:00,2022-07-11 07:22:00,202207110659,5.121e-06,C5.1,GOES-16,1.157e-06,3.267e-03,3.826e-03,57.0,18.0,SVI,54.990864,17.647924,738.3777,250.61293,GOES-16_XRS,1,7120,0,3046
2022-07-11 08:34:00,2022-07-11 08:32:00,2022-07-11 08:37:00,202207110832,1.769e-06,C1.7,GOES-16,1.155e-06,5.302e-04,6.083e-04,-12.0,-14.0,SVI,-9.948151,-13.756551,-159.01486,-287.14496,GOES-16_XRS,1,7160,0,3055
2022-07-11 09:19:00,2022-07-11 09:08:00,2022-07-11 09:38:00,202207110908,1.153e-05,M1.1,GOES-16,1.206e-06,4.804e-03,1.387e-02,-62.0,-18.0,SVI,-62.83493,-16.625423,-805.9288,-298.29813,GOES-16_XRS,1,7190,0,3056
2022-07-11 20:34:00,2022-07-11 20:29:00,2022-07-11 20:40:00,202207112029,1.468e-06,C1.4,GOES-16,1.017e-06,6.826e-04,9.809e-04,,,,-1.5574341,-24.79319,-23.375654,-456.18024,GOES-16_XRS,1,7280,0,3055
2022-07-11 21:42:00,2022-07-11 21:36:00,2022-07-11 21:45:00,202207112136,1.574e-06,C1.5,GOES-16,1.021e-06,7.762e-04,8.502e-04,,,,2.5938883,22.651731,39.580753,303.18506,GOES-16_XRS,1,7290,0,3053
2022-07-11 23:07:00,2022-07-11 22:58:00,2022-07-11 23:22:00,202207112258,1.317e-06,C1.3,GOES-16,9.027e-07,9.008e-04,1.795e-03,,,,-5.7405396,15.650258,-91.28919,191.66075,GOES-16_XRS,1,7310,0,3053
2022-07-12 01:58:00,2022-07-12 01:49:00,2022-07-12 02:02:00,202207120149,1.623e-06,C1.6,GOES-16,9.293e-07,9.761e-04,1.123e-03,-55.0,-19.0,LEA,0.49147236,9.980367,8.0078125,98.50758,GOES-16_XRS,1,7330,0,3056
2022-07-12 02:38:00,2022-07-12 02:30:00,,202207120230,1.494e-06,C1.4,GOES-16,1.071e-06,9.315e-04,,,,,-1.5383911,13.079752,-24.787382,149.30788,GOES-16_XRS,1,,0,
2022-07-12 02:47:00,2022-07-12 02:43:00,,202207120243,2.092e-06,C2.0,GOES-16,1.358e-06,8.928e-04,,,,,-36.820618,-6.895351,-563.4369,-166.15848,GOES-16_XRS,2,,0,
2022-07-12 02:56:00,2022-07-12 02:49:00,2022-07-12 03:02:00,202207120249,2.830e-06,C2.8,GOES-16,1.976e-06,1.665e-03,2.250e-03,4.0,13.0,LEA,-45.426636,-13.598916,-655.316,-267.24493,GOES-16_XRS,3,7350,0,3053
2022-07-12 03:28:00,2022-07-12 03:21:00,2022-07-12 03:35:00,202207120321,7.661e-06,C7.6,GOES-16,1.424e-06,3.047e-03,4.467e-03,,,,-51.805756,-17.816645,-707.8522,-327.8069,GOES-16_XRS,1,7360,0,3056
2022-07-12 04:30:00,2022-07-12 04:23:00,2022-07-12 04:37:00,202207120423,1.820e-06,C1.8,GOES-16,9.449e-07,9.257e-04,1.362e-03,-55.0,-19.0,LEA,-53.39212,-3.53586,-758.05695,-97.746155,GOES-16_XRS,1,7380,0,3056
2022-07-12 09:42:00,2022-07-12 09:34:00,2022-07-12 09:44:00,202207120934,2.966e-06,C2.9,GOES-16,1.405e-06,1.272e-03,1.390e-03,12.0,15.0,SVI,8.614102,-17.689491,135.21707,-350.21933,GOES-16_XRS,1,7400,0,3053
2022-07-12 11:56:00,2022-07-12 11:47:00,2022-07-12 12:01:00,202207121147,2.523e-06,C2.5,GOES-16,1.377e-06,1.496e-03,1.848e-03,-64.0,19.0,SVI,-55.704742,19.337242,-737.4428,276.8762,GOES-16_XRS,1,7450,0,3057
2022-07-12 12:32:00,2022-07-12 12:04:00,2022-07-12 12:46:00,202207121204,4.087e-06,C4.0,GOES-16,1.774e-06,5.844e-03,8.242e-03,11.0,17.0,SVI,24.188473,15.973851,373.23074,201.2672,GOES-16_XRS,1,7460,0,3053
2022-07-12 13:30:00,2022-07-12 13:27:00,,202207121327,1.774e-06,C1.7,GOES-18,1.295e-06,6.618e-04,,,,,-59.02249,4.3930507,-808.5536,37.87041,GOES-18_XRS,1,,0,
2022-07-12 13:43:00,2022-07-12 13:39:00,2022-07-12 13:47:00,202207121339,3.375e-06,C3.3,GOES-16,1.623e-06,1.241e-03,1.513e-03,14.0,15.0,HOL,17.700663,15.360666,277.83832,188.69467,GOES-16_XRS,1,7470,0,3053
2022-07-12 13:54:00,2022-07-12 13:51:00,2022-07-12 13:57:00,202207121351,7.539e-06,C7.5,GOES-16,1.835e-06,1.917e-03,2.079e-03,-63.0,21.0,HOL,-64.083954,18.208546,-807.8245,266.87158,GOES-16_XRS,1,7480,0,3057
2022-07-12 15:59:00,2022-07-12 15:53:00,2022-07-12 16:03:00,202207121553,1.632e-06,C1.6,GOES-16,1.006e-06,7.495e-04,9.028e-04,-60.0,19.0,SVI,-49.795105,14.659454,-699.2626,196.9102,GOES-16_XRS,1,7550,0,3057
2022-07-12 18:55:00,2022-07-12 18:50:00,2022-07-12 19:00:00,202207121850,1.856e-06,C1.8,GOES-16,1.163e-06,8.595e-04,1.118e-03,,,,-52.666992,17.075426,-719.187,238.04216,GOES-16_XRS,1,7560,0,3057
2022-07-12 22:39:00,2022-07-12 22:34:00,2022-07-12 22:45:00,202207122234,1.624e-06,C1.6,GOES-16,1.120e-06,7.619e-04,1.095e-03,,,,8.03105,-13.696358,128.63904,-289.03165,GOES-16_XRS,1,7630,0,3055
2022-07-12 23:35:00,2022-07-12 23:24:00,2022-07-12 23:49:00,202207122324,2.377e-06,C2.3,GOES-16,1.174e-06,1.589e-03,2.987e-03,,,,-35.12903,-13.054089,-530.8365,-267.36478,GOES-16_XRS,1,7650,0,3056
2022-07-13 01:25:00,2022-07-13 01:19:00,,202207130119,1.452e-06,C1.4,GOES-16,1.016e-06,7.142e-04,,,,,27.129566,25.382118,390.24646,350.35983,GOES-16_XRS,1,,0,
2022-07-13 01:46:00,2022-07-13 01:36:00,2022-07-13 01:49:00,202207130136,1.723e-06,C1.7,GOES-16,1.339e-06,1.234e-03,1.321e-03,18.0,13.0,LEA,23.622622,13.00268,369.95987,151.95425,GOES-16_XRS,2,7670,0,3053
2022-07-13 01:57:00,2022-07-13 01:50:00,2022-07-13 02:01:00,202207130150,2.672e-06,C2.6,GOES-16,1.452e-06,1.347e-03,1.580e-03,,,,-53.618683,-25.776585,-685.6793,-446.48184,GOES-16_XRS,1,,0,
2022-07-13 07:22:00,2022-07-13 07:17:00,,202207130717,1.996e-06,C1.9,GOES-16,1.075e-06,8.594e-04,,-52.0,15.0,LEA,23.484255,15.634705,363.61932,194.31403,GOES-16_XRS,1,7740,0,3057
2022-07-13 07:32:00,2022-07-13 07:27:00,2022-07-13 07:38:00,202207130727,2.388e-06,C2.3,GOES-16,1.719e-06,1.180e-03,1.670e-03,,,,22.210262,20.564512,335.33508,272.68112,GOES-16_XRS,2,,0,
2022-07-13 09:59:00,2022-07-13 09:53:00,2022-07-13 10:05:00,202207130953,1.452e-06,C1.4,GOES-16,1.047e-06,7.641e-04,1.068e-03,-36.0,-17.0,SVI,-28.31781,-15.934247,-432.05576,-317.36322,GOES-16_XRS,1,7750,0,3056
2022-07-13 15:33:00,2022-07-13 15:25:00,2022-07-13 15:37:00,202207131525,1.797e-06,C1.7,GOES-16,1.265e-06,1.098e-03,1.276e-03,-33.0,-17.0,SVI,-22.700012,-2.7895715,-365.25696,-109.51022,GOES-16_XRS,1,7810,0,3056
2022-07-13 16:32:00,2022-07-13 16:12:00,,202207131612,2.267e-06,C2.2,GOES-16,1.221e-06,2.703e-03,,15.0,-17.0,SVI,22.87534,-17.209686,351.77625,-340.2565,GOES-16_XRS,1,7830,0,3055
2022-07-13 17:17:00,2022-07-13 17:09:00,,202207131709,2.093e-06,C2.0,GOES-16,1.841e-06,1.437e-03,,,,,1.5738991,0.911996,26.034101,-53.989273,GOES-16_XRS,2,,0,
2022-07-13 17:28:00,2022-07-13 17:24:00,2022-07-13 17:32:00,202207131724,2.275e-06,C2.2,GOES-16,2.039e-06,1.053e-03,1.309e-03,,,,10.330642,3.6134458,169.65022,-8.242307,GOES-16_XRS,3,,0,
2022-07-13 19:33:00,2022-07-13 19:20:00,2022-07-13 20:01:00,202207131920,3.313e-06,C3.3,GOES-16,1.127e-06,2.266e-03,6.275e-03,,,,-25.982239,-13.568491,-403.4454,-282.11557,GOES-16_XRS,1,7840,0,3056
2022-07-13 20:59:00,2022-07-13 20:44:00,2022-07-13 21:14:00,202207132044,3.071e-06,C3.0,GOES-16,1.705e-06,2.823e-03,4.919e-03,,,,-5.2301636,0.40586454,-86.4111,-62.334732,GOES-16_XRS,1,7850,0,3053
2022-07-13 23:39:00,2022-07-13 23:27:00,2022-07-13 23:46:00,202207132327,1.987e-06,C1.9,GOES-16,1.126e-06,1.527e-03,2.004e-03,,,,-27.945984,-18.522657,-420.89,-358.2571,GOES-16_XRS,1,7860,0,3056
2022-07-14 00:59:00,2022-07-14 00:41:00,2022-07-14 01:10:00,202207140041,5.163e-06,C5.1,GOES-16,1.153e-06,4.193e-03,6.136e-03,-25.0,-18.0,LEA,11.122856,7.547807,181.28004,56.48556,GOES-16_XRS,1,7880,0,3056
2022-07-14 02:54:00,2022-07-14 02:46:00,2022-07-14 02:57:00,202207140246,4.238e-06,C4.2,GOES-16,1.413e-06,1.524e-03,1.655e-03,32.0,19.0,LEA,29.128742,16.686155,441.73685,212.97797,GOES-16_XRS,1,7920,0,3053
2022-07-14 04:17:00,2022-07-14 04:10:00,2022-07-14 04:20:00,202207140410,2.240e-06,C2.2,GOES-16,1.473e-06,1.134e-03,1.235e-03,,,,36.546253,17.107033,539.0055,224.27676,GOES-16_XRS,1,7940,0,
2022-07-14 04:31:00,2022-07-14 04:22:00,2022-07-14 04:39:00,202207140422,1.262e-05,M1.2,GOES-16,1.711e-06,5.055e-03,7.857e-03,-86.0,14.0,SVI,-76.72684,14.999547,-888.1349,228.40076,GOES-16_XRS,1,7950,0,3058
2022-07-14 05:02:00,2022-07-14 04:55:00,2022-07-14 05:10:00,202207140455,5.459e-06,C5.4,GOES-16,3.106e-06,2.931e-03,4.546e-03,-22.0,-17.0,SVI,19.9366,0.012932158,323.15765,-65.44902,GOES-16_XRS,1,7970,0,3056
2022-07-14 05:46:00,2022-07-14 05:35:00,2022-07-14 05:56:00,202207140535,4.585e-06,C4.5,GOES-16,2.220e-06,3.044e-03,4.780e-03,-25.0,-18.0,SVI,36.51316,18.548754,534.2358,247.22772,GOES-16_XRS,1,7990,0,3056
2022-07-14 06:49:00,2022-07-14 06:40:00,2022-07-14 06:58:00,202207140640,2.696e-06,C2.6,GOES-16,1.359e-06,1.584e-03,2.489e-03,-21.0,-15.0,SVI,-26.485138,-12.773879,-412.0386,-269.94757,GOES-16_XRS,1,8010,0,3056
2022-07-14 08:16:00,2022-07-14 08:09:00,2022-07-14 08:24:00,202207140809,2.132e-06,C2.1,GOES-16,1.338e-06,1.136e-03,1.765e-03,-76.0,13.0,LEA,33.039825,20.38023,484.09543,273.92365,GOES-16_XRS,1,8040,0,3053
2022-07-14 10:11:00,2022-07-14 10:05:00,2022-07-14 10:19:00,202207141005,3.078e-06,C3.0,GOES-16,1.536e-06,1.532e-03,2.400e-03,-21.0,-19.0,SVI,-28.67926,-16.996534,-434.71524,-334.98132,GOES-16_XRS,1,8070,0,3056
2022-07-14 12:05:00,2022-07-14 11:54:00,2022-07-14 12:09:00,202207141154,2.820e-06,C2.8,GOES-16,1.713e-06,2.023e-03,2.280e-03,37.0,19.0,SVI,57.67016,22.456942,738.68243,325.6481,GOES-16_XRS,1,8100,0,3053
2022-07-14 12:25:00,2022-07-14 12:20:00,2022-07-14 12:30:00,202207141220,2.913e-06,C2.9,GOES-16,1.698e-06,1.334e-03,1.734e-03,37.0,19.0,SVI,27.63725,12.006443,429.8998,135.61507,GOES-16_XRS,1,8110,0,3053
2022-07-14 13:22:00,2022-07-14 13:15:00,,202207141315,2.504e-06,C2.5,GOES-16,1.262e-06,1.383e-03,,-23.0,-17.0,HOL,-4.3237,-10.925423,-70.16438,-248.09563,GOES-16_XRS,1,8120,0,3056
2022-07-14 13:32:00,2022-07-14 13:24:00,2022-07-14 13:38:00,202207141324,6.759e-06,C6.7,GOES-16,2.458e-06,3.041e-03,4.177e-03,,,,-22.219452,-15.19454,-345.76056,-310.53244,GOES-16_XRS,2,,0,
2022-07-14 13:43:00,2022-07-14 13:38:00,2022-07-14 13:51:00,202207141338,6.236e-06,C6.2,GOES-16,4.509e-06,3.016e-03,5.052e-03,,,,-24.849152,-26.851768,-355.06238,-483.5536,GOES-16_XRS,1,,0,
2022-07-14 16:38:00,2022-07-14 16:21:00,,202207141621,3.621e-06,C3.6,GOES-16,1.541e-06,3.372e-03,,40.0,19.0,HOL,-8.301086,15.220501,-132.05241,180.71652,GOES-16_XRS,1,8180,0,3053
2022-07-14 16:50:00,2022-07-14 16:45:00,2022-07-14 16:52:00,202207141645,6.418e-06,C6.4,GOES-16,2.990e-06,2.252e-03,2.483e-03,,,,19.619028,15.554231,306.5491,189.31754,GOES-16_XRS,2,,0,
2022-07-14 21:48:00,2022-07-14 21:42:00,2022-07-14 21:52:00,202207142142,2.896e-05,M2.8,GOES-16,1.312e-06,8.715e-03,1.023e-02,,,,-68.45877,14.71011,-850.4572,214.22446,GOES-16_XRS,1,8210,0,3058
2022-07-14 23:16:00,2022-07-14 23:05:00,2022-07-14 23:23:00,202207142305,4.077e-06,C4.0,GOES-16,2.295e-06,2.903e-03,3.877e-03,,,,-14.521851,-19.250048,-224.31094,-376.45627,GOES-16_XRS,1,8230,0,3056
2022-07-15 00:42:00,2022-07-15 00:33:00,2022-07-15 00:49:00,202207150033,1.908e-06,C1.9,GOES-16,1.224e-06,1.231e-03,1.712e-03,,,,-16.660278,-10.703283,-266.9778,-242.50523,GOES-16_XRS,1,8240,0,
2022-07-15 05:31:00,2022-07-15 05:25:00,2022-07-15 05:38:00,202207150525,2.365e-06,C2.3,GOES-16,1.200e-06,1.130e-03,1.676e-03,-12.0,-18.0,SVI,-10.007385,-19.232891,-155.48186,-377.72693,GOES-16_XRS,1,8300,0,3056
2022-07-15 07:24:00,2022-07-15 07:13:00,,202207150713,3.168e-06,C3.1,GOES-16,1.250e-06,1.892e-03,,,,,-57.611633,12.431295,-780.1368,165.67593,GOES-16_XRS,1,,0,
2022-07-15 07:36:00,2022-07-15 07:30:00,2022-07-15 07:39:00,202207150730,3.146e-06,C3.1,GOES-16,2.421e-06,1.693e-03,1.834e-03,-12.0,-18.0,LEA,-33.752167,4.6628675,-524.58923,17.459637,GOES-16_XRS,2,8330,0,3056
2022-07-15 07:59:00,2022-07-15 07:55:00,2022-07-15 08:02:00,202207150755,5.533e-06,C5.5,GOES-16,1.266e-06,1.475e-03,1.652e-03,-11.0,-19.0,SVI,-10.425934,-17.09247,-163.92131,-345.0915,GOES-16_XRS,1,8340,0,3056
2022-07-15 12:05:00,2022-07-15 11:56:00,2022-07-15 12:10:00,202207151156,5.607e-06,C5.6,GOES-16,1.099e-06,2.279e-03,2.876e-03,-60.0,13.0,SVI,-57.869324,13.389075,-779.35364,181.28561,GOES-16_XRS,1,8460,0,3058
2022-07-15 16:07:00,2022-07-15 15:59:00,2022-07-15 16:14:00,202207151559,2.375e-06,C2.3,GOES-16,1.523e-06,1.411e-03,2.004e-03,-58.0,12.0,SVI,-62.087494,13.900424,-811.25995,193.80847,GOES-16_XRS,1,8530,0,3058
2022-07-15 18:16:00,2022-07-15 18:10:00,2022-07-15 18:20:00,202207151810,5.828e-06,C5.8,GOES-16,1.485e-06,2.027e-03,2.426e-03,-61.0,13.0,HOL,-64.64786,11.7804365,-836.53394,162.24113,GOES-16_XRS,1,8590,0,3058
2022-07-15 18:44:00,2022-07-15 18:38:00,2022-07-15 18:46:00,202207151838,2.753e-06,C2.7,GOES-16,1.814e-06,1.285e-03,1.400e-03,-3.0,-16.0,HOL,6.881281,-18.90752,107.41787,-374.1544,GOES-16_XRS,1,8610,0,3056
2022-07-15 22:13:00,2022-07-15 22:04:00,2022-07-15 22:19:00,202207152204,2.913e-06,C2.9,GOES-16,1.494e-06,1.734e-03,2.277e-03,-54.0,14.0,HOL,-54.720642,12.492105,-754.17084,163.20447,GOES-16_XRS,1,8670,0,3058
2022-07-15 23:11:00,2022-07-15 23:01:00,2022-07-15 23:16:00,202207152301,3.754e-06,C3.7,GOES-16,1.499e-06,2.071e-03,2.506e-03,-21.0,19.0,HOL,-19.220184,16.263323,-299.51437,198.7754,GOES-16_XRS,1,8680,0,3057
2022-07-16 02:48:00,2022-07-16 02:40:00,2022-07-16 02:55:00,202207160240,2.300e-06,C2.3,GOES-16,1.514e-06,1.365e-03,1.940e-03,0.0,-19.0,LEA,6.2489066,-7.189382,102.37316,-190.1964,GOES-16_XRS,1,8720,0,3056
2022-07-16 05:07:00,2022-07-16 05:00:00,2022-07-16 05:18:00,202207160500,2.522e-06,C2.5,GOES-16,1.798e-06,1.428e-03,2.637e-03,0.0,-19.0,LEA,-14.727722,-2.6068137,-240.73462,-113.57212,GOES-16_XRS,1,8770,0,3056
2022-07-16 06:29:00,2022-07-16 06:16:00,2022-07-16 06:33:00,202207160616,1.126e-05,M1.1,GOES-16,1.629e-06,6.376e-03,6.986e-03,-20.0,18.0,SVI,-18.711945,18.17726,-288.8738,228.95972,GOES-16_XRS,1,8780,0,3057
2022-07-16 10:00:00,2022-07-16 09:52:00,2022-07-16 10:04:00,202207160952,2.101e-06,C2.1,GOES-16,1.333e-06,1.225e-03,1.427e-03,,,,-48.210632,15.930751,-678.6888,212.0835,GOES-16_XRS,1,8840,0,3058
2022-07-16 13:11:00,2022-07-16 13:04:00,2022-07-16 13:22:00,202207161304,1.834e-06,C1.8,GOES-16,1.231e-06,1.004e-03,1.860e-03,-64.0,-8.0,SVI,45.457466,14.530713,653.2129,186.92033,GOES-16_XRS,1,8870,0,3059
2022-07-16 13:38:00,2022-07-16 13:34:00,2022-07-16 13:44:00,202207161334,2.961e-06,C2.9,GOES-16,1.562e-06,1.166e-03,1.710e-03,-64.0,-6.0,HOL,64.09943,16.58771,815.2722,238.4078,GOES-16_XRS,1,8880,0,3059
2022-07-16 15:39:00,2022-07-16 15:33:00,2022-07-16 15:43:00,202207161533,1.412e-05,M1.4,GOES-16,1.643e-06,4.437e-03,5.153e-03,53.0,-17.0,HOL,49.392174,-15.042828,693.8633,-291.16614,GOES-16_XRS,1,8930,0,3055
2022-07-16 20:31:00,2022-07-16 20:20:00,2022-07-16 20:37:00,202207162020,3.059e-06,C3.0,GOES-16,2.206e-06,2.478e-03,3.115e-03,71.0,16.0,HOL,19.727322,-16.387049,306.85904,-333.3862,GOES-16_XRS,1,8990,0,3056
2022-07-17 09:51:00,2022-07-17 09:43:00,2022-07-17 09:58:00,202207170943,1.949e-06,C1.9,GOES-16,1.230e-06,1.187e-03,1.677e-03,,,,-28.66156,18.423605,-431.16595,236.15718,GOES-16_XRS,1,9140,0,3058
2022-07-17 10:48:00,2022-07-17 10:42:00,2022-07-17 11:00:00,202207171042,1.600e-06,C1.6,GOES-16,1.173e-06,8.596e-04,1.701e-03,,,,22.779905,-5.357496,365.3554,-157.04507,GOES-16_XRS,1,9150,0,
2022-07-17 12:02:00,2022-07-17 11:52:00,2022-07-17 12:18:00,202207171152,1.989e-06,C1.9,GOES-16,1.332e-06,1.443e-03,2.941e-03,-2.0,23.0,SVI,13.187983,7.033093,214.66235,43.15953,GOES-16_XRS,1,9160,0,3057
2022-07-17 12:27:00,2022-07-17 12:20:00,2022-07-17 12:33:00,202207171220,6.539e-06,C6.5,GOES-16,1.608e-06,3.041e-03,4.062e-03,-34.0,15.0,SVI,-35.35388,15.322419,-528.6461,190.49876,GOES-16_XRS,1,9170,0,3058
2022-07-17 16:16:00,2022-07-17 16:10:00,2022-07-17 16:22:00,202207171610,2.124e-06,C2.1,GOES-16,1.062e-06,9.923e-04,1.368e-03,26.0,-15.0,SVI,25.186264,-15.302645,388.92352,-315.00925,GOES-16_XRS,1,9180,0,3056
2022-07-17 17:26:00,2022-07-17 17:20:00,2022-07-17 17:30:00,202207171720,3.644e-06,C3.6,GOES-16,1.282e-06,1.406e-03,1.684e-03,69.0,-17.0,HOL,70.269684,-15.964987,855.3203,-283.5384,GOES-16_XRS,1,9190,0,3055
2022-07-17 21:39:00,2022-07-17 21:32:00,2022-07-17 21:42:00,202207172132,4.921e-06,C4.9,GOES-16,1.065e-06,1.691e-03,1.828e-03,26.0,-16.0,HOL,24.267357,-15.958584,374.4182,-326.0016,GOES-16_XRS,1,9220,0,3056
2022-07-18 14:00:00,2022-07-18 13:57:00,2022-07-18 14:03:00,202207181357,1.780e-06,C1.7,GOES-16,1.001e-06,5.855e-04,6.609e-04,13.0,17.0,HOL,16.176062,20.174988,247.86794,256.66104,GOES-16_XRS,1,9330,0,3057
2022-07-18 16:14:00,2022-07-18 15:59:00,,202207181559,2.443e-06,C2.4,GOES-16,1.139e-06,2.149e-03,,16.0,14.0,HOL,18.897444,18.629025,290.9031,232.86017,GOES-16_XRS,1,9360,0,3057
2022-07-18 23:54:00,2022-07-18 23:49:00,2022-07-18 23:58:00,202207182349,3.924e-06,C3.9,GOES-16,1.153e-06,1.302e-03,1.589e-03,,,,-12.470337,17.086676,-195.67519,205.39815,GOES-16_XRS,1,9420,0,3058
2022-07-19 02:17:00,2022-07-19 02:10:00,2022-07-19 02:25:00,202207190210,1.664e-06,C1.6,GOES-16,1.163e-06,9.780e-04,1.512e-03,,,,60.392475,-16.375685,788.9754,-302.43372,GOES-16_XRS,1,9440,0,
2022-07-19 02:52:00,2022-07-19 02:39:00,2022-07-19 03:18:00,202207190239,2.232e-06,C2.2,GOES-16,1.270e-06,1.841e-03,4.648e-03,,,,19.329865,25.04595,284.20877,333.58224,GOES-16_XRS,1,9450,0,
2022-07-19 04:29:00,2022-07-19 04:24:00,2022-07-19 04:35:00,202207190424,2.327e-06,C2.3,GOES-16,1.076e-06,9.625e-04,1.379e-03,52.0,24.0,LEA,-9.269379,15.780561,-146.96077,183.20047,GOES-16_XRS,1,9460,0,3061
2022-07-19 11:12:00,2022-07-19 11:03:00,2022-07-19 11:21:00,202207191103,1.381e-06,C1.3,GOES-16,9.543e-07,9.298e-04,1.440e-03,,,,71.81936,-23.970703,820.38104,-404.80786,GOES-16_XRS,1,9530,0,
2022-07-19 13:30:00,2022-07-19 13:20:00,2022-07-19 13:56:00,202207191320,1.514e-06,C1.5,GOES-16,9.139e-07,1.028e-03,2.977e-03,,,,46.930817,-29.966969,598.87585,-517.2575,GOES-16_XRS,1,9550,0,
2022-07-19 17:22:00,2022-07-19 17:13:00,2022-07-19 17:28:00,202207191713,1.614e-06,C1.6,GOES-16,9.865e-07,1.006e-03,1.319e-03,27.0,18.0,SVI,33.24457,14.602529,502.66052,174.57782,GOES-16_XRS,1,9590,0,3057
2022-07-19 22:54:00,2022-07-19 22:46:00,2022-07-19 23:00:00,202207192246,1.912e-06,C1.9,GOES-16,9.515e-07,9.815e-04,1.328e-03,,,,57.545296,-18.467798,757.1553,-338.67,GOES-16_XRS,1,9640,0,3056
2022-07-20 02:15:00,2022-07-20 02:06:00,2022-07-20 02:18:00,202207200206,3.318e-06,C3.3,GOES-16,1.092e-06,1.338e-03,1.438e-03,-4.0,13.0,LEA,-1.0562439,15.371207,-16.854208,174.25896,GOES-16_XRS,1,9680,0,3058
2022-07-20 05:23:00,2022-07-20 05:17:00,2022-07-20 05:28:00,202207200517,1.190e-06,C1.1,GOES-16,8.715e-07,6.281e-04,8.135e-04,,,,68.995094,-23.942633,806.47705,-408.125,GOES-16_XRS,1,9710,0,
2022-07-20 09:02:00,2022-07-20 08:55:00,,202207200855,1.571e-06,C1.5,GOES-16,1.131e-06,9.065e-04,,54.0,-19.0,LEA,53.265408,-6.871815,753.07385,-159.95184,GOES-16_XRS,1,9730,0,3056
2022-07-20 09:15:00,2022-07-20 09:06:00,2022-07-20 09:21:00,202207200906,1.870e-06,C1.8,GOES-16,1.499e-06,1.303e-03,1.709e-03,54.0,-19.0,LEA,,,935.43823,-223.52937,GOES-16_XRS,2,9730,0,3056
2022-07-20 15:04:00,2022-07-20 14:58:00,2022-07-20 15:09:00,202207201458,2.060e-06,C2.0,GOES-16,9.936e-07,8.997e-04,1.173e-03,,,,71.43203,-18.841816,847.946,-328.14432,GOES-16_XRS,1,9750,0,
2022-07-20 16:57:00,2022-07-20 16:53:00,2022-07-20 17:06:00,202207201653,1.215e-06,C1.2,GOES-16,8.763e-07,5.240e-04,9.712e-04,,,,66.49454,-11.471581,849.80634,-218.55933,GOES-16_XRS,1,9770,0,
2022-07-20 19:31:00,2022-07-20 19:17:00,,202207201917,2.965e-06,C2.9,GOES-16,7.511e-07,1.836e-03,,,,,67.17268,-14.742007,842.7692,-269.71463,GOES-16_XRS,1,9790,0,3056
2022-07-20 19:51:00,2022-07-20 19:45:00,2022-07-20 19:57:00,202207201945,4.014e-06,C4.0,GOES-16,2.495e-06,2.088e-03,2.868e-03,,,,66.5092,-14.390591,839.9871,-265.01523,GOES-16_XRS,2,9790,0,3056
2022-07-20 22:37:00,2022-07-20 22:33:00,2022-07-20 22:44:00,202207202233,1.328e-06,C1.3,GOES-16,7.215e-07,5.124e-04,8.238e-04,,,,55.53973,-14.858725,754.1202,-285.61688,GOES-16_XRS,1,9800,0,3056
2022-07-21 00:09:00,2022-07-20 23:01:00,,202207202301,4.181e-06,C4.1,GOES-16,1.070e-06,1.214e-02,,,,,-57.082367,-20.413784,-744.30334,-369.65558,GOES-16_XRS,1,9820,0,3062
2022-07-21 00:34:00,2022-07-21 00:25:00,,202207210025,4.256e-06,C4.2,GOES-16,4.036e-06,3.247e-03,,,,,-33.82602,-13.339217,-513.1684,-282.75455,GOES-16_XRS,2,,0,
2022-07-21 00:44:00,2022-07-21 00:38:00,2022-07-21 00:46:00,202207210038,4.263e-06,C4.2,GOES-16,4.207e-06,2.535e-03,2.781e-03,,,,-26.23523,-10.831828,-411.49185,-248.29953,GOES-16_XRS,3,9830,0,3057
2022-07-21 01:11:00,2022-07-21 01:02:00,2022-07-21 01:32:00,202207210102,5.660e-06,C5.6,GOES-16,3.534e-06,3.734e-03,9.493e-03,,,,6.6250443,16.456738,104.91683,190.99547,GOES-16_XRS,1,9840,0,3060
2022-07-21 06:15:00,2022-07-21 06:08:00,2022-07-21 06:22:00,202207210608,1.339e-06,C1.3,GOES-16,9.511e-07,7.521e-04,1.101e-03,,,,,,968.7462,-173.7416,GOES-16_XRS,1,9910,0,3056
2022-07-21 11:49:00,2022-07-21 11:16:00,2022-07-21 12:10:00,202207211116,3.165e-06,C3.1,GOES-16,8.293e-07,4.532e-03,7.268e-03,-25.0,9.0,SVI,42.36705,-3.1639085,637.3216,-111.86771,GOES-16_XRS,1,9930,0,3064
2022-07-21 12:56:00,2022-07-21 12:49:00,2022-07-21 13:04:00,202207211249,2.609e-06,C2.6,GOES-16,9.778e-07,1.374e-03,2.073e-03,,,,68.82751,-15.784297,848.3667,-284.3625,GOES-16_XRS,1,9940,0,3056
2022-07-21 15:22:00,2022-07-21 15:12:00,2022-07-21 15:33:00,202207211512,1.531e-06,C1.5,GOES-16,6.316e-07,9.285e-04,1.549e-03,-24.0,9.0,SVI,-19.648926,7.4969645,-316.08838,47.308506,GOES-16_XRS,1,9960,0,3064
2022-07-21 19:58:00,2022-07-21 19:49:00,2022-07-21 20:01:00,202207211949,1.385e-06,C1.3,GOES-16,6.903e-07,7.229e-04,7.727e-04,61.0,16.0,HOL,62.864788,20.721098,787.438,298.74066,GOES-16_XRS,1,10,0,3057
2022-07-21 20:54:00,2022-07-21 20:42:00,2022-07-21 21:02:00,202207212042,8.968e-07,B8.9,GOES-16,5.726e-07,7.645e-04,1.036e-03,,,,,,,,,1,20,0,3056
2022-07-21 22:23:00,2022-07-21 22:13:00,2022-07-21 22:29:00,202207212213,1.685e-06,C1.6,GOES-16,8.166e-07,9.973e-04,1.299e-03,-19.0,11.0,HOL,-17.350128,13.305405,-275.16232,141.45247,GOES-16_XRS,1,30,0,3064
2022-07-21 23:46:00,2022-07-21 23:39:00,2022-07-21 23:53:00,202207212339,6.145e-06,C6.1,GOES-16,6.670e-07,2.688e-03,3.753e-03,,,,80.858604,-17.275383,890.5347,-291.8353,GOES-16_XRS,1,40,0,3056
2022-07-22 01:00:00,2022-07-22 00:56:00,2022-07-22 01:03:00,202207220056,9.768e-07,B9.7,GOES-16,5.160e-07,3.486e-04,3.864e-04,63.0,18.0,LEA,,,,,,1,50,0,3057
2022-07-22 03:16:00,2022-07-22 03:07:00,2022-07-22 03:23:00,202207220307,1.586e-06,C1.5,GOES-16,8.534e-07,9.712e-04,1.344e-03,-18.0,11.0,LEA,-15.648804,13.962036,-248.21306,151.23912,GOES-16_XRS,1,90,0,3064
2022-07-22 04:20:00,2022-07-22 04:09:00,2022-07-22 04:28:00,202207220409,9.165e-07,B9.1,GOES-16,6.038e-07,7.236e-04,1.011e-03,,,,,,,,,1,100,0,3057
2022-07-22 08:01:00,2022-07-22 07:45:00,2022-07-22 08:18:00,202207220745,1.184e-06,C1.1,GOES-16,6.237e-07,1.101e-03,1.981e-03,,,,71.36774,7.0626645,889.1441,89.77858,GOES-16_XRS,1,120,0,3056
2022-07-22 11:51:00,2022-07-22 11:44:00,2022-07-22 11:57:00,202207221144,1.070e-06,C1.0,GOES-16,5.096e-07,5.303e-04,7.200e-04,,,,-13.383514,17.028456,-209.86328,199.8154,GOES-16_XRS,1,140,0,3064
2022-07-22 13:04:00,2022-07-22 12:57:00,,202207221257,8.971e-07,B8.9,GOES-16,5.476e-07,4.690e-04,,,,,,,,,,1,150,0,3064
2022-07-22 13:14:00,2022-07-22 13:08:00,2022-07-22 13:17:00,202207221308,9.149e-07,B9.1,GOES-16,7.546e-07,4.927e-04,5.379e-04,,,,,,,,,2,200,0,3056
2022-07-22 13:56:00,2022-07-22 13:48:00,2022-07-22 14:04:00,202207221348,9.174e-07,B9.1,GOES-16,5.101e-07,5.002e-04,7.721e-04,-7.0,-18.0,SVI,,,,,,1,160,0,3065
2022-07-22 14:54:00,2022-07-22 14:45:00,,202207221445,7.550e-07,B7.5,GOES-16,4.907e-07,4.966e-04,,,,,,,,,,1,170,0,3056
2022-07-22 15:16:00,2022-07-22 14:59:00,2022-07-22 15:20:00,202207221459,8.246e-07,B8.2,GOES-16,7.152e-07,9.661e-04,1.057e-03,,,,,,,,,2,210,0,3058
2022-07-22 21:35:00,2022-07-22 21:25:00,2022-07-22 21:41:00,202207222125,9.886e-07,B9.8,GOES-16,6.607e-07,7.113e-04,9.103e-04,,,,,,,,,1,260,0,3064
2022-07-23 05:32:00,2022-07-23 05:27:00,2022-07-23 05:36:00,202207230527,7.416e-07,B7.4,GOES-16,5.025e-07,3.350e-04,4.056e-04,-2.0,10.0,SVI,,,,,,1,320,0,3064
2022-07-23 08:11:00,2022-07-23 07:57:00,2022-07-23 08:16:00,202207230757,1.317e-06,C1.3,GOES-16,4.923e-07,9.637e-04,1.119e-03,79.0,15.0,LEA,77.209526,16.657413,883.04596,252.15776,GOES-16_XRS,1,340,0,3057
2022-07-23 09:24:00,2022-07-23 09:17:00,2022-07-23 09:29:00,202207230917,9.546e-07,B9.5,GOES-16,5.895e-07,4.976e-04,6.332e-04,,,,,,,,,1,360,0,3062
2022-07-23 09:46:00,2022-07-23 09:34:00,,202207230934,1.713e-06,C1.7,GOES-16,7.183e-07,1.140e-03,,0.0,11.0,SVI,59.502712,17.796326,776.4177,247.64961,GOES-16_XRS,1,370,0,3064
2022-07-23 10:02:00,2022-07-23 09:54:00,2022-07-23 10:05:00,202207230954,1.825e-06,C1.8,GOES-16,1.334e-06,1.104e-03,1.188e-03,,,,,,1055.9911,297.74808,GOES-16_XRS,2,380,0,3057
2022-07-23 10:47:00,2022-07-23 10:42:00,2022-07-23 10:54:00,202207231042,6.940e-07,B6.9,GOES-16,5.046e-07,3.235e-04,5.080e-04,,,,,,,,,1,400,0,3057
2022-07-23 14:10:00,2022-07-23 14:06:00,2022-07-23 14:15:00,202207231406,9.112e-07,B9.1,GOES-16,6.350e-07,3.755e-04,5.118e-04,,,,,,,,,1,420,0,3057
2022-07-23 14:47:00,2022-07-23 14:37:00,,202207231437,1.041e-06,C1.0,GOES-16,6.734e-07,7.323e-04,,,,,,,888.44476,412.55463,GOES-16_XRS,1,430,0,3057
2022-07-23 14:59:00,2022-07-23 14:55:00,2022-07-23 15:01:00,202207231455,9.821e-07,B9.8,GOES-16,9.141e-07,4.497e-04,5.005e-04,,,,,,,,,2,,0,
2022-07-23 15:11:00,2022-07-23 15:04:00,2022-07-23 15:18:00,202207231504,1.871e-06,C1.8,GOES-16,8.707e-07,9.742e-04,1.399e-03,3.0,10.0,SVI,-1.3661804,10.756654,-22.216703,93.59677,GOES-16_XRS,1,440,0,3064
2022-07-23 18:05:00,2022-07-23 17:47:00,2022-07-23 18:19:00,202207231747,1.984e-06,C1.9,GOES-16,4.031e-07,1.458e-03,2.474e-03,,,,84.241104,19.134941,888.0192,300.4745,GOES-16_XRS,1,460,0,3057
2022-07-23 19:43:00,2022-07-23 19:32:00,2022-07-23 19:53:00,202207231932,1.663e-06,C1.6,GOES-16,5.229e-07,8.936e-04,1.504e-03,5.0,12.0,HOL,12.3166275,10.46032,198.94922,90.327896,GOES-16_XRS,1,480,0,3064
2022-07-23 22:31:00,2022-07-23 22:18:00,,202207232218,2.365e-06,C2.3,GOES-16,7.084e-07,1.545e-03,,,,,,,939.94354,248.0116,GOES-16_XRS,1,,0,
2022-07-23 22:41:00,2022-07-23 22:35:00,2022-07-23 22:46:00,202207232235,3.623e-06,C3.6,GOES-16,2.151e-06,1.848e-03,2.333e-03,,,,,,905.4126,291.38705,GOES-16_XRS,2,520,0,3057
2022-07-24 02:51:00,2022-07-24 02:35:00,2022-07-24 02:59:00,202207240235,6.784e-07,B6.7,GOES-16,4.498e-07,7.212e-04,9.323e-04,,,,,,,,,1,540,0,3060
2022-07-24 06:51:00,2022-07-24 06:23:00,,202207240623,1.598e-06,C1.5,GOES-16,4.098e-07,1.889e-03,,,,,,,974.1856,-98.103004,GOES-16_XRS,1,,0,
2022-07-24 07:22:00,2022-07-24 06:54:00,,202207240654,2.617e-06,C2.6,GOES-16,1.585e-06,3.854e-03,,,,,,,982.9766,81.21402,GOES-16_XRS,2,,0,
2022-07-24 07:31:00,2022-07-24 07:26:00,2022-07-24 07:33:00,202207240726,2.620e-06,C2.6,GOES-16,2.585e-06,1.398e-03,1.548e-03,,,,,,971.0302,83.74841,GOES-16_XRS,3,590,0,3057
2022-07-24 10:24:00,2022-07-24 10:11:00,2022-07-24 10:34:00,202207241011,1.851e-06,C1.8,GOES-16,5.909e-07,1.301e-03,1.951e-03,41.0,13.0,SVI,44.49654,11.050932,651.6466,121.16467,GOES-16_XRS,1,610,0,3063
2022-07-24 15:02:00,2022-07-24 14:59:00,2022-07-24 15:04:00,202207241459,5.101e-07,B5.1,GOES-16,3.497e-07,1.780e-04,2.001e-04,,,,,,,,,1,660,0,3060
2022-07-24 19:04:00,2022-07-24 18:32:00,2022-07-24 19:35:00,202207241832,9.425e-07,B9.4,GOES-16,2.957e-07,1.509e-03,2.802e-03,,,,,,,,,1,700,0,3062
2022-07-25 07:12:00,2022-07-25 07:02:00,2022-07-25 07:20:00,202207250702,8.649e-07,B8.6,GOES-16,3.221e-07,5.286e-04,7.487e-04,,,,,,,,,1,730,0,3058
2022-07-25 08:33:00,2022-07-25 08:22:00,2022-07-25 08:38:00,202207250822,1.419e-06,C1.4,GOES-16,3.946e-07,6.988e-04,8.574e-04,,,,-72.360565,24.832676,-817.87585,371.73288,GOES-16_XRS,1,750,0,
2022-07-25 13:32:00,2022-07-25 13:15:00,2022-07-25 13:44:00,202207251315,9.280e-07,B9.2,GOES-16,3.246e-07,7.354e-04,1.163e-03,,,,,,,,,1,760,0,
2022-07-26 01:49:00,2022-07-26 01:38:00,2022-07-26 01:58:00,202207260138,3.942e-07,B3.9,GOES-16,2.220e-07,2.964e-04,4.325e-04,,,,,,,,,1,790,0,
2022-07-26 02:53:00,2022-07-26 02:48:00,2022-07-26 02:57:00,202207260248,4.011e-07,B4.0,GOES-16,2.292e-07,1.652e-04,2.005e-04,,,,,,,,,1,800,0,
2022-07-26 03:32:00,2022-07-26 03:26:00,,202207260326,3.204e-07,B3.2,GOES-16,2.013e-07,1.620e-04,,,,,,,,,,1,,0,
2022-07-26 03:47:00,2022-07-26 03:41:00,2022-07-26 03:50:00,202207260341,3.283e-07,B3.2,GOES-16,2.800e-07,1.805e-04,1.973e-04,,,,,,,,,2,810,0,
2022-07-26 05:58:00,2022-07-26 05:51:00,2022-07-26 06:01:00,202207260551,3.692e-07,B3.6,GOES-16,2.421e-07,1.896e-04,2.066e-04,-78.0,19.0,LEA,,,,,,1,820,0,
2022-07-26 10:06:00,2022-07-26 09:59:00,2022-07-26 10:10:00,202207260959,4.162e-07,B4.1,GOES-16,2.367e-07,2.075e-04,2.458e-04,,,,,,,,,1,830,0,3060
2022-07-26 15:35:00,2022-07-26 15:12:00,2022-07-26 15:46:00,202207261512,8.559e-06,C8.5,GOES-16,2.238e-07,4.956e-03,7.874e-03,,,,86.1778,10.2462015,927.6443,161.54724,GOES-16_XRS,1,850,0,3060
2022-07-26 22:11:00,2022-07-26 22:07:00,2022-07-26 22:15:00,202207262207,3.132e-07,B3.1,GOES-16,2.108e-07,1.269e-04,1.569e-04,,,,,,,,,1,860,0,
2022-07-26 22:31:00,2022-07-26 22:22:00,2022-07-26 22:35:00,202207262222,5.334e-07,B5.3,GOES-16,2.117e-07,2.842e-04,3.214e-04,,,,,,,,,1,870,0,
2022-07-27 00:31:00,2022-07-27 00:26:00,2022-07-27 00:34:00,202207270026,3.359e-07,B3.3,GOES-16,1.590e-07,1.290e-04,1.429e-04,,,,,,,,,1,880,0,
2022-07-27 02:23:00,2022-07-27 02:17:00,2022-07-27 02:33:00,202207270217,2.338e-07,B2.3,GOES-16,1.653e-07,1.216e-04,2.220e-04,,,,,,,,,1,890,0,
2022-07-27 09:24:00,2022-07-27 09:19:00,2022-07-27 09:28:00,202207270919,3.097e-07,B3.0,GOES-16,1.923e-07,1.457e-04,1.748e-04,,,,,,,,,1,900,0,
2022-07-27 10:34:00,2022-07-27 10:22:00,2022-07-27 10:43:00,202207271022,3.003e-07,B3.0,GOES-16,1.748e-07,2.361e-04,3.421e-04,,,,,,,,,1,910,0,
2022-07-27 10:56:00,2022-07-27 10:48:00,2022-07-27 11:02:00,202207271048,3.579e-06,C3.5,GOES-16,2.065e-07,1.242e-03,1.680e-03,,,,-78.81943,-14.9084015,-896.0498,-258.79926,GOES-16_XRS,1,920,0,
2022-07-27 12:02:00,2022-07-27 11:51:00,2022-07-27 12:08:00,202207271151,4.739e-07,B4.7,GOES-16,2.402e-07,3.265e-04,4.142e-04,,,,,,,,,1,930,0,
2022-07-27 16:50:00,2022-07-27 16:34:00,2022-07-27 17:00:00,202207271634,4.856e-07,B4.8,GOES-16,2.437e-07,4.497e-04,6.361e-04,,,,,,,,,1,960,0,
2022-07-28 06:08:00,2022-07-28 06:02:00,2022-07-28 06:13:00,202207280602,2.869e-07,B2.8,GOES-16,1.494e-07,1.330e-04,1.709e-04,,,,,,,,,1,980,0,
2022-07-29 03:13:00,2022-07-29 03:06:00,2022-07-29 03:16:00,202207290306,1.743e-07,B1.7,GOES-16,1.235e-07,9.808e-05,1.063e-04,-57.0,-16.0,LEA,,,,,,1,1010,0,3068
2022-07-29 04:33:00,2022-07-29 04:29:00,2022-07-29 04:37:00,202207290429,4.236e-06,C4.2,GOES-16,1.697e-07,9.820e-04,1.185e-03,-56.0,-16.0,SVI,-56.40448,-15.552722,-759.8232,-301.508,GOES-16_XRS,1,1020,0,3068
2022-07-29 06:13:00,2022-07-29 06:06:00,2022-07-29 06:17:00,202207290606,2.474e-07,B2.4,GOES-16,1.558e-07,1.274e-04,1.506e-04,,,,,,,,,1,1030,0,3068
2022-07-29 07:51:00,2022-07-29 07:40:00,2022-07-29 07:57:00,202207290740,2.782e-07,B2.7,GOES-16,1.861e-07,2.148e-04,2.699e-04,-53.0,-16.0,SVI,,,,,,1,1050,0,3068
2022-07-29 08:48:00,2022-07-29 08:34:00,2022-07-29 08:52:00,202207290834,4.650e-07,B4.6,GOES-16,1.681e-07,3.335e-04,3.699e-04,,,,,,,,,1,1060,0,3068
2022-07-29 10:35:00,2022-07-29 10:25:00,2022-07-29 10:38:00,202207291025,4.580e-07,B4.5,GOES-16,1.551e-07,2.118e-04,2.262e-04,-53.0,-16.0,SVI,,,,,,1,1070,0,3068
2022-07-29 12:22:00,2022-07-29 12:16:00,2022-07-29 12:25:00,202207291216,2.420e-07,B2.4,GOES-16,1.726e-07,1.201e-04,1.321e-04,-52.0,-17.0,SVI,,,,,,1,1090,0,3068
2022-07-29 13:14:00,2022-07-29 13:07:00,2022-07-29 13:17:00,202207291307,2.082e-07,B2.0,GOES-16,1.478e-07,1.125e-04,1.218e-04,,,,,,,,,1,1100,0,3068
2022-07-29 13:57:00,2022-07-29 13:52:00,2022-07-29 14:04:00,202207291352,2.354e-07,B2.3,GOES-16,1.464e-07,1.027e-04,1.598e-04,,,,,,,,,1,1120,0,3067
2022-07-29 16:10:00,2022-07-29 16:01:00,2022-07-29 16:14:00,202207291601,3.060e-07,B3.0,GOES-16,1.530e-07,1.628e-04,1.879e-04,-48.0,-16.0,SVI,,,,,,1,1130,0,3068
2022-07-29 19:47:00,2022-07-29 19:40:00,2022-07-29 19:52:00,202207291940,1.651e-07,B1.6,GOES-16,1.166e-07,9.050e-05,1.157e-04,,,,,,,,,1,1140,0,3068
2022-07-30 00:35:00,2022-07-30 00:29:00,2022-07-30 00:41:00,202207300029,3.030e-07,B3.0,GOES-16,1.220e-07,1.306e-04,1.812e-04,,,,,,,,,1,1150,0,
2022-07-30 05:31:00,2022-07-30 05:27:00,2022-07-30 05:34:00,202207300527,1.913e-07,B1.9,GOES-16,1.276e-07,7.613e-05,8.521e-05,,,,,,,,,1,1160,0,3068
2022-07-30 12:13:00,2022-07-30 12:02:00,2022-07-30 12:21:00,202207301202,2.626e-07,B2.6,GOES-16,1.613e-07,2.033e-04,2.818e-04,,,,,,,,,1,1170,0,3068
2022-07-30 13:54:00,2022-07-30 13:45:00,2022-07-30 14:04:00,202207301345,2.115e-07,B2.1,GOES-16,1.431e-07,1.381e-04,2.265e-04,,,,,,,,,1,1190,0,3068
2022-07-30 14:59:00,2022-07-30 14:52:00,2022-07-30 15:03:00,202207301452,2.954e-07,B2.9,GOES-16,1.408e-07,1.438e-04,1.692e-04,,,,,,,,,1,1200,0,3068
2022-07-30 17:24:00,2022-07-30 17:18:00,2022-07-30 17:29:00,202207301718,2.196e-07,B2.1,GOES-17,1.205e-07,1.081e-04,1.386e-04,,,,,,,,,1,1210,0,3062
2022-07-30 18:21:00,2022-07-30 18:14:00,2022-07-30 18:30:00,202207301814,1.696e-07,B1.6,GOES-16,1.203e-07,9.789e-05,1.595e-04,,,,,,,,,1,1220,0,3068
2022-07-30 21:54:00,2022-07-30 21:31:00,2022-07-30 22:25:00,202207302131,3.714e-07,B3.7,GOES-16,1.793e-07,4.758e-04,1.033e-03,,,,,,,,,1,1250,0,
2022-07-31 04:07:00,2022-07-31 04:00:00,2022-07-31 04:39:00,202207310400,1.991e-07,B1.9,GOES-16,1.469e-07,1.160e-04,4.360e-04,,,,,,,,,1,1280,0,
2022-07-31 04:19:00,2022-07-31 04:14:00,2022-07-31 04:21:00,202207310414,1.870e-07,B1.8,GOES-17,1.798e-07,9.885e-05,1.096e-04,,,,,,,,,2,,0,
2022-07-31 17:20:00,2022-07-31 17:13:00,2022-07-31 17:29:00,202207311713,4.441e-07,B4.4,GOES-16,1.580e-07,1.873e-04,3.186e-04,,,,,,,,,1,1290,0,3068
2022-07-31 23:09:00,2022-07-31 22:41:00,2022-07-31 23:43:00,202207312241,9.211e-06,C9.2,GOES-16,2.838e-07,8.446e-03,2.220e-02,,,,,,-920.0827,294.56198,GOES-16_XRS,1,1300,0,
2022-08-01 07:19:00,2022-08-01 07:08:00,2022-08-01 07:41:00,202208010708,4.166e-07,B4.1,GOES-16,2.260e-07,3.008e-04,7.139e-04,,,,,,,,,1,1310,0,3068
2022-08-01 11:02:00,2022-08-01 10:59:00,2022-08-01 11:06:00,202208011059,5.109e-07,B5.1,GOES-16,3.128e-07,1.828e-04,2.316e-04,-11.0,-16.0,SVI,,,,,,1,1320,0,3068
2022-08-01 11:20:00,2022-08-01 11:10:00,2022-08-01 11:30:00,202208011110,5.751e-07,B5.7,GOES-16,3.638e-07,4.058e-04,6.375e-04,,,,,,,,,1,1330,0,3068
2022-08-01 14:43:00,2022-08-01 14:33:00,2022-08-01 14:49:00,202208011433,9.743e-07,B9.7,GOES-16,3.545e-07,5.014e-04,6.600e-04,,,,,,,,,1,1370,0,3066
2022-08-01 16:09:00,2022-08-01 16:03:00,2022-08-01 16:15:00,202208011603,3.506e-07,B3.5,GOES-16,2.259e-07,1.790e-04,2.485e-04,,,,,,,,,1,1380,0,3066
2022-08-01 17:14:00,2022-08-01 17:03:00,2022-08-01 17:24:00,202208011703,6.068e-07,B6.0,GOES-16,2.342e-07,3.562e-04,5.784e-04,,,,,,,,,1,1390,0,3066
2022-08-01 20:55:00,2022-08-01 20:44:00,2022-08-01 21:06:00,202208012044,4.379e-07,B4.3,GOES-16,2.190e-07,3.081e-04,5.009e-04,,,,,,,,,1,1400,0,3066
2022-08-01 21:59:00,2022-08-01 21:42:00,2022-08-01 22:09:00,202208012142,4.764e-07,B4.7,GOES-16,2.313e-07,4.751e-04,6.582e-04,,,,,,,,,1,1410,0,3066
2022-08-01 22:21:00,2022-08-01 22:15:00,2022-08-01 22:31:00,202208012215,5.160e-07,B5.1,GOES-16,3.150e-07,2.724e-04,4.860e-04,,,,,,,,,1,1420,0,3066
2022-08-02 06:47:00,2022-08-02 06:36:00,2022-08-02 07:03:00,202208020636,7.304e-07,B7.3,GOES-16,4.268e-07,5.525e-04,1.071e-03,,,,,,,,,1,1440,0,
2022-08-02 07:47:00,2022-08-02 07:39:00,2022-08-02 07:54:00,202208020739,5.495e-07,B5.4,GOES-16,3.944e-07,3.522e-04,4.962e-04,,,,,,,,,1,1450,0,
2022-08-02 08:31:00,2022-08-02 08:25:00,2022-08-02 08:35:00,202208020825,7.158e-07,B7.1,GOES-16,3.542e-07,3.296e-04,3.894e-04,-4.0,-16.0,LEA,,,,,,1,1460,0,3068
2022-08-02 10:00:00,2022-08-02 09:54:00,2022-08-02 10:10:00,202208020954,9.564e-07,B9.5,GOES-16,3.896e-07,4.625e-04,8.181e-04,,,,,,,,,1,1470,0,3068
2022-08-02 14:42:00,2022-08-02 14:30:00,,202208021430,8.465e-07,B8.4,GOES-16,4.621e-07,6.361e-04,,8.0,-16.0,SVI,,,,,,1,1490,0,3068
2022-08-02 14:58:00,2022-08-02 14:54:00,2022-08-02 15:01:00,202208021454,7.730e-07,B7.7,GOES-16,6.662e-07,3.474e-04,3.882e-04,,,,,,,,,2,1560,0,3068
2022-08-02 15:33:00,2022-08-02 15:15:00,2022-08-02 15:40:00,202208021515,4.199e-06,C4.1,GOES-16,5.383e-07,2.306e-03,3.088e-03,,,,79.573746,-17.019197,889.44916,-292.1442,GOES-16_XRS,1,1500,0,3066
2022-08-02 17:20:00,2022-08-02 17:11:00,2022-08-02 17:36:00,202208021711,1.794e-06,C1.7,GOES-16,3.557e-07,8.114e-04,1.858e-03,,,,,,915.4959,-289.69885,GOES-16_XRS,1,1510,0,3066
2022-08-02 21:21:00,2022-08-02 21:09:00,,202208022109,4.739e-07,B4.7,GOES-16,3.280e-07,4.067e-04,,,,,,,,,,1,1580,0,3066
2022-08-02 21:32:00,2022-08-02 21:23:00,2022-08-02 21:37:00,202208022123,5.533e-07,B5.5,GOES-16,4.695e-07,4.042e-04,4.942e-04,,,,,,,,,2,1530,0,3066
2022-08-03 01:33:00,2022-08-03 01:20:00,2022-08-03 01:46:00,202208030120,8.753e-07,B8.7,GOES-16,4.326e-07,7.086e-04,1.198e-03,,,,,,,,,1,1590,0,
2022-08-03 02:47:00,2022-08-03 02:39:00,2022-08-03 02:51:00,202208030239,1.335e-06,C1.3,GOES-16,2.795e-07,4.750e-04,5.567e-04,,,,15.337747,-13.006535,244.63397,-304.4212,GOES-16_XRS,1,1600,0,3068
2022-08-03 04:44:00,2022-08-03 04:34:00,2022-08-03 04:48:00,202208030434,7.905e-07,B7.9,GOES-16,2.506e-07,3.740e-04,4.258e-04,,,,,,,,,1,1620,0,3068
2022-08-03 09:24:00,2022-08-03 08:53:00,2022-08-03 09:52:00,202208030853,8.246e-07,B8.2,GOES-16,3.938e-07,1.383e-03,2.507e-03,,,,,,,,,1,1650,0,
2022-08-03 17:08:00,2022-08-03 16:54:00,2022-08-03 17:12:00,202208031654,6.926e-06,C6.9,GOES-16,3.021e-07,3.482e-03,3.842e-03,22.0,-12.0,HOL,23.108835,-12.945057,363.03656,-299.76657,GOES-16_XRS,1,1680,0,3068
2022-08-03 17:58:00,2022-08-03 17:50:00,2022-08-03 18:05:00,202208031750,6.432e-07,B6.4,GOES-16,3.548e-07,3.512e-04,5.041e-04,,,,,,,,,1,1700,0,3068
2022-08-04 07:07:00,2022-08-04 07:00:00,2022-08-04 07:11:00,202208040700,3.972e-07,B3.9,GOES-16,2.937e-07,2.271e-04,2.659e-04,,,,,,,,,1,1790,0,3068
2022-08-04 11:50:00,2022-08-04 11:44:00,2022-08-04 11:54:00,202208041144,5.732e-07,B5.7,GOES-16,3.825e-07,2.840e-04,3.393e-04,,,,,,,,,1,1800,0,3068
2022-08-04 14:51:00,2022-08-04 14:44:00,2022-08-04 14:59:00,202208041444,7.320e-07,B7.3,GOES-16,4.512e-07,4.022e-04,6.230e-04,,,,,,,,,1,1830,0,
2022-08-05 00:50:00,2022-08-05 00:43:00,2022-08-05 01:03:00,202208050043,1.138e-06,C1.1,GOES-16,7.352e-07,6.151e-04,1.273e-03,31.0,-31.0,LEA,38.061096,-15.002851,564.9226,-320.2214,GOES-16_XRS,1,1900,0,3068
2022-08-05 06:07:00,2022-08-05 05:56:00,2022-08-05 06:10:00,202208050556,5.538e-06,C5.5,GOES-16,5.312e-07,1.912e-03,2.048e-03,33.0,-34.0,LEA,29.72613,-33.65885,391.43152,-595.10474,GOES-16_XRS,1,1970,0,3073
2022-08-05 06:44:00,2022-08-05 06:27:00,2022-08-05 06:50:00,202208050627,4.974e-06,C4.9,GOES-16,1.006e-06,3.251e-03,3.970e-03,41.0,-13.0,LEA,49.03695,-14.363352,693.61145,-297.50494,GOES-16_XRS,1,1990,0,3068
2022-08-05 10:00:00,2022-08-05 09:50:00,2022-08-05 10:04:00,202208050950,1.018e-06,C1.0,GOES-16,4.477e-07,5.556e-04,6.388e-04,,,,55.12941,-7.2735853,771.4799,-176.21733,GOES-16_XRS,1,2030,0,3068
2022-08-05 10:49:00,2022-08-05 10:45:00,2022-08-05 10:51:00,202208051045,7.811e-07,B7.8,GOES-16,4.858e-07,2.888e-04,3.184e-04,,,,,,,,,1,2040,0,
2022-08-05 14:22:00,2022-08-05 14:15:00,2022-08-05 14:28:00,202208051415,7.341e-07,B7.3,GOES-16,4.686e-07,3.923e-04,5.386e-04,,,,,,,,,1,2080,0,3068
2022-08-05 19:50:00,2022-08-05 19:42:00,2022-08-05 19:53:00,202208051942,6.865e-07,B6.8,GOES-16,4.799e-07,4.086e-04,4.391e-04,,,,,,,,,1,2120,0,3068
2022-08-05 23:49:00,2022-08-05 23:38:00,2022-08-06 00:04:00,202208052338,6.614e-07,B6.6,GOES-16,4.267e-07,5.032e-04,9.546e-04,,,,,,,,,1,2140,0,
2022-08-06 01:06:00,2022-08-06 00:56:00,2022-08-06 01:11:00,202208060056,8.116e-07,B8.1,GOES-16,4.809e-07,5.328e-04,6.466e-04,42.0,-23.0,LEA,,,,,,1,2180,0,3072
2022-08-06 04:41:00,2022-08-06 04:35:00,2022-08-06 04:45:00,202208060435,7.665e-07,B7.6,GOES-16,4.935e-07,3.689e-04,4.429e-04,,,,,,,,,1,2240,0,3072
2022-08-06 06:58:00,2022-08-06 06:45:00,2022-08-06 07:04:00,202208060645,8.585e-07,B8.5,GOES-16,4.387e-07,6.961e-04,8.507e-04,,,,,,,,,1,2250,0,3072
2022-08-06 13:48:00,2022-08-06 13:42:00,2022-08-06 13:51:00,202208061342,7.348e-07,B7.3,GOES-16,5.038e-07,3.669e-04,4.010e-04,,,,,,,,,1,2280,0,3068
2022-08-06 23:08:00,2022-08-06 22:53:00,2022-08-06 23:20:00,202208062253,9.462e-07,B9.4,GOES-16,5.330e-07,8.616e-04,1.347e-03,,,,,,,,,1,2300,0,3068
2022-08-07 12:17:00,2022-08-07 12:10:00,2022-08-07 12:21:00,202208071210,9.074e-07,B9.0,GOES-16,5.905e-07,4.763e-04,5.638e-04,,,,,,,,,1,2350,0,3075
2022-08-07 21:29:00,2022-08-07 21:22:00,2022-08-07 21:33:00,202208072122,7.520e-07,B7.5,GOES-16,4.973e-07,3.933e-04,4.661e-04,,,,,,,,,1,2410,0,
2022-08-07 22:35:00,2022-08-07 22:30:00,2022-08-07 22:39:00,202208072230,1.182e-06,C1.1,GOES-16,5.092e-07,4.456e-04,5.421e-04,,,,62.292267,-29.85315,727.4796,-510.30902,GOES-16_XRS,1,2420,0,3072
2022-08-07 23:06:00,2022-08-07 22:53:00,2022-08-07 23:14:00,202208072253,1.614e-06,C1.6,GOES-16,7.081e-07,1.180e-03,1.626e-03,,,,79.68171,-16.672894,892.06525,-287.59845,GOES-16_XRS,1,2430,0,3068
2022-08-08 04:05:00,2022-08-08 03:59:00,2022-08-08 04:11:00,202208080359,7.623e-07,B7.6,GOES-17,5.643e-07,4.134e-04,5.746e-04,,,,,,,,,1,,0,
2022-08-08 08:33:00,2022-08-08 08:25:00,2022-08-08 08:40:00,202208080825,7.333e-07,B7.3,GOES-18,5.050e-07,4.607e-04,6.484e-04,,,,,,,,,1,,0,
2022-08-08 13:59:00,2022-08-08 13:52:00,2022-08-08 14:03:00,202208081352,8.102e-07,B8.1,GOES-16,4.640e-07,4.097e-04,4.824e-04,-40.0,-15.0,HOL,,,,,,1,2500,0,3074
2022-08-08 22:00:00,2022-08-08 21:53:00,2022-08-08 22:04:00,202208082153,6.992e-07,B6.9,GOES-16,4.062e-07,3.591e-04,4.214e-04,,,,,,,,,1,2530,0,3074
2022-08-09 15:22:00,2022-08-09 15:19:00,2022-08-09 15:25:00,202208091519,6.342e-07,B6.3,GOES-16,4.243e-07,2.243e-04,2.544e-04,,,,,,,,,1,2560,0,3072
2022-08-09 21:49:00,2022-08-09 21:39:00,2022-08-09 21:55:00,202208092139,5.263e-07,B5.2,GOES-16,3.382e-07,3.828e-04,4.882e-04,,,,,,,,,1,2570,0,3072
2022-08-09 23:24:00,2022-08-09 23:14:00,2022-08-09 23:32:00,202208092314,6.573e-07,B6.5,GOES-16,3.411e-07,4.120e-04,5.967e-04,,,,,,,,,1,2580,0,3072
2022-08-10 01:02:00,2022-08-10 00:52:00,,202208100052,9.324e-07,B9.3,GOES-16,3.969e-07,5.703e-04,,,,,,,,,,1,2610,0,3076
2022-08-10 01:15:00,2022-08-10 01:11:00,2022-08-10 01:19:00,202208100111,8.342e-07,B8.3,GOES-16,7.205e-07,3.793e-04,4.707e-04,,,,,,,,,2,2590,0,3073
2022-08-10 05:38:00,2022-08-10 05:27:00,2022-08-10 05:43:00,202208100527,6.475e-07,B6.4,GOES-16,3.190e-07,4.306e-04,5.140e-04,,,,,,,,,1,2600,0,3072
2022-08-11 00:50:00,2022-08-11 00:35:00,2022-08-11 01:13:00,202208110035,6.557e-07,B6.5,GOES-16,4.374e-07,6.708e-04,1.405e-03,,,,,,,,,1,2630,0,
2022-08-11 06:17:00,2022-08-11 06:00:00,,202208110600,1.140e-06,C1.1,GOES-16,3.021e-07,8.759e-04,,30.0,-17.0,LEA,24.575583,-12.89674,385.19458,-305.08032,GOES-16_XRS,1,2640,0,3077
2022-08-11 06:51:00,2022-08-11 06:29:00,2022-08-11 07:13:00,202208110629,1.290e-06,C1.2,GOES-18,1.116e-06,1.881e-03,3.378e-03,,,,20.136574,-15.947522,314.52698,-355.53296,GOES-18_XRS,2,,0,
2022-08-11 06:57:00,2022-08-11 06:30:00,2022-08-11 07:18:00,202208110630,1.244e-06,C1.2,GOES-16,1.012e-06,2.141e-03,3.487e-03,,,,25.096764,-12.060917,394.11365,-291.56424,GOES-16_XRS,2,2660,0,3077
2022-08-11 10:51:00,2022-08-11 10:45:00,2022-08-11 11:09:00,202208111045,3.478e-07,B3.4,GOES-18,2.107e-07,1.770e-04,4.600e-04,,,,,,,,,1,,0,
2022-08-11 16:13:00,2022-08-11 16:09:00,,202208111609,5.079e-07,B5.0,GOES-16,3.221e-07,2.105e-04,,,,,,,,,,1,2690,0,
2022-08-11 16:24:00,2022-08-11 16:15:00,2022-08-11 16:27:00,202208111615,1.121e-06,C1.1,GOES-16,4.810e-07,5.933e-04,6.334e-04,,,,-16.801178,18.418653,-260.6914,201.378,GOES-16_XRS,2,2670,0,3076
2022-08-12 00:30:00,2022-08-12 00:18:00,2022-08-12 00:37:00,202208120018,7.078e-07,B7.0,GOES-16,3.318e-07,4.902e-04,6.540e-04,11.0,-12.0,LEA,,,,,,1,2710,0,3074
2022-08-12 04:58:00,2022-08-12 04:52:00,,202208120452,1.137e-06,C1.1,GOES-16,3.481e-07,4.913e-04,,-12.0,14.0,LEA,-20.198425,12.51122,-320.43896,106.270645,GOES-16_XRS,1,2720,0,3076
2022-08-12 05:10:00,2022-08-12 05:05:00,2022-08-12 05:14:00,202208120505,1.168e-06,C1.1,GOES-16,9.029e-07,5.698e-04,6.888e-04,,,,-12.412445,16.983246,-195.45268,175.65065,GOES-16_XRS,2,2740,0,3076
2022-08-12 08:16:00,2022-08-12 08:11:00,2022-08-12 08:20:00,202208120811,9.875e-07,B9.8,GOES-16,3.646e-07,3.961e-04,4.707e-04,42.0,-16.0,LEA,,,,,,1,2760,0,3077
2022-08-12 10:20:00,2022-08-12 10:06:00,2022-08-12 10:27:00,202208121006,2.197e-06,C2.1,GOES-16,3.401e-07,1.255e-03,1.671e-03,,,,44.249043,-17.386276,632.2155,-355.29718,GOES-16_XRS,1,2770,0,3077
2022-08-12 12:36:00,2022-08-12 12:26:00,,202208121226,6.884e-07,B6.8,GOES-16,3.465e-07,4.395e-04,,,,,,,,,,1,2790,0,3078
2022-08-12 12:54:00,2022-08-12 12:47:00,2022-08-12 12:58:00,202208121247,6.275e-07,B6.2,GOES-16,5.806e-07,3.966e-04,4.678e-04,,,,,,,,,2,,0,
2022-08-12 16:32:00,2022-08-12 16:21:00,2022-08-12 16:44:00,202208121621,1.238e-06,C1.2,GOES-16,3.457e-07,8.457e-04,1.359e-03,7.0,-9.0,HOL,11.831039,-13.042917,189.88406,-315.93152,GOES-16_XRS,1,2810,0,3079
2022-08-12 18:16:00,2022-08-12 18:03:00,2022-08-12 18:26:00,202208121803,9.516e-07,B9.5,GOES-16,4.317e-07,7.136e-04,1.076e-03,7.0,-9.0,HOL,,,,,,1,2820,0,3079
2022-08-12 19:17:00,2022-08-12 19:11:00,2022-08-12 19:35:00,202208121911,6.326e-07,B6.3,GOES-16,4.458e-07,3.361e-04,9.016e-04,7.0,-10.0,HOL,,,,,,1,2830,0,3079
2022-08-12 23:21:00,2022-08-12 23:11:00,,202208122311,1.238e-06,C1.2,GOES-16,6.711e-07,8.963e-04,,,,,13.104335,-11.698095,211.07677,-294.5513,GOES-16_XRS,1,2880,0,3076
2022-08-12 23:34:00,2022-08-12 23:29:00,2022-08-12 23:39:00,202208122329,1.417e-06,C1.4,GOES-16,1.123e-06,7.079e-04,9.271e-04,,,,9.350201,-7.2223263,153.2619,-224.54713,GOES-16_XRS,2,2920,0,3079
2022-08-13 00:43:00,2022-08-13 00:36:00,2022-08-13 00:47:00,202208130036,1.232e-06,C1.2,GOES-16,5.904e-07,5.838e-04,6.877e-04,14.0,-12.0,HOL,15.134608,-9.649875,244.71571,-261.19797,GOES-16_XRS,1,2940,0,3079
2022-08-13 01:06:00,2022-08-13 00:58:00,2022-08-13 01:11:00,202208130058,9.590e-07,B9.5,GOES-16,6.662e-07,5.747e-04,7.204e-04,,,,,,,,,1,2950,0,3079
2022-08-13 01:28:00,2022-08-13 01:19:00,,202208130119,1.190e-06,C1.1,GOES-16,6.795e-07,7.454e-04,,,,,6.5578513,-6.8475585,107.8272,-219.30174,GOES-16_XRS,1,2960,0,3079
2022-08-13 01:37:00,2022-08-13 01:32:00,2022-08-13 01:41:00,202208130132,1.601e-06,C1.6,GOES-16,1.016e-06,7.264e-04,8.754e-04,,,,8.54825,-12.318256,138.07422,-305.98883,GOES-16_XRS,2,2970,0,3079
2022-08-13 03:01:00,2022-08-13 02:34:00,,202208130234,2.068e-06,C2.0,GOES-16,9.509e-07,3.023e-03,,,,,28.136515,-16.727964,429.14285,-363.0285,GOES-16_XRS,1,2980,0,3079
2022-08-13 03:17:00,2022-08-13 03:12:00,2022-08-13 03:20:00,202208130312,1.678e-06,C1.6,GOES-16,1.502e-06,8.684e-04,9.580e-04,,,,32.652374,-19.735718,482.448,-404.3723,GOES-16_XRS,2,,0,
2022-08-13 04:26:00,2022-08-13 04:21:00,2022-08-13 04:28:00,202208130421,1.255e-06,C1.2,GOES-16,8.089e-07,5.270e-04,5.775e-04,,,,14.908422,-12.737528,238.5731,-310.25357,GOES-16_XRS,1,2990,0,3079
2022-08-13 05:11:00,2022-08-13 04:48:00,2022-08-13 05:27:00,202208130448,3.286e-06,C3.2,GOES-16,6.347e-07,3.092e-03,5.186e-03,,,,14.823905,-10.029054,239.5376,-267.54724,GOES-16_XRS,1,3000,0,3079
2022-08-13 07:31:00,2022-08-13 07:14:00,2022-08-13 07:47:00,202208130714,6.912e-06,C6.9,GOES-16,5.413e-07,4.135e-03,8.235e-03,,,,16.324898,-11.123771,262.21558,-284.2399,GOES-16_XRS,1,3010,0,3079
2022-08-13 08:37:00,2022-08-13 08:25:00,2022-08-13 08:42:00,202208130825,2.860e-06,C2.8,GOES-16,1.194e-06,1.924e-03,2.282e-03,,,,16.670015,-10.219437,268.40613,-269.75333,GOES-16_XRS,1,3020,0,3079
2022-08-13 10:18:00,2022-08-13 10:08:00,2022-08-13 10:23:00,202208131008,1.480e-06,C1.4,GOES-16,4.679e-07,7.150e-04,8.851e-04,,,,19.81472,-11.779004,315.46777,-292.65338,GOES-16_XRS,1,3030,0,3079
2022-08-13 10:44:00,2022-08-13 10:36:00,,202208131036,9.537e-07,B9.5,GOES-16,5.982e-07,5.935e-04,,,,,,,,,,1,3040,0,3079
2022-08-13 10:53:00,2022-08-13 10:48:00,2022-08-13 10:55:00,202208131048,9.504e-07,B9.5,GOES-16,9.118e-07,5.028e-04,5.569e-04,,,,,,,,,2,,0,
2022-08-13 13:00:00,2022-08-13 12:30:00,2022-08-13 13:08:00,202208131230,6.750e-06,C6.7,GOES-16,6.717e-07,5.754e-03,7.284e-03,,,,20.003283,-11.523684,318.6466,-288.59683,GOES-16_XRS,1,3050,0,3079
2022-08-13 13:38:00,2022-08-13 13:33:00,2022-08-13 13:41:00,202208131333,1.498e-06,C1.4,GOES-16,1.040e-06,6.831e-04,7.524e-04,,,,13.282649,-4.40533,217.84224,-177.92656,GOES-16_XRS,1,3060,0,3079
2022-08-13 15:02:00,2022-08-13 14:59:00,2022-08-13 15:05:00,202208131459,1.304e-06,C1.3,GOES-16,8.295e-07,4.485e-04,5.095e-04,20.0,-12.0,HOL,28.523878,-16.22767,435.71915,-355.40747,GOES-16_XRS,1,3070,0,3079
2022-08-13 15:15:00,2022-08-13 15:12:00,2022-08-13 15:18:00,202208131512,1.476e-06,C1.4,GOES-16,1.004e-06,5.400e-04,6.077e-04,,,,25.312445,-6.217947,404.05972,-199.88402,GOES-16_XRS,1,3080,0,3079
2022-08-13 18:19:00,2022-08-13 18:12:00,2022-08-13 18:21:00,202208131812,2.145e-06,C2.1,GOES-16,7.637e-07,8.053e-04,8.591e-04,22.0,-13.0,HOL,18.840157,-11.593794,300.7575,-290.61212,GOES-16_XRS,1,3100,0,3079
2022-08-13 20:25:00,2022-08-13 20:16:00,2022-08-13 20:29:00,202208132016,1.113e-06,C1.1,GOES-16,6.393e-07,6.601e-04,7.556e-04,22.0,-12.0,HOL,8.811678,-8.749947,143.9849,-250.00282,GOES-16_XRS,1,3120,0,3079
2022-08-13 21:45:00,2022-08-13 21:37:00,2022-08-13 21:48:00,202208132137,8.887e-07,B8.8,GOES-16,5.686e-07,5.134e-04,5.552e-04,,,,,,,,,1,3130,0,3079
2022-08-13 22:28:00,2022-08-13 22:20:00,2022-08-13 22:32:00,202208132220,8.316e-07,B8.3,GOES-16,6.031e-07,5.267e-04,6.097e-04,,,,,,,,,1,3140,0,3079
2022-08-13 22:55:00,2022-08-13 22:43:00,,202208132243,1.255e-06,C1.2,GOES-16,6.804e-07,9.731e-04,,,,,-45.001587,17.332405,-641.2143,207.70471,GOES-16_XRS,1,3170,0,3078
2022-08-13 23:07:00,2022-08-13 22:59:00,2022-08-13 23:14:00,202208132259,4.497e-06,C4.4,GOES-16,1.218e-06,2.248e-03,3.146e-03,,,,-43.392365,12.7105875,-636.66895,130.52814,GOES-16_XRS,2,3150,0,3079
2022-08-14 03:40:00,2022-08-14 03:20:00,2022-08-14 04:14:00,202208140320,1.135e-06,C1.1,GOES-16,5.259e-07,1.226e-03,3.034e-03,-18.0,-26.0,LEA,-19.47052,-10.400003,-311.7204,-271.63736,GOES-16_XRS,1,3180,0,3078
2022-08-14 04:47:00,2022-08-14 04:43:00,2022-08-14 04:49:00,202208140443,1.050e-06,C1.0,GOES-16,6.938e-07,4.087e-04,4.542e-04,,,,-48.33026,7.3351574,-703.6906,48.603676,GOES-16_XRS,1,3190,0,3081
2022-08-14 06:29:00,2022-08-14 06:17:00,,202208140617,1.021e-06,C1.0,GOES-16,5.833e-07,8.139e-04,,-18.0,-26.0,LEA,-15.934296,-24.60061,-237.25587,-488.4606,GOES-16_XRS,1,3200,0,3078
2022-08-14 06:39:00,2022-08-14 06:35:00,2022-08-14 06:41:00,202208140635,1.211e-06,C1.2,GOES-16,9.137e-07,4.965e-04,5.496e-04,,,,-36.826874,-3.7149909,-568.4313,-148.31708,GOES-16_XRS,2,,0,
2022-08-14 08:31:00,2022-08-14 08:20:00,2022-08-14 08:35:00,202208140820,1.224e-06,C1.2,GOES-16,5.536e-07,7.859e-04,8.863e-04,,,,27.707462,-8.586927,437.05075,-236.59785,GOES-16_XRS,1,3210,0,3079
2022-08-14 11:31:00,2022-08-14 11:25:00,,202208141125,5.934e-07,B5.9,GOES-16,3.875e-07,2.908e-04,,,,,,,,,,1,,0,
2022-08-14 11:41:00,2022-08-14 11:33:00,,202208141133,8.821e-07,B8.8,GOES-16,5.576e-07,5.326e-04,,,,,,,,,,2,,0,
2022-08-14 12:35:00,2022-08-14 11:51:00,2022-08-14 13:35:00,202208141151,2.413e-06,C2.4,GOES-16,8.225e-07,4.916e-03,1.202e-02,,,,22.468967,23.344591,333.64053,281.48117,GOES-16_XRS,3,3220,0,3076
2022-08-14 14:00:00,2022-08-14 13:55:00,2022-08-14 14:03:00,202208141355,5.331e-06,C5.3,GOES-16,1.237e-06,1.492e-03,1.655e-03,33.0,-11.0,HOL,31.8201,-11.696665,490.72644,-282.41177,GOES-16_XRS,1,3250,0,3079
2022-08-14 14:57:00,2022-08-14 14:50:00,2022-08-14 15:00:00,202208141450,1.292e-06,C1.2,GOES-16,9.307e-07,7.288e-04,7.906e-04,-38.0,12.0,HOL,-31.426544,10.165563,-487.91296,74.76071,GOES-16_XRS,1,3270,0,3081
2022-08-14 18:10:00,2022-08-14 18:03:00,2022-08-14 18:12:00,202208141803,1.204e-06,C1.2,GOES-16,4.600e-07,4.536e-04,4.907e-04,-11.0,-24.0,HOL,-12.447449,-23.447979,-187.9897,-473.89798,GOES-16_XRS,1,3290,0,3078
2022-08-14 21:54:00,2022-08-14 21:38:00,2022-08-14 22:24:00,202208142138,1.382e-06,C1.3,GOES-16,6.630e-07,1.299e-03,3.299e-03,42.0,-12.0,HOL,45.825638,-11.566106,667.4287,-263.98,GOES-16_XRS,1,3370,0,3079
2022-08-15 05:07:00,2022-08-15 04:25:00,,202208150425,3.532e-06,C3.5,GOES-16,5.929e-07,6.591e-03,,-4.0,-23.0,LEA,44.156956,-23.01412,608.9414,-441.31488,GOES-16_XRS,1,3390,0,3078
2022-08-15 05:22:00,2022-08-15 05:19:00,2022-08-15 05:25:00,202208150519,3.411e-06,C3.4,GOES-16,3.323e-06,1.412e-03,1.610e-03,,,,40.66188,-23.37782,568.12286,-450.84705,GOES-16_XRS,2,,0,
2022-08-15 08:11:00,2022-08-15 08:05:00,2022-08-15 08:24:00,202208150805,1.946e-06,C1.9,GOES-16,1.041e-06,9.225e-04,1.965e-03,-2.0,-22.0,LEA,-4.441437,-18.93219,-69.66173,-410.2671,GOES-16_XRS,1,3430,0,3078
2022-08-15 09:08:00,2022-08-15 09:00:00,,202208150900,1.502e-06,C1.5,GOES-16,9.814e-07,9.136e-04,,-20.0,14.0,LEA,6.0262027,1.776663,99.83462,-80.17289,GOES-16_XRS,1,3450,0,3081
2022-08-15 09:31:00,2022-08-15 09:20:00,2022-08-15 09:34:00,202208150920,1.666e-06,C1.6,GOES-16,1.376e-06,1.418e-03,1.506e-03,,,,21.924965,-9.954779,349.73615,-263.8816,GOES-16_XRS,2,,0,
2022-08-15 09:43:00,2022-08-15 09:36:00,2022-08-15 09:47:00,202208150936,2.703e-06,C2.7,GOES-16,1.471e-06,1.422e-03,1.660e-03,,,,-0.17544556,-23.932127,-2.6613772,-483.7431,GOES-16_XRS,1,3460,0,3078
2022-08-15 11:10:00,2022-08-15 10:57:00,2022-08-15 11:18:00,202208151057,3.161e-06,C3.1,GOES-16,9.044e-07,1.937e-03,2.718e-03,,,,1.793052,-21.089787,27.762125,-442.6019,GOES-16_XRS,1,3490,0,3078
2022-08-15 12:00:00,2022-08-15 11:51:00,,202208151151,2.399e-06,C2.3,GOES-16,1.203e-06,1.451e-03,,,,,44.413517,-9.590188,655.5974,-234.74242,GOES-16_XRS,1,3550,0,3079
2022-08-15 12:12:00,2022-08-15 12:03:00,2022-08-15 12:17:00,202208151203,2.806e-06,C2.8,GOES-16,2.264e-06,1.974e-03,2.420e-03,,,,43.10372,-10.669852,638.01184,-253.71463,GOES-16_XRS,2,3510,0,3079
2022-08-15 12:49:00,2022-08-15 12:29:00,2022-08-15 12:57:00,202208151229,3.543e-06,C3.5,GOES-16,1.800e-06,4.088e-03,5.116e-03,,,,47.665703,-10.591503,690.2168,-246.28676,GOES-16_XRS,1,3520,0,3079
2022-08-15 13:59:00,2022-08-15 13:54:00,2022-08-15 14:06:00,202208151354,1.727e-06,C1.7,GOES-16,1.132e-06,7.981e-04,1.240e-03,,,,-0.50704956,-17.262417,-8.037795,-385.62646,GOES-16_XRS,1,3540,0,3078
2022-08-15 14:36:00,2022-08-15 14:27:00,2022-08-15 14:41:00,202208151427,1.018e-05,M1.0,GOES-16,9.339e-07,3.565e-03,4.553e-03,,,,-0.79711914,-22.077913,-12.259633,-457.18668,GOES-16_XRS,1,3570,0,
2022-08-15 16:09:00,2022-08-15 15:55:00,2022-08-15 16:17:00,202208151555,2.533e-06,C2.5,GOES-16,1.385e-06,2.139e-03,2.865e-03,,,,62.642063,-8.062586,834.5505,-182.29788,GOES-16_XRS,1,3580,0,
2022-08-15 16:49:00,2022-08-15 16:40:00,2022-08-15 17:03:00,202208151640,7.056e-06,C7.0,GOES-16,1.373e-06,2.823e-03,1.129e-02,,,,1.6847156,-21.933744,25.934465,-455.1268,GOES-16_XRS,1,,0,
2022-08-15 17:35:00,2022-08-15 17:27:00,2022-08-15 17:41:00,202208151727,9.983e-06,C9.9,GOES-16,1.560e-06,3.952e-03,5.409e-03,49.0,-10.0,HOL,46.808937,-11.509033,678.6565,-262.19135,GOES-16_XRS,1,3630,0,3079
2022-08-15 19:51:00,2022-08-15 19:36:00,2022-08-15 19:56:00,202208151936,3.959e-06,C3.9,GOES-16,7.007e-07,2.382e-03,2.766e-03,,,,3.074289,-21.418661,47.48076,-447.6041,GOES-16_XRS,1,3650,0,
2022-08-15 20:26:00,2022-08-15 20:20:00,2022-08-15 20:33:00,202208152020,2.410e-06,C2.4,GOES-16,8.147e-07,1.091e-03,1.596e-03,49.0,-10.0,HOL,52.244244,-10.65449,737.89355,-240.7675,GOES-16_XRS,1,3660,0,3079
2022-08-15 21:53:00,2022-08-15 21:46:00,2022-08-15 21:57:00,202208152146,1.198e-05,M1.1,GOES-17,6.707e-07,3.458e-03,3.946e-03,3.0,-22.0,HOL,3.7865927,-20.553827,58.809494,-434.89038,GOES-17_XRS,1,3690,0,3078
2022-08-15 22:50:00,2022-08-15 22:42:00,,202208152242,1.196e-06,C1.1,GOES-16,6.816e-07,6.799e-04,,,,,0.9805793,-23.0474,14.975468,-471.47177,GOES-16_XRS,1,3700,0,3078
2022-08-15 23:19:00,2022-08-15 22:58:00,2022-08-15 23:38:00,202208152258,1.741e-06,C1.7,GOES-16,9.720e-07,1.990e-03,3.508e-03,,,,49.645264,-9.926014,713.0031,-233.05142,GOES-16_XRS,2,,0,
2022-08-16 00:13:00,2022-08-16 00:04:00,2022-08-16 00:20:00,202208160004,8.499e-06,C8.4,GOES-16,1.211e-06,4.281e-03,5.909e-03,,,,6.4046216,-22.206467,98.21366,-458.72394,GOES-16_XRS,1,3710,0,3078
2022-08-16 01:21:00,2022-08-16 01:00:00,,202208160100,3.343e-06,C3.3,GOES-16,8.678e-07,3.298e-03,,,,,7.659877,-21.962168,117.56136,-454.92838,GOES-16_XRS,1,3880,0,
2022-08-16 01:39:00,2022-08-16 01:25:00,2022-08-16 01:46:00,202208160125,5.939e-06,C5.9,GOES-16,2.912e-06,5.141e-03,6.518e-03,,,,5.916347,-22.934673,90.27434,-469.40015,GOES-16_XRS,2,3720,0,3078
2022-08-16 03:40:00,2022-08-16 03:31:00,2022-08-16 03:47:00,202208160331,1.458e-06,C1.4,GOES-16,1.051e-06,1.012e-03,1.393e-03,,,,60.49195,-14.534563,799.59357,-289.25638,GOES-16_XRS,1,3730,0,3079
2022-08-16 04:56:00,2022-08-16 04:51:00,2022-08-16 05:02:00,202208160451,2.300e-06,C2.2,GOES-16,7.891e-07,8.148e-04,1.180e-03,,,,5.141608,-23.693815,78.04021,-480.53928,GOES-16_XRS,1,3740,0,3078
2022-08-16 06:57:00,2022-08-16 06:51:00,2022-08-16 07:02:00,202208160651,1.437e-06,C1.4,GOES-16,6.812e-07,6.325e-04,8.146e-04,,,,21.240261,-14.96163,332.85202,-343.62698,GOES-16_XRS,1,3770,0,3078
2022-08-16 07:40:00,2022-08-16 07:35:00,2022-08-16 07:45:00,202208160735,1.638e-06,C1.6,GOES-16,8.472e-07,6.412e-04,8.609e-04,,,,1.846684,-25.107643,27.749025,-501.05408,GOES-16_XRS,1,3790,0,3078
2022-08-16 07:58:00,2022-08-16 07:52:00,2022-08-16 08:04:00,202208160752,5.076e-05,M5.0,GOES-16,9.718e-07,1.585e-02,2.199e-02,,,,9.436193,-23.194952,143.30952,-472.49426,GOES-16_XRS,1,3800,0,3078
2022-08-16 08:44:00,2022-08-16 08:40:00,2022-08-16 08:48:00,202208160840,1.566e-06,C1.5,GOES-16,9.749e-07,6.138e-04,7.567e-04,,,,13.992836,-25.272009,207.90843,-500.4171,GOES-16_XRS,1,3810,0,3078
2022-08-16 09:32:00,2022-08-16 09:28:00,2022-08-16 09:34:00,202208160928,1.374e-06,C1.3,GOES-16,8.123e-07,4.628e-04,5.079e-04,,,,5.357472,-22.100407,82.27583,-457.67487,GOES-16_XRS,1,3820,0,3078
2022-08-16 10:38:00,2022-08-16 10:34:00,2022-08-16 10:40:00,202208161034,9.823e-07,B9.8,GOES-16,5.543e-07,3.334e-04,3.713e-04,,,,,,,,,1,3840,0,
2022-08-16 13:31:00,2022-08-16 13:19:00,2022-08-16 13:35:00,202208161319,6.416e-06,C6.4,GOES-16,6.778e-07,2.580e-03,2.946e-03,12.0,-24.0,HOL,11.962504,-21.60409,183.27585,-448.74686,GOES-16_XRS,1,3850,0,3078
2022-08-16 14:05:00,2022-08-16 13:56:00,2022-08-16 14:11:00,202208161356,5.846e-06,C5.8,GOES-16,1.116e-06,2.787e-03,3.661e-03,,,,14.184851,-22.584927,215.16591,-462.11282,GOES-16_XRS,1,3860,0,3078
2022-08-16 20:48:00,2022-08-16 20:40:00,2022-08-16 20:56:00,202208162040,1.772e-06,C1.7,GOES-16,7.621e-07,9.392e-04,1.412e-03,,,,20.464746,-22.45605,307.2525,-457.0322,GOES-16_XRS,1,3970,0,3078
2022-08-16 21:21:00,2022-08-16 21:10:00,2022-08-16 21:27:00,202208162110,1.863e-05,M1.8,GOES-16,1.462e-06,7.804e-03,1.014e-02,,,,17.089931,-21.970247,259.1747,-451.96997,GOES-16_XRS,1,3980,0,3078
2022-08-16 23:13:00,2022-08-16 23:03:00,2022-08-16 23:18:00,202208162303,4.636e-06,C4.6,GOES-16,9.568e-07,1.920e-03,2.385e-03,,,,18.259096,-23.149065,273.95392,-468.46286,GOES-16_XRS,1,3990,0,3078
2022-08-16 23:38:00,2022-08-16 23:34:00,2022-08-16 23:41:00,202208162334,2.681e-06,C2.6,GOES-16,8.150e-07,8.448e-04,9.257e-04,,,,-59.818268,27.087584,-730.768,379.6376,GOES-16_XRS,1,4000,0,3078
2022-08-17 01:42:00,2022-08-17 01:33:00,2022-08-17 01:46:00,202208170133,1.636e-06,C1.6,GOES-16,7.645e-07,8.689e-04,1.010e-03,17.0,-24.0,LEA,22.882856,-21.161978,344.82474,-436.62064,GOES-16_XRS,1,4020,0,3078
2022-08-17 02:24:00,2022-08-17 02:11:00,,202208170211,1.040e-06,C1.0,GOES-16,6.793e-07,9.221e-04,,,,,-38.230774,33.204777,-492.15768,443.74716,GOES-16_XRS,1,,0,
2022-08-17 02:32:00,2022-08-17 02:26:00,2022-08-17 02:40:00,202208170226,1.546e-06,C1.5,GOES-16,1.005e-06,8.338e-04,1.320e-03,17.0,-24.0,LEA,2.4910703,1.1575615,41.356903,-92.28565,GOES-16_XRS,2,4030,0,3078
2022-08-17 04:57:00,2022-08-17 04:47:00,2022-08-17 05:01:00,202208170447,2.893e-06,C2.8,GOES-16,7.438e-07,1.317e-03,1.481e-03,17.0,-24.0,LEA,22.894709,-22.345901,342.15424,-454.02335,GOES-16_XRS,1,4050,0,3078
2022-08-17 05:16:00,2022-08-17 05:13:00,2022-08-17 05:22:00,202208170513,9.611e-07,B9.6,GOES-16,6.666e-07,3.630e-04,5.582e-04,-49.0,28.0,SVI,,,,,,1,4060,0,3082
2022-08-17 05:37:00,2022-08-17 05:30:00,2022-08-17 05:41:00,202208170530,1.193e-06,C1.1,GOES-16,7.579e-07,6.333e-04,7.447e-04,-47.0,28.0,SVI,12.077399,-12.912652,194.03407,-317.48212,GOES-16_XRS,1,4070,0,3082
2022-08-17 06:51:00,2022-08-17 06:43:00,2022-08-17 06:54:00,202208170643,9.720e-07,B9.7,GOES-16,6.797e-07,5.836e-04,6.280e-04,,,,,,,,,1,4090,0,3078
2022-08-17 07:10:00,2022-08-17 06:58:00,2022-08-17 07:18:00,202208170658,3.348e-06,C3.3,GOES-16,6.970e-07,1.873e-03,2.669e-03,-47.0,28.0,SVI,-45.25171,28.378386,-593.82526,379.5109,GOES-16_XRS,1,4100,0,3082
2022-08-17 08:20:00,2022-08-17 08:11:00,2022-08-17 08:32:00,202208170811,9.016e-06,C9.0,GOES-16,9.563e-07,4.082e-03,7.974e-03,26.0,-22.0,SVI,24.216213,-22.582973,360.12375,-456.59622,GOES-16_XRS,1,4110,0,3078
2022-08-17 09:36:00,2022-08-17 09:28:00,2022-08-17 09:42:00,202208170928,4.037e-06,C4.0,GOES-16,1.563e-06,2.305e-03,2.982e-03,-46.0,29.0,SVI,-60.355286,34.090775,-683.39386,482.85107,GOES-16_XRS,1,4180,0,3082
2022-08-17 11:31:00,2022-08-17 11:18:00,2022-08-17 11:45:00,202208171118,4.356e-06,C4.3,GOES-16,1.110e-06,3.078e-03,5.419e-03,,,,31.353096,-25.189878,447.5574,-488.05957,GOES-16_XRS,1,4230,0,3083
2022-08-17 13:24:00,2022-08-17 13:17:00,,202208171317,1.201e-06,C1.2,GOES-16,8.427e-07,6.722e-04,,-44.0,29.0,SVI,13.177998,10.034296,213.6479,57.442528,GOES-16_XRS,1,4310,0,
2022-08-17 13:45:00,2022-08-17 13:26:00,2022-08-17 13:49:00,202208171326,2.045e-05,M2.0,GOES-16,1.153e-06,7.294e-03,8.336e-03,26.0,-24.0,SVI,25.76558,-20.395725,387.4484,-423.44705,GOES-16_XRS,2,4300,0,3078
2022-08-17 14:52:00,2022-08-17 14:28:00,2022-08-17 15:09:00,202208171428,1.099e-05,M1.0,GOES-16,2.326e-06,1.077e-02,1.826e-02,,,,24.728088,-25.001747,360.46796,-491.0887,GOES-16_XRS,1,4340,0,3078
2022-08-17 16:14:00,2022-08-17 16:10:00,2022-08-17 16:21:00,202208171610,1.520e-06,C1.5,GOES-16,1.102e-06,6.503e-04,1.044e-03,,,,-53.758636,34.98444,-627.66907,486.71716,GOES-16_XRS,1,4390,0,3078
2022-08-17 17:22:00,2022-08-17 17:13:00,,202208171713,1.117e-06,C1.1,GOES-16,6.941e-07,7.070e-04,,,,,-50.52362,31.693813,-623.9959,435.2282,GOES-16_XRS,1,4420,0,3078
2022-08-17 17:31:00,2022-08-17 17:25:00,2022-08-17 17:40:00,202208171725,1.436e-06,C1.4,GOES-16,1.069e-06,7.550e-04,1.292e-03,,,,-51.15573,29.077482,-646.726,397.26276,GOES-16_XRS,2,4400,0,3078
2022-08-17 17:56:00,2022-08-17 17:42:00,2022-08-17 18:02:00,202208171742,2.259e-06,C2.2,GOES-16,1.258e-06,1.886e-03,2.304e-03,,,,0.35134286,6.1843104,5.8028717,-9.516028,GOES-16_XRS,1,4410,0,3082
2022-08-17 19:19:00,2022-08-17 19:16:00,2022-08-17 19:22:00,202208171916,8.540e-07,B8.5,GOES-16,5.715e-07,3.033e-04,3.430e-04,,,,,,,,,1,4430,0,
2022-08-17 20:41:00,2022-08-17 20:36:00,2022-08-17 20:45:00,202208172036,1.380e-06,C1.3,GOES-16,5.280e-07,5.511e-04,6.535e-04,,,,-40.54422,29.955742,-535.384,397.671,GOES-16_XRS,1,4440,0,3082
2022-08-17 21:11:00,2022-08-17 21:05:00,2022-08-17 21:14:00,202208172105,1.068e-06,C1.0,GOES-16,5.699e-07,4.811e-04,5.266e-04,,,,7.979301,-4.575976,131.69684,-186.04912,GOES-16_XRS,1,4450,0,3082
2022-08-17 21:22:00,2022-08-17 21:15:00,2022-08-17 21:28:00,202208172115,1.336e-06,C1.3,GOES-16,7.879e-07,7.603e-04,1.015e-03,,,,0.121486925,-3.3722253,2.0146801,-167.50146,GOES-16_XRS,1,4460,0,3082
2022-08-17 22:11:00,2022-08-17 22:01:00,2022-08-17 22:22:00,202208172201,7.488e-07,B7.4,GOES-16,5.288e-07,5.509e-04,9.145e-04,,,,,,,,,1,4480,0,3081
2022-08-17 23:33:00,2022-08-17 23:16:00,2022-08-18 00:00:00,202208172316,3.306e-06,C3.3,GOES-16,4.966e-07,2.261e-03,6.080e-03,,,,,,956.2928,-191.734,GOES-16_XRS,1,4490,0,3079
2022-08-18 00:40:00,2022-08-18 00:36:00,2022-08-18 00:43:00,202208180036,3.759e-06,C3.7,GOES-16,1.075e-06,1.083e-03,1.185e-03,,,,28.856653,-23.77458,419.93484,-470.4627,GOES-16_XRS,1,4510,0,3078
2022-08-18 02:52:00,2022-08-18 02:50:00,2022-08-18 02:58:00,202208180250,1.871e-06,C1.8,GOES-16,5.461e-07,4.761e-04,7.502e-04,30.0,-24.0,LEA,28.92317,-22.299995,425.47913,-449.11288,GOES-16_XRS,1,4530,0,3078
2022-08-18 04:29:00,2022-08-18 04:18:00,2022-08-18 04:32:00,202208180418,4.516e-06,C4.5,GOES-16,5.507e-07,1.889e-03,1.973e-03,30.0,-24.0,LEA,31.76066,-21.446295,465.82404,-433.9986,GOES-16_XRS,1,4560,0,3078
2022-08-18 04:39:00,2022-08-18 04:35:00,2022-08-18 04:45:00,202208180435,2.231e-06,C2.2,GOES-16,1.052e-06,8.690e-04,1.257e-03,9.0,9.0,LEA,6.944385,21.443481,107.10813,241.74849,GOES-16_XRS,1,4570,0,3081
2022-08-18 05:22:00,2022-08-18 05:04:00,2022-08-18 05:30:00,202208180504,4.292e-06,C4.2,GOES-16,6.668e-07,3.695e-03,4.739e-03,8.0,11.0,SVI,10.242549,11.197139,166.03365,75.09718,GOES-16_XRS,1,4580,0,3081
2022-08-18 06:02:00,2022-08-18 05:54:00,2022-08-18 06:05:00,202208180554,5.760e-06,C5.7,GOES-16,6.219e-07,1.836e-03,1.948e-03,34.0,-24.0,SVI,31.983988,-22.641321,464.79346,-451.30817,GOES-16_XRS,1,4600,0,3078
2022-08-18 08:09:00,2022-08-18 08:05:00,2022-08-18 08:14:00,202208180805,1.935e-06,C1.9,GOES-16,5.707e-07,6.059e-04,8.186e-04,30.0,-24.0,LEA,34.754307,-23.035349,498.7219,-454.2858,GOES-16_XRS,1,4620,0,3078
2022-08-18 08:52:00,2022-08-18 08:35:00,2022-08-18 08:58:00,202208180835,3.701e-06,C3.7,GOES-16,6.676e-07,2.211e-03,2.748e-03,30.0,-24.0,LEA,21.204994,-12.011704,336.60742,-299.11234,GOES-16_XRS,1,4630,0,3078
2022-08-18 09:20:00,2022-08-18 09:13:00,2022-08-18 09:26:00,202208180913,1.701e-06,C1.7,GOES-16,1.082e-06,8.877e-04,1.218e-03,30.0,-24.0,LEA,38.029526,-28.899216,512.5625,-533.4792,GOES-16_XRS,1,4640,0,3078
2022-08-18 10:09:00,2022-08-18 10:00:00,2022-08-18 10:11:00,202208181000,1.398e-05,M1.3,GOES-16,9.047e-07,3.523e-03,3.700e-03,38.0,-23.0,SVI,33.426815,-23.146347,481.5698,-457.31165,GOES-16_XRS,1,4660,0,3078
2022-08-18 10:33:00,2022-08-18 10:19:00,,202208181019,3.439e-06,C3.4,GOES-16,1.226e-06,2.302e-03,,,,,36.112766,-25.256914,506.67642,-484.8158,GOES-16_XRS,1,,0,
2022-08-18 10:55:00,2022-08-18 10:37:00,2022-08-18 11:12:00,202208181037,1.590e-05,M1.5,GOES-16,3.091e-06,1.332e-02,2.412e-02,,,,36.85588,-26.459587,510.38434,-501.00858,GOES-16_XRS,2,4670,0,3078
2022-08-18 12:35:00,2022-08-18 12:27:00,2022-08-18 12:42:00,202208181227,2.762e-06,C2.7,GOES-16,1.846e-06,1.720e-03,2.425e-03,76.0,20.0,SVI,,,912.5063,504.44388,GOES-16_XRS,1,4740,0,3076
2022-08-18 14:13:00,2022-08-18 14:01:00,2022-08-18 14:17:00,202208181401,1.313e-05,M1.3,GOES-16,1.108e-06,4.678e-03,5.262e-03,37.0,-25.0,SVI,34.958584,-23.1001,501.05798,-455.15845,GOES-16_XRS,1,4780,0,3078
2022-08-18 15:53:00,2022-08-18 15:44:00,2022-08-18 15:55:00,202208181544,4.227e-06,C4.2,GOES-16,6.427e-07,1.398e-03,1.483e-03,,,,36.869904,-23.204926,524.2338,-454.65775,GOES-16_XRS,1,4800,0,3078
2022-08-18 17:42:00,2022-08-18 17:38:00,,202208181738,9.344e-07,B9.3,GOES-16,6.145e-07,3.890e-04,,,,,,,,,,1,,0,
2022-08-18 18:02:00,2022-08-18 17:46:00,2022-08-18 18:07:00,202208181746,1.195e-06,C1.1,GOES-16,7.921e-07,1.137e-03,1.311e-03,40.0,-22.0,HOL,77.47113,-20.18033,868.942,-347.72333,GOES-16_XRS,2,4820,0,3078
2022-08-18 18:14:00,2022-08-18 18:09:00,2022-08-18 18:17:00,202208181809,1.512e-06,C1.5,GOES-16,8.948e-07,6.475e-04,7.154e-04,,,,46.32857,-20.224623,644.9756,-399.12045,GOES-16_XRS,1,4830,0,3078
2022-08-18 19:37:00,2022-08-18 19:28:00,2022-08-18 19:40:00,202208181928,3.018e-06,C3.0,GOES-16,6.634e-07,1.110e-03,1.178e-03,40.0,-24.0,HOL,38.767353,-24.71476,540.6618,-474.36972,GOES-16_XRS,1,4840,0,3078
2022-08-18 20:13:00,2022-08-18 20:01:00,2022-08-18 20:17:00,202208182001,3.407e-06,C3.4,GOES-16,5.800e-07,1.525e-03,1.743e-03,,,,17.544321,11.323235,281.34003,80.13335,GOES-16_XRS,1,4850,0,3081
2022-08-18 20:48:00,2022-08-18 20:39:00,2022-08-18 20:58:00,202208182039,1.090e-06,C1.0,GOES-16,7.001e-07,7.159e-04,1.169e-03,,,,68.359146,-6.0634155,877.3659,-140.80693,GOES-16_XRS,1,4860,0,
2022-08-18 21:58:00,2022-08-18 21:44:00,2022-08-18 22:01:00,202208182144,6.336e-06,C6.3,GOES-16,5.306e-07,2.447e-03,2.551e-03,,,,39.998047,-23.129839,561.8578,-450.1297,GOES-16_XRS,1,4870,0,3078
2022-08-18 22:15:00,2022-08-18 22:08:00,,202208182208,3.076e-06,C3.0,GOES-16,8.300e-07,1.178e-03,,,,,21.502958,7.258129,346.0725,15.265111,GOES-16_XRS,1,4880,0,3078
2022-08-18 22:24:00,2022-08-18 22:18:00,,202208182218,3.567e-06,C3.5,GOES-16,2.523e-06,1.940e-03,,41.0,-27.0,HOL,34.77015,-15.67528,522.1608,-344.29242,GOES-16_XRS,2,4890,0,3078
2022-08-18 22:40:00,2022-08-18 22:28:00,2022-08-18 22:54:00,202208182228,4.474e-06,C4.4,GOES-16,3.421e-06,3.866e-03,6.825e-03,,,,41.107487,-24.767036,567.41187,-472.45215,GOES-16_XRS,3,4900,0,3078
2022-08-18 23:50:00,2022-08-18 23:43:00,2022-08-18 23:54:00,202208182343,3.918e-06,C3.9,GOES-16,1.234e-06,1.684e-03,1.931e-03,,,,27.44346,12.239276,428.5878,102.4313,GOES-16_XRS,1,4920,0,3081
2022-08-19 01:21:00,2022-08-19 01:13:00,2022-08-19 01:25:00,202208190113,7.957e-07,B7.9,GOES-16,5.269e-07,4.657e-04,5.426e-04,,,,,,,,,1,4930,0,3078
2022-08-19 02:09:00,2022-08-19 01:55:00,2022-08-19 02:19:00,202208190155,3.320e-06,C3.3,GOES-16,5.578e-07,1.728e-03,2.737e-03,44.0,-24.0,LEA,46.663223,-21.891512,641.33295,-423.61646,GOES-16_XRS,1,4940,0,3078
2022-08-19 03:22:00,2022-08-19 03:14:00,2022-08-19 03:30:00,202208190314,1.017e-06,C1.0,GOES-16,6.185e-07,6.005e-04,9.001e-04,,,,37.836754,-25.589808,525.9087,-488.05157,GOES-16_XRS,1,4960,0,3078
2022-08-19 04:44:00,2022-08-19 04:14:00,2022-08-19 05:17:00,202208190414,1.641e-05,M1.6,GOES-16,7.984e-07,1.504e-02,3.646e-02,49.0,-28.0,LEA,47.90274,-26.159857,632.7788,-483.80322,GOES-16_XRS,1,4970,0,3078
2022-08-19 06:10:00,2022-08-19 06:05:00,2022-08-19 06:12:00,202208190605,3.274e-06,C3.2,GOES-16,2.316e-06,1.511e-03,1.650e-03,48.0,-26.0,LEA,48.39213,-23.720135,650.4327,-448.13193,GOES-16_XRS,1,4980,0,3078
2022-08-19 08:10:00,2022-08-19 07:59:00,2022-08-19 08:13:00,202208190759,4.599e-06,C4.5,GOES-16,9.824e-07,2.047e-03,2.172e-03,48.0,-24.0,SVI,44.14039,-21.962637,613.8769,-428.1281,GOES-16_XRS,1,4990,0,3078
2022-08-19 09:01:00,2022-08-19 08:55:00,2022-08-19 09:12:00,202208190855,1.975e-06,C1.9,GOES-16,6.816e-07,7.695e-04,1.631e-03,14.0,12.0,SVI,32.25537,6.8135037,504.21005,17.110222,GOES-16_XRS,1,5000,0,3081
2022-08-19 09:30:00,2022-08-19 09:22:00,2022-08-19 09:42:00,202208190922,9.519e-07,B9.5,GOES-16,6.647e-07,6.142e-04,1.118e-03,,,,,,,,,1,5010,0,
2022-08-19 10:27:00,2022-08-19 10:18:00,2022-08-19 10:32:00,202208191018,3.056e-06,C3.0,GOES-16,6.866e-07,1.426e-03,1.713e-03,49.0,-25.0,SVI,47.7778,-24.65795,639.5071,-462.61932,GOES-16_XRS,1,5020,0,3078
2022-08-19 11:17:00,2022-08-19 11:02:00,2022-08-19 11:31:00,202208191102,4.040e-06,C4.0,GOES-16,8.110e-07,2.869e-03,5.048e-03,,,,58.275444,-21.824669,749.90674,-405.6998,GOES-16_XRS,1,5030,0,3078
2022-08-19 11:49:00,2022-08-19 11:45:00,2022-08-19 11:52:00,202208191145,1.902e-06,C1.9,GOES-16,1.315e-06,7.752e-04,8.587e-04,,,,41.197662,-30.14251,541.3135,-547.3879,GOES-16_XRS,1,5040,0,3078
2022-08-19 13:47:00,2022-08-19 13:41:00,2022-08-19 13:52:00,202208191341,7.798e-07,B7.7,GOES-16,4.674e-07,3.548e-04,4.632e-04,,,,,,,,,1,5060,0,3078
2022-08-19 15:20:00,2022-08-19 15:16:00,2022-08-19 15:33:00,202208191516,1.312e-06,C1.3,GOES-16,5.539e-07,4.980e-04,1.230e-03,,,,42.47193,-17.188501,613.28064,-358.71225,GOES-16_XRS,1,5090,0,3078
2022-08-19 16:07:00,2022-08-19 16:01:00,2022-08-19 16:15:00,202208191601,6.728e-07,B6.7,GOES-16,4.539e-07,3.265e-04,5.449e-04,,,,,,,,,1,5100,0,3078
2022-08-19 17:26:00,2022-08-19 17:21:00,2022-08-19 17:29:00,202208191721,7.541e-07,B7.5,GOES-16,4.736e-07,3.337e-04,3.660e-04,,,,,,,,,1,5110,0,3078
2022-08-19 17:48:00,2022-08-19 17:45:00,2022-08-19 18:14:00,202208191745,5.620e-07,B5.6,GOES-16,3.948e-07,2.084e-04,1.349e-03,,,,,,,,,1,5120,0,3078
2022-08-19 20:16:00,2022-08-19 20:08:00,2022-08-19 20:18:00,202208192008,1.688e-06,C1.6,GOES-16,3.922e-07,5.668e-04,6.154e-04,55.0,-26.0,HOL,53.092735,-20.170141,713.12787,-389.11047,GOES-16_XRS,1,5140,0,3078
2022-08-19 20:31:00,2022-08-19 20:19:00,2022-08-19 20:41:00,202208192019,6.768e-06,C6.7,GOES-16,8.227e-07,3.985e-03,6.140e-03,,,,53.10275,-24.612247,690.7052,-454.64255,GOES-16_XRS,1,5180,0,3078
2022-08-19 22:24:00,2022-08-19 22:16:00,2022-08-19 22:29:00,202208192216,5.974e-07,B5.9,GOES-16,3.718e-07,3.568e-04,4.431e-04,,,,,,,,,1,5150,0,3081
2022-08-19 22:40:00,2022-08-19 22:30:00,2022-08-19 22:43:00,202208192230,1.439e-06,C1.4,GOES-16,5.060e-07,6.892e-04,7.420e-04,,,,38.939964,14.482026,578.8806,150.74873,GOES-16_XRS,1,5160,0,3081
2022-08-19 23:03:00,2022-08-19 22:58:00,2022-08-19 23:05:00,202208192258,7.484e-07,B7.4,GOES-16,5.202e-07,3.283e-04,3.612e-04,,,,,,,,,1,5170,0,3078
2022-08-20 02:33:00,2022-08-20 02:27:00,2022-08-20 02:35:00,202208200227,7.242e-07,B7.2,GOES-16,4.026e-07,3.098e-04,3.412e-04,58.0,-24.0,LEA,,,,,,1,5190,0,3078
2022-08-20 03:42:00,2022-08-20 03:29:00,2022-08-20 03:52:00,202208200329,6.406e-07,B6.4,GOES-16,3.691e-07,5.293e-04,7.923e-04,,,,,,,,,1,5200,0,3081
2022-08-20 08:23:00,2022-08-20 08:16:00,2022-08-20 08:29:00,202208200816,5.377e-07,B5.3,GOES-16,3.572e-07,2.934e-04,4.015e-04,,,,,,,,,1,5210,0,3078
2022-08-20 14:12:00,2022-08-20 14:05:00,2022-08-20 14:15:00,202208201405,4.707e-07,B4.7,GOES-16,2.757e-07,2.330e-04,2.534e-04,3.0,-9.0,SVI,,,,,,1,5220,0,3084
2022-08-20 18:02:00,2022-08-20 17:52:00,2022-08-20 18:07:00,202208201752,5.078e-07,B5.0,GOES-16,3.499e-07,3.641e-04,4.388e-04,,,,,,,,,1,5250,0,3078
2022-08-20 21:38:00,2022-08-20 21:27:00,2022-08-20 21:49:00,202208202127,9.264e-07,B9.2,GOES-16,3.781e-07,5.981e-04,1.003e-03,,,,,,,,,1,5260,0,3078
2022-08-21 03:17:00,2022-08-21 03:08:00,,202208210308,3.504e-07,B3.5,GOES-16,2.272e-07,2.286e-04,,,,,,,,,,1,5270,0,3084
2022-08-21 03:37:00,2022-08-21 03:32:00,2022-08-21 03:39:00,202208210332,3.088e-07,B3.0,GOES-16,2.903e-07,1.604e-04,1.771e-04,,,,,,,,,2,,0,
2022-08-21 04:59:00,2022-08-21 04:48:00,2022-08-21 05:09:00,202208210448,2.989e-06,C2.9,GOES-16,2.195e-07,1.170e-03,2.077e-03,48.0,9.0,LEA,58.020184,9.158459,795.9253,90.48904,GOES-16_XRS,1,5280,0,3081
2022-08-21 08:16:00,2022-08-21 08:07:00,2022-08-21 08:23:00,202208210807,3.055e-07,B3.0,GOES-17,1.933e-07,1.995e-04,2.744e-04,,,,,,,,,1,5320,0,3078
2022-08-21 17:43:00,2022-08-21 17:33:00,2022-08-21 17:46:00,202208211733,5.641e-07,B5.6,GOES-16,2.498e-07,3.521e-04,3.727e-04,,,,,,,,,1,5350,0,3085
2022-08-21 18:14:00,2022-08-21 17:58:00,2022-08-21 18:25:00,202208211758,2.083e-06,C2.0,GOES-16,2.600e-07,1.035e-03,1.892e-03,0.0,0.0,HOL,,,909.48846,-365.5716,GOES-16_XRS,1,5360,0,3078
2022-08-21 18:46:00,2022-08-21 18:34:00,2022-08-21 18:57:00,202208211834,1.003e-06,C1.0,GOES-16,5.517e-07,7.828e-04,1.239e-03,,,,,,1017.8019,-287.05457,GOES-16_XRS,1,5370,0,3078
2022-08-21 20:03:00,2022-08-21 19:59:00,,202208211959,6.740e-07,B6.7,GOES-16,3.281e-07,2.387e-04,,,,,,,,,,1,,0,
2022-08-21 20:11:00,2022-08-21 20:07:00,2022-08-21 20:17:00,202208212007,1.189e-06,C1.1,GOES-16,4.800e-07,4.280e-04,6.177e-04,-18.0,32.0,HOL,-15.997314,32.350483,-221.64929,412.53378,GOES-16_XRS,2,5380,0,3085
2022-08-21 23:41:00,2022-08-21 23:31:00,2022-08-21 23:46:00,202208212331,2.458e-06,C2.4,GOES-16,2.929e-07,7.899e-04,1.035e-03,,,,-15.812439,30.024937,-224.62946,377.27637,GOES-16_XRS,1,5400,0,3085
2022-08-22 00:22:00,2022-08-22 00:14:00,2022-08-22 00:25:00,202208220014,4.943e-07,B4.9,GOES-16,3.468e-07,2.951e-04,3.176e-04,,,,,,,,,1,5410,0,3078
2022-08-22 01:05:00,2022-08-22 00:59:00,2022-08-22 01:18:00,202208220059,5.374e-07,B5.3,GOES-16,3.209e-07,2.605e-04,5.672e-04,,,,,,,,,1,5420,0,
2022-08-22 02:22:00,2022-08-22 02:12:00,2022-08-22 02:35:00,202208220212,8.158e-07,B8.1,GOES-16,2.545e-07,4.222e-04,7.899e-04,,,,,,,,,1,5430,0,
2022-08-22 03:20:00,2022-08-22 03:14:00,2022-08-22 03:23:00,202208220314,4.851e-07,B4.8,GOES-16,3.132e-07,2.293e-04,2.514e-04,,,,,,,,,1,5440,0,
2022-08-22 04:22:00,2022-08-22 04:15:00,,202208220415,4.172e-07,B4.1,GOES-16,2.837e-07,2.314e-04,,68.0,9.0,SVI,,,,,,1,5450,0,3081
2022-08-22 04:46:00,2022-08-22 04:29:00,,202208220429,6.137e-07,B6.1,GOES-16,3.534e-07,5.891e-04,,,,,,,,,,2,,0,
2022-08-22 05:05:00,2022-08-22 04:59:00,2022-08-22 05:11:00,202208220459,1.055e-06,C1.0,GOES-16,5.056e-07,4.809e-04,6.698e-04,,,,-13.810303,24.915356,-206.17355,296.98157,GOES-16_XRS,3,,0,
2022-08-22 06:36:00,2022-08-22 06:26:00,,202208220626,1.548e-06,C1.5,GOES-16,7.499e-07,9.276e-04,,,,,-13.091034,30.68271,-185.4814,385.98953,GOES-16_XRS,1,5460,0,3085
2022-08-22 06:47:00,2022-08-22 06:43:00,2022-08-22 06:49:00,202208220643,1.508e-06,C1.5,GOES-16,1.340e-06,6.843e-04,7.635e-04,,,,-13.111237,33.240387,-180.64398,424.4006,GOES-16_XRS,2,,0,
2022-08-22 07:00:00,2022-08-22 06:55:00,2022-08-22 07:04:00,202208220655,1.719e-06,C1.7,GOES-16,1.177e-06,7.970e-04,9.437e-04,,,,-9.876892,30.33683,-140.97742,379.63483,GOES-16_XRS,1,5470,0,3085
2022-08-22 07:31:00,2022-08-22 07:25:00,2022-08-22 07:37:00,202208220725,1.171e-06,C1.1,GOES-16,4.496e-07,5.164e-04,7.152e-04,-13.0,31.0,SVI,-14.314972,27.85401,-208.17334,343.09937,GOES-16_XRS,1,5480,0,3085
2022-08-22 08:32:00,2022-08-22 08:26:00,2022-08-22 08:36:00,202208220826,5.188e-07,B5.1,GOES-16,3.553e-07,2.536e-04,3.051e-04,,,,,,,,,1,5490,0,
2022-08-22 08:46:00,2022-08-22 08:40:00,,202208220840,6.128e-07,B6.1,GOES-16,3.882e-07,3.012e-04,,,,,,,,,,1,5500,0,
2022-08-22 08:56:00,2022-08-22 08:51:00,2022-08-22 09:00:00,202208220851,5.578e-07,B5.5,GOES-16,4.983e-07,2.862e-04,3.476e-04,,,,,,,,,2,,0,
2022-08-22 09:29:00,2022-08-22 09:19:00,2022-08-22 09:43:00,202208220919,1.288e-06,C1.2,GOES-16,4.759e-07,6.663e-04,1.419e-03,,,,-12.504608,28.905823,-180.50061,358.56375,GOES-16_XRS,1,5510,0,3085
2022-08-22 10:56:00,2022-08-22 10:45:00,2022-08-22 11:03:00,202208221045,7.531e-07,B7.5,GOES-16,4.607e-07,5.860e-04,7.739e-04,,,,,,,,,1,5540,0,
2022-08-22 12:03:00,2022-08-22 11:58:00,2022-08-22 12:07:00,202208221158,1.497e-06,C1.4,GOES-16,5.292e-07,5.298e-04,6.451e-04,-10.0,31.0,SVI,-14.224243,34.29673,-193.27554,440.3543,GOES-16_XRS,1,5550,0,3085
2022-08-22 13:05:00,2022-08-22 12:58:00,,202208221258,5.281e-07,B5.2,GOES-16,3.934e-07,3.129e-04,,,,,,,,,,1,5580,0,
2022-08-22 13:23:00,2022-08-22 13:18:00,2022-08-22 13:29:00,202208221318,5.765e-07,B5.7,GOES-16,4.892e-07,2.905e-04,4.175e-04,,,,,,,,,2,,0,
2022-08-22 13:49:00,2022-08-22 13:44:00,,202208221344,8.411e-07,B8.4,GOES-16,5.957e-07,3.975e-04,,-9.0,31.0,SVI,,,,,,1,5590,0,3085
2022-08-22 13:55:00,2022-08-22 13:51:00,2022-08-22 13:58:00,202208221351,8.942e-07,B8.9,GOES-16,7.872e-07,4.021e-04,4.480e-04,,,,,,,,,2,,0,
2022-08-22 14:09:00,2022-08-22 14:01:00,2022-08-22 14:13:00,202208221401,5.109e-06,C5.1,GOES-16,7.450e-07,2.037e-03,2.300e-03,-6.0,31.0,HOL,-7.9516907,28.483368,-115.80451,350.55817,GOES-16_XRS,1,5600,0,3085
2022-08-22 17:36:00,2022-08-22 17:28:00,2022-08-22 17:43:00,202208221728,1.255e-06,C1.2,GOES-16,4.739e-07,6.037e-04,8.757e-04,26.0,-11.0,HOL,29.49861,-6.569428,465.72906,-207.79346,GOES-16_XRS,1,5620,0,3084
2022-08-22 18:20:00,2022-08-22 18:08:00,,202208221808,1.309e-06,C1.3,GOES-16,6.114e-07,9.436e-04,,-5.0,30.0,HOL,-4.366028,29.274761,-63.24649,361.99997,GOES-16_XRS,1,5630,0,3085
2022-08-22 18:48:00,2022-08-22 18:40:00,2022-08-22 19:09:00,202208221840,1.682e-06,C1.6,GOES-16,9.685e-07,1.035e-03,2.791e-03,,,,1.825567,27.673815,26.872175,337.01318,GOES-16_XRS,2,,0,
2022-08-22 19:38:00,2022-08-22 19:31:00,2022-08-22 19:44:00,202208221931,3.488e-06,C3.4,GOES-16,1.336e-06,1.507e-03,2.098e-03,,,,-1.9356079,26.85108,-28.70391,324.18396,GOES-16_XRS,1,5650,0,3085
2022-08-22 20:55:00,2022-08-22 20:43:00,2022-08-22 21:07:00,202208222043,3.021e-06,C3.0,GOES-16,5.211e-07,1.388e-03,2.582e-03,-5.0,30.0,HOL,-3.7875366,27.195532,-55.964264,329.6977,GOES-16_XRS,1,5660,0,3085
2022-08-22 21:37:00,2022-08-22 21:34:00,2022-08-22 21:40:00,202208222134,9.404e-07,B9.4,GOES-16,5.988e-07,3.188e-04,3.597e-04,,,,,,,,,1,5670,0,3085
2022-08-22 21:55:00,2022-08-22 21:48:00,2022-08-22 21:58:00,202208222148,8.998e-07,B8.9,GOES-16,4.732e-07,4.557e-04,4.925e-04,,,,,,,,,1,5680,0,3085
2022-08-22 22:11:00,2022-08-22 22:05:00,2022-08-22 22:15:00,202208222205,6.630e-07,B6.6,GOES-16,4.731e-07,3.423e-04,3.996e-04,,,,,,,,,1,5690,0,3085
2022-08-22 23:41:00,2022-08-22 23:31:00,2022-08-22 23:46:00,202208222331,5.446e-07,B5.4,GOES-16,3.155e-07,3.551e-04,4.309e-04,,,,,,,,,1,5700,0,3081
2022-08-23 00:00:00,2022-08-22 23:53:00,2022-08-23 00:02:00,202208222353,5.889e-07,B5.8,GOES-16,3.953e-07,3.131e-04,3.386e-04,,,,,,,,,1,,0,
2022-08-23 00:47:00,2022-08-23 00:39:00,2022-08-23 00:51:00,202208230039,5.274e-07,B5.2,GOES-16,3.633e-07,3.170e-04,3.683e-04,,,,,,,,,1,5720,0,3085
2022-08-23 01:26:00,2022-08-23 01:16:00,,202208230116,4.478e-07,B4.4,GOES-16,3.083e-07,3.224e-04,,,,,,,,,,1,,0,
2022-08-23 01:45:00,2022-08-23 01:30:00,,202208230130,7.468e-07,B7.4,GOES-16,3.987e-07,6.816e-04,,,,,,,,,,2,,0,
2022-08-23 02:11:00,2022-08-23 02:00:00,2022-08-23 02:16:00,202208230200,1.359e-06,C1.3,GOES-16,7.443e-07,9.128e-04,1.101e-03,,,,-61.8378,-18.931755,-792.4071,-357.46307,GOES-16_XRS,3,5730,0,3086
2022-08-23 05:24:00,2022-08-23 05:16:00,,202208230516,4.758e-07,B4.7,GOES-16,2.877e-07,2.755e-04,,-54.0,-23.0,SVI,,,,,,1,5750,0,3086
2022-08-23 05:44:00,2022-08-23 05:34:00,,202208230534,5.385e-07,B5.3,GOES-16,3.966e-07,4.047e-04,,,,,,,,,,2,,0,
2022-08-23 06:05:00,2022-08-23 05:56:00,2022-08-23 06:14:00,202208230556,1.072e-06,C1.0,GOES-16,5.503e-07,6.754e-04,1.042e-03,,,,21.74735,4.8966985,351.6469,-26.29265,GOES-16_XRS,3,,0,
2022-08-23 08:45:00,2022-08-23 08:33:00,,202208230833,6.060e-07,B6.0,GOES-16,3.808e-07,4.872e-04,,,,,,,,,,1,,0,
2022-08-23 09:02:00,2022-08-23 08:54:00,2022-08-23 09:05:00,202208230854,7.999e-07,B7.9,GOES-16,5.910e-07,4.780e-04,5.139e-04,,,,,,,,,2,5760,0,3081
2022-08-23 13:54:00,2022-08-23 13:48:00,2022-08-23 14:00:00,202208231348,3.287e-07,B3.2,GOES-16,2.085e-07,1.602e-04,2.243e-04,,,,,,,,,1,5790,0,
2022-08-23 15:40:00,2022-08-23 15:32:00,2022-08-23 15:48:00,202208231532,6.050e-07,B6.0,GOES-16,3.273e-07,3.266e-04,4.971e-04,,,,,,,,,1,5800,0,
2022-08-23 18:28:00,2022-08-23 18:21:00,2022-08-23 18:41:00,202208231821,4.067e-07,B4.0,GOES-16,2.271e-07,2.001e-04,4.138e-04,,,,,,,,,1,5840,0,
2022-08-23 19:40:00,2022-08-23 19:32:00,2022-08-23 19:45:00,202208231932,5.504e-07,B5.5,GOES-16,3.794e-07,3.369e-04,4.198e-04,,,,,,,,,1,5860,0,
2022-08-24 07:21:00,2022-08-24 07:16:00,2022-08-24 07:31:00,202208240716,3.214e-07,B3.2,GOES-16,2.353e-07,1.526e-04,2.892e-04,,,,,,,,,1,5910,0,
2022-08-24 10:37:00,2022-08-24 10:34:00,2022-08-24 10:41:00,202208241034,5.368e-07,B5.3,GOES-16,3.671e-07,1.970e-04,2.454e-04,,,,,,,,,1,5920,0,
2022-08-24 13:30:00,2022-08-24 13:23:00,2022-08-24 13:32:00,202208241323,7.722e-07,B7.7,GOES-16,4.459e-07,3.730e-04,4.002e-04,,,,,,,,,1,5940,0,
2022-08-25 00:29:00,2022-08-25 00:21:00,2022-08-25 00:38:00,202208250021,7.710e-07,B7.7,GOES-16,5.137e-07,4.676e-04,7.471e-04,,,,,,,,,1,6020,0,
2022-08-25 04:04:00,2022-08-25 03:54:00,2022-08-25 04:11:00,202208250354,1.394e-06,C1.3,GOES-16,5.726e-07,8.856e-04,1.198e-03,-70.0,-22.0,LEA,,,-955.6266,-486.87906,GOES-16_XRS,1,6050,0,3089
2022-08-25 06:08:00,2022-08-25 05:54:00,,202208250554,2.070e-06,C2.0,GOES-16,5.641e-07,1.574e-03,,-70.0,-22.0,LEA,-66.00525,-19.146856,-820.2068,-354.07855,GOES-16_XRS,1,6060,0,3089
2022-08-25 06:24:00,2022-08-25 06:17:00,2022-08-25 06:26:00,202208250617,1.678e-06,C1.6,GOES-16,1.617e-06,1.079e-03,1.167e-03,,,,-69.50894,-18.11681,-845.9093,-331.94925,GOES-16_XRS,2,,0,
2022-08-25 07:04:00,2022-08-25 06:59:00,2022-08-25 07:12:00,202208250659,1.411e-06,C1.4,GOES-16,9.388e-07,6.386e-04,1.084e-03,,,,,,-916.6087,-325.40543,GOES-16_XRS,1,6080,0,3088
2022-08-25 08:08:00,2022-08-25 08:04:00,2022-08-25 08:10:00,202208250804,8.342e-07,B8.3,GOES-16,5.564e-07,3.127e-04,3.474e-04,,,,,,,,,1,6120,0,3085
2022-08-25 09:28:00,2022-08-25 09:22:00,,202208250922,1.279e-06,C1.2,GOES-16,7.053e-07,6.169e-04,,,,,27.58377,-31.163658,377.17526,-577.3684,GOES-16_XRS,1,,0,
2022-08-25 09:36:00,2022-08-25 09:32:00,2022-08-25 09:41:00,202208250932,1.878e-06,C1.8,GOES-16,1.123e-06,7.584e-04,1.023e-03,,,,23.236761,-24.44795,342.03284,-488.7892,GOES-16_XRS,2,6160,0,3088
2022-08-25 10:01:00,2022-08-25 09:53:00,2022-08-25 10:03:00,202208250953,3.617e-06,C3.6,GOES-16,9.491e-07,1.284e-03,1.375e-03,,,,-78.66235,-25.728838,-838.62134,-429.66345,GOES-16_XRS,1,6190,0,3089
2022-08-25 11:19:00,2022-08-25 11:08:00,2022-08-25 11:23:00,202208251108,2.068e-06,C2.0,GOES-16,7.295e-07,1.140e-03,1.295e-03,-68.0,-23.0,SVI,-57.56479,-21.541206,-746.49207,-404.65698,GOES-16_XRS,1,6210,0,3089
2022-08-25 11:52:00,2022-08-25 11:44:00,2022-08-25 12:13:00,202208251144,1.469e-06,C1.4,GOES-16,8.179e-07,8.503e-04,2.336e-03,39.0,-28.0,SVI,38.885033,-22.542725,551.8737,-446.0535,GOES-16_XRS,1,6250,0,3088
2022-08-25 12:56:00,2022-08-25 12:48:00,2022-08-25 13:10:00,202208251248,9.196e-07,B9.1,GOES-16,6.511e-07,5.756e-04,1.175e-03,,,,,,,,,1,6270,0,
2022-08-25 13:56:00,2022-08-25 13:44:00,2022-08-25 14:02:00,202208251344,1.741e-06,C1.7,GOES-16,9.590e-07,1.302e-03,1.627e-03,-63.0,-20.0,HOL,46.10101,-27.693085,606.98816,-510.42676,GOES-16_XRS,1,6290,0,3089
2022-08-25 14:26:00,2022-08-25 14:19:00,2022-08-25 14:30:00,202208251419,1.518e-06,C1.5,GOES-16,1.056e-06,8.379e-04,9.826e-04,,,,32.98659,-22.97846,477.2294,-459.05737,GOES-16_XRS,1,6300,0,3088
2022-08-25 15:16:00,2022-08-25 15:07:00,2022-08-25 15:23:00,202208251507,1.801e-06,C1.8,GOES-16,1.018e-06,1.063e-03,1.497e-03,,,,7.296401,-24.56305,110.04041,-498.45004,GOES-16_XRS,1,6310,0,3088
2022-08-25 15:48:00,2022-08-25 15:40:00,2022-08-25 15:53:00,202208251540,2.449e-06,C2.4,GOES-16,1.162e-06,1.254e-03,1.574e-03,,,,-50.4852,-18.252401,-697.04767,-366.26532,GOES-16_XRS,1,6320,0,3089
2022-08-25 16:40:00,2022-08-25 16:30:00,2022-08-25 16:49:00,202208251630,3.292e-06,C3.2,GOES-16,9.963e-07,1.718e-03,2.723e-03,,,,-67.93854,-22.403494,-814.21533,-399.9221,GOES-16_XRS,1,6350,0,3089
2022-08-25 17:21:00,2022-08-25 17:16:00,2022-08-25 17:26:00,202208251716,1.970e-06,C1.9,GOES-16,1.287e-06,9.510e-04,1.237e-03,,,,26.571524,-19.047478,402.7277,-407.30527,GOES-16_XRS,1,6360,0,3089
2022-08-25 17:44:00,2022-08-25 17:34:00,,202208251734,1.602e-06,C1.6,GOES-16,1.159e-06,1.223e-03,,,,,,,-957.0019,-411.93594,GOES-16_XRS,1,,0,
2022-08-25 17:58:00,2022-08-25 17:49:00,2022-08-25 18:12:00,202208251749,7.384e-06,C7.3,GOES-16,1.465e-06,3.394e-03,7.168e-03,,,,-66.19913,-22.4311,-803.7681,-403.40787,GOES-16_XRS,2,6370,0,3089
2022-08-25 18:58:00,2022-08-25 18:45:00,,202208251845,7.264e-06,C7.2,GOES-16,1.853e-06,4.209e-03,,,,,52.95709,-27.88364,670.9754,-503.57733,GOES-16_XRS,1,,0,
2022-08-25 19:09:00,2022-08-25 19:03:00,2022-08-25 19:13:00,202208251903,8.028e-06,C8.0,GOES-16,5.541e-06,4.268e-03,4.960e-03,,,,4.082269,-21.322922,63.187798,-452.53314,GOES-16_XRS,2,6380,0,3088
2022-08-25 19:51:00,2022-08-25 19:39:00,2022-08-25 20:01:00,202208251939,1.821e-05,M1.8,GOES-16,2.786e-06,9.130e-03,1.486e-02,,,,-3.6470032,-22.276073,-56.08427,-466.47247,GOES-16_XRS,1,6400,0,3088
2022-08-25 22:03:00,2022-08-25 21:54:00,2022-08-25 22:21:00,202208252154,2.259e-06,C2.2,GOES-16,1.525e-06,1.486e-03,3.512e-03,,,,,,794.05743,-541.56006,GOES-16_XRS,1,,0,
2022-08-25 23:19:00,2022-08-25 23:09:00,,202208252309,9.146e-06,C9.1,GOES-16,1.086e-06,3.445e-03,,45.0,-28.0,HOL,-64.03061,-21.656593,-794.2794,-395.67163,GOES-16_XRS,1,6480,0,3088
2022-08-25 23:27:00,2022-08-25 23:21:00,2022-08-25 23:31:00,202208252321,1.037e-05,M1.0,GOES-16,8.032e-06,5.675e-03,6.741e-03,-61.0,-20.0,HOL,-60.31732,-22.446983,-763.4522,-413.7477,GOES-16_XRS,2,6450,0,3089
2022-08-26 01:26:00,2022-08-26 01:19:00,2022-08-26 01:28:00,202208260119,2.744e-06,C2.7,GOES-16,1.691e-06,1.330e-03,1.433e-03,,,,60.778076,-32.17864,702.1443,-550.6479,GOES-16_XRS,1,6550,0,3088
2022-08-26 02:35:00,2022-08-26 02:13:00,,202208260213,2.487e-06,C2.4,GOES-16,1.168e-06,2.939e-03,,-59.0,-23.0,LEA,65.13927,-27.79563,762.8379,-483.27454,GOES-16_XRS,1,6570,0,3089
2022-08-26 02:53:00,2022-08-26 02:42:00,,202208260242,4.401e-06,C4.4,GOES-16,2.297e-06,3.147e-03,,,,,49.592297,-26.18774,650.041,-484.67084,GOES-16_XRS,2,,0,
2022-08-26 03:08:00,2022-08-26 03:05:00,2022-08-26 03:10:00,202208260305,6.072e-06,C6.0,GOES-16,3.855e-06,2.027e-03,2.247e-03,,,,39.570187,-25.054354,549.30255,-481.73587,GOES-16_XRS,3,,0,
2022-08-26 04:10:00,2022-08-26 04:00:00,2022-08-26 04:16:00,202208260400,2.380e-06,C2.3,GOES-16,1.578e-06,1.700e-03,2.180e-03,,,,,,-1035.5413,-406.8748,GOES-16_XRS,1,6590,0,3089
2022-08-26 05:19:00,2022-08-26 05:11:00,2022-08-26 05:22:00,202208260511,4.785e-06,C4.7,GOES-16,1.192e-06,2.108e-03,2.231e-03,45.0,-25.0,LEA,47.49757,-26.292551,628.89484,-489.12076,GOES-16_XRS,1,6620,0,3088
2022-08-26 06:28:00,2022-08-26 06:07:00,2022-08-26 06:44:00,202208260607,7.307e-06,C7.3,GOES-16,1.807e-06,6.734e-03,1.146e-02,58.0,-29.0,SVI,49.31166,-25.37066,651.84436,-473.4817,GOES-16_XRS,1,6640,0,3088
2022-08-26 07:51:00,2022-08-26 07:48:00,2022-08-26 07:55:00,202208260748,3.500e-06,C3.5,GOES-16,2.579e-06,1.304e-03,1.655e-03,-57.0,-21.0,SVI,,,857.1233,-598.5357,GOES-16_XRS,1,6650,0,3089
2022-08-26 08:40:00,2022-08-26 08:34:00,,202208260834,5.276e-06,C5.2,GOES-16,2.841e-06,2.551e-03,,-55.0,-21.0,SVI,23.80655,-19.6451,362.16138,-418.83673,GOES-16_XRS,1,6660,0,3089
2022-08-26 08:59:00,2022-08-26 08:47:00,2022-08-26 09:03:00,202208260847,7.037e-06,C7.0,GOES-16,4.558e-06,5.948e-03,6.631e-03,,,,-50.72113,-19.71911,-693.34625,-388.37637,GOES-16_XRS,2,,0,
2022-08-26 10:39:00,2022-08-26 10:33:00,,202208261033,2.138e-06,C2.1,GOES-16,1.531e-06,1.084e-03,,,,,33.83628,-21.93108,491.8711,-443.25757,GOES-16_XRS,1,6730,0,3089
2022-08-26 10:55:00,2022-08-26 10:41:00,2022-08-26 11:04:00,202208261041,2.106e-05,M2.1,GOES-16,1.963e-06,1.085e-02,1.630e-02,-52.0,-22.0,SVI,-51.853455,-22.551134,-690.9953,-428.88324,GOES-16_XRS,2,6750,0,3089
2022-08-26 12:14:00,2022-08-26 12:08:00,2022-08-26 12:20:00,202208261208,7.244e-05,M7.2,GOES-16,1.636e-06,2.193e-02,3.105e-02,-51.0,-22.0,SVI,-55.59482,-23.460825,-719.8962,-436.4879,GOES-16_XRS,1,6760,0,3089
2022-08-26 12:31:00,2022-08-26 12:24:00,2022-08-26 12:37:00,202208261224,5.391e-05,M5.3,GOES-16,3.123e-05,2.952e-02,3.959e-02,,,,-52.73239,-22.838503,-697.74255,-431.79828,GOES-16_XRS,1,6770,0,3089
2022-08-26 18:18:00,2022-08-26 18:09:00,2022-08-26 18:25:00,202208261809,4.996e-06,C4.9,GOES-16,2.586e-06,3.070e-03,4.241e-03,56.0,-27.0,HOL,43.45526,-23.287472,601.34766,-451.64926,GOES-16_XRS,1,6870,0,3088
2022-08-26 22:35:00,2022-08-26 22:32:00,2022-08-26 22:39:00,202208262232,3.495e-06,C3.4,GOES-16,1.708e-06,1.132e-03,1.424e-03,-45.0,-23.0,HOL,50.39277,-27.10903,652.4906,-496.81805,GOES-16_XRS,1,6910,0,3089
2022-08-27 00:52:00,2022-08-27 00:41:00,,202208270041,3.415e-06,C3.4,GOES-16,1.637e-06,2.193e-03,,58.0,-19.0,LEA,55.35937,-28.59064,687.11896,-510.2465,GOES-16_XRS,1,6930,0,3088
2022-08-27 01:05:00,2022-08-27 00:57:00,2022-08-27 01:13:00,202208270057,5.077e-06,C5.0,GOES-16,2.570e-06,2.719e-03,4.108e-03,,,,47.2239,-26.458523,625.3532,-492.1319,GOES-16_XRS,2,6940,0,3088
2022-08-27 02:40:00,2022-08-27 01:52:00,2022-08-27 03:04:00,202208270152,4.876e-05,M4.8,GOES-16,4.019e-06,8.837e-02,1.341e-01,58.0,-19.0,LEA,57.03039,-28.509571,701.1546,-506.59387,GOES-16_XRS,1,6970,0,3088
2022-08-27 06:10:00,2022-08-27 06:05:00,2022-08-27 06:13:00,202208270605,5.472e-06,C5.4,GOES-16,3.922e-06,2.464e-03,2.716e-03,,,,66.41068,-25.338129,787.3757,-446.1558,GOES-16_XRS,1,7060,0,3088
2022-08-27 07:02:00,2022-08-27 06:53:00,2022-08-27 07:04:00,202208270653,8.850e-06,C8.8,GOES-16,3.023e-06,3.477e-03,3.735e-03,66.0,-30.0,SVI,58.31525,-26.445482,724.6438,-475.54337,GOES-16_XRS,1,7070,0,3088
2022-08-27 07:51:00,2022-08-27 07:47:00,2022-08-27 07:53:00,202208270747,5.684e-06,C5.6,GOES-16,2.592e-06,1.893e-03,2.088e-03,64.0,-29.0,SVI,61.132507,-25.674,750.56885,-459.93646,GOES-16_XRS,1,7090,0,3086
2022-08-27 09:16:00,2022-08-27 09:11:00,2022-08-27 09:20:00,202208270911,4.434e-06,C4.4,GOES-16,2.134e-06,1.693e-03,2.061e-03,73.0,-32.0,SVI,61.15017,-28.228048,733.8293,-496.23904,GOES-16_XRS,1,7160,0,3088
2022-08-27 11:38:00,2022-08-27 11:29:00,2022-08-27 11:42:00,202208271129,1.226e-05,M1.2,GOES-16,2.659e-06,5.260e-03,6.067e-03,66.0,-28.0,SVI,63.98754,-26.119638,767.22235,-461.6339,GOES-16_XRS,1,7310,0,3088
2022-08-27 12:06:00,2022-08-27 12:00:00,2022-08-27 12:08:00,202208271200,4.439e-06,C4.4,GOES-16,3.002e-06,2.186e-03,2.389e-03,64.0,-28.0,SVI,54.693596,-23.105762,714.1545,-432.9958,GOES-16_XRS,1,7320,0,3088
2022-08-27 12:48:00,2022-08-27 12:41:00,2022-08-27 12:50:00,202208271241,8.822e-06,C8.8,GOES-16,3.080e-06,3.034e-03,3.241e-03,66.0,-29.0,SVI,59.653572,-26.794662,732.6232,-478.4402,GOES-16_XRS,1,7360,0,3088
2022-08-27 13:13:00,2022-08-27 13:06:00,2022-08-27 13:15:00,202208271306,9.687e-06,C9.6,GOES-16,2.923e-06,3.541e-03,3.823e-03,,,,58.254738,-26.830656,721.7691,-481.19138,GOES-16_XRS,1,7380,0,3088
2022-08-27 14:59:00,2022-08-27 14:54:00,2022-08-27 15:02:00,202208271454,5.238e-06,C5.2,GOES-16,3.133e-06,2.181e-03,2.383e-03,70.0,-28.0,HOL,67.40354,-25.307781,793.4263,-444.07578,GOES-16_XRS,1,7400,0,3088
2022-08-27 15:25:00,2022-08-27 15:13:00,2022-08-27 15:29:00,202208271513,1.108e-05,M1.1,GOES-16,2.990e-06,6.886e-03,7.590e-03,71.0,-28.0,SVI,68.75645,-27.014093,789.2707,-466.34894,GOES-16_XRS,1,7430,0,3088
2022-08-27 15:58:00,2022-08-27 15:45:00,2022-08-27 16:20:00,202208271545,1.802e-05,M1.8,GOES-16,3.379e-06,1.070e-02,2.676e-02,,,,66.82475,-25.986483,785.59485,-454.9204,GOES-16_XRS,1,7440,0,3088
2022-08-27 20:45:00,2022-08-27 20:38:00,2022-08-27 20:50:00,202208272038,4.480e-06,C4.4,GOES-16,1.215e-06,2.038e-03,2.552e-03,,,,73.583984,-26.139616,818.3061,-445.25845,GOES-16_XRS,1,7520,0,3088
2022-08-27 21:15:00,2022-08-27 21:11:00,2022-08-27 21:18:00,202208272111,3.052e-06,C3.0,GOES-16,1.760e-06,1.187e-03,1.324e-03,,,,65.03927,-25.102886,780.612,-445.24225,GOES-16_XRS,1,7530,0,3088
2022-08-27 21:39:00,2022-08-27 21:36:00,2022-08-27 21:43:00,202208272136,5.194e-06,C5.1,GOES-16,1.556e-06,1.527e-03,1.865e-03,,,,66.47848,-26.033766,783.2906,-456.25232,GOES-16_XRS,1,7540,0,3088
2022-08-28 01:20:00,2022-08-28 00:47:00,,202208280047,1.429e-05,M1.4,GOES-16,1.597e-06,1.605e-02,,,,,76.9843,-26.53888,828.13666,-444.9311,GOES-16_XRS,1,,0,
2022-08-28 01:34:00,2022-08-28 01:26:00,2022-08-28 01:37:00,202208280126,1.460e-05,M1.4,GOES-16,1.291e-05,9.929e-03,1.068e-02,,,,73.85575,-24.977657,827.46594,-427.84845,GOES-16_XRS,2,7610,0,3088
2022-08-28 02:41:00,2022-08-28 02:32:00,2022-08-28 02:49:00,202208280232,7.419e-06,C7.4,GOES-16,4.090e-06,4.654e-03,6.779e-03,,,,77.4112,-26.799427,827.62964,-447.93884,GOES-16_XRS,1,7660,0,3088
2022-08-28 03:39:00,2022-08-28 03:31:00,2022-08-28 04:00:00,202208280331,4.545e-06,C4.5,GOES-16,2.728e-06,2.848e-03,7.489e-03,,,,62.258892,-25.973946,756.71686,-462.59723,GOES-16_XRS,1,7670,0,3088
2022-08-28 05:52:00,2022-08-28 05:44:00,2022-08-28 05:58:00,202208280544,3.010e-06,C3.0,GOES-16,1.718e-06,1.802e-03,2.374e-03,77.0,-28.0,SVI,70.66319,-26.977936,799.30536,-462.62338,GOES-16_XRS,1,7700,0,3088
2022-08-28 06:53:00,2022-08-28 06:50:00,2022-08-28 06:58:00,202208280650,3.306e-06,C3.3,GOES-16,2.029e-06,1.207e-03,1.672e-03,,,,64.02394,-24.4898,778.0193,-438.1421,GOES-16_XRS,1,7730,0,3089
2022-08-28 07:07:00,2022-08-28 06:59:00,2022-08-28 07:10:00,202208280659,5.363e-06,C5.3,GOES-16,2.469e-06,2.696e-03,2.900e-03,77.0,-28.0,SVI,64.01451,-24.165941,779.95557,-433.42358,GOES-16_XRS,1,7740,0,3088
2022-08-28 07:48:00,2022-08-28 07:24:00,2022-08-28 08:08:00,202208280724,9.903e-06,C9.9,GOES-16,3.255e-06,1.200e-02,2.063e-02,84.0,-29.0,SVI,,,848.5696,-467.124,GOES-16_XRS,1,7750,0,3088
2022-08-28 11:25:00,2022-08-28 11:17:00,2022-08-28 11:36:00,202208281117,3.163e-06,C3.1,GOES-16,2.186e-06,2.020e-03,3.502e-03,,,,70.96594,-29.260426,783.89374,-494.5279,GOES-16_XRS,1,7820,0,3088
2022-08-28 13:32:00,2022-08-28 13:22:00,2022-08-28 13:41:00,202208281322,5.344e-06,C5.3,GOES-16,1.944e-06,2.807e-03,4.528e-03,-28.0,-21.0,HOL,65.84224,-25.07064,785.91254,-443.54352,GOES-16_XRS,1,7840,0,3088
2022-08-28 16:19:00,2022-08-28 15:48:00,2022-08-28 16:45:00,202208281548,6.730e-05,M6.7,GOES-16,2.710e-06,7.407e-02,1.445e-01,80.0,-28.0,HOL,79.12459,-30.337421,805.2006,-495.32587,GOES-16_XRS,1,7860,0,3088
2022-08-28 18:32:00,2022-08-28 18:20:00,2022-08-28 18:49:00,202208281820,4.670e-05,M4.6,GOES-16,1.590e-05,3.089e-02,6.331e-02,,,,74.887,-25.335438,829.27405,-431.33282,GOES-16_XRS,1,7890,0,3088
2022-08-28 23:36:00,2022-08-28 23:33:00,2022-08-28 23:38:00,202208282333,7.542e-06,C7.5,GOES-16,3.691e-06,2.238e-03,2.464e-03,,,,72.32366,-23.916618,827.98047,-415.17047,GOES-16_XRS,1,7900,0,3088
2022-08-29 02:49:00,2022-08-29 02:44:00,2022-08-29 02:51:00,202208290244,3.795e-06,C3.7,GOES-16,2.240e-06,1.541e-03,1.696e-03,80.0,-23.0,LEA,69.1603,-22.107635,823.35785,-394.02707,GOES-16_XRS,1,7950,0,3088
2022-08-29 03:38:00,2022-08-29 03:24:00,2022-08-29 03:46:00,202208290324,3.380e-05,M3.3,GOES-16,2.730e-06,2.000e-02,2.751e-02,80.0,-23.0,LEA,75.955795,-26.434036,825.5832,-445.45593,GOES-16_XRS,1,7960,0,3088
2022-08-29 05:43:00,2022-08-29 05:35:00,2022-08-29 05:48:00,202208290535,4.716e-06,C4.7,GOES-16,2.578e-06,2.708e-03,3.360e-03,,,,67.715706,-24.206495,802.58673,-427.77307,GOES-16_XRS,1,7990,0,
2022-08-29 09:10:00,2022-08-29 08:55:00,2022-08-29 09:19:00,202208290855,8.543e-06,C8.5,GOES-16,2.721e-06,6.618e-03,9.208e-03,,,,,,836.0245,-458.87955,GOES-16_XRS,1,8030,0,3088
2022-08-29 11:07:00,2022-08-29 10:48:00,2022-08-29 11:11:00,202208291048,8.670e-05,M8.6,GOES-16,2.153e-06,2.523e-02,3.026e-02,,,,67.90114,-25.714977,793.8626,-449.50385,GOES-16_XRS,1,8110,0,3088
2022-08-29 14:40:00,2022-08-29 14:25:00,,202208291425,8.731e-06,C8.7,GOES-16,2.698e-06,6.633e-03,,,,,65.586334,-24.120892,790.5228,-430.33536,GOES-16_XRS,1,8130,0,
2022-08-29 14:56:00,2022-08-29 14:46:00,2022-08-29 15:07:00,202208291446,2.550e-05,M2.5,GOES-16,7.889e-06,1.412e-02,2.434e-02,,,,69.54264,-24.948853,807.8213,-435.48178,GOES-16_XRS,2,8180,0,3088
2022-08-29 16:35:00,2022-08-29 16:11:00,2022-08-29 17:25:00,202208291611,4.257e-05,M4.2,GOES-16,3.671e-06,3.818e-02,1.189e-01,,,,,,830.48364,-461.5806,GOES-16_XRS,1,,0,
2022-08-29 18:57:00,2022-08-29 18:45:00,2022-08-29 19:07:00,202208291845,4.674e-05,M4.6,GOES-16,1.233e-05,2.763e-02,4.366e-02,,,,67.843834,-25.439981,795.4323,-445.6799,GOES-16_XRS,1,8170,0,3088
2022-08-29 21:54:00,2022-08-29 21:43:00,2022-08-29 22:06:00,202208292143,5.996e-06,C5.9,GOES-16,3.242e-06,4.645e-03,7.685e-03,,,,69.969734,-24.210886,814.87463,-423.9454,GOES-16_XRS,1,8230,0,3088
2022-08-30 01:40:00,2022-08-30 01:25:00,,202208300125,1.691e-05,M1.6,GOES-16,3.475e-06,1.143e-02,,,,,69.52096,-24.719328,809.29443,-432.2464,GOES-16_XRS,1,,0,
2022-08-30 02:12:00,2022-08-30 01:58:00,2022-08-30 02:23:00,202208300158,1.501e-05,M1.5,GOES-16,1.176e-05,1.492e-02,2.242e-02,,,,78.38583,-24.822697,844.9812,-417.53503,GOES-16_XRS,2,8250,0,3088
2022-08-30 04:57:00,2022-08-30 04:44:00,2022-08-30 05:09:00,202208300444,7.630e-06,C7.6,GOES-17,1.535e-06,4.433e-03,7.809e-03,,,,,,909.7976,-402.11276,GOES-17_XRS,1,8280,0,3088
2022-08-30 08:32:00,2022-08-30 08:18:00,2022-08-30 08:48:00,202208300818,2.445e-06,C2.4,GOES-16,1.030e-06,1.975e-03,3.608e-03,1.0,-22.0,SVI,71.51866,-22.125751,835.55023,-390.20856,GOES-16_XRS,1,8290,0,3089
2022-08-30 10:59:00,2022-08-30 10:43:00,,202208301043,1.598e-06,C1.5,GOES-16,9.622e-07,1.633e-03,,,,,61.715813,-12.536198,818.2358,-259.8924,GOES-16_XRS,1,8300,0,3088
2022-08-30 11:43:00,2022-08-30 11:01:00,2022-08-30 12:00:00,202208301101,2.978e-06,C2.9,GOES-16,1.583e-06,5.926e-03,8.191e-03,,,,71.18954,-20.838156,841.4064,-371.4289,GOES-16_XRS,2,8300,0,3088
2022-08-30 14:13:00,2022-08-30 14:10:00,2022-08-30 14:19:00,202208301410,1.182e-06,C1.1,GOES-16,6.314e-07,4.002e-04,6.142e-04,2.0,-20.0,SVI,3.7183921,-22.78994,57.02761,-476.02347,GOES-16_XRS,1,8320,0,3089
2022-08-30 16:47:00,2022-08-30 16:34:00,,202208301634,2.134e-06,C2.1,GOES-16,8.032e-07,1.502e-03,,,,,81.24618,-27.469515,833.39,-450.96207,GOES-16_XRS,1,8340,0,
2022-08-30 17:21:00,2022-08-30 16:48:00,,202208301648,5.389e-06,C5.3,GOES-16,2.097e-06,8.570e-03,,,,,75.47143,-27.102373,819.2891,-456.2499,GOES-16_XRS,2,8340,0,
2022-08-30 17:49:00,2022-08-30 17:35:00,2022-08-30 17:55:00,202208301735,7.097e-06,C7.0,GOES-16,4.968e-06,6.721e-03,8.128e-03,,,,,,845.9012,-447.0843,GOES-16_XRS,3,8340,0,
2022-08-31 07:50:00,2022-08-31 07:33:00,2022-08-31 08:01:00,202208310733,4.285e-06,C4.2,GOES-16,1.819e-06,3.922e-03,5.754e-03,8.0,-24.0,SVI,10.277073,-19.40387,160.54005,-425.11154,GOES-16_XRS,1,8390,0,3089
2022-08-31 14:59:00,2022-08-31 14:50:00,2022-08-31 15:07:00,202208311450,2.108e-06,C2.1,GOES-16,9.601e-07,1.172e-03,1.748e-03,11.0,-23.0,SVI,12.242102,-24.555952,183.97078,-499.33237,GOES-16_XRS,1,8450,0,3089
2022-08-31 18:40:00,2022-08-31 18:33:00,2022-08-31 18:45:00,202208311833,1.313e-06,C1.3,GOES-16,7.814e-07,6.730e-04,8.613e-04,,,,19.03282,-25.247976,281.31906,-505.63306,GOES-16_XRS,1,8470,0,3089
2022-08-31 19:45:00,2022-08-31 19:36:00,2022-08-31 19:58:00,202208311936,2.719e-06,C2.7,GOES-16,8.003e-07,1.275e-03,2.549e-03,,,,13.824463,-20.825338,213.07362,-444.8457,GOES-16_XRS,1,8480,0,3089
2022-09-01 00:01:00,2022-08-31 23:57:00,2022-09-01 00:07:00,202208312357,1.226e-06,C1.2,GOES-16,8.804e-07,5.160e-04,7.683e-04,,,,16.693571,-24.930742,248.47197,-502.6164,GOES-16_XRS,1,8490,0,3089
2022-09-01 01:20:00,2022-09-01 01:14:00,2022-09-01 01:24:00,202209010114,1.347e-06,C1.3,GOES-16,6.782e-07,5.882e-04,6.992e-04,,,,18.055933,-20.771763,276.4729,-441.83322,GOES-16_XRS,1,8500,0,3089
2022-09-01 09:53:00,2022-09-01 09:46:00,2022-09-01 09:58:00,202209010946,1.098e-06,C1.0,GOES-16,7.154e-07,5.739e-04,7.365e-04,,,,,,853.80756,-461.06354,GOES-16_XRS,1,8530,0,3086
2022-09-01 12:13:00,2022-09-01 12:06:00,,202209011206,1.197e-06,C1.1,GOES-16,6.686e-07,6.600e-04,,,,,,,-939.01013,-168.66751,GOES-16_XRS,1,,0,
2022-09-01 12:20:00,2022-09-01 12:15:00,2022-09-01 12:23:00,202209011215,1.705e-06,C1.7,GOES-16,1.166e-06,7.814e-04,8.580e-04,,,,-55.538055,-5.9426823,-781.38837,-165.06465,GOES-16_XRS,2,8540,0,3086
2022-09-01 13:58:00,2022-09-01 13:46:00,2022-09-01 14:08:00,202209011346,4.136e-06,C4.1,GOES-16,8.200e-07,2.099e-03,3.528e-03,,,,-77.22766,-7.8138742,-919.1729,-154.429,GOES-16_XRS,1,8550,0,3092
2022-09-01 19:14:00,2022-09-01 19:04:00,2022-09-01 19:21:00,202209011904,1.268e-06,C1.2,GOES-16,8.236e-07,8.913e-04,1.213e-03,,,,-74.98129,-10.483905,-903.6639,-202.16519,GOES-16_XRS,1,8560,0,3092
2022-09-01 22:13:00,2022-09-01 22:03:00,2022-09-01 22:19:00,202209012203,1.533e-06,C1.5,GOES-16,6.473e-07,8.416e-04,1.112e-03,,,,28.281887,-18.571678,428.4756,-401.30554,GOES-16_XRS,1,8570,0,3089
2022-09-02 02:24:00,2022-09-02 02:17:00,2022-09-02 02:26:00,202209020217,1.132e-06,C1.1,GOES-16,5.647e-07,4.909e-04,5.363e-04,,,,35.216827,-14.285457,533.0721,-328.2505,GOES-16_XRS,1,8580,0,3089
2022-09-02 02:51:00,2022-09-02 02:45:00,2022-09-02 02:57:00,202209020245,9.826e-07,B9.8,GOES-16,5.917e-07,4.627e-04,6.525e-04,,,,,,,,,1,8590,0,3089
2022-09-02 03:06:00,2022-09-02 03:01:00,,202209020301,9.715e-07,B9.7,GOES-16,6.840e-07,4.641e-04,,,,,,,,,,1,8600,0,3094
2022-09-02 03:15:00,2022-09-02 03:09:00,2022-09-02 03:19:00,202209020309,1.132e-06,C1.1,GOES-16,8.571e-07,6.033e-04,7.152e-04,,,,-47.871613,26.5257,-632.67944,350.6535,GOES-16_XRS,2,8620,0,3094
2022-09-02 04:24:00,2022-09-02 04:14:00,2022-09-02 04:34:00,202209020414,1.810e-06,C1.8,GOES-16,8.778e-07,1.145e-03,1.844e-03,,,,35.27546,-23.051844,506.76514,-460.34262,GOES-16_XRS,1,8610,0,3089
2022-09-02 10:06:00,2022-09-02 10:00:00,2022-09-02 10:08:00,202209021000,1.665e-06,C1.6,GOES-16,6.775e-07,6.655e-04,7.230e-04,,,,-69.89456,23.96763,-817.10455,346.21387,GOES-16_XRS,1,8640,0,3094
2022-09-02 13:26:00,2022-09-02 13:19:00,2022-09-02 13:28:00,202209021319,2.187e-06,C2.1,GOES-16,1.022e-06,8.815e-04,9.451e-04,41.0,-22.0,SVI,34.41169,-18.717886,510.57596,-397.27313,GOES-16_XRS,1,8650,0,3089
2022-09-02 14:03:00,2022-09-02 13:59:00,2022-09-02 14:13:00,202209021359,2.439e-06,C2.4,GOES-16,9.286e-07,8.646e-04,1.699e-03,40.0,-23.0,HOL,,,-893.5679,376.76068,GOES-16_XRS,1,8660,0,3094
2022-09-02 15:19:00,2022-09-02 14:56:00,,202209021456,2.627e-06,C2.6,GOES-16,9.192e-07,3.157e-03,,42.0,-23.0,HOL,57.830265,-27.76164,713.45306,-496.50043,GOES-16_XRS,1,8690,0,3089
2022-09-02 15:56:00,2022-09-02 15:51:00,2022-09-02 16:03:00,202209021551,1.950e-06,C1.9,GOES-16,1.902e-06,1.043e-03,1.621e-03,,,,63.519444,-21.620888,792.4199,-397.6794,GOES-16_XRS,2,,0,
2022-09-02 16:12:00,2022-09-02 16:06:00,,202209021606,2.361e-06,C2.3,GOES-17,1.959e-06,1.314e-03,,,,,58.78612,-28.238153,717.6148,-501.66693,GOES-17_XRS,3,,0,
2022-09-02 16:24:00,2022-09-02 16:15:00,2022-09-02 16:32:00,202209021615,3.568e-06,C3.5,GOES-16,2.264e-06,2.344e-03,3.430e-03,43.0,-23.0,SVI,43.299683,-26.820732,583.44763,-504.46826,GOES-16_XRS,1,8700,0,3089
2022-09-02 16:50:00,2022-09-02 16:43:00,2022-09-02 16:54:00,202209021643,2.930e-06,C2.9,GOES-16,2.161e-06,1.688e-03,1.974e-03,42.0,-22.0,HOL,34.37623,-22.737043,496.69803,-456.91187,GOES-16_XRS,1,8710,0,3089
2022-09-02 17:16:00,2022-09-02 17:04:00,2022-09-02 17:26:00,202209021704,3.881e-06,C3.8,GOES-16,1.761e-06,2.915e-03,4.395e-03,42.0,-22.0,HOL,45.71271,-24.946712,618.7108,-474.66022,GOES-16_XRS,1,8720,0,3089
2022-09-02 19:53:00,2022-09-02 19:45:00,,202209021945,3.336e-06,C3.3,GOES-16,2.384e-06,2.177e-03,,,,,,,861.7991,-444.01526,GOES-16_XRS,1,,0,
2022-09-02 20:04:00,2022-09-02 19:57:00,2022-09-02 20:08:00,202209021957,3.453e-06,C3.4,GOES-16,3.271e-06,2.208e-03,2.609e-03,,,,,,1093.1677,-363.5245,GOES-16_XRS,2,8730,0,3093
2022-09-02 23:24:00,2022-09-02 23:16:00,2022-09-02 23:34:00,202209022316,1.815e-06,C1.8,GOES-16,1.090e-06,9.975e-04,1.727e-03,,,,45.3925,-19.008684,641.8053,-387.63885,GOES-16_XRS,1,8750,0,3089
2022-09-03 02:14:00,2022-09-03 02:05:00,2022-09-03 02:18:00,202209030205,1.787e-06,C1.7,GOES-16,1.111e-06,1.102e-03,1.259e-03,,,,57.86432,-19.491753,760.58435,-375.43948,GOES-16_XRS,1,8760,0,3089
2022-09-03 03:08:00,2022-09-03 03:01:00,2022-09-03 03:11:00,202209030301,1.044e-06,C1.0,GOES-16,7.087e-07,6.010e-04,6.508e-04,,,,-56.289124,2.3763034,-792.27765,-27.21879,GOES-16_XRS,1,8770,0,3092
2022-09-03 06:53:00,2022-09-03 06:43:00,,202209030643,1.281e-06,C1.2,GOES-16,7.384e-07,8.678e-04,,45.0,-23.0,LEA,55.587605,-20.039406,738.59467,-387.5599,GOES-16_XRS,1,8790,0,3089
2022-09-03 07:11:00,2022-09-03 06:56:00,2022-09-03 07:20:00,202209030656,2.017e-06,C2.0,GOES-16,1.271e-06,2.029e-03,2.755e-03,,,,52.594315,-21.771862,703.09674,-418.29916,GOES-16_XRS,2,8840,0,3089
2022-09-03 07:44:00,2022-09-03 07:33:00,2022-09-03 07:54:00,202209030733,2.659e-06,C2.6,GOES-16,1.764e-06,2.062e-03,3.178e-03,51.0,-20.0,SVI,54.537045,-19.039383,733.7971,-374.147,GOES-16_XRS,1,8800,0,3089
2022-09-03 11:14:00,2022-09-03 11:07:00,2022-09-03 11:17:00,202209031107,8.881e-07,B8.8,GOES-16,6.326e-07,4.847e-04,5.282e-04,,,,,,,,,1,8820,0,3089
2022-09-03 11:32:00,2022-09-03 11:27:00,2022-09-03 11:35:00,202209031127,1.118e-06,C1.1,GOES-16,8.071e-07,5.247e-04,5.793e-04,53.0,-23.0,SVI,52.413307,-24.221262,688.7719,-454.57474,GOES-16_XRS,1,8830,0,3089
2022-09-03 12:03:00,2022-09-03 11:54:00,2022-09-03 12:19:00,202209031154,1.353e-06,C1.3,GOES-16,7.711e-07,8.149e-04,1.787e-03,,,,42.274746,-17.580313,611.6471,-370.4014,GOES-16_XRS,1,,0,
2022-09-03 12:26:00,2022-09-03 12:20:00,2022-09-03 12:32:00,202209031220,2.135e-06,C2.1,GOES-16,1.057e-06,1.019e-03,1.407e-03,52.0,-20.0,SVI,46.905678,-16.286419,668.4089,-343.942,GOES-16_XRS,1,8860,0,3089
2022-09-03 13:40:00,2022-09-03 13:36:00,2022-09-03 13:44:00,202209031336,1.360e-06,C1.3,GOES-16,9.387e-07,5.606e-04,6.929e-04,53.0,-24.0,SVI,75.50994,-22.504927,851.26355,-389.05002,GOES-16_XRS,1,8880,0,3089
2022-09-03 15:18:00,2022-09-03 15:15:00,2022-09-03 15:23:00,202209031515,1.071e-06,C1.0,GOES-16,7.072e-07,3.896e-04,5.453e-04,,,,38.735184,-12.861049,582.03986,-301.94598,GOES-16_XRS,1,8890,0,3089
2022-09-03 16:34:00,2022-09-03 16:29:00,2022-09-03 16:36:00,202209031629,1.034e-06,C1.0,GOES-16,6.610e-07,4.438e-04,4.891e-04,55.0,-23.0,HOL,55.995632,-37.283592,628.28766,-625.7415,GOES-16_XRS,1,8910,0,3089
2022-09-03 16:48:00,2022-09-03 16:40:00,2022-09-03 16:53:00,202209031640,3.177e-06,C3.1,GOES-16,7.529e-07,1.352e-03,1.690e-03,,,,54.848965,-23.53683,714.3989,-440.82742,GOES-16_XRS,1,8930,0,3089
2022-09-03 20:10:00,2022-09-03 19:56:00,,202209031956,2.086e-06,C2.0,GOES-16,8.690e-07,1.543e-03,,,,,55.392616,-22.828634,722.9719,-429.5813,GOES-16_XRS,1,,0,
2022-09-03 20:17:00,2022-09-03 20:12:00,2022-09-03 20:23:00,202209032012,2.696e-06,C2.6,GOES-16,1.946e-06,1.295e-03,1.850e-03,,,,57.01594,-21.748466,742.478,-410.9252,GOES-16_XRS,2,8950,0,3089
2022-09-03 21:14:00,2022-09-03 21:05:00,,202209032105,1.301e-06,C1.3,GOES-16,7.935e-07,8.406e-04,,,,,55.50024,-24.331085,715.64276,-451.4069,GOES-16_XRS,1,,0,
2022-09-03 21:36:00,2022-09-03 21:32:00,2022-09-03 21:41:00,202209032132,2.827e-06,C2.8,GOES-16,1.103e-06,1.054e-03,1.392e-03,58.0,-24.0,HOL,53.880363,-21.595753,715.9164,-413.7631,GOES-16_XRS,2,8960,0,3089
2022-09-03 23:09:00,2022-09-03 23:04:00,,202209032304,2.160e-06,C2.1,GOES-16,1.171e-06,9.369e-04,,,,,71.8086,-31.28168,772.84125,-522.2856,GOES-16_XRS,1,,0,
2022-09-03 23:18:00,2022-09-03 23:15:00,2022-09-03 23:20:00,202209032315,2.171e-06,C2.1,GOES-16,1.678e-06,8.030e-04,9.014e-04,,,,,,811.6247,-537.11957,GOES-16_XRS,2,8970,0,3089
2022-09-04 00:06:00,2022-09-03 23:53:00,2022-09-04 00:16:00,202209032353,4.042e-06,C4.0,GOES-16,1.330e-06,2.916e-03,4.272e-03,,,,62.380672,-30.223694,729.2244,-523.65576,GOES-16_XRS,1,8980,0,3089
2022-09-04 03:02:00,2022-09-04 02:51:00,2022-09-04 03:18:00,202209040251,6.419e-06,C6.4,GOES-16,2.546e-06,3.839e-03,7.936e-03,61.0,-23.0,LEA,62.677322,-25.620018,763.1213,-458.25085,GOES-16_XRS,1,8990,0,3089
2022-09-04 05:31:00,2022-09-04 05:16:00,2022-09-04 05:37:00,202209040516,4.795e-06,C4.7,GOES-17,2.641e-06,4.238e-03,5.136e-03,62.0,-24.0,SVI,,,874.4828,-448.03668,GOES-17_XRS,1,9010,0,3089
2022-09-04 07:17:00,2022-09-04 07:09:00,2022-09-04 07:27:00,202209040709,2.277e-06,C2.2,GOES-16,1.584e-06,1.414e-03,2.411e-03,,,,-29.187317,15.99913,-447.63876,160.22107,GOES-16_XRS,1,9020,0,3094
2022-09-04 07:54:00,2022-09-04 07:35:00,2022-09-04 08:11:00,202209040735,3.969e-06,C3.9,GOES-16,2.017e-06,4.352e-03,7.431e-03,,,,-17.505707,-30.852474,-246.45558,-583.9085,GOES-16_XRS,1,9040,0,3093
2022-09-04 10:21:00,2022-09-04 10:14:00,2022-09-04 10:39:00,202209041014,2.299e-06,C2.2,GOES-16,1.075e-06,1.175e-03,3.001e-03,62.0,-24.0,SVI,71.89306,-23.550047,829.6092,-411.5506,GOES-16_XRS,1,9050,0,3089
2022-09-04 10:55:00,2022-09-04 10:52:00,2022-09-04 10:59:00,202209041052,2.541e-06,C2.5,GOES-16,1.344e-06,8.562e-04,1.077e-03,,,,54.441505,-22.256702,717.72046,-422.77585,GOES-16_XRS,1,9060,0,3089
2022-09-04 11:32:00,2022-09-04 11:22:00,,202209041122,3.141e-06,C3.1,GOES-16,1.486e-06,2.025e-03,,,,,57.387093,-25.097729,726.9675,-459.5852,GOES-16_XRS,1,9070,0,3089
2022-09-04 11:45:00,2022-09-04 11:41:00,2022-09-04 11:51:00,202209041141,3.083e-06,C3.0,GOES-16,2.522e-06,1.399e-03,2.077e-03,,,,55.001778,-21.433878,726.8732,-409.6526,GOES-16_XRS,2,,0,
2022-09-04 12:16:00,2022-09-04 12:11:00,2022-09-04 12:20:00,202209041211,4.394e-06,C4.3,GOES-16,1.762e-06,1.641e-03,1.982e-03,,,,64.57442,-26.11587,772.4764,-462.2103,GOES-16_XRS,1,9080,0,3089
2022-09-04 13:55:00,2022-09-04 13:47:00,2022-09-04 14:01:00,202209041347,2.528e-06,C2.5,GOES-16,1.749e-06,1.534e-03,2.055e-03,,,,,,925.50305,-294.64807,GOES-16_XRS,1,9090,0,3089
2022-09-04 14:11:00,2022-09-04 14:03:00,2022-09-04 14:25:00,202209041403,3.016e-06,C3.0,GOES-16,2.035e-06,1.958e-03,3.915e-03,,,,74.09934,-29.648752,795.63336,-495.6869,GOES-16_XRS,1,9100,0,3089
2022-09-04 16:23:00,2022-09-04 16:19:00,2022-09-04 16:27:00,202209041619,2.176e-06,C2.1,GOES-16,1.178e-06,8.235e-04,1.015e-03,70.0,-27.0,HOL,63.708496,-23.443228,783.6617,-424.7736,GOES-16_XRS,1,9110,0,3089
2022-09-04 16:38:00,2022-09-04 16:30:00,2022-09-04 16:44:00,202209041630,8.323e-06,C8.3,GOES-16,1.471e-06,3.591e-03,4.776e-03,,,,66.83073,-26.234701,785.4512,-460.02014,GOES-16_XRS,1,9120,0,3089
2022-09-04 18:06:00,2022-09-04 18:00:00,2022-09-04 18:13:00,202209041800,1.836e-06,C1.8,GOES-16,1.195e-06,8.606e-04,1.316e-03,,,,52.13677,-17.848808,716.59015,-360.11658,GOES-16_XRS,1,9130,0,3092
2022-09-04 18:27:00,2022-09-04 18:21:00,2022-09-04 18:30:00,202209041821,2.288e-06,C2.2,GOES-16,1.506e-06,1.092e-03,1.197e-03,,,,49.502026,-21.058487,676.7457,-412.7289,GOES-16_XRS,1,9140,0,3092
2022-09-04 20:51:00,2022-09-04 20:44:00,2022-09-04 20:55:00,202209042044,2.358e-06,C2.3,GOES-16,1.491e-06,1.207e-03,1.412e-03,,,,,,945.478,-489.64105,GOES-16_XRS,1,9160,0,3089
2022-09-04 21:48:00,2022-09-04 21:40:00,2022-09-04 21:56:00,202209042140,2.594e-06,C2.5,GOES-16,1.362e-06,1.416e-03,2.142e-03,,,,53.096264,-14.4684105,738.3803,-306.20966,GOES-16_XRS,1,9170,0,3089
2022-09-05 02:05:00,2022-09-05 01:53:00,2022-09-05 02:18:00,202209050153,5.061e-06,C5.0,GOES-16,1.914e-06,3.274e-03,5.912e-03,-29.0,-10.0,LEA,-27.53299,-9.843851,-434.9572,-267.09735,GOES-16_XRS,1,9210,0,3092
2022-09-05 02:56:00,2022-09-05 02:49:00,2022-09-05 02:58:00,202209050249,4.492e-06,C4.4,GOES-16,1.622e-06,1.724e-03,1.836e-03,,,,85.08468,-22.242975,877.3791,-366.7797,GOES-16_XRS,1,9220,0,3092
2022-09-05 03:26:00,2022-09-05 03:14:00,2022-09-05 03:35:00,202209050314,2.401e-06,C2.4,GOES-16,1.637e-06,2.014e-03,2.899e-03,,,,54.050446,-17.737865,735.2392,-355.38168,GOES-16_XRS,1,9230,0,3089
2022-09-05 04:46:00,2022-09-05 04:30:00,2022-09-05 05:08:00,202209050430,6.541e-06,C6.5,GOES-17,2.016e-06,5.531e-03,1.167e-02,,,,80.340866,-24.22109,855.65045,-405.6957,GOES-17_XRS,1,9240,0,
2022-09-05 08:10:00,2022-09-05 07:55:00,,202209050755,3.975e-06,C3.9,GOES-16,1.249e-06,2.898e-03,,77.0,-28.0,SVI,73.6547,-25.125713,827.2641,-431.6644,GOES-16_XRS,1,9260,0,3089
2022-09-05 08:20:00,2022-09-05 08:16:00,2022-09-05 08:22:00,202209050816,3.887e-06,C3.8,GOES-16,3.444e-06,1.742e-03,1.930e-03,,,,67.37714,-24.914106,797.4942,-439.98383,GOES-16_XRS,2,9270,0,3089
2022-09-05 08:58:00,2022-09-05 08:47:00,2022-09-05 09:15:00,202209050847,4.028e-06,C4.0,GOES-16,1.733e-06,2.513e-03,5.395e-03,,,,63.900185,-22.716915,789.34436,-413.7884,GOES-16_XRS,1,9280,0,3092
2022-09-05 10:21:00,2022-09-05 10:16:00,2022-09-05 10:27:00,202209051016,1.622e-06,C1.6,GOES-16,1.113e-06,7.903e-04,1.118e-03,,,,65.66802,-22.842705,800.0748,-412.52582,GOES-16_XRS,1,9290,0,3089
2022-09-05 10:39:00,2022-09-05 10:30:00,2022-09-05 10:52:00,202209051030,3.137e-06,C3.1,GOES-16,1.228e-06,1.677e-03,3.230e-03,,,,,,842.27057,-447.83984,GOES-16_XRS,1,9300,0,3089
2022-09-05 11:07:00,2022-09-05 10:57:00,,202209051057,4.116e-06,C4.1,GOES-16,1.873e-06,2.872e-03,,,,,62.58914,-20.352684,793.2313,-380.67453,GOES-16_XRS,1,9320,0,3092
2022-09-05 11:14:00,2022-09-05 11:10:00,2022-09-05 11:16:00,202209051110,5.386e-06,C5.3,GOES-16,3.945e-06,2.191e-03,2.417e-03,,,,63.902775,-21.99159,793.51385,-402.99094,GOES-16_XRS,2,9330,0,3089
2022-09-05 17:22:00,2022-09-05 17:12:00,,202209051712,4.775e-06,C4.7,GOES-16,2.064e-06,2.738e-03,,,,,75.07507,-24.545712,836.9424,-420.5352,GOES-16_XRS,1,9370,0,3089
2022-09-05 17:41:00,2022-09-05 17:33:00,2022-09-05 17:49:00,202209051733,4.059e-06,C4.0,GOES-16,3.449e-06,2.754e-03,4.122e-03,,,,70.26568,-25.163954,811.4905,-438.49026,GOES-16_XRS,2,,0,
2022-09-05 18:05:00,2022-09-05 17:58:00,2022-09-05 18:13:00,202209051758,1.100e-05,M1.1,GOES-16,3.434e-06,4.578e-03,7.352e-03,,,,75.12541,-25.070055,833.59985,-428.1693,GOES-16_XRS,1,9400,0,3089
2022-09-05 20:02:00,2022-09-05 19:53:00,,202209051953,2.999e-06,C2.9,GOES-16,1.261e-06,1.662e-03,,,,,67.99245,-23.906849,807.5173,-424.15994,GOES-16_XRS,1,9420,0,3089
2022-09-05 20:27:00,2022-09-05 20:15:00,2022-09-05 20:34:00,202209052015,3.881e-06,C3.8,GOES-16,2.193e-06,3.034e-03,3.976e-03,,,,59.83392,-20.548319,771.7696,-388.4978,GOES-16_XRS,2,9430,0,3089
2022-09-05 23:08:00,2022-09-05 23:02:00,2022-09-05 23:14:00,202209052302,1.838e-06,C1.8,GOES-16,1.075e-06,8.891e-04,1.236e-03,,,,,,891.56226,-436.0132,GOES-16_XRS,1,9450,0,3089
2022-09-06 01:03:00,2022-09-06 00:58:00,2022-09-06 01:10:00,202209060058,1.631e-06,C1.6,GOES-16,8.082e-07,6.524e-04,1.023e-03,,,,-38.246918,14.693364,-571.83936,148.80342,GOES-16_XRS,1,9460,0,
2022-09-06 01:42:00,2022-09-06 01:34:00,2022-09-06 01:50:00,202209060134,1.836e-06,C1.8,GOES-16,9.687e-07,1.019e-03,1.537e-03,,,,,,913.95325,-402.69745,GOES-16_XRS,1,9480,0,
2022-09-06 03:28:00,2022-09-06 03:21:00,2022-09-06 03:32:00,202209060321,1.445e-06,C1.4,GOES-16,9.305e-07,7.493e-04,8.831e-04,,,,81.61056,-22.821318,867.9916,-382.3957,GOES-16_XRS,1,9490,0,3089
2022-09-06 11:29:00,2022-09-06 11:19:00,2022-09-06 11:31:00,202209061119,2.395e-06,C2.3,GOES-16,8.792e-07,1.113e-03,1.179e-03,,,,76.20634,-20.275093,867.6132,-354.261,GOES-16_XRS,1,9550,0,3089
2022-09-06 15:30:00,2022-09-06 15:23:00,2022-09-06 15:45:00,202209061523,1.212e-06,C1.2,GOES-16,8.857e-07,7.078e-04,1.580e-03,,,,73.089806,-16.840271,872.4169,-307.25613,GOES-16_XRS,1,9570,0,3089
2022-09-06 16:56:00,2022-09-06 16:47:00,2022-09-06 17:03:00,202209061647,1.243e-06,C1.2,GOES-16,7.753e-07,7.925e-04,1.105e-03,,,,,,904.7929,-432.88022,GOES-16_XRS,1,9580,0,3089
2022-09-06 18:33:00,2022-09-06 18:21:00,2022-09-06 18:41:00,202209061821,3.313e-06,C3.3,GOES-16,7.878e-07,1.822e-03,2.654e-03,,,,68.20761,-21.151226,825.2684,-382.7479,GOES-16_XRS,1,9590,0,3089
2022-09-06 21:31:00,2022-09-06 21:20:00,2022-09-06 21:51:00,202209062120,1.211e-06,C1.2,GOES-16,6.929e-07,8.657e-04,1.957e-03,,,,,,899.6945,-486.97705,GOES-16_XRS,1,9620,0,3089
2022-09-07 01:41:00,2022-09-07 01:32:00,2022-09-07 01:43:00,202209070132,1.501e-06,C1.5,GOES-16,6.667e-07,7.013e-04,7.493e-04,,,,68.06533,-21.80431,820.8164,-392.88022,GOES-16_XRS,1,9630,0,
2022-09-07 17:15:00,2022-09-07 17:08:00,2022-09-07 17:18:00,202209071708,1.057e-06,C1.0,GOES-16,7.400e-07,5.855e-04,6.351e-04,,,,-66.16037,24.464375,-794.0473,347.52368,GOES-16_XRS,1,9680,0,3096
2022-09-07 18:04:00,2022-09-07 17:59:00,2022-09-07 18:07:00,202209071759,1.189e-06,C1.1,GOES-16,6.518e-07,4.920e-04,5.412e-04,,,,-55.031433,16.59646,-749.5748,204.27373,GOES-16_XRS,1,9690,0,3096
2022-09-07 23:53:00,2022-09-07 23:43:00,2022-09-07 23:58:00,202209072343,1.187e-06,C1.1,GOES-16,6.811e-07,7.780e-04,9.458e-04,,,,-59.74527,18.445463,-781.9183,241.93542,GOES-16_XRS,1,9730,0,3096
2022-09-08 09:47:00,2022-09-08 09:38:00,2022-09-08 09:54:00,202209080938,1.331e-06,C1.3,GOES-16,6.642e-07,7.309e-04,1.031e-03,-28.0,16.0,SVI,-28.571259,18.748568,-432.90073,204.43076,GOES-16_XRS,1,9760,0,3098
2022-09-08 13:19:00,2022-09-08 13:10:00,2022-09-08 13:25:00,202209081310,1.194e-06,C1.1,GOES-16,7.166e-07,7.705e-04,9.976e-04,-27.0,16.0,SVI,-28.315979,10.409576,-446.00137,66.85726,GOES-16_XRS,1,9770,0,3098
2022-09-08 15:53:00,2022-09-08 15:47:00,2022-09-08 15:59:00,202209081547,1.070e-06,C1.0,GOES-16,6.870e-07,5.360e-04,7.470e-04,-24.0,18.0,HOL,-18.03946,-3.0069652,-295.72153,-164.38768,GOES-16_XRS,1,9790,0,3098
2022-09-08 16:55:00,2022-09-08 16:51:00,,202209081651,9.682e-07,B9.6,GOES-17,6.817e-07,4.025e-04,,,,,,,,,,1,9800,0,
2022-09-08 17:10:00,2022-09-08 16:57:00,2022-09-08 17:21:00,202209081657,2.205e-06,C2.2,GOES-16,8.366e-07,1.577e-03,2.501e-03,,,,-27.043335,15.415379,-419.04788,148.47333,GOES-16_XRS,1,9850,0,
2022-09-08 17:54:00,2022-09-08 17:45:00,2022-09-08 18:09:00,202209081745,1.124e-06,C1.1,GOES-16,7.689e-07,7.519e-04,1.539e-03,,,,,,-1041.2925,-547.3831,GOES-16_XRS,1,9810,0,
2022-09-09 01:28:00,2022-09-09 01:12:00,,202209090112,1.060e-06,C1.0,GOES-16,5.145e-07,9.847e-04,,,,,7.871797,3.7062464,130.73961,-58.02905,GOES-16_XRS,1,9860,0,
2022-09-09 01:36:00,2022-09-09 01:32:00,2022-09-09 01:40:00,202209090132,1.255e-06,C1.2,GOES-16,9.622e-07,5.416e-04,6.728e-04,,,,-24.990753,10.552498,-397.15308,66.16108,GOES-16_XRS,2,20,0,3096
2022-09-09 02:13:00,2022-09-09 02:01:00,2022-09-09 02:26:00,202209090201,2.031e-06,C2.0,GOES-16,8.280e-07,1.334e-03,2.392e-03,,,,-58.124084,16.138737,-778.70483,202.09547,GOES-16_XRS,1,9870,0,3096
2022-09-09 07:51:00,2022-09-09 07:40:00,,202209090740,9.333e-07,B9.3,GOES-16,5.212e-07,6.467e-04,,-2.0,23.0,SVI,,,,,,1,9890,0,3094
2022-09-09 08:13:00,2022-09-09 08:03:00,2022-09-09 08:17:00,202209090803,9.540e-07,B9.5,GOES-16,7.624e-07,7.289e-04,8.288e-04,-2.0,23.0,SVI,,,,,,2,9890,0,3094
2022-09-09 09:33:00,2022-09-09 09:22:00,,202209090922,7.736e-07,B7.7,GOES-16,5.103e-07,6.035e-04,,,,,,,,,,1,9900,0,3097
2022-09-09 09:53:00,2022-09-09 09:48:00,2022-09-09 09:56:00,202209090948,6.806e-07,B6.8,GOES-16,6.473e-07,3.597e-04,3.987e-04,,,,,,,,,2,,0,
2022-09-09 10:56:00,2022-09-09 10:46:00,2022-09-09 11:06:00,202209091046,8.832e-07,B8.8,GOES-16,5.797e-07,6.309e-04,9.989e-04,-1.0,21.0,SVI,,,,,,1,9910,0,3094
2022-09-09 12:27:00,2022-09-09 12:22:00,2022-09-09 12:30:00,202209091222,8.819e-07,B8.8,GOES-16,5.880e-07,3.815e-04,4.231e-04,,,,,,,,,1,9920,0,
2022-09-09 15:39:00,2022-09-09 15:30:00,2022-09-09 15:45:00,202209091530,1.127e-06,C1.1,GOES-16,6.107e-07,6.401e-04,8.484e-04,20.0,-12.0,SVI,25.23465,-8.798417,402.8609,-252.98354,GOES-16_XRS,1,9940,0,3097
2022-09-09 21:05:00,2022-09-09 21:02:00,2022-09-09 21:09:00,202209092102,1.181e-06,C1.1,GOES-16,8.437e-07,4.293e-04,5.403e-04,,,,-9.648773,20.730263,-149.96523,224.59378,GOES-16_XRS,1,10,0,3098
2022-09-10 02:09:00,2022-09-10 01:59:00,2022-09-10 02:17:00,202209100159,1.060e-06,C1.0,GOES-16,6.612e-07,7.469e-04,1.071e-03,,,,-51.542664,-11.561232,-732.6908,-263.31403,GOES-16_XRS,1,70,0,3100
2022-09-10 04:07:00,2022-09-10 04:00:00,2022-09-10 04:17:00,202209100400,7.667e-07,B7.6,GOES-16,5.506e-07,4.411e-04,7.704e-04,,,,,,,,,1,80,0,3100
2022-09-10 07:03:00,2022-09-10 06:50:00,,202209100650,1.262e-06,C1.2,GOES-16,5.068e-07,9.134e-04,,-1.0,16.0,SVI,-11.962158,12.93299,-193.28993,97.3111,GOES-16_XRS,1,90,0,3098
2022-09-10 07:21:00,2022-09-10 07:15:00,2022-09-10 07:25:00,202209100715,1.115e-06,C1.1,GOES-16,9.666e-07,6.292e-04,7.505e-04,,,,-31.116089,-5.4875526,-491.885,-193.54514,GOES-16_XRS,2,100,0,3098
2022-09-10 07:46:00,2022-09-10 07:39:00,2022-09-10 07:52:00,202209100739,1.304e-06,C1.3,GOES-16,8.374e-07,7.352e-04,9.893e-04,-63.0,-24.0,SVI,,,-924.2641,-461.60452,GOES-16_XRS,1,110,0,3100
2022-09-10 08:46:00,2022-09-10 08:35:00,2022-09-10 08:52:00,202209100835,1.781e-06,C1.7,GOES-16,5.909e-07,9.743e-04,1.260e-03,,,,-76.29782,-11.855266,-906.55536,-222.20193,GOES-16_XRS,1,,0,
2022-09-10 09:02:00,2022-09-10 08:53:00,2022-09-10 09:08:00,202209100853,1.966e-06,C1.9,GOES-16,1.151e-06,1.262e-03,1.646e-03,,,,-56.30435,-12.057646,-776.8737,-263.23007,GOES-16_XRS,1,120,0,
2022-09-10 11:19:00,2022-09-10 11:04:00,2022-09-10 11:29:00,202209101104,2.643e-06,C2.6,GOES-16,6.551e-07,1.734e-03,2.620e-03,-60.0,-23.0,SVI,-55.537262,-20.348534,-738.0273,-393.24005,GOES-16_XRS,1,150,0,3100
2022-09-10 13:12:00,2022-09-10 13:03:00,2022-09-10 13:17:00,202209101303,9.457e-07,B9.4,GOES-16,6.230e-07,6.098e-04,7.479e-04,,,,,,,,,1,170,0,3097
2022-09-10 19:27:00,2022-09-10 19:13:00,,202209101913,1.690e-06,C1.6,GOES-16,8.598e-07,1.421e-03,,,,,-44.756744,-12.599238,-656.61725,-290.31876,GOES-16_XRS,1,,0,
2022-09-10 19:42:00,2022-09-10 19:31:00,2022-09-10 19:55:00,202209101931,2.220e-06,C2.2,GOES-16,1.494e-06,1.770e-03,3.069e-03,-55.0,-23.0,HOL,-44.411926,-16.14235,-642.31696,-346.24792,GOES-16_XRS,2,190,0,3100
2022-09-10 21:57:00,2022-09-10 21:50:00,2022-09-10 22:11:00,202209102150,1.651e-06,C1.6,GOES-16,1.129e-06,9.571e-04,2.046e-03,,,,-45.55771,-16.357311,-654.55414,-347.91687,GOES-16_XRS,1,210,0,3100
2022-09-11 00:09:00,2022-09-10 23:49:00,2022-09-11 00:23:00,202209102349,2.852e-06,C2.8,GOES-16,8.203e-07,2.627e-03,4.151e-03,,,,-49.415436,-22.645275,-669.44446,-437.14725,GOES-16_XRS,1,220,0,3100
2022-09-11 02:37:00,2022-09-11 02:30:00,2022-09-11 02:48:00,202209110230,1.070e-06,C1.0,GOES-16,7.307e-07,5.902e-04,1.097e-03,,,,-21.236023,-5.353241,-345.03516,-200.54346,GOES-16_XRS,1,240,0,3099
2022-09-11 05:27:00,2022-09-11 05:16:00,2022-09-11 05:34:00,202209110516,1.254e-06,C1.2,GOES-18,8.434e-07,9.659e-04,1.282e-03,,,,-41.167145,-16.043312,-604.64624,-349.246,GOES-18_XRS,1,250,0,3100
2022-09-11 10:33:00,2022-09-11 10:27:00,2022-09-11 10:39:00,202209111027,4.752e-06,C4.7,GOES-16,1.412e-06,1.858e-03,2.600e-03,14.0,21.0,SVI,13.849948,20.337372,214.80733,220.07973,GOES-16_XRS,1,350,0,3098
2022-09-11 12:33:00,2022-09-11 12:26:00,2022-09-11 12:36:00,202209111226,4.643e-06,C4.6,GOES-16,1.543e-06,1.912e-03,2.081e-03,18.0,21.0,SVI,16.660233,18.51974,260.15973,191.92537,GOES-16_XRS,1,390,0,3098
2022-09-11 13:54:00,2022-09-11 13:44:00,2022-09-11 14:01:00,202209111344,3.612e-06,C3.6,GOES-16,1.891e-06,2.259e-03,3.130e-03,18.0,21.0,SVI,28.843222,22.643799,425.91058,267.84497,GOES-16_XRS,1,410,0,3098
2022-09-11 14:38:00,2022-09-11 14:31:00,2022-09-11 14:49:00,202209111431,5.268e-06,C5.2,GOES-16,1.846e-06,2.346e-03,4.450e-03,18.0,20.0,SVI,17.789455,20.321102,274.17685,221.9436,GOES-16_XRS,1,430,0,3098
2022-09-11 16:50:00,2022-09-11 16:39:00,2022-09-11 16:59:00,202209111639,4.818e-06,C4.8,GOES-16,2.504e-06,3.327e-03,4.940e-03,,,,18.683252,20.954277,286.27652,232.76573,GOES-16_XRS,1,460,0,3098
2022-09-11 18:13:00,2022-09-11 18:04:00,2022-09-11 18:19:00,202209111804,3.518e-06,C3.5,GOES-16,2.165e-06,2.219e-03,2.896e-03,,,,65.313736,28.637583,761.38416,409.81348,GOES-16_XRS,1,480,0,3101
2022-09-11 18:27:00,2022-09-11 18:22:00,2022-09-11 18:32:00,202209111822,4.732e-06,C4.7,GOES-16,2.494e-06,2.094e-03,2.724e-03,,,,18.952654,19.365747,293.23462,207.15382,GOES-16_XRS,1,490,0,3098
2022-09-11 22:28:00,2022-09-11 22:08:00,2022-09-11 22:38:00,202209112208,6.173e-06,C6.1,GOES-16,1.795e-06,4.960e-03,7.070e-03,25.0,19.0,HOL,14.044364,15.537244,223.7962,141.58151,GOES-16_XRS,1,500,0,3098
2022-09-12 00:28:00,2022-09-12 00:22:00,2022-09-12 00:34:00,202209120022,2.845e-06,C2.8,GOES-16,1.328e-06,1.353e-03,1.860e-03,,,,26.928736,21.649506,402.75092,250.23955,GOES-16_XRS,1,550,0,3098
2022-09-12 03:19:00,2022-09-12 03:12:00,2022-09-12 03:24:00,202209120312,3.263e-06,C3.2,GOES-16,2.073e-06,1.786e-03,2.256e-03,,,,,,879.62726,482.37112,GOES-16_XRS,1,570,0,3101
2022-09-12 04:16:00,2022-09-12 04:12:00,2022-09-12 04:22:00,202209120412,2.096e-06,C2.0,GOES-18,1.487e-06,8.908e-04,1.321e-03,,,,65.02031,24.647785,786.7199,348.86935,GOES-18_XRS,1,580,0,3101
2022-09-12 06:09:00,2022-09-12 06:00:00,2022-09-12 06:16:00,202209120600,3.007e-06,C3.0,GOES-16,1.977e-06,1.941e-03,2.707e-03,,,,66.68322,22.949324,807.4455,325.47995,GOES-16_XRS,1,590,0,
2022-09-12 06:29:00,2022-09-12 06:21:00,2022-09-12 06:41:00,202209120621,4.599e-06,C4.5,GOES-16,2.026e-06,2.368e-03,4.664e-03,,,,68.5682,26.382372,796.127,381.46762,GOES-16_XRS,1,600,0,3101
2022-09-12 08:34:00,2022-09-12 08:28:00,2022-09-12 08:40:00,202209120828,2.390e-06,C2.3,GOES-16,1.682e-06,1.248e-03,1.741e-03,28.0,19.0,SVI,66.125885,31.591667,743.7457,454.74088,GOES-16_XRS,1,630,0,3098
2022-09-12 09:25:00,2022-09-12 09:16:00,2022-09-12 09:33:00,202209120916,3.768e-06,C3.7,GOES-16,2.379e-06,2.450e-03,3.595e-03,,,,70.5777,26.95234,802.4913,393.5713,GOES-16_XRS,1,640,0,
2022-09-12 11:27:00,2022-09-12 11:17:00,2022-09-12 11:34:00,202209121117,3.600e-06,C3.5,GOES-16,2.591e-06,2.684e-03,3.624e-03,76.0,28.0,SVI,63.173626,28.126255,751.6429,398.76135,GOES-16_XRS,1,670,0,3101
2022-09-12 12:25:00,2022-09-12 12:11:00,2022-09-12 12:32:00,202209121211,6.325e-06,C6.3,GOES-16,2.423e-06,5.309e-03,6.641e-03,75.0,29.0,SVI,47.90234,20.760998,663.3132,260.68472,GOES-16_XRS,1,690,0,3101
2022-09-12 13:00:00,2022-09-12 12:55:00,2022-09-12 13:06:00,202209121255,7.502e-06,C7.5,GOES-16,2.263e-06,2.767e-03,3.965e-03,77.0,28.0,SVI,73.51199,26.850569,816.5281,397.20853,GOES-16_XRS,1,700,0,3101
2022-09-12 16:17:00,2022-09-12 16:09:00,2022-09-12 16:23:00,202209121609,2.052e-06,C2.0,GOES-16,1.396e-06,1.315e-03,1.732e-03,,,,31.461021,14.493327,483.5231,138.03499,GOES-16_XRS,1,770,0,3101
2022-09-12 19:03:00,2022-09-12 18:54:00,2022-09-12 19:11:00,202209121854,5.215e-06,C5.2,GOES-16,1.468e-06,2.830e-03,4.093e-03,34.0,21.0,HOL,33.15815,22.426085,483.72488,268.84576,GOES-16_XRS,1,800,0,3098
2022-09-12 19:56:00,2022-09-12 19:52:00,2022-09-12 19:59:00,202209121952,3.673e-06,C3.6,GOES-16,1.809e-06,1.316e-03,1.454e-03,81.0,29.0,HOL,71.49521,31.366928,772.9713,460.36588,GOES-16_XRS,1,810,0,3101
2022-09-12 20:51:00,2022-09-12 20:41:00,2022-09-12 21:03:00,202209122041,3.177e-06,C3.1,GOES-16,1.918e-06,2.244e-03,3.882e-03,,,,85.40151,26.589914,850.1104,414.8803,GOES-16_XRS,1,820,0,
2022-09-12 23:44:00,2022-09-12 23:37:00,2022-09-12 23:47:00,202209122337,1.800e-05,M1.7,GOES-16,2.260e-06,4.449e-03,4.742e-03,40.0,19.0,HOL,37.528336,17.471601,555.88245,193.82275,GOES-16_XRS,1,880,0,3098
2022-09-13 01:33:00,2022-09-13 01:26:00,2022-09-13 01:35:00,202209130126,3.104e-06,C3.1,GOES-16,2.082e-06,1.569e-03,1.694e-03,,,,40.869465,17.797413,595.95026,203.3359,GOES-16_XRS,1,920,0,
2022-09-13 03:06:00,2022-09-13 02:58:00,2022-09-13 03:09:00,202209130258,2.692e-06,C2.6,GOES-16,1.797e-06,1.564e-03,1.682e-03,,,,28.25434,13.399067,440.7563,116.787964,GOES-16_XRS,1,930,0,
2022-09-13 03:52:00,2022-09-13 03:46:00,2022-09-13 04:02:00,202209130346,4.436e-06,C4.4,GOES-16,1.831e-06,1.908e-03,3.581e-03,,,,-69.527466,-26.125357,-802.7444,-454.62473,GOES-16_XRS,1,950,0,3102
2022-09-13 05:59:00,2022-09-13 05:53:00,2022-09-13 06:01:00,202209130553,3.998e-06,C3.9,GOES-16,1.799e-06,1.588e-03,1.722e-03,47.0,18.0,SVI,73.23113,26.167189,820.36523,386.52505,GOES-16_XRS,1,980,0,3094
2022-09-13 08:58:00,2022-09-13 08:51:00,2022-09-13 09:10:00,202209130851,3.781e-06,C3.7,GOES-16,2.572e-06,2.072e-03,4.053e-03,82.0,29.0,SVI,68.44112,25.947714,798.63855,374.82034,GOES-16_XRS,1,1040,0,3101
2022-09-13 11:30:00,2022-09-13 11:27:00,2022-09-13 11:33:00,202209131127,4.052e-06,C4.0,GOES-16,2.646e-06,1.435e-03,1.621e-03,-76.0,-30.0,SVI,,,-849.0709,-467.4249,GOES-16_XRS,1,1130,0,3102
2022-09-13 12:00:00,2022-09-13 11:56:00,2022-09-13 12:05:00,202209131156,2.941e-06,C2.9,GOES-16,1.970e-06,1.219e-03,1.656e-03,41.0,19.0,SVI,37.780888,16.931667,560.771,185.41039,GOES-16_XRS,1,1140,0,3098
2022-09-13 12:36:00,2022-09-13 12:31:00,2022-09-13 12:39:00,202209131231,7.057e-06,C7.0,GOES-16,1.929e-06,2.186e-03,2.406e-03,82.0,30.0,SVI,76.05201,29.454096,806.64264,440.42435,GOES-16_XRS,1,1150,0,3101
2022-09-13 13:32:00,2022-09-13 13:27:00,,202209131327,3.160e-06,C3.1,GOES-16,2.271e-06,1.523e-03,,,,,40.64279,17.179033,595.32874,193.06432,GOES-16_XRS,1,,0,
2022-09-13 14:02:00,2022-09-13 13:39:00,,202209131339,6.716e-06,C6.7,GOES-16,2.827e-06,7.147e-03,,-76.0,-30.0,SVI,73.951584,27.25956,815.5756,404.27026,GOES-16_XRS,2,1170,0,3102
2022-09-13 14:08:00,2022-09-13 14:05:00,2022-09-13 14:12:00,202209131405,7.066e-06,C7.0,GOES-16,6.608e-06,2.888e-03,3.701e-03,,,,77.63236,27.244528,828.8566,410.5904,GOES-16_XRS,3,,0,
2022-09-13 15:01:00,2022-09-13 14:49:00,,202209131449,8.264e-06,C8.2,GOES-16,3.827e-06,5.808e-03,,,,,47.329987,16.921783,672.7375,198.1385,GOES-16_XRS,1,,0,
2022-09-13 15:16:00,2022-09-13 15:07:00,2022-09-13 15:27:00,202209131507,9.298e-06,C9.2,GOES-16,7.257e-06,6.492e-03,1.118e-02,48.0,24.0,SVI,46.439236,16.474756,664.60614,189.568,GOES-16_XRS,2,1200,0,3098
2022-09-13 17:28:00,2022-09-13 17:25:00,2022-09-13 17:30:00,202209131725,5.019e-06,C5.0,GOES-16,1.862e-06,1.220e-03,1.361e-03,,,,47.536625,17.821846,671.6667,213.06328,GOES-16_XRS,1,1210,0,
2022-09-13 17:55:00,2022-09-13 17:50:00,2022-09-13 18:01:00,202209131750,2.543e-06,C2.5,GOES-16,1.811e-06,1.226e-03,1.744e-03,,,,71.997185,30.44706,782.85815,448.00977,GOES-16_XRS,1,1230,0,
2022-09-13 20:29:00,2022-09-13 20:17:00,,202209132017,2.206e-06,C2.2,GOES-16,1.553e-06,1.888e-03,,52.0,18.0,HOL,53.538555,17.846516,731.9198,222.66086,GOES-16_XRS,1,1240,0,3098
2022-09-13 20:50:00,2022-09-13 20:37:00,2022-09-13 20:58:00,202209132037,2.788e-06,C2.7,GOES-16,1.899e-06,2.372e-03,3.230e-03,,,,,,897.8733,463.3066,GOES-16_XRS,2,,0,
2022-09-13 22:01:00,2022-09-13 21:57:00,,202209132157,2.439e-06,C2.4,GOES-16,1.706e-06,1.031e-03,,-66.0,-27.0,HOL,53.569626,17.729195,732.7054,220.82716,GOES-16_XRS,1,1260,0,3102
2022-09-13 22:13:00,2022-09-13 22:04:00,2022-09-13 22:23:00,202209132204,3.563e-06,C3.5,GOES-16,2.289e-06,2.372e-03,3.868e-03,,,,51.26962,15.17823,719.92676,175.76729,GOES-16_XRS,2,,0,
2022-09-13 22:34:00,2022-09-13 22:30:00,,202209132230,4.122e-06,C4.1,GOES-16,2.471e-06,1.697e-03,,53.0,18.0,HOL,52.99458,18.103079,725.73676,225.9518,GOES-16_XRS,1,1270,0,3098
2022-09-13 22:50:00,2022-09-13 22:41:00,2022-09-13 22:54:00,202209132241,3.470e-06,C3.4,GOES-16,3.371e-06,2.667e-03,3.073e-03,,,,55.492565,5.231709,784.47894,18.66256,GOES-16_XRS,2,1280,0,
2022-09-14 01:03:00,2022-09-14 00:55:00,2022-09-14 01:08:00,202209140055,3.353e-06,C3.3,GOES-16,2.134e-06,1.991e-03,2.481e-03,,,,,,900.4498,336.8772,GOES-16_XRS,1,1320,0,
2022-09-14 02:57:00,2022-09-14 02:52:00,2022-09-14 02:59:00,202209140252,4.444e-06,C4.4,GOES-16,1.914e-06,1.515e-03,1.654e-03,48.0,22.0,LEA,47.928493,19.346428,669.8813,238.3199,GOES-16_XRS,1,1360,0,3098
2022-09-14 03:34:00,2022-09-14 03:30:00,,202209140330,4.669e-06,C4.6,GOES-16,1.779e-06,1.650e-03,,57.0,19.0,LEA,53.07377,17.362553,729.5396,214.15184,GOES-16_XRS,1,1370,0,3098
2022-09-14 03:41:00,2022-09-14 03:37:00,2022-09-14 03:43:00,202209140337,7.255e-06,C7.2,GOES-16,3.917e-06,2.476e-03,2.706e-03,,,,54.898605,17.211071,747.1603,214.63475,GOES-16_XRS,2,1620,0,3098
2022-09-14 03:52:00,2022-09-14 03:49:00,2022-09-14 03:55:00,202209140349,5.302e-06,C5.3,GOES-16,3.310e-06,1.889e-03,2.100e-03,,,,51.962807,17.5927,717.91364,216.12701,GOES-16_XRS,1,1380,0,3098
2022-09-14 04:28:00,2022-09-14 04:22:00,2022-09-14 04:37:00,202209140422,2.132e-06,C2.1,GOES-18,1.536e-06,1.132e-03,1.948e-03,,,,73.441284,26.509382,819.0288,392.20392,GOES-18_XRS,1,1390,0,
2022-09-14 05:21:00,2022-09-14 05:15:00,2022-09-14 05:25:00,202209140515,2.739e-06,C2.7,GOES-18,1.271e-06,1.167e-03,1.397e-03,,,,60.39104,22.226837,769.1751,303.7156,GOES-18_XRS,1,1400,0,3100
2022-09-14 05:56:00,2022-09-14 05:51:00,2022-09-14 06:05:00,202209140551,2.327e-06,C2.3,GOES-16,1.461e-06,1.010e-03,1.859e-03,-64.0,-29.0,SVI,62.683784,26.047527,762.7695,366.75803,GOES-16_XRS,1,1420,0,3102
2022-09-14 10:19:00,2022-09-14 09:41:00,2022-09-14 10:42:00,202209140941,1.101e-05,M1.1,GOES-16,2.197e-06,1.613e-02,2.668e-02,56.0,21.0,SVI,63.382084,22.91426,786.8867,319.5592,GOES-16_XRS,1,1450,0,3098
2022-09-14 11:17:00,2022-09-14 11:13:00,2022-09-14 11:35:00,202209141113,5.970e-06,C5.9,GOES-16,3.833e-06,2.341e-03,7.156e-03,59.0,19.0,SVI,53.395046,16.663029,735.3937,203.38841,GOES-16_XRS,1,1470,0,3098
2022-09-14 12:16:00,2022-09-14 12:06:00,2022-09-14 12:28:00,202209141206,7.712e-06,C7.7,GOES-16,3.178e-06,4.882e-03,8.457e-03,-60.0,-28.0,SVI,,,-834.0995,-540.5533,GOES-16_XRS,1,1490,0,3102
2022-09-14 14:23:00,2022-09-14 14:20:00,2022-09-14 14:28:00,202209141420,1.886e-06,C1.8,GOES-16,1.350e-06,6.921e-04,9.777e-04,60.0,19.0,SVI,65.360634,15.77609,835.79047,209.57022,GOES-16_XRS,1,1510,0,3098
2022-09-14 14:58:00,2022-09-14 14:48:00,2022-09-14 15:10:00,202209141448,3.661e-06,C3.6,GOES-16,1.265e-06,1.930e-03,3.579e-03,61.0,18.0,HOL,59.17298,16.244148,788.0911,206.20816,GOES-16_XRS,1,1530,0,3098
2022-09-14 19:39:00,2022-09-14 19:32:00,2022-09-14 19:55:00,202209141932,3.115e-06,C3.1,GOES-16,1.440e-06,1.548e-03,3.661e-03,,,,69.28521,17.784937,850.8354,249.07938,GOES-16_XRS,1,1590,0,3094
2022-09-15 02:02:00,2022-09-15 01:55:00,2022-09-15 02:05:00,202209150155,1.534e-06,C1.5,GOES-16,1.093e-06,8.518e-04,9.245e-04,,,,,,936.5961,300.87613,GOES-16_XRS,1,1680,0,3098
2022-09-15 02:35:00,2022-09-15 02:28:00,2022-09-15 02:39:00,202209150228,1.566e-06,C1.5,GOES-16,1.007e-06,8.350e-04,9.854e-04,,,,48.089817,21.181353,663.8403,268.15042,GOES-16_XRS,1,1690,0,3098
2022-09-15 03:19:00,2022-09-15 03:03:00,2022-09-15 03:44:00,202209150303,3.893e-06,C3.8,GOES-16,1.106e-06,3.182e-03,7.205e-03,,,,33.326736,14.309238,509.70267,137.48705,GOES-16_XRS,1,1700,0,3098
2022-09-15 06:33:00,2022-09-15 05:54:00,2022-09-15 07:12:00,202209150554,6.405e-06,C6.4,GOES-16,2.213e-06,1.304e-02,2.488e-02,,,,58.36173,24.394833,741.3191,334.46222,GOES-16_XRS,1,1710,0,
2022-09-15 11:36:00,2022-09-15 11:27:00,2022-09-15 11:44:00,202209151127,1.524e-06,C1.5,GOES-16,1.051e-06,1.024e-03,1.493e-03,,,,,,973.93964,279.51254,GOES-16_XRS,1,1760,0,3098
2022-09-15 17:00:00,2022-09-15 16:51:00,2022-09-15 17:07:00,202209151651,1.667e-06,C1.6,GOES-16,1.126e-06,1.119e-03,1.546e-03,,,,,,1053.688,357.28958,GOES-16_XRS,1,1810,0,3098
2022-09-15 19:21:00,2022-09-15 19:12:00,2022-09-15 19:29:00,202209151912,2.308e-06,C2.3,GOES-16,1.377e-06,1.450e-03,2.135e-03,,,,29.126204,-13.868887,452.4583,-329.4707,GOES-16_XRS,1,1840,0,3100
2022-09-16 00:23:00,2022-09-16 00:17:00,2022-09-16 00:34:00,202209160017,2.040e-06,C2.0,GOES-16,1.280e-06,1.073e-03,2.017e-03,,,,68.60948,16.252548,854.25134,223.431,GOES-16_XRS,1,1960,0,3098
2022-09-16 01:05:00,2022-09-16 01:00:00,2022-09-16 01:07:00,202209160100,1.609e-06,C1.6,GOES-16,1.159e-06,7.479e-04,8.242e-04,,,,25.612064,2.6360426,413.65796,-64.380264,GOES-16_XRS,1,1970,0,3103
2022-09-16 03:02:00,2022-09-16 02:54:00,2022-09-16 03:04:00,202209160254,2.616e-06,C2.6,GOES-16,1.718e-06,1.490e-03,1.599e-03,,,,79.99056,19.87965,884.30945,302.59738,GOES-16_XRS,1,2000,0,3098
2022-09-16 03:17:00,2022-09-16 03:08:00,2022-09-16 03:21:00,202209160308,3.999e-06,C3.9,GOES-16,1.926e-06,2.092e-03,2.405e-03,-6.0,-21.0,LEA,-13.267395,-18.649508,-208.2822,-414.51904,GOES-16_XRS,1,2010,0,3103
2022-09-16 04:25:00,2022-09-16 04:20:00,2022-09-16 04:29:00,202209160420,2.971e-06,C2.9,GOES-18,1.374e-06,1.209e-03,1.447e-03,-3.0,-15.0,LEA,40.420498,13.798987,602.8376,137.91393,GOES-18_XRS,1,2030,0,3103
2022-09-16 06:15:00,2022-09-16 06:11:00,2022-09-16 06:18:00,202209160611,3.200e-06,C3.1,GOES-16,1.462e-06,1.151e-03,1.271e-03,,,,80.0433,17.556778,896.7053,266.06885,GOES-16_XRS,1,2060,0,3098
2022-09-16 07:32:00,2022-09-16 07:25:00,,202209160725,2.945e-06,C2.9,GOES-16,2.098e-06,1.746e-03,,,,,,,978.07697,325.9441,GOES-16_XRS,1,,0,
2022-09-16 07:38:00,2022-09-16 07:35:00,2022-09-16 07:44:00,202209160735,3.798e-06,C3.7,GOES-16,2.867e-06,1.445e-03,2.248e-03,,,,,,946.70575,270.10297,GOES-16_XRS,2,2100,0,3098
2022-09-16 09:49:00,2022-09-16 09:44:00,2022-09-16 09:55:00,202209160944,7.915e-05,M7.9,GOES-16,1.830e-06,1.996e-02,2.956e-02,,,,68.91079,17.206545,851.7964,239.37762,GOES-16_XRS,1,2110,0,3098
2022-09-16 15:25:00,2022-09-16 15:20:00,2022-09-16 15:39:00,202209161520,1.563e-06,C1.5,GOES-16,9.676e-07,6.993e-04,1.678e-03,,,,70.456535,18.698643,853.0776,266.0897,GOES-16_XRS,1,2170,0,3098
2022-09-16 15:59:00,2022-09-16 15:49:00,2022-09-16 16:11:00,202209161549,6.204e-05,M6.2,GOES-16,1.251e-06,3.261e-02,5.671e-02,81.0,18.0,HOL,75.25739,16.892763,884.02246,246.32333,GOES-16_XRS,1,2180,0,3098
2022-09-16 19:07:00,2022-09-16 19:02:00,2022-09-16 19:09:00,202209161902,2.740e-06,C2.7,GOES-16,1.857e-06,1.197e-03,1.334e-03,,,,79.04784,17.226671,895.6413,258.96066,GOES-16_XRS,1,2230,0,3098
2022-09-16 21:18:00,2022-09-16 21:06:00,2022-09-16 21:23:00,202209162106,2.260e-06,C2.2,GOES-16,9.861e-07,1.599e-03,1.871e-03,,,,81.89268,19.987206,888.44995,308.0211,GOES-16_XRS,1,2250,0,3098
2022-09-16 23:09:00,2022-09-16 22:59:00,2022-09-16 23:13:00,202209162259,2.415e-06,C2.4,GOES-16,9.436e-07,1.226e-03,1.400e-03,-29.0,-26.0,LEA,-33.30249,-28.78264,-460.59964,-544.8792,GOES-16_XRS,1,2260,0,3102
2022-09-16 23:44:00,2022-09-16 23:37:00,,202209162337,1.350e-06,C1.3,GOES-16,9.788e-07,7.850e-04,,,,,7.6701937,12.732046,124.79541,93.77882,GOES-16_XRS,1,2270,0,3102
2022-09-17 00:04:00,2022-09-16 23:50:00,2022-09-17 00:08:00,202209162350,1.790e-06,C1.7,GOES-16,1.240e-06,1.590e-03,1.768e-03,,,,44.537186,16.29407,644.49536,184.62839,GOES-16_XRS,2,2280,0,3102
2022-09-17 01:57:00,2022-09-17 01:33:00,2022-09-17 02:10:00,202209170133,3.034e-06,C3.0,GOES-16,1.003e-06,3.565e-03,5.086e-03,25.0,-26.0,LEA,31.912977,-23.603144,463.7777,-473.40765,GOES-16_XRS,1,2300,0,3100
2022-09-17 04:40:00,2022-09-17 04:31:00,2022-09-17 04:47:00,202209170431,1.718e-06,C1.7,GOES-18,9.306e-07,1.042e-03,1.456e-03,,,,59.834106,16.863144,791.41943,217.83038,GOES-18_XRS,1,2320,0,3098
2022-09-17 05:17:00,2022-09-17 05:12:00,2022-09-17 05:24:00,202209170512,1.594e-06,C1.5,GOES-18,1.170e-06,7.890e-04,1.209e-03,,,,13.689385,11.74303,222.10161,79.64812,GOES-18_XRS,1,2330,0,3102
2022-09-17 08:23:00,2022-09-17 08:15:00,2022-09-17 08:30:00,202209170815,1.207e-06,C1.2,GOES-16,8.408e-07,7.347e-04,1.049e-03,,,,38.669777,5.577037,595.6026,-0.59440374,GOES-16_XRS,1,2350,0,3100
2022-09-17 08:38:00,2022-09-17 08:31:00,2022-09-17 08:43:00,202209170831,1.462e-06,C1.4,GOES-16,9.909e-07,8.220e-04,1.040e-03,,,,75.117615,20.225615,866.5368,298.9995,GOES-16_XRS,1,2340,0,3098
2022-09-17 13:19:00,2022-09-17 12:42:00,,202209171242,1.080e-05,M1.0,GOES-16,9.354e-07,1.468e-02,,,,,,,870.6645,392.84048,GOES-16_XRS,1,,0,
2022-09-17 13:39:00,2022-09-17 13:21:00,2022-09-17 13:52:00,202209171321,1.936e-05,M1.9,GOES-16,1.070e-05,2.016e-02,3.104e-02,,,,79.21013,23.207644,862.4861,352.9926,GOES-16_XRS,2,2380,0,3098
2022-09-17 20:22:00,2022-09-17 20:13:00,2022-09-17 20:30:00,202209172013,2.338e-06,C2.3,GOES-16,1.084e-06,1.335e-03,1.995e-03,,,,,,949.7004,353.34967,GOES-16_XRS,1,2440,0,3098
2022-09-17 20:41:00,2022-09-17 20:32:00,2022-09-17 20:51:00,202209172032,2.606e-05,M2.6,GOES-16,1.722e-06,1.285e-02,2.105e-02,,,,76.37991,18.994907,878.1263,282.05655,GOES-16_XRS,1,2450,0,3098
2022-09-17 23:19:00,2022-09-17 23:12:00,2022-09-17 23:24:00,202209172312,1.615e-06,C1.6,GOES-16,8.636e-07,8.310e-04,1.049e-03,41.0,-26.0,HOL,41.53659,-24.851212,575.9415,-480.19574,GOES-16_XRS,1,2460,0,3100
2022-09-18 04:20:00,2022-09-18 04:14:00,2022-09-18 04:26:00,202209180414,1.518e-06,C1.5,GOES-18,8.626e-07,6.949e-04,9.818e-04,,,,-11.472992,-19.11039,-180.12434,-421.91132,GOES-18_XRS,1,2490,0,
2022-09-18 10:54:00,2022-09-18 10:45:00,2022-09-18 10:57:00,202209181045,1.205e-06,C1.2,GOES-16,7.713e-07,7.734e-04,8.265e-04,-9.0,-26.0,SVI,27.96935,-6.8713183,446.24106,-218.40154,GOES-16_XRS,1,2590,0,3102
2022-09-18 11:30:00,2022-09-18 11:24:00,2022-09-18 11:35:00,202209181124,1.509e-06,C1.5,GOES-16,8.613e-07,7.568e-04,9.665e-04,-10.0,-25.0,SVI,-11.33371,-23.964046,-172.09265,-493.09686,GOES-16_XRS,1,2610,0,3102
2022-09-18 13:04:00,2022-09-18 12:59:00,2022-09-18 13:10:00,202209181259,3.607e-06,C3.6,GOES-16,1.313e-06,1.544e-03,2.133e-03,-8.0,-28.0,SVI,-7.594879,-25.552767,-114.266495,-516.8128,GOES-16_XRS,1,2630,0,3102
2022-09-18 15:12:00,2022-09-18 15:02:00,,202209181502,2.270e-06,C2.2,GOES-16,1.217e-06,1.453e-03,,,,,10.464786,-26.468464,155.80276,-528.7503,GOES-16_XRS,1,,0,
2022-09-18 15:41:00,2022-09-18 15:18:00,,202209181518,3.821e-06,C3.8,GOES-16,1.881e-06,4.995e-03,,-7.0,-25.0,SVI,-59.51596,-23.840015,-753.8979,-438.79526,GOES-16_XRS,2,2660,0,3102
2022-09-18 16:14:00,2022-09-18 16:08:00,2022-09-18 16:17:00,202209181608,3.736e-06,C3.7,GOES-16,3.511e-06,2.160e-03,2.370e-03,,,,-52.14795,-24.090593,-689.7262,-454.2326,GOES-16_XRS,3,2680,0,3102
2022-09-18 20:41:00,2022-09-18 20:35:00,2022-09-18 20:50:00,202209182035,1.843e-06,C1.8,GOES-16,1.359e-06,9.926e-04,1.684e-03,,,,-70.93393,-1.1128831,-903.4692,-57.259926,GOES-16_XRS,1,2710,0,
2022-09-18 23:39:00,2022-09-18 23:24:00,2022-09-18 23:59:00,202209182324,3.041e-06,C3.0,GOES-16,1.344e-06,2.514e-03,5.349e-03,,,,-74.673615,-15.018444,-890.2043,-276.0531,GOES-16_XRS,1,2750,0,
2022-09-19 01:02:00,2022-09-19 00:43:00,2022-09-19 01:19:00,202209190043,6.538e-06,C6.5,GOES-16,1.118e-06,5.199e-03,9.348e-03,,,,-83.23776,-13.512899,-922.1851,-235.02956,GOES-16_XRS,1,2760,0,
2022-09-19 02:30:00,2022-09-19 02:25:00,2022-09-19 02:38:00,202209190225,7.623e-06,C7.6,GOES-16,2.181e-06,3.214e-03,5.196e-03,0.0,-25.0,LEA,0.46073171,-24.739073,7.0001197,-506.19357,GOES-16_XRS,1,2770,0,3102
2022-09-19 05:41:00,2022-09-19 05:35:00,2022-09-19 05:47:00,202209190535,2.726e-06,C2.7,GOES-16,1.777e-06,1.371e-03,1.921e-03,,,,-78.23935,-14.289014,-906.4942,-257.4454,GOES-16_XRS,1,2820,0,
2022-09-19 06:19:00,2022-09-19 06:05:00,2022-09-19 06:45:00,202209190605,4.863e-06,C4.8,GOES-16,1.723e-06,3.643e-03,8.961e-03,,,,,,-937.77747,-241.18732,GOES-16_XRS,1,2840,0,
2022-09-19 10:38:00,2022-09-19 10:29:00,2022-09-19 10:48:00,202209191029,1.876e-06,C1.8,GOES-16,1.301e-06,1.269e-03,2.059e-03,4.0,-24.0,SVI,1.2221551,-11.787774,20.02353,-310.92245,GOES-16_XRS,1,3000,0,3102
2022-09-19 11:49:00,2022-09-19 11:43:00,2022-09-19 11:51:00,202209191143,1.725e-06,C1.7,GOES-16,1.095e-06,8.601e-04,9.324e-04,-85.0,-18.0,SVI,-34.066406,-15.15726,-518.0696,-343.7048,GOES-16_XRS,1,3010,0,3102
2022-09-19 13:57:00,2022-09-19 13:46:00,2022-09-19 14:02:00,202209191346,2.569e-06,C2.5,GOES-16,1.361e-06,1.696e-03,2.038e-03,6.0,-25.0,SVI,10.603466,-19.799345,165.9896,-432.27026,GOES-16_XRS,1,3040,0,3102
2022-09-19 19:10:00,2022-09-19 19:02:00,,202209191902,1.479e-06,C1.4,GOES-16,1.075e-06,9.625e-04,,,,,,,-916.90936,-400.4641,GOES-16_XRS,1,,0,
2022-09-19 19:36:00,2022-09-19 19:30:00,2022-09-19 19:38:00,202209191930,1.505e-06,C1.5,GOES-16,1.282e-06,8.118e-04,8.873e-04,,,,-18.492828,-25.194284,-275.08896,-506.84503,GOES-16_XRS,2,3070,0,3105
2022-09-20 05:42:00,2022-09-20 05:35:00,2022-09-20 05:54:00,202209200535,5.551e-06,C5.5,GOES-16,1.399e-06,2.328e-03,4.682e-03,19.0,-24.0,SVI,11.393382,-22.236677,175.32109,-467.78467,GOES-16_XRS,1,3150,0,3102
2022-09-20 09:24:00,2022-09-20 09:18:00,2022-09-20 09:28:00,202209200918,2.447e-06,C2.4,GOES-16,1.561e-06,1.200e-03,1.428e-03,17.0,-25.0,SVI,18.379284,-23.26374,277.70276,-479.1767,GOES-16_XRS,1,3190,0,3102
2022-09-20 11:22:00,2022-09-20 11:13:00,2022-09-20 11:33:00,202209201113,1.098e-05,M1.0,GOES-16,1.566e-06,3.956e-03,8.558e-03,17.0,-25.0,SVI,16.34642,-24.732962,245.06737,-501.40472,GOES-16_XRS,1,3210,0,3102
2022-09-20 15:07:00,2022-09-20 14:51:00,2022-09-20 15:19:00,202209201451,7.764e-06,C7.7,GOES-16,1.912e-06,5.698e-03,9.097e-03,19.0,-29.0,HOL,21.52646,-29.054369,307.42468,-558.26044,GOES-16_XRS,1,3250,0,3102
2022-09-20 16:33:00,2022-09-20 16:24:00,2022-09-20 16:38:00,202209201624,3.868e-06,C3.8,GOES-16,1.424e-06,1.775e-03,2.231e-03,21.0,-25.0,HOL,18.351435,-22.807728,278.26416,-472.5221,GOES-16_XRS,1,3270,0,3102
2022-09-20 18:42:00,2022-09-20 18:33:00,2022-09-20 18:45:00,202209201833,4.603e-06,C4.6,GOES-16,1.511e-06,2.030e-03,2.175e-03,21.0,-25.0,HOL,9.097137,-21.970308,140.6137,-464.56903,GOES-16_XRS,1,3280,0,3102
2022-09-20 21:11:00,2022-09-20 20:59:00,2022-09-20 21:19:00,202209202059,2.058e-06,C2.0,GOES-16,1.225e-06,1.615e-03,2.239e-03,25.0,-23.0,HOL,22.752937,-18.683027,351.30588,-408.29193,GOES-16_XRS,1,3300,0,3102
2022-09-21 05:26:00,2022-09-21 05:12:00,2022-09-21 05:39:00,202209210512,2.827e-06,C2.8,GOES-17,1.469e-06,2.425e-03,4.045e-03,28.0,-24.0,LEA,-59.85977,-23.056772,-761.57355,-426.53558,GOES-17_XRS,1,3400,0,3102
2022-09-21 07:02:00,2022-09-21 06:51:00,2022-09-21 07:16:00,202209210651,1.013e-05,M1.0,GOES-16,1.754e-06,5.137e-03,1.008e-02,,,,,,-856.59375,-426.33987,GOES-16_XRS,1,3420,0,3107
2022-09-21 12:50:00,2022-09-21 12:41:00,2022-09-21 12:53:00,202209211241,1.444e-06,C1.4,GOES-16,9.985e-07,9.459e-04,1.015e-03,,,,-59.39795,-26.843843,-735.03064,-482.47595,GOES-16_XRS,1,3490,0,3107
2022-09-21 18:24:00,2022-09-21 18:14:00,2022-09-21 18:40:00,202209211814,1.733e-06,C1.7,GOES-16,1.016e-06,1.168e-03,2.414e-03,,,,-48.36844,-16.860802,-685.29913,-350.77505,GOES-16_XRS,1,3540,0,3105
2022-09-21 23:20:00,2022-09-21 23:08:00,2022-09-21 23:29:00,202209212308,6.711e-06,C6.7,GOES-16,1.196e-06,3.071e-03,5.023e-03,-54.0,-18.0,HOL,-54.9469,-19.401823,-739.44867,-379.5467,GOES-16_XRS,1,3560,0,3105
2022-09-22 01:36:00,2022-09-22 01:23:00,2022-09-22 01:51:00,202209220123,3.623e-06,C3.6,GOES-16,9.504e-07,2.276e-03,4.401e-03,-45.0,-18.0,LEA,-46.109863,-16.034334,-663.73505,-341.2155,GOES-16_XRS,1,3570,0,3105
2022-09-22 03:56:00,2022-09-22 03:52:00,2022-09-22 04:01:00,202209220352,1.606e-06,C1.6,GOES-16,1.161e-06,6.834e-04,9.298e-04,0.0,11.0,LEA,-2.8963318,7.2924166,-48.11371,3.9993536,GOES-16_XRS,1,3590,0,3109
2022-09-22 04:37:00,2022-09-22 04:26:00,2022-09-22 04:48:00,202209220426,1.716e-06,C1.7,GOES-17,1.075e-06,1.314e-03,2.114e-03,,,,-65.02359,-34.38679,-715.7144,-577.23486,GOES-17_XRS,1,3600,0,3107
2022-09-22 08:47:00,2022-09-22 08:40:00,2022-09-22 08:57:00,202209220840,1.727e-06,C1.7,GOES-16,1.221e-06,1.006e-03,1.744e-03,3.0,10.0,SVI,,,-897.1421,-451.34778,GOES-16_XRS,1,3630,0,3109
2022-09-22 09:51:00,2022-09-22 09:42:00,2022-09-22 09:57:00,202209220942,1.674e-06,C1.6,GOES-16,1.136e-06,1.111e-03,1.449e-03,-42.0,-18.0,SVI,-34.614807,-21.826012,-505.5831,-443.72482,GOES-16_XRS,1,3640,0,3105
2022-09-22 10:24:00,2022-09-22 10:15:00,,202209221015,1.883e-06,C1.8,GOES-16,1.281e-06,1.254e-03,,,,,2.1118102,-10.625337,34.762833,-291.42554,GOES-16_XRS,1,,0,
2022-09-22 10:36:00,2022-09-22 10:33:00,2022-09-22 10:39:00,202209221033,1.900e-06,C1.8,GOES-16,1.716e-06,7.596e-04,8.632e-04,,,,-2.4741821,-15.318922,-39.957726,-365.1994,GOES-16_XRS,2,3650,0,3107
2022-09-22 11:34:00,2022-09-22 11:23:00,2022-09-22 11:39:00,202209221123,7.806e-06,C7.8,GOES-16,1.703e-06,3.476e-03,4.234e-03,-43.0,-16.0,SVI,-41.618256,-14.41286,-616.6671,-322.0467,GOES-16_XRS,1,3660,0,3105
2022-09-22 14:43:00,2022-09-22 14:21:00,2022-09-22 14:58:00,202209221421,3.649e-06,C3.6,GOES-16,1.710e-06,4.565e-03,6.903e-03,,,,-59.64923,-22.665121,-762.4443,-420.96027,GOES-16_XRS,1,3680,0,3107
2022-09-22 18:27:00,2022-09-22 18:14:00,2022-09-22 18:38:00,202209221814,1.954e-06,C1.9,GOES-16,1.105e-06,1.603e-03,2.485e-03,9.0,11.0,HOL,6.365388,10.027561,104.818344,50.666885,GOES-16_XRS,1,3700,0,3109
2022-09-22 20:20:00,2022-09-22 20:12:00,2022-09-22 20:31:00,202209222012,1.777e-06,C1.7,GOES-16,1.112e-06,1.036e-03,1.864e-03,-53.0,-21.0,HOL,-47.476746,-17.493471,-673.65796,-361.6594,GOES-16_XRS,1,3720,0,3107
2022-09-23 00:23:00,2022-09-23 00:09:00,2022-09-23 00:32:00,202209230009,3.532e-06,C3.5,GOES-16,1.712e-06,2.930e-03,4.101e-03,13.0,10.0,LEA,19.696922,12.337731,316.06396,95.38874,GOES-16_XRS,1,3740,0,3109
2022-09-23 02:37:00,2022-09-23 02:30:00,2022-09-23 02:42:00,202209230230,2.279e-06,C2.2,GOES-16,1.618e-06,1.269e-03,1.616e-03,,,,-71.16699,16.406687,-869.1379,232.04373,GOES-16_XRS,1,3760,0,
2022-09-23 03:39:00,2022-09-23 03:32:00,2022-09-23 03:50:00,202209230332,6.102e-06,C6.1,GOES-16,1.388e-06,2.280e-03,4.577e-03,-49.0,-23.0,LEA,-50.93106,-22.46333,-687.4423,-431.6751,GOES-16_XRS,1,3780,0,3107
2022-09-23 04:28:00,2022-09-23 04:22:00,2022-09-23 04:37:00,202209230422,2.684e-06,C2.6,GOES-17,1.582e-06,1.342e-03,2.286e-03,-88.0,15.0,LEA,-78.205505,13.556314,-910.4908,199.30548,GOES-17_XRS,1,3790,0,
2022-09-23 05:10:00,2022-09-23 04:59:00,2022-09-23 05:20:00,202209230459,5.092e-06,C5.0,GOES-17,2.432e-06,3.254e-03,5.063e-03,,,,-85.904724,17.201574,-911.1458,272.68173,GOES-17_XRS,1,3800,0,3110
2022-09-23 08:38:00,2022-09-23 08:34:00,2022-09-23 08:41:00,202209230834,2.504e-06,C2.5,GOES-16,1.751e-06,1.003e-03,1.118e-03,-85.0,16.0,SVI,-70.029785,16.689499,-861.9498,234.5714,GOES-16_XRS,1,3890,0,3107
2022-09-23 08:55:00,2022-09-23 08:47:00,2022-09-23 08:59:00,202209230847,2.866e-06,C2.8,GOES-16,1.989e-06,1.749e-03,2.032e-03,16.0,10.0,SVI,9.9716625,8.978086,164.23541,34.443012,GOES-16_XRS,1,3900,0,3109
2022-09-23 09:38:00,2022-09-23 09:29:00,2022-09-23 09:50:00,202209230929,2.758e-06,C2.7,GOES-16,1.359e-06,1.725e-03,3.104e-03,-84.0,15.0,LEA,-56.19998,-24.926668,-721.80225,-459.7612,GOES-16_XRS,1,3910,0,3107
2022-09-23 11:33:00,2022-09-23 11:29:00,2022-09-23 11:35:00,202209231129,7.172e-06,C7.1,GOES-16,1.457e-06,1.748e-03,1.899e-03,18.0,10.0,SVI,-78.64029,14.326462,-908.9172,212.65892,GOES-16_XRS,1,3930,0,3109
2022-09-23 12:41:00,2022-09-23 12:35:00,2022-09-23 12:44:00,202209231235,1.800e-06,C1.8,GOES-16,1.154e-06,8.372e-04,9.242e-04,,,,-28.184143,13.314555,-441.13034,118.73186,GOES-16_XRS,1,3960,0,3109
2022-09-23 14:23:00,2022-09-23 14:14:00,,202209231414,4.782e-06,C4.7,GOES-16,3.544e-06,3.396e-03,,-45.0,-22.0,HOL,18.587776,-17.163828,292.29797,-387.3246,GOES-16_XRS,1,4040,0,3107
2022-09-23 14:52:00,2022-09-23 14:26:00,2022-09-23 14:58:00,202209231426,5.643e-06,C5.6,GOES-16,4.723e-06,9.383e-03,1.062e-02,-81.0,16.0,SVI,24.958858,-16.385838,388.4687,-370.6721,GOES-16_XRS,2,4070,0,3110
2022-09-23 17:16:00,2022-09-23 17:12:00,2022-09-23 17:23:00,202209231712,3.635e-06,C3.6,GOES-16,2.694e-06,1.569e-03,2.530e-03,,,,-60.764374,-26.33944,-748.87683,-472.89722,GOES-16_XRS,1,4120,0,3107
2022-09-23 18:10:00,2022-09-23 17:48:00,2022-09-23 18:40:00,202209231748,1.732e-05,M1.7,GOES-16,3.293e-06,1.601e-02,3.806e-02,-77.0,19.0,HOL,,,-939.003,281.1889,GOES-16_XRS,1,4130,0,3110
2022-09-23 21:55:00,2022-09-23 21:50:00,,202209232150,2.013e-06,C2.0,GOES-16,1.453e-06,9.939e-04,,,,,-33.545624,-20.405115,-496.8134,-423.3919,GOES-16_XRS,1,,0,
2022-09-23 22:15:00,2022-09-23 21:59:00,,202209232159,2.648e-06,C2.6,GOES-16,1.928e-06,2.581e-03,,,,,-45.683655,-5.771232,-682.67523,-177.05968,GOES-16_XRS,2,,0,
2022-09-23 22:27:00,2022-09-23 22:21:00,2022-09-23 22:34:00,202209232221,3.009e-06,C3.0,GOES-16,2.307e-06,1.651e-03,2.456e-03,-41.0,-24.0,HOL,-43.2258,-23.191135,-603.5506,-453.08444,GOES-16_XRS,3,4200,0,3107
2022-09-23 23:29:00,2022-09-23 23:23:00,2022-09-23 23:32:00,202209232323,3.695e-06,C3.6,GOES-17,2.370e-06,1.832e-03,1.989e-03,24.0,10.0,LEA,13.767402,18.346771,216.90318,191.9858,GOES-17_XRS,1,4220,0,3109
2022-09-24 04:42:00,2022-09-24 04:35:00,2022-09-24 04:54:00,202209240435,2.046e-06,C2.0,GOES-18,1.400e-06,1.174e-03,2.535e-03,,,,,,-955.8545,237.70752,GOES-18_XRS,1,4320,0,3110
2022-09-24 06:49:00,2022-09-24 06:39:00,2022-09-24 06:55:00,202209240639,2.286e-06,C2.2,GOES-16,1.365e-06,1.605e-03,2.038e-03,-69.0,15.0,SVI,-44.90567,-2.8644435,-676.2725,-130.24353,GOES-16_XRS,1,4340,0,3110
2022-09-24 07:02:00,2022-09-24 06:58:00,2022-09-24 07:07:00,202209240658,3.016e-06,C3.0,GOES-16,1.618e-06,1.180e-03,1.591e-03,-35.0,-25.0,SVI,-35.194,-26.472946,-494.79565,-509.817,GOES-16_XRS,1,4350,0,3107
2022-09-24 07:52:00,2022-09-24 07:46:00,2022-09-24 07:56:00,202209240746,2.184e-06,C2.1,GOES-16,1.395e-06,9.996e-04,1.203e-03,-77.0,15.0,LEA,-78.612,15.7690935,-902.9159,236.00276,GOES-16_XRS,1,4360,0,3110
2022-09-24 12:36:00,2022-09-24 12:21:00,2022-09-24 12:55:00,202209241221,4.359e-06,C4.3,GOES-16,1.457e-06,3.769e-03,7.175e-03,,,,-35.796326,-27.093683,-499.41306,-517.84644,GOES-16_XRS,1,4440,0,3107
2022-09-24 14:37:00,2022-09-24 14:22:00,,202209241422,3.107e-06,C3.1,GOES-16,1.871e-06,3.003e-03,,-32.0,-24.0,SVI,-25.608307,-22.890295,-382.1026,-467.47284,GOES-16_XRS,1,4470,0,3107
2022-09-24 14:53:00,2022-09-24 14:47:00,2022-09-24 14:55:00,202209241447,3.871e-06,C3.8,GOES-16,2.589e-06,1.731e-03,1.865e-03,-70.0,19.0,HOL,-47.367523,10.750376,-693.3128,99.949005,GOES-16_XRS,2,4750,0,3110
2022-09-24 16:07:00,2022-09-24 15:53:00,2022-09-24 16:15:00,202209241553,7.238e-06,C7.2,GOES-16,1.718e-06,4.761e-03,6.474e-03,-32.0,-23.0,HOL,-33.87329,-22.626276,-493.55045,-455.75705,GOES-16_XRS,1,4520,0,3107
2022-09-24 16:50:00,2022-09-24 16:43:00,2022-09-24 16:54:00,202209241643,2.972e-06,C2.9,GOES-16,1.989e-06,1.566e-03,1.838e-03,-29.0,-22.0,HOL,-29.115662,-22.002422,-432.89346,-451.34204,GOES-16_XRS,1,4530,0,3107
2022-09-24 17:19:00,2022-09-24 16:59:00,2022-09-24 17:45:00,202209241659,7.230e-06,C7.2,GOES-16,2.116e-06,6.703e-03,1.500e-02,,,,-82.78174,21.068455,-885.85614,327.7941,GOES-16_XRS,1,4560,0,3110
2022-09-24 18:47:00,2022-09-24 18:41:00,2022-09-24 18:53:00,202209241841,6.195e-06,C6.1,GOES-16,2.542e-06,2.764e-03,3.856e-03,-30.0,-23.0,HOL,-26.589386,-22.137976,-397.87363,-455.57898,GOES-16_XRS,1,4630,0,3107
2022-09-24 23:06:00,2022-09-24 22:56:00,2022-09-24 23:12:00,202209242256,2.581e-06,C2.5,GOES-16,1.825e-06,1.898e-03,2.435e-03,-23.0,-24.0,HOL,-25.937134,-32.00633,-355.81693,-593.5442,GOES-16_XRS,1,4680,0,3107
2022-09-25 01:07:00,2022-09-25 00:57:00,2022-09-25 01:16:00,202209250057,2.304e-06,C2.3,GOES-16,1.275e-06,1.537e-03,2.321e-03,,,,-23.613678,-29.181532,-335.5814,-557.58167,GOES-16_XRS,1,4690,0,3107
2022-09-25 03:04:00,2022-09-25 02:59:00,2022-09-25 03:06:00,202209250259,3.315e-06,C3.3,GOES-17,1.660e-06,1.290e-03,1.408e-03,,,,-72.11438,12.82835,-888.7017,176.27252,GOES-17_XRS,1,4700,0,3107
2022-09-25 03:39:00,2022-09-25 03:29:00,2022-09-25 03:46:00,202209250329,2.151e-06,C2.1,GOES-16,1.349e-06,1.475e-03,2.022e-03,,,,-4.374695,-21.042158,-68.36055,-450.65094,GOES-16_XRS,1,4720,0,3107
2022-09-25 05:01:00,2022-09-25 04:52:00,2022-09-25 05:04:00,202209250452,3.196e-06,C3.1,GOES-17,1.038e-06,1.322e-03,1.431e-03,-65.0,15.0,LEA,-56.57837,14.396048,-775.133,174.57237,GOES-17_XRS,1,4780,0,3110
2022-09-25 06:34:00,2022-09-25 06:12:00,2022-09-25 06:49:00,202209250612,4.301e-06,C4.3,GOES-16,1.210e-06,4.308e-03,6.828e-03,-29.0,-25.0,LEA,-23.638,-23.882923,-351.89536,-483.23026,GOES-16_XRS,1,4790,0,3107
2022-09-25 07:06:00,2022-09-25 07:01:00,2022-09-25 07:09:00,202209250701,5.955e-06,C5.9,GOES-16,2.177e-06,2.118e-03,2.323e-03,-67.0,15.0,SVI,-51.094116,11.982818,-730.1408,126.22225,GOES-16_XRS,1,4800,0,3110
2022-09-25 09:29:00,2022-09-25 09:25:00,2022-09-25 09:33:00,202209250925,1.150e-06,C1.1,GOES-16,7.812e-07,4.678e-04,5.753e-04,-65.0,15.0,LEA,-9.718872,22.837114,-149.45116,264.32343,GOES-16_XRS,1,4850,0,3110
2022-09-25 19:02:00,2022-09-25 18:57:00,2022-09-25 19:05:00,202209251857,1.488e-06,C1.4,GOES-16,8.085e-07,6.053e-04,6.687e-04,,,,-35.795227,14.007716,-544.84784,139.30028,GOES-16_XRS,1,4900,0,3110
2022-09-25 19:34:00,2022-09-25 19:24:00,2022-09-25 19:39:00,202209251924,1.951e-06,C1.9,GOES-16,8.634e-07,1.096e-03,1.341e-03,,,,-40.2536,13.386031,-603.40393,134.40732,GOES-16_XRS,1,4910,0,3110
2022-09-25 20:49:00,2022-09-25 20:43:00,,202209252043,1.158e-06,C1.1,GOES-16,7.757e-07,5.745e-04,,,,,-33.407898,18.603659,-501.0416,212.22447,GOES-16_XRS,1,4940,0,3110
2022-09-25 21:06:00,2022-09-25 20:54:00,2022-09-25 21:14:00,202209252054,1.447e-06,C1.4,GOES-16,9.753e-07,1.144e-03,1.597e-03,,,,33.079063,0.023249008,524.0774,-96.88126,GOES-16_XRS,2,5000,0,3102
2022-09-26 09:11:00,2022-09-26 08:48:00,2022-09-26 09:35:00,202209260848,4.737e-06,C4.7,GOES-16,1.112e-06,4.824e-03,9.460e-03,-16.0,-25.0,LEA,-7.1434937,-23.234655,-109.75119,-481.72537,GOES-16_XRS,1,5010,0,3107
2022-09-26 12:50:00,2022-09-26 12:39:00,2022-09-26 13:08:00,202209261239,2.132e-06,C2.1,GOES-16,1.402e-06,1.656e-03,3.476e-03,,,,-6.313385,-20.33998,-99.049255,-439.32825,GOES-16_XRS,1,5070,0,
2022-09-26 15:45:00,2022-09-26 15:37:00,2022-09-26 15:49:00,202209261537,2.924e-06,C2.9,GOES-16,9.511e-07,1.186e-03,1.410e-03,-6.0,-23.0,HOL,-13.212311,-7.2716,-217.86162,-232.46843,GOES-16_XRS,1,5090,0,3107
2022-09-26 18:07:00,2022-09-26 17:57:00,2022-09-26 18:24:00,202209261757,1.872e-06,C1.8,GOES-16,1.011e-06,1.200e-03,2.648e-03,,,,-2.8196716,-26.190907,-42.397297,-524.4217,GOES-16_XRS,1,5100,0,
2022-09-26 21:14:00,2022-09-26 20:44:00,2022-09-26 21:31:00,202209262044,3.697e-06,C3.6,GOES-16,9.369e-07,4.580e-03,7.044e-03,,,,-0.8356323,-24.277193,-12.770146,-497.36676,GOES-16_XRS,1,5130,0,3107
2022-09-27 04:24:00,2022-09-27 04:08:00,,202209270408,2.793e-06,C2.7,GOES-18,8.262e-07,2.112e-03,,4.0,-25.0,LEA,0.91007996,-25.154062,13.811052,-509.74536,GOES-18_XRS,1,5190,0,3107
2022-09-27 04:36:00,2022-09-27 04:32:00,2022-09-27 04:39:00,202209270432,3.978e-06,C3.9,GOES-18,2.032e-06,1.430e-03,1.572e-03,,,,2.0122347,-24.307095,30.741686,-497.61584,GOES-18_XRS,2,5230,0,
2022-09-27 06:46:00,2022-09-27 06:37:00,2022-09-27 06:57:00,202209270637,4.847e-06,C4.8,GOES-16,1.222e-06,2.280e-03,4.120e-03,4.0,-25.0,LEA,3.3778656,-23.87068,51.763683,-491.19345,GOES-16_XRS,1,5220,0,3107
2022-09-27 11:56:00,2022-09-27 11:44:00,2022-09-27 12:05:00,202209271144,4.049e-06,C4.0,GOES-16,1.313e-06,2.439e-03,3.665e-03,3.0,-25.0,SVI,5.5666714,-25.100092,84.39201,-508.3636,GOES-16_XRS,1,5280,0,3107
2022-09-27 13:52:00,2022-09-27 13:40:00,2022-09-27 13:57:00,202209271340,2.192e-06,C2.1,GOES-16,8.743e-07,1.405e-03,1.674e-03,7.0,-25.0,SVI,8.153752,-23.639318,124.83104,-486.8354,GOES-16_XRS,1,5300,0,3107
2022-09-27 14:48:00,2022-09-27 14:39:00,,202209271439,1.199e-06,C1.1,GOES-16,8.282e-07,8.009e-04,,,,,22.798159,-17.057125,355.8906,-381.17667,GOES-16_XRS,1,5320,0,
2022-09-27 14:59:00,2022-09-27 14:53:00,2022-09-27 15:02:00,202209271453,1.328e-06,C1.3,GOES-16,1.136e-06,7.433e-04,8.120e-04,,,,30.383148,-17.053373,464.42758,-374.5042,GOES-16_XRS,2,,0,
2022-09-27 16:50:00,2022-09-27 16:42:00,2022-09-27 16:55:00,202209271642,2.057e-06,C2.0,GOES-16,1.335e-06,1.210e-03,1.509e-03,29.0,-16.0,HOL,29.05603,-17.316795,445.3522,-379.8029,GOES-16_XRS,1,5330,0,3105
2022-09-27 19:57:00,2022-09-27 19:49:00,2022-09-27 20:03:00,202209271949,5.096e-06,C5.0,GOES-16,9.789e-07,2.078e-03,2.797e-03,30.0,-15.0,HOL,29.173164,-16.319641,449.3758,-364.2666,GOES-16_XRS,1,5350,0,3105
2022-09-27 23:00:00,2022-09-27 22:53:00,,202209272253,1.720e-06,C1.7,GOES-16,8.025e-07,8.345e-04,,,,,33.264683,-15.537956,507.58228,-347.93185,GOES-16_XRS,1,5380,0,3105
2022-09-27 23:07:00,2022-09-27 23:02:00,2022-09-27 23:09:00,202209272302,2.219e-06,C2.2,GOES-16,1.689e-06,1.023e-03,1.115e-03,,,,31.365856,-16.434723,479.53674,-363.8343,GOES-16_XRS,2,5390,0,3105
2022-09-28 00:20:00,2022-09-28 00:11:00,2022-09-28 00:32:00,202209280011,1.740e-06,C1.7,GOES-16,1.213e-06,1.205e-03,2.154e-03,10.0,-25.0,LEA,17.53675,-20.812235,270.62726,-441.27576,GOES-16_XRS,1,5400,0,3107
2022-09-28 00:47:00,2022-09-28 00:41:00,2022-09-28 00:50:00,202209280041,3.500e-06,C3.4,GOES-16,1.190e-06,1.450e-03,1.576e-03,10.0,-25.0,LEA,13.483797,-22.887205,206.40334,-473.85782,GOES-16_XRS,1,5410,0,3107
2022-09-28 02:57:00,2022-09-28 02:53:00,2022-09-28 02:59:00,202209280253,1.950e-06,C1.9,GOES-16,7.962e-07,5.679e-04,6.268e-04,,,,14.767345,-19.971617,230.21252,-430.15567,GOES-16_XRS,1,5430,0,3107
2022-09-28 07:53:00,2022-09-28 07:46:00,2022-09-28 07:56:00,202209280746,1.720e-06,C1.7,GOES-16,9.711e-07,8.292e-04,8.966e-04,19.0,-25.0,SVI,21.59817,-21.676664,328.65546,-451.36563,GOES-16_XRS,1,5470,0,3107
2022-09-28 08:46:00,2022-09-28 08:39:00,2022-09-28 08:49:00,202209280839,1.395e-06,C1.3,GOES-16,9.187e-07,7.440e-04,8.097e-04,20.0,-25.0,SVI,33.753803,-17.0407,510.2709,-370.5262,GOES-16_XRS,1,5480,0,3107
2022-09-28 11:15:00,2022-09-28 11:08:00,,202209281108,1.124e-06,C1.1,GOES-16,7.866e-07,6.336e-04,,,,,42.87454,-14.706171,631.9194,-323.1314,GOES-16_XRS,1,5520,0,3107
2022-09-28 11:32:00,2022-09-28 11:28:00,2022-09-28 11:38:00,202209281128,1.347e-06,C1.3,GOES-16,9.731e-07,5.979e-04,8.880e-04,,,,24.686026,-17.716375,382.27643,-389.41705,GOES-16_XRS,2,,0,
2022-09-28 19:00:00,2022-09-28 18:52:00,2022-09-28 19:05:00,202209281852,2.607e-06,C2.6,GOES-16,1.673e-06,1.543e-03,1.916e-03,,,,33.885506,-33.390667,446.9209,-603.76373,GOES-16_XRS,1,5630,0,3107
2022-09-28 23:45:00,2022-09-28 23:40:00,2022-09-28 23:47:00,202209282340,1.683e-06,C1.6,GOES-16,9.232e-07,6.712e-04,7.415e-04,27.0,-23.0,LEA,25.66983,-24.375685,379.09097,-487.41434,GOES-16_XRS,1,5660,0,3107
2022-09-29 05:29:00,2022-09-29 05:14:00,,202209290514,5.514e-06,C5.5,GOES-18,3.196e-06,5.249e-03,,,,,,,-862.6576,430.61798,GOES-18_XRS,1,5710,0,3112
2022-09-29 06:03:00,2022-09-29 05:58:00,2022-09-29 06:10:00,202209290558,4.619e-06,C4.6,GOES-18,4.539e-06,2.478e-03,3.851e-03,,,,,,-983.899,455.34836,GOES-18_XRS,2,5730,0,3112
2022-09-29 12:01:00,2022-09-29 11:50:00,,202209291150,5.770e-06,C5.7,GOES-16,2.113e-06,3.678e-03,,,,,,,-945.5447,412.33844,GOES-16_XRS,1,5790,0,3112
2022-09-29 13:14:00,2022-09-29 13:09:00,2022-09-29 13:17:00,202209291309,4.066e-06,C4.0,GOES-16,4.030e-06,2.186e-03,2.428e-03,,,,,,-940.32965,491.5909,GOES-16_XRS,2,5800,0,3112
2022-09-29 13:39:00,2022-09-29 13:33:00,2022-09-29 13:54:00,202209291333,5.048e-06,C5.0,GOES-16,3.730e-06,2.631e-03,6.215e-03,20.0,-25.0,SVI,-0.40823364,-4.110743,-6.835693,-182.02356,GOES-16_XRS,1,5810,0,3107
2022-09-29 20:24:00,2022-09-29 20:10:00,2022-09-29 20:54:00,202209292010,5.523e-06,C5.5,GOES-16,1.723e-06,4.360e-03,1.176e-02,,,,,,-865.48145,418.4443,GOES-16_XRS,1,5940,0,3112
2022-09-29 23:59:00,2022-09-29 23:46:00,2022-09-30 00:13:00,202209292346,2.377e-06,C2.3,GOES-16,1.507e-06,2.076e-03,3.596e-03,,,,,,,,,1,5990,0,3112
2022-09-30 02:01:00,2022-09-30 01:51:00,2022-09-30 02:09:00,202209300151,2.835e-06,C2.8,GOES-16,1.813e-06,2.014e-03,2.886e-03,,,,,,-920.2238,484.485,GOES-16_XRS,1,6020,0,3112
2022-09-30 03:27:00,2022-09-30 03:18:00,2022-09-30 03:37:00,202209300318,2.899e-06,C2.8,GOES-16,1.674e-06,1.826e-03,2.998e-03,,,,-85.49133,22.36555,-883.3674,353.8453,GOES-16_XRS,1,6060,0,3112
2022-09-30 04:01:00,2022-09-30 03:46:00,,202209300346,1.052e-05,M1.0,GOES-16,2.170e-06,6.959e-03,,,,,,,-874.1739,394.47354,GOES-16_XRS,1,6080,0,3112
2022-09-30 07:05:00,2022-09-30 06:51:00,2022-09-30 07:19:00,202209300651,5.534e-06,C5.5,GOES-16,2.124e-06,4.333e-03,7.462e-03,,,,,,-866.5419,411.08148,GOES-16_XRS,1,6110,0,3112
2022-09-30 08:45:00,2022-09-30 08:36:00,2022-09-30 09:01:00,202209300836,2.809e-06,C2.8,GOES-16,1.892e-06,1.972e-03,4.151e-03,,,,-86.64169,24.8553,-867.9375,393.95135,GOES-16_XRS,1,6140,0,3112
2022-09-30 11:38:00,2022-09-30 11:33:00,2022-09-30 11:44:00,202209301133,3.033e-06,C3.0,GOES-16,2.031e-06,1.411e-03,2.026e-03,,,,,,-912.72375,343.9505,GOES-16_XRS,1,6160,0,3112
2022-09-30 14:16:00,2022-09-30 14:03:00,2022-09-30 14:31:00,202209301403,7.810e-06,C7.8,GOES-16,1.887e-06,4.745e-03,9.114e-03,,,,,,-902.1355,365.28687,GOES-16_XRS,1,6190,0,3112
2022-09-30 15:14:00,2022-09-30 15:03:00,2022-09-30 15:24:00,202209301503,4.052e-06,C4.0,GOES-16,1.598e-06,2.608e-03,4.096e-03,,,,-85.863556,24.919498,-866.83246,393.61163,GOES-16_XRS,1,6200,0,3112
2022-09-30 15:34:00,2022-09-30 15:27:00,2022-09-30 15:43:00,202209301527,4.098e-06,C4.0,GOES-16,2.431e-06,2.268e-03,3.685e-03,,,,,,-955.0841,414.48404,GOES-16_XRS,1,6210,0,3112
2022-09-30 16:22:00,2022-09-30 16:11:00,2022-09-30 16:32:00,202209301611,2.971e-05,M2.9,GOES-16,1.996e-06,1.356e-02,2.198e-02,,,,,,-909.4386,341.0054,GOES-16_XRS,1,6230,0,3112
2022-09-30 17:34:00,2022-09-30 17:30:00,2022-09-30 17:44:00,202209301730,1.392e-05,M1.3,GOES-16,3.190e-06,4.542e-03,8.908e-03,,,,,,-898.23926,371.6205,GOES-16_XRS,1,6240,0,3112
2022-09-30 22:43:00,2022-09-30 22:37:00,2022-09-30 22:46:00,202209302237,3.490e-06,C3.4,GOES-16,1.394e-06,1.319e-03,1.421e-03,-30.0,30.0,HOL,-33.13446,28.918816,-459.9789,379.04138,GOES-16_XRS,1,6270,0,3111
2022-09-30 23:39:00,2022-09-30 23:33:00,2022-09-30 23:42:00,202209302333,3.180e-06,C3.1,GOES-16,1.601e-06,1.301e-03,1.414e-03,-30.0,28.0,LEA,-33.29712,27.076502,-469.96628,350.7072,GOES-16_XRS,1,6280,0,3111
2022-10-01 02:18:00,2022-10-01 02:09:00,2022-10-01 02:22:00,202210010209,2.934e-06,C2.9,GOES-16,1.984e-06,1.945e-03,2.236e-03,,,,-27.769043,20.289934,-420.3062,237.69765,GOES-16_XRS,1,6300,0,3112
2022-10-01 04:01:00,2022-10-01 03:55:00,2022-10-01 04:06:00,202210010355,2.608e-06,C2.6,GOES-16,1.881e-06,1.326e-03,1.714e-03,,,,-56.860992,19.698002,-757.1375,263.60007,GOES-16_XRS,1,6320,0,3112
2022-10-01 04:17:00,2022-10-01 04:12:00,2022-10-01 04:38:00,202210010412,3.795e-06,C3.7,GOES-18,2.128e-06,1.694e-03,5.362e-03,,,,-54.56064,22.83893,-721.21765,310.14697,GOES-18_XRS,1,6330,0,3112
2022-10-01 04:58:00,2022-10-01 04:42:00,2022-10-01 05:11:00,202210010442,6.318e-06,C6.3,GOES-18,2.728e-06,5.722e-03,9.290e-03,,,,20.790733,-16.213636,327.8203,-367.79758,GOES-18_XRS,1,6340,0,3107
2022-10-01 06:22:00,2022-10-01 06:14:00,,202210010614,2.081e-06,C2.0,GOES-16,1.493e-06,1.316e-03,,,,,-75.39896,22.390652,-858.25195,336.70413,GOES-16_XRS,1,,0,
2022-10-01 06:30:00,2022-10-01 06:24:00,2022-10-01 06:32:00,202210010624,2.311e-06,C2.3,GOES-16,2.039e-06,1.271e-03,1.381e-03,,,,-73.60611,19.714058,-866.38916,291.55392,GOES-16_XRS,2,6350,0,3112
2022-10-01 07:11:00,2022-10-01 07:07:00,2022-10-01 07:18:00,202210010707,2.245e-06,C2.2,GOES-16,1.560e-06,9.317e-04,1.496e-03,,,,-32.806366,17.253428,-497.6098,192.95895,GOES-16_XRS,1,6390,0,3107
2022-10-01 08:17:00,2022-10-01 07:54:00,,202210010754,3.822e-06,C3.8,GOES-16,1.460e-06,4.606e-03,,,,,-76.25647,25.5397,-840.67395,386.6457,GOES-16_XRS,1,,0,
2022-10-01 08:31:00,2022-10-01 08:22:00,2022-10-01 08:35:00,202210010822,3.859e-06,C3.8,GOES-16,3.691e-06,2.949e-03,3.395e-03,,,,-69.54996,28.826057,-787.72186,425.14685,GOES-16_XRS,2,6410,0,3112
2022-10-01 17:41:00,2022-10-01 17:29:00,2022-10-01 17:45:00,202210011729,3.414e-06,C3.4,GOES-16,1.613e-06,2.305e-03,2.578e-03,,,,-73.06595,26.201143,-823.58264,391.4981,GOES-16_XRS,1,6500,0,3112
2022-10-01 18:04:00,2022-10-01 17:58:00,2022-10-01 18:06:00,202210011758,4.402e-06,C4.4,GOES-16,1.724e-06,1.608e-03,1.724e-03,-22.0,30.0,HOL,-20.5932,28.221268,-298.15192,359.2668,GOES-16_XRS,1,6510,0,3111
2022-10-01 18:27:00,2022-10-01 18:21:00,2022-10-01 18:35:00,202210011821,2.456e-06,C2.4,GOES-16,1.764e-06,1.276e-03,2.064e-03,,,,-22.198456,20.12141,-341.33405,231.18489,GOES-16_XRS,1,6520,0,3113
2022-10-01 20:10:00,2022-10-01 19:58:00,2022-10-01 20:15:00,202210011958,5.866e-05,M5.8,GOES-16,1.676e-06,2.492e-02,2.989e-02,36.0,18.0,HOL,33.25498,16.175835,506.56747,176.08861,GOES-16_XRS,1,6590,0,3110
2022-10-02 02:21:00,2022-10-02 02:08:00,2022-10-02 02:25:00,202210020208,8.768e-05,M8.7,GOES-16,2.380e-06,3.097e-02,3.589e-02,34.0,16.0,LEA,36.386818,16.358047,547.4712,182.60072,GOES-16_XRS,1,6640,0,3110
2022-10-02 05:22:00,2022-10-02 05:18:00,2022-10-02 05:30:00,202210020518,2.797e-06,C2.7,GOES-18,1.820e-06,1.158e-03,2.014e-03,40.0,18.0,SVI,32.246807,20.198694,481.7029,241.13382,GOES-18_XRS,1,6660,0,3110
2022-10-02 06:21:00,2022-10-02 05:42:00,2022-10-02 06:55:00,202210020542,4.200e-06,C4.2,GOES-16,2.183e-06,9.062e-03,1.609e-02,42.0,18.0,SVI,-64.558136,27.921486,-766.13403,404.21658,GOES-16_XRS,1,6680,0,3110
2022-10-02 10:43:00,2022-10-02 10:36:00,2022-10-02 10:52:00,202210021036,2.328e-06,C2.3,GOES-16,1.438e-06,1.206e-03,2.000e-03,,,,-49.428925,23.018848,-671.9724,306.53888,GOES-16_XRS,1,6730,0,3110
2022-10-02 11:39:00,2022-10-02 11:30:00,2022-10-02 11:43:00,202210021130,2.487e-06,C2.4,GOES-16,1.554e-06,1.591e-03,1.823e-03,,,,-17.12561,22.71304,-261.43042,270.67014,GOES-16_XRS,1,6750,0,3110
2022-10-02 11:53:00,2022-10-02 11:45:00,2022-10-02 12:08:00,202210021145,3.005e-06,C3.0,GOES-16,1.922e-06,1.801e-03,3.892e-03,44.0,18.0,SVI,-11.545746,23.78069,-176.29234,285.38962,GOES-16_XRS,1,6760,0,3110
2022-10-02 14:05:00,2022-10-02 13:52:00,2022-10-02 14:22:00,202210021352,1.276e-05,M1.2,GOES-16,2.816e-06,8.744e-03,1.713e-02,-73.0,25.0,HOL,-71.40158,24.243515,-829.4963,359.11142,GOES-16_XRS,1,6820,0,3112
2022-10-02 14:57:00,2022-10-02 14:48:00,2022-10-02 15:11:00,202210021448,8.788e-06,C8.7,GOES-16,3.781e-06,5.677e-03,1.088e-02,77.0,-29.0,SVI,,,1036.9247,-634.3076,GOES-16_XRS,1,6830,0,3107
2022-10-02 15:45:00,2022-10-02 15:34:00,2022-10-02 15:52:00,202210021534,1.075e-05,M1.0,GOES-16,2.626e-06,5.967e-03,8.082e-03,-69.0,22.0,SVI,,,-920.0222,368.9371,GOES-16_XRS,1,6850,0,3112
2022-10-02 17:34:00,2022-10-02 17:23:00,,202210021723,3.671e-06,C3.6,GOES-16,1.712e-06,2.472e-03,,,,,24.045242,-3.292302,391.49707,-156.51457,GOES-16_XRS,1,6860,0,3112
2022-10-02 18:07:00,2022-10-02 17:53:00,2022-10-02 18:25:00,202210021753,7.896e-06,C7.8,GOES-16,2.802e-06,5.692e-03,1.158e-02,47.0,17.0,HOL,39.566772,14.504256,593.1463,156.15877,GOES-16_XRS,2,6870,0,3110
2022-10-02 19:08:00,2022-10-02 18:49:00,2022-10-02 19:24:00,202210021849,8.187e-06,C8.1,GOES-16,3.161e-06,8.220e-03,1.399e-02,,,,,,-987.836,366.15283,GOES-16_XRS,1,6880,0,3112
2022-10-02 20:25:00,2022-10-02 19:53:00,2022-10-02 20:33:00,202210021953,1.063e-04,X1.0,GOES-16,4.444e-06,6.323e-02,8.634e-02,,,,19.240822,19.926207,298.20837,226.98773,GOES-16_XRS,1,6890,0,3110
2022-10-02 23:08:00,2022-10-02 22:49:00,2022-10-02 23:18:00,202210022249,9.132e-06,C9.1,GOES-16,2.126e-06,7.209e-03,1.020e-02,-66.0,22.0,LEA,-64.568634,24.313536,-790.4147,349.32483,GOES-16_XRS,1,6910,0,3112
2022-10-03 02:33:00,2022-10-03 02:19:00,2022-10-03 03:01:00,202210030219,2.626e-05,M2.6,GOES-16,2.643e-06,1.314e-02,4.004e-02,-64.0,23.0,LEA,-67.89984,22.598999,-821.37213,328.01233,GOES-16_XRS,1,6920,0,3112
2022-10-03 03:51:00,2022-10-03 03:40:00,2022-10-03 04:00:00,202210030340,6.362e-06,C6.3,GOES-16,3.423e-06,4.371e-03,6.547e-03,,,,-59.28592,19.284285,-779.69653,261.72458,GOES-16_XRS,1,6930,0,3112
2022-10-03 07:23:00,2022-10-03 07:12:00,2022-10-03 07:31:00,202210030712,7.575e-06,C7.5,GOES-16,1.816e-06,3.705e-03,5.575e-03,,,,53.778614,15.825384,746.0615,197.37196,GOES-16_XRS,1,6970,0,3110
2022-10-03 08:14:00,2022-10-03 08:05:00,2022-10-03 08:21:00,202210030805,3.410e-06,C3.4,GOES-16,2.279e-06,2.308e-03,3.159e-03,-60.0,24.0,SVI,-57.713104,26.337345,-728.0209,370.44702,GOES-16_XRS,1,6990,0,3112
2022-10-03 09:20:00,2022-10-03 09:09:00,,202210030909,5.175e-06,C5.1,GOES-16,2.590e-06,3.570e-03,,56.0,18.0,SVI,51.930202,18.202978,718.94934,233.41649,GOES-16_XRS,1,7020,0,3110
2022-10-03 10:11:00,2022-10-03 09:38:00,2022-10-03 10:26:00,202210030938,4.206e-05,M4.2,GOES-16,4.040e-06,4.929e-02,7.239e-02,,,,54.1841,17.19267,744.6266,220.32684,GOES-16_XRS,2,7040,0,3110
2022-10-03 11:11:00,2022-10-03 11:03:00,2022-10-03 11:18:00,202210031103,1.522e-05,M1.5,GOES-16,5.768e-06,8.109e-03,1.142e-02,,,,56.61212,17.013819,767.35095,221.10043,GOES-16_XRS,1,7070,0,3110
2022-10-03 12:24:00,2022-10-03 12:16:00,2022-10-03 12:31:00,202210031216,4.337e-06,C4.3,GOES-16,3.062e-06,2.717e-03,3.849e-03,59.0,18.0,SVI,67.19798,17.424381,844.7242,244.79607,GOES-16_XRS,1,7090,0,3110
2022-10-03 13:18:00,2022-10-03 13:11:00,2022-10-03 13:23:00,202210031311,2.959e-06,C2.9,GOES-16,2.145e-06,1.683e-03,2.127e-03,60.0,18.0,SVI,67.46597,15.298492,855.63965,210.85725,GOES-16_XRS,1,7130,0,3110
2022-10-03 14:22:00,2022-10-03 14:13:00,,202210031413,3.706e-06,C3.7,GOES-16,2.215e-06,2.403e-03,,,,,-64.37775,22.189484,-801.99805,316.13196,GOES-16_XRS,1,,0,
2022-10-03 14:40:00,2022-10-03 14:33:00,,202210031433,3.635e-06,C3.6,GOES-16,3.211e-06,2.289e-03,,,,,-45.553375,23.271303,-630.706,306.26566,GOES-16_XRS,2,,0,
2022-10-03 14:51:00,2022-10-03 14:44:00,2022-10-03 14:57:00,202210031444,4.134e-06,C4.1,GOES-16,3.566e-06,2.611e-03,3.540e-03,60.0,18.0,SVI,-48.249176,21.695995,-666.5645,284.68243,GOES-16_XRS,3,7150,0,3110
2022-10-03 15:30:00,2022-10-03 15:20:00,2022-10-03 15:39:00,202210031520,1.699e-05,M1.6,GOES-16,2.706e-06,7.809e-03,1.266e-02,-54.0,24.0,SVI,-55.43994,22.814976,-729.62476,312.42688,GOES-16_XRS,1,7160,0,3112
2022-10-03 17:50:00,2022-10-03 17:41:00,2022-10-03 17:57:00,202210031741,2.236e-06,C2.2,GOES-16,1.430e-06,1.424e-03,1.991e-03,,,,-27.617584,19.919483,-419.5152,233.62238,GOES-16_XRS,1,7170,0,
2022-10-03 18:31:00,2022-10-03 18:23:00,,202210031823,2.381e-06,C2.3,GOES-16,1.484e-06,1.444e-03,,,,,-30.63153,26.409435,-439.15625,339.98935,GOES-16_XRS,1,,0,
2022-10-03 18:39:00,2022-10-03 18:34:00,2022-10-03 18:44:00,202210031834,2.447e-06,C2.4,GOES-16,2.233e-06,1.276e-03,1.691e-03,,,,-46.160217,28.228233,-611.12115,384.4068,GOES-16_XRS,2,7180,0,3110
2022-10-03 19:35:00,2022-10-03 19:30:00,,202210031930,2.293e-06,C2.2,GOES-16,1.700e-06,1.093e-03,,,,,-53.83966,19.382246,-732.1676,255.47095,GOES-16_XRS,1,,0,
2022-10-03 19:46:00,2022-10-03 19:38:00,,202210031938,6.050e-06,C6.0,GOES-16,2.167e-06,2.617e-03,,,,,-50.882538,22.410355,-689.635,299.7233,GOES-16_XRS,2,,0,
2022-10-03 20:28:00,2022-10-03 19:57:00,2022-10-03 20:51:00,202210031957,1.261e-05,M1.2,GOES-16,4.538e-06,1.818e-02,3.125e-02,,,,63.186947,16.546429,821.9643,224.10994,GOES-16_XRS,3,7190,0,
2022-10-03 21:22:00,2022-10-03 21:13:00,2022-10-03 21:30:00,202210032113,1.784e-05,M1.7,GOES-16,5.925e-06,9.436e-03,1.413e-02,,,,34.860924,20.238514,516.08936,245.65259,GOES-16_XRS,1,7200,0,
2022-10-04 00:43:00,2022-10-04 00:37:00,2022-10-04 00:55:00,202210040037,4.431e-06,C4.4,GOES-16,1.883e-06,1.835e-03,3.928e-03,-55.0,23.0,LEA,-43.959106,25.098003,-604.639,333.41104,GOES-16_XRS,1,7250,0,3112
2022-10-04 04:27:00,2022-10-04 04:21:00,2022-10-04 04:29:00,202210040421,2.125e-06,C2.1,GOES-18,1.542e-06,1.109e-03,1.198e-03,-55.0,23.0,LEA,-31.305786,16.55511,-479.43378,182.19408,GOES-18_XRS,1,7270,0,3112
2022-10-04 05:32:00,2022-10-04 05:24:00,2022-10-04 05:37:00,202210040524,1.617e-06,C1.6,GOES-18,1.136e-06,9.737e-04,1.221e-03,-55.0,23.0,LEA,-24.122528,21.877792,-365.1381,263.05276,GOES-18_XRS,1,7280,0,3112
2022-10-04 12:44:00,2022-10-04 12:26:00,,202210041226,2.527e-06,C2.5,GOES-16,1.310e-06,2.659e-03,,66.0,17.0,SVI,64.96821,0.38146782,870.51654,-40.069283,GOES-16_XRS,1,7350,0,3110
2022-10-04 13:15:00,2022-10-04 12:48:00,2022-10-04 13:50:00,202210041248,1.609e-05,M1.6,GOES-16,2.453e-06,1.524e-02,3.930e-02,66.0,17.0,SVI,68.18491,17.199429,851.9555,243.26083,GOES-16_XRS,2,7350,0,3110
2022-10-04 19:37:00,2022-10-04 19:26:00,2022-10-04 20:02:00,202210041926,1.549e-06,C1.5,GOES-16,1.041e-06,1.209e-03,3.148e-03,,,,-30.20636,16.931032,-463.40808,187.87088,GOES-16_XRS,1,7380,0,3110
2022-10-04 22:56:00,2022-10-04 22:47:00,2022-10-04 23:11:00,202210042247,1.509e-06,C1.5,GOES-16,9.489e-07,9.899e-04,2.012e-03,,,,-37.548218,25.600706,-528.9454,334.8435,GOES-16_XRS,1,7400,0,3112
2022-10-05 02:07:00,2022-10-05 01:51:00,2022-10-05 02:23:00,202210050151,5.669e-06,C5.6,GOES-16,1.062e-06,4.255e-03,7.647e-03,-35.0,21.0,LEA,-33.20987,21.472425,-490.68524,264.9076,GOES-16_XRS,1,7420,0,3112
2022-10-05 06:19:00,2022-10-05 06:11:00,2022-10-05 06:23:00,202210050611,3.870e-06,C3.8,GOES-16,1.202e-06,1.855e-03,2.127e-03,-38.0,22.0,LEA,-40.69803,21.192541,-585.1339,268.44696,GOES-16_XRS,1,7430,0,3112
2022-10-05 08:16:00,2022-10-05 08:05:00,2022-10-05 08:38:00,202210050805,2.145e-06,C2.1,GOES-16,1.154e-06,1.550e-03,3.844e-03,-29.0,22.0,LEA,-33.83261,25.819239,-482.48196,334.91556,GOES-16_XRS,1,7440,0,3112
2022-10-05 08:57:00,2022-10-05 08:47:00,2022-10-05 09:02:00,202210050847,3.591e-06,C3.5,GOES-16,1.444e-06,1.971e-03,2.400e-03,,,,,,942.8878,221.75874,GOES-16_XRS,1,,0,
2022-10-05 10:40:00,2022-10-05 10:31:00,2022-10-05 10:44:00,202210051031,1.408e-06,C1.4,GOES-16,1.009e-06,9.633e-04,1.100e-03,-37.0,22.0,SVI,-29.241516,35.65632,-382.0721,480.15598,GOES-16_XRS,1,7470,0,3112
2022-10-05 10:52:00,2022-10-05 10:45:00,,202210051045,2.637e-06,C2.6,GOES-16,1.122e-06,1.251e-03,,,,,-33.712982,18.385221,-507.12622,215.588,GOES-16_XRS,1,,0,
2022-10-05 11:01:00,2022-10-05 10:55:00,2022-10-05 11:04:00,202210051055,2.789e-06,C2.7,GOES-16,2.504e-06,1.595e-03,1.737e-03,,,,-29.567352,20.785423,-444.24347,250.78273,GOES-16_XRS,2,,0,
2022-10-05 12:03:00,2022-10-05 11:54:00,2022-10-05 12:07:00,202210051154,2.258e-06,C2.2,GOES-16,1.294e-06,1.305e-03,1.507e-03,-33.0,26.0,SVI,-27.970673,27.241125,-401.5295,352.26126,GOES-16_XRS,1,7490,0,3112
2022-10-05 20:19:00,2022-10-05 20:11:00,2022-10-05 20:27:00,202210052011,2.718e-06,C2.7,GOES-16,1.272e-06,1.502e-03,2.259e-03,,,,-65.259766,10.668762,-857.8746,132.15471,GOES-16_XRS,1,7530,0,
2022-10-06 02:02:00,2022-10-06 01:57:00,2022-10-06 02:06:00,202210060157,1.906e-06,C1.9,GOES-16,1.386e-06,9.146e-04,1.101e-03,-25.0,22.0,LEA,-34.612183,24.483559,-497.75388,315.20874,GOES-16_XRS,1,7540,0,3112
2022-10-06 05:46:00,2022-10-06 05:41:00,2022-10-06 05:50:00,202210060541,1.374e-06,C1.3,GOES-16,9.206e-07,6.157e-04,7.464e-04,,,,-21.457703,17.548828,-336.05377,192.41835,GOES-16_XRS,1,7550,0,
2022-10-06 08:35:00,2022-10-06 08:28:00,2022-10-06 08:43:00,202210060828,1.816e-06,C1.8,GOES-16,1.140e-06,9.478e-04,1.486e-03,-25.0,22.0,LEA,-13.2907715,19.485693,-208.85217,219.98848,GOES-16_XRS,1,7560,0,3112
2022-10-06 15:39:00,2022-10-06 15:33:00,2022-10-06 15:46:00,202210061533,1.758e-06,C1.7,GOES-16,1.124e-06,8.852e-04,1.327e-03,,,,-17.44165,22.951914,-265.96072,278.44772,GOES-16_XRS,1,7610,0,3112
2022-10-06 18:32:00,2022-10-06 18:24:00,2022-10-06 18:40:00,202210061824,1.602e-06,C1.6,GOES-16,1.104e-06,9.653e-04,1.468e-03,,,,-3.2199097,15.355154,-52.210884,149.66597,GOES-16_XRS,1,7620,0,
2022-10-06 23:13:00,2022-10-06 22:59:00,2022-10-06 23:25:00,202210062259,2.988e-06,C2.9,GOES-16,1.045e-06,2.195e-03,3.615e-03,-14.0,28.0,HOL,-10.668182,28.806532,-156.31865,368.61966,GOES-16_XRS,1,7660,0,3116
2022-10-07 02:15:00,2022-10-07 02:06:00,2022-10-07 02:33:00,202210070206,1.214e-06,C1.2,GOES-16,8.584e-07,8.341e-04,1.922e-03,,,,19.52406,5.8190875,320.46164,-3.8545382,GOES-16_XRS,1,7710,0,3112
2022-10-07 03:49:00,2022-10-07 03:40:00,2022-10-07 03:56:00,202210070340,1.253e-06,C1.2,GOES-16,8.136e-07,8.212e-04,1.141e-03,,,,-12.321625,34.568424,-169.311,456.7216,GOES-16_XRS,1,7730,0,3116
2022-10-07 04:21:00,2022-10-07 04:08:00,2022-10-07 04:32:00,202210070408,1.524e-06,C1.5,GOES-18,8.771e-07,1.315e-03,2.005e-03,,,,-14.229736,19.296062,-223.62402,218.08755,GOES-18_XRS,1,7750,0,3112
2022-10-07 12:31:00,2022-10-07 12:19:00,2022-10-07 12:41:00,202210071219,3.500e-06,C3.5,GOES-16,2.134e-06,2.825e-03,4.255e-03,,,,-2.1370544,19.206226,-33.95084,213.9468,GOES-16_XRS,1,7800,0,3112
2022-10-07 14:44:00,2022-10-07 14:21:00,2022-10-07 15:31:00,202210071421,1.011e-05,M1.0,GOES-16,4.470e-06,1.286e-02,3.650e-02,-10.0,29.0,SVI,-4.5303955,31.460499,-64.938995,408.7814,GOES-16_XRS,1,7820,0,3116
2022-10-07 18:59:00,2022-10-07 18:49:00,2022-10-07 19:08:00,202210071849,4.312e-06,C4.3,GOES-16,9.921e-07,2.129e-03,3.356e-03,,,,-3.601532,22.538769,-55.937435,268.61835,GOES-16_XRS,1,7850,0,3112
2022-10-07 20:46:00,2022-10-07 20:38:00,2022-10-07 21:05:00,202210072038,1.435e-06,C1.4,GOES-16,8.643e-07,8.918e-04,2.154e-03,,,,-0.9425049,26.057228,-14.246032,324.80988,GOES-16_XRS,1,7870,0,3112
2022-10-07 22:05:00,2022-10-07 22:01:00,2022-10-07 22:08:00,202210072201,1.533e-06,C1.5,GOES-16,8.843e-07,5.928e-04,6.583e-04,,,,-9.31369,27.839548,-137.95267,354.1372,GOES-16_XRS,1,7890,0,3116
2022-10-08 00:40:00,2022-10-08 00:27:00,2022-10-08 00:47:00,202210080027,6.613e-06,C6.6,GOES-16,9.915e-07,3.354e-03,4.606e-03,-1.0,24.0,LEA,1.2983619,23.551306,20.027071,285.0128,GOES-16_XRS,1,7920,0,3112
2022-10-08 09:38:00,2022-10-08 09:29:00,2022-10-08 09:44:00,202210080929,2.963e-06,C2.9,GOES-16,1.094e-06,1.488e-03,1.977e-03,3.0,24.0,SVI,12.875283,20.223663,201.6147,233.93869,GOES-16_XRS,1,8020,0,3112
2022-10-08 11:48:00,2022-10-08 11:40:00,2022-10-08 11:59:00,202210081140,1.782e-06,C1.7,GOES-16,1.264e-06,1.119e-03,1.999e-03,-44.0,9.0,SVI,-56.962402,5.1764126,-803.56006,28.680449,GOES-16_XRS,1,8030,0,3118
2022-10-08 16:29:00,2022-10-08 16:14:00,2022-10-08 16:34:00,202210081614,1.787e-06,C1.7,GOES-16,9.981e-07,1.669e-03,1.916e-03,,,,8.08033,19.68047,127.63776,223.85693,GOES-16_XRS,1,8090,0,3112
2022-10-08 18:53:00,2022-10-08 18:47:00,2022-10-08 18:59:00,202210081847,1.342e-06,C1.3,GOES-16,7.997e-07,6.482e-04,9.107e-04,,,,14.313619,28.289923,209.89229,363.71042,GOES-16_XRS,1,8100,0,3116
2022-10-08 19:56:00,2022-10-08 19:49:00,2022-10-08 20:03:00,202210081949,1.184e-06,C1.1,GOES-16,8.661e-07,6.765e-04,9.893e-04,,,,11.97504,25.60601,180.4196,320.71375,GOES-16_XRS,1,8110,0,3116
2022-10-08 21:37:00,2022-10-08 21:28:00,2022-10-08 21:45:00,202210082128,1.753e-06,C1.7,GOES-16,8.496e-07,9.863e-04,1.476e-03,,,,6.5935836,26.60913,98.9997,335.2314,GOES-16_XRS,1,8130,0,3116
2022-10-09 02:25:00,2022-10-09 02:08:00,2022-10-09 02:34:00,202210090208,2.138e-06,C2.1,GOES-16,1.199e-06,2.165e-03,2.905e-03,11.0,23.0,LEA,12.58327,16.838137,201.114,178.93532,GOES-16_XRS,1,8170,0,3112
2022-10-09 08:13:00,2022-10-09 08:05:00,,202210090805,3.392e-06,C3.3,GOES-16,1.422e-06,1.959e-03,,11.0,23.0,LEA,18.166616,23.48019,275.76538,290.01163,GOES-16_XRS,1,8210,0,3112
2022-10-09 08:25:00,2022-10-09 08:20:00,2022-10-09 08:29:00,202210090820,2.929e-06,C2.9,GOES-16,2.501e-06,1.489e-03,1.795e-03,,,,20.635983,22.116722,314.84235,269.4582,GOES-16_XRS,2,,0,
2022-10-09 09:20:00,2022-10-09 09:15:00,2022-10-09 09:29:00,202210090915,2.055e-06,C2.0,GOES-16,1.218e-06,8.953e-04,1.630e-03,23.0,22.0,LEA,22.347422,23.4182,336.42633,291.47766,GOES-16_XRS,1,8230,0,3112
2022-10-09 10:24:00,2022-10-09 10:17:00,,202210091017,1.654e-06,C1.6,GOES-16,1.214e-06,9.576e-04,,,,,19.031843,22.757954,289.98694,278.9649,GOES-16_XRS,1,,0,
2022-10-09 10:34:00,2022-10-09 10:27:00,2022-10-09 10:45:00,202210091027,2.856e-06,C2.8,GOES-16,1.602e-06,1.500e-03,2.742e-03,,,,18.561785,24.755396,278.76035,310.69205,GOES-16_XRS,2,8240,0,3112
2022-10-09 11:02:00,2022-10-09 10:58:00,2022-10-09 11:05:00,202210091058,2.360e-06,C2.3,GOES-16,1.508e-06,9.439e-04,1.051e-03,15.0,23.0,SVI,15.303767,11.343984,249.61885,88.95783,GOES-16_XRS,1,8250,0,3112
2022-10-09 14:27:00,2022-10-09 14:10:00,2022-10-09 14:56:00,202210091410,3.938e-06,C3.9,GOES-16,1.903e-06,3.853e-03,9.034e-03,,,,25.167068,21.602768,381.25494,264.38498,GOES-16_XRS,1,8270,0,3112
2022-10-09 18:47:00,2022-10-09 18:37:00,2022-10-09 19:02:00,202210091837,2.058e-06,C2.0,GOES-16,9.242e-07,1.246e-03,2.484e-03,,,,20.064835,23.712515,302.9371,295.2257,GOES-16_XRS,1,8280,0,3112
2022-10-09 21:57:00,2022-10-09 21:47:00,2022-10-09 22:04:00,202210092147,3.657e-06,C3.6,GOES-16,9.256e-07,1.812e-03,2.523e-03,-8.0,28.0,HOL,-8.749115,26.386377,-131.43427,333.2775,GOES-16_XRS,1,8290,0,3119
2022-10-09 22:16:00,2022-10-09 22:11:00,2022-10-09 22:23:00,202210092211,4.167e-06,C4.1,GOES-16,1.683e-06,1.683e-03,2.622e-03,,,,-12.189911,25.426256,-183.94165,319.10703,GOES-16_XRS,1,8300,0,3119
2022-10-09 23:57:00,2022-10-09 23:44:00,,202210092344,3.659e-06,C3.6,GOES-16,1.330e-06,2.567e-03,,,,,,,,,,1,,0,
2022-10-10 00:27:00,2022-10-10 00:03:00,,202210100003,7.077e-06,C7.0,GOES-16,2.883e-06,8.479e-03,,,,,27.188433,20.835564,411.80054,253.89136,GOES-16_XRS,2,,0,
2022-10-10 00:47:00,2022-10-10 00:35:00,2022-10-10 00:54:00,202210100035,1.086e-05,M1.0,GOES-16,6.437e-06,8.434e-03,1.112e-02,26.0,24.0,LEA,27.25468,22.014246,409.4008,273.00766,GOES-16_XRS,3,8320,0,3112
2022-10-10 07:08:00,2022-10-10 07:02:00,2022-10-10 07:11:00,202210100702,1.178e-06,C1.1,GOES-16,7.891e-07,5.616e-04,6.175e-04,,,,28.525635,28.113935,406.12677,370.75708,GOES-16_XRS,1,8360,0,3112
2022-10-10 10:02:00,2022-10-10 09:54:00,2022-10-10 10:06:00,202210100954,1.279e-06,C1.2,GOES-16,7.615e-07,7.202e-04,8.389e-04,,,,62.77136,27.41203,759.8062,398.2629,GOES-16_XRS,1,8390,0,
2022-10-10 15:45:00,2022-10-10 15:34:00,2022-10-10 15:57:00,202210101534,4.970e-06,C4.9,GOES-16,1.214e-06,2.506e-03,4.693e-03,,,,32.73369,23.01551,479.90176,294.24792,GOES-16_XRS,1,8410,0,3115
2022-10-10 16:28:00,2022-10-10 16:05:00,2022-10-10 16:46:00,202210101605,2.412e-05,M2.4,GOES-16,2.922e-06,2.235e-02,3.893e-02,34.0,24.0,HOL,34.064713,21.19198,503.57416,266.19656,GOES-16_XRS,1,8420,0,3112
2022-10-10 19:21:00,2022-10-10 19:15:00,2022-10-10 19:24:00,202210101915,3.289e-06,C3.2,GOES-16,1.712e-06,1.387e-03,1.512e-03,,,,30.29906,23.170332,447.3,294.77585,GOES-16_XRS,1,8450,0,
2022-10-10 20:54:00,2022-10-10 20:47:00,2022-10-10 20:58:00,202210102047,1.553e-06,C1.5,GOES-16,8.030e-07,7.333e-04,8.551e-04,2.0,28.0,HOL,1.6895931,24.76291,25.834513,307.53476,GOES-16_XRS,1,8460,0,3119
2022-10-10 21:38:00,2022-10-10 21:31:00,2022-10-10 21:43:00,202210102131,1.535e-06,C1.5,GOES-16,1.036e-06,8.515e-04,1.079e-03,,,,4.875119,35.777985,66.504005,476.74017,GOES-16_XRS,1,8480,0,3119
2022-10-10 22:09:00,2022-10-10 22:00:00,2022-10-10 22:13:00,202210102200,2.190e-06,C2.1,GOES-16,8.555e-07,1.197e-03,1.350e-03,,,,69.25461,25.727472,810.70746,382.26242,GOES-16_XRS,1,8490,0,3111
2022-10-10 23:21:00,2022-10-10 23:14:00,2022-10-10 23:24:00,202210102314,3.230e-06,C3.2,GOES-16,8.440e-07,1.145e-03,1.254e-03,,,,31.702814,24.485878,461.20248,317.07748,GOES-16_XRS,1,8510,0,3112
2022-10-11 01:43:00,2022-10-11 01:34:00,2022-10-11 01:53:00,202210110134,1.942e-06,C1.9,GOES-16,1.329e-06,1.295e-03,2.114e-03,,,,-9.4548645,19.56042,-149.37875,224.86229,GOES-16_XRS,1,8540,0,
2022-10-11 02:04:00,2022-10-11 01:58:00,2022-10-11 02:07:00,202210110158,2.371e-06,C2.3,GOES-16,1.533e-06,1.138e-03,1.247e-03,3.0,29.0,LEA,22.248802,27.480783,324.0218,357.4705,GOES-16_XRS,1,8550,0,3119
2022-10-11 03:43:00,2022-10-11 03:28:00,,202210110328,3.008e-06,C3.0,GOES-16,1.550e-06,2.690e-03,,,,,47.230755,23.966515,646.4588,325.01474,GOES-16_XRS,1,8580,0,
2022-10-11 03:56:00,2022-10-11 03:53:00,2022-10-11 03:59:00,202210110353,2.940e-06,C2.9,GOES-16,2.862e-06,1.222e-03,1.394e-03,,,,43.961025,19.958946,628.9413,257.13983,GOES-16_XRS,2,,0,
2022-10-11 08:42:00,2022-10-11 08:36:00,2022-10-11 08:45:00,202210110836,3.984e-05,M3.9,GOES-16,8.397e-07,8.391e-03,8.957e-03,42.0,22.0,LEA,33.053825,22.172335,487.13818,281.7136,GOES-16_XRS,1,8650,0,3112
2022-10-11 10:52:00,2022-10-11 10:46:00,2022-10-11 10:56:00,202210111046,1.528e-05,M1.5,GOES-16,9.049e-07,4.059e-03,4.675e-03,,,,35.85655,23.17241,519.3007,300.41315,GOES-16_XRS,1,8680,0,3112
2022-10-11 12:54:00,2022-10-11 12:45:00,2022-10-11 13:04:00,202210111245,1.540e-06,C1.5,GOES-16,1.023e-06,1.012e-03,1.661e-03,,,,47.53192,29.16952,620.73364,406.2848,GOES-16_XRS,1,8710,0,3112
2022-10-11 16:45:00,2022-10-11 16:27:00,2022-10-11 17:03:00,202210111627,3.705e-06,C3.7,GOES-16,7.913e-07,3.055e-03,5.726e-03,,,,51.30025,21.716242,698.6973,294.79825,GOES-16_XRS,1,8760,0,3112
2022-10-11 18:19:00,2022-10-11 18:04:00,2022-10-11 18:23:00,202210111804,6.165e-06,C6.1,GOES-16,1.168e-06,3.732e-03,4.018e-03,40.0,24.0,HOL,40.96924,22.92717,582.2415,301.97574,GOES-16_XRS,1,8780,0,3112
2022-10-11 19:31:00,2022-10-11 19:16:00,2022-10-11 19:35:00,202210111916,2.973e-06,C2.9,GOES-16,8.973e-07,2.274e-03,2.495e-03,,,,15.213435,29.268084,220.88635,382.4979,GOES-16_XRS,1,8790,0,3119
2022-10-11 20:40:00,2022-10-11 20:36:00,2022-10-11 20:44:00,202210112036,1.210e-06,C1.2,GOES-16,7.309e-07,4.722e-04,5.795e-04,,,,50.518948,14.09293,721.5092,170.0371,GOES-16_XRS,1,8800,0,
2022-10-11 21:21:00,2022-10-11 21:13:00,2022-10-11 21:27:00,202210112113,3.922e-06,C3.9,GOES-16,7.819e-07,1.733e-03,2.288e-03,15.0,30.0,HOL,18.115282,27.573597,265.94913,357.55234,GOES-16_XRS,1,8810,0,3119
2022-10-12 02:37:00,2022-10-12 02:25:00,2022-10-12 02:57:00,202210120225,1.027e-06,C1.0,GOES-16,6.331e-07,8.310e-04,1.825e-03,,,,59.709732,21.846043,772.03394,308.51318,GOES-16_XRS,1,8870,0,
2022-10-12 09:30:00,2022-10-12 08:46:00,2022-10-12 10:11:00,202210120846,3.771e-06,C3.7,GOES-16,1.065e-06,7.015e-03,1.419e-02,,,,62.780277,21.79712,795.2569,312.31433,GOES-16_XRS,1,8920,0,3112
2022-10-12 14:18:00,2022-10-12 14:14:00,2022-10-12 14:21:00,202210121414,8.874e-06,C8.8,GOES-16,1.073e-06,1.865e-03,2.061e-03,52.0,25.0,HOL,50.058525,22.933561,680.6526,313.30368,GOES-16_XRS,1,8950,0,3112
2022-10-12 16:29:00,2022-10-12 16:24:00,2022-10-12 16:32:00,202210121624,4.768e-06,C4.7,GOES-16,6.686e-07,1.163e-03,1.269e-03,53.0,25.0,HOL,53.12996,23.687513,706.0827,329.15366,GOES-16_XRS,1,8990,0,3112
2022-10-12 19:28:00,2022-10-12 19:23:00,2022-10-12 19:34:00,202210121923,9.046e-07,B9.0,GOES-16,6.497e-07,4.231e-04,6.110e-04,,,,,,,,,1,9000,0,3119
2022-10-13 00:19:00,2022-10-12 23:54:00,2022-10-13 00:36:00,202210122354,1.544e-05,M1.5,GOES-16,7.885e-07,1.159e-02,2.156e-02,,,,67.1306,21.82358,823.74036,319.48938,GOES-16_XRS,1,9010,0,3112
2022-10-13 02:06:00,2022-10-13 01:48:00,,202210130148,3.319e-06,C3.3,GOES-16,1.583e-06,3.531e-03,,,,,78.77411,17.016668,902.5044,261.22046,GOES-16_XRS,1,9030,0,3112
2022-10-13 02:25:00,2022-10-13 02:22:00,2022-10-13 02:28:00,202210130222,3.820e-06,C3.8,GOES-16,2.671e-06,1.356e-03,1.543e-03,,,,70.84238,20.400665,852.4427,302.65326,GOES-16_XRS,2,9130,0,3112
2022-10-13 04:45:00,2022-10-13 04:38:00,2022-10-13 04:52:00,202210130438,3.541e-06,C3.5,GOES-18,2.201e-06,1.965e-03,2.833e-03,,,,29.138203,25.483372,424.17566,333.07526,GOES-18_XRS,1,9050,0,3119
2022-10-13 07:55:00,2022-10-13 07:50:00,2022-10-13 07:57:00,202210130750,1.045e-06,C1.0,GOES-16,7.145e-07,4.566e-04,5.017e-04,,,,75.47663,1.6230006,931.3355,1.8339819,GOES-16_XRS,1,9070,0,3112
2022-10-13 09:17:00,2022-10-13 09:03:00,2022-10-13 09:25:00,202210130903,4.723e-06,C4.7,GOES-16,7.238e-07,2.707e-03,3.797e-03,34.0,30.0,LEA,35.51233,29.099792,489.67114,394.77643,GOES-16_XRS,1,9080,0,3119
2022-10-13 11:38:00,2022-10-13 11:32:00,2022-10-13 11:42:00,202210131132,8.722e-07,B8.7,GOES-16,6.215e-07,4.480e-04,5.351e-04,,,,,,,,,1,9100,0,3112
2022-10-13 17:28:00,2022-10-13 17:17:00,2022-10-13 17:35:00,202210131717,1.790e-06,C1.7,GOES-16,7.291e-07,1.102e-03,1.486e-03,,,,35.166122,24.104017,507.31567,316.85468,GOES-16_XRS,1,9120,0,3119
2022-10-13 22:07:00,2022-10-13 21:54:00,2022-10-13 22:17:00,202210132154,2.305e-06,C2.3,GOES-16,8.367e-07,1.603e-03,2.454e-03,,,,,,941.8333,288.34567,GOES-16_XRS,1,9140,0,3112
2022-10-14 01:32:00,2022-10-14 01:25:00,,202210140125,9.053e-07,B9.0,GOES-16,6.187e-07,5.002e-04,,,,,,,,,,1,9160,0,3119
2022-10-14 01:46:00,2022-10-14 01:42:00,2022-10-14 01:54:00,202210140142,8.240e-07,B8.2,GOES-16,7.697e-07,3.870e-04,6.803e-04,,,,,,,,,2,,0,
2022-10-14 09:44:00,2022-10-14 09:20:00,,202210140920,1.330e-05,M1.3,GOES-16,9.394e-07,1.181e-02,,,,,,,922.875,307.8011,GOES-16_XRS,1,9170,0,3112
2022-10-14 09:55:00,2022-10-14 09:51:00,2022-10-14 09:57:00,202210140951,1.318e-05,M1.3,GOES-16,1.297e-05,6.257e-03,7.033e-03,,,,,,936.4933,314.0844,GOES-16_XRS,2,,0,
2022-10-15 07:36:00,2022-10-15 07:25:00,2022-10-15 07:49:00,202210150725,7.958e-07,B7.9,GOES-16,5.627e-07,6.380e-04,1.109e-03,,,,,,,,,1,9210,0,3112
2022-10-15 14:32:00,2022-10-15 14:07:00,2022-10-15 15:00:00,202210151407,6.134e-06,C6.1,GOES-16,6.408e-07,6.291e-03,1.350e-02,,,,,,913.3165,343.67776,GOES-16_XRS,1,9230,0,3112
2022-10-15 18:11:00,2022-10-15 17:56:00,2022-10-15 18:29:00,202210151756,9.549e-07,B9.5,GOES-16,6.288e-07,9.653e-04,1.795e-03,,,,,,,,,1,9240,0,3112
2022-10-16 08:03:00,2022-10-16 07:58:00,2022-10-16 08:07:00,202210160758,7.968e-07,B7.9,GOES-16,5.162e-07,3.511e-04,4.233e-04,,,,,,,,,1,9300,0,3119
2022-10-16 14:36:00,2022-10-16 14:30:00,2022-10-16 14:41:00,202210161430,1.523e-06,C1.5,GOES-16,1.089e-06,8.018e-04,1.033e-03,61.0,25.0,SVI,40.695633,16.338978,604.1868,199.58673,GOES-16_XRS,1,9340,0,3123
2022-10-16 16:06:00,2022-10-16 16:03:00,2022-10-16 16:18:00,202210161603,1.912e-06,C1.9,GOES-16,8.910e-07,6.741e-04,1.574e-03,,,,65.72356,27.41695,780.11304,406.30133,GOES-16_XRS,1,9360,0,3123
2022-10-16 19:24:00,2022-10-16 19:10:00,2022-10-16 19:41:00,202210161910,1.640e-06,C1.6,GOES-16,8.027e-07,1.353e-03,2.589e-03,,,,67.59693,33.39615,744.04016,497.1216,GOES-16_XRS,1,9370,0,
2022-10-17 02:11:00,2022-10-17 01:58:00,,202210170158,1.634e-06,C1.6,GOES-16,9.306e-07,1.353e-03,,,,,,,851.4144,448.71286,GOES-16_XRS,1,9390,0,3116
2022-10-17 02:25:00,2022-10-17 02:16:00,2022-10-17 02:29:00,202210170216,1.667e-06,C1.6,GOES-16,1.577e-06,1.277e-03,1.470e-03,,,,56.98292,19.084335,764.5299,264.21335,GOES-16_XRS,2,,0,
2022-10-17 15:17:00,2022-10-17 15:11:00,2022-10-17 15:24:00,202210171511,1.047e-06,C1.0,GOES-16,7.120e-07,5.299e-04,8.003e-04,,,,80.22841,16.70127,909.3198,259.9403,GOES-16_XRS,1,9440,0,
2022-10-17 23:29:00,2022-10-17 23:21:00,2022-10-17 23:41:00,202210172321,1.577e-06,C1.5,GOES-16,1.130e-06,9.960e-04,1.883e-03,,,,49.50435,3.8329644,732.5898,2.4390287,GOES-16_XRS,1,9460,0,
2022-10-18 03:29:00,2022-10-18 03:16:00,2022-10-18 03:44:00,202210180316,1.014e-06,C1.0,GOES-16,5.872e-07,8.406e-04,1.502e-03,,,,61.619686,24.292181,773.6447,353.7692,GOES-16_XRS,1,9470,0,
2022-10-18 07:40:00,2022-10-18 07:33:00,2022-10-18 07:42:00,202210180733,1.663e-06,C1.6,GOES-16,6.410e-07,6.421e-04,6.904e-04,58.0,-34.0,LEA,55.965816,-36.134884,645.48505,-608.8138,GOES-16_XRS,1,9490,0,3124
2022-10-18 14:13:00,2022-10-18 14:08:00,2022-10-18 14:16:00,202210181408,1.915e-06,C1.9,GOES-16,5.163e-07,6.150e-04,6.772e-04,,,,53.51816,-29.52278,675.0531,-522.04254,GOES-16_XRS,1,9540,0,3124
2022-10-18 16:39:00,2022-10-18 16:32:00,2022-10-18 16:41:00,202210181632,1.012e-06,C1.0,GOES-16,6.628e-07,4.920e-04,5.301e-04,,,,55.40833,-34.520885,654.2685,-588.15515,GOES-16_XRS,1,9550,0,3124
2022-10-18 17:52:00,2022-10-18 17:46:00,2022-10-18 18:05:00,202210181746,8.327e-07,B8.3,GOES-16,6.047e-07,4.487e-04,9.434e-04,,,,,,,,,1,9560,0,
2022-10-18 21:46:00,2022-10-18 21:36:00,2022-10-18 21:51:00,202210182136,1.291e-06,C1.2,GOES-16,5.788e-07,7.579e-04,9.207e-04,,,,74.1251,-32.984444,777.47144,-543.65704,GOES-16_XRS,1,9580,0,3124
2022-10-18 23:47:00,2022-10-18 23:40:00,2022-10-18 23:59:00,202210182340,7.399e-07,B7.3,GOES-16,4.988e-07,3.938e-04,8.350e-04,,,,,,,,,1,9590,0,
2022-10-19 00:15:00,2022-10-19 00:09:00,2022-10-19 00:19:00,202210190009,8.872e-07,B8.8,GOES-16,5.414e-07,4.279e-04,5.098e-04,,,,,,,,,1,9600,0,
2022-10-19 00:35:00,2022-10-19 00:32:00,2022-10-19 00:38:00,202210190032,1.099e-06,C1.0,GOES-16,5.521e-07,3.449e-04,3.829e-04,,,,57.70145,-33.097237,683.0765,-566.2678,GOES-16_XRS,1,9610,0,
2022-10-19 01:40:00,2022-10-19 01:33:00,2022-10-19 01:42:00,202210190133,9.270e-07,B9.2,GOES-16,4.916e-07,4.245e-04,4.573e-04,,,,,,,,,1,9620,0,
2022-10-19 07:37:00,2022-10-19 07:28:00,2022-10-19 07:40:00,202210190728,1.160e-06,C1.1,GOES-16,7.748e-07,7.592e-04,8.085e-04,,,,,,808.3633,-712.78864,GOES-16_XRS,1,9640,0,3124
2022-10-19 14:00:00,2022-10-19 13:55:00,2022-10-19 14:08:00,202210191355,6.649e-07,B6.6,GOES-16,4.597e-07,3.015e-04,5.096e-04,,,,,,,,,1,9660,0,
2022-10-19 15:16:00,2022-10-19 15:07:00,2022-10-19 15:27:00,202210191507,6.679e-07,B6.6,GOES-16,3.960e-07,4.354e-04,7.454e-04,,,,,,,,,1,9670,0,
2022-10-19 17:50:00,2022-10-19 17:34:00,2022-10-19 17:58:00,202210191734,3.537e-06,C3.5,GOES-16,4.887e-07,2.121e-03,2.938e-03,-19.0,-9.0,HOL,-16.396729,-10.42091,-268.52856,-262.0311,GOES-16_XRS,1,9690,0,3126
2022-10-19 21:08:00,2022-10-19 21:00:00,2022-10-19 21:12:00,202210192100,9.324e-07,B9.3,GOES-16,4.752e-07,5.333e-04,6.140e-04,,,,,,,,,1,9700,0,3126
2022-10-19 21:26:00,2022-10-19 21:21:00,2022-10-19 21:30:00,202210192121,7.706e-07,B7.7,GOES-16,5.668e-07,3.710e-04,4.438e-04,,,,,,,,,1,9710,0,3126
2022-10-19 21:45:00,2022-10-19 21:40:00,2022-10-19 21:49:00,202210192140,4.222e-06,C4.2,GOES-16,4.713e-07,1.025e-03,1.230e-03,,,,-16.366852,-10.013914,-268.41083,-255.23344,GOES-16_XRS,1,9720,0,3126
2022-10-19 23:38:00,2022-10-19 23:34:00,2022-10-19 23:42:00,202210192334,1.033e-06,C1.0,GOES-16,5.628e-07,3.903e-04,4.771e-04,,,,-12.030731,-12.095529,-197.14993,-290.54346,GOES-16_XRS,1,9730,0,3126
2022-10-20 00:38:00,2022-10-20 00:31:00,2022-10-20 00:41:00,202210200031,6.762e-07,B6.7,GOES-16,4.633e-07,3.833e-04,4.153e-04,,,,,,,,,1,9740,0,3126
2022-10-20 01:55:00,2022-10-20 01:50:00,2022-10-20 01:58:00,202210200150,2.690e-06,C2.6,GOES-16,4.424e-07,7.350e-04,8.185e-04,78.0,25.0,LEA,69.410255,24.208134,823.70795,364.12042,GOES-16_XRS,1,9750,0,3122
2022-10-20 03:26:00,2022-10-20 03:15:00,2022-10-20 03:32:00,202210200315,5.382e-06,C5.3,GOES-16,5.079e-07,2.533e-03,3.217e-03,78.0,25.0,LEA,73.62625,24.180586,844.17487,369.50055,GOES-16_XRS,1,9780,0,3122
2022-10-20 05:51:00,2022-10-20 05:44:00,2022-10-20 05:54:00,202210200544,8.991e-07,B8.9,GOES-16,5.784e-07,4.592e-04,5.022e-04,83.0,25.0,LEA,,,,,,1,9820,0,3122
2022-10-20 06:20:00,2022-10-20 06:13:00,,202210200613,1.100e-06,C1.0,GOES-16,7.929e-07,6.267e-04,,,,,,,937.41425,469.38452,GOES-16_XRS,1,,0,
2022-10-20 06:32:00,2022-10-20 06:25:00,,202210200625,2.017e-06,C2.0,GOES-16,9.575e-07,1.040e-03,,84.0,26.0,LEA,74.98397,22.71028,859.2743,348.60446,GOES-16_XRS,2,9830,0,3122
2022-10-20 06:46:00,2022-10-20 06:37:00,2022-10-20 06:54:00,202210200637,2.926e-06,C2.9,GOES-16,1.745e-06,1.909e-03,2.788e-03,,,,,,927.3703,365.513,GOES-16_XRS,3,,0,
2022-10-20 12:39:00,2022-10-20 12:34:00,2022-10-20 12:52:00,202210201234,1.046e-06,C1.0,GOES-16,7.522e-07,5.047e-04,1.144e-03,,,,49.196846,20.916533,683.14404,287.21405,GOES-16_XRS,1,9900,0,3122
2022-10-20 13:11:00,2022-10-20 12:53:00,,202210201253,1.384e-06,C1.3,GOES-18,8.969e-07,1.502e-03,,,,,83.62438,22.547613,884.70123,358.5162,GOES-18_XRS,2,,0,
2022-10-20 13:22:00,2022-10-20 13:15:00,,202210201315,1.588e-06,C1.5,GOES-18,1.334e-06,9.576e-04,,,,,75.4275,21.80169,866.6786,335.1335,GOES-18_XRS,3,,0,
2022-10-20 13:28:00,2022-10-20 13:24:00,2022-10-20 13:36:00,202210201324,2.040e-06,C2.0,GOES-18,1.513e-06,8.556e-04,1.505e-03,,,,69.54221,25.872505,813.3979,390.2539,GOES-18_XRS,4,,0,
2022-10-20 15:24:00,2022-10-20 15:17:00,2022-10-20 15:27:00,202210201517,2.799e-06,C2.7,GOES-16,1.974e-06,1.568e-03,1.700e-03,90.0,27.0,SVI,70.4366,25.05037,823.614,378.85754,GOES-16_XRS,1,9940,0,3122
2022-10-20 16:36:00,2022-10-20 16:33:00,2022-10-20 16:39:00,202210201633,3.392e-06,C3.3,GOES-16,1.849e-06,1.076e-03,1.212e-03,,,,70.648705,24.804699,826.33685,375.3817,GOES-16_XRS,1,,0,
2022-10-20 16:53:00,2022-10-20 16:40:00,2022-10-20 16:56:00,202210201640,5.973e-06,C5.9,GOES-16,2.279e-06,3.826e-03,4.034e-03,,,,72.98224,25.221375,834.49615,384.9545,GOES-16_XRS,1,9950,0,3122
2022-10-20 17:46:00,2022-10-20 17:40:00,2022-10-20 17:49:00,202210201740,4.029e-06,C4.0,GOES-16,2.153e-06,1.729e-03,1.905e-03,,,,61.478367,19.643076,798.9353,281.8888,GOES-16_XRS,1,9960,0,3122
2022-10-20 19:11:00,2022-10-20 19:06:00,2022-10-20 19:17:00,202210201906,2.038e-06,C2.0,GOES-16,1.485e-06,1.003e-03,1.429e-03,,,,,,842.0785,484.8577,GOES-16_XRS,1,9970,0,3122
2022-10-20 19:51:00,2022-10-20 19:47:00,2022-10-20 19:58:00,202210201947,2.063e-06,C2.0,GOES-16,1.441e-06,8.581e-04,1.389e-03,,,,64.23088,27.636517,770.09393,410.5002,GOES-16_XRS,1,9980,0,3122
2022-10-20 20:28:00,2022-10-20 20:20:00,2022-10-20 20:39:00,202210202020,1.692e-06,C1.6,GOES-16,1.216e-06,1.100e-03,1.920e-03,,,,,,965.5965,361.07083,GOES-16_XRS,1,9990,0,3122
2022-10-20 20:48:00,2022-10-20 20:42:00,2022-10-20 21:01:00,202210202042,2.543e-06,C2.5,GOES-16,1.363e-06,1.148e-03,2.615e-03,,,,61.185986,25.588293,762.9754,375.36914,GOES-16_XRS,1,10,0,3122
2022-10-20 22:20:00,2022-10-20 22:04:00,2022-10-20 22:27:00,202210202204,2.722e-06,C2.7,GOES-16,1.091e-06,2.221e-03,2.828e-03,,,,,,885.607,383.83704,GOES-16_XRS,1,20,0,3122
2022-10-20 23:07:00,2022-10-20 23:00:00,2022-10-20 23:13:00,202210202300,1.555e-06,C1.5,GOES-16,9.753e-07,8.039e-04,1.107e-03,,,,58.00086,21.100456,764.0927,300.96237,GOES-16_XRS,1,30,0,3122
2022-10-21 01:14:00,2022-10-21 01:07:00,2022-10-21 01:18:00,202210210107,2.485e-06,C2.4,GOES-16,9.852e-07,1.005e-03,1.181e-03,,,,78.89666,24.008392,864.43616,374.5912,GOES-16_XRS,1,40,0,
2022-10-21 02:15:00,2022-10-21 02:05:00,2022-10-21 02:24:00,202210210205,1.299e-06,C1.2,GOES-16,8.946e-07,9.523e-04,1.426e-03,,,,,,881.5969,548.7286,GOES-16_XRS,1,50,0,
2022-10-21 03:24:00,2022-10-21 03:16:00,2022-10-21 03:30:00,202210210316,1.138e-06,C1.1,GOES-16,7.120e-07,6.933e-04,9.192e-04,,,,86.4888,28.021427,849.27155,445.8885,GOES-16_XRS,1,60,0,
2022-10-21 04:33:00,2022-10-21 04:26:00,2022-10-21 04:44:00,202210210426,1.617e-06,C1.6,GOES-16,6.636e-07,7.193e-04,1.406e-03,,,,86.5697,24.6265,874.613,394.90836,GOES-16_XRS,1,80,0,
2022-10-21 06:13:00,2022-10-21 06:01:00,2022-10-21 06:25:00,202210210601,2.602e-06,C2.6,GOES-16,8.744e-07,1.469e-03,2.551e-03,,,,87.54851,22.71509,888.2208,366.93222,GOES-16_XRS,1,100,0,
2022-10-21 07:17:00,2022-10-21 07:07:00,2022-10-21 07:26:00,202210210707,2.925e-06,C2.9,GOES-16,1.464e-06,1.781e-03,2.754e-03,,,,82.63598,25.715588,861.50604,406.0231,GOES-16_XRS,1,110,0,
2022-10-21 13:47:00,2022-10-21 13:41:00,2022-10-21 13:50:00,202210211341,7.996e-07,B7.9,GOES-16,5.547e-07,3.953e-04,4.327e-04,,,,,,,,,1,130,0,3126
2022-10-22 00:24:00,2022-10-22 00:13:00,,202210220013,9.014e-07,B9.0,GOES-16,6.043e-07,7.037e-04,,,,,,,,,,1,140,0,
2022-10-22 00:41:00,2022-10-22 00:34:00,,202210220034,9.697e-07,B9.6,GOES-16,8.159e-07,6.084e-04,,,,,,,,,,2,200,0,
2022-10-22 01:08:00,2022-10-22 00:45:00,,202210220045,1.315e-06,C1.3,GOES-16,9.447e-07,1.774e-03,,,,,86.28271,25.830318,865.9509,413.01373,GOES-16_XRS,3,210,0,
2022-10-22 01:38:00,2022-10-22 01:25:00,2022-10-22 01:56:00,202210220125,2.268e-06,C2.2,GOES-16,1.153e-06,1.742e-03,3.605e-03,,,,73.8065,23.492268,849.8832,360.05768,GOES-16_XRS,4,220,0,
2022-10-22 03:03:00,2022-10-22 02:44:00,2022-10-22 03:19:00,202210220244,4.110e-06,C4.1,GOES-16,1.043e-06,3.580e-03,6.142e-03,,,,57.679478,-29.002382,713.6567,-508.05933,GOES-16_XRS,1,150,0,3125
2022-10-22 05:42:00,2022-10-22 05:27:00,2022-10-22 06:09:00,202210220527,6.466e-06,C6.4,GOES-16,7.910e-07,4.738e-03,1.203e-02,,,,73.991295,27.13986,825.4474,416.34845,GOES-16_XRS,1,170,0,
2022-10-22 10:42:00,2022-10-22 10:24:00,2022-10-22 11:10:00,202210221024,2.170e-06,C2.1,GOES-16,6.042e-07,1.960e-03,4.645e-03,,,,,,834.7704,487.4264,GOES-16_XRS,1,180,0,
2022-10-22 15:07:00,2022-10-22 14:55:00,2022-10-22 15:21:00,202210221455,7.482e-07,B7.4,GOES-16,3.186e-07,5.158e-04,9.477e-04,,,,,,,,,1,230,0,
2022-10-23 07:23:00,2022-10-23 07:15:00,2022-10-23 07:39:00,202210230715,3.789e-07,B3.7,GOES-16,2.725e-07,2.415e-04,5.347e-04,,,,,,,,,1,260,0,3130
2022-10-23 16:26:00,2022-10-23 15:52:00,2022-10-23 16:37:00,202210231552,1.991e-06,C1.9,GOES-16,4.772e-07,2.782e-03,3.566e-03,,,,-8.693085,-24.89581,-132.70457,-484.36856,GOES-16_XRS,1,270,0,3130
2022-10-23 18:22:00,2022-10-23 18:05:00,2022-10-23 18:36:00,202210231805,2.524e-06,C2.5,GOES-16,4.315e-07,1.772e-03,3.090e-03,,,,-11.676788,-23.531153,-179.62245,-463.44986,GOES-16_XRS,1,280,0,3130
2022-10-23 21:15:00,2022-10-23 20:57:00,2022-10-23 21:35:00,202210232057,1.280e-06,C1.2,GOES-16,4.826e-07,1.215e-03,2.330e-03,,,,-7.363434,-23.602224,-113.692726,-465.3852,GOES-16_XRS,1,290,0,3130
2022-10-23 23:54:00,2022-10-23 23:48:00,2022-10-23 23:57:00,202210232348,5.643e-07,B5.6,GOES-16,3.938e-07,2.787e-04,3.062e-04,,,,,,,,,1,300,0,3126
2022-10-24 05:40:00,2022-10-24 05:32:00,2022-10-24 05:43:00,202210240532,7.755e-07,B7.7,GOES-16,4.368e-07,3.985e-04,4.312e-04,,,,,,,,,1,320,0,3126
2022-10-24 08:02:00,2022-10-24 07:50:00,2022-10-24 08:06:00,202210240750,4.227e-06,C4.2,GOES-16,4.196e-07,1.584e-03,1.820e-03,,,,43.419052,-8.962494,656.8259,-212.24135,GOES-16_XRS,1,340,0,3126
2022-10-24 10:08:00,2022-10-24 10:00:00,2022-10-24 10:23:00,202210241000,6.002e-07,B6.0,GOES-16,3.493e-07,3.590e-04,7.551e-04,-82.0,25.0,SVI,,,,,,1,370,0,3126
2022-10-24 12:14:00,2022-10-24 12:04:00,2022-10-24 12:22:00,202210241204,7.303e-07,B7.3,GOES-16,4.422e-07,5.018e-04,7.183e-04,-79.0,24.0,SVI,,,,,,1,390,0,3126
2022-10-24 12:42:00,2022-10-24 12:37:00,2022-10-24 12:51:00,202210241237,6.701e-07,B6.7,GOES-16,4.499e-07,3.205e-04,5.611e-04,,,,,,,,,1,400,0,3126
2022-10-24 13:21:00,2022-10-24 13:14:00,,202210241314,7.076e-07,B7.0,GOES-16,5.020e-07,4.006e-04,,44.0,-13.0,SVI,,,,,,1,410,0,3126
2022-10-24 13:44:00,2022-10-24 13:30:00,2022-10-24 13:55:00,202210241330,2.536e-06,C2.5,GOES-16,6.441e-07,1.559e-03,2.532e-03,44.0,-13.0,SVI,43.144505,-9.365362,652.7999,-218.90514,GOES-16_XRS,2,410,0,3126
2022-10-24 19:01:00,2022-10-24 18:52:00,2022-10-24 19:10:00,202210241852,1.025e-06,C1.0,GOES-16,4.000e-07,5.708e-04,8.944e-04,,,,32.32636,-11.245109,507.715,-259.27597,GOES-16_XRS,1,420,0,3130
2022-10-25 05:20:00,2022-10-25 05:07:00,2022-10-25 05:42:00,202210250507,9.182e-07,B9.1,GOES-16,3.907e-07,6.777e-04,1.579e-03,,,,,,,,,1,490,0,
2022-10-25 12:30:00,2022-10-25 12:17:00,2022-10-25 12:34:00,202210251217,6.955e-07,B6.9,GOES-16,3.731e-07,5.429e-04,6.047e-04,,,,,,,,,1,510,0,
2022-10-25 15:19:00,2022-10-25 15:04:00,2022-10-25 15:24:00,202210251504,3.376e-06,C3.3,GOES-16,5.307e-07,1.967e-03,2.321e-03,,,,-56.763306,25.232689,-731.64526,368.7116,GOES-16_XRS,1,540,0,3133
2022-10-25 19:03:00,2022-10-25 18:52:00,2022-10-25 19:10:00,202210251852,4.955e-06,C4.9,GOES-16,4.429e-07,1.776e-03,2.592e-03,-78.0,27.0,HOL,-73.01398,26.007563,-830.30695,399.8424,GOES-16_XRS,1,550,0,3133
2022-10-25 21:56:00,2022-10-25 21:49:00,2022-10-25 22:08:00,202210252149,6.201e-07,B6.2,GOES-16,4.477e-07,3.544e-04,6.859e-04,,,,,,,,,1,570,0,3126
2022-10-26 03:48:00,2022-10-26 03:44:00,2022-10-26 03:54:00,202210260344,7.398e-07,B7.3,GOES-16,5.225e-07,3.224e-04,4.732e-04,,,,,,,,,1,600,0,
2022-10-26 04:16:00,2022-10-26 04:09:00,2022-10-26 04:20:00,202210260409,8.772e-07,B8.7,GOES-16,6.038e-07,4.950e-04,5.765e-04,,,,,,,,,1,610,0,
2022-10-26 12:43:00,2022-10-26 12:31:00,2022-10-26 12:51:00,202210261231,6.753e-06,C6.7,GOES-16,4.733e-07,2.786e-03,4.240e-03,,,,-64.11426,26.428322,-778.87775,396.16922,GOES-16_XRS,1,640,0,3133
2022-10-26 22:31:00,2022-10-26 22:22:00,2022-10-26 22:40:00,202210262222,1.138e-06,C1.1,GOES-16,6.141e-07,6.594e-04,1.046e-03,-66.0,24.0,LEA,-57.663086,22.127245,-757.11816,322.09738,GOES-16_XRS,1,670,0,3133
2022-10-27 01:03:00,2022-10-27 00:50:00,,202210270050,1.718e-06,C1.7,GOES-16,7.733e-07,1.303e-03,,,,,4.1079454,7.378222,68.87597,42.321293,GOES-16_XRS,1,,0,
2022-10-27 01:26:00,2022-10-27 01:16:00,2022-10-27 01:31:00,202210270116,2.323e-06,C2.3,GOES-16,1.606e-06,1.691e-03,2.025e-03,,,,-10.0607605,6.563656,-168.24577,29.622112,GOES-16_XRS,2,720,0,3133
2022-10-27 01:57:00,2022-10-27 01:43:00,2022-10-27 02:02:00,202210270143,2.236e-06,C2.2,GOES-16,1.233e-06,1.866e-03,2.164e-03,,,,-55.315613,24.954458,-721.2855,364.18454,GOES-16_XRS,1,730,0,3133
2022-10-27 04:39:00,2022-10-27 04:32:00,2022-10-27 04:54:00,202210270432,1.126e-06,C1.1,GOES-16,7.837e-07,6.385e-04,1.407e-03,,,,-44.18872,32.051918,-571.84985,461.83716,GOES-16_XRS,1,760,0,3133
2022-10-27 06:37:00,2022-10-27 06:28:00,,202210270628,8.571e-07,B8.5,GOES-16,6.116e-07,5.949e-04,,,,,,,,,,1,,0,
2022-10-27 06:44:00,2022-10-27 06:39:00,2022-10-27 06:49:00,202210270639,9.958e-07,B9.9,GOES-16,8.491e-07,5.009e-04,6.643e-04,,,,,,,,,2,770,0,3130
2022-10-27 08:56:00,2022-10-27 08:47:00,2022-10-27 09:04:00,202210270847,1.216e-06,C1.2,GOES-16,6.642e-07,7.382e-04,1.087e-03,,,,15.155668,-13.476037,246.41869,-302.09897,GOES-16_XRS,1,790,0,3130
2022-10-28 00:16:00,2022-10-28 00:09:00,2022-10-28 00:20:00,202210280009,1.102e-06,C1.1,GOES-16,6.881e-07,6.139e-04,7.132e-04,,,,74.68284,0.36326462,932.07605,-15.246658,GOES-16_XRS,1,880,0,3126
2022-10-28 08:38:00,2022-10-28 08:29:00,2022-10-28 08:46:00,202210280829,1.027e-06,C1.0,GOES-16,5.766e-07,5.974e-04,8.921e-04,,,,44.160496,-16.512333,646.7823,-329.5903,GOES-16_XRS,1,980,0,3130
2022-10-28 11:15:00,2022-10-28 11:09:00,2022-10-28 11:34:00,202210281109,6.972e-07,B6.9,GOES-18,5.190e-07,3.697e-04,1.030e-03,,,,,,,,,1,,0,
2022-10-28 20:29:00,2022-10-28 20:23:00,2022-10-28 20:32:00,202210282023,1.321e-06,C1.3,GOES-16,8.445e-07,6.143e-04,6.775e-04,,,,-53.64505,36.301422,-628.1732,533.0193,GOES-16_XRS,1,1100,0,3135
2022-10-28 22:22:00,2022-10-28 22:15:00,2022-10-28 22:25:00,202210282215,1.645e-06,C1.6,GOES-16,8.424e-07,7.754e-04,8.416e-04,,,,-69.18512,22.121622,-837.43555,336.81174,GOES-16_XRS,1,1120,0,3135
2022-10-29 09:56:00,2022-10-29 09:51:00,2022-10-29 10:02:00,202210290951,1.954e-06,C1.9,GOES-16,8.230e-07,8.338e-04,1.176e-03,,,,,,901.1971,-496.2816,GOES-16_XRS,1,1210,0,3130
2022-10-29 10:32:00,2022-10-29 10:24:00,2022-10-29 10:39:00,202210291024,1.104e-06,C1.1,GOES-16,7.642e-07,6.658e-04,9.531e-04,,,,-60.674072,22.201788,-781.21216,328.82675,GOES-16_XRS,1,1220,0,3135
2022-10-29 15:53:00,2022-10-29 15:45:00,2022-10-29 16:02:00,202210291545,9.483e-07,B9.4,GOES-16,5.931e-07,5.637e-04,9.007e-04,,,,,,,,,1,1250,0,3130
2022-10-29 23:52:00,2022-10-29 23:43:00,2022-10-29 23:58:00,202210292343,9.912e-07,B9.9,GOES-16,7.193e-07,6.909e-04,8.988e-04,,,,,,,,,1,1320,0,3135
2022-10-30 01:50:00,2022-10-30 01:43:00,2022-10-30 01:57:00,202210300143,1.034e-06,C1.0,GOES-16,7.035e-07,5.712e-04,8.319e-04,,,,-20.174957,20.50281,-313.3133,270.2377,GOES-16_XRS,1,1350,0,3133
2022-10-30 09:07:00,2022-10-30 09:00:00,2022-10-30 09:09:00,202210300900,9.022e-07,B9.0,GOES-16,6.380e-07,4.814e-04,5.215e-04,,,,,,,,,1,1420,0,
2022-10-30 11:29:00,2022-10-30 11:19:00,2022-10-30 11:45:00,202210301119,9.266e-07,B9.2,GOES-16,6.237e-07,6.631e-04,1.365e-03,,,,,,,,,1,1450,0,3133
2022-10-30 12:27:00,2022-10-30 12:24:00,2022-10-30 12:29:00,202210301224,8.274e-07,B8.2,GOES-16,5.709e-07,2.910e-04,3.275e-04,,,,,,,,,1,1460,0,
2022-10-30 14:44:00,2022-10-30 14:36:00,,202210301436,1.205e-06,C1.2,GOES-16,5.720e-07,6.785e-04,,,,,67.413605,-22.484428,825.28815,-396.00525,GOES-16_XRS,1,,0,
2022-10-30 14:51:00,2022-10-30 14:48:00,2022-10-30 14:53:00,202210301448,1.378e-06,C1.3,GOES-16,1.065e-06,5.002e-04,5.593e-04,,,,45.622765,-16.822327,662.8478,-330.91183,GOES-16_XRS,2,1480,0,3130
2022-10-30 16:57:00,2022-10-30 16:48:00,2022-10-30 17:24:00,202210301648,1.013e-06,C1.0,GOES-18,6.321e-07,6.569e-04,2.024e-03,,,,-49.358826,17.04071,-702.9006,235.30693,GOES-18_XRS,1,1500,0,3135
2022-10-30 17:06:00,2022-10-30 17:02:00,2022-10-30 17:08:00,202210301702,1.002e-06,C1.0,GOES-17,9.538e-07,4.666e-04,5.231e-04,,,,-8.842712,11.283513,-146.29002,114.899574,GOES-17_XRS,2,,0,
2022-10-30 19:35:00,2022-10-30 19:25:00,2022-10-30 19:42:00,202210301925,1.030e-06,C1.0,GOES-16,6.869e-07,7.346e-04,1.001e-03,,,,22.517073,16.08433,356.96286,199.97221,GOES-16_XRS,1,1510,0,3131
2022-10-31 02:13:00,2022-10-31 02:05:00,,202210310205,1.091e-06,C1.0,GOES-16,7.163e-07,6.719e-04,,,,,-5.908478,24.265965,-91.05788,328.517,GOES-16_XRS,1,1530,0,3133
2022-10-31 02:49:00,2022-10-31 02:20:00,,202210310220,1.431e-06,C1.4,GOES-16,9.558e-07,2.451e-03,,,,,-39.9487,27.87714,-550.15314,400.32178,GOES-16_XRS,2,,0,
2022-10-31 13:31:00,2022-10-31 13:19:00,2022-10-31 13:42:00,202210311319,1.323e-06,C1.3,GOES-16,9.058e-07,1.116e-03,1.760e-03,,,,22.768024,-2.9334035,375.02402,-118.87187,GOES-16_XRS,1,1540,0,3135
2022-10-31 20:40:00,2022-10-31 20:32:00,2022-10-31 20:48:00,202210312032,1.261e-06,C1.2,GOES-16,6.161e-07,6.738e-04,1.028e-03,,,,-19.230713,28.689468,-280.3174,402.38898,GOES-16_XRS,1,1550,0,3135
2022-11-01 00:59:00,2022-11-01 00:53:00,2022-11-01 01:02:00,202211010053,7.015e-07,B7.0,GOES-16,4.791e-07,3.458e-04,3.787e-04,,,,,,,,,1,1560,0,
2022-11-01 06:20:00,2022-11-01 06:15:00,2022-11-01 06:23:00,202211010615,1.287e-06,C1.2,GOES-16,4.417e-07,4.278e-04,4.681e-04,,,,,,-846.96027,478.8168,GOES-16_XRS,1,1570,0,3137
2022-11-01 11:08:00,2022-11-01 11:00:00,2022-11-01 11:13:00,202211011100,7.598e-07,B7.5,GOES-16,5.369e-07,4.662e-04,5.826e-04,,,,,,,,,1,1580,0,
2022-11-01 13:58:00,2022-11-01 13:50:00,2022-11-01 14:01:00,202211011350,1.316e-06,C1.3,GOES-16,7.390e-07,6.864e-04,7.357e-04,,,,-77.05994,35.809345,-764.64795,551.0871,GOES-16_XRS,1,1590,0,3137
2022-11-02 02:14:00,2022-11-02 02:07:00,2022-11-02 02:20:00,202211020207,2.290e-06,C2.2,GOES-16,4.547e-07,7.987e-04,1.140e-03,-19.0,28.0,LEA,-11.850189,27.21413,-177.26517,379.34055,GOES-16_XRS,1,1630,0,3135
2022-11-02 06:31:00,2022-11-02 06:26:00,,202211020626,6.240e-07,B6.2,GOES-16,4.431e-07,2.878e-04,,-78.0,29.0,LEA,,,,,,1,1640,0,
2022-11-02 06:38:00,2022-11-02 06:34:00,2022-11-02 06:53:00,202211020634,9.472e-07,B9.4,GOES-16,5.641e-07,3.886e-04,1.082e-03,,,,,,,,,2,1670,0,
2022-11-02 08:14:00,2022-11-02 08:04:00,2022-11-02 08:21:00,202211020804,8.269e-07,B8.2,GOES-16,4.888e-07,5.638e-04,7.697e-04,-19.0,28.0,LEA,,,,,,1,1650,0,3135
2022-11-02 21:03:00,2022-11-02 20:50:00,2022-11-02 21:24:00,202211022050,1.088e-06,C1.0,GOES-16,5.789e-07,9.157e-04,2.002e-03,,,,-4.058441,32.176735,-58.15296,455.2899,GOES-16_XRS,1,1680,0,3135
2022-11-02 23:16:00,2022-11-02 23:03:00,2022-11-02 23:38:00,202211022303,1.296e-06,C1.2,GOES-16,5.600e-07,9.911e-04,2.228e-03,-3.0,26.0,LEA,4.1057696,28.874807,60.87309,405.3597,GOES-16_XRS,1,1690,0,3135
2022-11-03 02:26:00,2022-11-03 02:17:00,2022-11-03 02:32:00,202211030217,1.096e-06,C1.0,GOES-16,6.273e-07,6.487e-04,8.559e-04,-24.0,-6.0,LEA,-34.624084,9.881347,-543.2793,108.558945,GOES-16_XRS,1,1710,0,3136
2022-11-03 06:44:00,2022-11-03 06:37:00,2022-11-03 06:50:00,202211030637,9.186e-07,B9.1,GOES-16,6.708e-07,5.254e-04,7.172e-04,,,,,,,,,1,1750,0,3136
2022-11-03 14:47:00,2022-11-03 14:40:00,2022-11-03 14:49:00,202211031440,8.172e-07,B8.1,GOES-16,5.146e-07,4.045e-04,4.359e-04,,,,,,,,,1,1800,0,3131
2022-11-03 16:53:00,2022-11-03 16:43:00,2022-11-03 17:02:00,202211031643,8.081e-07,B8.0,GOES-16,5.540e-07,5.868e-04,8.831e-04,,,,,,,,,1,1830,0,3139
2022-11-03 17:27:00,2022-11-03 17:18:00,2022-11-03 17:31:00,202211031718,9.721e-07,B9.7,GOES-16,5.829e-07,5.880e-04,6.750e-04,,,,,,,,,1,1840,0,3137
2022-11-04 06:41:00,2022-11-04 06:33:00,2022-11-04 06:48:00,202211040633,1.029e-06,C1.0,GOES-16,7.334e-07,6.422e-04,9.120e-04,,,,,,-1057.7816,348.35214,GOES-16_XRS,1,1890,0,3141
2022-11-04 07:44:00,2022-11-04 07:13:00,2022-11-04 08:02:00,202211040713,5.655e-06,C5.6,GOES-16,1.115e-06,7.717e-03,1.177e-02,,,,,,-962.13324,279.18314,GOES-16_XRS,1,1900,0,3141
2022-11-04 11:01:00,2022-11-04 10:50:00,2022-11-04 11:13:00,202211041050,9.656e-07,B9.6,GOES-16,5.551e-07,7.082e-04,1.199e-03,,,,,,,,,1,1920,0,3141
2022-11-04 15:38:00,2022-11-04 15:27:00,2022-11-04 15:46:00,202211041527,1.032e-06,C1.0,GOES-16,6.091e-07,7.505e-04,1.055e-03,-2.0,26.0,HOL,2.4751143,26.282324,37.614704,367.87747,GOES-16_XRS,1,2060,0,3135
2022-11-04 18:52:00,2022-11-04 18:47:00,2022-11-04 18:56:00,202211041847,1.538e-06,C1.5,GOES-16,5.535e-07,5.471e-04,6.637e-04,-83.0,17.0,HOL,-85.767944,13.658691,-937.71234,223.07098,GOES-16_XRS,1,2100,0,3141
2022-11-04 20:28:00,2022-11-04 20:22:00,2022-11-04 20:37:00,202211042022,9.821e-07,B9.8,GOES-16,6.079e-07,4.943e-04,8.459e-04,,,,,,,,,1,2120,0,3141
2022-11-04 22:27:00,2022-11-04 22:13:00,2022-11-04 22:40:00,202211042213,1.695e-06,C1.6,GOES-16,7.146e-07,1.332e-03,2.232e-03,,,,-65.56586,14.56404,-854.01996,216.02916,GOES-16_XRS,1,2140,0,3141
2022-11-05 09:17:00,2022-11-05 09:10:00,2022-11-05 09:28:00,202211050910,9.386e-07,B9.3,GOES-16,5.807e-07,4.889e-04,9.162e-04,,,,,,,,,1,2220,0,3135
2022-11-06 01:03:00,2022-11-06 00:57:00,,202211060057,7.348e-07,B7.3,GOES-16,5.270e-07,3.704e-04,,,,,,,,,,1,2340,0,3141
2022-11-06 01:13:00,2022-11-06 01:10:00,2022-11-06 01:23:00,202211060110,1.225e-06,C1.2,GOES-16,6.243e-07,3.813e-04,8.821e-04,,,,-64.419556,18.098963,-831.2141,273.541,GOES-16_XRS,2,2350,0,3141
2022-11-06 12:10:00,2022-11-06 11:58:00,2022-11-06 12:14:00,202211061158,1.808e-06,C1.8,GOES-16,6.128e-07,1.145e-03,1.272e-03,,,,-66.83353,14.334821,-863.5495,214.77437,GOES-16_XRS,1,2460,0,3141
2022-11-06 15:25:00,2022-11-06 15:06:00,2022-11-06 15:38:00,202211061506,1.364e-06,C1.3,GOES-16,7.640e-07,1.615e-03,2.391e-03,,,,-24.335114,11.882824,-391.88043,141.92427,GOES-16_XRS,1,2470,0,3141
2022-11-06 17:14:00,2022-11-06 17:02:00,,202211061702,3.538e-06,C3.5,GOES-16,1.024e-06,2.051e-03,,,,,-57.207153,12.912537,-794.9466,182.26471,GOES-16_XRS,1,,0,
2022-11-06 17:27:00,2022-11-06 17:17:00,2022-11-06 17:33:00,202211061717,3.757e-06,C3.7,GOES-16,3.306e-06,2.994e-03,3.848e-03,-59.0,15.0,HOL,-55.944336,15.212518,-775.6834,219.17761,GOES-16_XRS,2,2480,0,3141
2022-11-06 21:25:00,2022-11-06 21:06:00,2022-11-06 21:36:00,202211062106,1.707e-06,C1.7,GOES-16,8.496e-07,1.889e-03,2.637e-03,,,,-53.91867,12.322062,-766.22504,169.69997,GOES-16_XRS,1,2500,0,3141
2022-11-06 21:49:00,2022-11-06 21:39:00,2022-11-06 22:01:00,202211062139,1.769e-06,C1.7,GOES-16,1.231e-06,1.318e-03,2.283e-03,,,,-51.052917,12.245859,-737.70264,165.99191,GOES-16_XRS,1,2510,0,3141
2022-11-07 00:11:00,2022-11-06 23:59:00,2022-11-07 00:15:00,202211062359,5.249e-05,M5.2,GOES-16,9.643e-07,2.155e-02,2.406e-02,,,,-56.76129,11.568681,-795.0578,159.79839,GOES-16_XRS,1,2520,0,3141
2022-11-07 06:55:00,2022-11-07 06:41:00,2022-11-07 07:19:00,202211070641,1.482e-06,C1.4,GOES-16,7.241e-07,1.262e-03,2.929e-03,,,,-49.34256,13.907829,-714.88007,192.67767,GOES-16_XRS,1,2550,0,3141
2022-11-07 15:15:00,2022-11-07 14:21:00,2022-11-07 16:05:00,202211071421,3.049e-06,C3.0,GOES-18,1.203e-06,8.253e-03,1.550e-02,,,,-49.360657,16.906307,-704.87317,242.5604,GOES-18_XRS,1,2650,0,3141
2022-11-07 23:06:00,2022-11-07 22:58:00,2022-11-07 23:11:00,202211072258,9.446e-07,B9.4,GOES-16,6.701e-07,5.810e-04,7.199e-04,,,,,,,,,1,2690,0,3141
2022-11-08 03:11:00,2022-11-08 03:05:00,2022-11-08 03:14:00,202211080305,8.224e-07,B8.2,GOES-16,4.980e-07,3.820e-04,4.204e-04,,,,,,,,,1,2710,0,3141
2022-11-08 17:03:00,2022-11-08 16:43:00,2022-11-08 17:28:00,202211081643,1.314e-06,C1.3,GOES-16,7.658e-07,1.625e-03,3.217e-03,,,,-27.556,16.746973,-430.65594,227.81377,GOES-16_XRS,1,2730,0,3141
2022-11-09 07:24:00,2022-11-09 07:20:00,2022-11-09 07:27:00,202211090720,9.630e-07,B9.6,GOES-16,4.609e-07,3.318e-04,3.726e-04,-10.0,28.0,SVI,,,,,,1,2820,0,3140
2022-11-09 09:06:00,2022-11-09 08:59:00,2022-11-09 09:16:00,202211090859,6.588e-07,B6.5,GOES-16,4.378e-07,3.587e-04,6.319e-04,,,,,,,,,1,2840,0,3141
2022-11-09 10:02:00,2022-11-09 09:56:00,2022-11-09 10:12:00,202211090956,6.220e-07,B6.2,GOES-16,4.333e-07,3.197e-04,5.844e-04,,,,,,,,,1,2850,0,3141
2022-11-09 10:51:00,2022-11-09 10:46:00,2022-11-09 10:54:00,202211091046,8.519e-07,B8.5,GOES-16,4.450e-07,3.295e-04,3.641e-04,,,,,,,,,1,2870,0,3140
2022-11-09 13:31:00,2022-11-09 13:28:00,2022-11-09 13:35:00,202211091328,1.078e-06,C1.0,GOES-16,4.516e-07,3.374e-04,4.248e-04,-6.0,28.0,SVI,-10.98877,28.905823,-162.27185,418.14548,GOES-16_XRS,1,2900,0,3140
2022-11-09 16:01:00,2022-11-09 15:52:00,2022-11-09 16:08:00,202211091552,7.137e-07,B7.1,GOES-16,4.696e-07,4.720e-04,6.538e-04,,,,,,,,,1,2920,0,
2022-11-09 18:05:00,2022-11-09 17:55:00,2022-11-09 18:07:00,202211091755,1.299e-06,C1.2,GOES-16,4.020e-07,5.808e-04,6.138e-04,-9.0,14.0,HOL,-2.6384888,16.926828,-42.84526,226.30013,GOES-16_XRS,1,2930,0,3141
2022-11-09 20:05:00,2022-11-09 19:46:00,2022-11-09 20:23:00,202211091946,4.376e-06,C4.3,GOES-16,5.604e-07,3.200e-03,6.254e-03,-1.0,28.0,HOL,-50.588684,-22.04885,-695.3606,-398.4435,GOES-16_XRS,1,2940,0,3140
2022-11-10 01:27:00,2022-11-10 01:23:00,2022-11-10 01:30:00,202211100123,6.757e-07,B6.7,GOES-16,4.587e-07,2.741e-04,3.053e-04,,,,,,,,,1,2990,0,3140
2022-11-10 03:12:00,2022-11-10 03:09:00,2022-11-10 03:14:00,202211100309,1.183e-06,C1.1,GOES-16,5.870e-07,3.532e-04,3.948e-04,,,,-10.782135,24.28556,-165.86964,347.12445,GOES-16_XRS,1,3020,0,3145
2022-11-10 05:48:00,2022-11-10 05:27:00,,202211100527,1.049e-06,C1.0,GOES-16,6.109e-07,1.358e-03,,,,,-11.071564,13.422394,-181.7414,169.95905,GOES-16_XRS,1,,0,
2022-11-10 06:10:00,2022-11-10 05:56:00,2022-11-10 06:22:00,202211100556,1.278e-06,C1.2,GOES-16,1.007e-06,1.289e-03,1.993e-03,-13.0,15.0,LEA,-2.7358704,16.688255,-44.486862,223.31854,GOES-16_XRS,2,3050,0,3141
2022-11-10 12:14:00,2022-11-10 11:59:00,2022-11-10 12:29:00,202211101159,1.395e-06,C1.3,GOES-16,4.935e-07,1.127e-03,1.992e-03,,,,-9.330261,15.106242,-152.30199,198.23776,GOES-16_XRS,1,3130,0,3141
2022-11-10 17:17:00,2022-11-10 17:10:00,2022-11-10 17:19:00,202211101710,1.037e-06,C1.0,GOES-16,6.015e-07,5.079e-04,5.482e-04,2.0,12.0,HOL,5.1831884,15.449317,84.73521,203.83861,GOES-16_XRS,1,3180,0,3141
2022-11-10 18:16:00,2022-11-10 18:09:00,2022-11-10 18:19:00,202211101809,9.641e-07,B9.6,GOES-16,6.352e-07,5.102e-04,5.525e-04,2.0,12.0,HOL,,,,,,1,3200,0,3141
2022-11-10 21:41:00,2022-11-10 21:30:00,2022-11-10 21:44:00,202211102130,1.475e-06,C1.4,GOES-16,5.710e-07,8.807e-04,9.311e-04,5.0,12.0,HOL,8.208638,13.466481,135.1261,171.48607,GOES-16_XRS,1,3230,0,3141
2022-11-10 22:58:00,2022-11-10 22:51:00,2022-11-10 23:04:00,202211102251,7.982e-07,B7.9,GOES-16,5.550e-07,4.513e-04,6.145e-04,,,,,,,,,1,3250,0,3141
2022-11-11 00:44:00,2022-11-11 00:36:00,2022-11-11 00:49:00,202211110036,9.869e-07,B9.8,GOES-16,6.662e-07,5.865e-04,7.277e-04,-1.0,14.0,LEA,,,,,,1,3330,0,3141
2022-11-11 01:35:00,2022-11-11 01:25:00,2022-11-11 01:39:00,202211110125,4.614e-06,C4.6,GOES-16,5.394e-07,1.593e-03,1.872e-03,,,,7.007291,11.42615,116.37751,137.43488,GOES-16_XRS,1,3340,0,3141
2022-11-11 01:51:00,2022-11-11 01:45:00,2022-11-11 01:55:00,202211110145,4.352e-06,C4.3,GOES-16,1.211e-06,1.592e-03,1.871e-03,,,,6.2681813,11.350128,104.183174,136.09607,GOES-16_XRS,1,3350,0,3141
2022-11-11 03:20:00,2022-11-11 03:10:00,2022-11-11 03:25:00,202211110310,2.508e-06,C2.5,GOES-16,6.200e-07,1.320e-03,1.574e-03,-1.0,14.0,LEA,6.5639744,9.516889,109.726425,105.3506,GOES-16_XRS,1,3380,0,3141
2022-11-11 03:41:00,2022-11-11 03:36:00,2022-11-11 03:44:00,202211110336,1.309e-06,C1.3,GOES-16,7.447e-07,5.450e-04,5.977e-04,-1.0,14.0,LEA,7.7379966,9.613344,129.20372,107.14775,GOES-16_XRS,1,3390,0,3141
2022-11-11 04:41:00,2022-11-11 04:33:00,2022-11-11 04:46:00,202211110433,3.316e-06,C3.3,GOES-16,5.369e-07,1.364e-03,1.712e-03,3.0,14.0,LEA,9.048953,10.340109,150.5859,119.67089,GOES-16_XRS,1,3400,0,3141
2022-11-11 05:14:00,2022-11-11 05:07:00,2022-11-11 05:17:00,202211110507,7.814e-07,B7.8,GOES-16,5.561e-07,4.306e-04,4.683e-04,,,,,,,,,1,3410,0,3141
2022-11-11 05:56:00,2022-11-11 05:46:00,2022-11-11 05:59:00,202211110546,1.962e-06,C1.9,GOES-16,6.153e-07,9.083e-04,9.717e-04,,,,10.401148,12.707463,171.4007,159.77434,GOES-16_XRS,1,3420,0,3141
2022-11-11 06:09:00,2022-11-11 06:04:00,2022-11-11 06:11:00,202211110604,1.339e-06,C1.3,GOES-16,7.928e-07,5.538e-04,5.997e-04,,,,11.230591,8.018083,187.69662,80.92993,GOES-16_XRS,1,3430,0,3141
2022-11-11 07:14:00,2022-11-11 07:00:00,2022-11-11 07:19:00,202211110700,1.246e-05,M1.2,GOES-16,6.345e-07,5.264e-03,6.430e-03,3.0,14.0,LEA,9.309933,10.693861,154.7165,125.87381,GOES-16_XRS,1,3440,0,3141
2022-11-11 07:51:00,2022-11-11 07:45:00,2022-11-11 08:08:00,202211110745,9.311e-07,B9.3,GOES-16,5.474e-07,4.507e-04,1.170e-03,,,,,,,,,1,3460,0,3141
2022-11-11 08:19:00,2022-11-11 08:15:00,2022-11-11 08:24:00,202211110815,8.627e-07,B8.6,GOES-16,6.102e-07,3.647e-04,4.980e-04,,,,,,,,,1,3470,0,3141
2022-11-11 09:09:00,2022-11-11 08:58:00,2022-11-11 09:14:00,202211110858,5.956e-06,C5.9,GOES-16,8.450e-07,2.360e-03,2.887e-03,3.0,14.0,LEA,12.178038,14.198311,199.02637,185.27065,GOES-16_XRS,1,3490,0,3141
2022-11-11 09:47:00,2022-11-11 09:44:00,2022-11-11 09:50:00,202211110944,1.761e-06,C1.7,GOES-16,1.242e-06,6.294e-04,7.056e-04,3.0,14.0,LEA,3.8326035,11.592088,63.732388,140.59639,GOES-16_XRS,1,3500,0,3141
2022-11-11 11:40:00,2022-11-11 11:32:00,2022-11-11 11:45:00,202211111132,1.225e-05,M1.2,GOES-16,8.414e-07,4.136e-03,5.108e-03,11.0,12.0,SVI,10.744958,10.698173,178.30463,126.5358,GOES-16_XRS,1,3530,0,3141
2022-11-11 12:06:00,2022-11-11 12:02:00,2022-11-11 12:09:00,202211111202,3.617e-06,C3.6,GOES-16,1.022e-06,1.075e-03,1.160e-03,12.0,13.0,SVI,11.250548,11.920509,185.79126,147.21509,GOES-16_XRS,1,3560,0,3141
2022-11-11 13:43:00,2022-11-11 13:35:00,2022-11-11 13:47:00,202211111335,1.080e-06,C1.0,GOES-16,6.322e-07,6.129e-04,7.113e-04,13.0,14.0,SVI,13.969939,13.708402,228.25586,177.83284,GOES-16_XRS,1,3590,0,3141
2022-11-11 17:52:00,2022-11-11 17:45:00,2022-11-11 17:58:00,202211111745,1.576e-06,C1.5,GOES-16,5.754e-07,7.622e-04,1.012e-03,15.0,10.0,HOL,18.100687,11.1803255,296.62408,136.85602,GOES-16_XRS,1,3620,0,3141
2022-11-11 18:09:00,2022-11-11 18:03:00,2022-11-11 18:14:00,202211111803,1.458e-06,C1.4,GOES-16,6.005e-07,5.877e-04,7.547e-04,15.0,11.0,HOL,14.51633,14.951633,235.68822,199.01544,GOES-16_XRS,1,3630,0,3141
2022-11-11 18:37:00,2022-11-11 18:22:00,2022-11-11 18:40:00,202211111822,4.746e-06,C4.7,GOES-16,6.038e-07,2.291e-03,2.395e-03,15.0,12.0,HOL,15.53434,12.299785,254.67047,155.01744,GOES-16_XRS,1,3640,0,3141
2022-11-11 22:32:00,2022-11-11 22:21:00,2022-11-11 22:41:00,202211112221,1.154e-06,C1.1,GOES-16,6.811e-07,8.698e-04,1.269e-03,,,,20.376324,16.67723,324.5709,229.52466,GOES-16_XRS,1,3680,0,3141
2022-11-12 00:18:00,2022-11-12 00:09:00,2022-11-12 00:23:00,202211120009,1.171e-05,M1.1,GOES-16,6.507e-07,4.394e-03,5.282e-03,22.0,16.0,LEA,20.062353,14.187957,323.65775,188.28723,GOES-16_XRS,1,3710,0,3141
2022-11-12 02:24:00,2022-11-12 02:17:00,2022-11-12 02:27:00,202211120217,4.600e-06,C4.5,GOES-16,7.048e-07,1.612e-03,1.735e-03,19.0,12.0,LEA,20.11731,11.215849,328.34317,138.72087,GOES-16_XRS,1,3730,0,3141
2022-11-12 03:19:00,2022-11-12 03:14:00,2022-11-12 03:23:00,202211120314,7.978e-07,B7.9,GOES-16,5.675e-07,3.646e-04,4.425e-04,,,,,,,,,1,3760,0,3141
2022-11-12 04:34:00,2022-11-12 04:28:00,2022-11-12 04:36:00,202211120428,9.584e-07,B9.5,GOES-16,4.702e-07,3.796e-04,4.142e-04,,,,,,,,,1,3770,0,3141
2022-11-12 12:38:00,2022-11-12 12:31:00,2022-11-12 12:42:00,202211121231,8.989e-07,B8.9,GOES-16,6.194e-07,5.114e-04,5.956e-04,,,,,,,,,1,3820,0,3141
2022-11-12 14:33:00,2022-11-12 14:28:00,,202211121428,7.504e-07,B7.5,GOES-16,5.310e-07,3.505e-04,,27.0,16.0,HOL,,,,,,1,3840,0,3141
2022-11-12 14:41:00,2022-11-12 14:37:00,,202211121437,7.673e-07,B7.6,GOES-16,7.108e-07,3.542e-04,,,,,,,,,,2,,0,
2022-11-12 14:58:00,2022-11-12 14:43:00,2022-11-12 15:02:00,202211121443,2.280e-06,C2.2,GOES-16,7.509e-07,1.472e-03,1.639e-03,,,,27.51123,16.224663,431.5723,225.84541,GOES-16_XRS,3,,0,
2022-11-12 15:08:00,2022-11-12 15:04:00,2022-11-12 15:19:00,202211121504,1.924e-06,C1.9,GOES-16,1.295e-06,8.030e-04,1.851e-03,,,,9.094071,12.054579,150.48332,151.2728,GOES-16_XRS,1,3860,0,3141
2022-11-12 16:42:00,2022-11-12 16:26:00,,202211121626,2.204e-06,C2.2,GOES-16,8.656e-07,1.911e-03,,26.0,17.0,HOL,30.312666,24.903162,445.332,367.18634,GOES-16_XRS,1,3890,0,3140
2022-11-12 16:58:00,2022-11-12 16:51:00,,202211121651,2.778e-06,C2.7,GOES-16,1.953e-06,1.630e-03,,,,,32.96773,21.927647,491.04614,321.16235,GOES-16_XRS,2,3900,0,3141
2022-11-12 17:06:00,2022-11-12 17:02:00,2022-11-12 17:09:00,202211121702,3.051e-06,C3.0,GOES-16,2.702e-06,1.394e-03,1.558e-03,,,,31.726036,21.022429,477.5177,306.0762,GOES-16_XRS,3,,0,
2022-11-12 18:04:00,2022-11-12 18:01:00,2022-11-12 18:09:00,202211121801,6.550e-06,C6.5,GOES-16,2.205e-06,2.055e-03,2.834e-03,27.0,12.0,HOL,26.490726,11.187445,425.83987,141.71494,GOES-16_XRS,1,3930,0,3141
2022-11-12 21:57:00,2022-11-12 21:50:00,2022-11-12 22:03:00,202211122150,1.085e-06,C1.0,GOES-16,7.673e-07,6.079e-04,8.323e-04,,,,31.501528,29.561302,442.07886,439.86267,GOES-16_XRS,1,3970,0,3140
2022-11-13 02:07:00,2022-11-13 01:59:00,,202211130159,1.866e-06,C1.8,GOES-16,8.422e-07,1.057e-03,,37.0,22.0,LEA,-41.075104,35.56688,-519.5735,532.35126,GOES-16_XRS,1,3980,0,3140
2022-11-13 02:25:00,2022-11-13 02:20:00,2022-11-13 02:29:00,202211130220,1.953e-06,C1.9,GOES-16,1.352e-06,9.194e-04,1.097e-03,,,,-53.046936,24.315758,-707.69653,370.76398,GOES-16_XRS,2,3990,0,
2022-11-13 03:17:00,2022-11-13 03:10:00,2022-11-13 03:20:00,202211130310,1.075e-06,C1.0,GOES-16,7.835e-07,6.144e-04,6.678e-04,,,,48.70732,32.128902,618.3914,486.77383,GOES-16_XRS,1,4000,0,3140
2022-11-13 04:34:00,2022-11-13 04:27:00,2022-11-13 04:36:00,202211130427,1.284e-06,C1.2,GOES-16,8.133e-07,6.387e-04,6.969e-04,,,,37.24486,17.343918,561.966,249.71008,GOES-16_XRS,1,4010,0,3141
2022-11-13 06:21:00,2022-11-13 06:17:00,2022-11-13 06:24:00,202211130617,4.073e-06,C4.0,GOES-16,9.477e-07,1.212e-03,1.320e-03,25.0,14.0,LEA,33.24296,10.715952,524.1032,137.67064,GOES-16_XRS,1,4020,0,3141
2022-11-13 06:53:00,2022-11-13 06:49:00,2022-11-13 06:59:00,202211130649,1.229e-06,C1.2,GOES-16,8.623e-07,5.444e-04,7.948e-04,,,,34.95377,16.148975,535.39484,229.05841,GOES-16_XRS,1,4030,0,3141
2022-11-13 07:51:00,2022-11-13 07:44:00,2022-11-13 07:53:00,202211130744,1.274e-06,C1.2,GOES-16,9.267e-07,7.068e-04,7.694e-04,,,,62.45659,38.883274,670.2102,589.925,GOES-16_XRS,1,4040,0,3140
2022-11-13 13:01:00,2022-11-13 12:51:00,2022-11-13 13:07:00,202211131251,2.674e-06,C2.6,GOES-16,8.693e-07,1.326e-03,1.773e-03,42.0,23.0,SVI,28.365837,24.13314,421.8939,355.70154,GOES-16_XRS,1,4090,0,3145
2022-11-13 18:40:00,2022-11-13 18:33:00,2022-11-13 18:44:00,202211131833,3.681e-06,C3.6,GOES-16,9.356e-07,1.340e-03,1.595e-03,,,,37.562866,18.140402,563.60583,263.82672,GOES-16_XRS,1,4120,0,3140
2022-11-13 19:09:00,2022-11-13 19:02:00,2022-11-13 19:13:00,202211131902,2.250e-06,C2.2,GOES-16,8.176e-07,9.600e-04,1.119e-03,41.0,12.0,HOL,42.550728,14.854386,635.7713,212.51077,GOES-16_XRS,1,4130,0,3141
2022-11-13 20:07:00,2022-11-13 20:02:00,2022-11-13 20:12:00,202211132002,1.825e-06,C1.8,GOES-16,8.769e-07,7.196e-04,9.631e-04,48.0,22.0,HOL,39.66482,22.33623,574.2841,332.71194,GOES-16_XRS,1,4150,0,3140
2022-11-13 20:39:00,2022-11-13 20:32:00,2022-11-13 20:43:00,202211132032,1.666e-06,C1.6,GOES-16,9.115e-07,8.406e-04,9.824e-04,,,,49.33761,22.40285,681.8145,339.21924,GOES-16_XRS,1,4160,0,3140
2022-11-13 22:05:00,2022-11-13 21:59:00,2022-11-13 22:07:00,202211132159,2.654e-06,C2.6,GOES-16,9.890e-07,9.200e-04,9.955e-04,,,,46.62828,23.771507,646.83997,359.34854,GOES-16_XRS,1,4170,0,3140
2022-11-13 22:19:00,2022-11-13 22:11:00,2022-11-13 22:26:00,202211132211,2.133e-06,C2.1,GOES-16,1.192e-06,1.194e-03,1.786e-03,49.0,23.0,LEA,49.351677,17.105484,705.06256,253.84831,GOES-16_XRS,1,4180,0,3140
2022-11-14 00:44:00,2022-11-14 00:33:00,2022-11-14 00:57:00,202211140033,4.187e-06,C4.1,GOES-16,2.538e-06,3.145e-03,5.556e-03,53.0,23.0,LEA,60.146664,20.38576,789.89795,314.30826,GOES-16_XRS,1,4220,0,3140
2022-11-14 01:19:00,2022-11-14 01:14:00,2022-11-14 01:28:00,202211140114,3.423e-06,C3.4,GOES-16,2.258e-06,1.553e-03,2.805e-03,,,,44.966366,23.265219,631.34985,350.60608,GOES-16_XRS,1,4230,0,3140
2022-11-14 02:49:00,2022-11-14 02:44:00,2022-11-14 02:57:00,202211140244,3.347e-06,C3.3,GOES-16,1.495e-06,1.447e-03,2.372e-03,36.0,25.0,LEA,36.044632,23.236889,526.03284,345.6974,GOES-16_XRS,1,4240,0,3145
2022-11-14 03:54:00,2022-11-14 03:45:00,2022-11-14 03:58:00,202211140345,3.672e-06,C3.6,GOES-16,1.642e-06,1.856e-03,2.162e-03,53.0,23.0,LEA,52.02248,20.155197,719.3671,305.33252,GOES-16_XRS,1,4260,0,3140
2022-11-14 07:17:00,2022-11-14 07:10:00,2022-11-14 07:24:00,202211140710,3.861e-06,C3.8,GOES-16,2.241e-06,2.065e-03,2.995e-03,56.0,23.0,LEA,49.15159,20.1729,690.3985,304.01865,GOES-16_XRS,1,4280,0,3140
2022-11-14 13:10:00,2022-11-14 12:58:00,2022-11-14 13:19:00,202211141258,1.945e-06,C1.9,GOES-16,1.162e-06,1.596e-03,2.278e-03,55.0,22.0,SVI,55.830444,22.170849,744.72656,340.43695,GOES-16_XRS,1,4330,0,3140
2022-11-14 13:40:00,2022-11-14 13:34:00,2022-11-14 13:42:00,202211141334,7.520e-06,C7.5,GOES-16,1.265e-06,1.909e-03,2.075e-03,,,,50.653137,19.644142,708.1504,296.7532,GOES-16_XRS,1,4340,0,3140
2022-11-14 17:29:00,2022-11-14 17:24:00,2022-11-14 17:33:00,202211141724,5.114e-06,C5.1,GOES-16,1.608e-06,1.711e-03,2.082e-03,,,,53.229534,20.034006,731.6407,304.8379,GOES-16_XRS,1,4360,0,3140
2022-11-14 18:28:00,2022-11-14 18:04:00,2022-11-14 18:54:00,202211141804,4.524e-06,C4.5,GOES-16,1.891e-06,5.774e-03,1.115e-02,58.0,25.0,HOL,60.693714,26.42282,758.7857,410.21387,GOES-16_XRS,1,4380,0,3140
2022-11-14 19:29:00,2022-11-14 19:23:00,2022-11-14 19:34:00,202211141923,5.137e-06,C5.1,GOES-16,2.492e-06,2.322e-03,2.975e-03,59.0,21.0,HOL,52.40067,21.497875,716.71265,327.88306,GOES-16_XRS,1,4390,0,3140
2022-11-14 21:16:00,2022-11-14 21:12:00,2022-11-14 21:18:00,202211142112,2.531e-06,C2.5,GOES-16,1.578e-06,9.777e-04,1.091e-03,,,,48.130146,28.107729,638.69507,428.62524,GOES-16_XRS,1,4400,0,
2022-11-14 21:54:00,2022-11-14 21:48:00,2022-11-14 21:58:00,202211142148,4.404e-06,C4.4,GOES-16,1.742e-06,1.817e-03,2.161e-03,60.0,21.0,HOL,56.57083,21.009281,757.2833,322.82672,GOES-16_XRS,1,4410,0,3140
2022-11-15 00:50:00,2022-11-15 00:48:00,2022-11-15 00:54:00,202211150048,3.070e-06,C3.0,GOES-16,1.682e-06,9.050e-04,1.161e-03,65.0,24.0,LEA,55.824627,19.947971,755.986,305.466,GOES-16_XRS,1,4430,0,3140
2022-11-15 02:51:00,2022-11-15 02:42:00,2022-11-15 02:54:00,202211150242,1.067e-05,M1.0,GOES-16,1.101e-06,2.892e-03,3.145e-03,65.0,23.0,LEA,57.69636,20.62106,768.9167,317.57422,GOES-16_XRS,1,4450,0,3140
2022-11-15 03:52:00,2022-11-15 03:47:00,2022-11-15 03:57:00,202211150347,2.005e-06,C2.0,GOES-16,1.259e-06,9.331e-04,1.219e-03,,,,69.49356,23.103838,836.694,364.99277,GOES-16_XRS,1,4470,0,
2022-11-15 04:26:00,2022-11-15 04:14:00,,202211150414,1.944e-06,C1.9,GOES-16,1.301e-06,1.617e-03,,,,,60.8683,26.47355,759.80414,411.51804,GOES-16_XRS,1,,0,
2022-11-15 04:42:00,2022-11-15 04:29:00,,202211150429,2.800e-06,C2.7,GOES-16,1.923e-06,2.393e-03,,,,,61.6642,24.07282,780.8979,374.86798,GOES-16_XRS,2,4480,0,
2022-11-15 04:51:00,2022-11-15 04:49:00,2022-11-15 04:54:00,202211150449,2.934e-06,C2.9,GOES-16,2.611e-06,1.001e-03,1.158e-03,,,,68.1358,23.862858,824.36694,375.95404,GOES-16_XRS,3,,0,
2022-11-15 05:55:00,2022-11-15 05:46:00,2022-11-15 06:02:00,202211150546,8.941e-06,C8.9,GOES-16,1.345e-06,3.772e-03,5.528e-03,64.0,23.0,LEA,61.209415,20.292513,798.80725,314.7692,GOES-16_XRS,1,4490,0,3140
2022-11-15 07:03:00,2022-11-15 06:54:00,2022-11-15 07:08:00,202211150654,6.769e-06,C6.7,GOES-16,1.860e-06,2.797e-03,3.550e-03,62.0,22.0,LEA,61.605255,19.815298,804.2527,307.42453,GOES-16_XRS,1,4500,0,3140
2022-11-15 08:08:00,2022-11-15 08:04:00,2022-11-15 08:11:00,202211150804,2.037e-06,C2.0,GOES-16,1.393e-06,8.204e-04,9.123e-04,,,,73.656845,20.288706,873.9151,323.56073,GOES-16_XRS,1,4520,0,
2022-11-15 09:18:00,2022-11-15 09:11:00,2022-11-15 09:20:00,202211150911,2.885e-06,C2.8,GOES-16,1.271e-06,1.229e-03,1.324e-03,,,,62.43,19.308212,812.9542,299.9161,GOES-16_XRS,1,4530,0,
2022-11-15 10:46:00,2022-11-15 10:36:00,2022-11-15 11:13:00,202211151036,3.564e-06,C3.5,GOES-16,1.351e-06,1.990e-03,8.028e-03,65.0,22.0,SVI,50.678352,18.914673,711.709,286.0951,GOES-16_XRS,1,4550,0,3140
2022-11-15 13:15:00,2022-11-15 13:08:00,2022-11-15 13:18:00,202211151308,2.135e-06,C2.1,GOES-16,1.461e-06,1.130e-03,1.232e-03,,,,47.339348,15.194894,690.3438,223.3988,GOES-16_XRS,1,4560,0,3140
2022-11-15 14:00:00,2022-11-15 13:54:00,2022-11-15 14:04:00,202211151354,2.091e-06,C2.0,GOES-16,1.391e-06,1.074e-03,1.278e-03,,,,69.60948,24.213036,830.3147,382.7192,GOES-16_XRS,1,4570,0,3140
2022-11-15 15:22:00,2022-11-15 15:12:00,2022-11-15 15:30:00,202211151512,2.700e-06,C2.7,GOES-16,1.582e-06,1.783e-03,2.577e-03,,,,61.284225,23.30163,782.79767,362.97552,GOES-16_XRS,1,4590,0,3140
2022-11-15 19:43:00,2022-11-15 19:40:00,2022-11-15 19:47:00,202211151940,1.546e-06,C1.5,GOES-16,1.041e-06,5.518e-04,6.997e-04,,,,42.627544,16.12176,633.0754,236.4654,GOES-16_XRS,1,4600,0,
2022-11-15 20:15:00,2022-11-15 20:07:00,2022-11-15 20:21:00,202211152007,1.589e-06,C1.5,GOES-16,1.109e-06,1.018e-03,1.342e-03,,,,45.243195,15.208259,666.6933,222.84248,GOES-16_XRS,1,4610,0,3140
2022-11-15 21:41:00,2022-11-15 21:33:00,,202211152133,2.276e-06,C2.2,GOES-16,1.216e-06,1.229e-03,,,,,60.408234,22.36781,781.5925,347.95572,GOES-16_XRS,1,4620,0,3140
2022-11-15 21:48:00,2022-11-15 21:44:00,2022-11-15 21:50:00,202211152144,2.351e-06,C2.3,GOES-16,2.180e-06,1.083e-03,1.209e-03,,,,67.82667,24.494442,818.6456,386.14474,GOES-16_XRS,2,,0,
2022-11-15 23:11:00,2022-11-15 23:05:00,2022-11-15 23:15:00,202211152305,2.856e-06,C2.8,GOES-16,1.149e-06,1.127e-03,1.358e-03,,,,68.33797,19.762802,849.67896,311.7978,GOES-16_XRS,1,4630,0,3140
2022-11-15 23:53:00,2022-11-15 23:48:00,2022-11-16 00:01:00,202211152348,1.898e-06,C1.8,GOES-16,1.311e-06,8.622e-04,1.442e-03,,,,69.068504,28.936258,793.9819,454.77625,GOES-16_XRS,1,4640,0,3140
2022-11-16 03:23:00,2022-11-16 03:14:00,,202211160314,1.640e-06,C1.6,GOES-16,1.054e-06,1.075e-03,,,,,52.44839,20.105286,724.0436,307.2412,GOES-16_XRS,1,,0,
2022-11-16 03:33:00,2022-11-16 03:28:00,2022-11-16 03:36:00,202211160328,1.645e-06,C1.6,GOES-16,1.533e-06,8.582e-04,9.509e-04,,,,,,903.78284,384.57208,GOES-16_XRS,2,4660,0,
2022-11-16 05:38:00,2022-11-16 05:27:00,2022-11-16 05:43:00,202211160527,3.414e-06,C3.4,GOES-16,1.208e-06,2.123e-03,2.534e-03,,,,29.23209,23.083914,437.39664,343.9896,GOES-16_XRS,1,4670,0,3140
2022-11-16 07:01:00,2022-11-16 06:48:00,,202211160648,2.363e-06,C2.3,GOES-16,1.261e-06,1.973e-03,,,,,79.4459,28.050116,842.1957,448.4794,GOES-16_XRS,1,4680,0,3140
2022-11-16 07:30:00,2022-11-16 07:17:00,2022-11-16 07:37:00,202211160717,2.394e-06,C2.3,GOES-16,2.124e-06,2.325e-03,3.005e-03,,,,65.344345,27.101835,786.12103,424.99725,GOES-16_XRS,2,,0,
2022-11-16 08:16:00,2022-11-16 08:13:00,2022-11-16 08:20:00,202211160813,2.872e-06,C2.8,GOES-16,1.301e-06,9.740e-04,1.210e-03,63.0,23.0,SVI,73.52205,20.598873,871.74335,329.0422,GOES-16_XRS,1,4690,0,3145
2022-11-16 08:42:00,2022-11-16 08:35:00,2022-11-16 08:49:00,202211160835,1.840e-06,C1.8,GOES-16,1.331e-06,1.042e-03,1.524e-03,63.0,23.0,SVI,71.45202,29.829699,798.80566,469.85428,GOES-16_XRS,1,4700,0,3145
2022-11-16 11:30:00,2022-11-16 11:21:00,2022-11-16 11:41:00,202211161121,2.671e-06,C2.6,GOES-16,1.344e-06,1.619e-03,2.763e-03,,,,62.41085,21.027172,804.07916,328.5141,GOES-16_XRS,1,4730,0,3145
2022-11-16 12:59:00,2022-11-16 12:51:00,2022-11-16 13:05:00,202211161251,2.053e-06,C2.0,GOES-16,1.443e-06,1.281e-03,1.700e-03,,,,,,830.9097,524.9888,GOES-16_XRS,1,4740,0,3141
2022-11-16 23:07:00,2022-11-16 23:03:00,2022-11-16 23:14:00,202211162303,1.895e-06,C1.8,GOES-16,1.363e-06,8.168e-04,1.304e-03,,,,88.166214,12.206404,947.7775,203.50954,GOES-16_XRS,1,4790,0,3140
2022-11-17 07:34:00,2022-11-17 07:26:00,,202211170726,1.609e-06,C1.6,GOES-16,1.166e-06,1.025e-03,,-56.0,-8.0,SVI,24.675396,17.581293,387.6748,255.53487,GOES-16_XRS,1,4820,0,3147
2022-11-17 07:46:00,2022-11-17 07:41:00,2022-11-17 07:49:00,202211170741,1.703e-06,C1.7,GOES-16,1.437e-06,8.464e-04,9.349e-04,,,,50.999973,14.803919,731.0033,221.40688,GOES-16_XRS,2,,0,
2022-11-17 09:28:00,2022-11-17 09:08:00,2022-11-17 09:52:00,202211170908,6.133e-06,C6.1,GOES-16,1.549e-06,6.068e-03,1.236e-02,,,,,,902.18066,371.7405,GOES-16_XRS,1,4850,0,
2022-11-17 12:24:00,2022-11-17 12:14:00,,202211171214,2.815e-06,C2.8,GOES-16,1.366e-06,1.735e-03,,,,,74.02395,22.932991,860.0347,367.00674,GOES-16_XRS,1,4870,0,
2022-11-17 12:39:00,2022-11-17 12:34:00,2022-11-17 12:41:00,202211171234,2.444e-06,C2.4,GOES-16,2.282e-06,1.275e-03,1.411e-03,,,,62.33533,24.265326,784.9417,380.56335,GOES-16_XRS,2,,0,
2022-11-17 15:24:00,2022-11-17 15:17:00,2022-11-17 15:34:00,202211171517,1.570e-06,C1.5,GOES-16,1.030e-06,8.807e-04,1.520e-03,,,,75.372955,28.710129,824.2457,456.45755,GOES-16_XRS,1,4900,0,
2022-11-17 16:38:00,2022-11-17 16:32:00,2022-11-17 16:42:00,202211171632,2.190e-06,C2.1,GOES-16,1.545e-06,1.129e-03,1.338e-03,-68.0,22.0,HOL,,,-1132.6907,396.80386,GOES-16_XRS,1,4910,0,3149
2022-11-17 17:33:00,2022-11-17 17:26:00,2022-11-17 17:38:00,202211171726,1.602e-06,C1.6,GOES-16,1.166e-06,9.118e-04,1.160e-03,,,,73.759544,16.892311,892.4415,270.38922,GOES-16_XRS,1,4920,0,
2022-11-17 21:35:00,2022-11-17 21:25:00,2022-11-17 21:47:00,202211172125,1.838e-06,C1.8,GOES-16,9.173e-07,1.185e-03,2.077e-03,-66.0,21.0,HOL,-26.340393,22.074131,-400.52304,329.8739,GOES-16_XRS,1,4950,0,3149
2022-11-18 00:00:00,2022-11-17 23:36:00,2022-11-18 00:15:00,202211172336,5.452e-06,C5.4,GOES-16,1.249e-06,6.059e-03,9.276e-03,,,,,,923.43616,405.85214,GOES-16_XRS,1,,0,
2022-11-18 08:30:00,2022-11-18 08:26:00,2022-11-18 08:34:00,202211180826,1.197e-06,C1.1,GOES-16,6.201e-07,4.249e-04,5.305e-04,,,,81.30328,23.611902,879.4833,382.72742,GOES-16_XRS,1,5040,0,
2022-11-18 09:14:00,2022-11-18 08:57:00,2022-11-18 09:30:00,202211180857,5.568e-06,C5.5,GOES-16,8.877e-07,4.113e-03,7.557e-03,,,,,,866.7619,455.0753,GOES-16_XRS,1,5050,0,
2022-11-18 10:41:00,2022-11-18 10:27:00,2022-11-18 10:53:00,202211181027,4.492e-06,C4.4,GOES-16,1.243e-06,3.449e-03,5.461e-03,,,,,,899.27655,368.86517,GOES-16_XRS,1,5080,0,
2022-11-18 11:28:00,2022-11-18 11:23:00,2022-11-18 11:32:00,202211181123,5.136e-06,C5.1,GOES-16,9.476e-07,1.649e-03,1.963e-03,,,,33.883015,18.749613,514.1802,279.78732,GOES-16_XRS,1,5090,0,3150
2022-11-18 13:55:00,2022-11-18 13:50:00,2022-11-18 13:57:00,202211181350,1.182e-06,C1.1,GOES-16,8.140e-07,5.248e-04,5.737e-04,-37.0,-33.0,SVI,-46.428986,-47.83066,-472.9216,-739.2669,GOES-16_XRS,1,5110,0,3148
2022-11-18 15:12:00,2022-11-18 14:57:00,2022-11-18 15:41:00,202211181457,1.596e-06,C1.5,GOES-16,7.770e-07,1.412e-03,3.632e-03,,,,-13.206604,27.743563,-197.0212,417.27542,GOES-16_XRS,1,5120,0,3150
2022-11-18 19:05:00,2022-11-18 18:44:00,2022-11-18 19:16:00,202211181844,4.638e-06,C4.6,GOES-16,1.308e-06,4.623e-03,6.462e-03,39.0,18.0,HOL,38.889168,19.518805,576.23846,294.762,GOES-16_XRS,1,5160,0,3150
2022-11-18 22:04:00,2022-11-18 21:59:00,2022-11-18 22:06:00,202211182159,1.869e-06,C1.8,GOES-16,7.782e-07,5.772e-04,6.289e-04,-47.0,-15.0,HOL,-49.50107,-11.889398,-724.2204,-226.4191,GOES-16_XRS,1,5180,0,3147
2022-11-19 00:01:00,2022-11-18 23:52:00,2022-11-19 00:05:00,202211182352,2.027e-06,C2.0,GOES-16,8.424e-07,9.890e-04,1.149e-03,,,,-44.3201,-31.836512,-577.5936,-537.6951,GOES-16_XRS,1,5200,0,3148
2022-11-19 01:18:00,2022-11-19 01:04:00,,202211190104,1.447e-06,C1.4,GOES-16,7.914e-07,1.263e-03,,,,,,,1034.5027,437.37854,GOES-16_XRS,1,5210,0,
2022-11-19 01:37:00,2022-11-19 01:28:00,2022-11-19 01:43:00,202211190128,2.732e-06,C2.7,GOES-16,1.198e-06,1.503e-03,1.971e-03,-35.0,-32.0,LEA,-13.834198,-25.264942,-210.70103,-451.31842,GOES-16_XRS,2,5220,0,3148
2022-11-19 03:01:00,2022-11-19 02:51:00,2022-11-19 03:07:00,202211190251,1.537e-06,C1.5,GOES-16,7.839e-07,9.219e-04,1.200e-03,-35.0,-32.0,LEA,-29.322021,-27.792686,-421.91492,-485.05386,GOES-16_XRS,1,5230,0,3148
2022-11-19 06:23:00,2022-11-19 06:05:00,2022-11-19 06:37:00,202211190605,8.399e-06,C8.3,GOES-16,7.038e-07,5.375e-03,9.407e-03,42.0,21.0,LEA,45.945404,19.170298,660.868,292.9187,GOES-16_XRS,1,5250,0,3150
2022-11-19 07:56:00,2022-11-19 07:50:00,2022-11-19 08:05:00,202211190750,1.203e-06,C1.2,GOES-16,6.820e-07,5.466e-04,9.550e-04,,,,44.935425,20.10967,645.74036,307.72345,GOES-16_XRS,1,5280,0,3150
2022-11-19 12:39:00,2022-11-19 12:35:00,,202211191235,1.242e-06,C1.2,GOES-16,7.385e-07,5.385e-04,,,,,49.972446,17.491642,710.89734,267.90887,GOES-16_XRS,1,5310,0,3150
2022-11-19 12:56:00,2022-11-19 12:42:00,2022-11-19 13:10:00,202211191242,1.609e-05,M1.6,GOES-16,1.192e-06,9.496e-03,1.739e-02,,,,48.82077,18.409256,695.17737,282.30878,GOES-16_XRS,2,5290,0,3150
2022-11-19 17:11:00,2022-11-19 17:03:00,2022-11-19 17:16:00,202211191703,1.232e-06,C1.2,GOES-16,7.865e-07,7.166e-04,8.962e-04,52.0,17.0,HOL,8.260713,25.02757,126.90103,376.64398,GOES-16_XRS,1,5350,0,3150
2022-11-19 19:33:00,2022-11-19 19:20:00,2022-11-19 19:48:00,202211191920,9.770e-07,B9.7,GOES-16,6.222e-07,8.520e-04,1.527e-03,,,,,,,,,1,5390,0,
2022-11-20 03:30:00,2022-11-20 03:14:00,2022-11-20 03:36:00,202211200314,9.897e-07,B9.8,GOES-16,5.367e-07,9.516e-04,1.138e-03,,,,,,,,,1,5400,0,3150
2022-11-20 06:09:00,2022-11-20 05:51:00,2022-11-20 06:25:00,202211200551,3.376e-06,C3.3,GOES-16,1.120e-06,3.057e-03,5.331e-03,,,,61.25967,18.446339,809.1485,290.11328,GOES-16_XRS,1,5410,0,3150
2022-11-20 08:04:00,2022-11-20 07:55:00,2022-11-20 08:13:00,202211200755,8.113e-07,B8.1,GOES-16,5.538e-07,5.450e-04,8.470e-04,,,,,,,,,1,5420,0,3150
2022-11-20 09:56:00,2022-11-20 09:47:00,2022-11-20 10:07:00,202211200947,7.214e-07,B7.2,GOES-16,4.657e-07,4.647e-04,7.942e-04,,,,,,,,,1,5430,0,3150
2022-11-20 12:10:00,2022-11-20 12:02:00,2022-11-20 12:17:00,202211201202,8.286e-07,B8.2,GOES-16,5.401e-07,5.090e-04,7.183e-04,,,,,,,,,1,5440,0,3148
2022-11-20 17:34:00,2022-11-20 17:26:00,,202211201726,7.334e-07,B7.3,GOES-16,4.901e-07,4.486e-04,,,,,,,,,,1,5460,0,3149
2022-11-20 17:43:00,2022-11-20 17:37:00,2022-11-20 17:46:00,202211201737,7.307e-07,B7.3,GOES-16,6.959e-07,4.303e-04,4.718e-04,,,,,,,,,2,5520,0,3149
2022-11-20 18:23:00,2022-11-20 18:17:00,2022-11-20 18:29:00,202211201817,8.479e-07,B8.4,GOES-16,5.584e-07,4.330e-04,5.986e-04,-28.0,24.0,HOL,,,,,,1,5480,0,3149
2022-11-21 00:10:00,2022-11-20 23:55:00,2022-11-21 00:18:00,202211202355,9.100e-07,B9.1,GOES-16,4.704e-07,7.877e-04,1.052e-03,,,,,,,,,1,5570,0,3149
2022-11-21 02:02:00,2022-11-21 01:58:00,2022-11-21 02:06:00,202211210158,8.001e-07,B8.0,GOES-16,5.837e-07,3.437e-04,4.203e-04,,,,,,,,,1,5580,0,3149
2022-11-21 02:17:00,2022-11-21 02:10:00,2022-11-21 02:22:00,202211210210,1.167e-06,C1.1,GOES-16,5.735e-07,5.660e-04,7.159e-04,,,,-12.512238,28.21096,-186.11505,428.99878,GOES-16_XRS,1,5590,0,3149
2022-11-21 03:42:00,2022-11-21 03:30:00,2022-11-21 03:55:00,202211210330,2.979e-06,C2.9,GOES-16,7.216e-07,1.976e-03,3.655e-03,-22.0,24.0,LEA,-19.124634,23.55552,-292.78415,357.70862,GOES-16_XRS,1,5600,0,3149
2022-11-21 06:47:00,2022-11-21 06:32:00,,202211210632,1.132e-06,C1.1,GOES-16,6.617e-07,1.045e-03,,,,,-21.564697,17.587902,-341.6093,262.2735,GOES-16_XRS,1,5630,0,3149
2022-11-21 07:02:00,2022-11-21 06:57:00,2022-11-21 07:06:00,202211210657,1.171e-06,C1.1,GOES-16,9.327e-07,5.799e-04,7.004e-04,-20.0,24.0,SVI,-30.958984,22.688864,-462.5462,347.00876,GOES-16_XRS,2,5610,0,3149
2022-11-21 23:08:00,2022-11-21 22:58:00,2022-11-21 23:16:00,202211212258,1.493e-06,C1.4,GOES-16,9.863e-07,1.070e-03,1.527e-03,-14.0,21.0,HOL,-12.697937,19.631563,-201.91623,295.44022,GOES-16_XRS,1,5650,0,3149
2022-11-22 07:27:00,2022-11-22 06:59:00,2022-11-22 07:41:00,202211220659,7.003e-06,C7.0,GOES-16,6.408e-07,8.196e-03,1.171e-02,-22.0,-15.0,LEA,-11.5659485,-11.177908,-191.86484,-221.78358,GOES-16_XRS,1,5660,0,3151
2022-11-22 10:47:00,2022-11-22 10:27:00,,202211221027,1.216e-06,C1.2,GOES-16,6.738e-07,1.500e-03,,,,,50.484104,42.866856,550.35156,646.0159,GOES-16_XRS,1,5670,0,
2022-11-22 11:04:00,2022-11-22 10:52:00,2022-11-22 11:26:00,202211221052,1.953e-06,C1.9,GOES-16,1.211e-06,1.493e-03,3.487e-03,,,,12.476638,8.780438,208.29138,116.19616,GOES-16_XRS,2,5680,0,3151
2022-11-22 12:24:00,2022-11-22 12:14:00,2022-11-22 12:28:00,202211221214,2.620e-06,C2.6,GOES-16,8.158e-07,1.154e-03,1.331e-03,,,,-16.526917,-7.6385484,-275.02167,-161.60248,GOES-16_XRS,1,5690,0,3151
2022-11-22 12:53:00,2022-11-22 12:47:00,2022-11-22 12:57:00,202211221247,1.689e-06,C1.6,GOES-16,1.030e-06,7.815e-04,9.423e-04,,,,-12.836304,-15.2428255,-209.07686,-287.94736,GOES-16_XRS,1,5710,0,3151
2022-11-22 13:27:00,2022-11-22 13:04:00,,202211221304,1.732e-06,C1.7,GOES-16,9.789e-07,2.481e-03,,,,,,,1068.2844,614.4315,GOES-16_XRS,1,5890,0,
2022-11-22 13:54:00,2022-11-22 13:47:00,2022-11-22 13:57:00,202211221347,2.793e-06,C2.7,GOES-16,1.528e-06,1.426e-03,1.535e-03,,,,12.501566,3.447345,210.80492,25.912512,GOES-16_XRS,2,5720,0,3151
2022-11-22 19:08:00,2022-11-22 18:49:00,2022-11-22 19:15:00,202211221849,4.805e-06,C4.8,GOES-16,4.980e-07,3.227e-03,4.136e-03,-12.0,-13.0,HOL,-10.336975,-13.355338,-170.31198,-256.90247,GOES-16_XRS,1,5780,0,3151
2022-11-22 20:27:00,2022-11-22 20:01:00,,202211222001,1.724e-06,C1.7,GOES-16,5.693e-07,2.152e-03,,,,,32.611717,20.240248,492.9503,311.0035,GOES-16_XRS,1,5830,0,3151
2022-11-22 21:18:00,2022-11-22 21:01:00,2022-11-22 21:23:00,202211222101,1.755e-06,C1.7,GOES-16,1.429e-06,1.995e-03,2.275e-03,,,,32.03399,22.797941,476.67694,351.80118,GOES-16_XRS,2,5900,0,3151
2022-11-23 01:14:00,2022-11-23 01:02:00,2022-11-23 01:25:00,202211230102,1.587e-06,C1.5,GOES-16,5.423e-07,9.590e-04,1.581e-03,,,,-6.0897217,-11.06409,-101.58066,-218.93407,GOES-16_XRS,1,5860,0,3151
2022-11-23 16:55:00,2022-11-23 16:40:00,2022-11-23 16:59:00,202211231640,7.572e-07,B7.5,GOES-16,4.167e-07,6.619e-04,7.272e-04,1.0,-13.0,HOL,,,,,,1,5930,0,3151
2022-11-23 18:53:00,2022-11-23 18:39:00,2022-11-23 19:06:00,202211231839,1.402e-06,C1.4,GOES-16,5.475e-07,1.090e-03,1.836e-03,29.0,-32.0,HOL,37.342854,-31.643919,503.17136,-531.9222,GOES-16_XRS,1,5940,0,3148
2022-11-23 20:53:00,2022-11-23 20:44:00,2022-11-23 20:58:00,202211232044,1.192e-06,C1.1,GOES-16,6.003e-07,6.518e-04,8.074e-04,9.0,-14.0,HOL,8.216342,-10.209401,137.24788,-202.9466,GOES-16_XRS,1,5950,0,3151
2022-11-24 01:49:00,2022-11-24 01:39:00,2022-11-24 01:53:00,202211240139,1.428e-06,C1.4,GOES-16,4.761e-07,6.985e-04,8.089e-04,,,,13.374716,-7.8491616,223.61044,-162.53587,GOES-16_XRS,1,,0,
2022-11-24 06:23:00,2022-11-24 06:16:00,2022-11-24 06:26:00,202211240616,8.914e-07,B8.9,GOES-16,3.992e-07,3.666e-04,4.001e-04,,,,,,,,,1,6010,0,3151
2022-11-25 07:22:00,2022-11-25 07:03:00,2022-11-25 07:34:00,202211250703,1.176e-06,C1.1,GOES-16,3.617e-07,1.023e-03,1.566e-03,29.0,21.0,SVI,37.759674,16.06977,573.80975,248.68713,GOES-16_XRS,1,6090,0,3149
2022-11-25 09:22:00,2022-11-25 09:19:00,2022-11-25 09:24:00,202211250919,5.150e-07,B5.1,GOES-16,3.574e-07,1.770e-04,1.979e-04,30.0,-15.0,SVI,,,,,,1,6110,0,3151
2022-11-25 15:33:00,2022-11-25 15:20:00,2022-11-25 15:41:00,202211251520,6.567e-07,B6.5,GOES-16,3.370e-07,5.379e-04,7.303e-04,,,,,,,,,1,6130,0,3148
2022-11-25 19:26:00,2022-11-25 19:13:00,2022-11-25 19:41:00,202211251913,7.862e-07,B7.8,GOES-16,3.126e-07,5.388e-04,1.014e-03,,,,,,,,,1,6140,0,3152
2022-11-26 00:33:00,2022-11-26 00:25:00,2022-11-26 00:53:00,202211260025,5.648e-07,B5.6,GOES-16,3.821e-07,3.434e-04,8.798e-04,,,,,,,,,1,6150,0,3151
2022-11-26 02:15:00,2022-11-26 02:03:00,2022-11-26 02:26:00,202211260203,9.057e-07,B9.0,GOES-16,3.602e-07,6.482e-04,1.022e-03,,,,,,,,,1,6160,0,3148
2022-11-26 04:34:00,2022-11-26 04:30:00,2022-11-26 04:42:00,202211260430,6.460e-07,B6.4,GOES-16,3.105e-07,2.384e-04,4.141e-04,,,,,,,,,1,6180,0,3152
2022-11-26 06:36:00,2022-11-26 06:30:00,2022-11-26 06:39:00,202211260630,5.984e-07,B5.9,GOES-16,2.777e-07,2.434e-04,2.659e-04,,,,,,,,,1,6190,0,3152
2022-11-26 07:37:00,2022-11-26 07:23:00,2022-11-26 07:51:00,202211260723,3.165e-07,B3.1,GOES-18,2.000e-07,2.921e-04,5.130e-04,,,,,,,,,1,,0,
2022-11-26 08:31:00,2022-11-26 08:21:00,,202211260821,5.038e-07,B5.0,GOES-16,3.329e-07,3.609e-04,,,,,,,,,,1,6200,0,3152
2022-11-26 09:07:00,2022-11-26 08:56:00,2022-11-26 09:11:00,202211260856,4.356e-07,B4.3,GOES-16,4.242e-07,3.881e-04,4.393e-04,,,,,,,,,2,6210,0,3148
2022-11-26 10:49:00,2022-11-26 10:40:00,2022-11-26 10:54:00,202211261040,7.047e-07,B7.0,GOES-16,4.432e-07,4.445e-04,5.480e-04,,,,,,,,,1,6220,0,3149
2022-11-28 02:40:00,2022-11-28 02:33:00,2022-11-28 02:44:00,202211280233,6.623e-07,B6.6,GOES-16,4.752e-07,3.680e-04,4.324e-04,,,,,,,,,1,6270,0,3151
2022-11-28 07:19:00,2022-11-28 07:10:00,2022-11-28 07:24:00,202211280710,9.180e-07,B9.1,GOES-16,4.855e-07,5.444e-04,6.684e-04,,,,,,,,,1,6280,0,3151
2022-11-28 12:54:00,2022-11-28 12:49:00,2022-11-28 12:57:00,202211281249,9.096e-07,B9.0,GOES-16,4.346e-07,3.377e-04,3.679e-04,67.0,-15.0,SVI,,,,,,1,6290,0,3151
2022-11-28 20:12:00,2022-11-28 20:06:00,2022-11-28 20:20:00,202211282006,9.556e-07,B9.5,GOES-16,4.951e-07,4.395e-04,7.059e-04,,,,,,,,,1,6340,0,
2022-11-28 21:19:00,2022-11-28 21:10:00,2022-11-28 21:24:00,202211282110,9.924e-07,B9.9,GOES-16,4.931e-07,5.326e-04,6.594e-04,,,,,,,,,1,6360,0,3151
2022-11-29 02:20:00,2022-11-29 02:16:00,2022-11-29 02:23:00,202211290216,1.009e-06,C1.0,GOES-16,4.766e-07,3.446e-04,3.852e-04,,,,2.6913817,26.66786,40.97409,420.52856,GOES-16_XRS,1,6390,0,3152
2022-11-29 05:31:00,2022-11-29 05:22:00,2022-11-29 05:34:00,202211290522,9.449e-07,B9.4,GOES-16,4.841e-07,4.952e-04,5.316e-04,,,,,,,,,1,6400,0,
2022-11-29 06:37:00,2022-11-29 06:28:00,2022-11-29 06:54:00,202211290628,1.160e-06,C1.1,GOES-16,5.799e-07,7.498e-04,1.627e-03,,,,72.238594,-12.470935,905.4091,-215.9784,GOES-16_XRS,1,6410,0,
2022-11-29 09:42:00,2022-11-29 09:35:00,2022-11-29 09:50:00,202211290935,9.105e-07,B9.1,GOES-16,5.220e-07,4.879e-04,7.592e-04,,,,,,,,,1,6430,0,
2022-11-30 05:42:00,2022-11-30 05:34:00,2022-11-30 05:48:00,202211300534,1.320e-06,C1.3,GOES-16,8.612e-07,8.015e-04,1.063e-03,,,,72.659,-18.16815,883.19037,-308.474,GOES-16_XRS,1,6580,0,3151
2022-11-30 06:23:00,2022-11-30 06:16:00,2022-11-30 06:28:00,202211300616,2.214e-06,C2.2,GOES-16,7.979e-07,9.012e-04,1.157e-03,,,,53.202217,-12.054826,763.6761,-213.72453,GOES-16_XRS,1,6590,0,3151
2022-11-30 11:13:00,2022-11-30 11:06:00,2022-11-30 11:17:00,202211301106,1.686e-06,C1.6,GOES-18,1.233e-06,9.632e-04,1.130e-03,,,,31.375605,-23.958183,464.42642,-409.42383,GOES-18_XRS,1,6630,0,3151
2022-11-30 12:31:00,2022-11-30 12:22:00,2022-11-30 12:34:00,202211301222,1.244e-06,C1.2,GOES-16,7.607e-07,8.311e-04,8.874e-04,,,,69.856346,18.78691,865.78394,308.22873,GOES-16_XRS,1,6640,0,
2022-11-30 14:10:00,2022-11-30 14:00:00,,202211301400,1.194e-06,C1.1,GOES-16,7.336e-07,8.124e-04,,,,,-64.3801,-16.707842,-841.55835,-286.94528,GOES-16_XRS,1,6650,0,
2022-11-30 14:48:00,2022-11-30 14:19:00,2022-11-30 15:08:00,202211301419,2.675e-06,C2.6,GOES-16,1.143e-06,3.377e-03,5.848e-03,,,,-55.19461,-18.910664,-757.38947,-324.84842,GOES-16_XRS,2,,0,
2022-11-30 16:17:00,2022-11-30 16:10:00,2022-11-30 16:23:00,202211301610,3.029e-06,C3.0,GOES-16,1.095e-06,1.474e-03,1.988e-03,,,,47.618168,-16.246714,691.8319,-283.46805,GOES-16_XRS,1,6660,0,3151
2022-11-30 17:09:00,2022-11-30 17:01:00,2022-11-30 17:13:00,202211301701,2.886e-06,C2.8,GOES-16,8.868e-07,1.237e-03,1.410e-03,,,,66.988594,20.464634,840.1827,334.65042,GOES-16_XRS,1,6670,0,
2022-11-30 18:21:00,2022-11-30 18:03:00,,202211301803,1.869e-06,C1.8,GOES-16,9.053e-07,1.905e-03,,,,,,,-1157.4878,-221.44075,GOES-16_XRS,1,6680,0,
2022-11-30 18:30:00,2022-11-30 18:26:00,2022-11-30 18:35:00,202211301826,2.622e-06,C2.6,GOES-16,1.782e-06,1.094e-03,1.474e-03,,,,2.8614872,-13.701314,47.38872,-247.0813,GOES-16_XRS,2,,0,
2022-11-30 22:26:00,2022-11-30 22:22:00,2022-11-30 22:28:00,202211302222,9.155e-07,B9.1,GOES-16,5.628e-07,3.414e-04,3.804e-04,,,,,,,,,1,6710,0,
2022-12-01 01:14:00,2022-12-01 01:10:00,2022-12-01 01:16:00,202212010110,1.206e-06,C1.2,GOES-16,6.321e-07,4.032e-04,4.466e-04,,,,,,-978.46564,-253.46896,GOES-16_XRS,1,6730,0,3153
2022-12-01 04:09:00,2022-12-01 04:00:00,2022-12-01 04:22:00,202212010400,8.982e-07,B8.9,GOES-16,5.654e-07,5.774e-04,1.072e-03,,,,,,,,,1,6760,0,
2022-12-01 07:21:00,2022-12-01 07:04:00,2022-12-01 07:35:00,202212010704,1.096e-05,M1.0,GOES-16,7.969e-07,6.071e-03,1.127e-02,34.0,28.0,LEA,33.30197,26.805645,478.3723,428.98157,GOES-16_XRS,1,6790,0,3152
2022-12-01 13:52:00,2022-12-01 13:40:00,2022-12-01 13:57:00,202212011340,1.080e-06,C1.0,GOES-18,5.382e-07,7.954e-04,9.361e-04,,,,,,-1234.6896,8803.738,GOES-18_XRS,1,,0,
2022-12-01 14:19:00,2022-12-01 14:08:00,2022-12-01 14:34:00,202212011408,1.347e-06,C1.3,GOES-16,6.567e-07,9.030e-04,1.793e-03,,,,,,-950.5088,-271.91595,GOES-16_XRS,1,6810,0,3153
2022-12-01 15:27:00,2022-12-01 15:22:00,2022-12-01 15:33:00,202212011522,9.552e-07,B9.5,GOES-16,6.471e-07,4.472e-04,6.365e-04,,,,,,,,,1,6820,0,3153
2022-12-01 17:07:00,2022-12-01 16:57:00,2022-12-01 17:17:00,202212011657,1.398e-06,C1.3,GOES-16,5.247e-07,8.033e-04,1.310e-03,,,,-84.67987,-22.458233,-895.45496,-372.91144,GOES-16_XRS,1,6840,0,3153
2022-12-01 17:31:00,2022-12-01 17:27:00,2022-12-01 17:35:00,202212011727,1.100e-06,C1.1,GOES-16,7.258e-07,4.462e-04,5.539e-04,,,,44.52763,22.489656,632.26,363.96274,GOES-16_XRS,1,6850,0,3152
2022-12-01 19:11:00,2022-12-01 18:56:00,2022-12-01 19:22:00,202212011856,2.979e-06,C2.9,GOES-16,6.822e-07,2.109e-03,3.231e-03,,,,,,-939.90875,-270.4906,GOES-16_XRS,1,6860,0,3153
2022-12-02 02:07:00,2022-12-02 01:57:00,2022-12-02 02:15:00,202212020157,3.766e-06,C3.7,GOES-16,6.796e-07,1.817e-03,2.693e-03,,,,-70.602905,-17.994791,-874.00824,-305.14163,GOES-16_XRS,1,6920,0,3153
2022-12-02 03:35:00,2022-12-02 03:31:00,2022-12-02 03:38:00,202212020331,1.104e-06,C1.1,GOES-16,5.055e-07,3.628e-04,4.012e-04,,,,,,-991.1669,-225.4443,GOES-16_XRS,1,6940,0,3153
2022-12-02 06:35:00,2022-12-02 06:26:00,2022-12-02 06:48:00,202212020626,9.939e-07,B9.9,GOES-16,5.642e-07,6.141e-04,1.167e-03,,,,,,,,,1,6970,0,3153
2022-12-02 09:20:00,2022-12-02 09:09:00,2022-12-02 09:25:00,202212020909,8.192e-06,C8.1,GOES-16,6.413e-07,2.734e-03,3.508e-03,-80.0,15.0,SVI,-67.06784,8.6047,-887.5218,140.94719,GOES-16_XRS,1,6990,0,3156
2022-12-02 18:21:00,2022-12-02 18:12:00,2022-12-02 18:32:00,202212021812,1.617e-06,C1.6,GOES-16,5.857e-07,8.083e-04,1.463e-03,,,,14.881464,2.612675,250.75372,33.11321,GOES-16_XRS,1,7080,0,3156
2022-12-02 23:56:00,2022-12-02 23:47:00,2022-12-03 00:00:00,202212022347,1.930e-06,C1.9,GOES-16,1.102e-06,1.141e-03,1.316e-03,,,,-79.09476,17.079828,-914.0599,283.9506,GOES-16_XRS,1,7100,0,3157
2022-12-03 01:52:00,2022-12-03 01:46:00,2022-12-03 01:56:00,202212030146,1.136e-06,C1.1,GOES-16,7.764e-07,5.591e-04,6.584e-04,,,,,,-914.2182,-429.33255,GOES-16_XRS,1,7120,0,3153
2022-12-03 02:26:00,2022-12-03 02:17:00,2022-12-03 02:48:00,202212030217,1.291e-06,C1.2,GOES-16,6.593e-07,7.203e-04,2.005e-03,,,,-62.250824,16.623423,-826.8549,273.97894,GOES-16_XRS,1,7130,0,3157
2022-12-03 05:59:00,2022-12-03 05:56:00,2022-12-03 06:02:00,202212030556,1.191e-06,C1.1,GOES-16,8.500e-07,4.497e-04,5.082e-04,,,,-61.39856,19.529589,-806.8616,321.09293,GOES-16_XRS,1,7150,0,3156
2022-12-03 06:23:00,2022-12-03 06:12:00,2022-12-03 06:31:00,202212030612,3.123e-06,C3.1,GOES-16,8.820e-07,1.811e-03,2.580e-03,,,,,,-934.1183,285.00143,GOES-16_XRS,1,7160,0,3157
2022-12-03 08:03:00,2022-12-03 07:56:00,2022-12-03 08:05:00,202212030756,1.573e-06,C1.5,GOES-16,7.011e-07,6.412e-04,6.953e-04,,,,-67.12085,-15.513404,-865.33234,-264.65237,GOES-16_XRS,1,7170,0,3153
2022-12-03 09:42:00,2022-12-03 09:32:00,2022-12-03 09:54:00,202212030932,1.107e-06,C1.1,GOES-16,6.957e-07,7.613e-04,1.338e-03,,,,,,-926.97144,377.00208,GOES-16_XRS,1,7190,0,3157
2022-12-03 11:10:00,2022-12-03 10:56:00,,202212031056,2.408e-06,C2.4,GOES-16,1.326e-06,2.098e-03,,,,,,,-958.17816,326.40186,GOES-16_XRS,1,7200,0,3157
2022-12-03 11:34:00,2022-12-03 11:22:00,2022-12-03 11:41:00,202212031122,2.448e-06,C2.4,GOES-16,2.013e-06,2.122e-03,2.794e-03,,,,,,-909.4237,476.38916,GOES-16_XRS,2,7280,0,3156
2022-12-03 14:27:00,2022-12-03 14:20:00,2022-12-03 14:36:00,202212031420,1.270e-06,C1.2,GOES-16,7.677e-07,6.851e-04,1.130e-03,,,,-7.808197,17.6468,-126.54378,286.8291,GOES-16_XRS,1,7210,0,3155
2022-12-03 15:29:00,2022-12-03 15:25:00,2022-12-03 15:31:00,202212031525,1.047e-06,C1.0,GOES-16,7.354e-07,4.188e-04,4.639e-04,,,,-57.03958,4.4209437,-816.1178,69.81974,GOES-16_XRS,1,7220,0,3157
2022-12-03 17:41:00,2022-12-03 17:35:00,2022-12-03 17:43:00,202212031735,1.290e-05,M1.2,GOES-16,8.061e-07,2.427e-03,2.535e-03,-83.0,18.0,HOL,-78.87958,14.298974,-926.06476,238.72466,GOES-16_XRS,1,7230,0,3157
2022-12-03 18:51:00,2022-12-03 18:48:00,2022-12-03 18:54:00,202212031848,1.135e-06,C1.1,GOES-16,7.177e-07,3.960e-04,4.452e-04,,,,,,-935.0453,329.21362,GOES-16_XRS,1,7260,0,3155
2022-12-04 02:18:00,2022-12-04 02:08:00,2022-12-04 02:43:00,202212040208,1.351e-06,C1.3,GOES-16,6.896e-07,9.293e-04,2.549e-03,,,,-68.21127,23.28029,-831.40314,382.1811,GOES-16_XRS,1,7340,0,3156
2022-12-04 12:40:00,2022-12-04 12:30:00,2022-12-04 13:01:00,202212041230,2.072e-06,C2.0,GOES-16,8.187e-07,1.258e-03,3.198e-03,-42.0,-19.0,SVI,-38.859833,9.081236,-605.15607,148.0078,GOES-16_XRS,1,7420,0,3153
2022-12-04 16:06:00,2022-12-04 16:00:00,2022-12-04 16:12:00,202212041600,8.626e-07,B8.6,GOES-18,6.271e-07,4.456e-04,6.260e-04,,,,,,,,,1,,0,
2022-12-04 16:24:00,2022-12-04 16:16:00,2022-12-04 16:36:00,202212041616,1.462e-06,C1.4,GOES-16,7.589e-07,8.587e-04,1.568e-03,,,,14.937738,17.843468,239.84697,292.45685,GOES-16_XRS,1,7440,0,3155
2022-12-04 18:16:00,2022-12-04 18:07:00,,202212041807,1.528e-06,C1.5,GOES-16,8.740e-07,9.129e-04,,,,,22.214361,21.472641,343.8224,351.2527,GOES-16_XRS,1,7460,0,3155
2022-12-04 18:28:00,2022-12-04 18:23:00,2022-12-04 18:32:00,202212041823,1.735e-06,C1.7,GOES-16,1.331e-06,8.373e-04,1.006e-03,,,,18.45198,19.143105,292.2487,313.80197,GOES-16_XRS,2,7480,0,3155
2022-12-04 21:59:00,2022-12-04 21:49:00,2022-12-04 22:03:00,202212042149,1.613e-06,C1.6,GOES-16,7.683e-07,1.010e-03,1.146e-03,,,,26.541756,21.10774,407.33582,345.90222,GOES-16_XRS,1,7490,0,3155
2022-12-05 01:51:00,2022-12-05 01:40:00,2022-12-05 02:00:00,202212050140,1.984e-06,C1.9,GOES-16,8.182e-07,1.298e-03,1.920e-03,-39.0,24.0,LEA,-40.935883,26.289053,-573.5998,427.8409,GOES-16_XRS,1,7530,0,3156
2022-12-05 05:30:00,2022-12-05 05:18:00,2022-12-05 05:39:00,202212050518,2.736e-06,C2.7,GOES-16,7.200e-07,1.652e-03,2.441e-03,-4.0,23.0,LEA,-2.433258,21.268196,-38.678757,348.57675,GOES-16_XRS,1,7560,0,3158
2022-12-05 06:42:00,2022-12-05 06:32:00,2022-12-05 06:50:00,202212050632,1.386e-06,C1.3,GOES-16,7.476e-07,9.263e-04,1.336e-03,-30.0,-17.0,LEA,-31.80597,-14.670649,-498.18985,-252.69438,GOES-16_XRS,1,7580,0,3153
2022-12-05 09:11:00,2022-12-05 09:04:00,2022-12-05 09:16:00,202212050904,1.007e-06,C1.0,GOES-16,6.727e-07,5.505e-04,7.007e-04,-30.0,-16.0,SVI,-2.2825623,24.626518,-35.391872,401.7545,GOES-16_XRS,1,7620,0,3153
2022-12-05 10:18:00,2022-12-05 10:10:00,2022-12-05 10:24:00,202212051010,1.115e-06,C1.1,GOES-16,7.089e-07,6.624e-04,8.816e-04,-1.0,24.0,SVI,-9.540527,24.363708,-147.58835,397.8108,GOES-16_XRS,1,7640,0,3158
2022-12-05 10:47:00,2022-12-05 10:38:00,2022-12-05 10:51:00,202212051038,1.484e-06,C1.4,GOES-16,7.311e-07,7.905e-04,9.180e-04,0.0,24.0,SVI,-24.353516,-9.013632,-398.1083,-158.5386,GOES-16_XRS,1,7650,0,3158
2022-12-05 15:16:00,2022-12-05 15:08:00,2022-12-05 15:23:00,202212051508,1.500e-06,C1.5,GOES-16,1.070e-06,9.334e-04,1.326e-03,-26.0,-15.0,HOL,-38.611145,-7.7012005,-604.14465,-135.24193,GOES-16_XRS,1,7720,0,3153
2022-12-05 15:59:00,2022-12-05 15:50:00,2022-12-05 16:06:00,202212051550,1.493e-06,C1.4,GOES-16,9.810e-07,1.010e-03,1.392e-03,,,,-27.346313,-9.192562,-443.22986,-160.98866,GOES-16_XRS,1,7730,0,
2022-12-05 16:51:00,2022-12-05 16:44:00,,202212051644,1.866e-06,C1.8,GOES-16,8.834e-07,8.830e-04,,,,,2.9284387,21.642044,46.42737,355.51205,GOES-16_XRS,1,,0,
2022-12-05 17:01:00,2022-12-05 16:56:00,2022-12-05 17:11:00,202212051656,2.064e-06,C2.0,GOES-16,1.544e-06,1.003e-03,1.895e-03,2.0,24.0,HOL,0.32644674,25.01892,5.0471835,408.5067,GOES-16_XRS,2,7740,0,3158
2022-12-05 20:57:00,2022-12-05 20:44:00,2022-12-05 21:06:00,202212052044,1.613e-06,C1.6,GOES-16,7.489e-07,1.279e-03,1.816e-03,5.0,24.0,HOL,2.5250158,15.646835,41.483723,258.84872,GOES-16_XRS,1,7750,0,3158
2022-12-06 14:15:00,2022-12-06 14:08:00,,202212061408,7.579e-07,B7.5,GOES-16,5.190e-07,4.137e-04,,,,,,,,,,1,,0,
2022-12-06 14:27:00,2022-12-06 14:18:00,2022-12-06 14:33:00,202212061418,8.866e-07,B8.8,GOES-16,7.179e-07,6.246e-04,8.181e-04,,,,,,,,,2,7820,0,
2022-12-06 18:10:00,2022-12-06 18:03:00,2022-12-06 18:14:00,202212061803,8.401e-07,B8.4,GOES-16,6.063e-07,4.663e-04,5.514e-04,,,,,,,,,1,7850,0,
2022-12-06 21:42:00,2022-12-06 21:38:00,2022-12-06 22:00:00,202212062138,1.133e-06,C1.1,GOES-16,5.447e-07,4.480e-04,1.390e-03,,,,-36.444916,19.743742,-546.29694,327.92477,GOES-16_XRS,1,7860,0,3157
2022-12-06 23:59:00,2022-12-06 23:54:00,2022-12-07 00:04:00,202212062354,1.051e-06,C1.0,GOES-16,6.673e-07,4.837e-04,6.355e-04,,,,,,,,,1,7880,0,3155
2022-12-07 11:11:00,2022-12-07 11:00:00,2022-12-07 11:27:00,202212071100,1.225e-06,C1.2,GOES-16,7.600e-07,9.197e-04,1.785e-03,-29.0,15.0,SVI,-34.003723,19.133518,-516.3318,319.06476,GOES-16_XRS,1,7980,0,3157
2022-12-07 12:07:00,2022-12-07 11:57:00,2022-12-07 12:12:00,202212071157,1.217e-06,C1.2,GOES-16,6.782e-07,7.809e-04,9.400e-04,-29.0,15.0,SVI,-26.039062,10.482538,-422.03928,176.5486,GOES-16_XRS,1,8010,0,3157
2022-12-07 13:04:00,2022-12-07 12:56:00,2022-12-07 13:15:00,202212071256,5.868e-06,C5.8,GOES-16,6.301e-07,1.891e-03,3.689e-03,-28.0,15.0,SVI,-25.287445,13.614056,-405.90082,228.88174,GOES-16_XRS,1,8030,0,3157
2022-12-07 15:23:00,2022-12-07 15:16:00,2022-12-07 15:28:00,202212071516,1.153e-06,C1.1,GOES-16,6.514e-07,6.102e-04,7.713e-04,,,,-32.03302,12.559819,-506.05405,211.55841,GOES-16_XRS,1,8060,0,
2022-12-07 16:04:00,2022-12-07 15:59:00,2022-12-07 16:12:00,202212071559,9.337e-07,B9.3,GOES-16,6.328e-07,4.404e-04,7.282e-04,,,,,,,,,1,8070,0,
2022-12-07 16:34:00,2022-12-07 16:23:00,2022-12-07 16:45:00,202212071623,1.447e-06,C1.4,GOES-16,8.776e-07,1.078e-03,1.790e-03,,,,-20.715881,20.585087,-323.7666,342.79333,GOES-16_XRS,1,8080,0,
2022-12-07 17:59:00,2022-12-07 17:46:00,2022-12-07 18:03:00,202212071746,1.365e-06,C1.3,GOES-16,7.442e-07,1.054e-03,1.167e-03,,,,-21.821625,14.913947,-351.22726,250.78372,GOES-16_XRS,1,8100,0,
2022-12-07 19:04:00,2022-12-07 19:01:00,2022-12-07 19:06:00,202212071901,2.575e-06,C2.5,GOES-16,9.716e-07,6.859e-04,7.511e-04,,,,8.664689,-16.501953,141.27629,-278.64426,GOES-16_XRS,1,8130,0,
2022-12-07 23:16:00,2022-12-07 23:08:00,2022-12-07 23:26:00,202212072308,1.026e-06,C1.0,GOES-16,5.645e-07,5.633e-04,9.611e-04,,,,3.7309496,-8.468843,62.962597,-144.55656,GOES-16_XRS,1,8180,0,3153
2022-12-08 05:37:00,2022-12-08 05:30:00,2022-12-08 05:43:00,202212080530,7.417e-07,B7.4,GOES-16,5.184e-07,4.251e-04,5.764e-04,,,,,,,,,1,8210,0,
2022-12-08 06:03:00,2022-12-08 05:54:00,2022-12-08 06:11:00,202212080554,1.334e-06,C1.3,GOES-16,5.848e-07,6.805e-04,1.045e-03,-16.0,17.0,LEA,-11.907379,17.9299,-191.99797,301.20837,GOES-16_XRS,1,8220,0,3157
2022-12-08 07:41:00,2022-12-08 07:36:00,2022-12-08 07:48:00,202212080736,8.786e-07,B8.7,GOES-16,6.042e-07,4.118e-04,6.383e-04,,,,,,,,,1,8230,0,
2022-12-08 21:09:00,2022-12-08 20:52:00,2022-12-08 21:34:00,202212082052,1.454e-06,C1.4,GOES-16,6.124e-07,1.399e-03,3.083e-03,,,,19.74812,-14.493789,319.94513,-243.40714,GOES-16_XRS,1,8310,0,3153
2022-12-09 05:57:00,2022-12-09 05:42:00,,202212090542,1.398e-06,C1.3,GOES-16,6.896e-07,1.249e-03,,,,,-67.960205,-25.550516,-815.72406,-419.9266,GOES-16_XRS,1,8340,0,
2022-12-09 06:18:00,2022-12-09 06:14:00,2022-12-09 06:27:00,202212090614,1.259e-06,C1.2,GOES-16,1.040e-06,5.644e-04,1.059e-03,,,,-68.96744,-15.701531,-876.49384,-263.1774,GOES-16_XRS,2,8350,0,
2022-12-09 07:28:00,2022-12-09 07:21:00,2022-12-09 07:37:00,202212090721,1.317e-06,C1.3,GOES-16,9.566e-07,7.621e-04,1.256e-03,,,,,,-1021.0733,-266.91705,GOES-16_XRS,1,8360,0,3162
2022-12-09 09:21:00,2022-12-09 09:14:00,2022-12-09 09:27:00,202212090914,1.538e-06,C1.5,GOES-16,1.077e-06,8.744e-04,1.190e-03,,,,,,-956.3727,-211.17877,GOES-16_XRS,1,8370,0,3163
2022-12-09 10:48:00,2022-12-09 10:43:00,,202212091043,1.608e-06,C1.6,GOES-16,1.124e-06,7.397e-04,,,,,,,-973.4876,-214.80104,GOES-16_XRS,1,8390,0,3163
2022-12-09 11:07:00,2022-12-09 10:54:00,2022-12-09 11:17:00,202212091054,1.847e-06,C1.8,GOES-16,1.367e-06,1.643e-03,2.445e-03,,,,-85.863434,-19.564074,-915.56934,-326.0321,GOES-16_XRS,2,8410,0,3163
2022-12-09 11:34:00,2022-12-09 11:26:00,,202212091126,2.037e-06,C2.0,GOES-16,1.403e-06,1.249e-03,,,,,,,-1004.19,-311.4108,GOES-16_XRS,1,8470,0,3163
2022-12-09 12:20:00,2022-12-09 11:37:00,,202212091137,4.104e-06,C4.1,GOES-16,1.854e-06,8.295e-03,,,,,-25.79889,-16.546392,-407.96558,-276.00192,GOES-16_XRS,2,8460,0,3163
2022-12-09 12:40:00,2022-12-09 12:37:00,2022-12-09 12:42:00,202212091237,4.146e-06,C4.1,GOES-16,3.093e-06,1.489e-03,1.683e-03,,,,-16.785156,-2.9351246,-282.15182,-47.305294,GOES-16_XRS,3,8400,0,3157
2022-12-09 13:57:00,2022-12-09 13:47:00,,202212091347,3.884e-06,C3.8,GOES-16,1.558e-06,2.296e-03,,,,,-73.5571,-17.597069,-891.5022,-293.98932,GOES-16_XRS,1,8480,0,3163
2022-12-09 14:13:00,2022-12-09 13:59:00,2022-12-09 14:31:00,202212091359,6.050e-06,C6.0,GOES-16,3.811e-06,5.437e-03,1.059e-02,,,,-79.33493,-16.806751,-916.969,-281.29324,GOES-16_XRS,2,8430,0,3163
2022-12-09 16:32:00,2022-12-09 15:47:00,,202212091547,4.394e-06,C4.3,GOES-16,1.873e-06,9.538e-03,,,,,,,-939.372,-290.12906,GOES-16_XRS,1,8490,0,3163
2022-12-09 16:41:00,2022-12-09 16:35:00,2022-12-09 16:44:00,202212091635,4.518e-06,C4.5,GOES-16,4.347e-06,2.655e-03,2.915e-03,,,,,,-938.43585,-297.68738,GOES-16_XRS,2,8440,0,3163
2022-12-09 19:26:00,2022-12-09 19:17:00,2022-12-09 19:43:00,202212091917,1.752e-06,C1.7,GOES-16,1.200e-06,1.184e-03,2.614e-03,,,,-58.767914,-15.677905,-803.698,-262.04434,GOES-16_XRS,1,8500,0,3162
2022-12-09 21:50:00,2022-12-09 21:42:00,2022-12-09 22:00:00,202212092142,3.672e-06,C3.6,GOES-16,9.182e-07,1.668e-03,2.914e-03,,,,,,-912.86865,-356.2571,GOES-16_XRS,1,8510,0,3163
2022-12-09 22:42:00,2022-12-09 22:38:00,2022-12-09 22:44:00,202212092238,5.125e-06,C5.1,GOES-16,8.916e-07,8.714e-04,9.322e-04,,,,8.775012,12.792895,145.5546,220.33673,GOES-16_XRS,1,8520,0,3157
2022-12-10 06:15:00,2022-12-10 06:01:00,,202212100601,3.101e-06,C3.1,GOES-16,9.843e-07,2.263e-03,,,,,-77.33978,-20.061113,-893.52094,-333.4933,GOES-16_XRS,1,,0,
2022-12-10 06:32:00,2022-12-10 06:22:00,,202212100622,3.734e-06,C3.7,GOES-16,2.792e-06,2.843e-03,,,,,,,-912.5639,-342.44254,GOES-16_XRS,2,,0,
2022-12-10 06:49:00,2022-12-10 06:38:00,2022-12-10 06:56:00,202212100638,3.958e-06,C3.9,GOES-16,3.548e-06,3.426e-03,4.557e-03,,,,,,-932.62604,-354.5211,GOES-16_XRS,3,8570,0,3163
2022-12-10 08:02:00,2022-12-10 07:55:00,2022-12-10 08:10:00,202212100755,2.127e-06,C2.1,GOES-16,1.284e-06,1.112e-03,1.750e-03,,,,-54.592773,-16.408674,-763.53424,-273.26398,GOES-16_XRS,1,8580,0,3163
2022-12-10 09:57:00,2022-12-10 09:50:00,,202212100950,1.387e-06,C1.3,GOES-16,8.383e-07,7.291e-04,,,,,72.81552,23.556072,854.06476,391.05643,GOES-16_XRS,1,8600,0,3163
2022-12-10 10:26:00,2022-12-10 10:14:00,,202212101014,4.667e-06,C4.6,GOES-16,1.169e-06,2.793e-03,,,,,14.856183,21.350046,233.58286,360.5209,GOES-16_XRS,2,8590,0,3161
2022-12-10 10:44:00,2022-12-10 10:39:00,2022-12-10 10:52:00,202212101039,5.379e-06,C5.3,GOES-16,3.466e-06,2.573e-03,4.207e-03,,,,-36.55066,-9.089666,-574.92664,-150.54332,GOES-16_XRS,3,8610,0,3163
2022-12-10 16:11:00,2022-12-10 15:52:00,2022-12-10 16:36:00,202212101552,5.245e-06,C5.2,GOES-16,8.798e-07,4.717e-03,1.024e-02,-72.0,-21.0,HOL,-72.476135,-20.442335,-871.5046,-339.11917,GOES-16_XRS,1,8650,0,3163
2022-12-10 18:11:00,2022-12-10 18:04:00,2022-12-10 18:25:00,202212101804,1.709e-06,C1.7,GOES-16,8.084e-07,8.422e-04,1.852e-03,-70.0,-21.0,HOL,-68.812256,-20.245787,-853.4616,-335.70596,GOES-16_XRS,1,8690,0,3163
2022-12-10 20:46:00,2022-12-10 20:35:00,2022-12-10 20:54:00,202212102035,4.869e-06,C4.8,GOES-16,1.822e-06,2.874e-03,4.130e-03,27.0,25.0,HOL,21.282188,22.189272,328.69882,374.4051,GOES-16_XRS,1,8800,0,3161
2022-12-11 02:30:00,2022-12-11 02:22:00,2022-12-11 02:37:00,202212110222,1.129e-06,C1.1,GOES-16,8.096e-07,7.012e-04,9.974e-04,,,,-65.74756,-19.006721,-841.2461,-315.35025,GOES-16_XRS,1,8900,0,3163
2022-12-11 06:28:00,2022-12-11 06:12:00,,202212110612,1.695e-06,C1.6,GOES-16,9.360e-07,1.669e-03,,,,,-4.034729,3.0375056,-68.76644,58.56459,GOES-16_XRS,1,8930,0,
2022-12-11 06:38:00,2022-12-11 06:34:00,2022-12-11 06:43:00,202212110634,1.666e-06,C1.6,GOES-16,1.625e-06,7.923e-04,1.186e-03,,,,-20.459808,-10.354962,-336.41962,-169.63884,GOES-16_XRS,2,8940,0,3163
2022-12-11 11:40:00,2022-12-11 11:25:00,2022-12-11 11:42:00,202212111125,2.942e-06,C2.9,GOES-16,7.564e-07,1.866e-03,1.909e-03,60.0,-16.0,SVI,59.661304,-15.787943,810.87695,-262.14893,GOES-16_XRS,1,8970,0,3153
2022-12-11 14:39:00,2022-12-11 14:33:00,2022-12-11 14:46:00,202212111433,1.226e-06,C1.2,GOES-16,7.712e-07,6.288e-04,9.318e-04,-58.0,-19.0,HOL,-55.032043,-19.9251,-752.41943,-328.79932,GOES-16_XRS,1,9080,0,3163
2022-12-11 15:08:00,2022-12-11 14:59:00,2022-12-11 15:21:00,202212111459,1.210e-06,C1.2,GOES-16,7.216e-07,7.516e-04,1.412e-03,,,,-46.05475,-14.326518,-681.74536,-236.7627,GOES-16_XRS,1,9090,0,3163
2022-12-11 15:46:00,2022-12-11 15:43:00,2022-12-11 15:50:00,202212111543,1.238e-06,C1.2,GOES-16,8.105e-07,4.402e-04,5.545e-04,62.0,-13.0,HOL,58.110954,-15.845737,797.6122,-262.78003,GOES-16_XRS,1,9100,0,3153
2022-12-11 18:43:00,2022-12-11 18:33:00,2022-12-11 18:59:00,202212111833,1.780e-06,C1.7,GOES-16,7.223e-07,1.078e-03,2.249e-03,-50.0,-7.0,HOL,-37.723816,-7.0811157,-593.7035,-114.37899,GOES-16_XRS,1,9270,0,3166
2022-12-12 00:35:00,2022-12-12 00:06:00,,202212120006,3.465e-06,C3.4,GOES-16,7.393e-07,3.452e-03,,,,,58.3964,29.641867,722.6681,486.6276,GOES-16_XRS,1,9200,0,3156
2022-12-12 00:56:00,2022-12-12 00:53:00,2022-12-12 00:58:00,202212120053,3.232e-06,C3.2,GOES-16,2.442e-06,1.179e-03,1.315e-03,,,,57.57654,15.099672,795.86584,258.72955,GOES-16_XRS,2,9280,0,3153
2022-12-12 03:53:00,2022-12-12 03:47:00,2022-12-12 04:05:00,202212120347,1.734e-06,C1.7,GOES-16,1.018e-06,8.476e-04,1.751e-03,,,,60.772408,27.29952,757.0182,451.45654,GOES-16_XRS,1,9230,0,3156
2022-12-12 09:26:00,2022-12-12 09:21:00,2022-12-12 09:30:00,202212120921,2.116e-06,C2.1,GOES-16,8.573e-07,8.032e-04,9.756e-04,,,,57.338573,27.289448,730.53186,452.04865,GOES-16_XRS,1,9320,0,3156
2022-12-12 15:09:00,2022-12-12 14:57:00,2022-12-12 15:27:00,202212121457,3.097e-06,C3.0,GOES-16,8.456e-07,1.843e-03,4.056e-03,,,,-37.09323,-7.3026156,-585.0091,-116.621765,GOES-16_XRS,1,9480,0,3166
2022-12-12 19:40:00,2022-12-12 19:31:00,2022-12-12 19:44:00,202212121931,9.911e-07,B9.9,GOES-16,7.240e-07,6.838e-04,7.824e-04,,,,,,,,,1,9500,0,3153
2022-12-13 09:04:00,2022-12-13 09:00:00,2022-12-13 09:06:00,202212130900,1.799e-06,C1.7,GOES-16,9.772e-07,6.211e-04,6.886e-04,72.0,-15.0,LEA,59.020798,-16.459232,802.9981,-271.10455,GOES-16_XRS,1,9720,0,3153
2022-12-13 19:55:00,2022-12-13 19:47:00,2022-12-13 20:03:00,202212131947,1.990e-06,C1.9,GOES-16,1.371e-06,1.297e-03,1.927e-03,79.0,-16.0,HOL,,,1249.1993,-284.48273,GOES-16_XRS,1,9850,0,3153
2022-12-13 23:25:00,2022-12-13 23:12:00,2022-12-13 23:32:00,202212132312,3.004e-06,C3.0,GOES-16,9.687e-07,1.892e-03,2.515e-03,79.0,-14.0,LEA,81.31923,-15.804713,927.462,-263.71756,GOES-16_XRS,1,9900,0,3153
2022-12-14 00:32:00,2022-12-14 00:23:00,2022-12-14 00:43:00,202212140023,1.353e-06,C1.3,GOES-16,8.407e-07,8.915e-04,1.514e-03,,,,,,979.24384,-415.25177,GOES-16_XRS,1,9930,0,3153
2022-12-14 03:32:00,2022-12-14 03:23:00,2022-12-14 03:43:00,202212140323,2.579e-06,C2.5,GOES-16,1.679e-06,1.687e-03,2.900e-03,,,,,,991.06696,-241.03738,GOES-16_XRS,1,9980,0,3153
2022-12-14 04:11:00,2022-12-14 04:02:00,2022-12-14 04:19:00,202212140402,5.972e-06,C5.9,GOES-16,1.345e-06,3.201e-03,4.670e-03,,,,86.2538,-15.217275,938.5266,-254.99776,GOES-16_XRS,1,10,0,3153
2022-12-14 04:39:00,2022-12-14 04:35:00,2022-12-14 04:45:00,202212140435,2.263e-06,C2.2,GOES-16,1.588e-06,9.780e-04,1.445e-03,39.0,-20.0,LEA,39.587147,-20.080698,585.2113,-326.19626,GOES-16_XRS,1,20,0,3165
2022-12-14 05:49:00,2022-12-14 05:37:00,2022-12-14 06:16:00,202212140537,3.430e-06,C3.4,GOES-16,1.066e-06,2.459e-03,6.568e-03,39.0,-20.0,LEA,36.086075,-18.456514,546.40045,-299.45474,GOES-16_XRS,1,60,0,3165
2022-12-14 07:27:00,2022-12-14 07:10:00,,202212140710,6.240e-06,C6.2,GOES-16,1.441e-06,4.581e-03,,39.0,-20.0,LEA,40.44543,-19.973911,596.13464,-324.40424,GOES-16_XRS,1,90,0,3165
2022-12-14 07:40:00,2022-12-14 07:30:00,2022-12-14 07:46:00,202212140730,2.458e-05,M2.4,GOES-16,6.132e-06,1.339e-02,1.707e-02,39.0,-20.0,LEA,38.494095,-20.968433,568.3251,-340.1053,GOES-16_XRS,2,90,0,3165
2022-12-14 08:31:00,2022-12-14 08:24:00,2022-12-14 08:36:00,202212140824,1.180e-05,M1.1,GOES-16,4.758e-06,6.120e-03,7.594e-03,39.0,-20.0,LEA,,,955.43134,-258.82327,GOES-16_XRS,1,120,0,3153
2022-12-14 09:27:00,2022-12-14 09:20:00,2022-12-14 09:34:00,202212140920,1.392e-05,M1.3,GOES-16,2.715e-06,6.115e-03,8.707e-03,,,,39.917236,-20.863388,586.27405,-338.4833,GOES-16_XRS,1,130,0,3165
2022-12-14 10:34:00,2022-12-14 10:24:00,2022-12-14 10:39:00,202212141024,5.268e-06,C5.2,GOES-16,3.033e-06,3.577e-03,4.306e-03,,,,48.385056,-18.170559,694.2662,-296.15393,GOES-16_XRS,1,140,0,3165
2022-12-14 11:59:00,2022-12-14 11:45:00,2022-12-14 12:16:00,202212141145,1.176e-05,M1.1,GOES-16,2.031e-06,7.609e-03,1.507e-02,,,,40.07631,-20.961117,587.83453,-339.90488,GOES-16_XRS,1,160,0,3165
2022-12-14 12:31:00,2022-12-14 12:24:00,2022-12-14 12:37:00,202212141224,4.116e-05,M4.1,GOES-16,5.657e-06,1.492e-02,2.047e-02,,,,40.192642,-21.979292,585.1325,-356.11417,GOES-16_XRS,1,170,0,3165
2022-12-14 14:42:00,2022-12-14 14:31:00,2022-12-14 14:48:00,202212141431,6.357e-05,M6.3,GOES-16,1.864e-06,2.351e-02,3.145e-02,49.0,-20.0,HOL,41.308483,-22.241373,597.36633,-360.28027,GOES-16_XRS,1,200,0,3165
2022-12-14 14:59:00,2022-12-14 14:54:00,2022-12-14 15:03:00,202212141454,3.239e-05,M3.2,GOES-16,2.209e-05,1.508e-02,1.819e-02,,,,42.5359,-22.04464,612.61066,-357.30527,GOES-16_XRS,1,210,0,3165
2022-12-14 16:09:00,2022-12-14 16:04:00,2022-12-14 16:15:00,202212141604,3.790e-06,C3.7,GOES-16,2.718e-06,1.859e-03,2.637e-03,,,,,,-1337.7888,-155.37483,GOES-16_XRS,1,220,0,3168
2022-12-14 17:12:00,2022-12-14 17:03:00,2022-12-14 17:22:00,202212141703,2.216e-05,M2.2,GOES-16,2.512e-06,9.222e-03,1.600e-02,,,,44.887753,-21.372036,642.4251,-346.8008,GOES-16_XRS,1,230,0,3165
2022-12-14 19:11:00,2022-12-14 19:03:00,2022-12-14 19:15:00,202212141903,3.854e-06,C3.8,GOES-16,2.528e-06,2.272e-03,2.642e-03,,,,55.296,-20.530834,752.1433,-334.90637,GOES-16_XRS,1,260,0,3165
2022-12-14 19:33:00,2022-12-14 19:27:00,,202212141927,6.411e-06,C6.4,GOES-16,2.881e-06,2.746e-03,,-21.0,-18.0,HOL,46.64035,-20.790493,664.3939,-337.63562,GOES-16_XRS,1,270,0,3165
2022-12-14 19:43:00,2022-12-14 19:38:00,2022-12-14 19:46:00,202212141938,6.169e-06,C6.1,GOES-16,5.183e-06,3.079e-03,3.395e-03,,,,43.130085,-19.673582,629.3732,-319.16217,GOES-16_XRS,2,,0,
2022-12-14 20:50:00,2022-12-14 20:31:00,,202212142031,1.335e-05,M1.3,GOES-16,2.966e-06,1.010e-02,,,,,43.10676,-21.002077,623.70306,-340.4198,GOES-16_XRS,1,,0,
2022-12-14 20:58:00,2022-12-14 20:52:00,2022-12-14 21:01:00,202212142052,2.262e-05,M2.2,GOES-16,1.200e-05,1.015e-02,1.102e-02,,,,43.390514,-21.980467,622.77216,-356.04333,GOES-16_XRS,2,290,0,3165
2022-12-14 21:39:00,2022-12-14 21:33:00,,202212142133,1.325e-05,M1.3,GOES-16,4.593e-06,5.504e-03,,-12.0,-22.0,LEA,48.508957,-21.555952,680.8891,-350.02505,GOES-16_XRS,1,300,0,3165
2022-12-14 21:53:00,2022-12-14 21:45:00,,202212142145,1.964e-05,M1.9,GOES-16,1.113e-05,1.179e-02,,,,,48.208996,-20.510597,682.52435,-333.26578,GOES-16_XRS,2,440,0,3165
2022-12-14 22:06:00,2022-12-14 21:57:00,2022-12-14 22:16:00,202212142157,4.541e-05,M4.5,GOES-16,1.595e-05,2.613e-02,4.297e-02,,,,46.548267,-22.149727,657.2163,-359.13013,GOES-16_XRS,3,450,0,3165
2022-12-14 23:45:00,2022-12-14 23:41:00,2022-12-14 23:49:00,202212142341,7.372e-06,C7.3,GOES-16,3.465e-06,2.599e-03,3.215e-03,,,,45.819828,-24.692633,636.8773,-398.88608,GOES-16_XRS,1,340,0,3165
2022-12-15 00:53:00,2022-12-15 00:42:00,2022-12-15 01:05:00,202212150042,6.384e-06,C6.3,GOES-16,2.607e-06,4.761e-03,7.708e-03,,,,47.19918,-21.064962,669.24457,-341.80774,GOES-16_XRS,1,360,0,3165
2022-12-15 01:37:00,2022-12-15 01:24:00,2022-12-15 01:48:00,202212150124,1.624e-05,M1.6,GOES-16,4.656e-06,9.374e-03,1.625e-02,,,,50.567226,-21.691782,701.3444,-352.30734,GOES-16_XRS,1,390,0,3165
2022-12-15 02:51:00,2022-12-15 02:43:00,,202212150243,3.909e-06,C3.9,GOES-16,2.719e-06,2.481e-03,,,,,56.460827,-20.766619,761.3598,-338.5287,GOES-16_XRS,1,410,0,3165
2022-12-15 03:07:00,2022-12-15 03:03:00,2022-12-15 03:13:00,202212150303,4.226e-06,C4.2,GOES-16,3.308e-06,1.901e-03,2.815e-03,-10.0,-22.0,LEA,0.8805455,-17.712078,14.330885,-283.34787,GOES-16_XRS,2,430,0,3163
2022-12-15 04:43:00,2022-12-15 04:25:00,,202212150425,4.528e-06,C4.5,GOES-16,2.502e-06,4.762e-03,,,,,56.471687,-22.79564,750.73627,-370.66415,GOES-16_XRS,1,420,0,3165
2022-12-15 05:20:00,2022-12-15 04:55:00,2022-12-15 05:39:00,202212150455,7.639e-06,C7.6,GOES-16,3.723e-06,9.987e-03,1.684e-02,,,,46.320267,-19.123549,667.9574,-310.20056,GOES-16_XRS,2,490,0,3165
2022-12-15 07:07:00,2022-12-15 06:55:00,2022-12-15 07:21:00,202212150655,2.395e-05,M2.3,GOES-16,2.373e-06,1.324e-02,2.442e-02,,,,50.99644,-22.193441,703.1522,-360.05722,GOES-16_XRS,1,470,0,3165
2022-12-15 07:58:00,2022-12-15 07:54:00,,202212150754,1.001e-05,M1.0,GOES-16,5.927e-06,3.847e-03,,,,,49.33314,-19.710768,697.9127,-320.04382,GOES-16_XRS,1,500,0,3165
2022-12-15 08:10:00,2022-12-15 08:02:00,2022-12-15 08:13:00,202212150802,9.223e-06,C9.2,GOES-16,8.080e-06,6.274e-03,6.778e-03,,,,49.911415,-23.318153,686.59796,-377.5716,GOES-16_XRS,2,530,0,3165
2022-12-15 10:16:00,2022-12-15 09:55:00,,202212150955,1.527e-05,M1.5,GOES-16,3.281e-06,1.391e-02,,,,,55.302876,-17.975773,764.09094,-292.94836,GOES-16_XRS,1,,0,
2022-12-15 10:30:00,2022-12-15 10:23:00,2022-12-15 10:36:00,202212151023,1.639e-05,M1.6,GOES-16,1.312e-05,9.938e-03,1.343e-02,,,,55.44819,-15.950735,773.74054,-259.8563,GOES-16_XRS,2,620,0,3165
2022-12-15 12:06:00,2022-12-15 11:57:00,2022-12-15 12:12:00,202212151157,6.018e-06,C6.0,GOES-16,4.152e-06,4.057e-03,5.284e-03,,,,49.660572,-20.640547,697.1453,-334.81427,GOES-16_XRS,1,680,0,3165
2022-12-15 13:17:00,2022-12-15 13:08:00,2022-12-15 13:32:00,202212151308,8.296e-06,C8.2,GOES-16,4.200e-06,5.357e-03,1.089e-02,,,,74.47294,-23.974316,858.98254,-392.4755,GOES-16_XRS,1,700,0,3165
2022-12-15 14:15:00,2022-12-15 13:59:00,,202212151359,9.191e-06,C9.1,GOES-16,4.041e-06,8.295e-03,,56.0,-20.0,HOL,65.107765,-21.414043,824.53046,-350.1102,GOES-16_XRS,1,720,0,3165
2022-12-15 14:23:00,2022-12-15 14:18:00,2022-12-15 14:28:00,202212151418,9.540e-06,C9.5,GOES-16,8.679e-06,4.974e-03,6.596e-03,,,,63.581425,-20.124233,821.1266,-329.17935,GOES-16_XRS,2,730,0,3165
2022-12-15 15:50:00,2022-12-15 15:38:00,2022-12-15 15:55:00,202212151538,8.054e-06,C8.0,GOES-16,4.159e-06,5.733e-03,6.820e-03,-5.0,-21.0,HOL,-16.236603,-21.42828,-254.73631,-342.93246,GOES-16_XRS,1,740,0,3163
2022-12-15 16:10:00,2022-12-15 15:58:00,2022-12-15 16:18:00,202212151558,1.034e-05,M1.0,GOES-16,5.736e-06,7.873e-03,1.092e-02,,,,-49.984802,18.362394,-710.40875,317.8019,GOES-16_XRS,1,750,0,
2022-12-15 16:44:00,2022-12-15 16:35:00,,202212151635,1.119e-05,M1.1,GOES-16,4.284e-06,6.776e-03,,,,,58.976616,-22.284714,774.53973,-362.5498,GOES-16_XRS,1,760,0,3165
2022-12-15 16:56:00,2022-12-15 16:47:00,2022-12-15 17:11:00,202212151647,2.073e-05,M2.0,GOES-16,1.081e-05,1.286e-02,2.663e-02,,,,49.537563,-22.703188,685.9796,-367.35016,GOES-16_XRS,2,760,0,3165
2022-12-15 21:07:00,2022-12-15 21:00:00,2022-12-15 21:24:00,202212152100,6.497e-06,C6.4,GOES-16,4.668e-06,3.723e-03,9.129e-03,-5.0,-21.0,HOL,23.37011,-20.358028,363.9248,-325.93607,GOES-16_XRS,1,800,0,3163
2022-12-15 22:03:00,2022-12-15 21:53:00,,202212152153,5.317e-06,C5.3,GOES-16,3.089e-06,3.778e-03,,,,,54.742535,-20.3735,747.952,-330.99814,GOES-16_XRS,1,820,0,3165
2022-12-15 22:18:00,2022-12-15 22:12:00,,202212152212,6.750e-06,C6.7,GOES-16,4.617e-06,3.670e-03,,,,,55.79907,-19.811947,760.2511,-322.18243,GOES-16_XRS,2,830,0,3165
2022-12-15 22:40:00,2022-12-15 22:20:00,2022-12-15 22:56:00,202212152220,5.745e-05,M5.7,GOES-16,6.555e-06,4.810e-02,8.211e-02,,,,59.788692,-21.771896,783.8799,-354.34174,GOES-16_XRS,3,840,0,3165
2022-12-16 02:01:00,2022-12-16 01:30:00,2022-12-16 02:29:00,202212160130,3.552e-05,M3.5,GOES-16,3.518e-06,4.270e-02,8.109e-02,,,,61.85205,-19.25171,813.0015,-314.31604,GOES-16_XRS,1,930,0,3165
2022-12-16 03:30:00,2022-12-16 03:26:00,2022-12-16 03:33:00,202212160326,5.102e-06,C5.1,GOES-16,3.511e-06,2.071e-03,2.299e-03,,,,61.269135,-25.082489,775.6381,-406.40625,GOES-16_XRS,1,,0,
2022-12-16 03:53:00,2022-12-16 03:46:00,2022-12-16 03:59:00,202212160346,4.349e-06,C4.3,GOES-16,2.750e-06,2.441e-03,3.299e-03,,,,64.55738,-21.812756,818.62915,-355.84558,GOES-16_XRS,1,,0,
2022-12-16 04:11:00,2022-12-16 04:03:00,2022-12-16 04:16:00,202212160403,4.743e-06,C4.7,GOES-16,3.215e-06,2.889e-03,3.605e-03,,,,,,-1005.81146,377.37967,GOES-16_XRS,1,,0,
2022-12-16 04:59:00,2022-12-16 04:42:00,2022-12-16 05:11:00,202212160442,1.240e-05,M1.2,GOES-16,2.242e-06,8.421e-03,1.372e-02,,,,-37.6568,3.1007948,-596.76526,66.734726,GOES-16_XRS,1,,0,
2022-12-16 05:48:00,2022-12-16 05:35:00,2022-12-16 06:01:00,202212160535,1.383e-05,M1.3,GOES-16,5.746e-06,1.088e-02,1.840e-02,,,,63.610382,-21.549652,813.62634,-351.38095,GOES-16_XRS,1,,0,
2022-12-16 06:42:00,2022-12-16 06:30:00,2022-12-16 06:53:00,202212160630,1.236e-05,M1.2,GOES-16,4.823e-06,8.554e-03,1.361e-02,39.0,-20.0,LEA,64.965805,-21.659895,822.24585,-353.41556,GOES-16_XRS,1,960,0,3165
2022-12-16 07:19:00,2022-12-16 07:15:00,2022-12-16 07:22:00,202212160715,5.158e-06,C5.1,GOES-16,3.729e-06,2.169e-03,2.420e-03,39.0,-20.0,LEA,61.53555,-22.526688,793.0907,-366.3313,GOES-16_XRS,1,970,0,3165
2022-12-16 07:38:00,2022-12-16 07:26:00,2022-12-16 07:46:00,202212160726,1.673e-05,M1.6,GOES-16,3.880e-06,9.716e-03,1.372e-02,,,,62.420876,-21.63427,804.6705,-352.38303,GOES-16_XRS,1,980,0,
2022-12-16 09:05:00,2022-12-16 08:55:00,2022-12-16 09:10:00,202212160855,1.569e-05,M1.5,GOES-16,2.669e-06,7.219e-03,8.820e-03,39.0,-20.0,LEA,66.97676,-20.407497,842.1646,-333.84848,GOES-16_XRS,1,1020,0,3165
2022-12-16 09:43:00,2022-12-16 09:33:00,2022-12-16 09:49:00,202212160933,1.168e-05,M1.1,GOES-16,7.829e-06,8.253e-03,1.059e-02,1.0,-22.0,LEA,,,922.12177,-356.2655,GOES-16_XRS,1,1040,0,3163
2022-12-16 10:19:00,2022-12-16 10:02:00,2022-12-16 10:33:00,202212161002,4.021e-05,M4.0,GOES-16,6.023e-06,2.202e-02,4.313e-02,,,,64.12047,-21.581852,816.99176,-351.84866,GOES-16_XRS,1,1050,0,
2022-12-16 11:40:00,2022-12-16 11:36:00,2022-12-16 11:46:00,202212161136,8.595e-06,C8.5,GOES-16,6.141e-06,3.692e-03,5.460e-03,,,,60.70701,-21.838207,790.71924,-355.0681,GOES-16_XRS,1,1060,0,
2022-12-16 13:29:00,2022-12-16 13:23:00,2022-12-16 13:34:00,202212161323,4.802e-06,C4.8,GOES-16,2.885e-06,2.387e-03,3.072e-03,71.0,-22.0,SVI,67.172134,-19.72328,847.0749,-322.77872,GOES-16_XRS,1,1070,0,3165
2022-12-16 13:53:00,2022-12-16 13:47:00,2022-12-16 13:59:00,202212161347,5.903e-06,C5.9,GOES-16,2.371e-06,2.837e-03,3.860e-03,,,,76.36884,-22.088211,878.59296,-362.83264,GOES-16_XRS,1,1080,0,
2022-12-16 14:40:00,2022-12-16 14:24:00,2022-12-16 15:03:00,202212161424,2.457e-05,M2.4,GOES-16,2.104e-06,1.466e-02,3.706e-02,,,,69.29272,-21.879704,847.34033,-357.70135,GOES-16_XRS,1,1100,0,3165
2022-12-16 15:40:00,2022-12-16 15:34:00,2022-12-16 15:44:00,202212161534,1.264e-05,M1.2,GOES-16,7.112e-06,6.270e-03,7.361e-03,,,,64.40492,-21.718836,818.172,-353.90244,GOES-16_XRS,1,1110,0,3165
2022-12-16 18:11:00,2022-12-16 18:00:00,2022-12-16 18:25:00,202212161800,4.320e-06,C4.3,GOES-16,2.673e-06,3.203e-03,5.938e-03,78.0,-20.0,HOL,75.05469,-21.86036,874.97906,-358.79828,GOES-16_XRS,1,1150,0,3165
2022-12-16 19:11:00,2022-12-16 19:02:00,2022-12-16 19:17:00,202212161902,9.104e-06,C9.1,GOES-16,2.654e-06,5.044e-03,6.466e-03,77.0,-21.0,HOL,66.18138,-19.577454,841.62634,-319.99152,GOES-16_XRS,1,1180,0,3165
2022-12-16 20:07:00,2022-12-16 19:59:00,2022-12-16 20:14:00,202212161959,3.750e-06,C3.7,GOES-16,2.248e-06,2.235e-03,3.170e-03,,,,33.147125,-13.66365,519.858,-215.73831,GOES-16_XRS,1,1210,0,3165
2022-12-16 21:04:00,2022-12-16 20:50:00,2022-12-16 21:16:00,202212162050,8.975e-06,C8.9,GOES-16,1.966e-06,5.535e-03,9.329e-03,,,,66.39625,-20.514395,837.9839,-335.0205,GOES-16_XRS,1,1220,0,3165
2022-12-16 22:24:00,2022-12-16 22:10:00,2022-12-16 22:35:00,202212162210,4.953e-06,C4.9,GOES-16,2.190e-06,4.182e-03,6.305e-03,85.0,-21.0,HOL,,,977.72955,-379.56314,GOES-16_XRS,1,1250,0,3165
2022-12-16 23:16:00,2022-12-16 23:07:00,2022-12-16 23:27:00,202212162307,5.445e-06,C5.4,GOES-16,3.302e-06,3.385e-03,5.945e-03,,,,84.36282,-21.182312,904.8335,-350.5278,GOES-16_XRS,1,1280,0,3165
2022-12-16 23:39:00,2022-12-16 23:31:00,,202212162331,7.943e-06,C7.9,GOES-16,3.840e-06,4.499e-03,,,,,65.220955,-19.047415,838.0685,-311.04086,GOES-16_XRS,1,1290,0,3165
2022-12-16 23:48:00,2022-12-16 23:44:00,2022-12-16 23:54:00,202212162344,7.330e-06,C7.3,GOES-16,6.430e-06,3.360e-03,4.989e-03,,,,60.756886,-18.16725,809.8512,-295.61395,GOES-16_XRS,2,,0,
2022-12-17 01:08:00,2022-12-17 00:51:00,2022-12-17 01:12:00,202212170051,8.786e-06,C8.7,GOES-16,2.343e-06,6.542e-03,7.126e-03,39.0,-20.0,LEA,68.03528,-20.41482,848.5791,-333.72913,GOES-16_XRS,1,1300,0,3165
2022-12-17 02:26:00,2022-12-17 02:20:00,2022-12-17 02:28:00,202212170220,3.220e-06,C3.2,GOES-16,2.176e-06,1.552e-03,1.691e-03,,,,,,890.2403,-414.30627,GOES-16_XRS,1,1320,0,3165
2022-12-17 04:34:00,2022-12-17 04:26:00,2022-12-17 04:38:00,202212170426,2.557e-06,C2.5,GOES-16,1.407e-06,1.371e-03,1.597e-03,,,,-7.072693,-0.7349459,-120.566986,6.9322457,GOES-16_XRS,1,1330,0,3169
2022-12-17 05:28:00,2022-12-17 05:19:00,,202212170519,2.191e-06,C2.1,GOES-16,1.526e-06,1.528e-03,,50.0,24.0,LEA,,,-907.0595,449.70398,GOES-16_XRS,1,1340,0,3160
2022-12-17 05:53:00,2022-12-17 05:36:00,2022-12-17 05:58:00,202212170536,2.803e-06,C2.8,GOES-16,2.009e-06,2.955e-03,3.386e-03,,,,-30.504639,23.505476,-455.38736,405.69952,GOES-16_XRS,2,1460,0,3169
2022-12-17 08:54:00,2022-12-17 08:47:00,2022-12-17 08:57:00,202212170847,3.012e-06,C3.0,GOES-16,1.877e-06,1.528e-03,1.650e-03,18.0,-9.0,LEA,32.153748,-1.4215848,520.65027,-7.329393,GOES-16_XRS,1,1380,0,3166
2022-12-17 15:54:00,2022-12-17 15:42:00,,202212171542,2.019e-06,C2.0,GOES-16,1.124e-06,1.537e-03,,,,,35.134365,8.160498,557.39136,155.5705,GOES-16_XRS,1,1430,0,3162
2022-12-17 16:04:00,2022-12-17 16:00:00,2022-12-17 16:08:00,202212171600,1.887e-06,C1.8,GOES-16,1.766e-06,8.778e-04,1.096e-03,,,,-18.778473,13.745786,-306.10916,251.57297,GOES-16_XRS,2,1470,0,3169
2022-12-17 17:36:00,2022-12-17 17:29:00,2022-12-17 17:42:00,202212171729,5.075e-06,C5.0,GOES-16,1.434e-06,2.416e-03,3.215e-03,,,,-82.63019,-20.420765,-906.46643,-337.72638,GOES-16_XRS,1,1510,0,3170
2022-12-17 19:53:00,2022-12-17 19:39:00,2022-12-17 20:00:00,202212171939,1.091e-05,M1.0,GOES-16,1.175e-06,6.233e-03,8.226e-03,-72.0,19.0,HOL,-67.42566,18.205103,-856.44434,312.61316,GOES-16_XRS,1,1560,0,3169
2022-12-17 22:20:00,2022-12-17 21:58:00,2022-12-17 22:46:00,202212172158,3.282e-06,C3.2,GOES-16,1.442e-06,3.645e-03,7.481e-03,27.0,-22.0,LEA,28.640112,5.450342,467.0111,111.49615,GOES-16_XRS,1,1610,0,3167
2022-12-18 01:22:00,2022-12-18 01:13:00,2022-12-18 01:34:00,202212180113,5.467e-06,C5.4,GOES-16,1.590e-06,2.572e-03,4.936e-03,,,,-82.71826,19.549986,-911.6278,328.83118,GOES-16_XRS,1,1680,0,3169
2022-12-18 04:53:00,2022-12-18 04:42:00,2022-12-18 05:05:00,202212180442,3.040e-06,C3.0,GOES-16,1.540e-06,2.008e-03,3.452e-03,,,,,,-983.76807,366.2592,GOES-16_XRS,1,1710,0,3169
2022-12-18 09:43:00,2022-12-18 09:34:00,2022-12-18 09:48:00,202212180934,2.418e-06,C2.4,GOES-16,1.266e-06,1.398e-03,1.727e-03,-65.0,20.0,SVI,-64.2991,20.242496,-825.6488,346.8518,GOES-16_XRS,1,1750,0,3169
2022-12-18 10:10:00,2022-12-18 09:59:00,2022-12-18 10:15:00,202212180959,5.820e-06,C5.8,GOES-16,1.319e-06,3.395e-03,4.024e-03,57.0,-14.0,LEA,54.791073,-11.189953,783.416,-177.03433,GOES-16_XRS,1,1760,0,3162
2022-12-18 13:16:00,2022-12-18 13:11:00,2022-12-18 13:18:00,202212181311,2.384e-06,C2.3,GOES-16,1.658e-06,1.071e-03,1.182e-03,,,,,,-1011.06396,515.4648,GOES-16_XRS,1,1800,0,3169
2022-12-18 14:14:00,2022-12-18 14:06:00,2022-12-18 14:18:00,202212181406,4.735e-06,C4.7,GOES-16,1.463e-06,1.906e-03,2.258e-03,,,,-76.585724,21.672565,-882.02997,365.11707,GOES-16_XRS,1,1820,0,3169
2022-12-18 16:45:00,2022-12-18 16:40:00,2022-12-18 16:47:00,202212181640,3.853e-06,C3.8,GOES-16,1.961e-06,1.550e-03,1.713e-03,,,,,,-927.51166,434.79492,GOES-16_XRS,1,1870,0,3169
2022-12-18 20:02:00,2022-12-18 19:53:00,2022-12-18 20:14:00,202212181953,3.278e-06,C3.2,GOES-16,1.546e-06,2.038e-03,3.633e-03,,,,69.47696,-12.635209,892.29315,-205.60971,GOES-16_XRS,1,1890,0,3162
2022-12-18 23:13:00,2022-12-18 23:06:00,2022-12-18 23:15:00,202212182306,2.012e-06,C2.0,GOES-16,1.358e-06,9.989e-04,1.076e-03,,,,,,-902.55884,515.6366,GOES-16_XRS,1,1910,0,3170
2022-12-19 02:23:00,2022-12-19 02:14:00,2022-12-19 02:25:00,202212190214,2.515e-06,C2.5,GOES-16,1.459e-06,1.411e-03,1.507e-03,,,,-6.6004333,20.690866,-105.28286,367.9196,GOES-16_XRS,1,1960,0,3162
2022-12-19 03:43:00,2022-12-19 03:32:00,2022-12-19 03:53:00,202212190332,2.564e-06,C2.5,GOES-16,1.336e-06,1.830e-03,2.859e-03,,,,-52.744568,-15.998269,-747.9427,-255.46458,GOES-16_XRS,1,2010,0,
2022-12-19 06:02:00,2022-12-19 05:56:00,2022-12-19 06:05:00,202212190556,2.646e-06,C2.6,GOES-16,1.691e-06,1.239e-03,1.359e-03,,,,-38.10681,13.647226,-586.72253,249.17169,GOES-16_XRS,1,2030,0,3171
2022-12-19 06:29:00,2022-12-19 06:22:00,2022-12-19 06:36:00,202212190622,2.196e-06,C2.1,GOES-16,1.607e-06,1.275e-03,1.858e-03,57.0,-14.0,LEA,,,979.6079,-166.47986,GOES-16_XRS,1,2040,0,3162
2022-12-19 09:03:00,2022-12-19 08:49:00,2022-12-19 09:13:00,202212190849,2.099e-06,C2.0,GOES-16,1.294e-06,1.932e-03,2.793e-03,45.0,-19.0,SVI,49.610443,10.914497,731.2518,200.5558,GOES-16_XRS,1,2080,0,3163
2022-12-19 10:41:00,2022-12-19 10:30:00,2022-12-19 10:50:00,202212191030,4.597e-06,C4.5,GOES-16,2.983e-06,3.502e-03,5.172e-03,,,,-30.344513,18.887224,-467.76596,336.67932,GOES-16_XRS,1,2100,0,3169
2022-12-19 11:53:00,2022-12-19 11:36:00,2022-12-19 12:06:00,202212191136,7.382e-06,C7.3,GOES-16,3.730e-06,7.338e-03,1.141e-02,72.0,20.0,SVI,,,1068.3754,308.5612,GOES-16_XRS,1,2120,0,3167
2022-12-19 13:49:00,2022-12-19 13:44:00,2022-12-19 13:55:00,202212191344,4.025e-06,C4.0,GOES-16,2.904e-06,1.947e-03,2.768e-03,,,,,,-941.8181,423.12457,GOES-16_XRS,1,2140,0,3169
2022-12-19 14:29:00,2022-12-19 14:17:00,2022-12-19 14:39:00,202212191417,8.027e-06,C8.0,GOES-16,3.212e-06,5.232e-03,8.175e-03,,,,-68.693756,22.566845,-839.98663,382.88425,GOES-16_XRS,1,2150,0,3169
2022-12-19 18:48:00,2022-12-19 18:35:00,2022-12-19 19:03:00,202212191835,3.800e-06,C3.8,GOES-16,2.024e-06,3.054e-03,5.674e-03,,,,58.66768,-23.069773,767.8878,-370.71475,GOES-16_XRS,1,2180,0,3163
2022-12-19 20:58:00,2022-12-19 20:51:00,2022-12-19 21:00:00,202212192051,4.269e-06,C4.2,GOES-16,2.253e-06,2.013e-03,2.165e-03,,,,-59.841522,23.290323,-775.89124,397.86118,GOES-16_XRS,1,2200,0,3169
2022-12-19 22:27:00,2022-12-19 22:07:00,2022-12-19 22:51:00,202212192207,3.899e-06,C3.8,GOES-16,2.268e-06,4.822e-03,9.232e-03,,,,,,1194.3037,283.86575,GOES-16_XRS,1,2210,0,3167
2022-12-19 23:38:00,2022-12-19 23:18:00,,202212192318,5.007e-06,C5.0,GOES-16,2.167e-06,5.371e-03,,,,,-62.671967,20.642002,-812.09924,355.24307,GOES-16_XRS,1,,0,
2022-12-20 00:04:00,2022-12-19 23:46:00,2022-12-20 00:13:00,202212192346,6.803e-06,C6.8,GOES-16,4.733e-06,7.762e-03,1.025e-02,,,,-70.37393,21.35306,-856.4501,363.3765,GOES-16_XRS,2,2220,0,3169
2022-12-20 04:03:00,2022-12-20 03:46:00,2022-12-20 04:18:00,202212200346,2.388e-06,C2.3,GOES-16,1.286e-06,2.382e-03,4.264e-03,31.0,-20.0,LEA,-16.261047,11.508643,-268.68793,219.82529,GOES-16_XRS,1,2240,0,3169
2022-12-20 05:45:00,2022-12-20 05:21:00,,202212200521,6.689e-06,C6.6,GOES-16,1.475e-06,7.253e-03,,,,,-52.633698,23.108063,-714.5141,398.0834,GOES-16_XRS,1,2250,0,3169
2022-12-20 06:09:00,2022-12-20 06:03:00,2022-12-20 06:11:00,202212200603,5.098e-06,C5.0,GOES-16,4.922e-06,3.001e-03,3.281e-03,,,,-55.235107,25.157028,-726.65533,428.79922,GOES-16_XRS,2,2300,0,3169
2022-12-20 07:49:00,2022-12-20 07:40:00,2022-12-20 07:54:00,202212200740,2.581e-06,C2.5,GOES-16,1.212e-06,1.462e-03,1.802e-03,,,,-45.328705,21.590279,-646.63855,376.93738,GOES-16_XRS,1,2260,0,3169
2022-12-20 08:53:00,2022-12-20 08:42:00,2022-12-20 09:05:00,202212200842,8.202e-06,C8.2,GOES-16,1.805e-06,3.941e-03,7.679e-03,-49.0,-19.0,LEA,-47.222534,-18.43654,-680.9623,-292.11237,GOES-16_XRS,1,2280,0,3170
2022-12-20 13:56:00,2022-12-20 13:51:00,,202212201351,6.564e-06,C6.5,GOES-16,1.184e-06,2.318e-03,,,,,-47.82965,21.68047,-673.4126,377.868,GOES-16_XRS,1,,0,
2022-12-20 14:06:00,2022-12-20 13:59:00,2022-12-20 14:13:00,202212201359,1.153e-05,M1.1,GOES-16,5.667e-06,5.785e-03,8.374e-03,-45.0,20.0,SVI,-46.574646,21.33335,-661.52106,372.8408,GOES-16_XRS,2,2360,0,3169
2022-12-20 20:01:00,2022-12-20 19:53:00,2022-12-20 20:06:00,202212201953,1.401e-06,C1.4,GOES-16,9.511e-07,8.730e-04,1.084e-03,,,,-35.752106,11.019387,-561.2414,208.86633,GOES-16_XRS,1,2580,0,3169
2022-12-20 20:19:00,2022-12-20 20:10:00,2022-12-20 20:28:00,202212202010,2.780e-06,C2.7,GOES-16,1.052e-06,1.432e-03,2.292e-03,,,,-32.91513,14.780665,-514.211,271.90573,GOES-16_XRS,1,2590,0,3169
2022-12-21 00:03:00,2022-12-20 23:56:00,,202212202356,1.493e-06,C1.4,GOES-16,1.090e-06,8.911e-04,,,,,,,1304.4022,-112.05249,GOES-16_XRS,1,2690,0,3169
2022-12-21 00:15:00,2022-12-21 00:07:00,2022-12-21 00:18:00,202212210007,2.283e-06,C2.2,GOES-16,1.456e-06,1.254e-03,1.359e-03,,,,-7.444397,10.411834,-124.81292,204.12553,GOES-16_XRS,2,2780,0,
2022-12-21 05:18:00,2022-12-21 05:13:00,2022-12-21 05:21:00,202212210513,6.932e-06,C6.9,GOES-16,1.344e-06,1.863e-03,2.056e-03,-33.0,20.0,LEA,-36.90674,19.750864,-552.987,351.79346,GOES-16_XRS,1,2770,0,3169
2022-12-21 06:21:00,2022-12-21 05:57:00,2022-12-21 06:39:00,202212210557,7.619e-06,C7.6,GOES-16,1.689e-06,7.466e-03,1.311e-02,,,,,,1032.9639,-177.83675,GOES-16_XRS,1,2800,0,3169
2022-12-21 09:01:00,2022-12-21 08:55:00,2022-12-21 09:05:00,202212210855,1.836e-06,C1.8,GOES-16,1.332e-06,9.738e-04,1.159e-03,,,,,,940.1296,-261.35153,GOES-16_XRS,1,2810,0,3170
2022-12-21 12:08:00,2022-12-21 12:04:00,2022-12-21 12:11:00,202212211204,3.240e-06,C3.2,GOES-16,1.376e-06,1.027e-03,1.154e-03,-34.0,22.0,SVI,-27.501587,19.241343,-426.74768,346.64676,GOES-16_XRS,1,2860,0,3169
2022-12-21 20:53:00,2022-12-21 20:37:00,,202212212037,4.817e-06,C4.8,GOES-16,1.924e-06,4.155e-03,,,,,-25.789673,21.837767,-395.3024,388.75882,GOES-16_XRS,1,2910,0,
2022-12-21 21:00:00,2022-12-21 20:55:00,2022-12-21 21:02:00,202212212055,4.966e-06,C4.9,GOES-16,4.796e-06,2.628e-03,2.905e-03,,,,-26.234985,22.242165,-400.4916,394.99298,GOES-16_XRS,2,,0,
2022-12-21 22:19:00,2022-12-21 22:04:00,,202212212204,5.197e-06,C5.1,GOES-16,1.315e-06,3.675e-03,,,,,-28.411377,21.993212,-431.79788,390.6864,GOES-16_XRS,1,2930,0,3169
2022-12-21 22:36:00,2022-12-21 22:26:00,2022-12-21 22:45:00,202212212226,6.861e-06,C6.8,GOES-16,4.126e-06,4.887e-03,7.277e-03,,,,-28.44571,22.858673,-429.57812,404.1963,GOES-16_XRS,2,,0,
2022-12-22 03:50:00,2022-12-22 03:43:00,,202212220343,1.194e-06,C1.1,GOES-16,8.661e-07,6.877e-04,,,,,60.660976,8.158001,843.28955,153.28772,GOES-16_XRS,1,3040,0,3169
2022-12-22 04:03:00,2022-12-22 03:57:00,2022-12-22 04:06:00,202212220357,1.212e-06,C1.2,GOES-16,1.119e-06,7.073e-04,7.763e-04,-30.0,22.0,LEA,-6.041748,29.313616,-89.84726,505.37494,GOES-16_XRS,2,3050,0,3169
2022-12-22 05:38:00,2022-12-22 05:29:00,2022-12-22 05:43:00,202212220529,1.674e-06,C1.6,GOES-16,9.302e-07,1.039e-03,1.262e-03,-30.0,22.0,LEA,-24.502563,23.588362,-372.04062,416.91907,GOES-16_XRS,1,3060,0,3169
2022-12-22 13:38:00,2022-12-22 13:33:00,2022-12-22 13:45:00,202212221333,9.594e-07,B9.5,GOES-18,6.821e-07,4.654e-04,7.175e-04,,,,,,,,,1,,0,
2022-12-22 15:01:00,2022-12-22 14:52:00,2022-12-22 15:03:00,202212221452,3.439e-06,C3.4,GOES-16,8.602e-07,1.149e-03,1.220e-03,,,,-23.514252,24.16988,-356.3134,426.77975,GOES-16_XRS,1,3280,0,3171
2022-12-22 20:03:00,2022-12-22 19:55:00,2022-12-22 20:08:00,202212221955,1.161e-06,C1.1,GOES-16,6.735e-07,6.593e-04,8.228e-04,-44.0,23.0,HOL,-41.357452,16.300484,-620.4773,297.32126,GOES-16_XRS,1,3330,0,3174
2022-12-22 21:12:00,2022-12-22 21:03:00,,202212222103,1.380e-06,C1.3,GOES-16,8.279e-07,8.593e-04,,-15.0,-22.0,HOL,-4.7369995,-21.887434,-75.05292,-335.4484,GOES-16_XRS,1,3380,0,3170
2022-12-22 21:25:00,2022-12-22 21:22:00,2022-12-22 21:28:00,202212222122,1.269e-06,C1.2,GOES-16,1.123e-06,5.055e-04,5.745e-04,,,,3.2529287,-23.3673,51.01619,-359.01767,GOES-16_XRS,2,3410,0,3170
2022-12-23 01:31:00,2022-12-23 01:24:00,2022-12-23 01:35:00,202212230124,1.936e-06,C1.9,GOES-16,8.391e-07,8.300e-04,9.941e-04,,,,41.947956,-7.893254,647.9019,-110.56712,GOES-16_XRS,1,3430,0,3169
2022-12-23 04:38:00,2022-12-23 04:33:00,2022-12-23 04:41:00,202212230433,2.034e-06,C2.0,GOES-16,1.021e-06,8.204e-04,8.975e-04,,,,2.0484092,17.506735,33.388496,325.48233,GOES-16_XRS,1,3460,0,3169
2022-12-23 04:58:00,2022-12-23 04:54:00,2022-12-23 05:02:00,202212230454,1.273e-06,C1.2,GOES-16,8.293e-07,5.225e-04,6.460e-04,,,,,,918.54724,-359.18994,GOES-16_XRS,1,3470,0,
2022-12-23 09:32:00,2022-12-23 09:26:00,2022-12-23 09:36:00,202212230926,9.520e-07,B9.5,GOES-16,6.737e-07,4.899e-04,5.829e-04,-22.0,21.0,SVI,,,,,,1,3490,0,3171
2022-12-23 10:51:00,2022-12-23 10:43:00,2022-12-23 10:57:00,202212231043,2.332e-06,C2.3,GOES-16,8.828e-07,1.116e-03,1.506e-03,,,,,,909.5247,-362.37564,GOES-16_XRS,1,3500,0,
2022-12-23 14:15:00,2022-12-23 14:02:00,,202212231402,1.458e-06,C1.4,GOES-16,8.724e-07,1.259e-03,,-6.0,-20.0,SVI,-6.482025,-17.307396,-105.577934,-259.58414,GOES-16_XRS,1,3540,0,3170
2022-12-23 14:46:00,2022-12-23 14:28:00,2022-12-23 14:57:00,202212231428,6.604e-06,C6.6,GOES-16,1.213e-06,5.087e-03,7.585e-03,,,,-13.853027,21.899773,-217.54231,395.13052,GOES-16_XRS,2,3550,0,3171
2022-12-23 16:17:00,2022-12-23 16:10:00,2022-12-23 16:25:00,202212231610,1.101e-06,C1.1,GOES-16,7.078e-07,6.222e-04,9.623e-04,,,,0.8262977,34.141502,11.683544,576.81213,GOES-16_XRS,1,3560,0,3171
2022-12-23 18:56:00,2022-12-23 18:45:00,2022-12-23 19:16:00,202212231845,1.044e-06,C1.0,GOES-16,6.759e-07,8.185e-04,1.808e-03,,,,72.723785,-21.502033,867.52356,-348.387,GOES-16_XRS,1,3570,0,
2022-12-23 23:22:00,2022-12-23 23:08:00,2022-12-23 23:49:00,202212232308,1.576e-06,C1.5,GOES-16,7.669e-07,1.278e-03,3.402e-03,-1.0,-20.0,LEA,-0.6001282,-19.423769,-9.676121,-293.3227,GOES-16_XRS,1,3600,0,3170
2022-12-23 23:36:00,2022-12-23 23:29:00,2022-12-23 23:42:00,202212232329,1.664e-06,C1.6,GOES-17,1.327e-06,1.026e-03,1.383e-03,,,,41.55589,-15.678071,624.955,-239.64944,GOES-17_XRS,2,,0,
2022-12-24 00:28:00,2022-12-24 00:20:00,2022-12-24 00:34:00,202212240020,1.279e-06,C1.2,GOES-16,7.814e-07,7.345e-04,9.866e-04,-30.0,22.0,LEA,6.2850237,16.14532,103.00412,304.94525,GOES-16_XRS,1,3620,0,3169
2022-12-24 04:14:00,2022-12-24 04:07:00,2022-12-24 04:19:00,202212240407,4.058e-06,C4.0,GOES-16,1.039e-06,1.724e-03,2.150e-03,17.0,18.0,LEA,18.23843,15.548869,295.2927,294.02554,GOES-16_XRS,1,3640,0,3169
2022-12-24 07:14:00,2022-12-24 06:56:00,,202212240656,1.069e-06,C1.0,GOES-16,6.873e-07,1.251e-03,,,,,1.2366132,8.315556,20.921478,176.11057,GOES-16_XRS,1,3670,0,3169
2022-12-24 07:38:00,2022-12-24 07:30:00,2022-12-24 07:41:00,202212240730,9.700e-07,B9.7,GOES-16,9.080e-07,6.743e-04,7.292e-04,,,,,,,,,2,,0,
2022-12-24 08:11:00,2022-12-24 08:04:00,2022-12-24 08:17:00,202212240804,2.200e-06,C2.2,GOES-16,7.747e-07,1.099e-03,1.456e-03,20.0,18.0,LEA,17.148655,15.22104,278.6465,289.1985,GOES-16_XRS,1,3680,0,3169
2022-12-24 11:47:00,2022-12-24 11:38:00,2022-12-24 11:57:00,202212241138,8.678e-07,B8.6,GOES-18,5.339e-07,5.671e-04,9.314e-04,7.0,21.0,SVI,,,,,,1,3710,0,3169
2022-12-24 12:29:00,2022-12-24 12:23:00,2022-12-24 12:42:00,202212241223,9.519e-07,B9.5,GOES-18,6.525e-07,4.917e-04,1.052e-03,,,,,,,,,1,3730,0,3171
2022-12-24 13:56:00,2022-12-24 13:45:00,2022-12-24 13:58:00,202212241345,1.972e-06,C1.9,GOES-18,7.040e-07,1.035e-03,1.083e-03,,,,16.501307,16.400114,266.86627,308.95938,GOES-18_XRS,1,3740,0,3169
2022-12-24 19:09:00,2022-12-24 19:04:00,2022-12-24 19:15:00,202212241904,9.465e-07,B9.4,GOES-18,6.898e-07,4.428e-04,6.376e-04,,,,,,,,,1,3810,0,3169
2022-12-24 23:22:00,2022-12-24 23:14:00,2022-12-24 23:34:00,202212242314,2.231e-06,C2.2,GOES-18,1.423e-06,1.312e-03,2.474e-03,,,,12.773902,21.44673,201.54393,390.7734,GOES-18_XRS,1,3870,0,3169
2022-12-24 23:50:00,2022-12-24 23:43:00,2022-12-25 00:01:00,202212242343,2.767e-06,C2.7,GOES-18,1.531e-06,1.514e-03,2.726e-03,,,,14.349218,22.087431,224.88914,400.59006,GOES-18_XRS,1,3880,0,3169
2022-12-25 00:38:00,2022-12-25 00:28:00,,202212250028,2.364e-06,C2.3,GOES-18,1.531e-06,1.672e-03,,,,,10.49204,17.458937,170.14896,327.8117,GOES-18_XRS,1,3910,0,
2022-12-25 00:52:00,2022-12-25 00:45:00,2022-12-25 00:57:00,202212250045,3.696e-06,C3.6,GOES-18,2.215e-06,1.958e-03,2.489e-03,-1.0,-20.0,LEA,9.449423,-11.445399,157.64894,-159.05493,GOES-18_XRS,2,3890,0,3170
2022-12-25 03:39:00,2022-12-25 03:33:00,2022-12-25 03:45:00,202212250333,1.677e-06,C1.6,GOES-17,1.217e-06,8.591e-04,1.207e-03,,,,15.007627,21.892826,235.29927,397.74997,GOES-17_XRS,1,3920,0,3169
2022-12-25 06:17:00,2022-12-25 06:06:00,2022-12-25 06:26:00,202212250606,2.429e-06,C2.4,GOES-18,1.132e-06,1.636e-03,2.431e-03,,,,13.579198,20.584023,215.2658,377.65332,GOES-18_XRS,1,3940,0,3169
2022-12-25 07:01:00,2022-12-25 06:54:00,2022-12-25 07:06:00,202212250654,7.815e-06,C7.8,GOES-18,1.167e-06,2.877e-03,3.683e-03,20.0,18.0,LEA,31.725914,15.427352,496.24826,290.52332,GOES-18_XRS,1,3950,0,3169
2022-12-25 16:10:00,2022-12-25 16:04:00,2022-12-25 16:15:00,202212251604,1.501e-06,C1.5,GOES-18,9.872e-07,7.703e-04,9.914e-04,,,,-37.46283,19.450882,-561.2839,353.87952,GOES-18_XRS,1,4020,0,3171
2022-12-25 18:40:00,2022-12-25 18:30:00,2022-12-25 18:45:00,202212251830,2.947e-06,C2.9,GOES-18,1.054e-06,1.608e-03,1.965e-03,,,,,,-935.58966,307.83737,GOES-18_XRS,1,4030,0,3171
2022-12-25 21:56:00,2022-12-25 21:50:00,2022-12-25 22:00:00,202212252150,2.287e-06,C2.2,GOES-18,1.089e-06,9.746e-04,1.168e-03,,,,29.12528,18.853113,450.94516,347.73657,GOES-18_XRS,1,4050,0,3169
2022-12-26 01:40:00,2022-12-26 01:38:00,2022-12-26 01:42:00,202212260138,2.471e-06,C2.4,GOES-16,1.371e-06,6.963e-04,7.895e-04,,,,25.733294,17.508812,405.44754,327.499,GOES-16_XRS,1,4080,0,3169
2022-12-26 05:27:00,2022-12-26 05:25:00,2022-12-26 05:29:00,202212260525,2.496e-06,C2.4,GOES-16,1.147e-06,6.520e-04,7.349e-04,,,,33.372604,22.241205,498.3481,400.23822,GOES-16_XRS,1,4130,0,3169
2022-12-26 06:22:00,2022-12-26 06:12:00,2022-12-26 06:32:00,202212260612,2.531e-06,C2.5,GOES-16,1.382e-06,1.671e-03,2.669e-03,20.0,18.0,LEA,25.265106,17.654282,398.2483,330.32422,GOES-16_XRS,1,4140,0,3169
2022-12-26 08:14:00,2022-12-26 08:04:00,2022-12-26 08:19:00,202212260804,2.840e-06,C2.8,GOES-16,1.398e-06,1.697e-03,2.061e-03,,,,-75.262726,18.733528,-894.1837,322.71423,GOES-16_XRS,1,4170,0,3176
2022-12-26 09:02:00,2022-12-26 08:54:00,2022-12-26 09:14:00,202212260854,2.384e-06,C2.3,GOES-16,1.391e-06,1.346e-03,2.592e-03,,,,3.2402692,17.3163,52.86251,328.7456,GOES-16_XRS,1,4190,0,3169
2022-12-26 10:02:00,2022-12-26 09:53:00,2022-12-26 10:05:00,202212260953,2.860e-06,C2.8,GOES-16,1.626e-06,1.739e-03,1.864e-03,,,,,,-951.6342,297.7138,GOES-16_XRS,1,4200,0,
2022-12-26 11:21:00,2022-12-26 11:15:00,2022-12-26 11:34:00,202212261115,1.752e-06,C1.7,GOES-16,1.199e-06,9.024e-04,1.921e-03,-70.0,20.0,SVI,-39.64435,16.347229,-599.1536,304.33148,GOES-16_XRS,1,4220,0,3176
2022-12-26 12:31:00,2022-12-26 12:22:00,2022-12-26 12:33:00,202212261222,3.663e-06,C3.6,GOES-16,1.399e-06,1.606e-03,1.707e-03,,,,-69.6456,16.257143,-879.1618,286.38452,GOES-16_XRS,1,4230,0,
2022-12-26 12:57:00,2022-12-26 12:51:00,,202212261251,1.644e-06,C1.6,GOES-18,1.114e-06,8.425e-04,,,,,-57.471375,15.542245,-794.1181,282.1979,GOES-18_XRS,1,,0,
2022-12-26 13:13:00,2022-12-26 13:01:00,,202212261301,1.858e-06,C1.8,GOES-18,1.549e-06,1.639e-03,,,,,-15.0434265,2.461307,-254.0597,80.24858,GOES-18_XRS,2,,0,
2022-12-26 13:20:00,2022-12-26 13:15:00,2022-12-26 13:23:00,202212261315,1.898e-06,C1.8,GOES-18,1.802e-06,1.001e-03,1.220e-03,,,,1.278015,4.0805326,21.799828,109.17693,GOES-18_XRS,3,,0,
2022-12-26 13:48:00,2022-12-26 13:41:00,2022-12-26 13:51:00,202212261341,3.363e-06,C3.3,GOES-16,1.758e-06,1.604e-03,1.756e-03,,,,-41.15869,13.145094,-627.20764,251.41357,GOES-16_XRS,1,4240,0,3176
2022-12-26 15:44:00,2022-12-26 15:38:00,2022-12-26 15:46:00,202212261538,2.763e-06,C2.7,GOES-16,1.576e-06,1.311e-03,1.427e-03,,,,,,-938.3993,311.72913,GOES-16_XRS,1,4250,0,
2022-12-26 16:58:00,2022-12-26 16:51:00,2022-12-26 17:01:00,202212261651,4.433e-06,C4.4,GOES-16,1.927e-06,1.963e-03,2.131e-03,39.0,23.0,HOL,16.847965,19.51014,267.56555,362.82947,GOES-16_XRS,1,4270,0,3169
2022-12-26 17:54:00,2022-12-26 17:46:00,2022-12-26 18:00:00,202212261746,2.659e-06,C2.6,GOES-16,1.713e-06,1.641e-03,2.151e-03,,,,-81.78677,20.75975,-903.1247,350.91974,GOES-16_XRS,1,4280,0,3176
2022-12-26 19:51:00,2022-12-26 19:42:00,2022-12-26 19:56:00,202212261942,6.054e-06,C6.0,GOES-16,2.559e-06,2.929e-03,3.698e-03,-67.0,20.0,HOL,-49.6763,17.544329,-711.01074,319.33743,GOES-16_XRS,1,4300,0,3176
2022-12-26 21:01:00,2022-12-26 20:47:00,2022-12-26 21:19:00,202212262047,4.021e-06,C4.0,GOES-16,1.710e-06,2.996e-03,6.512e-03,,,,-77.00464,18.998592,-899.39777,326.06528,GOES-16_XRS,1,4310,0,3176
2022-12-26 21:48:00,2022-12-26 21:42:00,2022-12-26 21:51:00,202212262142,4.110e-06,C4.1,GOES-16,2.071e-06,1.794e-03,1.946e-03,,,,-60.916748,17.087427,-816.45013,305.6425,GOES-16_XRS,1,4320,0,3176
2022-12-26 22:27:00,2022-12-26 22:16:00,2022-12-26 22:32:00,202212262216,3.373e-06,C3.3,GOES-16,1.796e-06,2.345e-03,2.804e-03,,,,-55.504456,21.028267,-752.1095,371.8302,GOES-16_XRS,1,4330,0,3176
2022-12-26 22:37:00,2022-12-26 22:33:00,2022-12-26 22:41:00,202212262233,3.911e-06,C3.9,GOES-16,2.520e-06,1.532e-03,1.907e-03,,,,-57.721985,16.301174,-793.31433,294.83936,GOES-16_XRS,1,,0,
2022-12-26 23:23:00,2022-12-26 23:13:00,2022-12-26 23:37:00,202212262313,4.329e-06,C4.3,GOES-16,2.887e-06,3.264e-03,5.985e-03,,,,-56.108948,17.457024,-774.21094,314.53903,GOES-16_XRS,1,4340,0,3176
2022-12-27 00:44:00,2022-12-27 00:32:00,,202212270032,6.492e-06,C6.4,GOES-16,2.898e-06,4.293e-03,,,,,-59.661743,16.227928,-810.0203,292.5779,GOES-16_XRS,1,4360,0,3176
2022-12-27 00:54:00,2022-12-27 00:46:00,2022-12-27 00:59:00,202212270046,2.067e-05,M2.0,GOES-16,5.955e-06,9.699e-03,1.201e-02,,,,-61.44342,17.22625,-819.9495,307.68863,GOES-16_XRS,2,4370,0,3176
2022-12-27 02:47:00,2022-12-27 02:39:00,,202212270239,4.895e-06,C4.8,GOES-16,2.672e-06,2.680e-03,,,,,-62.500275,11.494436,-849.544,212.99765,GOES-16_XRS,1,4390,0,3176
2022-12-27 03:00:00,2022-12-27 02:54:00,,202212270254,5.300e-06,C5.3,GOES-16,3.830e-06,2.829e-03,,,,,-56.948364,18.151522,-778.6624,325.3983,GOES-16_XRS,2,,0,
2022-12-27 03:20:00,2022-12-27 03:15:00,2022-12-27 03:25:00,202212270315,6.214e-06,C6.2,GOES-16,5.230e-06,3.160e-03,4.156e-03,43.0,23.0,LEA,-20.30252,20.684586,-317.89304,381.41644,GOES-16_XRS,3,4410,0,3169
2022-12-27 04:28:00,2022-12-27 04:19:00,,202212270419,3.365e-06,C3.3,GOES-16,1.881e-06,1.997e-03,,,,,-50.587006,16.55746,-724.31396,303.34525,GOES-16_XRS,1,4510,0,
2022-12-27 04:45:00,2022-12-27 04:42:00,2022-12-27 04:48:00,202212270442,3.108e-06,C3.1,GOES-16,2.835e-06,1.240e-03,1.406e-03,43.0,23.0,LEA,-47.35309,14.350677,-697.1282,269.10034,GOES-16_XRS,2,4430,0,3169
2022-12-27 05:25:00,2022-12-27 05:18:00,2022-12-27 05:29:00,202212270518,2.522e-06,C2.5,GOES-16,1.668e-06,1.396e-03,1.631e-03,,,,-52.486115,20.81707,-725.0222,370.51263,GOES-16_XRS,1,4450,0,
2022-12-27 07:12:00,2022-12-27 07:06:00,2022-12-27 07:24:00,202212270706,4.553e-06,C4.5,GOES-16,1.889e-06,2.112e-03,4.210e-03,,,,-81.808105,-18.950666,-913.68134,-311.15347,GOES-16_XRS,1,4470,0,
2022-12-27 08:15:00,2022-12-27 08:02:00,2022-12-27 08:34:00,202212270802,1.060e-05,M1.0,GOES-16,2.499e-06,7.401e-03,1.580e-02,-60.0,19.0,SVI,-58.084747,17.550589,-791.1816,315.27368,GOES-16_XRS,1,4480,0,3176
2022-12-27 09:21:00,2022-12-27 09:11:00,2022-12-27 09:32:00,202212270911,4.221e-06,C4.2,GOES-16,2.198e-06,2.822e-03,4.747e-03,43.0,23.0,LEA,33.944927,16.396128,524.4115,308.96484,GOES-16_XRS,1,4500,0,3169
2022-12-27 12:56:00,2022-12-27 12:45:00,2022-12-27 13:00:00,202212271245,3.374e-06,C3.3,GOES-16,1.500e-06,2.024e-03,2.284e-03,,,,,,-954.13904,-213.44775,GOES-16_XRS,1,4530,0,
2022-12-27 16:26:00,2022-12-27 16:15:00,2022-12-27 16:33:00,202212271615,1.208e-05,M1.2,GOES-16,1.531e-06,5.116e-03,7.196e-03,49.0,20.0,HOL,41.47261,18.070543,616.1029,333.11053,GOES-16_XRS,1,4560,0,3169
2022-12-27 17:30:00,2022-12-27 17:12:00,2022-12-27 17:55:00,202212271712,4.745e-06,C4.7,GOES-16,1.326e-06,3.485e-03,8.332e-03,50.0,19.0,HOL,-4.195587,17.006208,-68.541824,326.37256,GOES-16_XRS,1,4570,0,3169
2022-12-27 19:59:00,2022-12-27 19:34:00,,202212271934,3.020e-06,C3.0,GOES-16,1.370e-06,4.035e-03,,,,,-68.611786,-13.295692,-885.3529,-209.52534,GOES-16_XRS,1,4590,0,
2022-12-27 20:16:00,2022-12-27 20:08:00,2022-12-27 20:20:00,202212272008,4.544e-06,C4.5,GOES-16,2.799e-06,2.560e-03,2.956e-03,,,,-52.621216,-12.74617,-758.1011,-190.6067,GOES-16_XRS,2,,0,
2022-12-27 20:37:00,2022-12-27 20:34:00,2022-12-27 20:41:00,202212272034,4.011e-06,C4.0,GOES-16,2.292e-06,1.386e-03,1.756e-03,,,,,,-953.5319,-309.40347,GOES-16_XRS,1,4600,0,
2022-12-27 21:48:00,2022-12-27 21:44:00,2022-12-27 21:50:00,202212272144,2.777e-06,C2.7,GOES-16,1.683e-06,9.994e-04,1.115e-03,,,,-57.52243,21.95635,-764.865,386.24786,GOES-16_XRS,1,4610,0,3176
2022-12-28 02:37:00,2022-12-28 02:11:00,,202212280211,5.077e-06,C5.0,GOES-16,2.101e-06,7.042e-03,,,,,-25.651062,21.032854,-395.6341,387.11075,GOES-16_XRS,1,4620,0,
2022-12-28 02:56:00,2022-12-28 02:41:00,2022-12-28 03:06:00,202212280241,6.106e-06,C6.1,GOES-16,5.000e-06,6.626e-03,9.371e-03,,,,-43.632874,19.651888,-635.8307,357.91235,GOES-16_XRS,2,,0,
2022-12-28 08:51:00,2022-12-28 08:44:00,2022-12-28 08:56:00,202212280844,1.730e-06,C1.7,GOES-16,1.202e-06,9.567e-04,1.218e-03,,,,5.463324,8.971525,92.15238,195.30682,GOES-16_XRS,1,4760,0,
2022-12-28 14:16:00,2022-12-28 14:09:00,2022-12-28 14:20:00,202212281409,1.850e-06,C1.8,GOES-16,1.169e-06,9.480e-04,1.122e-03,,,,52.45284,22.1554,718.08514,393.10977,GOES-16_XRS,1,4790,0,3169
2022-12-28 14:43:00,2022-12-28 14:40:00,2022-12-28 14:47:00,202212281440,1.702e-06,C1.7,GOES-16,1.182e-06,6.232e-04,7.850e-04,,,,78.16422,17.460073,911.43585,301.16165,GOES-16_XRS,1,4800,0,3169
2022-12-28 16:57:00,2022-12-28 16:49:00,2022-12-28 17:03:00,202212281649,2.311e-06,C2.3,GOES-16,1.654e-06,1.441e-03,1.912e-03,,,,49.115524,22.886604,681.2482,406.52423,GOES-16_XRS,1,4810,0,3169
2022-12-28 20:11:00,2022-12-28 20:06:00,2022-12-28 20:14:00,202212282006,2.149e-06,C2.1,GOES-16,1.156e-06,8.649e-04,9.477e-04,,,,-70.79489,-20.85108,-862.09216,-333.7609,GOES-16_XRS,1,4820,0,3177
2022-12-29 07:27:00,2022-12-29 06:32:00,2022-12-29 08:07:00,202212290632,1.208e-05,M1.2,GOES-16,1.769e-06,2.352e-02,4.457e-02,,,,,,-934.5369,326.92798,GOES-16_XRS,1,4880,0,
2022-12-29 10:37:00,2022-12-29 10:27:00,2022-12-29 10:47:00,202212291027,2.625e-06,C2.6,GOES-16,1.611e-06,1.854e-03,2.927e-03,,,,,,915.0422,420.4848,GOES-16_XRS,1,4890,0,
2022-12-29 11:14:00,2022-12-29 11:03:00,2022-12-29 11:30:00,202212291103,3.990e-06,C3.9,GOES-16,1.756e-06,2.766e-03,5.525e-03,,,,,,-1051.0748,315.21744,GOES-16_XRS,1,4900,0,
2022-12-29 14:11:00,2022-12-29 14:03:00,2022-12-29 14:20:00,202212291403,2.861e-06,C2.8,GOES-16,1.929e-06,1.817e-03,2.891e-03,,,,31.966972,-46.057568,359.4142,-676.6624,GOES-16_XRS,1,4920,0,3172
2022-12-29 18:20:00,2022-12-29 18:12:00,,202212291812,2.179e-05,M2.1,GOES-16,1.527e-06,8.334e-03,,,,,-82.15726,18.50866,-916.80475,315.42285,GOES-16_XRS,1,5090,0,
2022-12-29 18:33:00,2022-12-29 18:26:00,2022-12-29 18:42:00,202212291826,2.431e-05,M2.4,GOES-16,1.764e-05,1.412e-02,2.335e-02,,,,,,-927.4943,323.13898,GOES-16_XRS,2,4960,0,
2022-12-29 21:21:00,2022-12-29 21:07:00,2022-12-29 21:30:00,202212292107,2.861e-06,C2.8,GOES-16,1.404e-06,2.303e-03,3.243e-03,31.0,-35.0,HOL,12.629815,-19.566145,201.85373,-285.0024,GOES-16_XRS,1,4970,0,3172
2022-12-30 00:01:00,2022-12-29 23:54:00,,202212292354,2.041e-06,C2.0,GOES-16,1.436e-06,1.133e-03,,,,,-29.473938,11.035816,-472.95023,227.15181,GOES-16_XRS,1,,0,
2022-12-30 00:23:00,2022-12-30 00:13:00,,202212300013,2.167e-06,C2.1,GOES-16,1.775e-06,1.698e-03,,,,,-61.992218,-4.7543745,-860.13916,-59.108463,GOES-16_XRS,2,4990,0,3180
2022-12-30 00:39:00,2022-12-30 00:34:00,2022-12-30 00:42:00,202212300034,2.207e-06,C2.2,GOES-16,2.128e-06,1.174e-03,1.301e-03,,,,-41.92923,-4.9134207,-651.6904,-49.11118,GOES-16_XRS,3,5290,0,3178
2022-12-30 04:11:00,2022-12-30 04:01:00,2022-12-30 04:23:00,202212300401,1.915e-06,C1.9,GOES-16,1.302e-06,1.392e-03,2.380e-03,-79.0,15.0,LEA,-65.4151,17.464304,-847.6455,311.55734,GOES-16_XRS,1,5030,0,3180
2022-12-30 05:01:00,2022-12-30 04:53:00,,202212300453,2.385e-06,C2.3,GOES-16,1.374e-06,1.376e-03,,,,,-70.90231,3.083506,-921.81946,67.844376,GOES-16_XRS,1,5120,0,3180
2022-12-30 05:13:00,2022-12-30 05:08:00,2022-12-30 05:17:00,202212300508,2.748e-06,C2.7,GOES-16,1.888e-06,1.277e-03,1.550e-03,,,,18.137636,13.767737,296.2043,276.3925,GOES-16_XRS,2,5040,0,3169
2022-12-30 07:36:00,2022-12-30 07:25:00,,202212300725,3.949e-06,C3.9,GOES-16,1.754e-06,2.466e-03,,,,,64.25725,17.631775,838.93097,315.2205,GOES-16_XRS,1,5190,0,3169
2022-12-30 07:52:00,2022-12-30 07:42:00,2022-12-30 07:57:00,202212300742,5.549e-06,C5.5,GOES-16,3.422e-06,3.861e-03,4.658e-03,,,,-49.28592,16.593817,-710.6142,308.62033,GOES-16_XRS,2,5130,0,3180
2022-12-30 09:08:00,2022-12-30 09:01:00,2022-12-30 09:12:00,202212300901,5.329e-06,C5.3,GOES-16,2.914e-06,2.801e-03,3.233e-03,,,,77.54035,18.724974,902.8521,322.71786,GOES-16_XRS,1,5160,0,3169
2022-12-30 11:14:00,2022-12-30 11:03:00,2022-12-30 11:22:00,202212301103,9.645e-06,C9.6,GOES-16,1.317e-06,5.112e-03,7.249e-03,,,,-79.1416,18.423674,-909.5732,316.6371,GOES-16_XRS,1,5220,0,3180
2022-12-30 13:53:00,2022-12-30 13:44:00,2022-12-30 13:58:00,202212301344,3.203e-06,C3.2,GOES-16,1.555e-06,1.841e-03,2.246e-03,,,,-1.325592,15.648235,-21.827158,310.08096,GOES-16_XRS,1,5240,0,3176
2022-12-30 14:07:00,2022-12-30 14:00:00,2022-12-30 14:14:00,202212301400,4.510e-06,C4.5,GOES-16,1.986e-06,2.267e-03,3.291e-03,,,,,,-960.61145,366.35764,GOES-16_XRS,1,5250,0,3180
2022-12-30 15:28:00,2022-12-30 15:24:00,2022-12-30 15:30:00,202212301524,1.444e-05,M1.4,GOES-16,1.766e-06,3.382e-03,3.535e-03,-9.0,20.0,HOL,-7.7912292,17.565142,-126.625854,340.68246,GOES-16_XRS,1,5260,0,3176
2022-12-30 16:52:00,2022-12-30 16:38:00,2022-12-30 17:11:00,202212301638,3.110e-06,C3.1,GOES-16,1.558e-06,2.540e-03,5.263e-03,-78.0,18.0,HOL,-41.33185,15.398932,-623.1695,294.39014,GOES-16_XRS,1,5310,0,3180
2022-12-30 19:10:00,2022-12-30 19:06:00,2022-12-30 19:13:00,202212301906,4.097e-06,C4.0,GOES-16,1.543e-06,1.380e-03,1.514e-03,,,,-5.3525696,21.390633,-85.0916,401.67352,GOES-16_XRS,1,5330,0,3176
2022-12-30 19:38:00,2022-12-30 19:26:00,2022-12-30 19:46:00,202212301926,3.743e-05,M3.7,GOES-16,1.744e-06,1.441e-02,2.266e-02,-9.0,20.0,HOL,-7.7746887,19.240477,-125.129684,367.70108,GOES-16_XRS,1,5340,0,3176
2022-12-30 21:35:00,2022-12-30 21:30:00,2022-12-30 21:42:00,202212302130,2.687e-06,C2.6,GOES-16,1.907e-06,1.279e-03,1.977e-03,,,,-43.86328,29.108477,-592.2549,505.82727,GOES-16_XRS,1,5370,0,
2022-12-31 01:33:00,2022-12-31 01:28:00,2022-12-31 01:35:00,202212310128,1.752e-06,C1.7,GOES-16,1.171e-06,7.725e-04,8.505e-04,-2.0,18.0,LEA,-1.7243042,16.981232,-28.197638,332.52985,GOES-16_XRS,1,5430,0,3176
2022-12-31 02:48:00,2022-12-31 02:27:00,2022-12-31 03:05:00,202212310227,7.948e-06,C7.9,GOES-16,1.217e-06,7.073e-03,1.217e-02,-70.0,20.0,LEA,-71.64377,18.27554,-880.3001,320.51718,GOES-16_XRS,1,5440,0,3180
2022-12-31 11:34:00,2022-12-31 11:24:00,2022-12-31 11:41:00,202212311124,5.003e-06,C5.0,GOES-16,2.607e-06,3.258e-03,4.409e-03,-61.0,22.0,SVI,-73.778595,18.6274,-888.60876,324.65637,GOES-16_XRS,1,5530,0,3180
2022-12-31 16:28:00,2022-12-31 16:16:00,2022-12-31 16:52:00,202212311616,2.238e-06,C2.2,GOES-16,1.149e-06,1.689e-03,4.245e-03,,,,-5.5213623,17.556662,-89.881714,342.73712,GOES-16_XRS,1,5600,0,3176
2022-12-31 17:25:00,2022-12-31 17:17:00,2022-12-31 17:34:00,202212311717,2.051e-06,C2.0,GOES-16,1.307e-06,1.256e-03,1.990e-03,,,,,,1045.2438,384.321,GOES-16_XRS,1,5610,0,3171
2022-12-31 17:49:00,2022-12-31 17:43:00,2022-12-31 17:52:00,202212311743,2.019e-06,C2.0,GOES-16,1.373e-06,9.908e-04,1.081e-03,,,,,,-1053.7162,339.73123,GOES-16_XRS,1,5650,0,3180
2022-12-31 20:55:00,2022-12-31 20:52:00,2022-12-31 20:58:00,202212312052,3.600e-06,C3.6,GOES-16,1.725e-06,1.124e-03,1.275e-03,,,,-32.00949,-14.673385,-502.17444,-206.33765,GOES-16_XRS,1,5680,0,3177
2022-12-31 21:48:00,2022-12-31 21:38:00,2022-12-31 22:01:00,202212312138,9.113e-06,C9.1,GOES-16,2.364e-06,5.318e-03,9.735e-03,-58.0,21.0,HOL,-64.39563,20.384718,-826.1031,360.3807,GOES-16_XRS,1,5690,0,3180
2022-12-31 23:55:00,2022-12-31 23:47:00,2023-01-01 00:02:00,202212312347,1.642e-06,C1.6,GOES-16,1.071e-06,9.985e-04,1.415e-03,,,,6.5243073,14.548221,107.76786,294.6174,GOES-16_XRS,1,5720,0,3176
