word,training_count,letters,phonemes,uniform,inverse_letters,letters_power,composite_power,letters_exponential,training_unigram
a,1852,1,1,0.00038124285169653085,0.0019875183944107638,0.0053833587703735275,0.010450466527851598,0.0027846148804916812,0.02180784376048454
abby,8,4,3,0.00038124285169653085,0.0004968795986026909,0.0005090965792197441,0.0006870197387222442,0.0006565639252378155,0.00010006298081733804
abdul,6,5,5,0.00038124285169653085,0.00039750367888215276,0.00034828297622547605,0.00024076914737248623,0.0004056152820834941,7.65187500367878e-05
ability,9,7,7,0.00038124285169653085,0.00028393119920153793,0.0001964862978263494,0.00010945978702192117,0.0001548063938549276,0.00011183509620761298
able,32,4,4,0.00038124285169653085,0.0004968795986026909,0.0005090965792197441,0.00040610649755635955,0.0006565639252378155,0.0003825937501839394
about,240,5,4,0.00038124285169653085,0.00039750367888215276,0.00034828297622547605,0.0003619985085280506,0.0004056152820834941,0.0028311937513611496
above,34,5,4,0.00038124285169653085,0.00039750367888215276,0.00034828297622547605,0.0003619985085280506,0.0004056152820834941,0.0004061379809644894
abroad,8,6,5,0.00038124285169653085,0.0003312530657351272,0.00025540261425089115,0.0002191807834560667,0.00025058299844920657,0.00010006298081733804
absolute,6,8,7,0.00038124285169653085,0.00024843979930134564,0.00015655740218654355,0.00010218192614137219,9.563705329842936e-05,7.65187500367878e-05
absolutely,5,10,9,0.00038124285169653085,0.00019875183944107635,0.00010710399599861124,5.7540833262736305e-05,3.6500664531159836e-05,6.47466346465128e-05
abuse,5,5,5,0.00038124285169653085,0.00039750367888215276,0.00034828297622547605,0.00024076914737248623,0.0004056152820834941,6.47466346465128e-05
accept,12,6,6,0.00038124285169653085,0.0003312530657351272,0.00025540261425089115,0.00015707113439413758,0.00025058299844920657,0.00014715144237843818
accepted,9,8,8,0.00038124285169653085,0.00024843979930134564,0.00015655740218654355,8.005566470952506e-05,9.563705329842936e-05,0.00011183509620761298
access,29,6,5,0.00038124285169653085,0.0003312530657351272,0.00025540261425089115,0.0002191807834560667,0.00025058299844920657,0.00034727740401311414
accident,8,8,8,0.00038124285169653085,0.00024843979930134564,0.00015655740218654355,8.005566470952506e-05,9.563705329842936e-05,0.00010006298081733804
accord,9,6,5,0.00038124285169653085,0.0003312530657351272,0.00025540261425089115,0.0002191807834560667,0.00025058299844920657,0.00011183509620761298
according,28,9,7,0.00038124285169653085,0.0002208353771567516,0.00012812990310436502,9.616512573912911e-05,5.908312787246985e-05,0.000335505288622839
accordingly,7,11,9,0.00038124285169653085,0.00018068349040097835,9.10723338548153e-05,5.478333276833534e-05,2.2549559564483765e-05,8.829086542706294e-05
account,13,7,5,0.00038124285169653085,0.00028393119920153793,0.0001964862978263494,0.00020244541870664064,0.0001548063938549276,0.0001589235577687132
accounting,5,10,7,0.00038124285169653085,0.00019875183944107635,0.00010710399599861124,9.108375533087037e-05,3.6500664531159836e-05,6.47466346465128e-05
accounts,6,8,6,0.00038124285169653085,0.00024843979930134564,0.00015655740218654355,0.00013543201643637974,9.563705329842936e-05,7.65187500367878e-05
accused,5,7,6,0.00038124285169653085,0.00028393119920153793,0.0001964862978263494,0.00014507809976654283,0.0001548063938549276,6.47466346465128e-05
achieve,9,7,4,0.00038124285169653085,0.00028393119920153793,0.0001964862978263494,0.00030437844894123353,0.0001548063938549276,0.00011183509620761298
across,16,6,5,0.00038124285169653085,0.0003312530657351272,0.00025540261425089115,0.0002191807834560667,0.00025058299844920657,0.00019423990393953826
act,22,3,3,0.00038124285169653085,0.0006625061314702545,0.0008305234720487999,0.0007967906891717805,0.0010627710714187356,0.00026487259628118863
acting,5,6,5,0.00038124285169653085,0.0003312530657351272,0.00025540261425089115,0.0002191807834560667,0.00025058299844920657,6.47466346465128e-05
action,19,6,5,0.00038124285169653085,0.0003312530657351272,0.00025540261425089115,0.0002191807834560667,0.00025058299844920657,0.0002295562501103637
actions,18,7,6,0.00038124285169653085,0.00028393119920153793,0.0001964862978263494,0.00014507809976654283,0.0001548063938549276,0.00021778413472008836
active,11,6,5,0.00038124285169653085,0.0003312530657351272,0.00025540261425089115,0.0002191807834560667,0.00025058299844920657,0.0001353793269881631
activities,17,10,9,0.00038124285169653085,0.00019875183944107635,0.00010710399599861124,5.7540833262736305e-05,3.6500664531159836e-05,0.0002060120193298133
activity,12,8,8,0.00038124285169653085,0.00024843979930134564,0.00015655740218654355,8.005566470952506e-05,9.563705329842936e-05,0.00014715144237843818
acts,8,4,4,0.00038124285169653085,0.0004968795986026909,0.0005090965792197441,0.00040610649755635955,0.0006565639252378155,0.00010006298081733804
actually,35,8,7,0.00038124285169653085,0.00024843979930134564,0.00015655740218654355,0.00010218192614137219,9.563705329842936e-05,0.00041791009635476435
add,24,3,2,0.00038124285169653085,0.0006625061314702545,0.0008305234720487999,0.0016716921057774523,0.0010627710714187356,0.00028841682706173886
added,13,5,4,0.00038124285169653085,0.00039750367888215276,0.00034828297622547605,0.0003619985085280506,0.0004056152820834941,0.0001589235577687132
adding,7,6,4,0.00038124285169653085,0.0003312530657351272,0.00025540261425089115,0.00032954021549262946,0.00025058299844920657,8.829086542706294e-05
addition,7,8,6,0.00038124285169653085,0.00024843979930134564,0.00015655740218654355,0.00013543201643637974,9.563705329842936e-05,8.829086542706294e-05
additional,25,10,8,0.00038124285169653085,0.00019875183944107635,0.00010710399599861124,7.13606686877693e-05,3.6500664531159836e-05,0.00030018894245201395
address,28,7,5,0.00038124285169653085,0.00028393119920153793,0.0001964862978263494,0.00020244541870664064,0.0001548063938549276,0.000335505288622839
addressed,8,9,6,0.00038124285169653085,0.0002208353771567516,0.00012812990310436502,0.0001274573437937484,5.908312787246985e-05,0.00010006298081733804
addresses,10,9,7,0.00038124285169653085,0.0002208353771567516,0.00012812990310436502,9.616512573912911e-05,5.908312787246985e-05,0.000123607211597888
adjusted,5,8,7,0.00038124285169653085,0.00024843979930134564,0.00015655740218654355,0.00010218192614137219,9.563705329842936e-05,6.47466346465128e-05
adjustments,7,11,10,0.00038124285169653085,0.00018068349040097835,9.10723338548153e-05,4.518822339255976e-05,2.2549559564483765e-05,8.829086542706294e-05
administration,32,14,13,0.00038124285169653085,0.00014196559960076894,6.042347485439901e-05,2.4707294948290095e-05,5.316795311180411e-06,0.0003825937501839394
admissions,5,10,8,0.00038124285169653085,0.00019875183944107635,0.00010710399599861124,7.13606686877693e-05,3.6500664531159836e-05,6.47466346465128e-05
admitted,6,8,7,0.00038124285169653085,0.00024843979930134564,0.00015655740218654355,0.00010218192614137219,9.563705329842936e-05,7.65187500367878e-05
adults,8,6,6,0.00038124285169653085,0.0003312530657351272,0.00025540261425089115,0.00015707113439413758,0.00025058299844920657,0.00010006298081733804
advance,6,7,6,0.00038124285169653085,0.00028393119920153793,0.0001964862978263494,0.00014507809976654283,0.0001548063938549276,7.65187500367878e-05
advise,10,6,5,0.00038124285169653085,0.0003312530657351272,0.00025540261425089115,0.0002191807834560667,0.00025058299844920657,0.000123607211597888
advised,5,7,6,0.00038124285169653085,0.00028393119920153793,0.0001964862978263494,0.00014507809976654283,0.0001548063938549276,6.47466346465128e-05
affairs,5,7,5,0.00038124285169653085,0.00028393119920153793,0.0001964862978263494,0.00020244541870664064,0.0001548063938549276,6.47466346465128e-05
affected,6,8,7,0.00038124285169653085,0.00024843979930134564,0.00015655740218654355,0.00010218192614137219,9.563705329842936e-05,7.65187500367878e-05
afghan,13,6,5,0.00038124285169653085,0.0003312530657351272,0.00025540261425089115,0.0002191807834560667,0.00025058299844920657,0.0001589235577687132
afghanistan,35,11,10,0.00038124285169653085,0.00018068349040097835,9.10723338548153e-05,4.518822339255976e-05,2.2549559564483765e-05,0.00041791009635476435
afraid,7,6,5,0.00038124285169653085,0.0003312530657351272,0.00025540261425089115,0.0002191807834560667,0.00025058299844920657,8.829086542706294e-05
africa,5,6,6,0.00038124285169653085,0.0003312530657351272,0.00025540261425089115,0.00015707113439413758,0.00025058299844920657,6.47466346465128e-05
after,127,5,4,0.00038124285169653085,0.00039750367888215276,0.00034828297622547605,0.0003619985085280506,0.0004056152820834941,0.0015009447122600699
afternoon,19,9,7,0.00038124285169653085,0.0002208353771567516,0.00012812990310436502,9.616512573912911e-05,5.908312787246985e-05,0.0002295562501103637
again,51,5,4,0.00038124285169653085,0.00039750367888215276,0.00034828297622547605,0.0003619985085280506,0.0004056152820834941,0.0006062639425991653
against,68,7,6,0.00038124285169653085,0.00028393119920153793,0.0001964862978263494,0.00014507809976654283,0.0001548063938549276,0.0008063899042338411
age,8,3,2,0.00038124285169653085,0.0006625061314702545,0.0008305234720487999,0.0016716921057774523,0.0010627710714187356,0.00010006298081733804
agency,16,6,6,0.00038124285169653085,0.0003312530657351272,0.00025540261425089115,0.00015707113439413758,0.00025058299844920657,0.00019423990393953826
agent,7,5,5,0.00038124285169653085,0.00039750367888215276,0.00034828297622547605,0.00024076914737248623,0.0004056152820834941,8.829086542706294e-05
agents,12,6,6,0.00038124285169653085,0.0003312530657351272,0.00025540261425089115,0.00015707113439413758,0.00025058299844920657,0.00014715144237843818
ago,24,3,3,0.00038124285169653085,0.0006625061314702545,0.0008305234720487999,0.0007967906891717805,0.0010627710714187356,0.00028841682706173886
agree,13,5,4,0.00038124285169653085,0.00039750367888215276,0.00034828297622547605,0.0003619985085280506,0.0004056152820834941,0.0001589235577687132
agreed,12,6,5,0.00038124285169653085,0.0003312530657351272,0.00025540261425089115,0.0002191807834560667,0.00025058299844920657,0.00014715144237843818
agreement,66,9,8,0.00038124285169653085,0.0002208353771567516,0.00012812990310436502,7.53417297328084e-05,5.908312787246985e-05,0.000782845673453291
ahead,11,5,4,0.00038124285169653085,0.00039750367888215276,0.00034828297622547605,0.0003619985085280506,0.0004056152820834941,0.0001353793269881631
ahmed,8,5,4,0.00038124285169653085,0.00039750367888215276,0.00034828297622547605,0.0003619985085280506,0.0004056152820834941,0.00010006298081733804
aid,9,3,2,0.00038124285169653085,0.0006625061314702545,0.0008305234720487999,0.0016716921057774523,0.0010627710714187356,0.00011183509620761298
air,18,3,2,0.00038124285169653085,0.0006625061314702545,0.0008305234720487999,0.0016716921057774523,0.0010627710714187356,0.00021778413472008836
aires,6,5,4,0.00038124285169653085,0.00039750367888215276,0.00034828297622547605,0.0003619985085280506,0.0004056152820834941,7.65187500367878e-05
airport,5,7,6,0.00038124285169653085,0.00028393119920153793,0.0001964862978263494,0.00014507809976654283,0.0001548063938549276,6.47466346465128e-05
al,115,2,2,0.00038124285169653085,0.0009937591972053819,0.0016554907232327733,0.0020600976577472676,0.0017202930389990817,0.0013596793275767692
alabama,11,7,7,0.00038124285169653085,0.00028393119920153793,0.0001964862978263494,0.00010945978702192117,0.0001548063938549276,0.0001353793269881631
alberta,8,7,6,0.00038124285169653085,0.00028393119920153793,0.0001964862978263494,0.00014507809976654283,0.0001548063938549276,0.00010006298081733804
alito,7,5,5,0.00038124285169653085,0.00039750367888215276,0.00034828297622547605,0.00024076914737248623,0.0004056152820834941,8.829086542706294e-05
all,278,3,2,0.00038124285169653085,0.0006625061314702545,0.0008305234720487999,0.0016716921057774523,0.0010627710714187356,0.0032785341361916027
allegations,5,11,9,0.00038124285169653085,0.00018068349040097835,9.10723338548153e-05,5.478333276833534e-05,2.2549559564483765e-05,6.47466346465128e-05
alleged,8,7,5,0.00038124285169653085,0.00028393119920153793,0.0001964862978263494,0.00020244541870664064,0.0001548063938549276,0.00010006298081733804
allegedly,6,9,8,0.00038124285169653085,0.0002208353771567516,0.00012812990310436502,7.53417297328084e-05,5.908312787246985e-05,7.65187500367878e-05
alliance,13,8,6,0.00038124285169653085,0.00024843979930134564,0.00015655740218654355,0.00013543201643637974,9.563705329842936e-05,0.0001589235577687132
allies,6,6,4,0.00038124285169653085,0.0003312530657351272,0.00025540261425089115,0.00032954021549262946,0.00025058299844920657,7.65187500367878e-05
allocated,8,9,8,0.00038124285169653085,0.0002208353771567516,0.00012812990310436502,7.53417297328084e-05,5.908312787246985e-05,0.00010006298081733804
allow,12,5,3,0.00038124285169653085,0.00039750367888215276,0.00034828297622547605,0.0006124012352505361,0.0004056152820834941,0.00014715144237843818
allowed,11,7,4,0.00038124285169653085,0.00028393119920153793,0.0001964862978263494,0.00030437844894123353,0.0001548063938549276,0.0001353793269881631
almost,28,6,6,0.00038124285169653085,0.0003312530657351272,0.00025540261425089115,0.00015707113439413758,0.00025058299844920657,0.000335505288622839
alone,7,5,4,0.00038124285169653085,0.00039750367888215276,0.00034828297622547605,0.0003619985085280506,0.0004056152820834941,8.829086542706294e-05
along,30,5,4,0.00038124285169653085,0.00039750367888215276,0.00034828297622547605,0.0003619985085280506,0.0004056152820834941,0.0003590495194033891
already,58,7,6,0.00038124285169653085,0.00028393119920153793,0.0001964862978263494,0.00014507809976654283,0.0001548063938549276,0.0006886687503310907
also,173,4,4,0.00038124285169653085,0.0004968795986026909,0.0005090965792197441,0.00040610649755635955,0.0006565639252378155,0.002042462020212722
alt,11,3,3,0.00038124285169653085,0.0006625061314702545,0.0008305234720487999,0.0007967906891717805,0.0010627710714187356,0.0001353793269881631
alternative,9,11,9,0.00038124285169653085,0.00018068349040097835,9.10723338548153e-05,5.478333276833534e-05,2.2549559564483765e-05,0.00011183509620761298
although,30,8,4,0.00038124285169653085,0.00024843979930134564,0.00015655740218654355,0.0002841406605560981,9.563705329842936e-05,0.0003590495194033891
always,30,6,5,0.00038124285169653085,0.0003312530657351272,0.00025540261425089115,0.0002191807834560667,0.00025058299844920657,0.0003590495194033891
am,213,2,2,0.00038124285169653085,0.0009937591972053819,0.0016554907232327733,0.0020600976577472676,0.0017202930389990817,0.002513346635823724
ambitious,5,9,7,0.00038124285169653085,0.0002208353771567516,0.00012812990310436502,9.616512573912911e-05,5.908312787246985e-05,6.47466346465128e-05
amendment,5,9,9,0.00038124285169653085,0.0002208353771567516,0.00012812990310436502,6.0750914866702875e-05,5.908312787246985e-05,6.47466346465128e-05
america,27,7,7,0.00038124285169653085,0.00028393119920153793,0.0001964862978263494,0.00010945978702192117,0.0001548063938549276,0.0003237331732325643
american,59,8,8,0.00038124285169653085,0.00024843979930134564,0.00015655740218654355,8.005566470952506e-05,9.563705329842936e-05,0.0007004408657213658
americans,36,9,9,0.00038124285169653085,0.0002208353771567516,0.00012812990310436502,6.0750914866702875e-05,5.908312787246985e-05,0.0004296822117450397
ames,8,4,3,0.00038124285169653085,0.0004968795986026909,0.0005090965792197441,0.0006870197387222442,0.0006565639252378155,0.00010006298081733804
among,26,5,4,0.00038124285169653085,0.00039750367888215276,0.00034828297622547605,0.0003619985085280506,0.0004056152820834941,0.00031196105784228904
amount,60,6,5,0.00038124285169653085,0.0003312530657351272,0.00025540261425089115,0.0002191807834560667,0.00025058299844920657,0.0007122129811116409
amy,5,3,3,0.00038124285169653085,0.0006625061314702545,0.0008305234720487999,0.0007967906891717805,0.0010627710714187356,6.47466346465128e-05
an,326,2,2,0.00038124285169653085,0.0009937591972053819,0.0016554907232327733,0.0020600976577472676,0.0017202930389990817,0.0038435956749248044
analysis,19,8,8,0.00038124285169653085,0.00024843979930134564,0.00015655740218654355,8.005566470952506e-05,9.563705329842936e-05,0.0002295562501103637
analyst,14,7,7,0.00038124285169653085,0.00028393119920153793,0.0001964862978263494,0.00010945978702192117,0.0001548063938549276,0.00017069567315898835
analysts,7,8,8,0.00038124285169653085,0.00024843979930134564,0.00015655740218654355,8.005566470952506e-05,9.563705329842936e-05,8.829086542706294e-05
and,2472,3,3,0.00038124285169653085,0.0006625061314702545,0.0008305234720487999,0.0007967906891717805,0.0010627710714187356,0.029106555302455067
animal,6,6,6,0.00038124285169653085,0.0003312530657351272,0.00025540261425089115,0.00015707113439413758,0.00025058299844920657,7.65187500367878e-05
animals,24,7,7,0.00038124285169653085,0.00028393119920153793,0.0001964862978263494,0.00010945978702192117,0.0001548063938549276,0.00028841682706173886
announced,7,9,6,0.00038124285169653085,0.0002208353771567516,0.00012812990310436502,0.0001274573437937484,5.908312787246985e-05,8.829086542706294e-05
another,65,7,5,0.00038124285169653085,0.00028393119920153793,0.0001964862978263494,0.00020244541870664064,0.0001548063938549276,0.0007710735580630163
answer,12,6,4,0.00038124285169653085,0.0003312530657351272,0.00025540261425089115,0.00032954021549262946,0.00025058299844920657,0.00014715144237843818
answers,7,7,5,0.00038124285169653085,0.00028393119920153793,0.0001964862978263494,0.00020244541870664064,0.0001548063938549276,8.829086542706294e-05
anthrax,39,7,7,0.00038124285169653085,0.00028393119920153793,0.0001964862978263494,0.00010945978702192117,0.0001548063938549276,0.00046499855791586454
anti,14,4,4,0.00038124285169653085,0.0004968795986026909,0.0005090965792197441,0.00040610649755635955,0.0006565639252378155,0.00017069567315898835
antonio,8,7,7,0.00038124285169653085,0.00028393119920153793,0.0001964862978263494,0.00010945978702192117,0.0001548063938549276,0.00010006298081733804
any,197,3,3,0.00038124285169653085,0.0006625061314702545,0.0008305234720487999,0.0007967906891717805,0.0010627710714187356,0.002324992789579323
anyone,40,6,6,0.00038124285169653085,0.0003312530657351272,0.00025540261425089115,0.00015707113439413758,0.00025058299844920657,0.0004767706733061398
anything,38,8,6,0.00038124285169653085,0.00024843979930134564,0.00015655740218654355,0.00013543201643637974,9.563705329842936e-05,0.0004532264425255896
anyway,12,6,5,0.00038124285169653085,0.0003312530657351272,0.00025540261425089115,0.0002191807834560667,0.00025058299844920657,0.00014715144237843818
apartment,5,9,9,0.00038124285169653085,0.0002208353771567516,0.00012812990310436502,6.0750914866702875e-05,5.908312787246985e-05,6.47466346465128e-05
apparently,7,10,9,0.00038124285169653085,0.00019875183944107635,0.00010710399599861124,5.7540833262736305e-05,3.6500664531159836e-05,8.829086542706294e-05
appeared,6,8,5,0.00038124285169653085,0.00024843979930134564,0.00015655740218654355,0.0001889850454194499,9.563705329842936e-05,7.65187500367878e-05
appears,10,7,5,0.00038124285169653085,0.00028393119920153793,0.0001964862978263494,0.00020244541870664064,0.0001548063938549276,0.000123607211597888
application,17,11,9,0.00038124285169653085,0.00018068349040097835,9.10723338548153e-05,5.478333276833534e-05,2.2549559564483765e-05,0.0002060120193298133
apply,8,5,4,0.00038124285169653085,0.00039750367888215276,0.00034828297622547605,0.0003619985085280506,0.0004056152820834941,0.00010006298081733804
appreciate,7,10,8,0.00038124285169653085,0.00019875183944107635,0.00010710399599861124,7.13606686877693e-05,3.6500664531159836e-05,8.829086542706294e-05
appreciated,8,11,10,0.00038124285169653085,0.00018068349040097835,9.10723338548153e-05,4.518822339255976e-05,2.2549559564483765e-05,0.00010006298081733804
approach,6,8,5,0.00038124285169653085,0.00024843979930134564,0.00015655740218654355,0.0001889850454194499,9.563705329842936e-05,7.65187500367878e-05
appropriate,9,11,9,0.00038124285169653085,0.00018068349040097835,9.10723338548153e-05,5.478333276833534e-05,2.2549559564483765e-05,0.00011183509620761298
appropriations,9,14,12,0.00038124285169653085,0.00014196559960076894,6.042347485439901e-05,2.859920681272414e-05,5.316795311180411e-06,0.00011183509620761298
approval,14,8,7,0.00038124285169653085,0.00024843979930134564,0.00015655740218654355,0.00010218192614137219,9.563705329842936e-05,0.00017069567315898835
approve,9,7,5,0.00038124285169653085,0.00028393119920153793,0.0001964862978263494,0.00020244541870664064,0.0001548063938549276,0.00011183509620761298
approved,22,8,6,0.00038124285169653085,0.00024843979930134564,0.00015655740218654355,0.00013543201643637974,9.563705329842936e-05,0.00026487259628118863
approximately,6,13,12,0.00038124285169653085,0.00015288603033928946,6.854248002491098e-05,2.9712366059972322e-05,8.606224058579877e-06,7.65187500367878e-05
april,41,5,5,0.00038124285169653085,0.00039750367888215276,0.00034828297622547605,0.00024076914737248623,0.0004056152820834941,0.0004885427886964148
arab,24,4,4,0.00038124285169653085,0.0004968795986026909,0.0005090965792197441,0.00040610649755635955,0.0006565639252378155,0.00028841682706173886
arabia,8,6,6,0.00038124285169653085,0.0003312530657351272,0.00025540261425089115,0.00015707113439413758,0.00025058299844920657,0.00010006298081733804
archibald,18,9,8,0.00038124285169653085,0.0002208353771567516,0.00012812990310436502,7.53417297328084e-05,5.908312787246985e-05,0.00021778413472008836
arctic,9,6,6,0.00038124285169653085,0.0003312530657351272,0.00025540261425089115,0.00015707113439413758,0.00025058299844920657,0.00011183509620761298
are,598,3,2,0.00038124285169653085,0.0006625061314702545,0.0008305234720487999,0.0016716921057774523,0.0010627710714187356,0.0070456110610796225
area,15,4,4,0.00038124285169653085,0.0004968795986026909,0.0005090965792197441,0.00040610649755635955,0.0006565639252378155,0.00018246778854926347
areas,18,5,5,0.00038124285169653085,0.00039750367888215276,0.00034828297622547605,0.00024076914737248623,0.0004056152820834941,0.00021778413472008836
argentina,6,9,9,0.00038124285169653085,0.0002208353771567516,0.00012812990310436502,6.0750914866702875e-05,5.908312787246985e-05,7.65187500367878e-05
argue,5,5,5,0.00038124285169653085,0.00039750367888215276,0.00034828297622547605,0.00024076914737248623,0.0004056152820834941,6.47466346465128e-05
argued,5,6,6,0.00038124285169653085,0.0003312530657351272,0.00025540261425089115,0.00015707113439413758,0.00025058299844920657,6.47466346465128e-05
argument,7,8,9,0.00038124285169653085,0.00024843979930134564,0.00015655740218654355,6.455194071882091e-05,9.563705329842936e-05,8.829086542706294e-05
armed,9,5,4,0.00038124285169653085,0.00039750367888215276,0.00034828297622547605,0.0003619985085280506,0.0004056152820834941,0.00011183509620761298
arms,23,4,4,0.00038124285169653085,0.0004968795986026909,0.0005090965792197441,0.00040610649755635955,0.0006565639252378155,0.00027664471167146394
army,28,4,4,0.00038124285169653085,0.0004968795986026909,0.0005090965792197441,0.00040610649755635955,0.0006565639252378155,0.000335505288622839
around,42,6,4,0.00038124285169653085,0.0003312530657351272,0.00025540261425089115,0.00032954021549262946,0.00025058299844920657,0.0005003149040866898
arrange,6,7,4,0.00038124285169653085,0.00028393119920153793,0.0001964862978263494,0.00030437844894123353,0.0001548063938549276,7.65187500367878e-05
arrest,12,6,4,0.00038124285169653085,0.0003312530657351272,0.00025540261425089115,0.00032954021549262946,0.00025058299844920657,0.00014715144237843818
arrested,6,8,6,0.00038124285169653085,0.00024843979930134564,0.00015655740218654355,0.00013543201643637974,9.563705329842936e-05,7.65187500367878e-05
arrive,5,6,3,0.00038124285169653085,0.0003312530657351272,0.00025540261425089115,0.0005574907914759439,0.00025058299844920657,6.47466346465128e-05
art,10,3,3,0.00038124285169653085,0.0006625061314702545,0.0008305234720487999,0.0007967906891717805,0.0010627710714187356,0.000123607211597888
article,21,7,7,0.00038124285169653085,0.00028393119920153793,0.0001964862978263494,0.00010945978702192117,0.0001548063938549276,0.0002531004808909135
as,628,2,2,0.00038124285169653085,0.0009937591972053819,0.0016554907232327733,0.0020600976577472676,0.0017202930389990817,0.007398774522787871
asap,8,4,6,0.00038124285169653085,0.0004968795986026909,0.0005090965792197441,0.00019356547473470392,0.0006565639252378155,0.00010006298081733804
asia,9,4,3,0.00038124285169653085,0.0004968795986026909,0.0005090965792197441,0.0006870197387222442,0.0006565639252378155,0.00011183509620761298
aside,5,5,4,0.00038124285169653085,0.00039750367888215276,0.00034828297622547605,0.0003619985085280506,0.0004056152820834941,6.47466346465128e-05
ask,12,3,3,0.00038124285169653085,0.0006625061314702545,0.0008305234720487999,0.0007967906891717805,0.0010627710714187356,0.00014715144237843818
asked,25,5,4,0.00038124285169653085,0.00039750367888215276,0.00034828297622547605,0.0003619985085280506,0.0004056152820834941,0.00030018894245201395
asking,11,6,5,0.00038124285169653085,0.0003312530657351272,0.00025540261425089115,0.0002191807834560667,0.00025058299844920657,0.0001353793269881631
aspects,5,7,7,0.00038124285169653085,0.00028393119920153793,0.0001964862978263494,0.00010945978702192117,0.0001548063938549276,6.47466346465128e-05
assassination,9,13,10,0.00038124285169653085,0.00015288603033928946,6.854248002491098e-05,4.1461339771168234e-05,8.606224058579877e-06,0.00011183509620761298
assets,9,6,5,0.00038124285169653085,0.0003312530657351272,0.00025540261425089115,0.0002191807834560667,0.00025058299844920657,0.00011183509620761298
assigned,12,8,5,0.00038124285169653085,0.00024843979930134564,0.00015655740218654355,0.0001889850454194499,9.563705329842936e-05,0.00014715144237843818
assist,5,6,5,0.00038124285169653085,0.0003312530657351272,0.00025540261425089115,0.0002191807834560667,0.00025058299844920657,6.47466346465128e-05
assistance,13,10,8,0.00038124285169653085,0.00019875183944107635,0.00010710399599861124,7.13606686877693e-05,3.6500664531159836e-05,0.0001589235577687132
assistant,8,9,8,0.00038124285169653085,0.0002208353771567516,0.00012812990310436502,7.53417297328084e-05,5.908312787246985e-05,0.00010006298081733804
associate,10,9,7,0.00038124285169653085,0.0002208353771567516,0.00012812990310436502,9.616512573912911e-05,5.908312787246985e-05,0.000123607211597888
associated,8,10,9,0.00038124285169653085,0.00019875183944107635,0.00010710399599861124,5.7540833262736305e-05,3.6500664531159836e-05,0.00010006298081733804
assume,11,6,4,0.00038124285169653085,0.0003312530657351272,0.00025540261425089115,0.00032954021549262946,0.00025058299844920657,0.0001353793269881631
astronauts,5,10,9,0.00038124285169653085,0.00019875183944107635,0.00010710399599861124,5.7540833262736305e-05,3.6500664531159836e-05,6.47466346465128e-05
asymmetrical,6,12,11,0.00038124285169653085,0.0001656265328675636,7.854142304403973e-05,3.630013456419744e-05,1.3930777510040114e-05,7.65187500367878e-05
at,426,2,2,0.00038124285169653085,0.0009937591972053819,0.0016554907232327733,0.0020600976577472676,0.0017202930389990817,0.00502080721395231
atlanta,5,7,7,0.00038124285169653085,0.00028393119920153793,0.0001964862978263494,0.00010945978702192117,0.0001548063938549276,6.47466346465128e-05
attached,76,8,5,0.00038124285169653085,0.00024843979930134564,0.00015655740218654355,0.0001889850454194499,9.563705329842936e-05,0.0009005668273560421
attachment,10,10,8,0.00038124285169653085,0.00019875183944107635,0.00010710399599861124,7.13606686877693e-05,3.6500664531159836e-05,0.000123607211597888
attack,28,6,4,0.00038124285169653085,0.0003312530657351272,0.00025540261425089115,0.00032954021549262946,0.00025058299844920657,0.000335505288622839
attacks,20,7,5,0.00038124285169653085,0.00028393119920153793,0.0001964862978263494,0.00020244541870664064,0.0001548063938549276,0.0002413283655006388
attempt,10,7,6,0.00038124285169653085,0.00028393119920153793,0.0001964862978263494,0.00014507809976654283,0.0001548063938549276,0.000123607211597888
attend,20,6,5,0.00038124285169653085,0.0003312530657351272,0.00025540261425089115,0.0002191807834560667,0.00025058299844920657,0.0002413283655006388
attention,11,9,7,0.00038124285169653085,0.0002208353771567516,0.00012812990310436502,9.616512573912911e-05,5.908312787246985e-05,0.0001353793269881631
attorney,9,8,5,0.00038124285169653085,0.00024843979930134564,0.00015655740218654355,0.0001889850454194499,9.563705329842936e-05,0.00011183509620761298
attorneys,5,9,6,0.00038124285169653085,0.0002208353771567516,0.00012812990310436502,0.0001274573437937484,5.908312787246985e-05,6.47466346465128e-05
audit,17,5,4,0.00038124285169653085,0.00039750367888215276,0.00034828297622547605,0.0003619985085280506,0.0004056152820834941,0.0002060120193298133
august,20,6,5,0.00038124285169653085,0.0003312530657351272,0.00025540261425089115,0.0002191807834560667,0.00025058299844920657,0.0002413283655006388
austin,7,6,5,0.00038124285169653085,0.0003312530657351272,0.00025540261425089115,0.0002191807834560667,0.00025058299844920657,8.829086542706294e-05
author,8,6,3,0.00038124285169653085,0.0003312530657351272,0.00025540261425089115,0.0005574907914759439,0.00025058299844920657,0.00010006298081733804
authorities,11,11,8,0.00038124285169653085,0.00018068349040097835,9.10723338548153e-05,6.794088715125928e-05,2.2549559564483765e-05,0.0001353793269881631
authority,13,9,7,0.00038124285169653085,0.0002208353771567516,0.00012812990310436502,9.616512573912911e-05,5.908312787246985e-05,0.0001589235577687132
availability,5,12,11,0.00038124285169653085,0.0001656265328675636,7.854142304403973e-05,3.630013456419744e-05,1.3930777510040114e-05,6.47466346465128e-05
available,27,9,8,0.00038124285169653085,0.0002208353771567516,0.00012812990310436502,7.53417297328084e-05,5.908312787246985e-05,0.0003237331732325643
average,9,7,5,0.00038124285169653085,0.00028393119920153793,0.0001964862978263494,0.00020244541870664064,0.0001548063938549276,0.00011183509620761298
aware,13,5,4,0.00038124285169653085,0.00039750367888215276,0.00034828297622547605,0.0003619985085280506,0.0004056152820834941,0.0001589235577687132
away,27,4,3,0.00038124285169653085,0.0004968795986026909,0.0005090965792197441,0.0006870197387222442,0.0006565639252378155,0.0003237331732325643
b,40,1,2,0.00038124285169653085,0.0019875183944107638,0.0053833587703735275,0.002944383400722856,0.0027846148804916812,0.0004767706733061398
baba,7,4,4,0.00038124285169653085,0.0004968795986026909,0.0005090965792197441,0.00040610649755635955,0.0006565639252378155,8.829086542706294e-05
baby,6,4,4,0.00038124285169653085,0.0004968795986026909,0.0005090965792197441,0.00040610649755635955,0.0006565639252378155,7.65187500367878e-05
back,75,4,3,0.00038124285169653085,0.0004968795986026909,0.0005090965792197441,0.0006870197387222442,0.0006565639252378155,0.0008887947119657664
backed,7,6,4,0.00038124285169653085,0.0003312530657351272,0.00025540261425089115,0.00032954021549262946,0.00025058299844920657,8.829086542706294e-05
bad,27,3,3,0.00038124285169653085,0.0006625061314702545,0.0008305234720487999,0.0007967906891717805,0.0010627710714187356,0.0003237331732325643
baghdad,11,7,6,0.00038124285169653085,0.00028393119920153793,0.0001964862978263494,0.00014507809976654283,0.0001548063938549276,0.0001353793269881631
balance,14,7,6,0.00038124285169653085,0.00028393119920153793,0.0001964862978263494,0.00014507809976654283,0.0001548063938549276,0.00017069567315898835
balances,8,8,8,0.00038124285169653085,0.00024843979930134564,0.00015655740218654355,8.005566470952506e-05,9.563705329842936e-05,0.00010006298081733804
band,16,4,4,0.00038124285169653085,0.0004968795986026909,0.0005090965792197441,0.00040610649755635955,0.0006565639252378155,0.00019423990393953826
bangladesh,6,10,8,0.00038124285169653085,0.00019875183944107635,0.00010710399599861124,7.13606686877693e-05,3.6500664531159836e-05,7.65187500367878e-05
bangs,6,5,4,0.00038124285169653085,0.00039750367888215276,0.00034828297622547605,0.0003619985085280506,0.0004056152820834941,7.65187500367878e-05
bank,12,4,4,0.00038124285169653085,0.0004968795986026909,0.0005090965792197441,0.00040610649755635955,0.0006565639252378155,0.00014715144237843818
banks,6,5,5,0.00038124285169653085,0.00039750367888215276,0.00034828297622547605,0.00024076914737248623,0.0004056152820834941,7.65187500367878e-05
barclays,6,8,7,0.00038124285169653085,0.00024843979930134564,0.00015655740218654355,0.00010218192614137219,9.563705329842936e-05,7.65187500367878e-05
base,16,4,3,0.00038124285169653085,0.0004968795986026909,0.0005090965792197441,0.0006870197387222442,0.0006565639252378155,0.00019423990393953826
based,39,5,4,0.00038124285169653085,0.00039750367888215276,0.00034828297622547605,0.0003619985085280506,0.0004056152820834941,0.00046499855791586454
basic,5,5,5,0.00038124285169653085,0.00039750367888215276,0.00034828297622547605,0.00024076914737248623,0.0004056152820834941,6.47466346465128e-05
basis,20,5,5,0.00038124285169653085,0.00039750367888215276,0.00034828297622547605,0.00024076914737248623,0.0004056152820834941,0.0002413283655006388
bay,6,3,2,0.00038124285169653085,0.0006625061314702545,0.0008305234720487999,0.0016716921057774523,0.0010627710714187356,7.65187500367878e-05
bc,5,2,4,0.00038124285169653085,0.0009937591972053819,0.0016554907232327733,0.0005804255083898234,0.0017202930389990817,6.47466346465128e-05
be,651,2,2,0.00038124285169653085,0.0009937591972053819,0.0016554907232327733,0.0020600976577472676,0.0017202930389990817,0.007669533176764197
bear,15,4,3,0.00038124285169653085,0.0004968795986026909,0.0005090965792197441,0.0006870197387222442,0.0006565639252378155,0.00018246778854926347
bears,7,5,4,0.00038124285169653085,0.00039750367888215276,0.00034828297622547605,0.0003619985085280506,0.0004056152820834941,8.829086542706294e-05
beat,7,4,3,0.00038124285169653085,0.0004968795986026909,0.0005090965792197441,0.0006870197387222442,0.0006565639252378155,8.829086542706294e-05
beatles,16,7,6,0.00038124285169653085,0.00028393119920153793,0.0001964862978263494,0.00014507809976654283,0.0001548063938549276,0.00019423990393953826
beautiful,7,9,8,0.00038124285169653085,0.0002208353771567516,0.00012812990310436502,7.53417297328084e-05,5.908312787246985e-05,8.829086542706294e-05
became,11,6,5,0.00038124285169653085,0.0003312530657351272,0.00025540261425089115,0.0002191807834560667,0.00025058299844920657,0.0001353793269881631
because,91,7,5,0.00038124285169653085,0.00028393119920153793,0.0001964862978263494,0.00020244541870664064,0.0001548063938549276,0.0010771485582101678
become,35,6,5,0.00038124285169653085,0.0003312530657351272,0.00025540261425089115,0.0002191807834560667,0.00025058299844920657,0.00041791009635476435
becomes,5,7,6,0.00038124285169653085,0.00028393119920153793,0.0001964862978263494,0.00014507809976654283,0.0001548063938549276,6.47466346465128e-05
becoming,5,8,7,0.00038124285169653085,0.00024843979930134564,0.00015655740218654355,0.00010218192614137219,9.563705329842936e-05,6.47466346465128e-05
been,197,4,3,0.00038124285169653085,0.0004968795986026909,0.0005090965792197441,0.0006870197387222442,0.0006565639252378155,0.002324992789579323
before,89,6,5,0.00038124285169653085,0.0003312530657351272,0.00025540261425089115,0.0002191807834560667,0.00025058299844920657,0.0010536043274296171
began,9,5,5,0.00038124285169653085,0.00039750367888215276,0.00034828297622547605,0.00024076914737248623,0.0004056152820834941,0.00011183509620761298
begin,11,5,5,0.00038124285169653085,0.00039750367888215276,0.00034828297622547605,0.00024076914737248623,0.0004056152820834941,0.0001353793269881631
beginning,14,9,7,0.00038124285169653085,0.0002208353771567516,0.00012812990310436502,9.616512573912911e-05,5.908312787246985e-05,0.00017069567315898835
begun,6,5,5,0.00038124285169653085,0.00039750367888215276,0.00034828297622547605,0.00024076914737248623,0.0004056152820834941,7.65187500367878e-05
behavior,8,8,7,0.00038124285169653085,0.00024843979930134564,0.00015655740218654355,0.00010218192614137219,9.563705329842936e-05,0.00010006298081733804
behind,22,6,6,0.00038124285169653085,0.0003312530657351272,0.00025540261425089115,0.00015707113439413758,0.00025058299844920657,0.00026487259628118863
being,85,5,4,0.00038124285169653085,0.00039750367888215276,0.00034828297622547605,0.0003619985085280506,0.0004056152820834941,0.0010065158658685174
beings,5,6,5,0.00038124285169653085,0.0003312530657351272,0.00025540261425089115,0.0002191807834560667,0.00025058299844920657,6.47466346465128e-05
belief,6,6,5,0.00038124285169653085,0.0003312530657351272,0.00025540261425089115,0.0002191807834560667,0.00025058299844920657,7.65187500367878e-05
believe,45,7,5,0.00038124285169653085,0.00028393119920153793,0.0001964862978263494,0.00020244541870664064,0.0001548063938549276,0.0005356312502575152
believed,11,8,6,0.00038124285169653085,0.00024843979930134564,0.00015655740218654355,0.00013543201643637974,9.563705329842936e-05,0.0001353793269881631
believes,11,8,6,0.00038124285169653085,0.00024843979930134564,0.00015655740218654355,0.00013543201643637974,9.563705329842936e-05,0.0001353793269881631
below,46,5,4,0.00038124285169653085,0.00039750367888215276,0.00034828297622547605,0.0003619985085280506,0.0004056152820834941,0.0005474033656477901
ben,13,3,3,0.00038124285169653085,0.0006625061314702545,0.0008305234720487999,0.0007967906891717805,0.0010627710714187356,0.0001589235577687132
benefit,16,7,7,0.00038124285169653085,0.00028393119920153793,0.0001964862978263494,0.00010945978702192117,0.0001548063938549276,0.00019423990393953826
benefits,6,8,8,0.00038124285169653085,0.00024843979930134564,0.00015655740218654355,8.005566470952506e-05,9.563705329842936e-05,7.65187500367878e-05
berkeley,5,8,5,0.00038124285169653085,0.00024843979930134564,0.00015655740218654355,0.0001889850454194499,9.563705329842936e-05,6.47466346465128e-05
best,49,4,4,0.00038124285169653085,0.0004968795986026909,0.0005090965792197441,0.00040610649755635955,0.0006565639252378155,0.000582719711818615
better,27,6,4,0.00038124285169653085,0.0003312530657351272,0.00025540261425089115,0.00032954021549262946,0.00025058299844920657,0.0003237331732325643
between,63,7,6,0.00038124285169653085,0.00028393119920153793,0.0001964862978263494,0.00014507809976654283,0.0001548063938549276,0.0007475293272824657
beyond,16,6,5,0.00038124285169653085,0.0003312530657351272,0.00025540261425089115,0.0002191807834560667,0.00025058299844920657,0.00019423990393953826
big,25,3,3,0.00038124285169653085,0.0006625061314702545,0.0008305234720487999,0.0007967906891717805,0.0010627710714187356,0.00030018894245201395
bigger,5,6,4,0.00038124285169653085,0.0003312530657351272,0.00025540261425089115,0.00032954021549262946,0.00025058299844920657,6.47466346465128e-05
biggest,5,7,6,0.00038124285169653085,0.00028393119920153793,0.0001964862978263494,0.00014507809976654283,0.0001548063938549276,6.47466346465128e-05
bill,32,4,3,0.00038124285169653085,0.0004968795986026909,0.0005090965792197441,0.0006870197387222442,0.0006565639252378155,0.0003825937501839394
billion,19,7,6,0.00038124285169653085,0.00028393119920153793,0.0001964862978263494,0.00014507809976654283,0.0001548063938549276,0.0002295562501103637
billions,5,8,7,0.00038124285169653085,0.00024843979930134564,0.00015655740218654355,0.00010218192614137219,9.563705329842936e-05,6.47466346465128e-05
bin,19,3,3,0.00038124285169653085,0.0006625061314702545,0.0008305234720487999,0.0007967906891717805,0.0010627710714187356,0.0002295562501103637
biological,15,10,10,0.00038124285169653085,0.00019875183944107635,0.00010710399599861124,4.74627573073367e-05,3.6500664531159836e-05,0.00018246778854926347
birds,6,5,4,0.00038124285169653085,0.00039750367888215276,0.00034828297622547605,0.0003619985085280506,0.0004056152820834941,7.65187500367878e-05
birth,7,5,3,0.00038124285169653085,0.00039750367888215276,0.00034828297622547605,0.0006124012352505361,0.0004056152820834941,8.829086542706294e-05
bit,13,3,3,0.00038124285169653085,0.0006625061314702545,0.0008305234720487999,0.0007967906891717805,0.0010627710714187356,0.0001589235577687132
black,15,5,4,0.00038124285169653085,0.00039750367888215276,0.00034828297622547605,0.0003619985085280506,0.0004056152820834941,0.00018246778854926347
blair,5,5,4,0.00038124285169653085,0.00039750367888215276,0.00034828297622547605,0.0003619985085280506,0.0004056152820834941,6.47466346465128e-05
blanket,5,7,7,0.00038124285169653085,0.00028393119920153793,0.0001964862978263494,0.00010945978702192117,0.0001548063938549276,6.47466346465128e-05
blind,8,5,5,0.00038124285169653085,0.00039750367888215276,0.00034828297622547605,0.00024076914737248623,0.0004056152820834941,0.00010006298081733804
blog,7,4,4,0.00038124285169653085,0.0004968795986026909,0.0005090965792197441,0.00040610649755635955,0.0006565639252378155,8.829086542706294e-05
blood,6,5,4,0.00038124285169653085,0.00039750367888215276,0.00034828297622547605,0.0003619985085280506,0.0004056152820834941,7.65187500367878e-05
blount,7,6,5,0.00038124285169653085,0.0003312530657351272,0.00025540261425089115,0.0002191807834560667,0.00025058299844920657,8.829086542706294e-05
blue,9,4,3,0.00038124285169653085,0.0004968795986026909,0.0005090965792197441,0.0006870197387222442,0.0006565639252378155,0.00011183509620761298
board,21,5,4,0.00038124285169653085,0.00039750367888215276,0.00034828297622547605,0.0003619985085280506,0.0004056152820834941,0.0002531004808909135
boat,7,4,3,0.00038124285169653085,0.0004968795986026909,0.0005090965792197441,0.0006870197387222442,0.0006565639252378155,8.829086542706294e-05
bob,14,3,3,0.00038124285169653085,0.0006625061314702545,0.0008305234720487999,0.0007967906891717805,0.0010627710714187356,0.00017069567315898835
bobby,7,5,4,0.00038124285169653085,0.00039750367888215276,0.00034828297622547605,0.0003619985085280506,0.0004056152820834941,8.829086542706294e-05
bodies,6,6,5,0.00038124285169653085,0.0003312530657351272,0.00025540261425089115,0.0002191807834560667,0.00025058299844920657,7.65187500367878e-05
body,18,4,4,0.00038124285169653085,0.0004968795986026909,0.0005090965792197441,0.00040610649755635955,0.0006565639252378155,0.00021778413472008836
bombing,5,7,5,0.00038124285169653085,0.00028393119920153793,0.0001964862978263494,0.00020244541870664064,0.0001548063938549276,6.47466346465128e-05
bombings,7,8,6,0.00038124285169653085,0.00024843979930134564,0.00015655740218654355,0.00013543201643637974,9.563705329842936e-05,8.829086542706294e-05
bombs,12,5,4,0.00038124285169653085,0.00039750367888215276,0.00034828297622547605,0.0003619985085280506,0.0004056152820834941,0.00014715144237843818
book,20,4,3,0.00038124285169653085,0.0004968795986026909,0.0005090965792197441,0.0006870197387222442,0.0006565639252378155,0.0002413283655006388
booked,7,6,4,0.00038124285169653085,0.0003312530657351272,0.00025540261425089115,0.00032954021549262946,0.00025058299844920657,8.829086542706294e-05
border,11,6,5,0.00038124285169653085,0.0003312530657351272,0.00025540261425089115,0.0002191807834560667,0.00025058299844920657,0.0001353793269881631
born,10,4,4,0.00038124285169653085,0.0004968795986026909,0.0005090965792197441,0.00040610649755635955,0.0006565639252378155,0.000123607211597888
boston,5,6,6,0.00038124285169653085,0.0003312530657351272,0.00025540261425089115,0.00015707113439413758,0.00025058299844920657,6.47466346465128e-05
both,54,4,3,0.00038124285169653085,0.0004968795986026909,0.0005090965792197441,0.0006870197387222442,0.0006565639252378155,0.0006415802887699908
bowl,6,4,3,0.00038124285169653085,0.0004968795986026909,0.0005090965792197441,0.0006870197387222442,0.0006565639252378155,7.65187500367878e-05
box,7,3,4,0.00038124285169653085,0.0006625061314702545,0.0008305234720487999,0.00047099356514397167,0.0010627710714187356,8.829086542706294e-05
brain,6,5,4,0.00038124285169653085,0.00039750367888215276,0.00034828297622547605,0.0003619985085280506,0.0004056152820834941,7.65187500367878e-05
branch,7,6,5,0.00038124285169653085,0.0003312530657351272,0.00025540261425089115,0.0002191807834560667,0.00025058299844920657,8.829086542706294e-05
brazil,8,6,6,0.00038124285169653085,0.0003312530657351272,0.00025540261425089115,0.00015707113439413758,0.00025058299844920657,0.00010006298081733804
brian,6,5,5,0.00038124285169653085,0.00039750367888215276,0.00034828297622547605,0.00024076914737248623,0.0004056152820834941,7.65187500367878e-05
brief,6,5,4,0.00038124285169653085,0.00039750367888215276,0.00034828297622547605,0.0003619985085280506,0.0004056152820834941,7.65187500367878e-05
bring,16,5,4,0.00038124285169653085,0.00039750367888215276,0.00034828297622547605,0.0003619985085280506,0.0004056152820834941,0.00019423990393953826
bringing,6,8,6,0.00038124285169653085,0.00024843979930134564,0.00015655740218654355,0.00013543201643637974,9.563705329842936e-05,7.65187500367878e-05
british,9,7,6,0.00038124285169653085,0.00028393119920153793,0.0001964862978263494,0.00014507809976654283,0.0001548063938549276,0.00011183509620761298
brother,6,7,5,0.00038124285169653085,0.00028393119920153793,0.0001964862978263494,0.00020244541870664064,0.0001548063938549276,7.65187500367878e-05
brought,5,7,4,0.00038124285169653085,0.00028393119920153793,0.0001964862978263494,0.00030437844894123353,0.0001548063938549276,6.47466346465128e-05
brown,6,5,4,0.00038124285169653085,0.00039750367888215276,0.00034828297622547605,0.0003619985085280506,0.0004056152820834941,7.65187500367878e-05
budget,10,6,5,0.00038124285169653085,0.0003312530657351272,0.00025540261425089115,0.0002191807834560667,0.00025058299844920657,0.000123607211597888
buenos,6,6,6,0.00038124285169653085,0.0003312530657351272,0.00025540261425089115,0.00015707113439413758,0.00025058299844920657,7.65187500367878e-05
build,10,5,4,0.00038124285169653085,0.00039750367888215276,0.00034828297622547605,0.0003619985085280506,0.0004056152820834941,0.000123607211597888
building,6,8,6,0.00038124285169653085,0.00024843979930134564,0.00015655740218654355,0.00013543201643637974,9.563705329842936e-05,7.65187500367878e-05
bus,9,3,3,0.00038124285169653085,0.0006625061314702545,0.0008305234720487999,0.0007967906891717805,0.0010627710714187356,0.00011183509620761298
bush,181,4,3,0.00038124285169653085,0.0004968795986026909,0.0005090965792197441,0.0006870197387222442,0.0006565639252378155,0.002136638943334923
bush's,34,5,5,0.00038124285169653085,0.00039750367888215276,0.00034828297622547605,0.00024076914737248623,0.0004056152820834941,0.0004061379809644894
business,59,8,6,0.00038124285169653085,0.00024843979930134564,0.00015655740218654355,0.00013543201643637974,9.563705329842936e-05,0.0007004408657213658
but,299,3,3,0.00038124285169653085,0.0006625061314702545,0.0008305234720487999,0.0007967906891717805,0.0010627710714187356,0.0035257485593873776
button,5,6,5,0.00038124285169653085,0.0003312530657351272,0.00025540261425089115,0.0002191807834560667,0.00025058299844920657,6.47466346465128e-05
buy,11,3,2,0.00038124285169653085,0.0006625061314702545,0.0008305234720487999,0.0016716921057774523,0.0010627710714187356,0.0001353793269881631
buying,6,6,4,0.00038124285169653085,0.0003312530657351272,0.00025540261425089115,0.00032954021549262946,0.00025058299844920657,7.65187500367878e-05
by,504,2,2,0.00038124285169653085,0.0009937591972053819,0.0016554907232327733,0.0020600976577472676,0.0017202930389990817,0.005939032214393766
c,31,1,2,0.00038124285169653085,0.0019875183944107638,0.0053833587703735275,0.002944383400722856,0.0027846148804916812,0.00037082163479366443
ca,14,2,2,0.00038124285169653085,0.0009937591972053819,0.0016554907232327733,0.0020600976577472676,0.0017202930389990817,0.00017069567315898835
calculation,5,11,11,0.00038124285169653085,0.00018068349040097835,9.10723338548153e-05,3.7964606017991693e-05,2.2549559564483765e-05,6.47466346465128e-05
calendar,5,8,7,0.00038124285169653085,0.00024843979930134564,0.00015655740218654355,0.00010218192614137219,9.563705329842936e-05,6.47466346465128e-05
california,17,10,10,0.00038124285169653085,0.00019875183944107635,0.00010710399599861124,4.74627573073367e-05,3.6500664531159836e-05,0.0002060120193298133
call,100,4,3,0.00038124285169653085,0.0004968795986026909,0.0005090965792197441,0.0006870197387222442,0.0006565639252378155,0.0011830975967226428
called,48,6,4,0.00038124285169653085,0.0003312530657351272,0.00025540261425089115,0.00032954021549262946,0.00025058299844920657,0.00057094759642834
calling,7,7,5,0.00038124285169653085,0.00028393119920153793,0.0001964862978263494,0.00020244541870664064,0.0001548063938549276,8.829086542706294e-05
calls,10,5,4,0.00038124285169653085,0.00039750367888215276,0.00034828297622547605,0.0003619985085280506,0.0004056152820834941,0.000123607211597888
came,23,4,3,0.00038124285169653085,0.0004968795986026909,0.0005090965792197441,0.0006870197387222442,0.0006565639252378155,0.00027664471167146394
camp,5,4,4,0.00038124285169653085,0.0004968795986026909,0.0005090965792197441,0.00040610649755635955,0.0006565639252378155,6.47466346465128e-05
campaign,34,8,6,0.00038124285169653085,0.00024843979930134564,0.00015655740218654355,0.00013543201643637974,9.563705329842936e-05,0.0004061379809644894
can,280,3,3,0.00038124285169653085,0.0006625061314702545,0.0008305234720487999,0.0007967906891717805,0.0010627710714187356,0.003302078366972154
can't,26,4,4,0.00038124285169653085,0.0004968795986026909,0.0005090965792197441,0.00040610649755635955,0.0006565639252378155,0.00031196105784228904
canada,12,6,6,0.00038124285169653085,0.0003312530657351272,0.00025540261425089115,0.00015707113439413758,0.00025058299844920657,0.00014715144237843818
canadian,5,8,8,0.00038124285169653085,0.00024843979930134564,0.00015655740218654355,8.005566470952506e-05,9.563705329842936e-05,6.47466346465128e-05
cancer,5,6,5,0.00038124285169653085,0.0003312530657351272,0.00025540261425089115,0.0002191807834560667,0.00025058299844920657,6.47466346465128e-05
candidate,9,9,8,0.00038124285169653085,0.0002208353771567516,0.00012812990310436502,7.53417297328084e-05,5.908312787246985e-05,0.00011183509620761298
cannot,26,6,5,0.00038124285169653085,0.0003312530657351272,0.00025540261425089115,0.0002191807834560667,0.00025058299844920657,0.00031196105784228904
cap,13,3,3,0.00038124285169653085,0.0006625061314702545,0.0008305234720487999,0.0007967906891717805,0.0010627710714187356,0.0001589235577687132
capability,8,10,10,0.00038124285169653085,0.00019875183944107635,0.00010710399599861124,4.74627573073367e-05,3.6500664531159836e-05,0.00010006298081733804
capable,6,7,7,0.00038124285169653085,0.00028393119920153793,0.0001964862978263494,0.00010945978702192117,0.0001548063938549276,7.65187500367878e-05
capacity,8,8,8,0.00038124285169653085,0.00024843979930134564,0.00015655740218654355,8.005566470952506e-05,9.563705329842936e-05,0.00010006298081733804
capital,17,7,7,0.00038124285169653085,0.00028393119920153793,0.0001964862978263494,0.00010945978702192117,0.0001548063938549276,0.0002060120193298133
caps,7,4,4,0.00038124285169653085,0.0004968795986026909,0.0005090965792197441,0.00040610649755635955,0.0006565639252378155,8.829086542706294e-05
captured,6,8,6,0.00038124285169653085,0.00024843979930134564,0.00015655740218654355,0.00013543201643637974,9.563705329842936e-05,7.65187500367878e-05
car,10,3,3,0.00038124285169653085,0.0006625061314702545,0.0008305234720487999,0.0007967906891717805,0.0010627710714187356,0.000123607211597888
carbon,7,6,6,0.00038124285169653085,0.0003312530657351272,0.00025540261425089115,0.00015707113439413758,0.00025058299844920657,8.829086542706294e-05
care,20,4,3,0.00038124285169653085,0.0004968795986026909,0.0005090965792197441,0.0006870197387222442,0.0006565639252378155,0.0002413283655006388
career,13,6,4,0.00038124285169653085,0.0003312530657351272,0.00025540261425089115,0.00032954021549262946,0.00025058299844920657,0.0001589235577687132
carefully,5,9,7,0.00038124285169653085,0.0002208353771567516,0.00012812990310436502,9.616512573912911e-05,5.908312787246985e-05,6.47466346465128e-05
cargill,20,7,6,0.00038124285169653085,0.00028393119920153793,0.0001964862978263494,0.00014507809976654283,0.0001548063938549276,0.0002413283655006388
carol,37,5,5,0.00038124285169653085,0.00039750367888215276,0.00034828297622547605,0.00024076914737248623,0.0004056152820834941,0.0004414543271353147
carolina,5,8,8,0.00038124285169653085,0.00024843979930134564,0.00015655740218654355,8.005566470952506e-05,9.563705329842936e-05,6.47466346465128e-05
carried,7,7,5,0.00038124285169653085,0.00028393119920153793,0.0001964862978263494,0.00020244541870664064,0.0001548063938549276,8.829086542706294e-05
carry,5,5,4,0.00038124285169653085,0.00039750367888215276,0.00034828297622547605,0.0003619985085280506,0.0004056152820834941,6.47466346465128e-05
carrying,8,8,6,0.00038124285169653085,0.00024843979930134564,0.00015655740218654355,0.00013543201643637974,9.563705329842936e-05,0.00010006298081733804
case,42,4,3,0.00038124285169653085,0.0004968795986026909,0.0005090965792197441,0.0006870197387222442,0.0006565639252378155,0.0005003149040866898
cases,7,5,5,0.00038124285169653085,0.00039750367888215276,0.00034828297622547605,0.00024076914737248623,0.0004056152820834941,8.829086542706294e-05
cash,11,4,3,0.00038124285169653085,0.0004968795986026909,0.0005090965792197441,0.0006870197387222442,0.0006565639252378155,0.0001353793269881631
cast,6,4,4,0.00038124285169653085,0.0004968795986026909,0.0005090965792197441,0.00040610649755635955,0.0006565639252378155,7.65187500367878e-05
cat,5,3,3,0.00038124285169653085,0.0006625061314702545,0.0008305234720487999,0.0007967906891717805,0.0010627710714187356,6.47466346465128e-05
catch,7,5,3,0.00038124285169653085,0.00039750367888215276,0.00034828297622547605,0.0006124012352505361,0.0004056152820834941,8.829086542706294e-05
cats,10,4,4,0.00038124285169653085,0.0004968795986026909,0.0005090965792197441,0.00040610649755635955,0.0006565639252378155,0.000123607211597888
cause,8,5,3,0.00038124285169653085,0.00039750367888215276,0.00034828297622547605,0.0006124012352505361,0.0004056152820834941,0.00010006298081733804
caused,9,6,4,0.00038124285169653085,0.0003312530657351272,0.00025540261425089115,0.00032954021549262946,0.00025058299844920657,0.00011183509620761298
cell,7,4,3,0.00038124285169653085,0.0004968795986026909,0.0005090965792197441,0.0006870197387222442,0.0006565639252378155,8.829086542706294e-05
cells,5,5,4,0.00038124285169653085,0.00039750367888215276,0.00034828297622547605,0.0003619985085280506,0.0004056152820834941,6.47466346465128e-05
cent,11,4,4,0.00038124285169653085,0.0004968795986026909,0.0005090965792197441,0.00040610649755635955,0.0006565639252378155,0.0001353793269881631
center,16,6,5,0.00038124285169653085,0.0003312530657351272,0.00025540261425089115,0.0002191807834560667,0.00025058299844920657,0.00019423990393953826
central,15,7,7,0.00038124285169653085,0.00028393119920153793,0.0001964862978263494,0.00010945978702192117,0.0001548063938549276,0.00018246778854926347
century,5,7,6,0.00038124285169653085,0.00028393119920153793,0.0001964862978263494,0.00014507809976654283,0.0001548063938549276,6.47466346465128e-05
ceo,8,3,4,0.00038124285169653085,0.0006625061314702545,0.0008305234720487999,0.00047099356514397167,0.0010627710714187356,0.00010006298081733804
certain,23,7,5,0.00038124285169653085,0.00028393119920153793,0.0001964862978263494,0.00020244541870664064,0.0001548063938549276,0.00027664471167146394
certainly,10,9,7,0.00038124285169653085,0.0002208353771567516,0.00012812990310436502,9.616512573912911e-05,5.908312787246985e-05,0.000123607211597888
chair,12,5,3,0.00038124285169653085,0.00039750367888215276,0.00034828297622547605,0.0006124012352505361,0.0004056152820834941,0.00014715144237843818
chairman,12,8,6,0.00038124285169653085,0.00024843979930134564,0.00015655740218654355,0.00013543201643637974,9.563705329842936e-05,0.00014715144237843818
chalabi,9,7,6,0.00038124285169653085,0.00028393119920153793,0.0001964862978263494,0.00014507809976654283,0.0001548063938549276,0.00011183509620761298
challenges,9,10,8,0.00038124285169653085,0.00019875183944107635,0.00010710399599861124,7.13606686877693e-05,3.6500664531159836e-05,0.00011183509620761298
challenging,5,11,8,0.00038124285169653085,0.00018068349040097835,9.10723338548153e-05,6.794088715125928e-05,2.2549559564483765e-05,6.47466346465128e-05
chance,12,6,4,0.00038124285169653085,0.0003312530657351272,0.00025540261425089115,0.00032954021549262946,0.00025058299844920657,0.00014715144237843818
change,59,6,4,0.00038124285169653085,0.0003312530657351272,0.00025540261425089115,0.00032954021549262946,0.00025058299844920657,0.0007004408657213658
changed,16,7,5,0.00038124285169653085,0.00028393119920153793,0.0001964862978263494,0.00020244541870664064,0.0001548063938549276,0.00019423990393953826
changes,27,7,6,0.00038124285169653085,0.00028393119920153793,0.0001964862978263494,0.00014507809976654283,0.0001548063938549276,0.0003237331732325643
changing,7,8,6,0.00038124285169653085,0.00024843979930134564,0.00015655740218654355,0.00013543201643637974,9.563705329842936e-05,8.829086542706294e-05
charge,13,6,4,0.00038124285169653085,0.0003312530657351272,0.00025540261425089115,0.00032954021549262946,0.00025058299844920657,0.0001589235577687132
charged,8,7,5,0.00038124285169653085,0.00028393119920153793,0.0001964862978263494,0.00020244541870664064,0.0001548063938549276,0.00010006298081733804
charges,5,7,6,0.00038124285169653085,0.00028393119920153793,0.0001964862978263494,0.00014507809976654283,0.0001548063938549276,6.47466346465128e-05
check,15,5,3,0.00038124285169653085,0.00039750367888215276,0.00034828297622547605,0.0006124012352505361,0.0004056152820834941,0.00018246778854926347
checked,6,7,4,0.00038124285169653085,0.00028393119920153793,0.0001964862978263494,0.00030437844894123353,0.0001548063938549276,7.65187500367878e-05
checking,6,8,5,0.00038124285169653085,0.00024843979930134564,0.00015655740218654355,0.0001889850454194499,9.563705329842936e-05,7.65187500367878e-05
checks,8,6,4,0.00038124285169653085,0.0003312530657351272,0.00025540261425089115,0.00032954021549262946,0.00025058299844920657,0.00010006298081733804
chemical,12,8,7,0.00038124285169653085,0.00024843979930134564,0.00015655740218654355,0.00010218192614137219,9.563705329842936e-05,0.00014715144237843818
cheney,12,6,4,0.00038124285169653085,0.0003312530657351272,0.00025540261425089115,0.00032954021549262946,0.00025058299844920657,0.00014715144237843818
chernobyl,35,9,7,0.00038124285169653085,0.0002208353771567516,0.00012812990310436502,9.616512573912911e-05,5.908312787246985e-05,0.00041791009635476435
chess,16,5,3,0.00038124285169653085,0.00039750367888215276,0.00034828297622547605,0.0006124012352505361,0.0004056152820834941,0.00019423990393953826
chief,13,5,3,0.00038124285169653085,0.00039750367888215276,0.00034828297622547605,0.0006124012352505361,0.0004056152820834941,0.0001589235577687132
child,14,5,4,0.00038124285169653085,0.00039750367888215276,0.00034828297622547605,0.0003619985085280506,0.0004056152820834941,0.00017069567315898835
children,30,8,7,0.00038124285169653085,0.00024843979930134564,0.00015655740218654355,0.00010218192614137219,9.563705329842936e-05,0.0003590495194033891
china,53,5,4,0.00038124285169653085,0.00039750367888215276,0.00034828297622547605,0.0003619985085280506,0.0004056152820834941,0.0006298081733797156
china's,22,6,5,0.00038124285169653085,0.0003312530657351272,0.00025540261425089115,0.0002191807834560667,0.00025058299844920657,0.00026487259628118863
chinese,5,7,5,0.00038124285169653085,0.00028393119920153793,0.0001964862978263494,0.00020244541870664064,0.0001548063938549276,6.47466346465128e-05
choice,6,6,3,0.00038124285169653085,0.0003312530657351272,0.00025540261425089115,0.0005574907914759439,0.00025058299844920657,7.65187500367878e-05
choose,6,6,3,0.00038124285169653085,0.0003312530657351272,0.00025540261425089115,0.0005574907914759439,0.00025058299844920657,7.65187500367878e-05
chris,27,5,4,0.00038124285169653085,0.00039750367888215276,0.00034828297622547605,0.0003619985085280506,0.0004056152820834941,0.0003237331732325643
christians,7,10,8,0.00038124285169653085,0.00019875183944107635,0.00010710399599861124,7.13606686877693e-05,3.6500664531159836e-05,8.829086542706294e-05
church,13,6,3,0.00038124285169653085,0.0003312530657351272,0.00025540261425089115,0.0005574907914759439,0.00025058299844920657,0.0001589235577687132
cia,27,3,4,0.00038124285169653085,0.0006625061314702545,0.0008305234720487999,0.00047099356514397167,0.0010627710714187356,0.0003237331732325643
cindy,11,5,5,0.00038124285169653085,0.00039750367888215276,0.00034828297622547605,0.00024076914737248623,0.0004056152820834941,0.0001353793269881631
circle,19,6,5,0.00038124285169653085,0.0003312530657351272,0.00025540261425089115,0.0002191807834560667,0.00025058299844920657,0.0002295562501103637
circles,8,7,6,0.00038124285169653085,0.00028393119920153793,0.0001964862978263494,0.00014507809976654283,0.0001548063938549276,0.00010006298081733804
cities,6,6,5,0.00038124285169653085,0.0003312530657351272,0.00025540261425089115,0.0002191807834560667,0.00025058299844920657,7.65187500367878e-05
citizens,7,8,8,0.00038124285169653085,0.00024843979930134564,0.00015655740218654355,8.005566470952506e-05,9.563705329842936e-05,8.829086542706294e-05
city,19,4,4,0.00038124285169653085,0.0004968795986026909,0.0005090965792197441,0.00040610649755635955,0.0006565639252378155,0.0002295562501103637
civet,7,5,5,0.00038124285169653085,0.00039750367888215276,0.00034828297622547605,0.00024076914737248623,0.0004056152820834941,8.829086542706294e-05
civil,16,5,5,0.00038124285169653085,0.00039750367888215276,0.00034828297622547605,0.00024076914737248623,0.0004056152820834941,0.00019423990393953826
civilized,6,9,8,0.00038124285169653085,0.0002208353771567516,0.00012812990310436502,7.53417297328084e-05,5.908312787246985e-05,7.65187500367878e-05
claim,14,5,4,0.00038124285169653085,0.00039750367888215276,0.00034828297622547605,0.0003619985085280506,0.0004056152820834941,0.00017069567315898835
claims,10,6,5,0.00038124285169653085,0.0003312530657351272,0.00025540261425089115,0.0002191807834560667,0.00025058299844920657,0.000123607211597888
clair,31,5,4,0.00038124285169653085,0.00039750367888215276,0.00034828297622547605,0.0003619985085280506,0.0004056152820834941,0.00037082163479366443
clan,5,4,4,0.00038124285169653085,0.0004968795986026909,0.0005090965792197441,0.00040610649755635955,0.0006565639252378155,6.47466346465128e-05
class,7,5,4,0.00038124285169653085,0.00039750367888215276,0.00034828297622547605,0.0003619985085280506,0.0004056152820834941,8.829086542706294e-05
clause,5,6,4,0.00038124285169653085,0.0003312530657351272,0.00025540261425089115,0.00032954021549262946,0.00025058299844920657,6.47466346465128e-05
clean,7,5,4,0.00038124285169653085,0.00039750367888215276,0.00034828297622547605,0.0003619985085280506,0.0004056152820834941,8.829086542706294e-05
clear,19,5,4,0.00038124285169653085,0.00039750367888215276,0.00034828297622547605,0.0003619985085280506,0.0004056152820834941,0.0002295562501103637
clearly,14,7,6,0.00038124285169653085,0.00028393119920153793,0.0001964862978263494,0.00014507809976654283,0.0001548063938549276,0.00017069567315898835
click,10,5,4,0.00038124285169653085,0.00039750367888215276,0.00034828297622547605,0.0003619985085280506,0.0004056152820834941,0.000123607211597888
client,8,6,6,0.00038124285169653085,0.0003312530657351272,0.00025540261425089115,0.00015707113439413758,0.00025058299844920657,0.00010006298081733804
climate,19,7,6,0.00038124285169653085,0.00028393119920153793,0.0001964862978263494,0.00014507809976654283,0.0001548063938549276,0.0002295562501103637
close,18,5,4,0.00038124285169653085,0.00039750367888215276,0.00034828297622547605,0.0003619985085280506,0.0004056152820834941,0.00021778413472008836
closely,10,7,6,0.00038124285169653085,0.00028393119920153793,0.0001964862978263494,0.00014507809976654283,0.0001548063938549276,0.000123607211597888
co,18,2,2,0.00038124285169653085,0.0009937591972053819,0.0016554907232327733,0.0020600976577472676,0.0017202930389990817,0.00021778413472008836
coalition,12,9,8,0.00038124285169653085,0.0002208353771567516,0.00012812990310436502,7.53417297328084e-05,5.908312787246985e-05,0.00014715144237843818
coast,13,5,4,0.00038124285169653085,0.00039750367888215276,0.00034828297622547605,0.0003619985085280506,0.0004056152820834941,0.0001589235577687132
code,14,4,3,0.00038124285169653085,0.0004968795986026909,0.0005090965792197441,0.0006870197387222442,0.0006565639252378155,0.00017069567315898835
colin,6,5,5,0.00038124285169653085,0.00039750367888215276,0.00034828297622547605,0.00024076914737248623,0.0004056152820834941,7.65187500367878e-05
colleagues,6,10,6,0.00038124285169653085,0.00019875183944107635,0.00010710399599861124,0.00012072249090304701,3.6500664531159836e-05,7.65187500367878e-05
collected,5,9,8,0.00038124285169653085,0.0002208353771567516,0.00012812990310436502,7.53417297328084e-05,5.908312787246985e-05,6.47466346465128e-05
collective,6,10,8,0.00038124285169653085,0.00019875183944107635,0.00010710399599861124,7.13606686877693e-05,3.6500664531159836e-05,7.65187500367878e-05
colombo,6,7,7,0.00038124285169653085,0.00028393119920153793,0.0001964862978263494,0.00010945978702192117,0.0001548063938549276,7.65187500367878e-05
columbia,13,8,8,0.00038124285169653085,0.00024843979930134564,0.00015655740218654355,8.005566470952506e-05,9.563705329842936e-05,0.0001589235577687132
com,120,3,3,0.00038124285169653085,0.0006625061314702545,0.0008305234720487999,0.0007967906891717805,0.0010627710714187356,0.0014185399045281448
combat,5,6,6,0.00038124285169653085,0.0003312530657351272,0.00025540261425089115,0.00015707113439413758,0.00025058299844920657,6.47466346465128e-05
come,48,4,3,0.00038124285169653085,0.0004968795986026909,0.0005090965792197441,0.0006870197387222442,0.0006565639252378155,0.00057094759642834
comes,16,5,4,0.00038124285169653085,0.00039750367888215276,0.00034828297622547605,0.0003619985085280506,0.0004056152820834941,0.00019423990393953826
comfortable,10,11,10,0.00038124285169653085,0.00018068349040097835,9.10723338548153e-05,4.518822339255976e-05,2.2549559564483765e-05,0.000123607211597888
coming,17,6,5,0.00038124285169653085,0.0003312530657351272,0.00025540261425089115,0.0002191807834560667,0.00025058299844920657,0.0002060120193298133
commander,5,9,7,0.00038124285169653085,0.0002208353771567516,0.00012812990310436502,9.616512573912911e-05,5.908312787246985e-05,6.47466346465128e-05
comment,10,7,6,0.00038124285169653085,0.00028393119920153793,0.0001964862978263494,0.00014507809976654283,0.0001548063938549276,0.000123607211597888
comments,43,8,7,0.00038124285169653085,0.00024843979930134564,0.00015655740218654355,0.00010218192614137219,9.563705329842936e-05,0.0005120870194769648
commercial,10,10,7,0.00038124285169653085,0.00019875183944107635,0.00010710399599861124,9.108375533087037e-05,3.6500664531159836e-05,0.000123607211597888
commission,17,10,7,0.00038124285169653085,0.00019875183944107635,0.00010710399599861124,9.108375533087037e-05,3.6500664531159836e-05,0.0002060120193298133
commission's,5,11,8,0.00038124285169653085,0.00018068349040097835,9.10723338548153e-05,6.794088715125928e-05,2.2549559564483765e-05,6.47466346465128e-05
commitments,6,11,10,0.00038124285169653085,0.00018068349040097835,9.10723338548153e-05,4.518822339255976e-05,2.2549559564483765e-05,7.65187500367878e-05
committee,24,9,6,0.00038124285169653085,0.0002208353771567516,0.00012812990310436502,0.0001274573437937484,5.908312787246985e-05,0.00028841682706173886
commodity,6,9,8,0.00038124285169653085,0.0002208353771567516,0.00012812990310436502,7.53417297328084e-05,5.908312787246985e-05,7.65187500367878e-05
common,7,6,5,0.00038124285169653085,0.0003312530657351272,0.00025540261425089115,0.0002191807834560667,0.00025058299844920657,8.829086542706294e-05
communication,5,13,12,0.00038124285169653085,0.00015288603033928946,6.854248002491098e-05,2.9712366059972322e-05,8.606224058579877e-06,6.47466346465128e-05
communications,9,14,13,0.00038124285169653085,0.00014196559960076894,6.042347485439901e-05,2.4707294948290095e-05,5.316795311180411e-06,0.00011183509620761298
communities,8,11,10,0.00038124285169653085,0.00018068349040097835,9.10723338548153e-05,4.518822339255976e-05,2.2549559564483765e-05,0.00010006298081733804
community,6,9,9,0.00038124285169653085,0.0002208353771567516,0.00012812990310436502,6.0750914866702875e-05,5.908312787246985e-05,7.65187500367878e-05
comp,7,4,4,0.00038124285169653085,0.0004968795986026909,0.0005090965792197441,0.00040610649755635955,0.0006565639252378155,8.829086542706294e-05
companies,14,9,8,0.00038124285169653085,0.0002208353771567516,0.00012812990310436502,7.53417297328084e-05,5.908312787246985e-05,0.00017069567315898835
company,50,7,7,0.00038124285169653085,0.00028393119920153793,0.0001964862978263494,0.00010945978702192117,0.0001548063938549276,0.0005944918272088903
compaq,14,6,6,0.00038124285169653085,0.0003312530657351272,0.00025540261425089115,0.00015707113439413758,0.00025058299844920657,0.00017069567315898835
comparison,8,10,10,0.00038124285169653085,0.00019875183944107635,0.00010710399599861124,4.74627573073367e-05,3.6500664531159836e-05,0.00010006298081733804
compensation,5,12,11,0.00038124285169653085,0.0001656265328675636,7.854142304403973e-05,3.630013456419744e-05,1.3930777510040114e-05,6.47466346465128e-05
compete,7,7,6,0.00038124285169653085,0.00028393119920153793,0.0001964862978263494,0.00014507809976654283,0.0001548063938549276,8.829086542706294e-05
competition,5,11,10,0.00038124285169653085,0.00018068349040097835,9.10723338548153e-05,4.518822339255976e-05,2.2549559564483765e-05,6.47466346465128e-05
competitive,5,11,10,0.00038124285169653085,0.00018068349040097835,9.10723338548153e-05,4.518822339255976e-05,2.2549559564483765e-05,6.47466346465128e-05
complete,8,8,7,0.00038124285169653085,0.00024843979930134564,0.00015655740218654355,0.00010218192614137219,9.563705329842936e-05,0.00010006298081733804
completed,6,9,9,0.00038124285169653085,0.0002208353771567516,0.00012812990310436502,6.0750914866702875e-05,5.908312787246985e-05,7.65187500367878e-05
completely,6,10,9,0.00038124285169653085,0.00019875183944107635,0.00010710399599861124,5.7540833262736305e-05,3.6500664531159836e-05,7.65187500367878e-05
complex,6,7,8,0.00038124285169653085,0.00028393119920153793,0.0001964862978263494,8.575759275548628e-05,0.0001548063938549276,7.65187500367878e-05
comprehensive,6,13,12,0.00038124285169653085,0.00015288603033928946,6.854248002491098e-05,2.9712366059972322e-05,8.606224058579877e-06,7.65187500367878e-05
computer,13,8,8,0.00038124285169653085,0.00024843979930134564,0.00015655740218654355,8.005566470952506e-05,9.563705329842936e-05,0.0001589235577687132
concern,19,7,6,0.00038124285169653085,0.00028393119920153793,0.0001964862978263494,0.00014507809976654283,0.0001548063938549276,0.0002295562501103637
concerned,12,9,7,0.00038124285169653085,0.0002208353771567516,0.00012812990310436502,9.616512573912911e-05,5.908312787246985e-05,0.00014715144237843818
concerning,8,10,8,0.00038124285169653085,0.00019875183944107635,0.00010710399599861124,7.13606686877693e-05,3.6500664531159836e-05,0.00010006298081733804
concerns,10,8,7,0.00038124285169653085,0.00024843979930134564,0.00015655740218654355,0.00010218192614137219,9.563705329842936e-05,0.000123607211597888
concluded,8,9,9,0.00038124285169653085,0.0002208353771567516,0.00012812990310436502,6.0750914866702875e-05,5.908312787246985e-05,0.00010006298081733804
condition,6,9,8,0.00038124285169653085,0.0002208353771567516,0.00012812990310436502,7.53417297328084e-05,5.908312787246985e-05,7.65187500367878e-05
conditions,7,10,9,0.00038124285169653085,0.00019875183944107635,0.00010710399599861124,5.7540833262736305e-05,3.6500664531159836e-05,8.829086542706294e-05
conduct,5,7,7,0.00038124285169653085,0.00028393119920153793,0.0001964862978263494,0.00010945978702192117,0.0001548063938549276,6.47466346465128e-05
conference,33,10,8,0.00038124285169653085,0.00019875183944107635,0.00010710399599861124,7.13606686877693e-05,3.6500664531159836e-05,0.00039436586557421445
conferences,7,11,10,0.00038124285169653085,0.00018068349040097835,9.10723338548153e-05,4.518822339255976e-05,2.2549559564483765e-05,8.829086542706294e-05
confidence,8,10,9,0.00038124285169653085,0.00019875183944107635,0.00010710399599861124,5.7540833262736305e-05,3.6500664531159836e-05,0.00010006298081733804
confident,5,9,9,0.00038124285169653085,0.0002208353771567516,0.00012812990310436502,6.0750914866702875e-05,5.908312787246985e-05,6.47466346465128e-05
confidential,13,12,11,0.00038124285169653085,0.0001656265328675636,7.854142304403973e-05,3.630013456419744e-05,1.3930777510040114e-05,0.0001589235577687132
confidentiality,10,15,15,0.00038124285169653085,0.000132501226294051,5.373173124967133e-05,1.8357325422261736e-05,3.2846358854448243e-06,0.000123607211597888
confirm,14,7,6,0.00038124285169653085,0.00028393119920153793,0.0001964862978263494,0.00014507809976654283,0.0001548063938549276,0.00017069567315898835
confirmed,11,9,7,0.00038124285169653085,0.0002208353771567516,0.00012812990310436502,9.616512573912911e-05,5.908312787246985e-05,0.0001353793269881631
confirming,5,10,8,0.00038124285169653085,0.00019875183944107635,0.00010710399599861124,7.13606686877693e-05,3.6500664531159836e-05,6.47466346465128e-05
confirms,5,8,7,0.00038124285169653085,0.00024843979930134564,0.00015655740218654355,0.00010218192614137219,9.563705329842936e-05,6.47466346465128e-05
conflict,15,8,8,0.00038124285169653085,0.00024843979930134564,0.00015655740218654355,8.005566470952506e-05,9.563705329842936e-05,0.00018246778854926347
congratulations,6,15,14,0.00038124285169653085,0.000132501226294051,5.373173124967133e-05,2.0824188838163716e-05,3.2846358854448243e-06,7.65187500367878e-05
congress,11,8,7,0.00038124285169653085,0.00024843979930134564,0.00015655740218654355,0.00010218192614137219,9.563705329842936e-05,0.0001353793269881631
connection,20,10,8,0.00038124285169653085,0.00019875183944107635,0.00010710399599861124,7.13606686877693e-05,3.6500664531159836e-05,0.0002413283655006388
conquest,5,8,8,0.00038124285169653085,0.00024843979930134564,0.00015655740218654355,8.005566470952506e-05,9.563705329842936e-05,6.47466346465128e-05
consciousness,7,13,9,0.00038124285169653085,0.00015288603033928946,6.854248002491098e-05,5.026509570807579e-05,8.606224058579877e-06,8.829086542706294e-05
consequences,5,12,12,0.00038124285169653085,0.0001656265328675636,7.854142304403973e-05,3.096339050536065e-05,1.3930777510040114e-05,6.47466346465128e-05
consider,11,8,7,0.00038124285169653085,0.00024843979930134564,0.00015655740218654355,0.00010218192614137219,9.563705329842936e-05,0.0001353793269881631
considerable,6,12,11,0.00038124285169653085,0.0001656265328675636,7.854142304403973e-05,3.630013456419744e-05,1.3930777510040114e-05,7.65187500367878e-05
considered,13,10,8,0.00038124285169653085,0.00019875183944107635,0.00010710399599861124,7.13606686877693e-05,3.6500664531159836e-05,0.0001589235577687132
considering,5,11,9,0.00038124285169653085,0.00018068349040097835,9.10723338548153e-05,5.478333276833534e-05,2.2549559564483765e-05,6.47466346465128e-05
constitution,10,12,11,0.00038124285169653085,0.0001656265328675636,7.854142304403973e-05,3.630013456419744e-05,1.3930777510040114e-05,0.000123607211597888
construction,5,12,11,0.00038124285169653085,0.0001656265328675636,7.854142304403973e-05,3.630013456419744e-05,1.3930777510040114e-05,6.47466346465128e-05
consumers,8,9,8,0.00038124285169653085,0.0002208353771567516,0.00012812990310436502,7.53417297328084e-05,5.908312787246985e-05,0.00010006298081733804
contact,25,7,7,0.00038124285169653085,0.00028393119920153793,0.0001964862978263494,0.00010945978702192117,0.0001548063938549276,0.00030018894245201395
contacts,8,8,8,0.00038124285169653085,0.00024843979930134564,0.00015655740218654355,8.005566470952506e-05,9.563705329842936e-05,0.00010006298081733804
content,5,7,7,0.00038124285169653085,0.00028393119920153793,0.0001964862978263494,0.00010945978702192117,0.0001548063938549276,6.47466346465128e-05
continue,29,8,8,0.00038124285169653085,0.00024843979930134564,0.00015655740218654355,8.005566470952506e-05,9.563705329842936e-05,0.00034727740401311414
continued,7,9,9,0.00038124285169653085,0.0002208353771567516,0.00012812990310436502,6.0750914866702875e-05,5.908312787246985e-05,8.829086542706294e-05
contract,27,8,8,0.00038124285169653085,0.00024843979930134564,0.00015655740218654355,8.005566470952506e-05,9.563705329842936e-05,0.0003237331732325643
contracts,14,9,9,0.00038124285169653085,0.0002208353771567516,0.00012812990310436502,6.0750914866702875e-05,5.908312787246985e-05,0.00017069567315898835
control,31,7,7,0.00038124285169653085,0.00028393119920153793,0.0001964862978263494,0.00010945978702192117,0.0001548063938549276,0.00037082163479366443
conversation,9,12,10,0.00038124285169653085,0.0001656265328675636,7.854142304403973e-05,4.320704893103759e-05,1.3930777510040114e-05,0.00011183509620761298
conviction,5,10,9,0.00038124285169653085,0.00019875183944107635,0.00010710399599861124,5.7540833262736305e-05,3.6500664531159836e-05,6.47466346465128e-05
cooperation,5,11,9,0.00038124285169653085,0.00018068349040097835,9.10723338548153e-05,5.478333276833534e-05,2.2549559564483765e-05,6.47466346465128e-05
coordinator,5,11,10,0.00038124285169653085,0.00018068349040097835,9.10723338548153e-05,4.518822339255976e-05,2.2549559564483765e-05,6.47466346465128e-05
copies,13,6,5,0.00038124285169653085,0.0003312530657351272,0.00025540261425089115,0.0002191807834560667,0.00025058299844920657,0.0001589235577687132
copy,22,4,4,0.00038124285169653085,0.0004968795986026909,0.0005090965792197441,0.00040610649755635955,0.0006565639252378155,0.00026487259628118863
core,5,4,3,0.00038124285169653085,0.0004968795986026909,0.0005090965792197441,0.0006870197387222442,0.0006565639252378155,6.47466346465128e-05
corp,10,4,4,0.00038124285169653085,0.0004968795986026909,0.0005090965792197441,0.00040610649755635955,0.0006565639252378155,0.000123607211597888
corporate,12,9,7,0.00038124285169653085,0.0002208353771567516,0.00012812990310436502,9.616512573912911e-05,5.908312787246985e-05,0.00014715144237843818
corporation,5,11,9,0.00038124285169653085,0.00018068349040097835,9.10723338548153e-05,5.478333276833534e-05,2.2549559564483765e-05,6.47466346465128e-05
corps,5,5,3,0.00038124285169653085,0.00039750367888215276,0.00034828297622547605,0.0006124012352505361,0.0004056152820834941,6.47466346465128e-05
correct,14,7,5,0.00038124285169653085,0.00028393119920153793,0.0001964862978263494,0.00020244541870664064,0.0001548063938549276,0.00017069567315898835
correlation,5,11,9,0.00038124285169653085,0.00018068349040097835,9.10723338548153e-05,5.478333276833534e-05,2.2549559564483765e-05,6.47466346465128e-05
cost,31,4,4,0.00038124285169653085,0.0004968795986026909,0.0005090965792197441,0.00040610649755635955,0.0006565639252378155,0.00037082163479366443
costs,8,5,5,0.00038124285169653085,0.00039750367888215276,0.00034828297622547605,0.00024076914737248623,0.0004056152820834941,0.00010006298081733804
could,145,5,3,0.00038124285169653085,0.00039750367888215276,0.00034828297622547605,0.0006124012352505361,0.0004056152820834941,0.0017128427892850206
couldn't,7,7,6,0.00038124285169653085,0.00028393119920153793,0.0001964862978263494,0.00014507809976654283,0.0001548063938549276,8.829086542706294e-05
council,10,7,6,0.00038124285169653085,0.00028393119920153793,0.0001964862978263494,0.00014507809976654283,0.0001548063938549276,0.000123607211597888
counsel,5,7,6,0.00038124285169653085,0.00028393119920153793,0.0001964862978263494,0.00014507809976654283,0.0001548063938549276,6.47466346465128e-05
count,5,5,4,0.00038124285169653085,0.00039750367888215276,0.00034828297622547605,0.0003619985085280506,0.0004056152820834941,6.47466346465128e-05
counter,5,7,5,0.00038124285169653085,0.00028393119920153793,0.0001964862978263494,0.00020244541870664064,0.0001548063938549276,6.47466346465128e-05
counterparty,26,12,10,0.00038124285169653085,0.0001656265328675636,7.854142304403973e-05,4.320704893103759e-05,1.3930777510040114e-05,0.00031196105784228904
countries,31,9,7,0.00038124285169653085,0.0002208353771567516,0.00012812990310436502,9.616512573912911e-05,5.908312787246985e-05,0.00037082163479366443
country,34,7,6,0.00038124285169653085,0.00028393119920153793,0.0001964862978263494,0.00014507809976654283,0.0001548063938549276,0.0004061379809644894
country's,5,8,7,0.00038124285169653085,0.00024843979930134564,0.00015655740218654355,0.00010218192614137219,9.563705329842936e-05,6.47466346465128e-05
county,7,6,5,0.00038124285169653085,0.0003312530657351272,0.00025540261425089115,0.0002191807834560667,0.00025058299844920657,8.829086542706294e-05
coup,13,4,2,0.00038124285169653085,0.0004968795986026909,0.0005090965792197441,0.0014413891745259336,0.0006565639252378155,0.0001589235577687132
couple,23,6,5,0.00038124285169653085,0.0003312530657351272,0.00025540261425089115,0.0002191807834560667,0.00025058299844920657,0.00027664471167146394
course,13,6,4,0.00038124285169653085,0.0003312530657351272,0.00025540261425089115,0.00032954021549262946,0.00025058299844920657,0.0001589235577687132
courses,5,7,6,0.00038124285169653085,0.00028393119920153793,0.0001964862978263494,0.00014507809976654283,0.0001548063938549276,6.47466346465128e-05
court,20,5,4,0.00038124285169653085,0.00039750367888215276,0.00034828297622547605,0.0003619985085280506,0.0004056152820834941,0.0002413283655006388
cover,17,5,4,0.00038124285169653085,0.00039750367888215276,0.00034828297622547605,0.0003619985085280506,0.0004056152820834941,0.0002060120193298133
coverage,5,8,6,0.00038124285169653085,0.00024843979930134564,0.00015655740218654355,0.00013543201643637974,9.563705329842936e-05,6.47466346465128e-05
covered,5,7,5,0.00038124285169653085,0.00028393119920153793,0.0001964862978263494,0.00020244541870664064,0.0001548063938549276,6.47466346465128e-05
craig,6,5,4,0.00038124285169653085,0.00039750367888215276,0.00034828297622547605,0.0003619985085280506,0.0004056152820834941,7.65187500367878e-05
create,11,6,5,0.00038124285169653085,0.0003312530657351272,0.00025540261425089115,0.0002191807834560667,0.00025058299844920657,0.0001353793269881631
created,10,7,7,0.00038124285169653085,0.00028393119920153793,0.0001964862978263494,0.00010945978702192117,0.0001548063938549276,0.000123607211597888
creating,7,8,7,0.00038124285169653085,0.00024843979930134564,0.00015655740218654355,0.00010218192614137219,9.563705329842936e-05,8.829086542706294e-05
creation,5,8,7,0.00038124285169653085,0.00024843979930134564,0.00015655740218654355,0.00010218192614137219,9.563705329842936e-05,6.47466346465128e-05
credit,29,6,6,0.00038124285169653085,0.0003312530657351272,0.00025540261425089115,0.00015707113439413758,0.00025058299844920657,0.00034727740401311414
crew,6,4,3,0.00038124285169653085,0.0004968795986026909,0.0005090965792197441,0.0006870197387222442,0.0006565639252378155,7.65187500367878e-05
crime,11,5,4,0.00038124285169653085,0.00039750367888215276,0.00034828297622547605,0.0003619985085280506,0.0004056152820834941,0.0001353793269881631
crimes,8,6,5,0.00038124285169653085,0.0003312530657351272,0.00025540261425089115,0.0002191807834560667,0.00025058299844920657,0.00010006298081733804
criminal,5,8,8,0.00038124285169653085,0.00024843979930134564,0.00015655740218654355,8.005566470952506e-05,9.563705329842936e-05,6.47466346465128e-05
crisis,7,6,6,0.00038124285169653085,0.0003312530657351272,0.00025540261425089115,0.00015707113439413758,0.00025058299844920657,8.829086542706294e-05
critical,5,8,8,0.00038124285169653085,0.00024843979930134564,0.00015655740218654355,8.005566470952506e-05,9.563705329842936e-05,6.47466346465128e-05
crop,5,4,4,0.00038124285169653085,0.0004968795986026909,0.0005090965792197441,0.00040610649755635955,0.0006565639252378155,6.47466346465128e-05
cross,8,5,4,0.00038124285169653085,0.00039750367888215276,0.00034828297622547605,0.0003619985085280506,0.0004056152820834941,0.00010006298081733804
crucial,5,7,6,0.00038124285169653085,0.00028393119920153793,0.0001964862978263494,0.00014507809976654283,0.0001548063938549276,6.47466346465128e-05
crude,6,5,4,0.00038124285169653085,0.00039750367888215276,0.00034828297622547605,0.0003619985085280506,0.0004056152820834941,7.65187500367878e-05
culture,6,7,5,0.00038124285169653085,0.00028393119920153793,0.0001964862978263494,0.00020244541870664064,0.0001548063938549276,7.65187500367878e-05
currency,16,8,6,0.00038124285169653085,0.00024843979930134564,0.00015655740218654355,0.00013543201643637974,9.563705329842936e-05,0.00019423990393953826
current,23,7,5,0.00038124285169653085,0.00028393119920153793,0.0001964862978263494,0.00020244541870664064,0.0001548063938549276,0.00027664471167146394
currently,24,9,7,0.00038124285169653085,0.0002208353771567516,0.00012812990310436502,9.616512573912911e-05,5.908312787246985e-05,0.00028841682706173886
curse,6,5,3,0.00038124285169653085,0.00039750367888215276,0.00034828297622547605,0.0006124012352505361,0.0004056152820834941,7.65187500367878e-05
curves,9,6,4,0.00038124285169653085,0.0003312530657351272,0.00025540261425089115,0.00032954021549262946,0.00025058299844920657,0.00011183509620761298
customer,10,8,7,0.00038124285169653085,0.00024843979930134564,0.00015655740218654355,0.00010218192614137219,9.563705329842936e-05,0.000123607211597888
customers,16,9,8,0.00038124285169653085,0.0002208353771567516,0.00012812990310436502,7.53417297328084e-05,5.908312787246985e-05,0.00019423990393953826
cut,12,3,3,0.00038124285169653085,0.0006625061314702545,0.0008305234720487999,0.0007967906891717805,0.0010627710714187356,0.00014715144237843818
cuts,5,4,4,0.00038124285169653085,0.0004968795986026909,0.0005090965792197441,0.00040610649755635955,0.0006565639252378155,6.47466346465128e-05
d,40,1,2,0.00038124285169653085,0.0019875183944107638,0.0053833587703735275,0.002944383400722856,0.0027846148804916812,0.0004767706733061398
dad,6,3,3,0.00038124285169653085,0.0006625061314702545,0.0008305234720487999,0.0007967906891717805,0.0010627710714187356,7.65187500367878e-05
daily,22,5,4,0.00038124285169653085,0.00039750367888215276,0.00034828297622547605,0.0003619985085280506,0.0004056152820834941,0.00026487259628118863
dale,6,4,3,0.00038124285169653085,0.0004968795986026909,0.0005090965792197441,0.0006870197387222442,0.0006565639252378155,7.65187500367878e-05
damage,6,6,5,0.00038124285169653085,0.0003312530657351272,0.00025540261425089115,0.0002191807834560667,0.00025058299844920657,7.65187500367878e-05
dan,9,3,3,0.00038124285169653085,0.0006625061314702545,0.0008305234720487999,0.0007967906891717805,0.0010627710714187356,0.00011183509620761298
dance,8,5,4,0.00038124285169653085,0.00039750367888215276,0.00034828297622547605,0.0003619985085280506,0.0004056152820834941,0.00010006298081733804
dangerous,19,9,7,0.00038124285169653085,0.0002208353771567516,0.00012812990310436502,9.616512573912911e-05,5.908312787246985e-05,0.0002295562501103637
danny,5,5,4,0.00038124285169653085,0.00039750367888215276,0.00034828297622547605,0.0003619985085280506,0.0004056152820834941,6.47466346465128e-05
dark,5,4,4,0.00038124285169653085,0.0004968795986026909,0.0005090965792197441,0.00040610649755635955,0.0006565639252378155,6.47466346465128e-05
data,15,4,4,0.00038124285169653085,0.0004968795986026909,0.0005090965792197441,0.00040610649755635955,0.0006565639252378155,0.00018246778854926347
date,54,4,3,0.00038124285169653085,0.0004968795986026909,0.0005090965792197441,0.0006870197387222442,0.0006565639252378155,0.0006415802887699908
dated,8,5,5,0.00038124285169653085,0.00039750367888215276,0.00034828297622547605,0.00024076914737248623,0.0004056152820834941,0.00010006298081733804
dates,9,5,4,0.00038124285169653085,0.00039750367888215276,0.00034828297622547605,0.0003619985085280506,0.0004056152820834941,0.00011183509620761298
dating,8,6,5,0.00038124285169653085,0.0003312530657351272,0.00025540261425089115,0.0002191807834560667,0.00025058299844920657,0.00010006298081733804
daughter,6,8,4,0.00038124285169653085,0.00024843979930134564,0.00015655740218654355,0.0002841406605560981,9.563705329842936e-05,7.65187500367878e-05
dave,9,4,3,0.00038124285169653085,0.0004968795986026909,0.0005090965792197441,0.0006870197387222442,0.0006565639252378155,0.00011183509620761298
david,22,5,5,0.00038124285169653085,0.00039750367888215276,0.00034828297622547605,0.00024076914737248623,0.0004056152820834941,0.00026487259628118863
davis,6,5,5,0.00038124285169653085,0.00039750367888215276,0.00034828297622547605,0.00024076914737248623,0.0004056152820834941,7.65187500367878e-05
day,87,3,2,0.00038124285169653085,0.0006625061314702545,0.0008305234720487999,0.0016716921057774523,0.0010627710714187356,0.0010300600966490674
days,55,4,3,0.00038124285169653085,0.0004968795986026909,0.0005090965792197441,0.0006870197387222442,0.0006565639252378155,0.0006533524041602659
dc,7,2,4,0.00038124285169653085,0.0009937591972053819,0.0016554907232327733,0.0005804255083898234,0.0017202930389990817,8.829086542706294e-05
de,7,2,2,0.00038124285169653085,0.0009937591972053819,0.0016554907232327733,0.0020600976577472676,0.0017202930389990817,8.829086542706294e-05
dead,21,4,3,0.00038124285169653085,0.0004968795986026909,0.0005090965792197441,0.0006870197387222442,0.0006565639252378155,0.0002531004808909135
deal,48,4,3,0.00038124285169653085,0.0004968795986026909,0.0005090965792197441,0.0006870197387222442,0.0006565639252378155,0.00057094759642834
deals,10,5,4,0.00038124285169653085,0.00039750367888215276,0.00034828297622547605,0.0003619985085280506,0.0004056152820834941,0.000123607211597888
dean,6,4,3,0.00038124285169653085,0.0004968795986026909,0.0005090965792197441,0.0006870197387222442,0.0006565639252378155,7.65187500367878e-05
dear,12,4,3,0.00038124285169653085,0.0004968795986026909,0.0005090965792197441,0.0006870197387222442,0.0006565639252378155,0.00014715144237843818
death,34,5,3,0.00038124285169653085,0.00039750367888215276,0.00034828297622547605,0.0006124012352505361,0.0004056152820834941,0.0004061379809644894
deaths,6,6,4,0.00038124285169653085,0.0003312530657351272,0.00025540261425089115,0.00032954021549262946,0.00025058299844920657,7.65187500367878e-05
debate,5,6,5,0.00038124285169653085,0.0003312530657351272,0.00025540261425089115,0.0002191807834560667,0.00025058299844920657,6.47466346465128e-05
dec,9,3,3,0.00038124285169653085,0.0006625061314702545,0.0008305234720487999,0.0007967906891717805,0.0010627710714187356,0.00011183509620761298
decade,11,6,5,0.00038124285169653085,0.0003312530657351272,0.00025540261425089115,0.0002191807834560667,0.00025058299844920657,0.0001353793269881631
decades,10,7,6,0.00038124285169653085,0.00028393119920153793,0.0001964862978263494,0.00014507809976654283,0.0001548063938549276,0.000123607211597888
december,12,8,7,0.00038124285169653085,0.00024843979930134564,0.00015655740218654355,0.00010218192614137219,9.563705329842936e-05,0.00014715144237843818
decide,7,6,5,0.00038124285169653085,0.0003312530657351272,0.00025540261425089115,0.0002191807834560667,0.00025058299844920657,8.829086542706294e-05
decided,14,7,7,0.00038124285169653085,0.00028393119920153793,0.0001964862978263494,0.00010945978702192117,0.0001548063938549276,0.00017069567315898835
decision,10,8,7,0.00038124285169653085,0.00024843979930134564,0.00015655740218654355,0.00010218192614137219,9.563705329842936e-05,0.000123607211597888
decisions,7,9,8,0.00038124285169653085,0.0002208353771567516,0.00012812990310436502,7.53417297328084e-05,5.908312787246985e-05,8.829086542706294e-05
declaration,11,11,9,0.00038124285169653085,0.00018068349040097835,9.10723338548153e-05,5.478333276833534e-05,2.2549559564483765e-05,0.0001353793269881631
decline,9,7,6,0.00038124285169653085,0.00028393119920153793,0.0001964862978263494,0.00014507809976654283,0.0001548063938549276,0.00011183509620761298
deep,12,4,3,0.00038124285169653085,0.0004968795986026909,0.0005090965792197441,0.0006870197387222442,0.0006565639252378155,0.00014715144237843818
deeply,6,6,5,0.00038124285169653085,0.0003312530657351272,0.00025540261425089115,0.0002191807834560667,0.00025058299844920657,7.65187500367878e-05
default,8,7,6,0.00038124285169653085,0.00028393119920153793,0.0001964862978263494,0.00014507809976654283,0.0001548063938549276,0.00010006298081733804
defence,9,7,6,0.00038124285169653085,0.00028393119920153793,0.0001964862978263494,0.00014507809976654283,0.0001548063938549276,0.00011183509620761298
defense,18,7,6,0.00038124285169653085,0.00028393119920153793,0.0001964862978263494,0.00014507809976654283,0.0001548063938549276,0.00021778413472008836
definitely,9,10,9,0.00038124285169653085,0.00019875183944107635,0.00010710399599861124,5.7540833262736305e-05,3.6500664531159836e-05,0.00011183509620761298
degenerate,6,10,8,0.00038124285169653085,0.00019875183944107635,0.00010710399599861124,7.13606686877693e-05,3.6500664531159836e-05,7.65187500367878e-05
degree,5,6,5,0.00038124285169653085,0.0003312530657351272,0.00025540261425089115,0.0002191807834560667,0.00025058299844920657,6.47466346465128e-05
delete,9,6,5,0.00038124285169653085,0.0003312530657351272,0.00025540261425089115,0.0002191807834560667,0.00025058299844920657,0.00011183509620761298
delhi,14,5,4,0.00038124285169653085,0.00039750367888215276,0.00034828297622547605,0.0003619985085280506,0.0004056152820834941,0.00017069567315898835
deliver,6,7,6,0.00038124285169653085,0.00028393119920153793,0.0001964862978263494,0.00014507809976654283,0.0001548063938549276,7.65187500367878e-05
delivered,6,9,7,0.00038124285169653085,0.0002208353771567516,0.00012812990310436502,9.616512573912911e-05,5.908312787246985e-05,7.65187500367878e-05
delivery,14,8,7,0.00038124285169653085,0.00024843979930134564,0.00015655740218654355,0.00010218192614137219,9.563705329842936e-05,0.00017069567315898835
demand,8,6,6,0.00038124285169653085,0.0003312530657351272,0.00025540261425089115,0.00015707113439413758,0.00025058299844920657,0.00010006298081733804
democracy,11,9,9,0.00038124285169653085,0.0002208353771567516,0.00012812990310436502,6.0750914866702875e-05,5.908312787246985e-05,0.0001353793269881631
democratic,6,10,10,0.00038124285169653085,0.00019875183944107635,0.00010710399599861124,4.74627573073367e-05,3.6500664531159836e-05,7.65187500367878e-05
demonstrate,5,11,10,0.00038124285169653085,0.00018068349040097835,9.10723338548153e-05,4.518822339255976e-05,2.2549559564483765e-05,6.47466346465128e-05
denton,5,6,6,0.00038124285169653085,0.0003312530657351272,0.00025540261425089115,0.00015707113439413758,0.00025058299844920657,6.47466346465128e-05
department,18,10,10,0.00038124285169653085,0.00019875183944107635,0.00010710399599861124,4.74627573073367e-05,3.6500664531159836e-05,0.00021778413472008836
deployed,5,8,6,0.00038124285169653085,0.00024843979930134564,0.00015655740218654355,0.00013543201643637974,9.563705329842936e-05,6.47466346465128e-05
derivatives,5,11,9,0.00038124285169653085,0.00018068349040097835,9.10723338548153e-05,5.478333276833534e-05,2.2549559564483765e-05,6.47466346465128e-05
described,9,9,8,0.00038124285169653085,0.0002208353771567516,0.00012812990310436502,7.53417297328084e-05,5.908312787246985e-05,0.00011183509620761298
description,7,11,10,0.00038124285169653085,0.00018068349040097835,9.10723338548153e-05,4.518822339255976e-05,2.2549559564483765e-05,8.829086542706294e-05
design,10,6,5,0.00038124285169653085,0.0003312530657351272,0.00025540261425089115,0.0002191807834560667,0.00025058299844920657,0.000123607211597888
designed,11,8,6,0.00038124285169653085,0.00024843979930134564,0.00015655740218654355,0.00013543201643637974,9.563705329842936e-05,0.0001353793269881631
desk,12,4,4,0.00038124285169653085,0.0004968795986026909,0.0005090965792197441,0.00040610649755635955,0.0006565639252378155,0.00014715144237843818
despite,11,7,6,0.00038124285169653085,0.00028393119920153793,0.0001964862978263494,0.00014507809976654283,0.0001548063938549276,0.0001353793269881631
destroy,7,7,6,0.00038124285169653085,0.00028393119920153793,0.0001964862978263494,0.00014507809976654283,0.0001548063938549276,8.829086542706294e-05
destroyed,9,9,7,0.00038124285169653085,0.0002208353771567516,0.00012812990310436502,9.616512573912911e-05,5.908312787246985e-05,0.00011183509620761298
destruction,7,11,10,0.00038124285169653085,0.00018068349040097835,9.10723338548153e-05,4.518822339255976e-05,2.2549559564483765e-05,8.829086542706294e-05
detail,7,6,5,0.00038124285169653085,0.0003312530657351272,0.00025540261425089115,0.0002191807834560667,0.00025058299844920657,8.829086542706294e-05
detailed,5,8,6,0.00038124285169653085,0.00024843979930134564,0.00015655740218654355,0.00013543201643637974,9.563705329842936e-05,6.47466346465128e-05
details,15,7,6,0.00038124285169653085,0.00028393119920153793,0.0001964862978263494,0.00014507809976654283,0.0001548063938549276,0.00018246778854926347
determine,7,9,7,0.00038124285169653085,0.0002208353771567516,0.00012812990310436502,9.616512573912911e-05,5.908312787246985e-05,8.829086542706294e-05
determined,15,10,8,0.00038124285169653085,0.00019875183944107635,0.00010710399599861124,7.13606686877693e-05,3.6500664531159836e-05,0.00018246778854926347
develop,15,7,7,0.00038124285169653085,0.00028393119920153793,0.0001964862978263494,0.00010945978702192117,0.0001548063938549276,0.00018246778854926347
developed,8,9,8,0.00038124285169653085,0.0002208353771567516,0.00012812990310436502,7.53417297328084e-05,5.908312787246985e-05,0.00010006298081733804
developer,5,9,8,0.00038124285169653085,0.0002208353771567516,0.00012812990310436502,7.53417297328084e-05,5.908312787246985e-05,6.47466346465128e-05
developing,7,10,9,0.00038124285169653085,0.00019875183944107635,0.00010710399599861124,5.7540833262736305e-05,3.6500664531159836e-05,8.829086542706294e-05
development,29,11,11,0.00038124285169653085,0.00018068349040097835,9.10723338548153e-05,3.7964606017991693e-05,2.2549559564483765e-05,0.00034727740401311414
developments,8,12,12,0.00038124285169653085,0.0001656265328675636,7.854142304403973e-05,3.096339050536065e-05,1.3930777510040114e-05,0.00010006298081733804
devil,6,5,5,0.00038124285169653085,0.00039750367888215276,0.00034828297622547605,0.00024076914737248623,0.0004056152820834941,7.65187500367878e-05
devil's,6,6,6,0.00038124285169653085,0.0003312530657351272,0.00025540261425089115,0.00015707113439413758,0.00025058299844920657,7.65187500367878e-05
did,91,3,3,0.00038124285169653085,0.0006625061314702545,0.0008305234720487999,0.0007967906891717805,0.0010627710714187356,0.0010771485582101678
didn't,32,5,6,0.00038124285169653085,0.00039750367888215276,0.00034828297622547605,0.00017254196516952429,0.0004056152820834941,0.0003825937501839394
die,5,3,2,0.00038124285169653085,0.0006625061314702545,0.0008305234720487999,0.0016716921057774523,0.0010627710714187356,6.47466346465128e-05
died,12,4,3,0.00038124285169653085,0.0004968795986026909,0.0005090965792197441,0.0006870197387222442,0.0006565639252378155,0.00014715144237843818
dies,8,4,3,0.00038124285169653085,0.0004968795986026909,0.0005090965792197441,0.0006870197387222442,0.0006565639252378155,0.00010006298081733804
difference,10,10,7,0.00038124285169653085,0.00019875183944107635,0.00010710399599861124,9.108375533087037e-05,3.6500664531159836e-05,0.000123607211597888
different,19,9,7,0.00038124285169653085,0.0002208353771567516,0.00012812990310436502,9.616512573912911e-05,5.908312787246985e-05,0.0002295562501103637
difficult,11,9,8,0.00038124285169653085,0.0002208353771567516,0.00012812990310436502,7.53417297328084e-05,5.908312787246985e-05,0.0001353793269881631
dinner,7,6,4,0.00038124285169653085,0.0003312530657351272,0.00025540261425089115,0.00032954021549262946,0.00025058299844920657,8.829086542706294e-05
diplomacy,6,9,9,0.00038124285169653085,0.0002208353771567516,0.00012812990310436502,6.0750914866702875e-05,5.908312787246985e-05,7.65187500367878e-05
direct,12,6,5,0.00038124285169653085,0.0003312530657351272,0.00025540261425089115,0.0002191807834560667,0.00025058299844920657,0.00014715144237843818
direction,5,9,7,0.00038124285169653085,0.0002208353771567516,0.00012812990310436502,9.616512573912911e-05,5.908312787246985e-05,6.47466346465128e-05
directions,8,10,8,0.00038124285169653085,0.00019875183944107635,0.00010710399599861124,7.13606686877693e-05,3.6500664531159836e-05,0.00010006298081733804
directly,10,8,7,0.00038124285169653085,0.00024843979930134564,0.00015655740218654355,0.00010218192614137219,9.563705329842936e-05,0.000123607211597888
director,14,8,6,0.00038124285169653085,0.00024843979930134564,0.00015655740218654355,0.00013543201643637974,9.563705329842936e-05,0.00017069567315898835
disability,8,10,10,0.00038124285169653085,0.00019875183944107635,0.00010710399599861124,4.74627573073367e-05,3.6500664531159836e-05,0.00010006298081733804
disappeared,5,11,8,0.00038124285169653085,0.00018068349040097835,9.10723338548153e-05,6.794088715125928e-05,2.2549559564483765e-05,6.47466346465128e-05
disaster,13,8,7,0.00038124285169653085,0.00024843979930134564,0.00015655740218654355,0.00010218192614137219,9.563705329842936e-05,0.0001589235577687132
disco,5,5,5,0.00038124285169653085,0.00039750367888215276,0.00034828297622547605,0.00024076914737248623,0.0004056152820834941,6.47466346465128e-05
discuss,37,7,6,0.00038124285169653085,0.00028393119920153793,0.0001964862978263494,0.00014507809976654283,0.0001548063938549276,0.0004414543271353147
discussed,11,9,7,0.00038124285169653085,0.0002208353771567516,0.00012812990310436502,9.616512573912911e-05,5.908312787246985e-05,0.0001353793269881631
discussion,11,10,8,0.00038124285169653085,0.00019875183944107635,0.00010710399599861124,7.13606686877693e-05,3.6500664531159836e-05,0.0001353793269881631
distribution,5,12,12,0.00038124285169653085,0.0001656265328675636,7.854142304403973e-05,3.096339050536065e-05,1.3930777510040114e-05,6.47466346465128e-05
division,10,8,7,0.00038124285169653085,0.00024843979930134564,0.00015655740218654355,0.00010218192614137219,9.563705329842936e-05,0.000123607211597888
divisions,7,9,8,0.00038124285169653085,0.0002208353771567516,0.00012812990310436502,7.53417297328084e-05,5.908312787246985e-05,8.829086542706294e-05
do,250,2,2,0.00038124285169653085,0.0009937591972053819,0.0016554907232327733,0.0020600976577472676,0.0017202930389990817,0.0029489149052639024
doc,58,3,3,0.00038124285169653085,0.0006625061314702545,0.0008305234720487999,0.0007967906891717805,0.0010627710714187356,0.0006886687503310907
doctor,7,6,5,0.00038124285169653085,0.0003312530657351272,0.00025540261425089115,0.0002191807834560667,0.00025058299844920657,8.829086542706294e-05
document,13,8,9,0.00038124285169653085,0.00024843979930134564,0.00015655740218654355,6.455194071882091e-05,9.563705329842936e-05,0.0001589235577687132
documentation,10,13,13,0.00038124285169653085,0.00015288603033928946,6.854248002491098e-05,2.5668970355103854e-05,8.606224058579877e-06,0.000123607211597888
documents,13,9,10,0.00038124285169653085,0.0002208353771567516,0.00012812990310436502,5.011060433120801e-05,5.908312787246985e-05,0.0001589235577687132
does,55,4,3,0.00038124285169653085,0.0004968795986026909,0.0005090965792197441,0.0006870197387222442,0.0006565639252378155,0.0006533524041602659
doesn't,12,6,6,0.00038124285169653085,0.0003312530657351272,0.00025540261425089115,0.00015707113439413758,0.00025058299844920657,0.00014715144237843818
dog,5,3,3,0.00038124285169653085,0.0006625061314702545,0.0008305234720487999,0.0007967906891717805,0.0010627710714187356,6.47466346465128e-05
doing,37,5,4,0.00038124285169653085,0.00039750367888215276,0.00034828297622547605,0.0003619985085280506,0.0004056152820834941,0.0004414543271353147
dollar,8,6,4,0.00038124285169653085,0.0003312530657351272,0.00025540261425089115,0.00032954021549262946,0.00025058299844920657,0.00010006298081733804
dollars,18,7,5,0.00038124285169653085,0.00028393119920153793,0.0001964862978263494,0.00020244541870664064,0.0001548063938549276,0.00021778413472008836
don,11,3,3,0.00038124285169653085,0.0006625061314702545,0.0008305234720487999,0.0007967906891717805,0.0010627710714187356,0.0001353793269881631
don't,89,4,4,0.00038124285169653085,0.0004968795986026909,0.0005090965792197441,0.00040610649755635955,0.0006565639252378155,0.0010536043274296171
donations,5,9,8,0.00038124285169653085,0.0002208353771567516,0.00012812990310436502,7.53417297328084e-05,5.908312787246985e-05,6.47466346465128e-05
done,33,4,3,0.00038124285169653085,0.0004968795986026909,0.0005090965792197441,0.0006870197387222442,0.0006565639252378155,0.00039436586557421445
doubt,6,5,3,0.00038124285169653085,0.00039750367888215276,0.00034828297622547605,0.0006124012352505361,0.0004056152820834941,7.65187500367878e-05
down,46,4,3,0.00038124285169653085,0.0004968795986026909,0.0005090965792197441,0.0006870197387222442,0.0006565639252378155,0.0005474033656477901
dr,25,2,4,0.00038124285169653085,0.0009937591972053819,0.0016554907232327733,0.0005804255083898234,0.0017202930389990817,0.00030018894245201395
draft,41,5,5,0.00038124285169653085,0.00039750367888215276,0.00034828297622547605,0.00024076914737248623,0.0004056152820834941,0.0004885427886964148
dramatic,5,8,8,0.00038124285169653085,0.00024843979930134564,0.00015655740218654355,8.005566470952506e-05,9.563705329842936e-05,6.47466346465128e-05
drinking,9,8,7,0.00038124285169653085,0.00024843979930134564,0.00015655740218654355,0.00010218192614137219,9.563705329842936e-05,0.00011183509620761298
drive,8,5,4,0.00038124285169653085,0.00039750367888215276,0.00034828297622547605,0.0003619985085280506,0.0004056152820834941,0.00010006298081733804
driver,8,6,5,0.00038124285169653085,0.0003312530657351272,0.00025540261425089115,0.0002191807834560667,0.00025058299844920657,0.00010006298081733804
driving,5,7,6,0.00038124285169653085,0.00028393119920153793,0.0001964862978263494,0.00014507809976654283,0.0001548063938549276,6.47466346465128e-05
drug,11,4,4,0.00038124285169653085,0.0004968795986026909,0.0005090965792197441,0.00040610649755635955,0.0006565639252378155,0.0001353793269881631
drugs,9,5,5,0.00038124285169653085,0.00039750367888215276,0.00034828297622547605,0.00024076914737248623,0.0004056152820834941,0.00011183509620761298
dry,5,3,3,0.00038124285169653085,0.0006625061314702545,0.0008305234720487999,0.0007967906891717805,0.0010627710714187356,6.47466346465128e-05
due,40,3,2,0.00038124285169653085,0.0006625061314702545,0.0008305234720487999,0.0016716921057774523,0.0010627710714187356,0.0004767706733061398
duke,5,4,3,0.00038124285169653085,0.0004968795986026909,0.0005090965792197441,0.0006870197387222442,0.0006565639252378155,6.47466346465128e-05
dunn,8,4,3,0.00038124285169653085,0.0004968795986026909,0.0005090965792197441,0.0006870197387222442,0.0006565639252378155,0.00010006298081733804
during,50,6,5,0.00038124285169653085,0.0003312530657351272,0.00025540261425089115,0.0002191807834560667,0.00025058299844920657,0.0005944918272088903
e,62,1,1,0.00038124285169653085,0.0019875183944107638,0.0053833587703735275,0.010450466527851598,0.0027846148804916812,0.000735757211892191
each,50,4,2,0.00038124285169653085,0.0004968795986026909,0.0005090965792197441,0.0014413891745259336,0.0006565639252378155,0.0005944918272088903
eager,5,5,3,0.00038124285169653085,0.00039750367888215276,0.00034828297622547605,0.0006124012352505361,0.0004056152820834941,6.47466346465128e-05
earl,5,4,2,0.00038124285169653085,0.0004968795986026909,0.0005090965792197441,0.0014413891745259336,0.0006565639252378155,6.47466346465128e-05
earlier,32,7,4,0.00038124285169653085,0.00028393119920153793,0.0001964862978263494,0.00030437844894123353,0.0001548063938549276,0.0003825937501839394
early,32,5,3,0.00038124285169653085,0.00039750367888215276,0.00034828297622547605,0.0006124012352505361,0.0004056152820834941,0.0003825937501839394
earned,10,6,3,0.00038124285169653085,0.0003312530657351272,0.00025540261425089115,0.0005574907914759439,0.00025058299844920657,0.000123607211597888
earth,11,5,2,0.00038124285169653085,0.00039750367888215276,0.00034828297622547605,0.0012848371905560393,0.0004056152820834941,0.0001353793269881631
easier,5,6,4,0.00038124285169653085,0.0003312530657351272,0.00025540261425089115,0.00032954021549262946,0.00025058299844920657,6.47466346465128e-05
easily,6,6,5,0.00038124285169653085,0.0003312530657351272,0.00025540261425089115,0.0002191807834560667,0.00025058299844920657,7.65187500367878e-05
east,20,4,3,0.00038124285169653085,0.0004968795986026909,0.0005090965792197441,0.0006870197387222442,0.0006565639252378155,0.0002413283655006388
eastern,7,7,5,0.00038124285169653085,0.00028393119920153793,0.0001964862978263494,0.00020244541870664064,0.0001548063938549276,8.829086542706294e-05
easy,18,4,3,0.00038124285169653085,0.0004968795986026909,0.0005090965792197441,0.0006870197387222442,0.0006565639252378155,0.00021778413472008836
eb,22,2,2,0.00038124285169653085,0.0009937591972053819,0.0016554907232327733,0.0020600976577472676,0.0017202930389990817,0.00026487259628118863
economic,16,8,8,0.00038124285169653085,0.00024843979930134564,0.00015655740218654355,8.005566470952506e-05,9.563705329842936e-05,0.00019423990393953826
economy,8,7,7,0.00038124285169653085,0.00028393119920153793,0.0001964862978263494,0.00010945978702192117,0.0001548063938549276,0.00010006298081733804
ed,16,2,2,0.00038124285169653085,0.0009937591972053819,0.0016554907232327733,0.0020600976577472676,0.0017202930389990817,0.00019423990393953826
edison,5,6,6,0.00038124285169653085,0.0003312530657351272,0.00025540261425089115,0.00015707113439413758,0.00025058299844920657,6.47466346465128e-05
edu,6,3,4,0.00038124285169653085,0.0006625061314702545,0.0008305234720487999,0.00047099356514397167,0.0010627710714187356,7.65187500367878e-05
education,19,9,8,0.00038124285169653085,0.0002208353771567516,0.00012812990310436502,7.53417297328084e-05,5.908312787246985e-05,0.0002295562501103637
educational,5,11,10,0.00038124285169653085,0.00018068349040097835,9.10723338548153e-05,4.518822339255976e-05,2.2549559564483765e-05,6.47466346465128e-05
edwards,7,7,6,0.00038124285169653085,0.00028393119920153793,0.0001964862978263494,0.00014507809976654283,0.0001548063938549276,8.829086542706294e-05
effect,8,6,5,0.00038124285169653085,0.0003312530657351272,0.00025540261425089115,0.0002191807834560667,0.00025058299844920657,0.00010006298081733804
effective,11,9,7,0.00038124285169653085,0.0002208353771567516,0.00012812990310436502,9.616512573912911e-05,5.908312787246985e-05,0.0001353793269881631
effects,8,7,6,0.00038124285169653085,0.00028393119920153793,0.0001964862978263494,0.00014507809976654283,0.0001548063938549276,0.00010006298081733804
effort,18,6,4,0.00038124285169653085,0.0003312530657351272,0.00025540261425089115,0.00032954021549262946,0.00025058299844920657,0.00021778413472008836
efforts,11,7,5,0.00038124285169653085,0.00028393119920153793,0.0001964862978263494,0.00020244541870664064,0.0001548063938549276,0.0001353793269881631
egypt,6,5,5,0.00038124285169653085,0.00039750367888215276,0.00034828297622547605,0.00024076914737248623,0.0004056152820834941,7.65187500367878e-05
egyptian,26,8,7,0.00038124285169653085,0.00024843979930134564,0.00015655740218654355,0.00010218192614137219,9.563705329842936e-05,0.00031196105784228904
either,23,6,3,0.00038124285169653085,0.0003312530657351272,0.00025540261425089115,0.0005574907914759439,0.00025058299844920657,0.00027664471167146394
elected,8,7,7,0.00038124285169653085,0.00028393119920153793,0.0001964862978263494,0.00010945978702192117,0.0001548063938549276,0.00010006298081733804
election,9,8,7,0.00038124285169653085,0.00024843979930134564,0.00015655740218654355,0.00010218192614137219,9.563705329842936e-05,0.00011183509620761298
elections,32,9,8,0.00038124285169653085,0.0002208353771567516,0.00012812990310436502,7.53417297328084e-05,5.908312787246985e-05,0.0003825937501839394
electric,6,8,8,0.00038124285169653085,0.00024843979930134564,0.00015655740218654355,8.005566470952506e-05,9.563705329842936e-05,7.65187500367878e-05
electricity,15,11,11,0.00038124285169653085,0.00018068349040097835,9.10723338548153e-05,3.7964606017991693e-05,2.2549559564483765e-05,0.00018246778854926347
elements,5,8,8,0.00038124285169653085,0.00024843979930134564,0.00015655740218654355,8.005566470952506e-05,9.563705329842936e-05,6.47466346465128e-05
ellis,8,5,4,0.00038124285169653085,0.00039750367888215276,0.00034828297622547605,0.0003619985085280506,0.0004056152820834941,0.00010006298081733804
else,25,4,3,0.00038124285169653085,0.0004968795986026909,0.0005090965792197441,0.0006870197387222442,0.0006565639252378155,0.00030018894245201395
email,64,5,4,0.00038124285169653085,0.00039750367888215276,0.00034828297622547605,0.0003619985085280506,0.0004056152820834941,0.0007593014426727414
emails,8,6,5,0.00038124285169653085,0.0003312530657351272,0.00025540261425089115,0.0002191807834560667,0.00025058299844920657,0.00010006298081733804
emergency,15,9,8,0.00038124285169653085,0.0002208353771567516,0.00012812990310436502,7.53417297328084e-05,5.908312787246985e-05,0.00018246778854926347
employed,6,8,6,0.00038124285169653085,0.00024843979930134564,0.00015655740218654355,0.00013543201643637974,9.563705329842936e-05,7.65187500367878e-05
employees,10,9,7,0.00038124285169653085,0.0002208353771567516,0.00012812990310436502,9.616512573912911e-05,5.908312787246985e-05,0.000123607211597888
en,5,2,2,0.00038124285169653085,0.0009937591972053819,0.0016554907232327733,0.0020600976577472676,0.0017202930389990817,6.47466346465128e-05
ena,17,3,3,0.00038124285169653085,0.0006625061314702545,0.0008305234720487999,0.0007967906891717805,0.0010627710714187356,0.0002060120193298133
encourage,6,9,6,0.00038124285169653085,0.0002208353771567516,0.00012812990310436502,0.0001274573437937484,5.908312787246985e-05,7.65187500367878e-05
end,62,3,3,0.00038124285169653085,0.0006625061314702545,0.0008305234720487999,0.0007967906891717805,0.0010627710714187356,0.000735757211892191
endangered,5,10,8,0.00038124285169653085,0.00019875183944107635,0.00010710399599861124,7.13606686877693e-05,3.6500664531159836e-05,6.47466346465128e-05
enemy,9,5,5,0.00038124285169653085,0.00039750367888215276,0.00034828297622547605,0.00024076914737248623,0.0004056152820834941,0.00011183509620761298
energy,49,6,5,0.00038124285169653085,0.0003312530657351272,0.00025540261425089115,0.0002191807834560667,0.00025058299844920657,0.000582719711818615
enforcement,7,11,10,0.00038124285169653085,0.00018068349040097835,9.10723338548153e-05,4.518822339255976e-05,2.2549559564483765e-05,8.829086542706294e-05
england,10,7,7,0.00038124285169653085,0.00028393119920153793,0.0001964862978263494,0.00010945978702192117,0.0001548063938549276,0.000123607211597888
english,7,7,6,0.00038124285169653085,0.00028393119920153793,0.0001964862978263494,0.00014507809976654283,0.0001548063938549276,8.829086542706294e-05
enjoy,6,5,4,0.00038124285169653085,0.00039750367888215276,0.00034828297622547605,0.0003619985085280506,0.0004056152820834941,7.65187500367878e-05
enjoyed,5,7,5,0.00038124285169653085,0.00028393119920153793,0.0001964862978263494,0.00020244541870664064,0.0001548063938549276,6.47466346465128e-05
enough,17,6,4,0.00038124285169653085,0.0003312530657351272,0.00025540261425089115,0.00032954021549262946,0.00025058299844920657,0.0002060120193298133
enron,163,5,5,0.00038124285169653085,0.00039750367888215276,0.00034828297622547605,0.00024076914737248623,0.0004056152820834941,0.0019247408663099711
enron's,7,6,6,0.00038124285169653085,0.0003312530657351272,0.00025540261425089115,0.00015707113439413758,0.00025058299844920657,8.829086542706294e-05
ensure,10,6,5,0.00038124285169653085,0.0003312530657351272,0.00025540261425089115,0.0002191807834560667,0.00025058299844920657,0.000123607211597888
enter,5,5,4,0.00038124285169653085,0.00039750367888215276,0.00034828297622547605,0.0003619985085280506,0.0004056152820834941,6.47466346465128e-05
entering,6,8,6,0.00038124285169653085,0.00024843979930134564,0.00015655740218654355,0.00013543201643637974,9.563705329842936e-05,7.65187500367878e-05
entire,20,6,5,0.00038124285169653085,0.0003312530657351272,0.00025540261425089115,0.0002191807834560667,0.00025058299844920657,0.0002413283655006388
entirely,8,8,7,0.00038124285169653085,0.00024843979930134564,0.00015655740218654355,0.00010218192614137219,9.563705329842936e-05,0.00010006298081733804
entities,7,8,7,0.00038124285169653085,0.00024843979930134564,0.00015655740218654355,0.00010218192614137219,9.563705329842936e-05,8.829086542706294e-05
entity,12,6,6,0.00038124285169653085,0.0003312530657351272,0.00025540261425089115,0.00015707113439413758,0.00025058299844920657,0.00014715144237843818
entry,7,5,5,0.00038124285169653085,0.00039750367888215276,0.00034828297622547605,0.00024076914737248623,0.0004056152820834941,8.829086542706294e-05
environment,11,11,11,0.00038124285169653085,0.00018068349040097835,9.10723338548153e-05,3.7964606017991693e-05,2.2549559564483765e-05,0.0001353793269881631
environmental,5,13,13,0.00038124285169653085,0.00015288603033928946,6.854248002491098e-05,2.5668970355103854e-05,8.606224058579877e-06,6.47466346465128e-05
equal,7,5,5,0.00038124285169653085,0.00039750367888215276,0.00034828297622547605,0.00024076914737248623,0.0004056152820834941,8.829086542706294e-05
equality,7,8,8,0.00038124285169653085,0.00024843979930134564,0.00015655740218654355,8.005566470952506e-05,9.563705329842936e-05,8.829086542706294e-05
error,7,5,3,0.00038124285169653085,0.00039750367888215276,0.00034828297622547605,0.0006124012352505361,0.0004056152820834941,8.829086542706294e-05
escape,5,6,5,0.00038124285169653085,0.0003312530657351272,0.00025540261425089115,0.0002191807834560667,0.00025058299844920657,6.47466346465128e-05
especially,15,10,7,0.00038124285169653085,0.00019875183944107635,0.00010710399599861124,9.108375533087037e-05,3.6500664531159836e-05,0.00018246778854926347
essentially,5,11,8,0.00038124285169653085,0.00018068349040097835,9.10723338548153e-05,6.794088715125928e-05,2.2549559564483765e-05,6.47466346465128e-05
essex,5,5,5,0.00038124285169653085,0.00039750367888215276,0.00034828297622547605,0.00024076914737248623,0.0004056152820834941,6.47466346465128e-05
essie,7,5,3,0.00038124285169653085,0.00039750367888215276,0.00034828297622547605,0.0006124012352505361,0.0004056152820834941,8.829086542706294e-05
establish,7,9,8,0.00038124285169653085,0.0002208353771567516,0.00012812990310436502,7.53417297328084e-05,5.908312787246985e-05,8.829086542706294e-05
established,8,11,9,0.00038124285169653085,0.00018068349040097835,9.10723338548153e-05,5.478333276833534e-05,2.2549559564483765e-05,0.00010006298081733804
estimated,15,9,9,0.00038124285169653085,0.0002208353771567516,0.00012812990310436502,6.0750914866702875e-05,5.908312787246985e-05,0.00018246778854926347
etc,24,3,7,0.00038124285169653085,0.0006625061314702545,0.0008305234720487999,0.00016937748223859404,0.0010627710714187356,0.00028841682706173886
ethnic,6,6,5,0.00038124285169653085,0.0003312530657351272,0.00025540261425089115,0.0002191807834560667,0.00025058299844920657,7.65187500367878e-05
europe,19,6,5,0.00038124285169653085,0.0003312530657351272,0.00025540261425089115,0.0002191807834560667,0.00025058299844920657,0.0002295562501103637
even,88,4,4,0.00038124285169653085,0.0004968795986026909,0.0005090965792197441,0.00040610649755635955,0.0006565639252378155,0.0010418322120393426
evening,8,7,5,0.00038124285169653085,0.00028393119920153793,0.0001964862978263494,0.00020244541870664064,0.0001548063938549276,0.00010006298081733804
event,13,5,5,0.00038124285169653085,0.00039750367888215276,0.00034828297622547605,0.00024076914737248623,0.0004056152820834941,0.0001589235577687132
events,16,6,6,0.00038124285169653085,0.0003312530657351272,0.00025540261425089115,0.00015707113439413758,0.00025058299844920657,0.00019423990393953826
eventually,8,10,10,0.00038124285169653085,0.00019875183944107635,0.00010710399599861124,4.74627573073367e-05,3.6500664531159836e-05,0.00010006298081733804
ever,22,4,3,0.00038124285169653085,0.0004968795986026909,0.0005090965792197441,0.0006870197387222442,0.0006565639252378155,0.00026487259628118863
every,28,5,4,0.00038124285169653085,0.00039750367888215276,0.00034828297622547605,0.0003619985085280506,0.0004056152820834941,0.000335505288622839
everybody,8,9,8,0.00038124285169653085,0.0002208353771567516,0.00012812990310436502,7.53417297328084e-05,5.908312787246985e-05,0.00010006298081733804
everyone,22,8,7,0.00038124285169653085,0.00024843979930134564,0.00015655740218654355,0.00010218192614137219,9.563705329842936e-05,0.00026487259628118863
everything,21,10,7,0.00038124285169653085,0.00019875183944107635,0.00010710399599861124,9.108375533087037e-05,3.6500664531159836e-05,0.0002531004808909135
evidence,15,8,7,0.00038124285169653085,0.00024843979930134564,0.00015655740218654355,0.00010218192614137219,9.563705329842936e-05,0.00018246778854926347
evil,5,4,4,0.00038124285169653085,0.0004968795986026909,0.0005090965792197441,0.00040610649755635955,0.0006565639252378155,6.47466346465128e-05
exactly,11,7,8,0.00038124285169653085,0.00028393119920153793,0.0001964862978263494,8.575759275548628e-05,0.0001548063938549276,0.0001353793269881631
example,14,7,8,0.00038124285169653085,0.00028393119920153793,0.0001964862978263494,8.575759275548628e-05,0.0001548063938549276,0.00017069567315898835
examples,5,8,9,0.00038124285169653085,0.00024843979930134564,0.00015655740218654355,6.455194071882091e-05,9.563705329842936e-05,6.47466346465128e-05
excellent,11,9,8,0.00038124285169653085,0.0002208353771567516,0.00012812990310436502,7.53417297328084e-05,5.908312787246985e-05,0.0001353793269881631
except,10,6,6,0.00038124285169653085,0.0003312530657351272,0.00025540261425089115,0.00015707113439413758,0.00025058299844920657,0.000123607211597888
exception,5,9,8,0.00038124285169653085,0.0002208353771567516,0.00012812990310436502,7.53417297328084e-05,5.908312787246985e-05,6.47466346465128e-05
execute,11,7,8,0.00038124285169653085,0.00028393119920153793,0.0001964862978263494,8.575759275548628e-05,0.0001548063938549276,0.0001353793269881631
executed,7,8,10,0.00038124285169653085,0.00024843979930134564,0.00015655740218654355,5.3245893782339815e-05,9.563705329842936e-05,8.829086542706294e-05
execution,7,9,10,0.00038124285169653085,0.0002208353771567516,0.00012812990310436502,5.011060433120801e-05,5.908312787246985e-05,8.829086542706294e-05
executive,24,9,10,0.00038124285169653085,0.0002208353771567516,0.00012812990310436502,5.011060433120801e-05,5.908312787246985e-05,0.00028841682706173886
exist,6,5,6,0.00038124285169653085,0.00039750367888215276,0.00034828297622547605,0.00017254196516952429,0.0004056152820834941,7.65187500367878e-05
existed,6,7,8,0.00038124285169653085,0.00028393119920153793,0.0001964862978263494,8.575759275548628e-05,0.0001548063938549276,7.65187500367878e-05
expanding,5,9,9,0.00038124285169653085,0.0002208353771567516,0.00012812990310436502,6.0750914866702875e-05,5.908312787246985e-05,6.47466346465128e-05
expansion,8,9,9,0.00038124285169653085,0.0002208353771567516,0.00012812990310436502,6.0750914866702875e-05,5.908312787246985e-05,0.00010006298081733804
expect,18,6,7,0.00038124285169653085,0.0003312530657351272,0.00025540261425089115,0.00011850839613794607,0.00025058299844920657,0.00021778413472008836
expense,6,7,7,0.00038124285169653085,0.00028393119920153793,0.0001964862978263494,0.00010945978702192117,0.0001548063938549276,7.65187500367878e-05
experience,16,10,10,0.00038124285169653085,0.00019875183944107635,0.00010710399599861124,4.74627573073367e-05,3.6500664531159836e-05,0.00019423990393953826
expert,5,6,6,0.00038124285169653085,0.0003312530657351272,0.00025540261425089115,0.00015707113439413758,0.00025058299844920657,6.47466346465128e-05
experts,8,7,7,0.00038124285169653085,0.00028393119920153793,0.0001964862978263494,0.00010945978702192117,0.0001548063938549276,0.00010006298081733804
explain,5,7,7,0.00038124285169653085,0.00028393119920153793,0.0001964862978263494,0.00010945978702192117,0.0001548063938549276,6.47466346465128e-05
explained,9,9,8,0.00038124285169653085,0.0002208353771567516,0.00012812990310436502,7.53417297328084e-05,5.908312787246985e-05,0.00011183509620761298
explanation,5,11,11,0.00038124285169653085,0.00018068349040097835,9.10723338548153e-05,3.7964606017991693e-05,2.2549559564483765e-05,6.47466346465128e-05
exploration,5,11,10,0.00038124285169653085,0.00018068349040097835,9.10723338548153e-05,4.518822339255976e-05,2.2549559564483765e-05,6.47466346465128e-05
exposure,7,8,7,0.00038124285169653085,0.00024843979930134564,0.00015655740218654355,0.00010218192614137219,9.563705329842936e-05,8.829086542706294e-05
extend,5,6,7,0.00038124285169653085,0.0003312530657351272,0.00025540261425089115,0.00011850839613794607,0.00025058299844920657,6.47466346465128e-05
extent,5,6,7,0.00038124285169653085,0.0003312530657351272,0.00025540261425089115,0.00011850839613794607,0.00025058299844920657,6.47466346465128e-05
extreme,6,7,7,0.00038124285169653085,0.00028393119920153793,0.0001964862978263494,0.00010945978702192117,0.0001548063938549276,7.65187500367878e-05
extremely,5,9,9,0.00038124285169653085,0.0002208353771567516,0.00012812990310436502,6.0750914866702875e-05,5.908312787246985e-05,6.47466346465128e-05
eye,5,3,1,0.00038124285169653085,0.0006625061314702545,0.0008305234720487999,0.005933317784637722,0.0010627710714187356,6.47466346465128e-05
eyes,5,4,2,0.00038124285169653085,0.0004968795986026909,0.0005090965792197441,0.0014413891745259336,0.0006565639252378155,6.47466346465128e-05
f,15,1,2,0.00038124285169653085,0.0019875183944107638,0.0053833587703735275,0.002944383400722856,0.0027846148804916812,0.00018246778854926347
face,19,4,3,0.00038124285169653085,0.0004968795986026909,0.0005090965792197441,0.0006870197387222442,0.0006565639252378155,0.0002295562501103637
facility,5,8,8,0.00038124285169653085,0.00024843979930134564,0.00015655740218654355,8.005566470952506e-05,9.563705329842936e-05,6.47466346465128e-05
fact,33,4,4,0.00038124285169653085,0.0004968795986026909,0.0005090965792197441,0.00040610649755635955,0.0006565639252378155,0.00039436586557421445
facts,6,5,5,0.00038124285169653085,0.00039750367888215276,0.00034828297622547605,0.00024076914737248623,0.0004056152820834941,7.65187500367878e-05
failed,8,6,4,0.00038124285169653085,0.0003312530657351272,0.00025540261425089115,0.00032954021549262946,0.00025058299844920657,0.00010006298081733804
failure,6,7,5,0.00038124285169653085,0.00028393119920153793,0.0001964862978263494,0.00020244541870664064,0.0001548063938549276,7.65187500367878e-05
fair,5,4,3,0.00038124285169653085,0.0004968795986026909,0.0005090965792197441,0.0006870197387222442,0.0006565639252378155,6.47466346465128e-05
fairly,5,6,5,0.00038124285169653085,0.0003312530657351272,0.00025540261425089115,0.0002191807834560667,0.00025058299844920657,6.47466346465128e-05
faith,13,5,3,0.00038124285169653085,0.00039750367888215276,0.00034828297622547605,0.0006124012352505361,0.0004056152820834941,0.0001589235577687132
fall,14,4,3,0.00038124285169653085,0.0004968795986026909,0.0005090965792197441,0.0006870197387222442,0.0006565639252378155,0.00017069567315898835
false,8,5,4,0.00038124285169653085,0.00039750367888215276,0.00034828297622547605,0.0003619985085280506,0.0004056152820834941,0.00010006298081733804
familiar,7,8,7,0.00038124285169653085,0.00024843979930134564,0.00015655740218654355,0.00010218192614137219,9.563705329842936e-05,8.829086542706294e-05
families,16,8,7,0.00038124285169653085,0.00024843979930134564,0.00015655740218654355,0.00010218192614137219,9.563705329842936e-05,0.00019423990393953826
family,40,6,6,0.00038124285169653085,0.0003312530657351272,0.00025540261425089115,0.00015707113439413758,0.00025058299844920657,0.0004767706733061398
fan,5,3,3,0.00038124285169653085,0.0006625061314702545,0.0008305234720487999,0.0007967906891717805,0.0010627710714187356,6.47466346465128e-05
far,34,3,3,0.00038124285169653085,0.0006625061314702545,0.0008305234720487999,0.0007967906891717805,0.0010627710714187356,0.0004061379809644894
fat,10,3,3,0.00038124285169653085,0.0006625061314702545,0.0008305234720487999,0.0007967906891717805,0.0010627710714187356,0.000123607211597888
father,10,6,4,0.00038124285169653085,0.0003312530657351272,0.00025540261425089115,0.00032954021549262946,0.00025058299844920657,0.000123607211597888
father's,5,7,5,0.00038124285169653085,0.00028393119920153793,0.0001964862978263494,0.00020244541870664064,0.0001548063938549276,6.47466346465128e-05
favor,7,5,4,0.00038124285169653085,0.00039750367888215276,0.00034828297622547605,0.0003619985085280506,0.0004056152820834941,8.829086542706294e-05
fax,46,3,4,0.00038124285169653085,0.0006625061314702545,0.0008305234720487999,0.00047099356514397167,0.0010627710714187356,0.0005474033656477901
faxed,6,5,5,0.00038124285169653085,0.00039750367888215276,0.00034828297622547605,0.00024076914737248623,0.0004056152820834941,7.65187500367878e-05
fbi,14,3,5,0.00038124285169653085,0.0006625061314702545,0.0008305234720487999,0.0003132629456368448,0.0010627710714187356,0.00017069567315898835
fbi's,5,4,6,0.00038124285169653085,0.0004968795986026909,0.0005090965792197441,0.00019356547473470392,0.0006565639252378155,6.47466346465128e-05
fear,10,4,3,0.00038124285169653085,0.0004968795986026909,0.0005090965792197441,0.0006870197387222442,0.0006565639252378155,0.000123607211597888
feb,11,3,9,0.00038124285169653085,0.0006625061314702545,0.0008305234720487999,0.00010700175271154895,0.0010627710714187356,0.0001353793269881631
february,12,8,9,0.00038124285169653085,0.00024843979930134564,0.00015655740218654355,6.455194071882091e-05,9.563705329842936e-05,0.00014715144237843818
federal,30,7,6,0.00038124285169653085,0.00028393119920153793,0.0001964862978263494,0.00014507809976654283,0.0001548063938549276,0.0003590495194033891
feel,47,4,3,0.00038124285169653085,0.0004968795986026909,0.0005090965792197441,0.0006870197387222442,0.0006565639252378155,0.0005591754810380649
feeling,8,7,5,0.00038124285169653085,0.00028393119920153793,0.0001964862978263494,0.00020244541870664064,0.0001548063938549276,0.00010006298081733804
feet,5,4,3,0.00038124285169653085,0.0004968795986026909,0.0005090965792197441,0.0006870197387222442,0.0006565639252378155,6.47466346465128e-05
fellow,7,6,4,0.00038124285169653085,0.0003312530657351272,0.00025540261425089115,0.00032954021549262946,0.00025058299844920657,8.829086542706294e-05
felt,9,4,4,0.00038124285169653085,0.0004968795986026909,0.0005090965792197441,0.00040610649755635955,0.0006565639252378155,0.00011183509620761298
ferrous,8,7,5,0.00038124285169653085,0.00028393119920153793,0.0001964862978263494,0.00020244541870664064,0.0001548063938549276,0.00010006298081733804
few,42,3,3,0.00038124285169653085,0.0006625061314702545,0.0008305234720487999,0.0007967906891717805,0.0010627710714187356,0.0005003149040866898
fight,10,5,3,0.00038124285169653085,0.00039750367888215276,0.00034828297622547605,0.0006124012352505361,0.0004056152820834941,0.000123607211597888
fighter,7,7,4,0.00038124285169653085,0.00028393119920153793,0.0001964862978263494,0.00030437844894123353,0.0001548063938549276,8.829086542706294e-05
fighting,9,8,5,0.00038124285169653085,0.00024843979930134564,0.00015655740218654355,0.0001889850454194499,9.563705329842936e-05,0.00011183509620761298
figured,5,7,6,0.00038124285169653085,0.00028393119920153793,0.0001964862978263494,0.00014507809976654283,0.0001548063938549276,6.47466346465128e-05
figures,7,7,6,0.00038124285169653085,0.00028393119920153793,0.0001964862978263494,0.00014507809976654283,0.0001548063938549276,8.829086542706294e-05
file,41,4,3,0.00038124285169653085,0.0004968795986026909,0.0005090965792197441,0.0006870197387222442,0.0006565639252378155,0.0004885427886964148
filed,11,5,4,0.00038124285169653085,0.00039750367888215276,0.00034828297622547605,0.0003619985085280506,0.0004056152820834941,0.0001353793269881631
files,8,5,4,0.00038124285169653085,0.00039750367888215276,0.00034828297622547605,0.0003619985085280506,0.0004056152820834941,0.00010006298081733804
filing,7,6,5,0.00038124285169653085,0.0003312530657351272,0.00025540261425089115,0.0002191807834560667,0.00025058299844920657,8.829086542706294e-05
final,30,5,5,0.00038124285169653085,0.00039750367888215276,0.00034828297622547605,0.00024076914737248623,0.0004056152820834941,0.0003590495194033891
finally,14,7,6,0.00038124285169653085,0.00028393119920153793,0.0001964862978263494,0.00014507809976654283,0.0001548063938549276,0.00017069567315898835
finance,15,7,6,0.00038124285169653085,0.00028393119920153793,0.0001964862978263494,0.00014507809976654283,0.0001548063938549276,0.00018246778854926347
financial,22,9,8,0.00038124285169653085,0.0002208353771567516,0.00012812990310436502,7.53417297328084e-05,5.908312787246985e-05,0.00026487259628118863
find,63,4,4,0.00038124285169653085,0.0004968795986026909,0.0005090965792197441,0.00040610649755635955,0.0006565639252378155,0.0007475293272824657
finding,6,7,6,0.00038124285169653085,0.00028393119920153793,0.0001964862978263494,0.00014507809976654283,0.0001548063938549276,7.65187500367878e-05
fine,14,4,3,0.00038124285169653085,0.0004968795986026909,0.0005090965792197441,0.0006870197387222442,0.0006565639252378155,0.00017069567315898835
finished,6,8,6,0.00038124285169653085,0.00024843979930134564,0.00015655740218654355,0.00013543201643637974,9.563705329842936e-05,7.65187500367878e-05
fire,9,4,3,0.00038124285169653085,0.0004968795986026909,0.0005090965792197441,0.0006870197387222442,0.0006565639252378155,0.00011183509620761298
firm,12,4,3,0.00038124285169653085,0.0004968795986026909,0.0005090965792197441,0.0006870197387222442,0.0006565639252378155,0.00014715144237843818
first,75,5,4,0.00038124285169653085,0.00039750367888215276,0.00034828297622547605,0.0003619985085280506,0.0004056152820834941,0.0008887947119657664
fish,7,4,3,0.00038124285169653085,0.0004968795986026909,0.0005090965792197441,0.0006870197387222442,0.0006565639252378155,8.829086542706294e-05
fit,9,3,3,0.00038124285169653085,0.0006625061314702545,0.0008305234720487999,0.0007967906891717805,0.0010627710714187356,0.00011183509620761298
five,10,4,3,0.00038124285169653085,0.0004968795986026909,0.0005090965792197441,0.0006870197387222442,0.0006565639252378155,0.000123607211597888
fixed,7,5,5,0.00038124285169653085,0.00039750367888215276,0.00034828297622547605,0.00024076914737248623,0.0004056152820834941,8.829086542706294e-05
flight,12,6,4,0.00038124285169653085,0.0003312530657351272,0.00025540261425089115,0.00032954021549262946,0.00025058299844920657,0.00014715144237843818
floating,11,8,6,0.00038124285169653085,0.00024843979930134564,0.00015655740218654355,0.00013543201643637974,9.563705329842936e-05,0.0001353793269881631
floor,5,5,4,0.00038124285169653085,0.00039750367888215276,0.00034828297622547605,0.0003619985085280506,0.0004056152820834941,6.47466346465128e-05
florida,9,7,7,0.00038124285169653085,0.00028393119920153793,0.0001964862978263494,0.00010945978702192117,0.0001548063938549276,0.00011183509620761298
flowing,5,7,5,0.00038124285169653085,0.00028393119920153793,0.0001964862978263494,0.00020244541870664064,0.0001548063938549276,6.47466346465128e-05
flows,5,5,4,0.00038124285169653085,0.00039750367888215276,0.00034828297622547605,0.0003619985085280506,0.0004056152820834941,6.47466346465128e-05
fly,11,3,3,0.00038124285169653085,0.0006625061314702545,0.0008305234720487999,0.0007967906891717805,0.0010627710714187356,0.0001353793269881631
focus,11,5,5,0.00038124285169653085,0.00039750367888215276,0.00034828297622547605,0.00024076914737248623,0.0004056152820834941,0.0001353793269881631
focused,5,7,6,0.00038124285169653085,0.00028393119920153793,0.0001964862978263494,0.00014507809976654283,0.0001548063938549276,6.47466346465128e-05
folks,12,5,4,0.00038124285169653085,0.00039750367888215276,0.00034828297622547605,0.0003619985085280506,0.0004056152820834941,0.00014715144237843818
follow,22,6,4,0.00038124285169653085,0.0003312530657351272,0.00025540261425089115,0.00032954021549262946,0.00025058299844920657,0.00026487259628118863
followed,10,8,5,0.00038124285169653085,0.00024843979930134564,0.00015655740218654355,0.0001889850454194499,9.563705329842936e-05,0.000123607211597888
following,42,9,6,0.00038124285169653085,0.0002208353771567516,0.00012812990310436502,0.0001274573437937484,5.908312787246985e-05,0.0005003149040866898
follows,12,7,5,0.00038124285169653085,0.00028393119920153793,0.0001964862978263494,0.00020244541870664064,0.0001548063938549276,0.00014715144237843818
food,11,4,3,0.00038124285169653085,0.0004968795986026909,0.0005090965792197441,0.0006870197387222442,0.0006565639252378155,0.0001353793269881631
for,985,3,3,0.00038124285169653085,0.0006625061314702545,0.0008305234720487999,0.0007967906891717805,0.0010627710714187356,0.011601419717116073
force,26,5,4,0.00038124285169653085,0.00039750367888215276,0.00034828297622547605,0.0003619985085280506,0.0004056152820834941,0.00031196105784228904
forced,7,6,5,0.00038124285169653085,0.0003312530657351272,0.00025540261425089115,0.0002191807834560667,0.00025058299844920657,8.829086542706294e-05
forces,31,6,6,0.00038124285169653085,0.0003312530657351272,0.00025540261425089115,0.00015707113439413758,0.00025058299844920657,0.00037082163479366443
foreign,14,7,5,0.00038124285169653085,0.00028393119920153793,0.0001964862978263494,0.00020244541870664064,0.0001548063938549276,0.00017069567315898835
foreigners,5,10,7,0.00038124285169653085,0.00019875183944107635,0.00010710399599861124,9.108375533087037e-05,3.6500664531159836e-05,6.47466346465128e-05
forget,5,6,5,0.00038124285169653085,0.0003312530657351272,0.00025540261425089115,0.0002191807834560667,0.00025058299844920657,6.47466346465128e-05
form,38,4,4,0.00038124285169653085,0.0004968795986026909,0.0005090965792197441,0.00040610649755635955,0.0006565639252378155,0.0004532264425255896
formal,13,6,6,0.00038124285169653085,0.0003312530657351272,0.00025540261425089115,0.00015707113439413758,0.00025058299844920657,0.0001589235577687132
format,7,6,6,0.00038124285169653085,0.0003312530657351272,0.00025540261425089115,0.00015707113439413758,0.00025058299844920657,8.829086542706294e-05
formed,5,6,5,0.00038124285169653085,0.0003312530657351272,0.00025540261425089115,0.0002191807834560667,0.00025058299844920657,6.47466346465128e-05
former,37,6,5,0.00038124285169653085,0.0003312530657351272,0.00025540261425089115,0.0002191807834560667,0.00025058299844920657,0.0004414543271353147
forms,6,5,5,0.00038124285169653085,0.00039750367888215276,0.00034828297622547605,0.00024076914737248623,0.0004056152820834941,7.65187500367878e-05
forster,5,7,6,0.00038124285169653085,0.00028393119920153793,0.0001964862978263494,0.00014507809976654283,0.0001548063938549276,6.47466346465128e-05
forth,5,5,4,0.00038124285169653085,0.00039750367888215276,0.00034828297622547605,0.0003619985085280506,0.0004056152820834941,6.47466346465128e-05
fortier,11,7,6,0.00038124285169653085,0.00028393119920153793,0.0001964862978263494,0.00014507809976654283,0.0001548063938549276,0.0001353793269881631
forum,9,5,5,0.00038124285169653085,0.00039750367888215276,0.00034828297622547605,0.00024076914737248623,0.0004056152820834941,0.00011183509620761298
forward,51,7,6,0.00038124285169653085,0.00028393119920153793,0.0001964862978263494,0.00014507809976654283,0.0001548063938549276,0.0006062639425991653
found,31,5,4,0.00038124285169653085,0.00039750367888215276,0.00034828297622547605,0.0003619985085280506,0.0004056152820834941,0.00037082163479366443
founder,6,7,5,0.00038124285169653085,0.00028393119920153793,0.0001964862978263494,0.00020244541870664064,0.0001548063938549276,7.65187500367878e-05
four,26,4,3,0.00038124285169653085,0.0004968795986026909,0.0005090965792197441,0.0006870197387222442,0.0006565639252378155,0.00031196105784228904
france,8,6,5,0.00038124285169653085,0.0003312530657351272,0.00025540261425089115,0.0002191807834560667,0.00025058299844920657,0.00010006298081733804
francisco,7,9,9,0.00038124285169653085,0.0002208353771567516,0.00012812990310436502,6.0750914866702875e-05,5.908312787246985e-05,8.829086542706294e-05
free,36,4,3,0.00038124285169653085,0.0004968795986026909,0.0005090965792197441,0.0006870197387222442,0.0006565639252378155,0.0004296822117450397
freedom,10,7,6,0.00038124285169653085,0.00028393119920153793,0.0001964862978263494,0.00014507809976654283,0.0001548063938549276,0.000123607211597888
freeze,5,6,4,0.00038124285169653085,0.0003312530657351272,0.00025540261425089115,0.00032954021549262946,0.00025058299844920657,6.47466346465128e-05
friday,43,6,5,0.00038124285169653085,0.0003312530657351272,0.00025540261425089115,0.0002191807834560667,0.00025058299844920657,0.0005120870194769648
friend,23,6,5,0.00038124285169653085,0.0003312530657351272,0.00025540261425089115,0.0002191807834560667,0.00025058299844920657,0.00027664471167146394
friends,20,7,6,0.00038124285169653085,0.00028393119920153793,0.0001964862978263494,0.00014507809976654283,0.0001548063938549276,0.0002413283655006388
from,412,4,4,0.00038124285169653085,0.0004968795986026909,0.0005090965792197441,0.00040610649755635955,0.0006565639252378155,0.004855997598488458
front,22,5,5,0.00038124285169653085,0.00039750367888215276,0.00034828297622547605,0.00024076914737248623,0.0004056152820834941,0.00026487259628118863
fuel,10,4,5,0.00038124285169653085,0.0004968795986026909,0.0005090965792197441,0.00027010585086842897,0.0006565639252378155,0.000123607211597888
full,30,4,3,0.00038124285169653085,0.0004968795986026909,0.0005090965792197441,0.0006870197387222442,0.0006565639252378155,0.0003590495194033891
fully,18,5,4,0.00038124285169653085,0.00039750367888215276,0.00034828297622547605,0.0003619985085280506,0.0004056152820834941,0.00021778413472008836
fun,10,3,3,0.00038124285169653085,0.0006625061314702545,0.0008305234720487999,0.0007967906891717805,0.0010627710714187356,0.000123607211597888
fund,14,4,4,0.00038124285169653085,0.0004968795986026909,0.0005090965792197441,0.00040610649755635955,0.0006565639252378155,0.00017069567315898835
fundamental,9,11,11,0.00038124285169653085,0.00018068349040097835,9.10723338548153e-05,3.7964606017991693e-05,2.2549559564483765e-05,0.00011183509620761298
fundamentalist,5,14,14,0.00038124285169653085,0.00014196559960076894,6.042347485439901e-05,2.157777839490698e-05,5.316795311180411e-06,6.47466346465128e-05
funded,10,6,6,0.00038124285169653085,0.0003312530657351272,0.00025540261425089115,0.00015707113439413758,0.00025058299844920657,0.000123607211597888
funding,11,7,6,0.00038124285169653085,0.00028393119920153793,0.0001964862978263494,0.00014507809976654283,0.0001548063938549276,0.0001353793269881631
funds,6,5,5,0.00038124285169653085,0.00039750367888215276,0.00034828297622547605,0.00024076914737248623,0.0004056152820834941,7.65187500367878e-05
further,32,7,4,0.00038124285169653085,0.00028393119920153793,0.0001964862978263494,0.00030437844894123353,0.0001548063938549276,0.0003825937501839394
future,17,6,5,0.00038124285169653085,0.0003312530657351272,0.00025540261425089115,0.0002191807834560667,0.00025058299844920657,0.0002060120193298133
fyi,14,3,15,0.00038124285169653085,0.0006625061314702545,0.0008305234720487999,4.2068368391160504e-05,0.0010627710714187356,0.00017069567315898835
g,6,1,2,0.00038124285169653085,0.0019875183944107638,0.0053833587703735275,0.002944383400722856,0.0027846148804916812,7.65187500367878e-05
ga,11,2,2,0.00038124285169653085,0.0009937591972053819,0.0016554907232327733,0.0020600976577472676,0.0017202930389990817,0.0001353793269881631
gains,5,5,4,0.00038124285169653085,0.00039750367888215276,0.00034828297622547605,0.0003619985085280506,0.0004056152820834941,6.47466346465128e-05
game,36,4,3,0.00038124285169653085,0.0004968795986026909,0.0005090965792197441,0.0006870197387222442,0.0006565639252378155,0.0004296822117450397
games,8,5,4,0.00038124285169653085,0.00039750367888215276,0.00034828297622547605,0.0003619985085280506,0.0004056152820834941,0.00010006298081733804
gas,61,3,3,0.00038124285169653085,0.0006625061314702545,0.0008305234720487999,0.0007967906891717805,0.0010627710714187356,0.0007239850965019161
gave,16,4,3,0.00038124285169653085,0.0004968795986026909,0.0005090965792197441,0.0006870197387222442,0.0006565639252378155,0.00019423990393953826
gdp,11,3,6,0.00038124285169653085,0.0006625061314702545,0.0008305234720487999,0.0002244930666774945,0.0010627710714187356,0.0001353793269881631
gender,10,6,5,0.00038124285169653085,0.0003312530657351272,0.00025540261425089115,0.0002191807834560667,0.00025058299844920657,0.000123607211597888
general,34,7,6,0.00038124285169653085,0.00028393119920153793,0.0001964862978263494,0.00014507809976654283,0.0001548063938549276,0.0004061379809644894
generation,7,10,8,0.00038124285169653085,0.00019875183944107635,0.00010710399599861124,7.13606686877693e-05,3.6500664531159836e-05,8.829086542706294e-05
generators,14,10,8,0.00038124285169653085,0.00019875183944107635,0.00010710399599861124,7.13606686877693e-05,3.6500664531159836e-05,0.00017069567315898835
george,53,6,4,0.00038124285169653085,0.0003312530657351272,0.00025540261425089115,0.00032954021549262946,0.00025058299844920657,0.0006298081733797156
germany,9,7,6,0.00038124285169653085,0.00028393119920153793,0.0001964862978263494,0.00014507809976654283,0.0001548063938549276,0.00011183509620761298
get,111,3,3,0.00038124285169653085,0.0006625061314702545,0.0008305234720487999,0.0007967906891717805,0.0010627710714187356,0.0013125908660156684
gets,5,4,4,0.00038124285169653085,0.0004968795986026909,0.0005090965792197441,0.00040610649755635955,0.0006565639252378155,6.47466346465128e-05
getting,26,7,5,0.00038124285169653085,0.00028393119920153793,0.0001964862978263494,0.00020244541870664064,0.0001548063938549276,0.00031196105784228904
girl,10,4,3,0.00038124285169653085,0.0004968795986026909,0.0005090965792197441,0.0006870197387222442,0.0006565639252378155,0.000123607211597888
girls,9,5,4,0.00038124285169653085,0.00039750367888215276,0.00034828297622547605,0.0003619985085280506,0.0004056152820834941,0.00011183509620761298
give,54,4,3,0.00038124285169653085,0.0004968795986026909,0.0005090965792197441,0.0006870197387222442,0.0006565639252378155,0.0006415802887699908
given,26,5,5,0.00038124285169653085,0.00039750367888215276,0.00034828297622547605,0.00024076914737248623,0.0004056152820834941,0.00031196105784228904
gives,5,5,4,0.00038124285169653085,0.00039750367888215276,0.00034828297622547605,0.0003619985085280506,0.0004056152820834941,6.47466346465128e-05
giving,13,6,5,0.00038124285169653085,0.0003312530657351272,0.00025540261425089115,0.0002191807834560667,0.00025058299844920657,0.0001589235577687132
glad,7,4,4,0.00038124285169653085,0.0004968795986026909,0.0005090965792197441,0.00040610649755635955,0.0006565639252378155,8.829086542706294e-05
global,45,6,6,0.00038124285169653085,0.0003312530657351272,0.00025540261425089115,0.00015707113439413758,0.00025058299844920657,0.0005356312502575152
globe,5,5,4,0.00038124285169653085,0.00039750367888215276,0.00034828297622547605,0.0003619985085280506,0.0004056152820834941,6.47466346465128e-05
go,62,2,2,0.00038124285169653085,0.0009937591972053819,0.0016554907232327733,0.0020600976577472676,0.0017202930389990817,0.000735757211892191
goal,7,4,3,0.00038124285169653085,0.0004968795986026909,0.0005090965792197441,0.0006870197387222442,0.0006565639252378155,8.829086542706294e-05
goals,8,5,4,0.00038124285169653085,0.00039750367888215276,0.00034828297622547605,0.0003619985085280506,0.0004056152820834941,0.00010006298081733804
god,26,3,3,0.00038124285169653085,0.0006625061314702545,0.0008305234720487999,0.0007967906891717805,0.0010627710714187356,0.00031196105784228904
goes,10,4,3,0.00038124285169653085,0.0004968795986026909,0.0005090965792197441,0.0006870197387222442,0.0006565639252378155,0.000123607211597888
going,90,5,4,0.00038124285169653085,0.00039750367888215276,0.00034828297622547605,0.0003619985085280506,0.0004056152820834941,0.0010653764428198926
golden,5,6,6,0.00038124285169653085,0.0003312530657351272,0.00025540261425089115,0.00015707113439413758,0.00025058299844920657,6.47466346465128e-05
gone,11,4,3,0.00038124285169653085,0.0004968795986026909,0.0005090965792197441,0.0006870197387222442,0.0006565639252378155,0.0001353793269881631
gonzales,5,8,8,0.00038124285169653085,0.00024843979930134564,0.00015655740218654355,8.005566470952506e-05,9.563705329842936e-05,6.47466346465128e-05
good,92,4,3,0.00038124285169653085,0.0004968795986026909,0.0005090965792197441,0.0006870197387222442,0.0006565639252378155,0.0010889206736004427
goods,5,5,4,0.00038124285169653085,0.00039750367888215276,0.00034828297622547605,0.0003619985085280506,0.0004056152820834941,6.47466346465128e-05
goodwyn,9,7,6,0.00038124285169653085,0.00028393119920153793,0.0001964862978263494,0.00014507809976654283,0.0001548063938549276,0.00011183509620761298
google,5,6,5,0.00038124285169653085,0.0003312530657351272,0.00025540261425089115,0.0002191807834560667,0.00025058299844920657,6.47466346465128e-05
got,38,3,3,0.00038124285169653085,0.0006625061314702545,0.0008305234720487999,0.0007967906891717805,0.0010627710714187356,0.0004532264425255896
gov,6,3,3,0.00038124285169653085,0.0006625061314702545,0.0008305234720487999,0.0007967906891717805,0.0010627710714187356,7.65187500367878e-05
government,55,10,8,0.00038124285169653085,0.00019875183944107635,0.00010710399599861124,7.13606686877693e-05,3.6500664531159836e-05,0.0006533524041602659
governor,17,8,6,0.00038124285169653085,0.00024843979930134564,0.00015655740218654355,0.00013543201643637974,9.563705329842936e-05,0.0002060120193298133
graduate,13,8,8,0.00038124285169653085,0.00024843979930134564,0.00015655740218654355,8.005566470952506e-05,9.563705329842936e-05,0.0001589235577687132
grand,8,5,5,0.00038124285169653085,0.00039750367888215276,0.00034828297622547605,0.00024076914737248623,0.0004056152820834941,0.00010006298081733804
grant,6,5,5,0.00038124285169653085,0.00039750367888215276,0.00034828297622547605,0.00024076914737248623,0.0004056152820834941,7.65187500367878e-05
granted,5,7,7,0.00038124285169653085,0.00028393119920153793,0.0001964862978263494,0.00010945978702192117,0.0001548063938549276,6.47466346465128e-05
gray,9,4,3,0.00038124285169653085,0.0004968795986026909,0.0005090965792197441,0.0006870197387222442,0.0006565639252378155,0.00011183509620761298
great,39,5,4,0.00038124285169653085,0.00039750367888215276,0.00034828297622547605,0.0003619985085280506,0.0004056152820834941,0.00046499855791586454
greater,5,7,5,0.00038124285169653085,0.00028393119920153793,0.0001964862978263494,0.00020244541870664064,0.0001548063938549276,6.47466346465128e-05
greatly,5,7,6,0.00038124285169653085,0.00028393119920153793,0.0001964862978263494,0.00014507809976654283,0.0001548063938549276,6.47466346465128e-05
green,14,5,4,0.00038124285169653085,0.00039750367888215276,0.00034828297622547605,0.0003619985085280506,0.0004056152820834941,0.00017069567315898835
greetings,5,9,7,0.00038124285169653085,0.0002208353771567516,0.00012812990310436502,9.616512573912911e-05,5.908312787246985e-05,6.47466346465128e-05
gregg,12,5,4,0.00038124285169653085,0.00039750367888215276,0.00034828297622547605,0.0003619985085280506,0.0004056152820834941,0.00014715144237843818
grew,6,4,3,0.00038124285169653085,0.0004968795986026909,0.0005090965792197441,0.0006870197387222442,0.0006565639252378155,7.65187500367878e-05
groom,5,5,4,0.00038124285169653085,0.00039750367888215276,0.00034828297622547605,0.0003619985085280506,0.0004056152820834941,6.47466346465128e-05
ground,12,6,5,0.00038124285169653085,0.0003312530657351272,0.00025540261425089115,0.0002191807834560667,0.00025058299844920657,0.00014715144237843818
group,72,5,4,0.00038124285169653085,0.00039750367888215276,0.00034828297622547605,0.0003619985085280506,0.0004056152820834941,0.0008534783657949418
groups,24,6,5,0.00038124285169653085,0.0003312530657351272,0.00025540261425089115,0.0002191807834560667,0.00025058299844920657,0.00028841682706173886
growing,7,7,5,0.00038124285169653085,0.00028393119920153793,0.0001964862978263494,0.00020244541870664064,0.0001548063938549276,8.829086542706294e-05
guard,23,5,4,0.00038124285169653085,0.00039750367888215276,0.00034828297622547605,0.0003619985085280506,0.0004056152820834941,0.00027664471167146394
guards,6,6,5,0.00038124285169653085,0.0003312530657351272,0.00025540261425089115,0.0002191807834560667,0.00025058299844920657,7.65187500367878e-05
guerrillas,7,10,6,0.00038124285169653085,0.00019875183944107635,0.00010710399599861124,0.00012072249090304701,3.6500664531159836e-05,8.829086542706294e-05
guess,16,5,3,0.00038124285169653085,0.00039750367888215276,0.00034828297622547605,0.0006124012352505361,0.0004056152820834941,0.00019423990393953826
guidance,5,8,6,0.00038124285169653085,0.00024843979930134564,0.00015655740218654355,0.00013543201643637974,9.563705329842936e-05,6.47466346465128e-05
guidelines,12,10,7,0.00038124285169653085,0.00019875183944107635,0.00010710399599861124,9.108375533087037e-05,3.6500664531159836e-05,0.00014715144237843818
guild,7,5,4,0.00038124285169653085,0.00039750367888215276,0.00034828297622547605,0.0003619985085280506,0.0004056152820834941,8.829086542706294e-05
guilty,5,6,5,0.00038124285169653085,0.0003312530657351272,0.00025540261425089115,0.0002191807834560667,0.00025058299844920657,6.47466346465128e-05
gulf,26,4,4,0.00038124285169653085,0.0004968795986026909,0.0005090965792197441,0.00040610649755635955,0.0006565639252378155,0.00031196105784228904
guns,11,4,4,0.00038124285169653085,0.0004968795986026909,0.0005090965792197441,0.00040610649755635955,0.0006565639252378155,0.0001353793269881631
guys,17,4,3,0.00038124285169653085,0.0004968795986026909,0.0005090965792197441,0.0006870197387222442,0.0006565639252378155,0.0002060120193298133
h,7,1,2,0.00038124285169653085,0.0019875183944107638,0.0053833587703735275,0.002944383400722856,0.0027846148804916812,8.829086542706294e-05
had,208,3,3,0.00038124285169653085,0.0006625061314702545,0.0008305234720487999,0.0007967906891717805,0.0010627710714187356,0.0024544860588723485
half,18,4,3,0.00038124285169653085,0.0004968795986026909,0.0005090965792197441,0.0006870197387222442,0.0006565639252378155,0.00021778413472008836
hamas,5,5,5,0.00038124285169653085,0.00039750367888215276,0.00034828297622547605,0.00024076914737248623,0.0004056152820834941,6.47466346465128e-05
hand,24,4,4,0.00038124285169653085,0.0004968795986026909,0.0005090965792197441,0.00040610649755635955,0.0006565639252378155,0.00028841682706173886
handle,8,6,6,0.00038124285169653085,0.0003312530657351272,0.00025540261425089115,0.00015707113439413758,0.00025058299844920657,0.00010006298081733804
handling,7,8,7,0.00038124285169653085,0.00024843979930134564,0.00015655740218654355,0.00010218192614137219,9.563705329842936e-05,8.829086542706294e-05
hands,12,5,5,0.00038124285169653085,0.00039750367888215276,0.00034828297622547605,0.00024076914737248623,0.0004056152820834941,0.00014715144237843818
happen,10,6,5,0.00038124285169653085,0.0003312530657351272,0.00025540261425089115,0.0002191807834560667,0.00025058299844920657,0.000123607211597888
happened,10,8,6,0.00038124285169653085,0.00024843979930134564,0.00015655740218654355,0.00013543201643637974,9.563705329842936e-05,0.000123607211597888
happening,5,9,7,0.00038124285169653085,0.0002208353771567516,0.00012812990310436502,9.616512573912911e-05,5.908312787246985e-05,6.47466346465128e-05
happens,6,7,6,0.00038124285169653085,0.00028393119920153793,0.0001964862978263494,0.00014507809976654283,0.0001548063938549276,7.65187500367878e-05
happiness,10,9,7,0.00038124285169653085,0.0002208353771567516,0.00012812990310436502,9.616512573912911e-05,5.908312787246985e-05,0.000123607211597888
happy,19,5,4,0.00038124285169653085,0.00039750367888215276,0.00034828297622547605,0.0003619985085280506,0.0004056152820834941,0.0002295562501103637
hard,27,4,4,0.00038124285169653085,0.0004968795986026909,0.0005090965792197441,0.00040610649755635955,0.0006565639252378155,0.0003237331732325643
harris,5,6,5,0.00038124285169653085,0.0003312530657351272,0.00025540261425089115,0.0002191807834560667,0.00025058299844920657,6.47466346465128e-05
harrison,9,8,7,0.00038124285169653085,0.00024843979930134564,0.00015655740218654355,0.00010218192614137219,9.563705329842936e-05,0.00011183509620761298
harry,5,5,4,0.00038124285169653085,0.00039750367888215276,0.00034828297622547605,0.0003619985085280506,0.0004056152820834941,6.47466346465128e-05
has,358,3,3,0.00038124285169653085,0.0006625061314702545,0.0008305234720487999,0.0007967906891717805,0.0010627710714187356,0.004220303367413609
have,683,4,3,0.00038124285169653085,0.0004968795986026909,0.0005090965792197441,0.0006870197387222442,0.0006565639252378155,0.008046240869253003
haven,5,5,5,0.00038124285169653085,0.00039750367888215276,0.00034828297622547605,0.00024076914737248623,0.0004056152820834941,6.47466346465128e-05
haven't,14,6,6,0.00038124285169653085,0.0003312530657351272,0.00025540261425089115,0.00015707113439413758,0.00025058299844920657,0.00017069567315898835
having,31,6,5,0.00038124285169653085,0.0003312530657351272,0.00025540261425089115,0.0002191807834560667,0.00025058299844920657,0.00037082163479366443
he,342,2,2,0.00038124285169653085,0.0009937591972053819,0.0016554907232327733,0.0020600976577472676,0.0017202930389990817,0.004031949521169207
he's,9,3,3,0.00038124285169653085,0.0006625061314702545,0.0008305234720487999,0.0007967906891717805,0.0010627710714187356,0.00011183509620761298
head,21,4,3,0.00038124285169653085,0.0004968795986026909,0.0005090965792197441,0.0006870197387222442,0.0006565639252378155,0.0002531004808909135
headed,6,6,5,0.00038124285169653085,0.0003312530657351272,0.00025540261425089115,0.0002191807834560667,0.00025058299844920657,7.65187500367878e-05
heading,6,7,5,0.00038124285169653085,0.00028393119920153793,0.0001964862978263494,0.00020244541870664064,0.0001548063938549276,7.65187500367878e-05
headquarters,5,12,10,0.00038124285169653085,0.0001656265328675636,7.854142304403973e-05,4.320704893103759e-05,1.3930777510040114e-05,6.47466346465128e-05
heads,10,5,4,0.00038124285169653085,0.00039750367888215276,0.00034828297622547605,0.0003619985085280506,0.0004056152820834941,0.000123607211597888
health,22,6,4,0.00038124285169653085,0.0003312530657351272,0.00025540261425089115,0.00032954021549262946,0.00025058299844920657,0.00026487259628118863
healthy,5,7,5,0.00038124285169653085,0.00028393119920153793,0.0001964862978263494,0.00020244541870664064,0.0001548063938549276,6.47466346465128e-05
hear,25,4,3,0.00038124285169653085,0.0004968795986026909,0.0005090965792197441,0.0006870197387222442,0.0006565639252378155,0.00030018894245201395
heard,22,5,3,0.00038124285169653085,0.00039750367888215276,0.00034828297622547605,0.0006124012352505361,0.0004056152820834941,0.00026487259628118863
hearing,14,7,5,0.00038124285169653085,0.00028393119920153793,0.0001964862978263494,0.00020244541870664064,0.0001548063938549276,0.00017069567315898835
hearings,9,8,6,0.00038124285169653085,0.00024843979930134564,0.00015655740218654355,0.00013543201643637974,9.563705329842936e-05,0.00011183509620761298
heart,6,5,4,0.00038124285169653085,0.00039750367888215276,0.00034828297622547605,0.0003619985085280506,0.0004056152820834941,7.65187500367878e-05
heat,6,4,3,0.00038124285169653085,0.0004968795986026909,0.0005090965792197441,0.0006870197387222442,0.0006565639252378155,7.65187500367878e-05
heavy,8,5,4,0.00038124285169653085,0.00039750367888215276,0.00034828297622547605,0.0003619985085280506,0.0004056152820834941,0.00010006298081733804
held,20,4,4,0.00038124285169653085,0.0004968795986026909,0.0005090965792197441,0.00040610649755635955,0.0006565639252378155,0.0002413283655006388
helicopters,8,11,10,0.00038124285169653085,0.00018068349040097835,9.10723338548153e-05,4.518822339255976e-05,2.2549559564483765e-05,0.00010006298081733804
hell,7,4,3,0.00038124285169653085,0.0004968795986026909,0.0005090965792197441,0.0006870197387222442,0.0006565639252378155,8.829086542706294e-05
hello,9,5,4,0.00038124285169653085,0.00039750367888215276,0.00034828297622547605,0.0003619985085280506,0.0004056152820834941,0.00011183509620761298
help,83,4,4,0.00038124285169653085,0.0004968795986026909,0.0005090965792197441,0.00040610649755635955,0.0006565639252378155,0.0009829716350879673
helped,5,6,5,0.00038124285169653085,0.0003312530657351272,0.00025540261425089115,0.0002191807834560667,0.00025058299844920657,6.47466346465128e-05
helpful,7,7,7,0.00038124285169653085,0.00028393119920153793,0.0001964862978263494,0.00010945978702192117,0.0001548063938549276,8.829086542706294e-05
helping,5,7,6,0.00038124285169653085,0.00028393119920153793,0.0001964862978263494,0.00014507809976654283,0.0001548063938549276,6.47466346465128e-05
her,83,3,2,0.00038124285169653085,0.0006625061314702545,0.0008305234720487999,0.0016716921057774523,0.0010627710714187356,0.0009829716350879673
here,63,4,3,0.00038124285169653085,0.0004968795986026909,0.0005090965792197441,0.0006870197387222442,0.0006565639252378155,0.0007475293272824657
here's,10,5,4,0.00038124285169653085,0.00039750367888215276,0.00034828297622547605,0.0003619985085280506,0.0004056152820834941,0.000123607211597888
hey,11,3,2,0.00038124285169653085,0.0006625061314702545,0.0008305234720487999,0.0016716921057774523,0.0010627710714187356,0.0001353793269881631
hi,22,2,2,0.00038124285169653085,0.0009937591972053819,0.0016554907232327733,0.0020600976577472676,0.0017202930389990817,0.00026487259628118863
hidden,7,6,5,0.00038124285169653085,0.0003312530657351272,0.00025540261425089115,0.0002191807834560667,0.00025058299844920657,8.829086542706294e-05
hide,5,4,3,0.00038124285169653085,0.0004968795986026909,0.0005090965792197441,0.0006870197387222442,0.0006565639252378155,6.47466346465128e-05
high,25,4,2,0.00038124285169653085,0.0004968795986026909,0.0005090965792197441,0.0014413891745259336,0.0006565639252378155,0.00030018894245201395
higher,8,6,3,0.00038124285169653085,0.0003312530657351272,0.00025540261425089115,0.0005574907914759439,0.00025058299844920657,0.00010006298081733804
highly,13,6,4,0.00038124285169653085,0.0003312530657351272,0.00025540261425089115,0.00032954021549262946,0.00025058299844920657,0.0001589235577687132
him,109,3,3,0.00038124285169653085,0.0006625061314702545,0.0008305234720487999,0.0007967906891717805,0.0010627710714187356,0.0012890466352351183
himself,13,7,7,0.00038124285169653085,0.00028393119920153793,0.0001964862978263494,0.00010945978702192117,0.0001548063938549276,0.0001589235577687132
hindu,5,5,5,0.00038124285169653085,0.00039750367888215276,0.00034828297622547605,0.00024076914737248623,0.0004056152820834941,6.47466346465128e-05
his,248,3,3,0.00038124285169653085,0.0006625061314702545,0.0008305234720487999,0.0007967906891717805,0.0010627710714187356,0.002925370674483351
historical,5,10,10,0.00038124285169653085,0.00019875183944107635,0.00010710399599861124,4.74627573073367e-05,3.6500664531159836e-05,6.47466346465128e-05
history,22,7,6,0.00038124285169653085,0.00028393119920153793,0.0001964862978263494,0.00014507809976654283,0.0001548063938549276,0.00026487259628118863
hit,11,3,3,0.00038124285169653085,0.0006625061314702545,0.0008305234720487999,0.0007967906891717805,0.0010627710714187356,0.0001353793269881631
hoax,5,4,4,0.00038124285169653085,0.0004968795986026909,0.0005090965792197441,0.00040610649755635955,0.0006565639252378155,6.47466346465128e-05
hodge,5,5,3,0.00038124285169653085,0.00039750367888215276,0.00034828297622547605,0.0006124012352505361,0.0004056152820834941,6.47466346465128e-05
hold,8,4,4,0.00038124285169653085,0.0004968795986026909,0.0005090965792197441,0.00040610649755635955,0.0006565639252378155,0.00010006298081733804
holds,5,5,5,0.00038124285169653085,0.00039750367888215276,0.00034828297622547605,0.00024076914737248623,0.0004056152820834941,6.47466346465128e-05
holy,5,4,4,0.00038124285169653085,0.0004968795986026909,0.0005090965792197441,0.00040610649755635955,0.0006565639252378155,6.47466346465128e-05
home,30,4,3,0.00038124285169653085,0.0004968795986026909,0.0005090965792197441,0.0006870197387222442,0.0006565639252378155,0.0003590495194033891
homeland,9,8,7,0.00038124285169653085,0.00024843979930134564,0.00015655740218654355,0.00010218192614137219,9.563705329842936e-05,0.00011183509620761298
hope,47,4,3,0.00038124285169653085,0.0004968795986026909,0.0005090965792197441,0.0006870197387222442,0.0006565639252378155,0.0005591754810380649
hopefully,6,9,7,0.00038124285169653085,0.0002208353771567516,0.00012812990310436502,9.616512573912911e-05,5.908312787246985e-05,7.65187500367878e-05
hospital,8,8,8,0.00038124285169653085,0.00024843979930134564,0.00015655740218654355,8.005566470952506e-05,9.563705329842936e-05,0.00010006298081733804
host,5,4,4,0.00038124285169653085,0.0004968795986026909,0.0005090965792197441,0.00040610649755635955,0.0006565639252378155,6.47466346465128e-05
hot,6,3,3,0.00038124285169653085,0.0006625061314702545,0.0008305234720487999,0.0007967906891717805,0.0010627710714187356,7.65187500367878e-05
hotel,9,5,5,0.00038124285169653085,0.00039750367888215276,0.00034828297622547605,0.00024076914737248623,0.0004056152820834941,0.00011183509620761298
hotline,6,7,6,0.00038124285169653085,0.00028393119920153793,0.0001964862978263494,0.00014507809976654283,0.0001548063938549276,7.65187500367878e-05
hour,5,4,2,0.00038124285169653085,0.0004968795986026909,0.0005090965792197441,0.0014413891745259336,0.0006565639252378155,6.47466346465128e-05
hours,19,5,3,0.00038124285169653085,0.00039750367888215276,0.00034828297622547605,0.0006124012352505361,0.0004056152820834941,0.0002295562501103637
house,33,5,3,0.00038124285169653085,0.00039750367888215276,0.00034828297622547605,0.0006124012352505361,0.0004056152820834941,0.00039436586557421445
housing,5,7,5,0.00038124285169653085,0.00028393119920153793,0.0001964862978263494,0.00020244541870664064,0.0001548063938549276,6.47466346465128e-05
houston,40,7,7,0.00038124285169653085,0.00028393119920153793,0.0001964862978263494,0.00010945978702192117,0.0001548063938549276,0.0004767706733061398
how,110,3,2,0.00038124285169653085,0.0006625061314702545,0.0008305234720487999,0.0016716921057774523,0.0010627710714187356,0.001300818750625394
however,49,7,5,0.00038124285169653085,0.00028393119920153793,0.0001964862978263494,0.00020244541870664064,0.0001548063938549276,0.000582719711818615
hr,9,2,4,0.00038124285169653085,0.0009937591972053819,0.0016554907232327733,0.0005804255083898234,0.0017202930389990817,0.00011183509620761298
html,22,4,8,0.00038124285169653085,0.0004968795986026909,0.0005090965792197441,0.00011441912446146645,0.0006565639252378155,0.00026487259628118863
http,61,4,8,0.00038124285169653085,0.0004968795986026909,0.0005090965792197441,0.00011441912446146645,0.0006565639252378155,0.0007239850965019161
huge,10,4,4,0.00038124285169653085,0.0004968795986026909,0.0005090965792197441,0.00040610649755635955,0.0006565639252378155,0.000123607211597888
human,32,5,6,0.00038124285169653085,0.00039750367888215276,0.00034828297622547605,0.00017254196516952429,0.0004056152820834941,0.0003825937501839394
humans,5,6,7,0.00038124285169653085,0.0003312530657351272,0.00025540261425089115,0.00011850839613794607,0.00025058299844920657,6.47466346465128e-05
hundreds,10,8,8,0.00038124285169653085,0.00024843979930134564,0.00015655740218654355,8.005566470952506e-05,9.563705329842936e-05,0.000123607211597888
hussein,7,7,5,0.00038124285169653085,0.00028393119920153793,0.0001964862978263494,0.00020244541870664064,0.0001548063938549276,8.829086542706294e-05
hyatt,6,5,4,0.00038124285169653085,0.00039750367888215276,0.00034828297622547605,0.0003619985085280506,0.0004056152820834941,7.65187500367878e-05
i,1021,1,1,0.00038124285169653085,0.0019875183944107638,0.0053833587703735275,0.010450466527851598,0.0027846148804916812,0.012025215871165966
i'd,10,2,2,0.00038124285169653085,0.0009937591972053819,0.0016554907232327733,0.0020600976577472676,0.0017202930389990817,0.000123607211597888
i'll,43,3,2,0.00038124285169653085,0.0006625061314702545,0.0008305234720487999,0.0016716921057774523,0.0010627710714187356,0.0005120870194769648
i'm,76,2,2,0.00038124285169653085,0.0009937591972053819,0.0016554907232327733,0.0020600976577472676,0.0017202930389990817,0.0009005668273560421
i've,17,3,2,0.00038124285169653085,0.0006625061314702545,0.0008305234720487999,0.0016716921057774523,0.0010627710714187356,0.0002060120193298133
ice,6,3,2,0.00038124285169653085,0.0006625061314702545,0.0008305234720487999,0.0016716921057774523,0.0010627710714187356,7.65187500367878e-05
id,11,2,2,0.00038124285169653085,0.0009937591972053819,0.0016554907232327733,0.0020600976577472676,0.0017202930389990817,0.0001353793269881631
idea,15,4,4,0.00038124285169653085,0.0004968795986026909,0.0005090965792197441,0.00040610649755635955,0.0006565639252378155,0.00018246778854926347
ideas,10,5,5,0.00038124285169653085,0.00039750367888215276,0.00034828297622547605,0.00024076914737248623,0.0004056152820834941,0.000123607211597888
ideation,6,8,7,0.00038124285169653085,0.00024843979930134564,0.00015655740218654355,0.00010218192614137219,9.563705329842936e-05,7.65187500367878e-05
if,331,2,2,0.00038124285169653085,0.0009937591972053819,0.0016554907232327733,0.0020600976577472676,0.0017202930389990817,0.0039024562518761795
image,7,5,4,0.00038124285169653085,0.00039750367888215276,0.00034828297622547605,0.0003619985085280506,0.0004056152820834941,8.829086542706294e-05
imagine,13,7,6,0.00038124285169653085,0.00028393119920153793,0.0001964862978263494,0.00014507809976654283,0.0001548063938549276,0.0001589235577687132
immediate,7,9,7,0.00038124285169653085,0.0002208353771567516,0.00012812990310436502,9.616512573912911e-05,5.908312787246985e-05,8.829086542706294e-05
immediately,12,11,9,0.00038124285169653085,0.00018068349040097835,9.10723338548153e-05,5.478333276833534e-05,2.2549559564483765e-05,0.00014715144237843818
impact,6,6,6,0.00038124285169653085,0.0003312530657351272,0.00025540261425089115,0.00015707113439413758,0.00025058299844920657,7.65187500367878e-05
impacts,5,7,7,0.00038124285169653085,0.00028393119920153793,0.0001964862978263494,0.00010945978702192117,0.0001548063938549276,6.47466346465128e-05
implement,5,9,9,0.00038124285169653085,0.0002208353771567516,0.00012812990310436502,6.0750914866702875e-05,5.908312787246985e-05,6.47466346465128e-05
implementation,6,14,13,0.00038124285169653085,0.00014196559960076894,6.042347485439901e-05,2.4707294948290095e-05,5.316795311180411e-06,7.65187500367878e-05
implemented,5,11,11,0.00038124285169653085,0.00018068349040097835,9.10723338548153e-05,3.7964606017991693e-05,2.2549559564483765e-05,6.47466346465128e-05
important,33,9,9,0.00038124285169653085,0.0002208353771567516,0.00012812990310436502,6.0750914866702875e-05,5.908312787246985e-05,0.00039436586557421445
imprisoned,5,10,9,0.00038124285169653085,0.00019875183944107635,0.00010710399599861124,5.7540833262736305e-05,3.6500664531159836e-05,6.47466346465128e-05
in,1991,2,2,0.00038124285169653085,0.0009937591972053819,0.0016554907232327733,0.0020600976577472676,0.0017202930389990817,0.023444167799732768
inc,14,3,3,0.00038124285169653085,0.0006625061314702545,0.0008305234720487999,0.0007967906891717805,0.0010627710714187356,0.00017069567315898835
incident,6,8,8,0.00038124285169653085,0.00024843979930134564,0.00015655740218654355,8.005566470952506e-05,9.563705329842936e-05,7.65187500367878e-05
incitement,9,10,9,0.00038124285169653085,0.00019875183944107635,0.00010710399599861124,5.7540833262736305e-05,3.6500664531159836e-05,0.00011183509620761298
include,25,7,6,0.00038124285169653085,0.00028393119920153793,0.0001964862978263494,0.00014507809976654283,0.0001548063938549276,0.00030018894245201395
included,15,8,8,0.00038124285169653085,0.00024843979930134564,0.00015655740218654355,8.005566470952506e-05,9.563705329842936e-05,0.00018246778854926347
includes,12,8,7,0.00038124285169653085,0.00024843979930134564,0.00015655740218654355,0.00010218192614137219,9.563705329842936e-05,0.00014715144237843818
including,33,9,8,0.00038124285169653085,0.0002208353771567516,0.00012812990310436502,7.53417297328084e-05,5.908312787246985e-05,0.00039436586557421445
income,8,6,5,0.00038124285169653085,0.0003312530657351272,0.00025540261425089115,0.0002191807834560667,0.00025058299844920657,0.00010006298081733804
incorporated,5,12,11,0.00038124285169653085,0.0001656265328675636,7.854142304403973e-05,3.630013456419744e-05,1.3930777510040114e-05,6.47466346465128e-05
increase,20,8,6,0.00038124285169653085,0.00024843979930134564,0.00015655740218654355,0.00013543201643637974,9.563705329842936e-05,0.0002413283655006388
increased,6,9,7,0.00038124285169653085,0.0002208353771567516,0.00012812990310436502,9.616512573912911e-05,5.908312787246985e-05,7.65187500367878e-05
increases,6,9,8,0.00038124285169653085,0.0002208353771567516,0.00012812990310436502,7.53417297328084e-05,5.908312787246985e-05,7.65187500367878e-05
increasingly,5,12,10,0.00038124285169653085,0.0001656265328675636,7.854142304403973e-05,4.320704893103759e-05,1.3930777510040114e-05,6.47466346465128e-05
indeed,8,6,5,0.00038124285169653085,0.0003312530657351272,0.00025540261425089115,0.0002191807834560667,0.00025058299844920657,0.00010006298081733804
independent,15,11,11,0.00038124285169653085,0.00018068349040097835,9.10723338548153e-05,3.7964606017991693e-05,2.2549559564483765e-05,0.00018246778854926347
index,8,5,6,0.00038124285169653085,0.00039750367888215276,0.00034828297622547605,0.00017254196516952429,0.0004056152820834941,0.00010006298081733804
india,51,5,5,0.00038124285169653085,0.00039750367888215276,0.00034828297622547605,0.00024076914737248623,0.0004056152820834941,0.0006062639425991653
india's,9,6,6,0.00038124285169653085,0.0003312530657351272,0.00025540261425089115,0.00015707113439413758,0.00025058299844920657,0.00011183509620761298
indian,38,6,6,0.00038124285169653085,0.0003312530657351272,0.00025540261425089115,0.00015707113439413758,0.00025058299844920657,0.0004532264425255896
individual,8,10,11,0.00038124285169653085,0.00019875183944107635,0.00010710399599861124,3.9875541599568043e-05,3.6500664531159836e-05,0.00010006298081733804
individuals,6,11,12,0.00038124285169653085,0.00018068349040097835,9.10723338548153e-05,3.238315603040893e-05,2.2549559564483765e-05,7.65187500367878e-05
industry,15,8,8,0.00038124285169653085,0.00024843979930134564,0.00015655740218654355,8.005566470952506e-05,9.563705329842936e-05,0.00018246778854926347
infinite,7,8,7,0.00038124285169653085,0.00024843979930134564,0.00015655740218654355,0.00010218192614137219,9.563705329842936e-05,8.829086542706294e-05
inflation,8,9,8,0.00038124285169653085,0.0002208353771567516,0.00012812990310436502,7.53417297328084e-05,5.908312787246985e-05,0.00010006298081733804
influence,6,9,8,0.00038124285169653085,0.0002208353771567516,0.00012812990310436502,7.53417297328084e-05,5.908312787246985e-05,7.65187500367878e-05
info,19,4,4,0.00038124285169653085,0.0004968795986026909,0.0005090965792197441,0.00040610649755635955,0.0006565639252378155,0.0002295562501103637
information,55,11,9,0.00038124285169653085,0.00018068349040097835,9.10723338548153e-05,5.478333276833534e-05,2.2549559564483765e-05,0.0006533524041602659
informed,9,8,7,0.00038124285169653085,0.00024843979930134564,0.00015655740218654355,0.00010218192614137219,9.563705329842936e-05,0.00011183509620761298
initial,18,7,6,0.00038124285169653085,0.00028393119920153793,0.0001964862978263494,0.00014507809976654283,0.0001548063938549276,0.00021778413472008836
initiated,5,9,9,0.00038124285169653085,0.0002208353771567516,0.00012812990310436502,6.0750914866702875e-05,5.908312787246985e-05,6.47466346465128e-05
initiative,6,10,8,0.00038124285169653085,0.00019875183944107635,0.00010710399599861124,7.13606686877693e-05,3.6500664531159836e-05,7.65187500367878e-05
inner,8,5,3,0.00038124285169653085,0.00039750367888215276,0.00034828297622547605,0.0006124012352505361,0.0004056152820834941,0.00010006298081733804
innocent,6,8,7,0.00038124285169653085,0.00024843979930134564,0.00015655740218654355,0.00010218192614137219,9.563705329842936e-05,7.65187500367878e-05
inquiries,5,9,8,0.00038124285169653085,0.0002208353771567516,0.00012812990310436502,7.53417297328084e-05,5.908312787246985e-05,6.47466346465128e-05
inside,11,6,5,0.00038124285169653085,0.0003312530657351272,0.00025540261425089115,0.0002191807834560667,0.00025058299844920657,0.0001353793269881631
instead,20,7,6,0.00038124285169653085,0.00028393119920153793,0.0001964862978263494,0.00014507809976654283,0.0001548063938549276,0.0002413283655006388
instructions,17,12,11,0.00038124285169653085,0.0001656265328675636,7.854142304403973e-05,3.630013456419744e-05,1.3930777510040114e-05,0.0002060120193298133
insurance,7,9,8,0.00038124285169653085,0.0002208353771567516,0.00012812990310436502,7.53417297328084e-05,5.908312787246985e-05,8.829086542706294e-05
insurgents,6,10,9,0.00038124285169653085,0.00019875183944107635,0.00010710399599861124,5.7540833262736305e-05,3.6500664531159836e-05,7.65187500367878e-05
intelligence,30,12,10,0.00038124285169653085,0.0001656265328675636,7.854142304403973e-05,4.320704893103759e-05,1.3930777510040114e-05,0.0003590495194033891
intend,6,6,6,0.00038124285169653085,0.0003312530657351272,0.00025540261425089115,0.00015707113439413758,0.00025058299844920657,7.65187500367878e-05
intended,16,8,8,0.00038124285169653085,0.00024843979930134564,0.00015655740218654355,8.005566470952506e-05,9.563705329842936e-05,0.00019423990393953826
interceptor,6,11,9,0.00038124285169653085,0.00018068349040097835,9.10723338548153e-05,5.478333276833534e-05,2.2549559564483765e-05,7.65187500367878e-05
interconnect,15,12,10,0.00038124285169653085,0.0001656265328675636,7.854142304403973e-05,4.320704893103759e-05,1.3930777510040114e-05,0.00018246778854926347
interest,15,8,7,0.00038124285169653085,0.00024843979930134564,0.00015655740218654355,0.00010218192614137219,9.563705329842936e-05,0.00018246778854926347
interested,19,10,9,0.00038124285169653085,0.00019875183944107635,0.00010710399599861124,5.7540833262736305e-05,3.6500664531159836e-05,0.0002295562501103637
interesting,11,11,9,0.00038124285169653085,0.00018068349040097835,9.10723338548153e-05,5.478333276833534e-05,2.2549559564483765e-05,0.0001353793269881631
interests,7,9,8,0.00038124285169653085,0.0002208353771567516,0.00012812990310436502,7.53417297328084e-05,5.908312787246985e-05,8.829086542706294e-05
interference,5,12,10,0.00038124285169653085,0.0001656265328675636,7.854142304403973e-05,4.320704893103759e-05,1.3930777510040114e-05,6.47466346465128e-05
internal,11,8,7,0.00038124285169653085,0.00024843979930134564,0.00015655740218654355,0.00010218192614137219,9.563705329842936e-05,0.0001353793269881631
international,55,13,11,0.00038124285169653085,0.00015288603033928946,6.854248002491098e-05,3.483348782527399e-05,8.606224058579877e-06,0.0006533524041602659
internet,9,8,7,0.00038124285169653085,0.00024843979930134564,0.00015655740218654355,0.00010218192614137219,9.563705329842936e-05,0.00011183509620761298
interview,11,9,7,0.00038124285169653085,0.0002208353771567516,0.00012812990310436502,9.616512573912911e-05,5.908312787246985e-05,0.0001353793269881631
interviewers,5,12,9,0.00038124285169653085,0.0001656265328675636,7.854142304403973e-05,5.23814826478995e-05,1.3930777510040114e-05,6.47466346465128e-05
interviews,11,10,8,0.00038124285169653085,0.00019875183944107635,0.00010710399599861124,7.13606686877693e-05,3.6500664531159836e-05,0.0001353793269881631
into,122,4,4,0.00038124285169653085,0.0004968795986026909,0.0005090965792197441,0.00040610649755635955,0.0006565639252378155,0.0014420841353086945
invasion,6,8,7,0.00038124285169653085,0.00024843979930134564,0.00015655740218654355,0.00010218192614137219,9.563705329842936e-05,7.65187500367878e-05
investigation,8,13,12,0.00038124285169653085,0.00015288603033928946,6.854248002491098e-05,2.9712366059972322e-05,8.606224058579877e-06,0.00010006298081733804
investment,10,10,10,0.00038124285169653085,0.00019875183944107635,0.00010710399599861124,4.74627573073367e-05,3.6500664531159836e-05,0.000123607211597888
invitation,9,10,9,0.00038124285169653085,0.00019875183944107635,0.00010710399599861124,5.7540833262736305e-05,3.6500664531159836e-05,0.00011183509620761298
invited,6,7,7,0.00038124285169653085,0.00028393119920153793,0.0001964862978263494,0.00010945978702192117,0.0001548063938549276,7.65187500367878e-05
invoice,6,7,5,0.00038124285169653085,0.00028393119920153793,0.0001964862978263494,0.00020244541870664064,0.0001548063938549276,7.65187500367878e-05
involved,17,8,7,0.00038124285169653085,0.00024843979930134564,0.00015655740218654355,0.00010218192614137219,9.563705329842936e-05,0.0002060120193298133
involvement,6,11,10,0.00038124285169653085,0.00018068349040097835,9.10723338548153e-05,4.518822339255976e-05,2.2549559564483765e-05,7.65187500367878e-05
involving,5,9,8,0.00038124285169653085,0.0002208353771567516,0.00012812990310436502,7.53417297328084e-05,5.908312787246985e-05,6.47466346465128e-05
ip,5,2,3,0.00038124285169653085,0.0009937591972053819,0.0016554907232327733,0.0009819192342923834,0.0017202930389990817,6.47466346465128e-05
iran,70,4,4,0.00038124285169653085,0.0004968795986026909,0.0005090965792197441,0.00040610649755635955,0.0006565639252378155,0.0008299341350143913
iran's,13,5,5,0.00038124285169653085,0.00039750367888215276,0.00034828297622547605,0.00024076914737248623,0.0004056152820834941,0.0001589235577687132
iranian,16,7,7,0.00038124285169653085,0.00028393119920153793,0.0001964862978263494,0.00010945978702192117,0.0001548063938549276,0.00019423990393953826
iraq,114,4,4,0.00038124285169653085,0.0004968795986026909,0.0005090965792197441,0.00040610649755635955,0.0006565639252378155,0.0013479072121864938
iraq's,5,5,5,0.00038124285169653085,0.00039750367888215276,0.00034828297622547605,0.00024076914737248623,0.0004056152820834941,6.47466346465128e-05
iraqi,38,5,5,0.00038124285169653085,0.00039750367888215276,0.00034828297622547605,0.00024076914737248623,0.0004056152820834941,0.0004532264425255896
iraqis,10,6,6,0.00038124285169653085,0.0003312530657351272,0.00025540261425089115,0.00015707113439413758,0.00025058299844920657,0.000123607211597888
is,1191,2,2,0.00038124285169653085,0.0009937591972053819,0.0016554907232327733,0.0020600976577472676,0.0017202930389990817,0.014026475487512732
islamabad,6,9,9,0.00038124285169653085,0.0002208353771567516,0.00012812990310436502,6.0750914866702875e-05,5.908312787246985e-05,7.65187500367878e-05
islamic,24,7,7,0.00038124285169653085,0.00028393119920153793,0.0001964862978263494,0.00010945978702192117,0.0001548063938549276,0.00028841682706173886
islamist,8,8,8,0.00038124285169653085,0.00024843979930134564,0.00015655740218654355,8.005566470952506e-05,9.563705329842936e-05,0.00010006298081733804
islamists,15,9,9,0.00038124285169653085,0.0002208353771567516,0.00012812990310436502,6.0750914866702875e-05,5.908312787246985e-05,0.00018246778854926347
island,17,6,5,0.00038124285169653085,0.0003312530657351272,0.00025540261425089115,0.0002191807834560667,0.00025058299844920657,0.0002060120193298133
islands,24,7,6,0.00038124285169653085,0.00028393119920153793,0.0001964862978263494,0.00014507809976654283,0.0001548063938549276,0.00028841682706173886
isn't,5,4,5,0.00038124285169653085,0.0004968795986026909,0.0005090965792197441,0.00027010585086842897,0.0006565639252378155,6.47466346465128e-05
isolated,5,8,8,0.00038124285169653085,0.00024843979930134564,0.00015655740218654355,8.005566470952506e-05,9.563705329842936e-05,6.47466346465128e-05
israel,35,6,6,0.00038124285169653085,0.0003312530657351272,0.00025540261425089115,0.00015707113439413758,0.00025058299844920657,0.00041791009635476435
israeli,10,7,6,0.00038124285169653085,0.00028393119920153793,0.0001964862978263494,0.00014507809976654283,0.0001548063938549276,0.000123607211597888
issue,38,5,3,0.00038124285169653085,0.00039750367888215276,0.00034828297622547605,0.0006124012352505361,0.0004056152820834941,0.0004532264425255896
issued,10,6,4,0.00038124285169653085,0.0003312530657351272,0.00025540261425089115,0.00032954021549262946,0.00025058299844920657,0.000123607211597888
issues,31,6,4,0.00038124285169653085,0.0003312530657351272,0.00025540261425089115,0.00032954021549262946,0.00025058299844920657,0.00037082163479366443
it,739,2,2,0.00038124285169653085,0.0009937591972053819,0.0016554907232327733,0.0020600976577472676,0.0017202930389990817,0.008705479331108401
it's,70,3,3,0.00038124285169653085,0.0006625061314702545,0.0008305234720487999,0.0007967906891717805,0.0010627710714187356,0.0008299341350143913
italy,7,5,5,0.00038124285169653085,0.00039750367888215276,0.00034828297622547605,0.00024076914737248623,0.0004056152820834941,8.829086542706294e-05
items,8,5,5,0.00038124285169653085,0.00039750367888215276,0.00034828297622547605,0.00024076914737248623,0.0004056152820834941,0.00010006298081733804
its,137,3,3,0.00038124285169653085,0.0006625061314702545,0.0008305234720487999,0.0007967906891717805,0.0010627710714187356,0.0016186658661628203
itself,13,6,6,0.00038124285169653085,0.0003312530657351272,0.00025540261425089115,0.00015707113439413758,0.00025058299844920657,0.0001589235577687132
j,9,1,2,0.00038124285169653085,0.0019875183944107638,0.0053833587703735275,0.002944383400722856,0.0027846148804916812,0.00011183509620761298
jack,5,4,3,0.00038124285169653085,0.0004968795986026909,0.0005090965792197441,0.0006870197387222442,0.0006565639252378155,6.47466346465128e-05
james,8,5,4,0.00038124285169653085,0.00039750367888215276,0.00034828297622547605,0.0003619985085280506,0.0004056152820834941,0.00010006298081733804
jan,11,3,3,0.00038124285169653085,0.0006625061314702545,0.0008305234720487999,0.0007967906891717805,0.0010627710714187356,0.0001353793269881631
jane,7,4,3,0.00038124285169653085,0.0004968795986026909,0.0005090965792197441,0.0006870197387222442,0.0006565639252378155,8.829086542706294e-05
january,19,7,8,0.00038124285169653085,0.00028393119920153793,0.0001964862978263494,8.575759275548628e-05,0.0001548063938549276,0.0002295562501103637
japan,12,5,5,0.00038124285169653085,0.00039750367888215276,0.00034828297622547605,0.00024076914737248623,0.0004056152820834941,0.00014715144237843818
jason,7,5,5,0.00038124285169653085,0.00039750367888215276,0.00034828297622547605,0.00024076914737248623,0.0004056152820834941,8.829086542706294e-05
jeff,43,4,3,0.00038124285169653085,0.0004968795986026909,0.0005090965792197441,0.0006870197387222442,0.0006565639252378155,0.0005120870194769648
jeffs,7,5,4,0.00038124285169653085,0.00039750367888215276,0.00034828297622547605,0.0003619985085280506,0.0004056152820834941,8.829086542706294e-05
jesus,6,5,5,0.00038124285169653085,0.00039750367888215276,0.00034828297622547605,0.00024076914737248623,0.0004056152820834941,7.65187500367878e-05
jewish,5,6,4,0.00038124285169653085,0.0003312530657351272,0.00025540261425089115,0.00032954021549262946,0.00025058299844920657,6.47466346465128e-05
jihad,20,5,5,0.00038124285169653085,0.00039750367888215276,0.00034828297622547605,0.00024076914737248623,0.0004056152820834941,0.0002413283655006388
jim,12,3,3,0.00038124285169653085,0.0006625061314702545,0.0008305234720487999,0.0007967906891717805,0.0010627710714187356,0.00014715144237843818
job,31,3,3,0.00038124285169653085,0.0006625061314702545,0.0008305234720487999,0.0007967906891717805,0.0010627710714187356,0.00037082163479366443
jobs,8,4,4,0.00038124285169653085,0.0004968795986026909,0.0005090965792197441,0.00040610649755635955,0.0006565639252378155,0.00010006298081733804
joe,11,3,2,0.00038124285169653085,0.0006625061314702545,0.0008305234720487999,0.0016716921057774523,0.0010627710714187356,0.0001353793269881631
john,61,4,3,0.00038124285169653085,0.0004968795986026909,0.0005090965792197441,0.0006870197387222442,0.0006565639252378155,0.0007239850965019161
johnson,7,7,6,0.00038124285169653085,0.00028393119920153793,0.0001964862978263494,0.00014507809976654283,0.0001548063938549276,8.829086542706294e-05
join,8,4,3,0.00038124285169653085,0.0004968795986026909,0.0005090965792197441,0.0006870197387222442,0.0006565639252378155,0.00010006298081733804
jones,19,5,4,0.00038124285169653085,0.00039750367888215276,0.00034828297622547605,0.0003619985085280506,0.0004056152820834941,0.0002295562501103637
jordan,9,6,6,0.00038124285169653085,0.0003312530657351272,0.00025540261425089115,0.00015707113439413758,0.00025058299844920657,0.00011183509620761298
joseph,5,6,5,0.00038124285169653085,0.0003312530657351272,0.00025540261425089115,0.0002191807834560667,0.00025058299844920657,6.47466346465128e-05
jr,5,2,5,0.00038124285169653085,0.0009937591972053819,0.0016554907232327733,0.0003860473219530703,0.0017202930389990817,6.47466346465128e-05
judge,17,5,3,0.00038124285169653085,0.00039750367888215276,0.00034828297622547605,0.0006124012352505361,0.0004056152820834941,0.0002060120193298133
judges,5,6,5,0.00038124285169653085,0.0003312530657351272,0.00025540261425089115,0.0002191807834560667,0.00025058299844920657,6.47466346465128e-05
july,39,4,4,0.00038124285169653085,0.0004968795986026909,0.0005090965792197441,0.00040610649755635955,0.0006565639252378155,0.00046499855791586454
june,31,4,3,0.00038124285169653085,0.0004968795986026909,0.0005090965792197441,0.0006870197387222442,0.0006565639252378155,0.00037082163479366443
just,125,4,4,0.00038124285169653085,0.0004968795986026909,0.0005090965792197441,0.00040610649755635955,0.0006565639252378155,0.0014774004814795197
justice,6,7,6,0.00038124285169653085,0.00028393119920153793,0.0001964862978263494,0.00014507809976654283,0.0001548063938549276,7.65187500367878e-05
justin,5,6,6,0.00038124285169653085,0.0003312530657351272,0.00025540261425089115,0.00015707113439413758,0.00025058299844920657,6.47466346465128e-05
k,26,1,2,0.00038124285169653085,0.0019875183944107638,0.0053833587703735275,0.002944383400722856,0.0027846148804916812,0.00031196105784228904
kabul,7,5,5,0.00038124285169653085,0.00039750367888215276,0.00034828297622547605,0.00024076914737248623,0.0004056152820834941,8.829086542706294e-05
kandahar,6,8,8,0.00038124285169653085,0.00024843979930134564,0.00015655740218654355,8.005566470952506e-05,9.563705329842936e-05,7.65187500367878e-05
karim,7,5,4,0.00038124285169653085,0.00039750367888215276,0.00034828297622547605,0.0003619985085280506,0.0004056152820834941,8.829086542706294e-05
kashmir,15,7,6,0.00038124285169653085,0.00028393119920153793,0.0001964862978263494,0.00014507809976654283,0.0001548063938549276,0.00018246778854926347
katrina,8,7,7,0.00038124285169653085,0.00028393119920153793,0.0001964862978263494,0.00010945978702192117,0.0001548063938549276,0.00010006298081733804
kay,29,3,2,0.00038124285169653085,0.0006625061314702545,0.0008305234720487999,0.0016716921057774523,0.0010627710714187356,0.00034727740401311414
keep,43,4,3,0.00038124285169653085,0.0004968795986026909,0.0005090965792197441,0.0006870197387222442,0.0006565639252378155,0.0005120870194769648
keeping,5,7,5,0.00038124285169653085,0.00028393119920153793,0.0001964862978263494,0.00020244541870664064,0.0001548063938549276,6.47466346465128e-05
ken,15,3,3,0.00038124285169653085,0.0006625061314702545,0.0008305234720487999,0.0007967906891717805,0.0010627710714187356,0.00018246778854926347
kenneth,5,7,5,0.00038124285169653085,0.00028393119920153793,0.0001964862978263494,0.00020244541870664064,0.0001548063938549276,6.47466346465128e-05
kept,9,4,4,0.00038124285169653085,0.0004968795986026909,0.0005090965792197441,0.00040610649755635955,0.0006565639252378155,0.00011183509620761298
kerry,10,5,4,0.00038124285169653085,0.00039750367888215276,0.00034828297622547605,0.0003619985085280506,0.0004056152820834941,0.000123607211597888
kevin,7,5,5,0.00038124285169653085,0.00039750367888215276,0.00034828297622547605,0.00024076914737248623,0.0004056152820834941,8.829086542706294e-05
key,21,3,2,0.00038124285169653085,0.0006625061314702545,0.0008305234720487999,0.0016716921057774523,0.0010627710714187356,0.0002531004808909135
khalid,10,6,5,0.00038124285169653085,0.0003312530657351272,0.00025540261425089115,0.0002191807834560667,0.00025058299844920657,0.000123607211597888
khan,8,4,3,0.00038124285169653085,0.0004968795986026909,0.0005090965792197441,0.0006870197387222442,0.0006565639252378155,0.00010006298081733804
kids,16,4,4,0.00038124285169653085,0.0004968795986026909,0.0005090965792197441,0.00040610649755635955,0.0006565639252378155,0.00019423990393953826
kill,13,4,3,0.00038124285169653085,0.0004968795986026909,0.0005090965792197441,0.0006870197387222442,0.0006565639252378155,0.0001589235577687132
killed,17,6,4,0.00038124285169653085,0.0003312530657351272,0.00025540261425089115,0.00032954021549262946,0.00025058299844920657,0.0002060120193298133
killing,12,7,5,0.00038124285169653085,0.00028393119920153793,0.0001964862978263494,0.00020244541870664064,0.0001548063938549276,0.00014715144237843818
kim,15,3,3,0.00038124285169653085,0.0006625061314702545,0.0008305234720487999,0.0007967906891717805,0.0010627710714187356,0.00018246778854926347
kind,12,4,4,0.00038124285169653085,0.0004968795986026909,0.0005090965792197441,0.00040610649755635955,0.0006565639252378155,0.00014715144237843818
knew,7,4,2,0.00038124285169653085,0.0004968795986026909,0.0005090965792197441,0.0014413891745259336,0.0006565639252378155,8.829086542706294e-05
know,212,4,2,0.00038124285169653085,0.0004968795986026909,0.0005090965792197441,0.0014413891745259336,0.0006565639252378155,0.0025015745204334493
knowledge,7,9,5,0.00038124285169653085,0.0002208353771567516,0.00012812990310436502,0.00017785699821739898,5.908312787246985e-05,8.829086542706294e-05
known,26,5,3,0.00038124285169653085,0.00039750367888215276,0.00034828297622547605,0.0006124012352505361,0.0004056152820834941,0.00031196105784228904
korea,7,5,5,0.00038124285169653085,0.00039750367888215276,0.00034828297622547605,0.00024076914737248623,0.0004056152820834941,8.829086542706294e-05
kuwait,6,6,5,0.00038124285169653085,0.0003312530657351272,0.00025540261425089115,0.0002191807834560667,0.00025058299844920657,7.65187500367878e-05
kyle,9,4,3,0.00038124285169653085,0.0004968795986026909,0.0005090965792197441,0.0006870197387222442,0.0006565639252378155,0.00011183509620761298
l,26,1,2,0.00038124285169653085,0.0019875183944107638,0.0053833587703735275,0.002944383400722856,0.0027846148804916812,0.00031196105784228904
la,6,2,2,0.00038124285169653085,0.0009937591972053819,0.0016554907232327733,0.0020600976577472676,0.0017202930389990817,7.65187500367878e-05
lab,6,3,3,0.00038124285169653085,0.0006625061314702545,0.0008305234720487999,0.0007967906891717805,0.0010627710714187356,7.65187500367878e-05
lack,13,4,3,0.00038124285169653085,0.0004968795986026909,0.0005090965792197441,0.0006870197387222442,0.0006565639252378155,0.0001589235577687132
laden,18,5,5,0.00038124285169653085,0.00039750367888215276,0.00034828297622547605,0.00024076914737248623,0.0004056152820834941,0.00021778413472008836
lake,5,4,3,0.00038124285169653085,0.0004968795986026909,0.0005090965792197441,0.0006870197387222442,0.0006565639252378155,6.47466346465128e-05
land,13,4,4,0.00038124285169653085,0.0004968795986026909,0.0005090965792197441,0.00040610649755635955,0.0006565639252378155,0.0001589235577687132
language,32,8,7,0.00038124285169653085,0.00024843979930134564,0.00015655740218654355,0.00010218192614137219,9.563705329842936e-05,0.0003825937501839394
lanka,15,5,5,0.00038124285169653085,0.00039750367888215276,0.00034828297622547605,0.00024076914737248623,0.0004056152820834941,0.00018246778854926347
large,22,5,4,0.00038124285169653085,0.00039750367888215276,0.00034828297622547605,0.0003619985085280506,0.0004056152820834941,0.00026487259628118863
larger,7,6,5,0.00038124285169653085,0.0003312530657351272,0.00025540261425089115,0.0002191807834560667,0.00025058299844920657,8.829086542706294e-05
largest,8,7,7,0.00038124285169653085,0.00028393119920153793,0.0001964862978263494,0.00010945978702192117,0.0001548063938549276,0.00010006298081733804
last,87,4,4,0.00038124285169653085,0.0004968795986026909,0.0005090965792197441,0.00040610649755635955,0.0006565639252378155,0.0010300600966490674
late,22,4,3,0.00038124285169653085,0.0004968795986026909,0.0005090965792197441,0.0006870197387222442,0.0006565639252378155,0.00026487259628118863
later,29,5,4,0.00038124285169653085,0.00039750367888215276,0.00034828297622547605,0.0003619985085280506,0.0004056152820834941,0.00034727740401311414
latest,7,6,6,0.00038124285169653085,0.0003312530657351272,0.00025540261425089115,0.00015707113439413758,0.00025058299844920657,8.829086542706294e-05
latter,5,6,4,0.00038124285169653085,0.0003312530657351272,0.00025540261425089115,0.00032954021549262946,0.00025058299844920657,6.47466346465128e-05
launch,9,6,4,0.00038124285169653085,0.0003312530657351272,0.00025540261425089115,0.00032954021549262946,0.00025058299844920657,0.00011183509620761298
laura,5,5,4,0.00038124285169653085,0.00039750367888215276,0.00034828297622547605,0.0003619985085280506,0.0004056152820834941,6.47466346465128e-05
laurie,8,6,4,0.00038124285169653085,0.0003312530657351272,0.00025540261425089115,0.00032954021549262946,0.00025058299844920657,0.00010006298081733804
law,32,3,2,0.00038124285169653085,0.0006625061314702545,0.0008305234720487999,0.0016716921057774523,0.0010627710714187356,0.0003825937501839394
laws,12,4,3,0.00038124285169653085,0.0004968795986026909,0.0005090965792197441,0.0006870197387222442,0.0006565639252378155,0.00014715144237843818
lawyer,5,6,4,0.00038124285169653085,0.0003312530657351272,0.00025540261425089115,0.00032954021549262946,0.00025058299844920657,6.47466346465128e-05
lawyers,8,7,5,0.00038124285169653085,0.00028393119920153793,0.0001964862978263494,0.00020244541870664064,0.0001548063938549276,0.00010006298081733804
lay,15,3,2,0.00038124285169653085,0.0006625061314702545,0.0008305234720487999,0.0016716921057774523,0.0010627710714187356,0.00018246778854926347
lead,13,4,3,0.00038124285169653085,0.0004968795986026909,0.0005090965792197441,0.0006870197387222442,0.0006565639252378155,0.0001589235577687132
leader,20,6,4,0.00038124285169653085,0.0003312530657351272,0.00025540261425089115,0.00032954021549262946,0.00025058299844920657,0.0002413283655006388
leaders,35,7,5,0.00038124285169653085,0.00028393119920153793,0.0001964862978263494,0.00020244541870664064,0.0001548063938549276,0.00041791009635476435
leadership,6,10,7,0.00038124285169653085,0.00019875183944107635,0.00010710399599861124,9.108375533087037e-05,3.6500664531159836e-05,7.65187500367878e-05
leading,7,7,5,0.00038124285169653085,0.00028393119920153793,0.0001964862978263494,0.00020244541870664064,0.0001548063938549276,8.829086542706294e-05
leads,5,5,4,0.00038124285169653085,0.00039750367888215276,0.00034828297622547605,0.0003619985085280506,0.0004056152820834941,6.47466346465128e-05
leahy,6,5,4,0.00038124285169653085,0.00039750367888215276,0.00034828297622547605,0.0003619985085280506,0.0004056152820834941,7.65187500367878e-05
learn,6,5,3,0.00038124285169653085,0.00039750367888215276,0.00034828297622547605,0.0006124012352505361,0.0004056152820834941,7.65187500367878e-05
learned,6,7,4,0.00038124285169653085,0.00028393119920153793,0.0001964862978263494,0.00030437844894123353,0.0001548063938549276,7.65187500367878e-05
learning,5,8,5,0.00038124285169653085,0.00024843979930134564,0.00015655740218654355,0.0001889850454194499,9.563705329842936e-05,6.47466346465128e-05
least,34,5,4,0.00038124285169653085,0.00039750367888215276,0.00034828297622547605,0.0003619985085280506,0.0004056152820834941,0.0004061379809644894
leave,20,5,3,0.00038124285169653085,0.00039750367888215276,0.00034828297622547605,0.0006124012352505361,0.0004056152820834941,0.0002413283655006388
leaving,9,7,5,0.00038124285169653085,0.00028393119920153793,0.0001964862978263494,0.00020244541870664064,0.0001548063938549276,0.00011183509620761298
lebanese,6,8,7,0.00038124285169653085,0.00024843979930134564,0.00015655740218654355,0.00010218192614137219,9.563705329842936e-05,7.65187500367878e-05
led,15,3,3,0.00038124285169653085,0.0006625061314702545,0.0008305234720487999,0.0007967906891717805,0.0010627710714187356,0.00018246778854926347
lee,7,3,2,0.00038124285169653085,0.0006625061314702545,0.0008305234720487999,0.0016716921057774523,0.0010627710714187356,8.829086542706294e-05
left,22,4,4,0.00038124285169653085,0.0004968795986026909,0.0005090965792197441,0.00040610649755635955,0.0006565639252378155,0.00026487259628118863
legal,39,5,5,0.00038124285169653085,0.00039750367888215276,0.00034828297622547605,0.00024076914737248623,0.0004056152820834941,0.00046499855791586454
leigh,5,5,2,0.00038124285169653085,0.00039750367888215276,0.00034828297622547605,0.0012848371905560393,0.0004056152820834941,6.47466346465128e-05
lennon,12,6,5,0.00038124285169653085,0.0003312530657351272,0.00025540261425089115,0.0002191807834560667,0.00025058299844920657,0.00014715144237843818
leon,7,4,4,0.00038124285169653085,0.0004968795986026909,0.0005090965792197441,0.00040610649755635955,0.0006565639252378155,8.829086542706294e-05
leonardo,5,8,8,0.00038124285169653085,0.00024843979930134564,0.00015655740218654355,8.005566470952506e-05,9.563705329842936e-05,6.47466346465128e-05
leopold,6,7,7,0.00038124285169653085,0.00028393119920153793,0.0001964862978263494,0.00010945978702192117,0.0001548063938549276,7.65187500367878e-05
less,21,4,3,0.00038124285169653085,0.0004968795986026909,0.0005090965792197441,0.0006870197387222442,0.0006565639252378155,0.0002531004808909135
let,112,3,3,0.00038124285169653085,0.0006625061314702545,0.0008305234720487999,0.0007967906891717805,0.0010627710714187356,0.0013243629814059434
let's,13,4,4,0.00038124285169653085,0.0004968795986026909,0.0005090965792197441,0.00040610649755635955,0.0006565639252378155,0.0001589235577687132
lets,5,4,4,0.00038124285169653085,0.0004968795986026909,0.0005090965792197441,0.00040610649755635955,0.0006565639252378155,6.47466346465128e-05
letter,53,6,4,0.00038124285169653085,0.0003312530657351272,0.00025540261425089115,0.00032954021549262946,0.00025058299844920657,0.0006298081733797156
letters,12,7,5,0.00038124285169653085,0.00028393119920153793,0.0001964862978263494,0.00020244541870664064,0.0001548063938549276,0.00014715144237843818
level,28,5,5,0.00038124285169653085,0.00039750367888215276,0.00034828297622547605,0.00024076914737248623,0.0004056152820834941,0.000335505288622839
levels,6,6,6,0.00038124285169653085,0.0003312530657351272,0.00025540261425089115,0.00015707113439413758,0.00025058299844920657,7.65187500367878e-05
liberal,5,7,6,0.00038124285169653085,0.00028393119920153793,0.0001964862978263494,0.00014507809976654283,0.0001548063938549276,6.47466346465128e-05
lie,7,3,2,0.00038124285169653085,0.0006625061314702545,0.0008305234720487999,0.0016716921057774523,0.0010627710714187356,8.829086542706294e-05
lies,11,4,3,0.00038124285169653085,0.0004968795986026909,0.0005090965792197441,0.0006870197387222442,0.0006565639252378155,0.0001353793269881631
lieutenant,5,10,8,0.00038124285169653085,0.00019875183944107635,0.00010710399599861124,7.13606686877693e-05,3.6500664531159836e-05,6.47466346465128e-05
life,52,4,3,0.00038124285169653085,0.0004968795986026909,0.0005090965792197441,0.0006870197387222442,0.0006565639252378155,0.0006180360579894406
light,9,5,3,0.00038124285169653085,0.00039750367888215276,0.00034828297622547605,0.0006124012352505361,0.0004056152820834941,0.00011183509620761298
like,165,4,3,0.00038124285169653085,0.0004968795986026909,0.0005090965792197441,0.0006870197387222442,0.0006565639252378155,0.001948285097090521
likely,35,6,5,0.00038124285169653085,0.0003312530657351272,0.00025540261425089115,0.0002191807834560667,0.00025058299844920657,0.00041791009635476435
likewise,5,8,6,0.00038124285169653085,0.00024843979930134564,0.00015655740218654355,0.00013543201643637974,9.563705329842936e-05,6.47466346465128e-05
limited,13,7,7,0.00038124285169653085,0.00028393119920153793,0.0001964862978263494,0.00010945978702192117,0.0001548063938549276,0.0001589235577687132
linda,9,5,5,0.00038124285169653085,0.00039750367888215276,0.00034828297622547605,0.00024076914737248623,0.0004056152820834941,0.00011183509620761298
line,30,4,3,0.00038124285169653085,0.0004968795986026909,0.0005090965792197441,0.0006870197387222442,0.0006565639252378155,0.0003590495194033891
link,18,4,4,0.00038124285169653085,0.0004968795986026909,0.0005090965792197441,0.00040610649755635955,0.0006565639252378155,0.00021778413472008836
links,9,5,5,0.00038124285169653085,0.00039750367888215276,0.00034828297622547605,0.00024076914737248623,0.0004056152820834941,0.00011183509620761298
liquidation,8,11,10,0.00038124285169653085,0.00018068349040097835,9.10723338548153e-05,4.518822339255976e-05,2.2549559564483765e-05,0.00010006298081733804
list,49,4,4,0.00038124285169653085,0.0004968795986026909,0.0005090965792197441,0.00040610649755635955,0.0006565639252378155,0.000582719711818615
listed,8,6,6,0.00038124285169653085,0.0003312530657351272,0.00025540261425089115,0.00015707113439413758,0.00025058299844920657,0.00010006298081733804
listen,8,6,5,0.00038124285169653085,0.0003312530657351272,0.00025540261425089115,0.0002191807834560667,0.00025058299844920657,0.00010006298081733804
listening,5,9,7,0.00038124285169653085,0.0002208353771567516,0.00012812990310436502,9.616512573912911e-05,5.908312787246985e-05,6.47466346465128e-05
lists,8,5,5,0.00038124285169653085,0.00039750367888215276,0.00034828297622547605,0.00024076914737248623,0.0004056152820834941,0.00010006298081733804
little,47,6,5,0.00038124285169653085,0.0003312530657351272,0.00025540261425089115,0.0002191807834560667,0.00025058299844920657,0.0005591754810380649
live,15,4,3,0.00038124285169653085,0.0004968795986026909,0.0005090965792197441,0.0006870197387222442,0.0006565639252378155,0.00018246778854926347
lived,6,5,4,0.00038124285169653085,0.00039750367888215276,0.00034828297622547605,0.0003619985085280506,0.0004056152820834941,7.65187500367878e-05
lives,15,5,4,0.00038124285169653085,0.00039750367888215276,0.00034828297622547605,0.0003619985085280506,0.0004056152820834941,0.00018246778854926347
living,19,6,5,0.00038124285169653085,0.0003312530657351272,0.00025540261425089115,0.0002191807834560667,0.00025058299844920657,0.0002295562501103637
llc,11,3,6,0.00038124285169653085,0.0006625061314702545,0.0008305234720487999,0.0002244930666774945,0.0010627710714187356,0.0001353793269881631
load,5,4,3,0.00038124285169653085,0.0004968795986026909,0.0005090965792197441,0.0006870197387222442,0.0006565639252378155,6.47466346465128e-05
local,13,5,5,0.00038124285169653085,0.00039750367888215276,0.00034828297622547605,0.00024076914737248623,0.0004056152820834941,0.0001589235577687132
located,6,7,7,0.00038124285169653085,0.00028393119920153793,0.0001964862978263494,0.00010945978702192117,0.0001548063938549276,7.65187500367878e-05
location,6,8,7,0.00038124285169653085,0.00024843979930134564,0.00015655740218654355,0.00010218192614137219,9.563705329842936e-05,7.65187500367878e-05
london,21,6,6,0.00038124285169653085,0.0003312530657351272,0.00025540261425089115,0.00015707113439413758,0.00025058299844920657,0.0002531004808909135
long,47,4,3,0.00038124285169653085,0.0004968795986026909,0.0005090965792197441,0.0006870197387222442,0.0006565639252378155,0.0005591754810380649
longer,13,6,5,0.00038124285169653085,0.0003312530657351272,0.00025540261425089115,0.0002191807834560667,0.00025058299844920657,0.0001589235577687132
look,54,4,3,0.00038124285169653085,0.0004968795986026909,0.0005090965792197441,0.0006870197387222442,0.0006565639252378155,0.0006415802887699908
looked,5,6,4,0.00038124285169653085,0.0003312530657351272,0.00025540261425089115,0.00032954021549262946,0.00025058299844920657,6.47466346465128e-05
looking,41,7,5,0.00038124285169653085,0.00028393119920153793,0.0001964862978263494,0.00020244541870664064,0.0001548063938549276,0.0004885427886964148
looks,15,5,4,0.00038124285169653085,0.00039750367888215276,0.00034828297622547605,0.0003619985085280506,0.0004056152820834941,0.00018246778854926347
loose,8,5,3,0.00038124285169653085,0.00039750367888215276,0.00034828297622547605,0.0006124012352505361,0.0004056152820834941,0.00010006298081733804
lopez,20,5,5,0.00038124285169653085,0.00039750367888215276,0.00034828297622547605,0.00024076914737248623,0.0004056152820834941,0.0002413283655006388
lorie,5,5,4,0.00038124285169653085,0.00039750367888215276,0.00034828297622547605,0.0003619985085280506,0.0004056152820834941,6.47466346465128e-05
lost,16,4,4,0.00038124285169653085,0.0004968795986026909,0.0005090965792197441,0.00040610649755635955,0.0006565639252378155,0.00019423990393953826
lot,33,3,3,0.00038124285169653085,0.0006625061314702545,0.0008305234720487999,0.0007967906891717805,0.0010627710714187356,0.00039436586557421445
lots,6,4,4,0.00038124285169653085,0.0004968795986026909,0.0005090965792197441,0.00040610649755635955,0.0006565639252378155,7.65187500367878e-05
louisiana,6,9,8,0.00038124285169653085,0.0002208353771567516,0.00012812990310436502,7.53417297328084e-05,5.908312787246985e-05,7.65187500367878e-05
love,27,4,3,0.00038124285169653085,0.0004968795986026909,0.0005090965792197441,0.0006870197387222442,0.0006565639252378155,0.0003237331732325643
loving,5,6,5,0.00038124285169653085,0.0003312530657351272,0.00025540261425089115,0.0002191807834560667,0.00025058299844920657,6.47466346465128e-05
low,6,3,2,0.00038124285169653085,0.0006625061314702545,0.0008305234720487999,0.0016716921057774523,0.0010627710714187356,7.65187500367878e-05
lucky,6,5,4,0.00038124285169653085,0.00039750367888215276,0.00034828297622547605,0.0003619985085280506,0.0004056152820834941,7.65187500367878e-05
lunch,11,5,4,0.00038124285169653085,0.00039750367888215276,0.00034828297622547605,0.0003619985085280506,0.0004056152820834941,0.0001353793269881631
lyrics,5,6,6,0.00038124285169653085,0.0003312530657351272,0.00025540261425089115,0.00015707113439413758,0.00025058299844920657,6.47466346465128e-05
m,82,1,2,0.00038124285169653085,0.0019875183944107638,0.0053833587703735275,0.002944383400722856,0.0027846148804916812,0.0009711995196976924
made,91,4,3,0.00038124285169653085,0.0004968795986026909,0.0005090965792197441,0.0006870197387222442,0.0006565639252378155,0.0010771485582101678
magic,5,5,5,0.00038124285169653085,0.00039750367888215276,0.00034828297622547605,0.00024076914737248623,0.0004056152820834941,6.47466346465128e-05
mail,47,4,3,0.00038124285169653085,0.0004968795986026909,0.0005090965792197441,0.0006870197387222442,0.0006565639252378155,0.0005591754810380649
mailings,9,8,6,0.00038124285169653085,0.00024843979930134564,0.00015655740218654355,0.00013543201643637974,9.563705329842936e-05,0.00011183509620761298
main,21,4,3,0.00038124285169653085,0.0004968795986026909,0.0005090965792197441,0.0006870197387222442,0.0006565639252378155,0.0002531004808909135
mainstream,5,10,8,0.00038124285169653085,0.00019875183944107635,0.00010710399599861124,7.13606686877693e-05,3.6500664531159836e-05,6.47466346465128e-05
major,20,5,4,0.00038124285169653085,0.00039750367888215276,0.00034828297622547605,0.0003619985085280506,0.0004056152820834941,0.0002413283655006388
majority,9,8,8,0.00038124285169653085,0.00024843979930134564,0.00015655740218654355,8.005566470952506e-05,9.563705329842936e-05,0.00011183509620761298
make,80,4,3,0.00038124285169653085,0.0004968795986026909,0.0005090965792197441,0.0006870197387222442,0.0006565639252378155,0.0009476552889171418
makes,19,5,4,0.00038124285169653085,0.00039750367888215276,0.00034828297622547605,0.0003619985085280506,0.0004056152820834941,0.0002295562501103637
making,26,6,5,0.00038124285169653085,0.0003312530657351272,0.00025540261425089115,0.0002191807834560667,0.00025058299844920657,0.00031196105784228904
mama,10,4,4,0.00038124285169653085,0.0004968795986026909,0.0005090965792197441,0.00040610649755635955,0.0006565639252378155,0.000123607211597888
man,25,3,3,0.00038124285169653085,0.0006625061314702545,0.0008305234720487999,0.0007967906891717805,0.0010627710714187356,0.00030018894245201395
manage,6,6,5,0.00038124285169653085,0.0003312530657351272,0.00025540261425089115,0.0002191807834560667,0.00025058299844920657,7.65187500367878e-05
management,15,10,9,0.00038124285169653085,0.00019875183944107635,0.00010710399599861124,5.7540833262736305e-05,3.6500664531159836e-05,0.00018246778854926347
manager,7,7,6,0.00038124285169653085,0.00028393119920153793,0.0001964862978263494,0.00014507809976654283,0.0001548063938549276,8.829086542706294e-05
mann,8,4,3,0.00038124285169653085,0.0004968795986026909,0.0005090965792197441,0.0006870197387222442,0.0006565639252378155,0.00010006298081733804
manual,6,6,7,0.00038124285169653085,0.0003312530657351272,0.00025540261425089115,0.00011850839613794607,0.00025058299844920657,7.65187500367878e-05
many,104,4,4,0.00038124285169653085,0.0004968795986026909,0.0005090965792197441,0.00040610649755635955,0.0006565639252378155,0.001230186058283743
map,5,3,3,0.00038124285169653085,0.0006625061314702545,0.0008305234720487999,0.0007967906891717805,0.0010627710714187356,6.47466346465128e-05
march,30,5,4,0.00038124285169653085,0.00039750367888215276,0.00034828297622547605,0.0003619985085280506,0.0004056152820834941,0.0003590495194033891
marie,14,5,3,0.00038124285169653085,0.00039750367888215276,0.00034828297622547605,0.0006124012352505361,0.0004056152820834941,0.00017069567315898835
mark,37,4,4,0.00038124285169653085,0.0004968795986026909,0.0005090965792197441,0.00040610649755635955,0.0006565639252378155,0.0004414543271353147
market,31,6,6,0.00038124285169653085,0.0003312530657351272,0.00025540261425089115,0.00015707113439413758,0.00025058299844920657,0.00037082163479366443
marketers,5,9,8,0.00038124285169653085,0.0002208353771567516,0.00012812990310436502,7.53417297328084e-05,5.908312787246985e-05,6.47466346465128e-05
marketing,9,9,8,0.00038124285169653085,0.0002208353771567516,0.00012812990310436502,7.53417297328084e-05,5.908312787246985e-05,0.00011183509620761298
markets,8,7,7,0.00038124285169653085,0.00028393119920153793,0.0001964862978263494,0.00010945978702192117,0.0001548063938549276,0.00010006298081733804
marriage,24,8,5,0.00038124285169653085,0.00024843979930134564,0.00015655740218654355,0.0001889850454194499,9.563705329842936e-05,0.00028841682706173886
married,5,7,5,0.00038124285169653085,0.00028393119920153793,0.0001964862978263494,0.00020244541870664064,0.0001548063938549276,6.47466346465128e-05
marry,8,5,4,0.00038124285169653085,0.00039750367888215276,0.00034828297622547605,0.0003619985085280506,0.0004056152820834941,0.00010006298081733804
martin,5,6,6,0.00038124285169653085,0.0003312530657351272,0.00025540261425089115,0.00015707113439413758,0.00025058299844920657,6.47466346465128e-05
martyrs,5,7,6,0.00038124285169653085,0.00028393119920153793,0.0001964862978263494,0.00014507809976654283,0.0001548063938549276,6.47466346465128e-05
mary,12,4,4,0.00038124285169653085,0.0004968795986026909,0.0005090965792197441,0.00040610649755635955,0.0006565639252378155,0.00014715144237843818
mass,6,4,3,0.00038124285169653085,0.0004968795986026909,0.0005090965792197441,0.0006870197387222442,0.0006565639252378155,7.65187500367878e-05
master,17,6,5,0.00038124285169653085,0.0003312530657351272,0.00025540261425089115,0.0002191807834560667,0.00025058299844920657,0.0002060120193298133
material,6,8,8,0.00038124285169653085,0.00024843979930134564,0.00015655740218654355,8.005566470952506e-05,9.563705329842936e-05,7.65187500367878e-05
materials,6,9,9,0.00038124285169653085,0.0002208353771567516,0.00012812990310436502,6.0750914866702875e-05,5.908312787246985e-05,7.65187500367878e-05
matter,14,6,4,0.00038124285169653085,0.0003312530657351272,0.00025540261425089115,0.00032954021549262946,0.00025058299844920657,0.00017069567315898835
max,5,3,4,0.00038124285169653085,0.0006625061314702545,0.0008305234720487999,0.00047099356514397167,0.0010627710714187356,6.47466346465128e-05
may,172,3,2,0.00038124285169653085,0.0006625061314702545,0.0008305234720487999,0.0016716921057774523,0.0010627710714187356,0.0020306899048224475
maybe,17,5,4,0.00038124285169653085,0.00039750367888215276,0.00034828297622547605,0.0003619985085280506,0.0004056152820834941,0.0002060120193298133
mccartney,7,9,8,0.00038124285169653085,0.0002208353771567516,0.00012812990310436502,7.53417297328084e-05,5.908312787246985e-05,8.829086542706294e-05
me,278,2,2,0.00038124285169653085,0.0009937591972053819,0.0016554907232327733,0.0020600976577472676,0.0017202930389990817,0.0032785341361916027
mean,14,4,3,0.00038124285169653085,0.0004968795986026909,0.0005090965792197441,0.0006870197387222442,0.0006565639252378155,0.00017069567315898835
meaning,10,7,5,0.00038124285169653085,0.00028393119920153793,0.0001964862978263494,0.00020244541870664064,0.0001548063938549276,0.000123607211597888
means,21,5,4,0.00038124285169653085,0.00039750367888215276,0.00034828297622547605,0.0003619985085280506,0.0004056152820834941,0.0002531004808909135
meanwhile,7,9,6,0.00038124285169653085,0.0002208353771567516,0.00012812990310436502,0.0001274573437937484,5.908312787246985e-05,8.829086542706294e-05
measure,7,7,4,0.00038124285169653085,0.00028393119920153793,0.0001964862978263494,0.00030437844894123353,0.0001548063938549276,8.829086542706294e-05
mechanism,6,9,9,0.00038124285169653085,0.0002208353771567516,0.00012812990310436502,6.0750914866702875e-05,5.908312787246985e-05,7.65187500367878e-05
medal,5,5,5,0.00038124285169653085,0.00039750367888215276,0.00034828297622547605,0.00024076914737248623,0.0004056152820834941,6.47466346465128e-05
media,26,5,5,0.00038124285169653085,0.00039750367888215276,0.00034828297622547605,0.00024076914737248623,0.0004056152820834941,0.00031196105784228904
medical,5,7,7,0.00038124285169653085,0.00028393119920153793,0.0001964862978263494,0.00010945978702192117,0.0001548063938549276,6.47466346465128e-05
meet,32,4,3,0.00038124285169653085,0.0004968795986026909,0.0005090965792197441,0.0006870197387222442,0.0006565639252378155,0.0003825937501839394
meeting,72,7,5,0.00038124285169653085,0.00028393119920153793,0.0001964862978263494,0.00020244541870664064,0.0001548063938549276,0.0008534783657949418
meetings,10,8,6,0.00038124285169653085,0.00024843979930134564,0.00015655740218654355,0.00013543201643637974,9.563705329842936e-05,0.000123607211597888
meiring,5,7,5,0.00038124285169653085,0.00028393119920153793,0.0001964862978263494,0.00020244541870664064,0.0001548063938549276,6.47466346465128e-05
member,20,6,5,0.00038124285169653085,0.0003312530657351272,0.00025540261425089115,0.0002191807834560667,0.00025058299844920657,0.0002413283655006388
members,41,7,6,0.00038124285169653085,0.00028393119920153793,0.0001964862978263494,0.00014507809976654283,0.0001548063938549276,0.0004885427886964148
men,11,3,3,0.00038124285169653085,0.0006625061314702545,0.0008305234720487999,0.0007967906891717805,0.0010627710714187356,0.0001353793269881631
mention,5,7,6,0.00038124285169653085,0.00028393119920153793,0.0001964862978263494,0.00014507809976654283,0.0001548063938549276,6.47466346465128e-05
mentioned,25,9,7,0.00038124285169653085,0.0002208353771567516,0.00012812990310436502,9.616512573912911e-05,5.908312787246985e-05,0.00030018894245201395
merely,8,6,5,0.00038124285169653085,0.0003312530657351272,0.00025540261425089115,0.0002191807834560667,0.00025058299844920657,0.00010006298081733804
message,43,7,5,0.00038124285169653085,0.00028393119920153793,0.0001964862978263494,0.00020244541870664064,0.0001548063938549276,0.0005120870194769648
messages,6,8,7,0.00038124285169653085,0.00024843979930134564,0.00015655740218654355,0.00010218192614137219,9.563705329842936e-05,7.65187500367878e-05
met,7,3,3,0.00038124285169653085,0.0006625061314702545,0.0008305234720487999,0.0007967906891717805,0.0010627710714187356,8.829086542706294e-05
metal,25,5,5,0.00038124285169653085,0.00039750367888215276,0.00034828297622547605,0.00024076914737248623,0.0004056152820834941,0.00030018894245201395
mexico,8,6,7,0.00038124285169653085,0.0003312530657351272,0.00025540261425089115,0.00011850839613794607,0.00025058299844920657,0.00010006298081733804
miami,6,5,5,0.00038124285169653085,0.00039750367888215276,0.00034828297622547605,0.00024076914737248623,0.0004056152820834941,7.65187500367878e-05
michael,17,7,5,0.00038124285169653085,0.00028393119920153793,0.0001964862978263494,0.00020244541870664064,0.0001548063938549276,0.0002060120193298133
michelle,15,8,5,0.00038124285169653085,0.00024843979930134564,0.00015655740218654355,0.0001889850454194499,9.563705329842936e-05,0.00018246778854926347
mid,18,3,3,0.00038124285169653085,0.0006625061314702545,0.0008305234720487999,0.0007967906891717805,0.0010627710714187356,0.00021778413472008836
middle,13,6,5,0.00038124285169653085,0.0003312530657351272,0.00025540261425089115,0.0002191807834560667,0.00025058299844920657,0.0001589235577687132
might,41,5,3,0.00038124285169653085,0.00039750367888215276,0.00034828297622547605,0.0006124012352505361,0.0004056152820834941,0.0004885427886964148
mike,30,4,3,0.00038124285169653085,0.0004968795986026909,0.0005090965792197441,0.0006870197387222442,0.0006565639252378155,0.0003590495194033891
militant,12,8,8,0.00038124285169653085,0.00024843979930134564,0.00015655740218654355,8.005566470952506e-05,9.563705329842936e-05,0.00014715144237843818
military,62,8,8,0.00038124285169653085,0.00024843979930134564,0.00015655740218654355,8.005566470952506e-05,9.563705329842936e-05,0.000735757211892191
million,30,7,6,0.00038124285169653085,0.00028393119920153793,0.0001964862978263494,0.00014507809976654283,0.0001548063938549276,0.0003590495194033891
millions,5,8,7,0.00038124285169653085,0.00024843979930134564,0.00015655740218654355,0.00010218192614137219,9.563705329842936e-05,6.47466346465128e-05
mind,29,4,4,0.00038124285169653085,0.0004968795986026909,0.0005090965792197441,0.00040610649755635955,0.0006565639252378155,0.00034727740401311414
mine,6,4,3,0.00038124285169653085,0.0004968795986026909,0.0005090965792197441,0.0006870197387222442,0.0006565639252378155,7.65187500367878e-05
minimum,8,7,7,0.00038124285169653085,0.00028393119920153793,0.0001964862978263494,0.00010945978702192117,0.0001548063938549276,0.00010006298081733804
minister,13,8,7,0.00038124285169653085,0.00024843979930134564,0.00015655740218654355,0.00010218192614137219,9.563705329842936e-05,0.0001589235577687132
minor,5,5,4,0.00038124285169653085,0.00039750367888215276,0.00034828297622547605,0.0003619985085280506,0.0004056152820834941,6.47466346465128e-05
minutes,13,7,6,0.00038124285169653085,0.00028393119920153793,0.0001964862978263494,0.00014507809976654283,0.0001548063938549276,0.0001589235577687132
missed,6,6,4,0.00038124285169653085,0.0003312530657351272,0.00025540261425089115,0.00032954021549262946,0.00025058299844920657,7.65187500367878e-05
missile,8,7,5,0.00038124285169653085,0.00028393119920153793,0.0001964862978263494,0.00020244541870664064,0.0001548063938549276,0.00010006298081733804
missiles,9,8,6,0.00038124285169653085,0.00024843979930134564,0.00015655740218654355,0.00013543201643637974,9.563705329842936e-05,0.00011183509620761298
missing,9,7,5,0.00038124285169653085,0.00028393119920153793,0.0001964862978263494,0.00020244541870664064,0.0001548063938549276,0.00011183509620761298
mission,9,7,5,0.00038124285169653085,0.00028393119920153793,0.0001964862978263494,0.00020244541870664064,0.0001548063938549276,0.00011183509620761298
mississippi,8,11,8,0.00038124285169653085,0.00018068349040097835,9.10723338548153e-05,6.794088715125928e-05,2.2549559564483765e-05,0.00010006298081733804
model,8,5,5,0.00038124285169653085,0.00039750367888215276,0.00034828297622547605,0.00024076914737248623,0.0004056152820834941,0.00010006298081733804
moderate,5,8,6,0.00038124285169653085,0.00024843979930134564,0.00015655740218654355,0.00013543201643637974,9.563705329842936e-05,6.47466346465128e-05
modern,7,6,5,0.00038124285169653085,0.0003312530657351272,0.00025540261425089115,0.0002191807834560667,0.00025058299844920657,8.829086542706294e-05
mohammed,11,8,7,0.00038124285169653085,0.00024843979930134564,0.00015655740218654355,0.00010218192614137219,9.563705329842936e-05,0.0001353793269881631
molly,8,5,4,0.00038124285169653085,0.00039750367888215276,0.00034828297622547605,0.0003619985085280506,0.0004056152820834941,0.00010006298081733804
mom,8,3,3,0.00038124285169653085,0.0006625061314702545,0.0008305234720487999,0.0007967906891717805,0.0010627710714187356,0.00010006298081733804
moment,11,6,6,0.00038124285169653085,0.0003312530657351272,0.00025540261425089115,0.00015707113439413758,0.00025058299844920657,0.0001353793269881631
monday,38,6,5,0.00038124285169653085,0.0003312530657351272,0.00025540261425089115,0.0002191807834560667,0.00025058299844920657,0.0004532264425255896
money,47,5,4,0.00038124285169653085,0.00039750367888215276,0.00034828297622547605,0.0003619985085280506,0.0004056152820834941,0.0005591754810380649
monitor,7,7,6,0.00038124285169653085,0.00028393119920153793,0.0001964862978263494,0.00014507809976654283,0.0001548063938549276,8.829086542706294e-05
month,32,5,4,0.00038124285169653085,0.00039750367888215276,0.00034828297622547605,0.0003619985085280506,0.0004056152820834941,0.0003825937501839394
monthly,7,7,6,0.00038124285169653085,0.00028393119920153793,0.0001964862978263494,0.00014507809976654283,0.0001548063938549276,8.829086542706294e-05
months,26,6,5,0.00038124285169653085,0.0003312530657351272,0.00025540261425089115,0.0002191807834560667,0.00025058299844920657,0.00031196105784228904
moon,15,4,3,0.00038124285169653085,0.0004968795986026909,0.0005090965792197441,0.0006870197387222442,0.0006565639252378155,0.00018246778854926347
moore,5,5,3,0.00038124285169653085,0.00039750367888215276,0.00034828297622547605,0.0006124012352505361,0.0004056152820834941,6.47466346465128e-05
moral,5,5,5,0.00038124285169653085,0.00039750367888215276,0.00034828297622547605,0.00024076914737248623,0.0004056152820834941,6.47466346465128e-05
morality,11,8,7,0.00038124285169653085,0.00024843979930134564,0.00015655740218654355,0.00010218192614137219,9.563705329842936e-05,0.0001353793269881631
more,165,4,3,0.00038124285169653085,0.0004968795986026909,0.0005090965792197441,0.0006870197387222442,0.0006565639252378155,0.001948285097090521
morning,28,7,6,0.00038124285169653085,0.00028393119920153793,0.0001964862978263494,0.00014507809976654283,0.0001548063938549276,0.000335505288622839
moslem,11,6,6,0.00038124285169653085,0.0003312530657351272,0.00025540261425089115,0.00015707113439413758,0.00025058299844920657,0.0001353793269881631
mosques,6,7,5,0.00038124285169653085,0.00028393119920153793,0.0001964862978263494,0.00020244541870664064,0.0001548063938549276,7.65187500367878e-05
most,83,4,4,0.00038124285169653085,0.0004968795986026909,0.0005090965792197441,0.00040610649755635955,0.0006565639252378155,0.0009829716350879673
mostly,9,6,6,0.00038124285169653085,0.0003312530657351272,0.00025540261425089115,0.00015707113439413758,0.00025058299844920657,0.00011183509620761298
mother,7,6,4,0.00038124285169653085,0.0003312530657351272,0.00025540261425089115,0.00032954021549262946,0.00025058299844920657,8.829086542706294e-05
mountain,5,8,6,0.00038124285169653085,0.00024843979930134564,0.00015655740218654355,0.00013543201643637974,9.563705329842936e-05,6.47466346465128e-05
mountains,5,9,7,0.00038124285169653085,0.0002208353771567516,0.00012812990310436502,9.616512573912911e-05,5.908312787246985e-05,6.47466346465128e-05
move,16,4,3,0.00038124285169653085,0.0004968795986026909,0.0005090965792197441,0.0006870197387222442,0.0006565639252378155,0.00019423990393953826
moved,5,5,4,0.00038124285169653085,0.00039750367888215276,0.00034828297622547605,0.0003619985085280506,0.0004056152820834941,6.47466346465128e-05
movement,6,8,7,0.00038124285169653085,0.00024843979930134564,0.00015655740218654355,0.00010218192614137219,9.563705329842936e-05,7.65187500367878e-05
movements,6,9,8,0.00038124285169653085,0.0002208353771567516,0.00012812990310436502,7.53417297328084e-05,5.908312787246985e-05,7.65187500367878e-05
moving,9,6,5,0.00038124285169653085,0.0003312530657351272,0.00025540261425089115,0.0002191807834560667,0.00025058299844920657,0.00011183509620761298
mr,44,2,5,0.00038124285169653085,0.0009937591972053819,0.0016554907232327733,0.0003860473219530703,0.0017202930389990817,0.0005238591348672402
ms,6,2,3,0.00038124285169653085,0.0009937591972053819,0.0016554907232327733,0.0009819192342923834,0.0017202930389990817,7.65187500367878e-05
much,90,4,3,0.00038124285169653085,0.0004968795986026909,0.0005090965792197441,0.0006870197387222442,0.0006565639252378155,0.0010653764428198926
mujahedeen,9,10,9,0.00038124285169653085,0.00019875183944107635,0.00010710399599861124,5.7540833262736305e-05,3.6500664531159836e-05,0.00011183509620761298
multi,5,5,5,0.00038124285169653085,0.00039750367888215276,0.00034828297622547605,0.00024076914737248623,0.0004056152820834941,6.47466346465128e-05
murder,16,6,4,0.00038124285169653085,0.0003312530657351272,0.00025540261425089115,0.00032954021549262946,0.00025058299844920657,0.00019423990393953826
murderer,5,8,5,0.00038124285169653085,0.00024843979930134564,0.00015655740218654355,0.0001889850454194499,9.563705329842936e-05,6.47466346465128e-05
murderers,6,9,6,0.00038124285169653085,0.0002208353771567516,0.00012812990310436502,0.0001274573437937484,5.908312787246985e-05,7.65187500367878e-05
murders,12,7,5,0.00038124285169653085,0.00028393119920153793,0.0001964862978263494,0.00020244541870664064,0.0001548063938549276,0.00014715144237843818
music,9,5,6,0.00038124285169653085,0.00039750367888215276,0.00034828297622547605,0.00017254196516952429,0.0004056152820834941,0.00011183509620761298
muslims,5,7,7,0.00038124285169653085,0.00028393119920153793,0.0001964862978263494,0.00010945978702192117,0.0001548063938549276,6.47466346465128e-05
must,27,4,4,0.00038124285169653085,0.0004968795986026909,0.0005090965792197441,0.00040610649755635955,0.0006565639252378155,0.0003237331732325643
mutual,5,6,7,0.00038124285169653085,0.0003312530657351272,0.00025540261425089115,0.00011850839613794607,0.00025058299844920657,6.47466346465128e-05
my,193,2,2,0.00038124285169653085,0.0009937591972053819,0.0016554907232327733,0.0020600976577472676,0.0017202930389990817,0.0022779043280182227
myanmar,8,7,7,0.00038124285169653085,0.00028393119920153793,0.0001964862978263494,0.00010945978702192117,0.0001548063938549276,0.00010006298081733804
myself,5,6,6,0.00038124285169653085,0.0003312530657351272,0.00025540261425089115,0.00015707113439413758,0.00025058299844920657,6.47466346465128e-05
n,10,1,2,0.00038124285169653085,0.0019875183944107638,0.0053833587703735275,0.002944383400722856,0.0027846148804916812,0.000123607211597888
name,64,4,3,0.00038124285169653085,0.0004968795986026909,0.0005090965792197441,0.0006870197387222442,0.0006565639252378155,0.0007593014426727414
named,11,5,4,0.00038124285169653085,0.00039750367888215276,0.00034828297622547605,0.0003619985085280506,0.0004056152820834941,0.0001353793269881631
names,10,5,4,0.00038124285169653085,0.00039750367888215276,0.00034828297622547605,0.0003619985085280506,0.0004056152820834941,0.000123607211597888
nasa,38,4,4,0.00038124285169653085,0.0004968795986026909,0.0005090965792197441,0.00040610649755635955,0.0006565639252378155,0.0004532264425255896
nation,15,6,5,0.00038124285169653085,0.0003312530657351272,0.00025540261425089115,0.0002191807834560667,0.00025058299844920657,0.00018246778854926347
national,58,8,7,0.00038124285169653085,0.00024843979930134564,0.00015655740218654355,0.00010218192614137219,9.563705329842936e-05,0.0006886687503310907
nations,15,7,6,0.00038124285169653085,0.00028393119920153793,0.0001964862978263494,0.00014507809976654283,0.0001548063938549276,0.00018246778854926347
nato,6,4,4,0.00038124285169653085,0.0004968795986026909,0.0005090965792197441,0.00040610649755635955,0.0006565639252378155,7.65187500367878e-05
natural,25,7,6,0.00038124285169653085,0.00028393119920153793,0.0001964862978263494,0.00014507809976654283,0.0001548063938549276,0.00030018894245201395
nature,9,6,4,0.00038124285169653085,0.0003312530657351272,0.00025540261425089115,0.00032954021549262946,0.00025058299844920657,0.00011183509620761298
naval,8,5,5,0.00038124285169653085,0.00039750367888215276,0.00034828297622547605,0.00024076914737248623,0.0004056152820834941,0.00010006298081733804
navy,7,4,4,0.00038124285169653085,0.0004968795986026909,0.0005090965792197441,0.00040610649755635955,0.0006565639252378155,8.829086542706294e-05
near,15,4,3,0.00038124285169653085,0.0004968795986026909,0.0005090965792197441,0.0006870197387222442,0.0006565639252378155,0.00018246778854926347
nearly,13,6,5,0.00038124285169653085,0.0003312530657351272,0.00025540261425089115,0.0002191807834560667,0.00025058299844920657,0.0001589235577687132
necessary,19,9,8,0.00038124285169653085,0.0002208353771567516,0.00012812990310436502,7.53417297328084e-05,5.908312787246985e-05,0.0002295562501103637
neck,6,4,3,0.00038124285169653085,0.0004968795986026909,0.0005090965792197441,0.0006870197387222442,0.0006565639252378155,7.65187500367878e-05
need,97,4,3,0.00038124285169653085,0.0004968795986026909,0.0005090965792197441,0.0006870197387222442,0.0006565639252378155,0.0011477812505518176
needed,14,6,5,0.00038124285169653085,0.0003312530657351272,0.00025540261425089115,0.0002191807834560667,0.00025058299844920657,0.00017069567315898835
needs,23,5,4,0.00038124285169653085,0.00039750367888215276,0.00034828297622547605,0.0003619985085280506,0.0004056152820834941,0.00027664471167146394
negotiated,8,10,10,0.00038124285169653085,0.00019875183944107635,0.00010710399599861124,4.74627573073367e-05,3.6500664531159836e-05,0.00010006298081733804
neighbours,7,10,5,0.00038124285169653085,0.00019875183944107635,0.00010710399599861124,0.00016845902488041943,3.6500664531159836e-05,8.829086542706294e-05
net,33,3,3,0.00038124285169653085,0.0006625061314702545,0.0008305234720487999,0.0007967906891717805,0.0010627710714187356,0.00039436586557421445
network,15,7,6,0.00038124285169653085,0.00028393119920153793,0.0001964862978263494,0.00014507809976654283,0.0001548063938549276,0.00018246778854926347
networks,6,8,7,0.00038124285169653085,0.00024843979930134564,0.00015655740218654355,0.00010218192614137219,9.563705329842936e-05,7.65187500367878e-05
never,37,5,4,0.00038124285169653085,0.00039750367888215276,0.00034828297622547605,0.0003619985085280506,0.0004056152820834941,0.0004414543271353147
new,176,3,2,0.00038124285169653085,0.0006625061314702545,0.0008305234720487999,0.0016716921057774523,0.0010627710714187356,0.0020777783663835482
newly,6,5,4,0.00038124285169653085,0.00039750367888215276,0.00034828297622547605,0.0003619985085280506,0.0004056152820834941,7.65187500367878e-05
news,39,4,3,0.00038124285169653085,0.0004968795986026909,0.0005090965792197441,0.0006870197387222442,0.0006565639252378155,0.00046499855791586454
newspaper,6,9,7,0.00038124285169653085,0.0002208353771567516,0.00012812990310436502,9.616512573912911e-05,5.908312787246985e-05,7.65187500367878e-05
next,60,4,5,0.00038124285169653085,0.0004968795986026909,0.0005090965792197441,0.00027010585086842897,0.0006565639252378155,0.0007122129811116409
nice,14,4,3,0.00038124285169653085,0.0004968795986026909,0.0005090965792197441,0.0006870197387222442,0.0006565639252378155,0.00017069567315898835
night,26,5,3,0.00038124285169653085,0.00039750367888215276,0.00034828297622547605,0.0006124012352505361,0.0004056152820834941,0.00031196105784228904
nine,10,4,3,0.00038124285169653085,0.0004968795986026909,0.0005090965792197441,0.0006870197387222442,0.0006565639252378155,0.000123607211597888
no,135,2,2,0.00038124285169653085,0.0009937591972053819,0.0016554907232327733,0.0020600976577472676,0.0017202930389990817,0.0015951216353822697
non,26,3,3,0.00038124285169653085,0.0006625061314702545,0.0008305234720487999,0.0007967906891717805,0.0010627710714187356,0.00031196105784228904
none,8,4,3,0.00038124285169653085,0.0004968795986026909,0.0005090965792197441,0.0006870197387222442,0.0006565639252378155,0.00010006298081733804
noon,6,4,3,0.00038124285169653085,0.0004968795986026909,0.0005090965792197441,0.0006870197387222442,0.0006565639252378155,7.65187500367878e-05
nor,9,3,3,0.00038124285169653085,0.0006625061314702545,0.0008305234720487999,0.0007967906891717805,0.0010627710714187356,0.00011183509620761298
north,23,5,4,0.00038124285169653085,0.00039750367888215276,0.00034828297622547605,0.0003619985085280506,0.0004056152820834941,0.00027664471167146394
northeastern,5,12,9,0.00038124285169653085,0.0001656265328675636,7.854142304403973e-05,5.23814826478995e-05,1.3930777510040114e-05,6.47466346465128e-05
northern,15,8,6,0.00038124285169653085,0.00024843979930134564,0.00015655740218654355,0.00013543201643637974,9.563705329842936e-05,0.00018246778854926347
not,454,3,3,0.00038124285169653085,0.0006625061314702545,0.0008305234720487999,0.0007967906891717805,0.0010627710714187356,0.005350426444880011
note,35,4,3,0.00038124285169653085,0.0004968795986026909,0.0005090965792197441,0.0006870197387222442,0.0006565639252378155,0.00041791009635476435
noted,8,5,5,0.00038124285169653085,0.00039750367888215276,0.00034828297622547605,0.00024076914737248623,0.0004056152820834941,0.00010006298081733804
notes,5,5,4,0.00038124285169653085,0.00039750367888215276,0.00034828297622547605,0.0003619985085280506,0.0004056152820834941,6.47466346465128e-05
nothing,29,7,5,0.00038124285169653085,0.00028393119920153793,0.0001964862978263494,0.00020244541870664064,0.0001548063938549276,0.00034727740401311414
notice,26,6,5,0.00038124285169653085,0.0003312530657351272,0.00025540261425089115,0.0002191807834560667,0.00025058299844920657,0.00031196105784228904
notification,5,12,11,0.00038124285169653085,0.0001656265328675636,7.854142304403973e-05,3.630013456419744e-05,1.3930777510040114e-05,6.47466346465128e-05
notified,5,8,7,0.00038124285169653085,0.00024843979930134564,0.00015655740218654355,0.00010218192614137219,9.563705329842936e-05,6.47466346465128e-05
nov,7,3,3,0.00038124285169653085,0.0006625061314702545,0.0008305234720487999,0.0007967906891717805,0.0010627710714187356,8.829086542706294e-05
november,15,8,7,0.00038124285169653085,0.00024843979930134564,0.00015655740218654355,0.00010218192614137219,9.563705329842936e-05,0.00018246778854926347
now,142,3,2,0.00038124285169653085,0.0006625061314702545,0.0008305234720487999,0.0016716921057774523,0.0010627710714187356,0.0016775264431141952
nuclear,20,7,6,0.00038124285169653085,0.00028393119920153793,0.0001964862978263494,0.00014507809976654283,0.0001548063938549276,0.0002413283655006388
number,145,6,5,0.00038124285169653085,0.0003312530657351272,0.00025540261425089115,0.0002191807834560667,0.00025058299844920657,0.0017128427892850206
numbers,17,7,6,0.00038124285169653085,0.00028393119920153793,0.0001964862978263494,0.00014507809976654283,0.0001548063938549276,0.0002060120193298133
o,13,1,1,0.00038124285169653085,0.0019875183944107638,0.0053833587703735275,0.010450466527851598,0.0027846148804916812,0.0001589235577687132
obligation,6,10,9,0.00038124285169653085,0.00019875183944107635,0.00010710399599861124,5.7540833262736305e-05,3.6500664531159836e-05,7.65187500367878e-05
obtain,5,6,5,0.00038124285169653085,0.0003312530657351272,0.00025540261425089115,0.0002191807834560667,0.00025058299844920657,6.47466346465128e-05
occupation,9,10,9,0.00038124285169653085,0.00019875183944107635,0.00010710399599861124,5.7540833262736305e-05,3.6500664531159836e-05,0.00011183509620761298
occurred,8,8,4,0.00038124285169653085,0.00024843979930134564,0.00015655740218654355,0.0002841406605560981,9.563705329842936e-05,0.00010006298081733804
oct,21,3,3,0.00038124285169653085,0.0006625061314702545,0.0008305234720487999,0.0007967906891717805,0.0010627710714187356,0.0002531004808909135
october,16,7,6,0.00038124285169653085,0.00028393119920153793,0.0001964862978263494,0.00014507809976654283,0.0001548063938549276,0.00019423990393953826
of,2491,2,2,0.00038124285169653085,0.0009937591972053819,0.0016554907232327733,0.0020600976577472676,0.0017202930389990817,0.029330225494870302
off,55,3,2,0.00038124285169653085,0.0006625061314702545,0.0008305234720487999,0.0016716921057774523,0.0010627710714187356,0.0006533524041602659
offer,13,5,3,0.00038124285169653085,0.00039750367888215276,0.00034828297622547605,0.0006124012352505361,0.0004056152820834941,0.0001589235577687132
offered,7,7,4,0.00038124285169653085,0.00028393119920153793,0.0001964862978263494,0.00030437844894123353,0.0001548063938549276,8.829086542706294e-05
office,57,6,4,0.00038124285169653085,0.0003312530657351272,0.00025540261425089115,0.00032954021549262946,0.00025058299844920657,0.0006768966349408156
officer,8,7,5,0.00038124285169653085,0.00028393119920153793,0.0001964862978263494,0.00020244541870664064,0.0001548063938549276,0.00010006298081733804
officers,11,8,6,0.00038124285169653085,0.00024843979930134564,0.00015655740218654355,0.00013543201643637974,9.563705329842936e-05,0.0001353793269881631
offices,10,7,6,0.00038124285169653085,0.00028393119920153793,0.0001964862978263494,0.00014507809976654283,0.0001548063938549276,0.000123607211597888
official,18,8,6,0.00038124285169653085,0.00024843979930134564,0.00015655740218654355,0.00013543201643637974,9.563705329842936e-05,0.00021778413472008836
officials,30,9,7,0.00038124285169653085,0.0002208353771567516,0.00012812990310436502,9.616512573912911e-05,5.908312787246985e-05,0.0003590495194033891
often,7,5,4,0.00038124285169653085,0.00039750367888215276,0.00034828297622547605,0.0003619985085280506,0.0004056152820834941,8.829086542706294e-05
oh,5,2,1,0.00038124285169653085,0.0009937591972053819,0.0016554907232327733,0.007311881194245241,0.0017202930389990817,6.47466346465128e-05
oil,45,3,2,0.00038124285169653085,0.0006625061314702545,0.0008305234720487999,0.0016716921057774523,0.0010627710714187356,0.0005356312502575152
ok,26,2,3,0.00038124285169653085,0.0009937591972053819,0.0016554907232327733,0.0009819192342923834,0.0017202930389990817,0.00031196105784228904
old,35,3,3,0.00038124285169653085,0.0006625061314702545,0.0008305234720487999,0.0007967906891717805,0.0010627710714187356,0.00041791009635476435
older,5,5,4,0.00038124285169653085,0.00039750367888215276,0.00034828297622547605,0.0003619985085280506,0.0004056152820834941,6.47466346465128e-05
on,745,2,2,0.00038124285169653085,0.0009937591972053819,0.0016554907232327733,0.0020600976577472676,0.0017202930389990817,0.008776112023450055
once,27,4,4,0.00038124285169653085,0.0004968795986026909,0.0005090965792197441,0.00040610649755635955,0.0006565639252378155,0.0003237331732325643
one,238,3,3,0.00038124285169653085,0.0006625061314702545,0.0008305234720487999,0.0007967906891717805,0.0010627710714187356,0.002807649520580601
ones,15,4,4,0.00038124285169653085,0.0004968795986026909,0.0005090965792197441,0.00040610649755635955,0.0006565639252378155,0.00018246778854926347
ongoing,7,7,6,0.00038124285169653085,0.00028393119920153793,0.0001964862978263494,0.00014507809976654283,0.0001548063938549276,8.829086542706294e-05
online,13,6,5,0.00038124285169653085,0.0003312530657351272,0.00025540261425089115,0.0002191807834560667,0.00025058299844920657,0.0001589235577687132
only,119,4,4,0.00038124285169653085,0.0004968795986026909,0.0005090965792197441,0.00040610649755635955,0.0006565639252378155,0.0014067677891378692
open,21,4,4,0.00038124285169653085,0.0004968795986026909,0.0005090965792197441,0.00040610649755635955,0.0006565639252378155,0.0002531004808909135
operate,6,7,5,0.00038124285169653085,0.00028393119920153793,0.0001964862978263494,0.00020244541870664064,0.0001548063938549276,7.65187500367878e-05
operating,14,9,7,0.00038124285169653085,0.0002208353771567516,0.00012812990310436502,9.616512573912911e-05,5.908312787246985e-05,0.00017069567315898835
operation,5,9,7,0.00038124285169653085,0.0002208353771567516,0.00012812990310436502,9.616512573912911e-05,5.908312787246985e-05,6.47466346465128e-05
operations,17,10,8,0.00038124285169653085,0.00019875183944107635,0.00010710399599861124,7.13606686877693e-05,3.6500664531159836e-05,0.0002060120193298133
operative,6,9,7,0.00038124285169653085,0.0002208353771567516,0.00012812990310436502,9.616512573912911e-05,5.908312787246985e-05,7.65187500367878e-05
opinion,9,7,7,0.00038124285169653085,0.00028393119920153793,0.0001964862978263494,0.00010945978702192117,0.0001548063938549276,0.00011183509620761298
opportunities,6,13,10,0.00038124285169653085,0.00015288603033928946,6.854248002491098e-05,4.1461339771168234e-05,8.606224058579877e-06,7.65187500367878e-05
opportunity,12,11,9,0.00038124285169653085,0.00018068349040097835,9.10723338548153e-05,5.478333276833534e-05,2.2549559564483765e-05,0.00014715144237843818
oppose,7,6,4,0.00038124285169653085,0.0003312530657351272,0.00025540261425089115,0.00032954021549262946,0.00025058299844920657,8.829086542706294e-05
opposed,6,7,5,0.00038124285169653085,0.00028393119920153793,0.0001964862978263494,0.00020244541870664064,0.0001548063938549276,7.65187500367878e-05
option,18,6,5,0.00038124285169653085,0.0003312530657351272,0.00025540261425089115,0.0002191807834560667,0.00025058299844920657,0.00021778413472008836
options,12,7,6,0.00038124285169653085,0.00028393119920153793,0.0001964862978263494,0.00014507809976654283,0.0001548063938549276,0.00014715144237843818
or,373,2,2,0.00038124285169653085,0.0009937591972053819,0.0016554907232327733,0.0020600976577472676,0.0017202930389990817,0.004396885098267732
order,39,5,4,0.00038124285169653085,0.00039750367888215276,0.00034828297622547605,0.0003619985085280506,0.0004056152820834941,0.00046499855791586454
orders,16,6,5,0.00038124285169653085,0.0003312530657351272,0.00025540261425089115,0.0002191807834560667,0.00025058299844920657,0.00019423990393953826
org,21,3,3,0.00038124285169653085,0.0006625061314702545,0.0008305234720487999,0.0007967906891717805,0.0010627710714187356,0.0002531004808909135
organization,12,12,11,0.00038124285169653085,0.0001656265328675636,7.854142304403973e-05,3.630013456419744e-05,1.3930777510040114e-05,0.00014715144237843818
organizations,7,13,12,0.00038124285169653085,0.00015288603033928946,6.854248002491098e-05,2.9712366059972322e-05,8.606224058579877e-06,8.829086542706294e-05
organized,6,9,8,0.00038124285169653085,0.0002208353771567516,0.00012812990310436502,7.53417297328084e-05,5.908312787246985e-05,7.65187500367878e-05
original,11,8,7,0.00038124285169653085,0.00024843979930134564,0.00015655740218654355,0.00010218192614137219,9.563705329842936e-05,0.0001353793269881631
originally,6,10,8,0.00038124285169653085,0.00019875183944107635,0.00010710399599861124,7.13606686877693e-05,3.6500664531159836e-05,7.65187500367878e-05
orleans,12,7,7,0.00038124285169653085,0.00028393119920153793,0.0001964862978263494,0.00010945978702192117,0.0001548063938549276,0.00014715144237843818
osama,7,5,5,0.00038124285169653085,0.00039750367888215276,0.00034828297622547605,0.00024076914737248623,0.0004056152820834941,8.829086542706294e-05
other,126,5,3,0.00038124285169653085,0.00039750367888215276,0.00034828297622547605,0.0006124012352505361,0.0004056152820834941,0.0014891725968697942
others,32,6,4,0.00038124285169653085,0.0003312530657351272,0.00025540261425089115,0.00032954021549262946,0.00025058299844920657,0.0003825937501839394
otherwise,15,9,6,0.00038124285169653085,0.0002208353771567516,0.00012812990310436502,0.0001274573437937484,5.908312787246985e-05,0.00018246778854926347
our,218,3,2,0.00038124285169653085,0.0006625061314702545,0.0008305234720487999,0.0016716921057774523,0.0010627710714187356,0.0025722072127751005
ourselves,6,9,7,0.00038124285169653085,0.0002208353771567516,0.00012812990310436502,9.616512573912911e-05,5.908312787246985e-05,7.65187500367878e-05
out,178,3,2,0.00038124285169653085,0.0006625061314702545,0.0008305234720487999,0.0016716921057774523,0.0010627710714187356,0.0021013225971640978
outer,8,5,3,0.00038124285169653085,0.00039750367888215276,0.00034828297622547605,0.0006124012352505361,0.0004056152820834941,0.00010006298081733804
outside,16,7,5,0.00038124285169653085,0.00028393119920153793,0.0001964862978263494,0.00020244541870664064,0.0001548063938549276,0.00019423990393953826
over,113,4,3,0.00038124285169653085,0.0004968795986026909,0.0005090965792197441,0.0006870197387222442,0.0006565639252378155,0.0013361350967962188
overall,7,7,5,0.00038124285169653085,0.00028393119920153793,0.0001964862978263494,0.00020244541870664064,0.0001548063938549276,8.829086542706294e-05
overview,5,8,6,0.00038124285169653085,0.00024843979930134564,0.00015655740218654355,0.00013543201643637974,9.563705329842936e-05,6.47466346465128e-05
overwhelming,5,12,9,0.00038124285169653085,0.0001656265328675636,7.854142304403973e-05,5.23814826478995e-05,1.3930777510040114e-05,6.47466346465128e-05
own,58,3,2,0.00038124285169653085,0.0006625061314702545,0.0008305234720487999,0.0016716921057774523,0.0010627710714187356,0.0006886687503310907
owned,7,5,3,0.00038124285169653085,0.00039750367888215276,0.00034828297622547605,0.0006124012352505361,0.0004056152820834941,8.829086542706294e-05
p,34,1,2,0.00038124285169653085,0.0019875183944107638,0.0053833587703735275,0.002944383400722856,0.0027846148804916812,0.0004061379809644894
package,5,7,5,0.00038124285169653085,0.00028393119920153793,0.0001964862978263494,0.00020244541870664064,0.0001548063938549276,6.47466346465128e-05
page,16,4,3,0.00038124285169653085,0.0004968795986026909,0.0005090965792197441,0.0006870197387222442,0.0006565639252378155,0.00019423990393953826
pages,9,5,5,0.00038124285169653085,0.00039750367888215276,0.00034828297622547605,0.00024076914737248623,0.0004056152820834941,0.00011183509620761298
paid,6,4,3,0.00038124285169653085,0.0004968795986026909,0.0005090965792197441,0.0006870197387222442,0.0006565639252378155,7.65187500367878e-05
painewebber,14,11,7,0.00038124285169653085,0.00018068349040097835,9.10723338548153e-05,8.671879420474386e-05,2.2549559564483765e-05,0.00017069567315898835
pakistan,46,8,8,0.00038124285169653085,0.00024843979930134564,0.00015655740218654355,8.005566470952506e-05,9.563705329842936e-05,0.0005474033656477901
pakistan's,5,9,9,0.00038124285169653085,0.0002208353771567516,0.00012812990310436502,6.0750914866702875e-05,5.908312787246985e-05,6.47466346465128e-05
pakistani,21,9,9,0.00038124285169653085,0.0002208353771567516,0.00012812990310436502,6.0750914866702875e-05,5.908312787246985e-05,0.0002531004808909135
palace,5,6,5,0.00038124285169653085,0.0003312530657351272,0.00025540261425089115,0.0002191807834560667,0.00025058299844920657,6.47466346465128e-05
palestinian,10,11,11,0.00038124285169653085,0.00018068349040097835,9.10723338548153e-05,3.7964606017991693e-05,2.2549559564483765e-05,0.000123607211597888
palestinians,8,12,12,0.00038124285169653085,0.0001656265328675636,7.854142304403973e-05,3.096339050536065e-05,1.3930777510040114e-05,0.00010006298081733804
panel,11,5,5,0.00038124285169653085,0.00039750367888215276,0.00034828297622547605,0.00024076914737248623,0.0004056152820834941,0.0001353793269881631
paper,16,5,4,0.00038124285169653085,0.00039750367888215276,0.00034828297622547605,0.0003619985085280506,0.0004056152820834941,0.00019423990393953826
papers,5,6,5,0.00038124285169653085,0.0003312530657351272,0.00025540261425089115,0.0002191807834560667,0.00025058299844920657,6.47466346465128e-05
para,5,4,4,0.00038124285169653085,0.0004968795986026909,0.0005090965792197441,0.00040610649755635955,0.0006565639252378155,6.47466346465128e-05
parent,7,6,6,0.00038124285169653085,0.0003312530657351272,0.00025540261425089115,0.00015707113439413758,0.00025058299844920657,8.829086542706294e-05
parenteau,6,9,7,0.00038124285169653085,0.0002208353771567516,0.00012812990310436502,9.616512573912911e-05,5.908312787246985e-05,7.65187500367878e-05
parents,13,7,7,0.00038124285169653085,0.00028393119920153793,0.0001964862978263494,0.00010945978702192117,0.0001548063938549276,0.0001589235577687132
paris,8,5,5,0.00038124285169653085,0.00039750367888215276,0.00034828297622547605,0.00024076914737248623,0.0004056152820834941,0.00010006298081733804
park,5,4,4,0.00038124285169653085,0.0004968795986026909,0.0005090965792197441,0.00040610649755635955,0.0006565639252378155,6.47466346465128e-05
part,38,4,4,0.00038124285169653085,0.0004968795986026909,0.0005090965792197441,0.00040610649755635955,0.0006565639252378155,0.0004532264425255896
participants,7,12,12,0.00038124285169653085,0.0001656265328675636,7.854142304403973e-05,3.096339050536065e-05,1.3930777510040114e-05,8.829086542706294e-05
participate,10,11,10,0.00038124285169653085,0.00018068349040097835,9.10723338548153e-05,4.518822339255976e-05,2.2549559564483765e-05,0.000123607211597888
participation,6,13,12,0.00038124285169653085,0.00015288603033928946,6.854248002491098e-05,2.9712366059972322e-05,8.606224058579877e-06,7.65187500367878e-05
particular,13,10,9,0.00038124285169653085,0.00019875183944107635,0.00010710399599861124,5.7540833262736305e-05,3.6500664531159836e-05,0.0001589235577687132
particularly,8,12,12,0.00038124285169653085,0.0001656265328675636,7.854142304403973e-05,3.096339050536065e-05,1.3930777510040114e-05,0.00010006298081733804
parties,11,7,6,0.00038124285169653085,0.00028393119920153793,0.0001964862978263494,0.00014507809976654283,0.0001548063938549276,0.0001353793269881631
partners,5,8,7,0.00038124285169653085,0.00024843979930134564,0.00015655740218654355,0.00010218192614137219,9.563705329842936e-05,6.47466346465128e-05
parts,9,5,5,0.00038124285169653085,0.00039750367888215276,0.00034828297622547605,0.00024076914737248623,0.0004056152820834941,0.00011183509620761298
party,24,5,5,0.00038124285169653085,0.00039750367888215276,0.00034828297622547605,0.00024076914737248623,0.0004056152820834941,0.00028841682706173886
pass,11,4,3,0.00038124285169653085,0.0004968795986026909,0.0005090965792197441,0.0006870197387222442,0.0006565639252378155,0.0001353793269881631
passed,6,6,4,0.00038124285169653085,0.0003312530657351272,0.00025540261425089115,0.00032954021549262946,0.00025058299844920657,7.65187500367878e-05
passing,5,7,5,0.00038124285169653085,0.00028393119920153793,0.0001964862978263494,0.00020244541870664064,0.0001548063938549276,6.47466346465128e-05
password,9,8,6,0.00038124285169653085,0.00024843979930134564,0.00015655740218654355,0.00013543201643637974,9.563705329842936e-05,0.00011183509620761298
past,18,4,4,0.00038124285169653085,0.0004968795986026909,0.0005090965792197441,0.00040610649755635955,0.0006565639252378155,0.00021778413472008836
paste,5,5,4,0.00038124285169653085,0.00039750367888215276,0.00034828297622547605,0.0003619985085280506,0.0004056152820834941,6.47466346465128e-05
path,7,4,3,0.00038124285169653085,0.0004968795986026909,0.0005090965792197441,0.0006870197387222442,0.0006565639252378155,8.829086542706294e-05
patty,5,5,4,0.00038124285169653085,0.00039750367888215276,0.00034828297622547605,0.0003619985085280506,0.0004056152820834941,6.47466346465128e-05
paul,32,4,3,0.00038124285169653085,0.0004968795986026909,0.0005090965792197441,0.0006870197387222442,0.0006565639252378155,0.0003825937501839394
paula,6,5,4,0.00038124285169653085,0.00039750367888215276,0.00034828297622547605,0.0003619985085280506,0.0004056152820834941,7.65187500367878e-05
paulo,9,5,4,0.00038124285169653085,0.00039750367888215276,0.00034828297622547605,0.0003619985085280506,0.0004056152820834941,0.00011183509620761298
pay,19,3,2,0.00038124285169653085,0.0006625061314702545,0.0008305234720487999,0.0016716921057774523,0.0010627710714187356,0.0002295562501103637
payment,17,7,6,0.00038124285169653085,0.00028393119920153793,0.0001964862978263494,0.00014507809976654283,0.0001548063938549276,0.0002060120193298133
peace,37,5,3,0.00038124285169653085,0.00039750367888215276,0.00034828297622547605,0.0006124012352505361,0.0004056152820834941,0.0004414543271353147
peninsula,5,9,9,0.00038124285169653085,0.0002208353771567516,0.00012812990310436502,6.0750914866702875e-05,5.908312787246985e-05,6.47466346465128e-05
people,126,6,5,0.00038124285169653085,0.0003312530657351272,0.00025540261425089115,0.0002191807834560667,0.00025058299844920657,0.0014891725968697942
peoples,9,7,6,0.00038124285169653085,0.00028393119920153793,0.0001964862978263494,0.00014507809976654283,0.0001548063938549276,0.00011183509620761298
per,51,3,2,0.00038124285169653085,0.0006625061314702545,0.0008305234720487999,0.0016716921057774523,0.0010627710714187356,0.0006062639425991653
percell,7,7,5,0.00038124285169653085,0.00028393119920153793,0.0001964862978263494,0.00020244541870664064,0.0001548063938549276,8.829086542706294e-05
percent,5,7,6,0.00038124285169653085,0.00028393119920153793,0.0001964862978263494,0.00014507809976654283,0.0001548063938549276,6.47466346465128e-05
percentage,59,10,8,0.00038124285169653085,0.00019875183944107635,0.00010710399599861124,7.13606686877693e-05,3.6500664531159836e-05,0.0007004408657213658
perez,7,5,5,0.00038124285169653085,0.00039750367888215276,0.00034828297622547605,0.00024076914737248623,0.0004056152820834941,8.829086542706294e-05
perfect,5,7,6,0.00038124285169653085,0.00028393119920153793,0.0001964862978263494,0.00014507809976654283,0.0001548063938549276,6.47466346465128e-05
performance,6,11,9,0.00038124285169653085,0.00018068349040097835,9.10723338548153e-05,5.478333276833534e-05,2.2549559564483765e-05,7.65187500367878e-05
perhaps,22,7,6,0.00038124285169653085,0.00028393119920153793,0.0001964862978263494,0.00014507809976654283,0.0001548063938549276,0.00026487259628118863
period,27,6,6,0.00038124285169653085,0.0003312530657351272,0.00025540261425089115,0.00015707113439413758,0.00025058299844920657,0.0003237331732325643
periods,5,7,7,0.00038124285169653085,0.00028393119920153793,0.0001964862978263494,0.00010945978702192117,0.0001548063938549276,6.47466346465128e-05
permanent,5,9,8,0.00038124285169653085,0.0002208353771567516,0.00012812990310436502,7.53417297328084e-05,5.908312787246985e-05,6.47466346465128e-05
permit,5,6,5,0.00038124285169653085,0.0003312530657351272,0.00025540261425089115,0.0002191807834560667,0.00025058299844920657,6.47466346465128e-05
persian,6,7,5,0.00038124285169653085,0.00028393119920153793,0.0001964862978263494,0.00020244541870664064,0.0001548063938549276,7.65187500367878e-05
person,34,6,5,0.00038124285169653085,0.0003312530657351272,0.00025540261425089115,0.0002191807834560667,0.00025058299844920657,0.0004061379809644894
personal,18,8,7,0.00038124285169653085,0.00024843979930134564,0.00015655740218654355,0.00010218192614137219,9.563705329842936e-05,0.00021778413472008836
personally,8,10,8,0.00038124285169653085,0.00019875183944107635,0.00010710399599861124,7.13606686877693e-05,3.6500664531159836e-05,0.00010006298081733804
peter,12,5,4,0.00038124285169653085,0.00039750367888215276,0.00034828297622547605,0.0003619985085280506,0.0004056152820834941,0.00014715144237843818
petroleum,10,9,9,0.00038124285169653085,0.0002208353771567516,0.00012812990310436502,6.0750914866702875e-05,5.908312787246985e-05,0.000123607211597888
pew,7,3,3,0.00038124285169653085,0.0006625061314702545,0.0008305234720487999,0.0007967906891717805,0.0010627710714187356,8.829086542706294e-05
phase,6,5,3,0.00038124285169653085,0.00039750367888215276,0.00034828297622547605,0.0006124012352505361,0.0004056152820834941,7.65187500367878e-05
philip,5,6,5,0.00038124285169653085,0.0003312530657351272,0.00025540261425089115,0.0002191807834560667,0.00025058299844920657,6.47466346465128e-05
philippines,5,11,8,0.00038124285169653085,0.00018068349040097835,9.10723338548153e-05,6.794088715125928e-05,2.2549559564483765e-05,6.47466346465128e-05
phone,45,5,3,0.00038124285169653085,0.00039750367888215276,0.00034828297622547605,0.0006124012352505361,0.0004056152820834941,0.0005356312502575152
physical,8,8,7,0.00038124285169653085,0.00024843979930134564,0.00015655740218654355,0.00010218192614137219,9.563705329842936e-05,0.00010006298081733804
pick,8,4,3,0.00038124285169653085,0.0004968795986026909,0.0005090965792197441,0.0006870197387222442,0.0006565639252378155,0.00010006298081733804
picture,12,7,5,0.00038124285169653085,0.00028393119920153793,0.0001964862978263494,0.00020244541870664064,0.0001548063938549276,0.00014715144237843818
piece,12,5,3,0.00038124285169653085,0.00039750367888215276,0.00034828297622547605,0.0006124012352505361,0.0004056152820834941,0.00014715144237843818
pilot,15,5,5,0.00038124285169653085,0.00039750367888215276,0.00034828297622547605,0.00024076914737248623,0.0004056152820834941,0.00018246778854926347
pipeline,12,8,6,0.00038124285169653085,0.00024843979930134564,0.00015655740218654355,0.00013543201643637974,9.563705329842936e-05,0.00014715144237843818
place,42,5,4,0.00038124285169653085,0.00039750367888215276,0.00034828297622547605,0.0003619985085280506,0.0004056152820834941,0.0005003149040866898
places,6,6,6,0.00038124285169653085,0.0003312530657351272,0.00025540261425089115,0.00015707113439413758,0.00025058299844920657,7.65187500367878e-05
plan,34,4,4,0.00038124285169653085,0.0004968795986026909,0.0005090965792197441,0.00040610649755635955,0.0006565639252378155,0.0004061379809644894
planes,5,6,5,0.00038124285169653085,0.0003312530657351272,0.00025540261425089115,0.0002191807834560667,0.00025058299844920657,6.47466346465128e-05
planet,10,6,6,0.00038124285169653085,0.0003312530657351272,0.00025540261425089115,0.00015707113439413758,0.00025058299844920657,0.000123607211597888
planned,7,7,5,0.00038124285169653085,0.00028393119920153793,0.0001964862978263494,0.00020244541870664064,0.0001548063938549276,8.829086542706294e-05
planning,18,8,6,0.00038124285169653085,0.00024843979930134564,0.00015655740218654355,0.00013543201643637974,9.563705329842936e-05,0.00021778413472008836
plans,17,5,5,0.00038124285169653085,0.00039750367888215276,0.00034828297622547605,0.00024076914737248623,0.0004056152820834941,0.0002060120193298133
plant,5,5,5,0.00038124285169653085,0.00039750367888215276,0.00034828297622547605,0.00024076914737248623,0.0004056152820834941,6.47466346465128e-05
plants,11,6,6,0.00038124285169653085,0.0003312530657351272,0.00025540261425089115,0.00015707113439413758,0.00025058299844920657,0.0001353793269881631
play,18,4,3,0.00038124285169653085,0.0004968795986026909,0.0005090965792197441,0.0006870197387222442,0.0006565639252378155,0.00021778413472008836
played,5,6,4,0.00038124285169653085,0.0003312530657351272,0.00025540261425089115,0.00032954021549262946,0.00025058299844920657,6.47466346465128e-05
player,6,6,4,0.00038124285169653085,0.0003312530657351272,0.00025540261425089115,0.00032954021549262946,0.00025058299844920657,7.65187500367878e-05
playing,10,7,5,0.00038124285169653085,0.00028393119920153793,0.0001964862978263494,0.00020244541870664064,0.0001548063938549276,0.000123607211597888
please,228,6,4,0.00038124285169653085,0.0003312530657351272,0.00025540261425089115,0.00032954021549262946,0.00025058299844920657,0.0026899283666778503
plot,6,4,4,0.00038124285169653085,0.0004968795986026909,0.0005090965792197441,0.00040610649755635955,0.0006565639252378155,7.65187500367878e-05
plus,9,4,4,0.00038124285169653085,0.0004968795986026909,0.0005090965792197441,0.00040610649755635955,0.0006565639252378155,0.00011183509620761298
pm,132,2,4,0.00038124285169653085,0.0009937591972053819,0.0016554907232327733,0.0005804255083898234,0.0017202930389990817,0.0015598052892114441
point,42,5,4,0.00038124285169653085,0.00039750367888215276,0.00034828297622547605,0.0003619985085280506,0.0004056152820834941,0.0005003149040866898
points,27,6,5,0.00038124285169653085,0.0003312530657351272,0.00025540261425089115,0.0002191807834560667,0.00025058299844920657,0.0003237331732325643
polar,8,5,4,0.00038124285169653085,0.00039750367888215276,0.00034828297622547605,0.0003619985085280506,0.0004056152820834941,0.00010006298081733804
police,13,6,5,0.00038124285169653085,0.0003312530657351272,0.00025540261425089115,0.0002191807834560667,0.00025058299844920657,0.0001589235577687132
policy,22,6,6,0.00038124285169653085,0.0003312530657351272,0.00025540261425089115,0.00015707113439413758,0.00025058299844920657,0.00026487259628118863
political,33,9,9,0.00038124285169653085,0.0002208353771567516,0.00012812990310436502,6.0750914866702875e-05,5.908312787246985e-05,0.00039436586557421445
politics,9,8,8,0.00038124285169653085,0.00024843979930134564,0.00015655740218654355,8.005566470952506e-05,9.563705329842936e-05,0.00011183509620761298
pool,5,4,3,0.00038124285169653085,0.0004968795986026909,0.0005090965792197441,0.0006870197387222442,0.0006565639252378155,6.47466346465128e-05
poor,10,4,3,0.00038124285169653085,0.0004968795986026909,0.0005090965792197441,0.0006870197387222442,0.0006565639252378155,0.000123607211597888
popular,10,7,7,0.00038124285169653085,0.00028393119920153793,0.0001964862978263494,0.00010945978702192117,0.0001548063938549276,0.000123607211597888
populated,5,9,10,0.00038124285169653085,0.0002208353771567516,0.00012812990310436502,5.011060433120801e-05,5.908312787246985e-05,6.47466346465128e-05
population,18,10,10,0.00038124285169653085,0.00019875183944107635,0.00010710399599861124,4.74627573073367e-05,3.6500664531159836e-05,0.00021778413472008836
port,11,4,4,0.00038124285169653085,0.0004968795986026909,0.0005090965792197441,0.00040610649755635955,0.0006565639252378155,0.0001353793269881631
portion,7,7,6,0.00038124285169653085,0.00028393119920153793,0.0001964862978263494,0.00014507809976654283,0.0001548063938549276,8.829086542706294e-05
portland,5,8,8,0.00038124285169653085,0.00024843979930134564,0.00015655740218654355,8.005566470952506e-05,9.563705329842936e-05,6.47466346465128e-05
posada,12,6,6,0.00038124285169653085,0.0003312530657351272,0.00025540261425089115,0.00015707113439413758,0.00025058299844920657,0.00014715144237843818
posed,6,5,4,0.00038124285169653085,0.00039750367888215276,0.00034828297622547605,0.0003619985085280506,0.0004056152820834941,7.65187500367878e-05
position,31,8,7,0.00038124285169653085,0.00024843979930134564,0.00015655740218654355,0.00010218192614137219,9.563705329842936e-05,0.00037082163479366443
positions,10,9,8,0.00038124285169653085,0.0002208353771567516,0.00012812990310436502,7.53417297328084e-05,5.908312787246985e-05,0.000123607211597888
positive,5,8,7,0.00038124285169653085,0.00024843979930134564,0.00015655740218654355,0.00010218192614137219,9.563705329842936e-05,6.47466346465128e-05
possible,37,8,7,0.00038124285169653085,0.00024843979930134564,0.00015655740218654355,0.00010218192614137219,9.563705329842936e-05,0.0004414543271353147
possibly,7,8,7,0.00038124285169653085,0.00024843979930134564,0.00015655740218654355,0.00010218192614137219,9.563705329842936e-05,8.829086542706294e-05
post,29,4,4,0.00038124285169653085,0.0004968795986026909,0.0005090965792197441,0.00040610649755635955,0.0006565639252378155,0.00034727740401311414
posted,12,6,6,0.00038124285169653085,0.0003312530657351272,0.00025540261425089115,0.00015707113439413758,0.00025058299844920657,0.00014715144237843818
posting,5,7,6,0.00038124285169653085,0.00028393119920153793,0.0001964862978263494,0.00014507809976654283,0.0001548063938549276,6.47466346465128e-05
potential,8,9,8,0.00038124285169653085,0.0002208353771567516,0.00012812990310436502,7.53417297328084e-05,5.908312787246985e-05,0.00010006298081733804
poverty,9,7,6,0.00038124285169653085,0.00028393119920153793,0.0001964862978263494,0.00014507809976654283,0.0001548063938549276,0.00011183509620761298
powell,5,6,4,0.00038124285169653085,0.0003312530657351272,0.00025540261425089115,0.00032954021549262946,0.00025058299844920657,6.47466346465128e-05
power,68,5,3,0.00038124285169653085,0.00039750367888215276,0.00034828297622547605,0.0006124012352505361,0.0004056152820834941,0.0008063899042338411
powerful,8,8,6,0.00038124285169653085,0.00024843979930134564,0.00015655740218654355,0.00013543201643637974,9.563705329842936e-05,0.00010006298081733804
practice,5,8,7,0.00038124285169653085,0.00024843979930134564,0.00015655740218654355,0.00010218192614137219,9.563705329842936e-05,6.47466346465128e-05
pre,9,3,3,0.00038124285169653085,0.0006625061314702545,0.0008305234720487999,0.0007967906891717805,0.0010627710714187356,0.00011183509620761298
prefer,7,6,5,0.00038124285169653085,0.0003312530657351272,0.00025540261425089115,0.0002191807834560667,0.00025058299844920657,8.829086542706294e-05
premium,7,7,7,0.00038124285169653085,0.00028393119920153793,0.0001964862978263494,0.00010945978702192117,0.0001548063938549276,8.829086542706294e-05
prepare,7,7,6,0.00038124285169653085,0.00028393119920153793,0.0001964862978263494,0.00014507809976654283,0.0001548063938549276,8.829086542706294e-05
prepared,5,8,7,0.00038124285169653085,0.00024843979930134564,0.00015655740218654355,0.00010218192614137219,9.563705329842936e-05,6.47466346465128e-05
presence,9,8,7,0.00038124285169653085,0.00024843979930134564,0.00015655740218654355,0.00010218192614137219,9.563705329842936e-05,0.00011183509620761298
present,14,7,7,0.00038124285169653085,0.00028393119920153793,0.0001964862978263494,0.00010945978702192117,0.0001548063938549276,0.00017069567315898835
presentation,11,12,11,0.00038124285169653085,0.0001656265328675636,7.854142304403973e-05,3.630013456419744e-05,1.3930777510040114e-05,0.0001353793269881631
president,71,9,9,0.00038124285169653085,0.0002208353771567516,0.00012812990310436502,6.0750914866702875e-05,5.908312787246985e-05,0.0008417062504046667
presidential,7,12,11,0.00038124285169653085,0.0001656265328675636,7.854142304403973e-05,3.630013456419744e-05,1.3930777510040114e-05,8.829086542706294e-05
press,26,5,4,0.00038124285169653085,0.00039750367888215276,0.00034828297622547605,0.0003619985085280506,0.0004056152820834941,0.00031196105784228904
pressure,10,8,5,0.00038124285169653085,0.00024843979930134564,0.00015655740218654355,0.0001889850454194499,9.563705329842936e-05,0.000123607211597888
pretty,19,6,5,0.00038124285169653085,0.0003312530657351272,0.00025540261425089115,0.0002191807834560667,0.00025058299844920657,0.0002295562501103637
prevent,5,7,7,0.00038124285169653085,0.00028393119920153793,0.0001964862978263494,0.00010945978702192117,0.0001548063938549276,6.47466346465128e-05
previous,5,8,7,0.00038124285169653085,0.00024843979930134564,0.00015655740218654355,0.00010218192614137219,9.563705329842936e-05,6.47466346465128e-05
price,51,5,4,0.00038124285169653085,0.00039750367888215276,0.00034828297622547605,0.0003619985085280506,0.0004056152820834941,0.0006062639425991653
prices,10,6,6,0.00038124285169653085,0.0003312530657351272,0.00025540261425089115,0.00015707113439413758,0.00025058299844920657,0.000123607211597888
pricing,14,7,6,0.00038124285169653085,0.00028393119920153793,0.0001964862978263494,0.00014507809976654283,0.0001548063938549276,0.00017069567315898835
priest,5,6,5,0.00038124285169653085,0.0003312530657351272,0.00025540261425089115,0.0002191807834560667,0.00025058299844920657,6.47466346465128e-05
primarily,5,9,9,0.00038124285169653085,0.0002208353771567516,0.00012812990310436502,6.0750914866702875e-05,5.908312787246985e-05,6.47466346465128e-05
primary,5,7,7,0.00038124285169653085,0.00028393119920153793,0.0001964862978263494,0.00010945978702192117,0.0001548063938549276,6.47466346465128e-05
prime,9,5,4,0.00038124285169653085,0.00039750367888215276,0.00034828297622547605,0.0003619985085280506,0.0004056152820834941,0.00011183509620761298
print,10,5,5,0.00038124285169653085,0.00039750367888215276,0.00034828297622547605,0.00024076914737248623,0.0004056152820834941,0.000123607211597888
printed,6,7,7,0.00038124285169653085,0.00028393119920153793,0.0001964862978263494,0.00010945978702192117,0.0001548063938549276,7.65187500367878e-05
prior,16,5,4,0.00038124285169653085,0.00039750367888215276,0.00034828297622547605,0.0003619985085280506,0.0004056152820834941,0.00019423990393953826
private,6,7,6,0.00038124285169653085,0.00028393119920153793,0.0001964862978263494,0.00014507809976654283,0.0001548063938549276,7.65187500367878e-05
privileged,7,10,8,0.00038124285169653085,0.00019875183944107635,0.00010710399599861124,7.13606686877693e-05,3.6500664531159836e-05,8.829086542706294e-05
prize,5,5,4,0.00038124285169653085,0.00039750367888215276,0.00034828297622547605,0.0003619985085280506,0.0004056152820834941,6.47466346465128e-05
pro,6,3,3,0.00038124285169653085,0.0006625061314702545,0.0008305234720487999,0.0007967906891717805,0.0010627710714187356,7.65187500367878e-05
probably,30,8,8,0.00038124285169653085,0.00024843979930134564,0.00015655740218654355,8.005566470952506e-05,9.563705329842936e-05,0.0003590495194033891
problem,29,7,7,0.00038124285169653085,0.00028393119920153793,0.0001964862978263494,0.00010945978702192117,0.0001548063938549276,0.00034727740401311414
problems,22,8,8,0.00038124285169653085,0.00024843979930134564,0.00015655740218654355,8.005566470952506e-05,9.563705329842936e-05,0.00026487259628118863
procedure,7,9,7,0.00038124285169653085,0.0002208353771567516,0.00012812990310436502,9.616512573912911e-05,5.908312787246985e-05,8.829086542706294e-05
proceed,5,7,6,0.00038124285169653085,0.00028393119920153793,0.0001964862978263494,0.00014507809976654283,0.0001548063938549276,6.47466346465128e-05
process,36,7,6,0.00038124285169653085,0.00028393119920153793,0.0001964862978263494,0.00014507809976654283,0.0001548063938549276,0.0004296822117450397
produce,5,7,6,0.00038124285169653085,0.00028393119920153793,0.0001964862978263494,0.00014507809976654283,0.0001548063938549276,6.47466346465128e-05
producers,10,9,8,0.00038124285169653085,0.0002208353771567516,0.00012812990310436502,7.53417297328084e-05,5.908312787246985e-05,0.000123607211597888
product,19,7,7,0.00038124285169653085,0.00028393119920153793,0.0001964862978263494,0.00010945978702192117,0.0001548063938549276,0.0002295562501103637
production,11,10,9,0.00038124285169653085,0.00019875183944107635,0.00010710399599861124,5.7540833262736305e-05,3.6500664531159836e-05,0.0001353793269881631
products,13,8,8,0.00038124285169653085,0.00024843979930134564,0.00015655740218654355,8.005566470952506e-05,9.563705329842936e-05,0.0001589235577687132
professor,6,9,7,0.00038124285169653085,0.0002208353771567516,0.00012812990310436502,9.616512573912911e-05,5.908312787246985e-05,7.65187500367878e-05
program,31,7,7,0.00038124285169653085,0.00028393119920153793,0.0001964862978263494,0.00010945978702192117,0.0001548063938549276,0.00037082163479366443
programme,5,9,7,0.00038124285169653085,0.0002208353771567516,0.00012812990310436502,9.616512573912911e-05,5.908312787246985e-05,6.47466346465128e-05
programs,5,8,8,0.00038124285169653085,0.00024843979930134564,0.00015655740218654355,8.005566470952506e-05,9.563705329842936e-05,6.47466346465128e-05
progress,13,8,7,0.00038124285169653085,0.00024843979930134564,0.00015655740218654355,0.00010218192614137219,9.563705329842936e-05,0.0001589235577687132
project,31,7,7,0.00038124285169653085,0.00028393119920153793,0.0001964862978263494,0.00010945978702192117,0.0001548063938549276,0.00037082163479366443
projected,6,9,9,0.00038124285169653085,0.0002208353771567516,0.00012812990310436502,6.0750914866702875e-05,5.908312787246985e-05,7.65187500367878e-05
projects,6,8,8,0.00038124285169653085,0.00024843979930134564,0.00015655740218654355,8.005566470952506e-05,9.563705329842936e-05,7.65187500367878e-05
promise,6,7,6,0.00038124285169653085,0.00028393119920153793,0.0001964862978263494,0.00014507809976654283,0.0001548063938549276,7.65187500367878e-05
promised,5,8,7,0.00038124285169653085,0.00024843979930134564,0.00015655740218654355,0.00010218192614137219,9.563705329842936e-05,6.47466346465128e-05
properly,6,8,7,0.00038124285169653085,0.00024843979930134564,0.00015655740218654355,0.00010218192614137219,9.563705329842936e-05,7.65187500367878e-05
proposal,9,8,8,0.00038124285169653085,0.00024843979930134564,0.00015655740218654355,8.005566470952506e-05,9.563705329842936e-05,0.00011183509620761298
propose,7,7,6,0.00038124285169653085,0.00028393119920153793,0.0001964862978263494,0.00014507809976654283,0.0001548063938549276,8.829086542706294e-05
proposed,15,8,7,0.00038124285169653085,0.00024843979930134564,0.00015655740218654355,0.00010218192614137219,9.563705329842936e-05,0.00018246778854926347
protect,8,7,7,0.00038124285169653085,0.00028393119920153793,0.0001964862978263494,0.00010945978702192117,0.0001548063938549276,0.00010006298081733804
protected,5,9,9,0.00038124285169653085,0.0002208353771567516,0.00012812990310436502,6.0750914866702875e-05,5.908312787246985e-05,6.47466346465128e-05
protection,8,10,9,0.00038124285169653085,0.00019875183944107635,0.00010710399599861124,5.7540833262736305e-05,3.6500664531159836e-05,0.00010006298081733804
provide,32,7,6,0.00038124285169653085,0.00028393119920153793,0.0001964862978263494,0.00014507809976654283,0.0001548063938549276,0.0003825937501839394
provided,17,8,8,0.00038124285169653085,0.00024843979930134564,0.00015655740218654355,8.005566470952506e-05,9.563705329842936e-05,0.0002060120193298133
provides,7,8,7,0.00038124285169653085,0.00024843979930134564,0.00015655740218654355,0.00010218192614137219,9.563705329842936e-05,8.829086542706294e-05
providing,5,9,8,0.00038124285169653085,0.0002208353771567516,0.00012812990310436502,7.53417297328084e-05,5.908312787246985e-05,6.47466346465128e-05
province,6,8,7,0.00038124285169653085,0.00024843979930134564,0.00015655740218654355,0.00010218192614137219,9.563705329842936e-05,7.65187500367878e-05
public,26,6,6,0.00038124285169653085,0.0003312530657351272,0.00025540261425089115,0.00015707113439413758,0.00025058299844920657,0.00031196105784228904
publicly,6,8,8,0.00038124285169653085,0.00024843979930134564,0.00015655740218654355,8.005566470952506e-05,9.563705329842936e-05,7.65187500367878e-05
published,10,9,7,0.00038124285169653085,0.0002208353771567516,0.00012812990310436502,9.616512573912911e-05,5.908312787246985e-05,0.000123607211597888
pull,5,4,3,0.00038124285169653085,0.0004968795986026909,0.0005090965792197441,0.0006870197387222442,0.0006565639252378155,6.47466346465128e-05
purchase,10,8,5,0.00038124285169653085,0.00024843979930134564,0.00015655740218654355,0.0001889850454194499,9.563705329842936e-05,0.000123607211597888
purchased,6,9,6,0.00038124285169653085,0.0002208353771567516,0.00012812990310436502,0.0001274573437937484,5.908312787246985e-05,7.65187500367878e-05
purpose,8,7,5,0.00038124285169653085,0.00028393119920153793,0.0001964862978263494,0.00020244541870664064,0.0001548063938549276,0.00010006298081733804
pushed,7,6,4,0.00038124285169653085,0.0003312530657351272,0.00025540261425089115,0.00032954021549262946,0.00025058299844920657,8.829086542706294e-05
put,36,3,3,0.00038124285169653085,0.0006625061314702545,0.0008305234720487999,0.0007967906891717805,0.0010627710714187356,0.0004296822117450397
puts,10,4,4,0.00038124285169653085,0.0004968795986026909,0.0005090965792197441,0.00040610649755635955,0.0006565639252378155,0.000123607211597888
putting,11,7,5,0.00038124285169653085,0.00028393119920153793,0.0001964862978263494,0.00020244541870664064,0.0001548063938549276,0.0001353793269881631
q,11,1,3,0.00038124285169653085,0.0019875183944107638,0.0053833587703735275,0.001403402738422837,0.0027846148804916812,0.0001353793269881631
qaeda,51,5,4,0.00038124285169653085,0.00039750367888215276,0.00034828297622547605,0.0003619985085280506,0.0004056152820834941,0.0006062639425991653
quality,11,7,7,0.00038124285169653085,0.00028393119920153793,0.0001964862978263494,0.00010945978702192117,0.0001548063938549276,0.0001353793269881631
quantity,6,8,8,0.00038124285169653085,0.00024843979930134564,0.00015655740218654355,8.005566470952506e-05,9.563705329842936e-05,7.65187500367878e-05
questar,11,7,6,0.00038124285169653085,0.00028393119920153793,0.0001964862978263494,0.00014507809976654283,0.0001548063938549276,0.0001353793269881631
question,26,8,7,0.00038124285169653085,0.00024843979930134564,0.00015655740218654355,0.00010218192614137219,9.563705329842936e-05,0.00031196105784228904
questions,58,9,8,0.00038124285169653085,0.0002208353771567516,0.00012812990310436502,7.53417297328084e-05,5.908312787246985e-05,0.0006886687503310907
quick,9,5,4,0.00038124285169653085,0.00039750367888215276,0.00034828297622547605,0.0003619985085280506,0.0004056152820834941,0.00011183509620761298
quickly,8,7,6,0.00038124285169653085,0.00028393119920153793,0.0001964862978263494,0.00014507809976654283,0.0001548063938549276,0.00010006298081733804
quite,12,5,4,0.00038124285169653085,0.00039750367888215276,0.00034828297622547605,0.0003619985085280506,0.0004056152820834941,0.00014715144237843818
quote,6,5,4,0.00038124285169653085,0.00039750367888215276,0.00034828297622547605,0.0003619985085280506,0.0004056152820834941,7.65187500367878e-05
quoted,9,6,6,0.00038124285169653085,0.0003312530657351272,0.00025540261425089115,0.00015707113439413758,0.00025058299844920657,0.00011183509620761298
r,8,1,2,0.00038124285169653085,0.0019875183944107638,0.0053833587703735275,0.002944383400722856,0.0027846148804916812,0.00010006298081733804
racial,7,6,5,0.00038124285169653085,0.0003312530657351272,0.00025540261425089115,0.0002191807834560667,0.00025058299844920657,8.829086542706294e-05
radiation,12,9,8,0.00038124285169653085,0.0002208353771567516,0.00012812990310436502,7.53417297328084e-05,5.908312787246985e-05,0.00014715144237843818
radical,5,7,7,0.00038124285169653085,0.00028393119920153793,0.0001964862978263494,0.00010945978702192117,0.0001548063938549276,6.47466346465128e-05
rahman,5,6,5,0.00038124285169653085,0.0003312530657351272,0.00025540261425089115,0.0002191807834560667,0.00025058299844920657,6.47466346465128e-05
raise,7,5,3,0.00038124285169653085,0.00039750367888215276,0.00034828297622547605,0.0006124012352505361,0.0004056152820834941,8.829086542706294e-05
raised,11,6,4,0.00038124285169653085,0.0003312530657351272,0.00025540261425089115,0.00032954021549262946,0.00025058299844920657,0.0001353793269881631
ran,6,3,3,0.00038124285169653085,0.0006625061314702545,0.0008305234720487999,0.0007967906891717805,0.0010627710714187356,7.65187500367878e-05
range,12,5,4,0.00038124285169653085,0.00039750367888215276,0.00034828297622547605,0.0003619985085280506,0.0004056152820834941,0.00014715144237843818
rank,5,4,4,0.00038124285169653085,0.0004968795986026909,0.0005090965792197441,0.00040610649755635955,0.0006565639252378155,6.47466346465128e-05
raphael,6,7,6,0.00038124285169653085,0.00028393119920153793,0.0001964862978263494,0.00014507809976654283,0.0001548063938549276,7.65187500367878e-05
rate,27,4,3,0.00038124285169653085,0.0004968795986026909,0.0005090965792197441,0.0006870197387222442,0.0006565639252378155,0.0003237331732325643
rates,12,5,4,0.00038124285169653085,0.00039750367888215276,0.00034828297622547605,0.0003619985085280506,0.0004056152820834941,0.00014715144237843818
rather,11,6,4,0.00038124285169653085,0.0003312530657351272,0.00025540261425089115,0.00032954021549262946,0.00025058299844920657,0.0001353793269881631
re,24,2,2,0.00038124285169653085,0.0009937591972053819,0.0016554907232327733,0.0020600976577472676,0.0017202930389990817,0.00028841682706173886
reach,11,5,3,0.00038124285169653085,0.00039750367888215276,0.00034828297622547605,0.0006124012352505361,0.0004056152820834941,0.0001353793269881631
reached,6,7,4,0.00038124285169653085,0.00028393119920153793,0.0001964862978263494,0.00030437844894123353,0.0001548063938549276,7.65187500367878e-05
reaction,5,8,7,0.00038124285169653085,0.00024843979930134564,0.00015655740218654355,0.00010218192614137219,9.563705329842936e-05,6.47466346465128e-05
read,35,4,3,0.00038124285169653085,0.0004968795986026909,0.0005090965792197441,0.0006870197387222442,0.0006565639252378155,0.00041791009635476435
reading,6,7,5,0.00038124285169653085,0.00028393119920153793,0.0001964862978263494,0.00020244541870664064,0.0001548063938549276,7.65187500367878e-05
ready,17,5,4,0.00038124285169653085,0.00039750367888215276,0.00034828297622547605,0.0003619985085280506,0.0004056152820834941,0.0002060120193298133
real,36,4,3,0.00038124285169653085,0.0004968795986026909,0.0005090965792197441,0.0006870197387222442,0.0006565639252378155,0.0004296822117450397
reality,6,7,7,0.00038124285169653085,0.00028393119920153793,0.0001964862978263494,0.00010945978702192117,0.0001548063938549276,7.65187500367878e-05
realize,6,7,6,0.00038124285169653085,0.00028393119920153793,0.0001964862978263494,0.00014507809976654283,0.0001548063938549276,7.65187500367878e-05
really,38,6,4,0.00038124285169653085,0.0003312530657351272,0.00025540261425089115,0.00032954021549262946,0.00025058299844920657,0.0004532264425255896
reason,18,6,5,0.00038124285169653085,0.0003312530657351272,0.00025540261425089115,0.0002191807834560667,0.00025058299844920657,0.00021778413472008836
reasonable,6,10,9,0.00038124285169653085,0.00019875183944107635,0.00010710399599861124,5.7540833262736305e-05,3.6500664531159836e-05,7.65187500367878e-05
reasons,6,7,6,0.00038124285169653085,0.00028393119920153793,0.0001964862978263494,0.00014507809976654283,0.0001548063938549276,7.65187500367878e-05
rebels,6,6,6,0.00038124285169653085,0.0003312530657351272,0.00025540261425089115,0.00015707113439413758,0.00025058299844920657,7.65187500367878e-05
recall,10,6,5,0.00038124285169653085,0.0003312530657351272,0.00025540261425089115,0.0002191807834560667,0.00025058299844920657,0.000123607211597888
receive,15,7,5,0.00038124285169653085,0.00028393119920153793,0.0001964862978263494,0.00020244541870664064,0.0001548063938549276,0.00018246778854926347
received,45,8,6,0.00038124285169653085,0.00024843979930134564,0.00015655740218654355,0.00013543201643637974,9.563705329842936e-05,0.0005356312502575152
receives,6,8,6,0.00038124285169653085,0.00024843979930134564,0.00015655740218654355,0.00013543201643637974,9.563705329842936e-05,7.65187500367878e-05
receiving,9,9,7,0.00038124285169653085,0.0002208353771567516,0.00012812990310436502,9.616512573912911e-05,5.908312787246985e-05,0.00011183509620761298
recent,27,6,6,0.00038124285169653085,0.0003312530657351272,0.00025540261425089115,0.00015707113439413758,0.00025058299844920657,0.0003237331732325643
recently,21,8,8,0.00038124285169653085,0.00024843979930134564,0.00015655740218654355,8.005566470952506e-05,9.563705329842936e-05,0.0002531004808909135
recipient,10,9,9,0.00038124285169653085,0.0002208353771567516,0.00012812990310436502,6.0750914866702875e-05,5.908312787246985e-05,0.000123607211597888
recommend,8,9,8,0.00038124285169653085,0.0002208353771567516,0.00012812990310436502,7.53417297328084e-05,5.908312787246985e-05,0.00010006298081733804
reconciliation,10,14,13,0.00038124285169653085,0.00014196559960076894,6.042347485439901e-05,2.4707294948290095e-05,5.316795311180411e-06,0.000123607211597888
record,14,6,6,0.00038124285169653085,0.0003312530657351272,0.00025540261425089115,0.00015707113439413758,0.00025058299844920657,0.00017069567315898835
recorded,5,8,8,0.00038124285169653085,0.00024843979930134564,0.00015655740218654355,8.005566470952506e-05,9.563705329842936e-05,6.47466346465128e-05
records,7,7,7,0.00038124285169653085,0.00028393119920153793,0.0001964862978263494,0.00010945978702192117,0.0001548063938549276,8.829086542706294e-05
recruiting,8,10,8,0.00038124285169653085,0.00019875183944107635,0.00010710399599861124,7.13606686877693e-05,3.6500664531159836e-05,0.00010006298081733804
red,18,3,3,0.00038124285169653085,0.0006625061314702545,0.0008305234720487999,0.0007967906891717805,0.0010627710714187356,0.00021778413472008836
reduce,7,6,5,0.00038124285169653085,0.0003312530657351272,0.00025540261425089115,0.0002191807834560667,0.00025058299844920657,8.829086542706294e-05
refer,9,5,4,0.00038124285169653085,0.00039750367888215276,0.00034828297622547605,0.0003619985085280506,0.0004056152820834941,0.00011183509620761298
reference,14,9,7,0.00038124285169653085,0.0002208353771567516,0.00012812990310436502,9.616512573912911e-05,5.908312787246985e-05,0.00017069567315898835
referenced,5,10,8,0.00038124285169653085,0.00019875183944107635,0.00010710399599861124,7.13606686877693e-05,3.6500664531159836e-05,6.47466346465128e-05
refers,7,6,5,0.00038124285169653085,0.0003312530657351272,0.00025540261425089115,0.0002191807834560667,0.00025058299844920657,8.829086542706294e-05
reflect,5,7,7,0.00038124285169653085,0.00028393119920153793,0.0001964862978263494,0.00010945978702192117,0.0001548063938549276,6.47466346465128e-05
reflects,6,8,8,0.00038124285169653085,0.00024843979930134564,0.00015655740218654355,8.005566470952506e-05,9.563705329842936e-05,7.65187500367878e-05
refused,6,7,7,0.00038124285169653085,0.00028393119920153793,0.0001964862978263494,0.00010945978702192117,0.0001548063938549276,7.65187500367878e-05
regard,12,6,6,0.00038124285169653085,0.0003312530657351272,0.00025540261425089115,0.00015707113439413758,0.00025058299844920657,0.00014715144237843818
regarding,35,9,8,0.00038124285169653085,0.0002208353771567516,0.00012812990310436502,7.53417297328084e-05,5.908312787246985e-05,0.00041791009635476435
regards,39,7,7,0.00038124285169653085,0.00028393119920153793,0.0001964862978263494,0.00010945978702192117,0.0001548063938549276,0.00046499855791586454
regime,13,6,5,0.00038124285169653085,0.0003312530657351272,0.00025540261425089115,0.0002191807834560667,0.00025058299844920657,0.0001589235577687132
region,27,6,5,0.00038124285169653085,0.0003312530657351272,0.00025540261425089115,0.0002191807834560667,0.00025058299844920657,0.0003237331732325643
regional,11,8,7,0.00038124285169653085,0.00024843979930134564,0.00015655740218654355,0.00010218192614137219,9.563705329842936e-05,0.0001353793269881631
regulatory,5,10,11,0.00038124285169653085,0.00019875183944107635,0.00010710399599861124,3.9875541599568043e-05,3.6500664531159836e-05,6.47466346465128e-05
related,20,7,7,0.00038124285169653085,0.00028393119920153793,0.0001964862978263494,0.00010945978702192117,0.0001548063938549276,0.0002413283655006388
release,11,7,5,0.00038124285169653085,0.00028393119920153793,0.0001964862978263494,0.00020244541870664064,0.0001548063938549276,0.0001353793269881631
released,16,8,6,0.00038124285169653085,0.00024843979930134564,0.00015655740218654355,0.00013543201643637974,9.563705329842936e-05,0.00019423990393953826
releases,5,8,7,0.00038124285169653085,0.00024843979930134564,0.00015655740218654355,0.00010218192614137219,9.563705329842936e-05,6.47466346465128e-05
relevant,5,8,8,0.00038124285169653085,0.00024843979930134564,0.00015655740218654355,8.005566470952506e-05,9.563705329842936e-05,6.47466346465128e-05
reliable,6,8,8,0.00038124285169653085,0.00024843979930134564,0.00015655740218654355,8.005566470952506e-05,9.563705329842936e-05,7.65187500367878e-05
relief,5,6,5,0.00038124285169653085,0.0003312530657351272,0.00025540261425089115,0.0002191807834560667,0.00025058299844920657,6.47466346465128e-05
religion,5,8,7,0.00038124285169653085,0.00024843979930134564,0.00015655740218654355,0.00010218192614137219,9.563705329842936e-05,6.47466346465128e-05
religious,27,9,7,0.00038124285169653085,0.0002208353771567516,0.00012812990310436502,9.616512573912911e-05,5.908312787246985e-05,0.0003237331732325643
remain,15,6,5,0.00038124285169653085,0.0003312530657351272,0.00025540261425089115,0.0002191807834560667,0.00025058299844920657,0.00018246778854926347
remains,8,7,6,0.00038124285169653085,0.00028393119920153793,0.0001964862978263494,0.00014507809976654283,0.0001548063938549276,0.00010006298081733804
remember,25,8,7,0.00038124285169653085,0.00024843979930134564,0.00015655740218654355,0.00010218192614137219,9.563705329842936e-05,0.00030018894245201395
reminder,6,8,7,0.00038124285169653085,0.00024843979930134564,0.00015655740218654355,0.00010218192614137219,9.563705329842936e-05,7.65187500367878e-05
removed,8,7,6,0.00038124285169653085,0.00028393119920153793,0.0001964862978263494,0.00014507809976654283,0.0001548063938549276,0.00010006298081733804
rep,6,3,3,0.00038124285169653085,0.0006625061314702545,0.0008305234720487999,0.0007967906891717805,0.0010627710714187356,7.65187500367878e-05
repeatedly,5,10,9,0.00038124285169653085,0.00019875183944107635,0.00010710399599861124,5.7540833262736305e-05,3.6500664531159836e-05,6.47466346465128e-05
reply,10,5,5,0.00038124285169653085,0.00039750367888215276,0.00034828297622547605,0.00024076914737248623,0.0004056152820834941,0.000123607211597888
report,53,6,6,0.00038124285169653085,0.0003312530657351272,0.00025540261425089115,0.00015707113439413758,0.00025058299844920657,0.0006298081733797156
reported,18,8,8,0.00038124285169653085,0.00024843979930134564,0.00015655740218654355,8.005566470952506e-05,9.563705329842936e-05,0.00021778413472008836
reportedly,9,10,10,0.00038124285169653085,0.00019875183944107635,0.00010710399599861124,4.74627573073367e-05,3.6500664531159836e-05,0.00011183509620761298
reporter,6,8,7,0.00038124285169653085,0.00024843979930134564,0.00015655740218654355,0.00010218192614137219,9.563705329842936e-05,7.65187500367878e-05
reporting,6,9,8,0.00038124285169653085,0.0002208353771567516,0.00012812990310436502,7.53417297328084e-05,5.908312787246985e-05,7.65187500367878e-05
reports,27,7,7,0.00038124285169653085,0.00028393119920153793,0.0001964862978263494,0.00010945978702192117,0.0001548063938549276,0.0003237331732325643
representative,10,14,13,0.00038124285169653085,0.00014196559960076894,6.042347485439901e-05,2.4707294948290095e-05,5.316795311180411e-06,0.000123607211597888
republic,8,8,8,0.00038124285169653085,0.00024843979930134564,0.00015655740218654355,8.005566470952506e-05,9.563705329842936e-05,0.00010006298081733804
republican,11,10,10,0.00038124285169653085,0.00019875183944107635,0.00010710399599861124,4.74627573073367e-05,3.6500664531159836e-05,0.0001353793269881631
request,34,7,7,0.00038124285169653085,0.00028393119920153793,0.0001964862978263494,0.00010945978702192117,0.0001548063938549276,0.0004061379809644894
requested,15,9,9,0.00038124285169653085,0.0002208353771567516,0.00012812990310436502,6.0750914866702875e-05,5.908312787246985e-05,0.00018246778854926347
requests,9,8,8,0.00038124285169653085,0.00024843979930134564,0.00015655740218654355,8.005566470952506e-05,9.563705329842936e-05,0.00011183509620761298
require,9,7,6,0.00038124285169653085,0.00028393119920153793,0.0001964862978263494,0.00014507809976654283,0.0001548063938549276,0.00011183509620761298
required,11,8,7,0.00038124285169653085,0.00024843979930134564,0.00015655740218654355,0.00010218192614137219,9.563705329842936e-05,0.0001353793269881631
requirements,11,12,11,0.00038124285169653085,0.0001656265328675636,7.854142304403973e-05,3.630013456419744e-05,1.3930777510040114e-05,0.0001353793269881631
requiring,5,9,8,0.00038124285169653085,0.0002208353771567516,0.00012812990310436502,7.53417297328084e-05,5.908312787246985e-05,6.47466346465128e-05
research,10,8,5,0.00038124285169653085,0.00024843979930134564,0.00015655740218654355,0.0001889850454194499,9.563705329842936e-05,0.000123607211597888
reserve,5,7,5,0.00038124285169653085,0.00028393119920153793,0.0001964862978263494,0.00020244541870664064,0.0001548063938549276,6.47466346465128e-05
reserves,14,8,6,0.00038124285169653085,0.00024843979930134564,0.00015655740218654355,0.00013543201643637974,9.563705329842936e-05,0.00017069567315898835
resources,7,9,8,0.00038124285169653085,0.0002208353771567516,0.00012812990310436502,7.53417297328084e-05,5.908312787246985e-05,8.829086542706294e-05
respect,9,7,7,0.00038124285169653085,0.00028393119920153793,0.0001964862978263494,0.00010945978702192117,0.0001548063938549276,0.00011183509620761298
respond,16,7,7,0.00038124285169653085,0.00028393119920153793,0.0001964862978263494,0.00010945978702192117,0.0001548063938549276,0.00019423990393953826
response,30,8,7,0.00038124285169653085,0.00024843979930134564,0.00015655740218654355,0.00010218192614137219,9.563705329842936e-05,0.0003590495194033891
responses,9,9,9,0.00038124285169653085,0.0002208353771567516,0.00012812990310436502,6.0750914866702875e-05,5.908312787246985e-05,0.00011183509620761298
responsibilities,5,16,15,0.00038124285169653085,0.00012421989965067282,4.8144539130402755e-05,1.775691550194618e-05,2.029198467968972e-06,6.47466346465128e-05
responsibility,8,14,14,0.00038124285169653085,0.00014196559960076894,6.042347485439901e-05,2.157777839490698e-05,5.316795311180411e-06,0.00010006298081733804
responsible,13,11,11,0.00038124285169653085,0.00018068349040097835,9.10723338548153e-05,3.7964606017991693e-05,2.2549559564483765e-05,0.0001589235577687132
rest,14,4,4,0.00038124285169653085,0.0004968795986026909,0.0005090965792197441,0.00040610649755635955,0.0006565639252378155,0.00017069567315898835
result,20,6,6,0.00038124285169653085,0.0003312530657351272,0.00025540261425089115,0.00015707113439413758,0.00025058299844920657,0.0002413283655006388
resulted,5,8,8,0.00038124285169653085,0.00024843979930134564,0.00015655740218654355,8.005566470952506e-05,9.563705329842936e-05,6.47466346465128e-05
resulting,5,9,8,0.00038124285169653085,0.0002208353771567516,0.00012812990310436502,7.53417297328084e-05,5.908312787246985e-05,6.47466346465128e-05
results,6,7,7,0.00038124285169653085,0.00028393119920153793,0.0001964862978263494,0.00010945978702192117,0.0001548063938549276,7.65187500367878e-05
resume,8,6,5,0.00038124285169653085,0.0003312530657351272,0.00025540261425089115,0.0002191807834560667,0.00025058299844920657,0.00010006298081733804
retired,7,7,6,0.00038124285169653085,0.00028393119920153793,0.0001964862978263494,0.00014507809976654283,0.0001548063938549276,8.829086542706294e-05
return,32,6,5,0.00038124285169653085,0.0003312530657351272,0.00025540261425089115,0.0002191807834560667,0.00025058299844920657,0.0003825937501839394
returned,9,8,6,0.00038124285169653085,0.00024843979930134564,0.00015655740218654355,0.00013543201643637974,9.563705329842936e-05,0.00011183509620761298
returning,6,9,7,0.00038124285169653085,0.0002208353771567516,0.00012812990310436502,9.616512573912911e-05,5.908312787246985e-05,7.65187500367878e-05
revenues,5,8,7,0.00038124285169653085,0.00024843979930134564,0.00015655740218654355,0.00010218192614137219,9.563705329842936e-05,6.47466346465128e-05
review,51,6,5,0.00038124285169653085,0.0003312530657351272,0.00025540261425089115,0.0002191807834560667,0.00025058299844920657,0.0006062639425991653
reviewing,6,9,7,0.00038124285169653085,0.0002208353771567516,0.00012812990310436502,9.616512573912911e-05,5.908312787246985e-05,7.65187500367878e-05
revised,10,7,6,0.00038124285169653085,0.00028393119920153793,0.0001964862978263494,0.00014507809976654283,0.0001548063938549276,0.000123607211597888
revision,8,8,7,0.00038124285169653085,0.00024843979930134564,0.00015655740218654355,0.00010218192614137219,9.563705329842936e-05,0.00010006298081733804
revisions,5,9,8,0.00038124285169653085,0.0002208353771567516,0.00012812990310436502,7.53417297328084e-05,5.908312787246985e-05,6.47466346465128e-05
revolution,5,10,9,0.00038124285169653085,0.00019875183944107635,0.00010710399599861124,5.7540833262736305e-05,3.6500664531159836e-05,6.47466346465128e-05
revolutionary,6,13,12,0.00038124285169653085,0.00015288603033928946,6.854248002491098e-05,2.9712366059972322e-05,8.606224058579877e-06,7.65187500367878e-05
reward,5,6,6,0.00038124285169653085,0.0003312530657351272,0.00025540261425089115,0.00015707113439413758,0.00025058299844920657,6.47466346465128e-05
rhonda,8,6,5,0.00038124285169653085,0.0003312530657351272,0.00025540261425089115,0.0002191807834560667,0.00025058299844920657,0.00010006298081733804
rice,9,4,3,0.00038124285169653085,0.0004968795986026909,0.0005090965792197441,0.0006870197387222442,0.0006565639252378155,0.00011183509620761298
rich,5,4,3,0.00038124285169653085,0.0004968795986026909,0.0005090965792197441,0.0006870197387222442,0.0006565639252378155,6.47466346465128e-05
richard,21,7,5,0.00038124285169653085,0.00028393119920153793,0.0001964862978263494,0.00020244541870664064,0.0001548063938549276,0.0002531004808909135
rick,6,4,3,0.00038124285169653085,0.0004968795986026909,0.0005090965792197441,0.0006870197387222442,0.0006565639252378155,7.65187500367878e-05
right,48,5,3,0.00038124285169653085,0.00039750367888215276,0.00034828297622547605,0.0006124012352505361,0.0004056152820834941,0.00057094759642834
rights,29,6,4,0.00038124285169653085,0.0003312530657351272,0.00025540261425089115,0.00032954021549262946,0.00025058299844920657,0.00034727740401311414
rise,5,4,3,0.00038124285169653085,0.0004968795986026909,0.0005090965792197441,0.0006870197387222442,0.0006565639252378155,6.47466346465128e-05
risk,36,4,4,0.00038124285169653085,0.0004968795986026909,0.0005090965792197441,0.00040610649755635955,0.0006565639252378155,0.0004296822117450397
river,7,5,4,0.00038124285169653085,0.00039750367888215276,0.00034828297622547605,0.0003619985085280506,0.0004056152820834941,8.829086542706294e-05
road,9,4,3,0.00038124285169653085,0.0004968795986026909,0.0005090965792197441,0.0006870197387222442,0.0006565639252378155,0.00011183509620761298
robert,12,6,5,0.00038124285169653085,0.0003312530657351272,0.00025540261425089115,0.0002191807834560667,0.00025058299844920657,0.00014715144237843818
robinson,9,8,8,0.00038124285169653085,0.00024843979930134564,0.00015655740218654355,8.005566470952506e-05,9.563705329842936e-05,0.00011183509620761298
rock,6,4,3,0.00038124285169653085,0.0004968795986026909,0.0005090965792197441,0.0006870197387222442,0.0006565639252378155,7.65187500367878e-05
role,10,4,3,0.00038124285169653085,0.0004968795986026909,0.0005090965792197441,0.0006870197387222442,0.0006565639252378155,0.000123607211597888
rolling,8,7,5,0.00038124285169653085,0.00028393119920153793,0.0001964862978263494,0.00020244541870664064,0.0001548063938549276,0.00010006298081733804
rome,5,4,3,0.00038124285169653085,0.0004968795986026909,0.0005090965792197441,0.0006870197387222442,0.0006565639252378155,6.47466346465128e-05
room,13,4,3,0.00038124285169653085,0.0004968795986026909,0.0005090965792197441,0.0006870197387222442,0.0006565639252378155,0.0001589235577687132
round,8,5,4,0.00038124285169653085,0.00039750367888215276,0.00034828297622547605,0.0003619985085280506,0.0004056152820834941,0.00010006298081733804
route,5,5,3,0.00038124285169653085,0.00039750367888215276,0.00034828297622547605,0.0006124012352505361,0.0004056152820834941,6.47466346465128e-05
row,11,3,2,0.00038124285169653085,0.0006625061314702545,0.0008305234720487999,0.0016716921057774523,0.0010627710714187356,0.0001353793269881631
rule,15,4,3,0.00038124285169653085,0.0004968795986026909,0.0005090965792197441,0.0006870197387222442,0.0006565639252378155,0.00018246778854926347
rules,10,5,4,0.00038124285169653085,0.00039750367888215276,0.00034828297622547605,0.0003619985085280506,0.0004056152820834941,0.000123607211597888
run,24,3,3,0.00038124285169653085,0.0006625061314702545,0.0008305234720487999,0.0007967906891717805,0.0010627710714187356,0.00028841682706173886
running,14,7,5,0.00038124285169653085,0.00028393119920153793,0.0001964862978263494,0.00020244541870664064,0.0001548063938549276,0.00017069567315898835
russia,14,6,4,0.00038124285169653085,0.0003312530657351272,0.00025540261425089115,0.00032954021549262946,0.00025058299844920657,0.00017069567315898835
russian,9,7,5,0.00038124285169653085,0.00028393119920153793,0.0001964862978263494,0.00020244541870664064,0.0001548063938549276,0.00011183509620761298
ryan,5,4,4,0.00038124285169653085,0.0004968795986026909,0.0005090965792197441,0.00040610649755635955,0.0006565639252378155,6.47466346465128e-05
s,110,1,2,0.00038124285169653085,0.0019875183944107638,0.0053833587703735275,0.002944383400722856,0.0027846148804916812,0.001300818750625394
saddam,16,6,5,0.00038124285169653085,0.0003312530657351272,0.00025540261425089115,0.0002191807834560667,0.00025058299844920657,0.00019423990393953826
saddam's,5,7,6,0.00038124285169653085,0.00028393119920153793,0.0001964862978263494,0.00014507809976654283,0.0001548063938549276,6.47466346465128e-05
safe,8,4,3,0.00038124285169653085,0.0004968795986026909,0.0005090965792197441,0.0006870197387222442,0.0006565639252378155,0.00010006298081733804
said,155,4,3,0.00038124285169653085,0.0004968795986026909,0.0005090965792197441,0.0006870197387222442,0.0006565639252378155,0.001830563943187772
sake,6,4,3,0.00038124285169653085,0.0004968795986026909,0.0005090965792197441,0.0006870197387222442,0.0006565639252378155,7.65187500367878e-05
salary,6,6,5,0.00038124285169653085,0.0003312530657351272,0.00025540261425089115,0.0002191807834560667,0.00025058299844920657,7.65187500367878e-05
sales,5,5,4,0.00038124285169653085,0.00039750367888215276,0.00034828297622547605,0.0003619985085280506,0.0004056152820834941,6.47466346465128e-05
sam,7,3,3,0.00038124285169653085,0.0006625061314702545,0.0008305234720487999,0.0007967906891717805,0.0010627710714187356,8.829086542706294e-05
same,77,4,3,0.00038124285169653085,0.0004968795986026909,0.0005090965792197441,0.0006870197387222442,0.0006565639252378155,0.0009123389427463166
sample,5,6,6,0.00038124285169653085,0.0003312530657351272,0.00025540261425089115,0.00015707113439413758,0.00025058299844920657,6.47466346465128e-05
samuel,14,6,6,0.00038124285169653085,0.0003312530657351272,0.00025540261425089115,0.00015707113439413758,0.00025058299844920657,0.00017069567315898835
san,12,3,3,0.00038124285169653085,0.0006625061314702545,0.0008305234720487999,0.0007967906891717805,0.0010627710714187356,0.00014715144237843818
sanders,8,7,6,0.00038124285169653085,0.00028393119920153793,0.0001964862978263494,0.00014507809976654283,0.0001548063938549276,0.00010006298081733804
sao,9,3,2,0.00038124285169653085,0.0006625061314702545,0.0008305234720487999,0.0016716921057774523,0.0010627710714187356,0.00011183509620761298
sap,5,3,3,0.00038124285169653085,0.0006625061314702545,0.0008305234720487999,0.0007967906891717805,0.0010627710714187356,6.47466346465128e-05
sara,40,4,4,0.00038124285169653085,0.0004968795986026909,0.0005090965792197441,0.00040610649755635955,0.0006565639252378155,0.0004767706733061398
sat,5,3,3,0.00038124285169653085,0.0006625061314702545,0.0008305234720487999,0.0007967906891717805,0.0010627710714187356,6.47466346465128e-05
satan,8,5,5,0.00038124285169653085,0.00039750367888215276,0.00034828297622547605,0.00024076914737248623,0.0004056152820834941,0.00010006298081733804
satanism,8,8,9,0.00038124285169653085,0.00024843979930134564,0.00015655740218654355,6.455194071882091e-05,9.563705329842936e-05,0.00010006298081733804
saturday,12,8,6,0.00038124285169653085,0.00024843979930134564,0.00015655740218654355,0.00013543201643637974,9.563705329842936e-05,0.00014715144237843818
saudi,13,5,4,0.00038124285169653085,0.00039750367888215276,0.00034828297622547605,0.0003619985085280506,0.0004056152820834941,0.0001589235577687132
save,9,4,3,0.00038124285169653085,0.0004968795986026909,0.0005090965792197441,0.0006870197387222442,0.0006565639252378155,0.00011183509620761298
saving,6,6,5,0.00038124285169653085,0.0003312530657351272,0.00025540261425089115,0.0002191807834560667,0.00025058299844920657,7.65187500367878e-05
saw,10,3,2,0.00038124285169653085,0.0006625061314702545,0.0008305234720487999,0.0016716921057774523,0.0010627710714187356,0.000123607211597888
say,44,3,2,0.00038124285169653085,0.0006625061314702545,0.0008305234720487999,0.0016716921057774523,0.0010627710714187356,0.0005238591348672402
saying,16,6,4,0.00038124285169653085,0.0003312530657351272,0.00025540261425089115,0.00032954021549262946,0.00025058299844920657,0.00019423990393953826
says,39,4,3,0.00038124285169653085,0.0004968795986026909,0.0005090965792197441,0.0006870197387222442,0.0006565639252378155,0.00046499855791586454
schedule,19,8,6,0.00038124285169653085,0.00024843979930134564,0.00015655740218654355,0.00013543201643637974,9.563705329842936e-05,0.0002295562501103637
scheduled,14,9,7,0.00038124285169653085,0.0002208353771567516,0.00012812990310436502,9.616512573912911e-05,5.908312787246985e-05,0.00017069567315898835
school,24,6,4,0.00038124285169653085,0.0003312530657351272,0.00025540261425089115,0.00032954021549262946,0.00025058299844920657,0.00028841682706173886
science,5,7,5,0.00038124285169653085,0.00028393119920153793,0.0001964862978263494,0.00020244541870664064,0.0001548063938549276,6.47466346465128e-05
scientific,5,10,9,0.00038124285169653085,0.00019875183944107635,0.00010710399599861124,5.7540833262736305e-05,3.6500664531159836e-05,6.47466346465128e-05
scott,14,5,4,0.00038124285169653085,0.00039750367888215276,0.00034828297622547605,0.0003619985085280506,0.0004056152820834941,0.00017069567315898835
sea,26,3,2,0.00038124285169653085,0.0006625061314702545,0.0008305234720487999,0.0016716921057774523,0.0010627710714187356,0.00031196105784228904
search,14,6,3,0.00038124285169653085,0.0003312530657351272,0.00025540261425089115,0.0005574907914759439,0.00025058299844920657,0.00017069567315898835
seats,5,5,4,0.00038124285169653085,0.00039750367888215276,0.00034828297622547605,0.0003619985085280506,0.0004056152820834941,6.47466346465128e-05
second,29,6,6,0.00038124285169653085,0.0003312530657351272,0.00025540261425089115,0.00015707113439413758,0.00025058299844920657,0.00034727740401311414
secret,5,6,6,0.00038124285169653085,0.0003312530657351272,0.00025540261425089115,0.00015707113439413758,0.00025058299844920657,6.47466346465128e-05
secretary,8,9,9,0.00038124285169653085,0.0002208353771567516,0.00012812990310436502,6.0750914866702875e-05,5.908312787246985e-05,0.00010006298081733804
section,16,7,6,0.00038124285169653085,0.00028393119920153793,0.0001964862978263494,0.00014507809976654283,0.0001548063938549276,0.00019423990393953826
secure,9,6,6,0.00038124285169653085,0.0003312530657351272,0.00025540261425089115,0.00015707113439413758,0.00025058299844920657,0.00011183509620761298
securities,5,10,10,0.00038124285169653085,0.00019875183944107635,0.00010710399599861124,4.74627573073367e-05,3.6500664531159836e-05,6.47466346465128e-05
security,51,8,9,0.00038124285169653085,0.00024843979930134564,0.00015655740218654355,6.455194071882091e-05,9.563705329842936e-05,0.0006062639425991653
see,104,3,2,0.00038124285169653085,0.0006625061314702545,0.0008305234720487999,0.0016716921057774523,0.0010627710714187356,0.001230186058283743
seeing,9,6,4,0.00038124285169653085,0.0003312530657351272,0.00025540261425089115,0.00032954021549262946,0.00025058299844920657,0.00011183509620761298
seek,7,4,3,0.00038124285169653085,0.0004968795986026909,0.0005090965792197441,0.0006870197387222442,0.0006565639252378155,8.829086542706294e-05
seeking,10,7,5,0.00038124285169653085,0.00028393119920153793,0.0001964862978263494,0.00020244541870664064,0.0001548063938549276,0.000123607211597888
seem,15,4,3,0.00038124285169653085,0.0004968795986026909,0.0005090965792197441,0.0006870197387222442,0.0006565639252378155,0.00018246778854926347
seems,18,5,4,0.00038124285169653085,0.00039750367888215276,0.00034828297622547605,0.0003619985085280506,0.0004056152820834941,0.00021778413472008836
seen,16,4,3,0.00038124285169653085,0.0004968795986026909,0.0005090965792197441,0.0006870197387222442,0.0006565639252378155,0.00019423990393953826
seized,5,6,4,0.00038124285169653085,0.0003312530657351272,0.00025540261425089115,0.00032954021549262946,0.00025058299844920657,6.47466346465128e-05
select,10,6,6,0.00038124285169653085,0.0003312530657351272,0.00025540261425089115,0.00015707113439413758,0.00025058299844920657,0.000123607211597888
self,12,4,4,0.00038124285169653085,0.0004968795986026909,0.0005090965792197441,0.00040610649755635955,0.0006565639252378155,0.00014715144237843818
sell,8,4,3,0.00038124285169653085,0.0004968795986026909,0.0005090965792197441,0.0006870197387222442,0.0006565639252378155,0.00010006298081733804
senate,15,6,5,0.00038124285169653085,0.0003312530657351272,0.00025540261425089115,0.0002191807834560667,0.00025058299844920657,0.00018246778854926347
senator,5,7,6,0.00038124285169653085,0.00028393119920153793,0.0001964862978263494,0.00014507809976654283,0.0001548063938549276,6.47466346465128e-05
send,49,4,4,0.00038124285169653085,0.0004968795986026909,0.0005090965792197441,0.00040610649755635955,0.0006565639252378155,0.000582719711818615
sender,5,6,5,0.00038124285169653085,0.0003312530657351272,0.00025540261425089115,0.0002191807834560667,0.00025058299844920657,6.47466346465128e-05
sending,14,7,6,0.00038124285169653085,0.00028393119920153793,0.0001964862978263494,0.00014507809976654283,0.0001548063938549276,0.00017069567315898835
senior,19,6,5,0.00038124285169653085,0.0003312530657351272,0.00025540261425089115,0.0002191807834560667,0.00025058299844920657,0.0002295562501103637
sense,14,5,4,0.00038124285169653085,0.00039750367888215276,0.00034828297622547605,0.0003619985085280506,0.0004056152820834941,0.00017069567315898835
sent,54,4,4,0.00038124285169653085,0.0004968795986026909,0.0005090965792197441,0.00040610649755635955,0.0006565639252378155,0.0006415802887699908
separate,10,8,6,0.00038124285169653085,0.00024843979930134564,0.00015655740218654355,0.00013543201643637974,9.563705329842936e-05,0.000123607211597888
sept,19,4,4,0.00038124285169653085,0.0004968795986026909,0.0005090965792197441,0.00040610649755635955,0.0006565639252378155,0.0002295562501103637
september,45,9,8,0.00038124285169653085,0.0002208353771567516,0.00012812990310436502,7.53417297328084e-05,5.908312787246985e-05,0.0005356312502575152
series,10,6,5,0.00038124285169653085,0.0003312530657351272,0.00025540261425089115,0.0002191807834560667,0.00025058299844920657,0.000123607211597888
serious,11,7,6,0.00038124285169653085,0.00028393119920153793,0.0001964862978263494,0.00014507809976654283,0.0001548063938549276,0.0001353793269881631
seriously,7,9,8,0.00038124285169653085,0.0002208353771567516,0.00012812990310436502,7.53417297328084e-05,5.908312787246985e-05,8.829086542706294e-05
serve,7,5,3,0.00038124285169653085,0.00039750367888215276,0.00034828297622547605,0.0006124012352505361,0.0004056152820834941,8.829086542706294e-05
served,10,6,4,0.00038124285169653085,0.0003312530657351272,0.00025540261425089115,0.00032954021549262946,0.00025058299844920657,0.000123607211597888
service,44,7,5,0.00038124285169653085,0.00028393119920153793,0.0001964862978263494,0.00020244541870664064,0.0001548063938549276,0.0005238591348672402
services,31,8,7,0.00038124285169653085,0.00024843979930134564,0.00015655740218654355,0.00010218192614137219,9.563705329842936e-05,0.00037082163479366443
serving,10,7,5,0.00038124285169653085,0.00028393119920153793,0.0001964862978263494,0.00020244541870664064,0.0001548063938549276,0.000123607211597888
session,5,7,5,0.00038124285169653085,0.00028393119920153793,0.0001964862978263494,0.00020244541870664064,0.0001548063938549276,6.47466346465128e-05
set,29,3,3,0.00038124285169653085,0.0006625061314702545,0.0008305234720487999,0.0007967906891717805,0.0010627710714187356,0.00034727740401311414
settled,6,7,6,0.00038124285169653085,0.00028393119920153793,0.0001964862978263494,0.00014507809976654283,0.0001548063938549276,7.65187500367878e-05
settlement,26,10,9,0.00038124285169653085,0.00019875183944107635,0.00010710399599861124,5.7540833262736305e-05,3.6500664531159836e-05,0.00031196105784228904
seven,9,5,5,0.00038124285169653085,0.00039750367888215276,0.00034828297622547605,0.00024076914737248623,0.0004056152820834941,0.00011183509620761298
several,33,7,6,0.00038124285169653085,0.00028393119920153793,0.0001964862978263494,0.00014507809976654283,0.0001548063938549276,0.00039436586557421445
severe,6,6,5,0.00038124285169653085,0.0003312530657351272,0.00025540261425089115,0.0002191807834560667,0.00025058299844920657,7.65187500367878e-05
sexual,7,6,7,0.00038124285169653085,0.0003312530657351272,0.00025540261425089115,0.00011850839613794607,0.00025058299844920657,8.829086542706294e-05
shackleton,12,10,8,0.00038124285169653085,0.00019875183944107635,0.00010710399599861124,7.13606686877693e-05,3.6500664531159836e-05,0.00014715144237843818
shall,28,5,3,0.00038124285169653085,0.00039750367888215276,0.00034828297622547605,0.0006124012352505361,0.0004056152820834941,0.000335505288622839
shanna,5,6,4,0.00038124285169653085,0.0003312530657351272,0.00025540261425089115,0.00032954021549262946,0.00025058299844920657,6.47466346465128e-05
sharon,9,6,5,0.00038124285169653085,0.0003312530657351272,0.00025540261425089115,0.0002191807834560667,0.00025058299844920657,0.00011183509620761298
she,84,3,2,0.00038124285169653085,0.0006625061314702545,0.0008305234720487999,0.0016716921057774523,0.0010627710714187356,0.0009947437504782418
sheet,13,5,3,0.00038124285169653085,0.00039750367888215276,0.00034828297622547605,0.0006124012352505361,0.0004056152820834941,0.0001589235577687132
sheik,5,5,3,0.00038124285169653085,0.00039750367888215276,0.00034828297622547605,0.0006124012352505361,0.0004056152820834941,6.47466346465128e-05
sheikh,7,6,3,0.00038124285169653085,0.0003312530657351272,0.00025540261425089115,0.0005574907914759439,0.00025058299844920657,8.829086542706294e-05
shia,7,4,3,0.00038124285169653085,0.0004968795986026909,0.0005090965792197441,0.0006870197387222442,0.0006565639252378155,8.829086542706294e-05
shiite,9,6,4,0.00038124285169653085,0.0003312530657351272,0.00025540261425089115,0.00032954021549262946,0.00025058299844920657,0.00011183509620761298
shiites,7,7,5,0.00038124285169653085,0.00028393119920153793,0.0001964862978263494,0.00020244541870664064,0.0001548063938549276,8.829086542706294e-05
ship,7,4,3,0.00038124285169653085,0.0004968795986026909,0.0005090965792197441,0.0006870197387222442,0.0006565639252378155,8.829086542706294e-05
shooting,6,8,5,0.00038124285169653085,0.00024843979930134564,0.00015655740218654355,0.0001889850454194499,9.563705329842936e-05,7.65187500367878e-05
short,15,5,4,0.00038124285169653085,0.00039750367888215276,0.00034828297622547605,0.0003619985085280506,0.0004056152820834941,0.00018246778854926347
shortly,5,7,6,0.00038124285169653085,0.00028393119920153793,0.0001964862978263494,0.00014507809976654283,0.0001548063938549276,6.47466346465128e-05
should,134,6,3,0.00038124285169653085,0.0003312530657351272,0.00025540261425089115,0.0005574907914759439,0.00025058299844920657,0.0015833495199919945
show,25,4,2,0.00038124285169653085,0.0004968795986026909,0.0005090965792197441,0.0014413891745259336,0.0006565639252378155,0.00030018894245201395
showed,7,6,3,0.00038124285169653085,0.0003312530657351272,0.00025540261425089115,0.0005574907914759439,0.00025058299844920657,8.829086542706294e-05
showing,9,7,4,0.00038124285169653085,0.00028393119920153793,0.0001964862978263494,0.00030437844894123353,0.0001548063938549276,0.00011183509620761298
shows,6,5,3,0.00038124285169653085,0.00039750367888215276,0.00034828297622547605,0.0006124012352505361,0.0004056152820834941,7.65187500367878e-05
shuttle,8,7,5,0.00038124285169653085,0.00028393119920153793,0.0001964862978263494,0.00020244541870664064,0.0001548063938549276,0.00010006298081733804
sick,5,4,3,0.00038124285169653085,0.0004968795986026909,0.0005090965792197441,0.0006870197387222442,0.0006565639252378155,6.47466346465128e-05
siddiqui,5,8,7,0.00038124285169653085,0.00024843979930134564,0.00015655740218654355,0.00010218192614137219,9.563705329842936e-05,6.47466346465128e-05
side,13,4,3,0.00038124285169653085,0.0004968795986026909,0.0005090965792197441,0.0006870197387222442,0.0006565639252378155,0.0001589235577687132
sign,19,4,3,0.00038124285169653085,0.0004968795986026909,0.0005090965792197441,0.0006870197387222442,0.0006565639252378155,0.0002295562501103637
signature,6,9,7,0.00038124285169653085,0.0002208353771567516,0.00012812990310436502,9.616512573912911e-05,5.908312787246985e-05,7.65187500367878e-05
signed,21,6,4,0.00038124285169653085,0.0003312530657351272,0.00025540261425089115,0.00032954021549262946,0.00025058299844920657,0.0002531004808909135
significant,17,11,11,0.00038124285169653085,0.00018068349040097835,9.10723338548153e-05,3.7964606017991693e-05,2.2549559564483765e-05,0.0002060120193298133
significantly,5,13,13,0.00038124285169653085,0.00015288603033928946,6.854248002491098e-05,2.5668970355103854e-05,8.606224058579877e-06,6.47466346465128e-05
signing,8,7,5,0.00038124285169653085,0.00028393119920153793,0.0001964862978263494,0.00020244541870664064,0.0001548063938549276,0.00010006298081733804
signs,5,5,4,0.00038124285169653085,0.00039750367888215276,0.00034828297622547605,0.0003619985085280506,0.0004056152820834941,6.47466346465128e-05
similar,10,7,6,0.00038124285169653085,0.00028393119920153793,0.0001964862978263494,0.00014507809976654283,0.0001548063938549276,0.000123607211597888
simple,6,6,6,0.00038124285169653085,0.0003312530657351272,0.00025540261425089115,0.00015707113439413758,0.00025058299844920657,7.65187500367878e-05
simply,15,6,6,0.00038124285169653085,0.0003312530657351272,0.00025540261425089115,0.00015707113439413758,0.00025058299844920657,0.00018246778854926347
simultaneously,6,14,13,0.00038124285169653085,0.00014196559960076894,6.042347485439901e-05,2.4707294948290095e-05,5.316795311180411e-06,7.65187500367878e-05
since,70,5,4,0.00038124285169653085,0.00039750367888215276,0.00034828297622547605,0.0003619985085280506,0.0004056152820834941,0.0008299341350143913
sincerely,5,9,8,0.00038124285169653085,0.0002208353771567516,0.00012812990310436502,7.53417297328084e-05,5.908312787246985e-05,6.47466346465128e-05
single,12,6,6,0.00038124285169653085,0.0003312530657351272,0.00025540261425089115,0.00015707113439413758,0.00025058299844920657,0.00014715144237843818
sink,8,4,4,0.00038124285169653085,0.0004968795986026909,0.0005090965792197441,0.00040610649755635955,0.0006565639252378155,0.00010006298081733804
sir,5,3,2,0.00038124285169653085,0.0006625061314702545,0.0008305234720487999,0.0016716921057774523,0.0010627710714187356,6.47466346465128e-05
sit,5,3,3,0.00038124285169653085,0.0006625061314702545,0.0008305234720487999,0.0007967906891717805,0.0010627710714187356,6.47466346465128e-05
site,21,4,3,0.00038124285169653085,0.0004968795986026909,0.0005090965792197441,0.0006870197387222442,0.0006565639252378155,0.0002531004808909135
sites,5,5,4,0.00038124285169653085,0.00039750367888215276,0.00034828297622547605,0.0003619985085280506,0.0004056152820834941,6.47466346465128e-05
sitting,7,7,5,0.00038124285169653085,0.00028393119920153793,0.0001964862978263494,0.00020244541870664064,0.0001548063938549276,8.829086542706294e-05
situation,27,9,8,0.00038124285169653085,0.0002208353771567516,0.00012812990310436502,7.53417297328084e-05,5.908312787246985e-05,0.0003237331732325643
six,20,3,4,0.00038124285169653085,0.0006625061314702545,0.0008305234720487999,0.00047099356514397167,0.0010627710714187356,0.0002413283655006388
skills,8,6,5,0.00038124285169653085,0.0003312530657351272,0.00025540261425089115,0.0002191807834560667,0.00025058299844920657,0.00010006298081733804
slightly,5,8,6,0.00038124285169653085,0.00024843979930134564,0.00015655740218654355,0.00013543201643637974,9.563705329842936e-05,6.47466346465128e-05
small,22,5,4,0.00038124285169653085,0.00039750367888215276,0.00034828297622547605,0.0003619985085280506,0.0004056152820834941,0.00026487259628118863
smaller,6,7,5,0.00038124285169653085,0.00028393119920153793,0.0001964862978263494,0.00020244541870664064,0.0001548063938549276,7.65187500367878e-05
smart,5,5,5,0.00038124285169653085,0.00039750367888215276,0.00034828297622547605,0.00024076914737248623,0.0004056152820834941,6.47466346465128e-05
so,217,2,2,0.00038124285169653085,0.0009937591972053819,0.0016554907232327733,0.0020600976577472676,0.0017202930389990817,0.002560435097384824
social,14,6,5,0.00038124285169653085,0.0003312530657351272,0.00025540261425089115,0.0002191807834560667,0.00025058299844920657,0.00017069567315898835
society,12,7,7,0.00038124285169653085,0.00028393119920153793,0.0001964862978263494,0.00010945978702192117,0.0001548063938549276,0.00014715144237843818
software,5,8,7,0.00038124285169653085,0.00024843979930134564,0.00015655740218654355,0.00010218192614137219,9.563705329842936e-05,6.47466346465128e-05
soil,6,4,3,0.00038124285169653085,0.0004968795986026909,0.0005090965792197441,0.0006870197387222442,0.0006565639252378155,7.65187500367878e-05
soldiers,16,8,6,0.00038124285169653085,0.00024843979930134564,0.00015655740218654355,0.00013543201643637974,9.563705329842936e-05,0.00019423990393953826
solution,16,8,7,0.00038124285169653085,0.00024843979930134564,0.00015655740218654355,0.00010218192614137219,9.563705329842936e-05,0.00019423990393953826
some,189,4,3,0.00038124285169653085,0.0004968795986026909,0.0005090965792197441,0.0006870197387222442,0.0006565639252378155,0.0022308158664571223
somehow,6,7,5,0.00038124285169653085,0.00028393119920153793,0.0001964862978263494,0.00020244541870664064,0.0001548063938549276,7.65187500367878e-05
someone,32,7,6,0.00038124285169653085,0.00028393119920153793,0.0001964862978263494,0.00014507809976654283,0.0001548063938549276,0.0003825937501839394
something,35,9,6,0.00038124285169653085,0.0002208353771567516,0.00012812990310436502,0.0001274573437937484,5.908312787246985e-05,0.00041791009635476435
sometime,5,8,6,0.00038124285169653085,0.00024843979930134564,0.00015655740218654355,0.00013543201643637974,9.563705329842936e-05,6.47466346465128e-05
sometimes,8,9,7,0.00038124285169653085,0.0002208353771567516,0.00012812990310436502,9.616512573912911e-05,5.908312787246985e-05,0.00010006298081733804
somewhat,10,8,6,0.00038124285169653085,0.00024843979930134564,0.00015655740218654355,0.00013543201643637974,9.563705329842936e-05,0.000123607211597888
son,10,3,3,0.00038124285169653085,0.0006625061314702545,0.0008305234720487999,0.0007967906891717805,0.0010627710714187356,0.000123607211597888
song,9,4,3,0.00038124285169653085,0.0004968795986026909,0.0005090965792197441,0.0006870197387222442,0.0006565639252378155,0.00011183509620761298
soon,35,4,3,0.00038124285169653085,0.0004968795986026909,0.0005090965792197441,0.0006870197387222442,0.0006565639252378155,0.00041791009635476435
sorry,19,5,4,0.00038124285169653085,0.00039750367888215276,0.00034828297622547605,0.0003619985085280506,0.0004056152820834941,0.0002295562501103637
sort,9,4,4,0.00038124285169653085,0.0004968795986026909,0.0005090965792197441,0.00040610649755635955,0.0006565639252378155,0.00011183509620761298
sought,8,6,3,0.00038124285169653085,0.0003312530657351272,0.00025540261425089115,0.0005574907914759439,0.00025058299844920657,0.00010006298081733804
sound,11,5,4,0.00038124285169653085,0.00039750367888215276,0.00034828297622547605,0.0003619985085280506,0.0004056152820834941,0.0001353793269881631
sounds,7,6,5,0.00038124285169653085,0.0003312530657351272,0.00025540261425089115,0.0002191807834560667,0.00025058299844920657,8.829086542706294e-05
source,11,6,4,0.00038124285169653085,0.0003312530657351272,0.00025540261425089115,0.00032954021549262946,0.00025058299844920657,0.0001353793269881631
sources,13,7,6,0.00038124285169653085,0.00028393119920153793,0.0001964862978263494,0.00014507809976654283,0.0001548063938549276,0.0001589235577687132
south,18,5,3,0.00038124285169653085,0.00039750367888215276,0.00034828297622547605,0.0006124012352505361,0.0004056152820834941,0.00021778413472008836
southern,7,8,5,0.00038124285169653085,0.00024843979930134564,0.00015655740218654355,0.0001889850454194499,9.563705329842936e-05,8.829086542706294e-05
space,36,5,4,0.00038124285169653085,0.00039750367888215276,0.00034828297622547605,0.0003619985085280506,0.0004056152820834941,0.0004296822117450397
spain,9,5,4,0.00038124285169653085,0.00039750367888215276,0.00034828297622547605,0.0003619985085280506,0.0004056152820834941,0.00011183509620761298
spanish,7,7,6,0.00038124285169653085,0.00028393119920153793,0.0001964862978263494,0.00014507809976654283,0.0001548063938549276,8.829086542706294e-05
speak,9,5,4,0.00038124285169653085,0.00039750367888215276,0.00034828297622547605,0.0003619985085280506,0.0004056152820834941,0.00011183509620761298
special,17,7,6,0.00038124285169653085,0.00028393119920153793,0.0001964862978263494,0.00014507809976654283,0.0001548063938549276,0.0002060120193298133
specialist,9,10,9,0.00038124285169653085,0.00019875183944107635,0.00010710399599861124,5.7540833262736305e-05,3.6500664531159836e-05,0.00011183509620761298
species,21,7,6,0.00038124285169653085,0.00028393119920153793,0.0001964862978263494,0.00014507809976654283,0.0001548063938549276,0.0002531004808909135
specific,10,8,8,0.00038124285169653085,0.00024843979930134564,0.00015655740218654355,8.005566470952506e-05,9.563705329842936e-05,0.000123607211597888
specifically,5,12,10,0.00038124285169653085,0.0001656265328675636,7.854142304403973e-05,4.320704893103759e-05,1.3930777510040114e-05,6.47466346465128e-05
speech,5,6,4,0.00038124285169653085,0.0003312530657351272,0.00025540261425089115,0.00032954021549262946,0.00025058299844920657,6.47466346465128e-05
speed,7,5,4,0.00038124285169653085,0.00039750367888215276,0.00034828297622547605,0.0003619985085280506,0.0004056152820834941,8.829086542706294e-05
spend,5,5,5,0.00038124285169653085,0.00039750367888215276,0.00034828297622547605,0.00024076914737248623,0.0004056152820834941,6.47466346465128e-05
spending,7,8,7,0.00038124285169653085,0.00024843979930134564,0.00015655740218654355,0.00010218192614137219,9.563705329842936e-05,8.829086542706294e-05
spent,17,5,5,0.00038124285169653085,0.00039750367888215276,0.00034828297622547605,0.00024076914737248623,0.0004056152820834941,0.0002060120193298133
spirit,6,6,6,0.00038124285169653085,0.0003312530657351272,0.00025540261425089115,0.00015707113439413758,0.00025058299844920657,7.65187500367878e-05
spiritual,11,9,9,0.00038124285169653085,0.0002208353771567516,0.00012812990310436502,6.0750914866702875e-05,5.908312787246985e-05,0.0001353793269881631
spoke,10,5,4,0.00038124285169653085,0.00039750367888215276,0.00034828297622547605,0.0003619985085280506,0.0004056152820834941,0.000123607211597888
spokesman,11,9,8,0.00038124285169653085,0.0002208353771567516,0.00012812990310436502,7.53417297328084e-05,5.908312787246985e-05,0.0001353793269881631
spread,5,6,5,0.00038124285169653085,0.0003312530657351272,0.00025540261425089115,0.0002191807834560667,0.00025058299844920657,6.47466346465128e-05
spreadsheet,5,11,8,0.00038124285169653085,0.00018068349040097835,9.10723338548153e-05,6.794088715125928e-05,2.2549559564483765e-05,6.47466346465128e-05
spring,8,6,5,0.00038124285169653085,0.0003312530657351272,0.00025540261425089115,0.0002191807834560667,0.00025058299844920657,0.00010006298081733804
sri,19,3,3,0.00038124285169653085,0.0006625061314702545,0.0008305234720487999,0.0007967906891717805,0.0010627710714187356,0.0002295562501103637
ss,6,2,4,0.00038124285169653085,0.0009937591972053819,0.0016554907232327733,0.0005804255083898234,0.0017202930389990817,7.65187500367878e-05
st,49,2,5,0.00038124285169653085,0.0009937591972053819,0.0016554907232327733,0.0003860473219530703,0.0017202930389990817,0.000582719711818615
stability,8,9,9,0.00038124285169653085,0.0002208353771567516,0.00012812990310436502,6.0750914866702875e-05,5.908312787246985e-05,0.00010006298081733804
staff,12,5,4,0.00038124285169653085,0.00039750367888215276,0.00034828297622547605,0.0003619985085280506,0.0004056152820834941,0.00014715144237843818
stage,7,5,4,0.00038124285169653085,0.00039750367888215276,0.00034828297622547605,0.0003619985085280506,0.0004056152820834941,8.829086542706294e-05
stan,7,4,4,0.00038124285169653085,0.0004968795986026909,0.0005090965792197441,0.00040610649755635955,0.0006565639252378155,8.829086542706294e-05
stand,9,5,5,0.00038124285169653085,0.00039750367888215276,0.00034828297622547605,0.00024076914737248623,0.0004056152820834941,0.00011183509620761298
standard,10,8,7,0.00038124285169653085,0.00024843979930134564,0.00015655740218654355,0.00010218192614137219,9.563705329842936e-05,0.000123607211597888
standards,13,9,8,0.00038124285169653085,0.0002208353771567516,0.00012812990310436502,7.53417297328084e-05,5.908312787246985e-05,0.0001589235577687132
stands,7,6,6,0.00038124285169653085,0.0003312530657351272,0.00025540261425089115,0.00015707113439413758,0.00025058299844920657,8.829086542706294e-05
start,23,5,5,0.00038124285169653085,0.00039750367888215276,0.00034828297622547605,0.00024076914737248623,0.0004056152820834941,0.00027664471167146394
started,20,7,7,0.00038124285169653085,0.00028393119920153793,0.0001964862978263494,0.00010945978702192117,0.0001548063938549276,0.0002413283655006388
starting,12,8,7,0.00038124285169653085,0.00024843979930134564,0.00015655740218654355,0.00010218192614137219,9.563705329842936e-05,0.00014715144237843818
state,55,5,4,0.00038124285169653085,0.00039750367888215276,0.00034828297622547605,0.0003619985085280506,0.0004056152820834941,0.0006533524041602659
stated,12,6,6,0.00038124285169653085,0.0003312530657351272,0.00025540261425089115,0.00015707113439413758,0.00025058299844920657,0.00014715144237843818
statement,12,9,8,0.00038124285169653085,0.0002208353771567516,0.00012812990310436502,7.53417297328084e-05,5.908312787246985e-05,0.00014715144237843818
statements,12,10,9,0.00038124285169653085,0.00019875183944107635,0.00010710399599861124,5.7540833262736305e-05,3.6500664531159836e-05,0.00014715144237843818
states,80,6,5,0.00038124285169653085,0.0003312530657351272,0.00025540261425089115,0.0002191807834560667,0.00025058299844920657,0.0009476552889171418
station,8,7,6,0.00038124285169653085,0.00028393119920153793,0.0001964862978263494,0.00014507809976654283,0.0001548063938549276,0.00010006298081733804
status,13,6,6,0.00038124285169653085,0.0003312530657351272,0.00025540261425089115,0.00015707113439413758,0.00025058299844920657,0.0001589235577687132
stay,6,4,3,0.00038124285169653085,0.0004968795986026909,0.0005090965792197441,0.0006870197387222442,0.0006565639252378155,7.65187500367878e-05
step,15,4,4,0.00038124285169653085,0.0004968795986026909,0.0005090965792197441,0.00040610649755635955,0.0006565639252378155,0.00018246778854926347
stephanie,6,9,7,0.00038124285169653085,0.0002208353771567516,0.00012812990310436502,9.616512573912911e-05,5.908312787246985e-05,7.65187500367878e-05
steps,12,5,5,0.00038124285169653085,0.00039750367888215276,0.00034828297622547605,0.00024076914737248623,0.0004056152820834941,0.00014715144237843818
steve,13,5,4,0.00038124285169653085,0.00039750367888215276,0.00034828297622547605,0.0003619985085280506,0.0004056152820834941,0.0001589235577687132
still,77,5,4,0.00038124285169653085,0.00039750367888215276,0.00034828297622547605,0.0003619985085280506,0.0004056152820834941,0.0009123389427463166
stock,16,5,4,0.00038124285169653085,0.00039750367888215276,0.00034828297622547605,0.0003619985085280506,0.0004056152820834941,0.00019423990393953826
stones,6,6,5,0.00038124285169653085,0.0003312530657351272,0.00025540261425089115,0.0002191807834560667,0.00025058299844920657,7.65187500367878e-05
stop,16,4,4,0.00038124285169653085,0.0004968795986026909,0.0005090965792197441,0.00040610649755635955,0.0006565639252378155,0.00019423990393953826
stopped,6,7,5,0.00038124285169653085,0.00028393119920153793,0.0001964862978263494,0.00020244541870664064,0.0001548063938549276,7.65187500367878e-05
storage,6,7,6,0.00038124285169653085,0.00028393119920153793,0.0001964862978263494,0.00014507809976654283,0.0001548063938549276,7.65187500367878e-05
stories,9,7,6,0.00038124285169653085,0.00028393119920153793,0.0001964862978263494,0.00014507809976654283,0.0001548063938549276,0.00011183509620761298
storm,9,5,5,0.00038124285169653085,0.00039750367888215276,0.00034828297622547605,0.00024076914737248623,0.0004056152820834941,0.00011183509620761298
story,18,5,5,0.00038124285169653085,0.00039750367888215276,0.00034828297622547605,0.00024076914737248623,0.0004056152820834941,0.00021778413472008836
strain,12,6,5,0.00038124285169653085,0.0003312530657351272,0.00025540261425089115,0.0002191807834560667,0.00025058299844920657,0.00014715144237843818
strategy,10,8,8,0.00038124285169653085,0.00024843979930134564,0.00015655740218654355,8.005566470952506e-05,9.563705329842936e-05,0.000123607211597888
street,15,6,5,0.00038124285169653085,0.0003312530657351272,0.00025540261425089115,0.0002191807834560667,0.00025058299844920657,0.00018246778854926347
strength,6,8,7,0.00038124285169653085,0.00024843979930134564,0.00015655740218654355,0.00010218192614137219,9.563705329842936e-05,7.65187500367878e-05
strengthen,7,10,8,0.00038124285169653085,0.00019875183944107635,0.00010710399599861124,7.13606686877693e-05,3.6500664531159836e-05,8.829086542706294e-05
strike,6,6,5,0.00038124285169653085,0.0003312530657351272,0.00025540261425089115,0.0002191807834560667,0.00025058299844920657,7.65187500367878e-05
strong,24,6,5,0.00038124285169653085,0.0003312530657351272,0.00025540261425089115,0.0002191807834560667,0.00025058299844920657,0.00028841682706173886
structure,7,9,7,0.00038124285169653085,0.0002208353771567516,0.00012812990310436502,9.616512573912911e-05,5.908312787246985e-05,8.829086542706294e-05
studies,7,7,6,0.00038124285169653085,0.00028393119920153793,0.0001964862978263494,0.00014507809976654283,0.0001548063938549276,8.829086542706294e-05
stuff,7,5,4,0.00038124285169653085,0.00039750367888215276,0.00034828297622547605,0.0003619985085280506,0.0004056152820834941,8.829086542706294e-05
subject,30,7,7,0.00038124285169653085,0.00028393119920153793,0.0001964862978263494,0.00010945978702192117,0.0001548063938549276,0.0003590495194033891
substantial,5,11,10,0.00038124285169653085,0.00018068349040097835,9.10723338548153e-05,4.518822339255976e-05,2.2549559564483765e-05,6.47466346465128e-05
substantially,5,13,11,0.00038124285169653085,0.00015288603033928946,6.854248002491098e-05,3.483348782527399e-05,8.606224058579877e-06,6.47466346465128e-05
success,9,7,6,0.00038124285169653085,0.00028393119920153793,0.0001964862978263494,0.00014507809976654283,0.0001548063938549276,0.00011183509620761298
successful,8,10,9,0.00038124285169653085,0.00019875183944107635,0.00010710399599861124,5.7540833262736305e-05,3.6500664531159836e-05,0.00010006298081733804
such,67,4,3,0.00038124285169653085,0.0004968795986026909,0.0005090965792197441,0.0006870197387222442,0.0006565639252378155,0.0007946177888435662
sudan,6,5,5,0.00038124285169653085,0.00039750367888215276,0.00034828297622547605,0.00024076914737248623,0.0004056152820834941,7.65187500367878e-05
sue,5,3,2,0.00038124285169653085,0.0006625061314702545,0.0008305234720487999,0.0016716921057774523,0.0010627710714187356,6.47466346465128e-05
suffer,8,6,4,0.00038124285169653085,0.0003312530657351272,0.00025540261425089115,0.00032954021549262946,0.00025058299844920657,0.00010006298081733804
suggest,11,7,6,0.00038124285169653085,0.00028393119920153793,0.0001964862978263494,0.00014507809976654283,0.0001548063938549276,0.0001353793269881631
suggestion,6,10,8,0.00038124285169653085,0.00019875183944107635,0.00010710399599861124,7.13606686877693e-05,3.6500664531159836e-05,7.65187500367878e-05
suggestions,5,11,9,0.00038124285169653085,0.00018068349040097835,9.10723338548153e-05,5.478333276833534e-05,2.2549559564483765e-05,6.47466346465128e-05
suicide,25,7,6,0.00038124285169653085,0.00028393119920153793,0.0001964862978263494,0.00014507809976654283,0.0001548063938549276,0.00030018894245201395
suite,6,5,4,0.00038124285169653085,0.00039750367888215276,0.00034828297622547605,0.0003619985085280506,0.0004056152820834941,7.65187500367878e-05
summary,6,7,5,0.00038124285169653085,0.00028393119920153793,0.0001964862978263494,0.00020244541870664064,0.0001548063938549276,7.65187500367878e-05
summer,12,6,4,0.00038124285169653085,0.0003312530657351272,0.00025540261425089115,0.00032954021549262946,0.00025058299844920657,0.00014715144237843818
sun,14,3,3,0.00038124285169653085,0.0006625061314702545,0.0008305234720487999,0.0007967906891717805,0.0010627710714187356,0.00017069567315898835
sunburn,5,7,6,0.00038124285169653085,0.00028393119920153793,0.0001964862978263494,0.00014507809976654283,0.0001548063938549276,6.47466346465128e-05
sunday,14,6,5,0.00038124285169653085,0.0003312530657351272,0.00025540261425089115,0.0002191807834560667,0.00025058299844920657,0.00017069567315898835
sunni,13,5,4,0.00038124285169653085,0.00039750367888215276,0.00034828297622547605,0.0003619985085280506,0.0004056152820834941,0.0001589235577687132
supplies,9,8,6,0.00038124285169653085,0.00024843979930134564,0.00015655740218654355,0.00013543201643637974,9.563705329842936e-05,0.00011183509620761298
support,32,7,6,0.00038124285169653085,0.00028393119920153793,0.0001964862978263494,0.00014507809976654283,0.0001548063938549276,0.0003825937501839394
supporters,10,10,8,0.00038124285169653085,0.00019875183944107635,0.00010710399599861124,7.13606686877693e-05,3.6500664531159836e-05,0.000123607211597888
supporting,6,10,8,0.00038124285169653085,0.00019875183944107635,0.00010710399599861124,7.13606686877693e-05,3.6500664531159836e-05,7.65187500367878e-05
supposed,5,8,6,0.00038124285169653085,0.00024843979930134564,0.00015655740218654355,0.00013543201643637974,9.563705329842936e-05,6.47466346465128e-05
supreme,16,7,6,0.00038124285169653085,0.00028393119920153793,0.0001964862978263494,0.00014507809976654283,0.0001548063938549276,0.00019423990393953826
sure,49,4,3,0.00038124285169653085,0.0004968795986026909,0.0005090965792197441,0.0006870197387222442,0.0006565639252378155,0.000582719711818615
surgery,6,7,5,0.00038124285169653085,0.00028393119920153793,0.0001964862978263494,0.00020244541870664064,0.0001548063938549276,7.65187500367878e-05
surrounded,8,10,7,0.00038124285169653085,0.00019875183944107635,0.00010710399599861124,9.108375533087037e-05,3.6500664531159836e-05,0.00010006298081733804
surrounding,9,11,7,0.00038124285169653085,0.00018068349040097835,9.10723338548153e-05,8.671879420474386e-05,2.2549559564483765e-05,0.00011183509620761298
susan,12,5,5,0.00038124285169653085,0.00039750367888215276,0.00034828297622547605,0.00024076914737248623,0.0004056152820834941,0.00014715144237843818
suspect,6,7,7,0.00038124285169653085,0.00028393119920153793,0.0001964862978263494,0.00010945978702192117,0.0001548063938549276,7.65187500367878e-05
suspected,7,9,9,0.00038124285169653085,0.0002208353771567516,0.00012812990310436502,6.0750914866702875e-05,5.908312787246985e-05,8.829086542706294e-05
swap,6,4,4,0.00038124285169653085,0.0004968795986026909,0.0005090965792197441,0.00040610649755635955,0.0006565639252378155,7.65187500367878e-05
swift,5,5,5,0.00038124285169653085,0.00039750367888215276,0.00034828297622547605,0.00024076914737248623,0.0004056152820834941,6.47466346465128e-05
syria,17,5,5,0.00038124285169653085,0.00039750367888215276,0.00034828297622547605,0.00024076914737248623,0.0004056152820834941,0.0002060120193298133
syrian,7,6,6,0.00038124285169653085,0.0003312530657351272,0.00025540261425089115,0.00015707113439413758,0.00025058299844920657,8.829086542706294e-05
system,43,6,6,0.00038124285169653085,0.0003312530657351272,0.00025540261425089115,0.00015707113439413758,0.00025058299844920657,0.0005120870194769648
systems,12,7,7,0.00038124285169653085,0.00028393119920153793,0.0001964862978263494,0.00010945978702192117,0.0001548063938549276,0.00014715144237843818
t,19,1,2,0.00038124285169653085,0.0019875183944107638,0.0053833587703735275,0.002944383400722856,0.0027846148804916812,0.0002295562501103637
taiwan,6,6,5,0.00038124285169653085,0.0003312530657351272,0.00025540261425089115,0.0002191807834560667,0.00025058299844920657,7.65187500367878e-05
take,76,4,3,0.00038124285169653085,0.0004968795986026909,0.0005090965792197441,0.0006870197387222442,0.0006565639252378155,0.0009005668273560421
taken,20,5,5,0.00038124285169653085,0.00039750367888215276,0.00034828297622547605,0.00024076914737248623,0.0004056152820834941,0.0002413283655006388
takes,11,5,4,0.00038124285169653085,0.00039750367888215276,0.00034828297622547605,0.0003619985085280506,0.0004056152820834941,0.0001353793269881631
taking,30,6,5,0.00038124285169653085,0.0003312530657351272,0.00025540261425089115,0.0002191807834560667,0.00025058299844920657,0.0003590495194033891
taliban,32,7,7,0.00038124285169653085,0.00028393119920153793,0.0001964862978263494,0.00010945978702192117,0.0001548063938549276,0.0003825937501839394
talk,38,4,3,0.00038124285169653085,0.0004968795986026909,0.0005090965792197441,0.0006870197387222442,0.0006565639252378155,0.0004532264425255896
talked,8,6,4,0.00038124285169653085,0.0003312530657351272,0.00025540261425089115,0.00032954021549262946,0.00025058299844920657,0.00010006298081733804
talking,17,7,5,0.00038124285169653085,0.00028393119920153793,0.0001964862978263494,0.00020244541870664064,0.0001548063938549276,0.0002060120193298133
talks,6,5,4,0.00038124285169653085,0.00039750367888215276,0.00034828297622547605,0.0003619985085280506,0.0004056152820834941,7.65187500367878e-05
tamil,13,5,5,0.00038124285169653085,0.00039750367888215276,0.00034828297622547605,0.00024076914737248623,0.0004056152820834941,0.0001589235577687132
tamils,5,6,6,0.00038124285169653085,0.0003312530657351272,0.00025540261425089115,0.00015707113439413758,0.00025058299844920657,6.47466346465128e-05
target,5,6,6,0.00038124285169653085,0.0003312530657351272,0.00025540261425089115,0.00015707113439413758,0.00025058299844920657,6.47466346465128e-05
targets,11,7,7,0.00038124285169653085,0.00028393119920153793,0.0001964862978263494,0.00010945978702192117,0.0001548063938549276,0.0001353793269881631
task,14,4,4,0.00038124285169653085,0.0004968795986026909,0.0005090965792197441,0.00040610649755635955,0.0006565639252378155,0.00017069567315898835
tax,26,3,4,0.00038124285169653085,0.0006625061314702545,0.0008305234720487999,0.00047099356514397167,0.0010627710714187356,0.00031196105784228904
taxes,7,5,6,0.00038124285169653085,0.00039750367888215276,0.00034828297622547605,0.00017254196516952429,0.0004056152820834941,8.829086542706294e-05
team,19,4,3,0.00038124285169653085,0.0004968795986026909,0.0005090965792197441,0.0006870197387222442,0.0006565639252378155,0.0002295562501103637
technical,8,9,8,0.00038124285169653085,0.0002208353771567516,0.00012812990310436502,7.53417297328084e-05,5.908312787246985e-05,0.00010006298081733804
technology,12,10,9,0.00038124285169653085,0.00019875183944107635,0.00010710399599861124,5.7540833262736305e-05,3.6500664531159836e-05,0.00014715144237843818
ted,6,3,3,0.00038124285169653085,0.0006625061314702545,0.0008305234720487999,0.0007967906891717805,0.0010627710714187356,7.65187500367878e-05
tell,25,4,3,0.00038124285169653085,0.0004968795986026909,0.0005090965792197441,0.0006870197387222442,0.0006565639252378155,0.00030018894245201395
ten,10,3,3,0.00038124285169653085,0.0006625061314702545,0.0008305234720487999,0.0007967906891717805,0.0010627710714187356,0.000123607211597888
tens,7,4,4,0.00038124285169653085,0.0004968795986026909,0.0005090965792197441,0.00040610649755635955,0.0006565639252378155,8.829086542706294e-05
tensions,5,8,7,0.00038124285169653085,0.00024843979930134564,0.00015655740218654355,0.00010218192614137219,9.563705329842936e-05,6.47466346465128e-05
tent,6,4,4,0.00038124285169653085,0.0004968795986026909,0.0005090965792197441,0.00040610649755635955,0.0006565639252378155,7.65187500367878e-05
term,17,4,3,0.00038124285169653085,0.0004968795986026909,0.0005090965792197441,0.0006870197387222442,0.0006565639252378155,0.0002060120193298133
terms,10,5,4,0.00038124285169653085,0.00039750367888215276,0.00034828297622547605,0.0003619985085280506,0.0004056152820834941,0.000123607211597888
territory,7,9,8,0.00038124285169653085,0.0002208353771567516,0.00012812990310436502,7.53417297328084e-05,5.908312787246985e-05,8.829086542706294e-05
terror,21,6,4,0.00038124285169653085,0.0003312530657351272,0.00025540261425089115,0.00032954021549262946,0.00025058299844920657,0.0002531004808909135
terrorism,14,9,8,0.00038124285169653085,0.0002208353771567516,0.00012812990310436502,7.53417297328084e-05,5.908312787246985e-05,0.00017069567315898835
terrorist,19,9,7,0.00038124285169653085,0.0002208353771567516,0.00012812990310436502,9.616512573912911e-05,5.908312787246985e-05,0.0002295562501103637
terrorists,12,10,8,0.00038124285169653085,0.00019875183944107635,0.00010710399599861124,7.13606686877693e-05,3.6500664531159836e-05,0.00014715144237843818
terry,9,5,4,0.00038124285169653085,0.00039750367888215276,0.00034828297622547605,0.0003619985085280506,0.0004056152820834941,0.00011183509620761298
test,13,4,4,0.00038124285169653085,0.0004968795986026909,0.0005090965792197441,0.00040610649755635955,0.0006565639252378155,0.0001589235577687132
testimony,7,9,9,0.00038124285169653085,0.0002208353771567516,0.00012812990310436502,6.0750914866702875e-05,5.908312787246985e-05,8.829086542706294e-05
texas,38,5,6,0.00038124285169653085,0.00039750367888215276,0.00034828297622547605,0.00017254196516952429,0.0004056152820834941,0.0004532264425255896
text,9,4,5,0.00038124285169653085,0.0004968795986026909,0.0005090965792197441,0.00027010585086842897,0.0006565639252378155,0.00011183509620761298
th,40,2,4,0.00038124285169653085,0.0009937591972053819,0.0016554907232327733,0.0005804255083898234,0.0017202930389990817,0.0004767706733061398
than,101,4,3,0.00038124285169653085,0.0004968795986026909,0.0005090965792197441,0.0006870197387222442,0.0006565639252378155,0.0011948697121129186
thane,7,5,3,0.00038124285169653085,0.00039750367888215276,0.00034828297622547605,0.0006124012352505361,0.0004056152820834941,8.829086542706294e-05
thank,40,5,4,0.00038124285169653085,0.00039750367888215276,0.00034828297622547605,0.0003619985085280506,0.0004056152820834941,0.0004767706733061398
thanks,156,6,5,0.00038124285169653085,0.0003312530657351272,0.00025540261425089115,0.0002191807834560667,0.00025058299844920657,0.0018423360585780467
that,1232,4,3,0.00038124285169653085,0.0004968795986026909,0.0005090965792197441,0.0006870197387222442,0.0006565639252378155,0.014509132218514013
that's,19,5,4,0.00038124285169653085,0.00039750367888215276,0.00034828297622547605,0.0003619985085280506,0.0004056152820834941,0.0002295562501103637
the,5655,3,2,0.00038124285169653085,0.0006625061314702545,0.0008305234720487999,0.0016716921057774523,0.0010627710714187356,0.06657719858970057
their,209,5,3,0.00038124285169653085,0.00039750367888215276,0.00034828297622547605,0.0006124012352505361,0.0004056152820834941,0.002466258174262625
them,126,4,3,0.00038124285169653085,0.0004968795986026909,0.0005090965792197441,0.0006870197387222442,0.0006565639252378155,0.0014891725968697942
themselves,20,10,8,0.00038124285169653085,0.00019875183944107635,0.00010710399599861124,7.13606686877693e-05,3.6500664531159836e-05,0.0002413283655006388
then,75,4,3,0.00038124285169653085,0.0004968795986026909,0.0005090965792197441,0.0006870197387222442,0.0006565639252378155,0.0008887947119657664
theory,15,6,4,0.00038124285169653085,0.0003312530657351272,0.00025540261425089115,0.00032954021549262946,0.00025058299844920657,0.00018246778854926347
there,218,5,3,0.00038124285169653085,0.00039750367888215276,0.00034828297622547605,0.0006124012352505361,0.0004056152820834941,0.0025722072127751005
there's,9,6,4,0.00038124285169653085,0.0003312530657351272,0.00025540261425089115,0.00032954021549262946,0.00025058299844920657,0.00011183509620761298
therefore,10,9,6,0.00038124285169653085,0.0002208353771567516,0.00012812990310436502,0.0001274573437937484,5.908312787246985e-05,0.000123607211597888
these,129,5,3,0.00038124285169653085,0.00039750367888215276,0.00034828297622547605,0.0006124012352505361,0.0004056152820834941,0.00152448894304062
they,350,4,2,0.00038124285169653085,0.0004968795986026909,0.0005090965792197441,0.0014413891745259336,0.0006565639252378155,0.004126126444291406
they're,12,6,3,0.00038124285169653085,0.0003312530657351272,0.00025540261425089115,0.0005574907914759439,0.00025058299844920657,0.00014715144237843818
thing,26,5,3,0.00038124285169653085,0.00039750367888215276,0.00034828297622547605,0.0006124012352505361,0.0004056152820834941,0.00031196105784228904
things,33,6,4,0.00038124285169653085,0.0003312530657351272,0.00025540261425089115,0.00032954021549262946,0.00025058299844920657,0.00039436586557421445
think,109,5,4,0.00038124285169653085,0.00039750367888215276,0.00034828297622547605,0.0003619985085280506,0.0004056152820834941,0.0012890466352351183
thinking,19,8,6,0.00038124285169653085,0.00024843979930134564,0.00015655740218654355,0.00013543201643637974,9.563705329842936e-05,0.0002295562501103637
third,17,5,3,0.00038124285169653085,0.00039750367888215276,0.00034828297622547605,0.0006124012352505361,0.0004056152820834941,0.0002060120193298133
this,668,4,3,0.00038124285169653085,0.0004968795986026909,0.0005090965792197441,0.0006870197387222442,0.0006565639252378155,0.007869659138398873
those,90,5,3,0.00038124285169653085,0.00039750367888215276,0.00034828297622547605,0.0006124012352505361,0.0004056152820834941,0.0010653764428198926
though,30,6,2,0.00038124285169653085,0.0003312530657351272,0.00025540261425089115,0.0011696333401218233,0.00025058299844920657,0.0003590495194033891
thought,31,7,3,0.00038124285169653085,0.00028393119920153793,0.0001964862978263494,0.000514924050027708,0.0001548063938549276,0.00037082163479366443
thoughts,11,8,4,0.00038124285169653085,0.00024843979930134564,0.00015655740218654355,0.0002841406605560981,9.563705329842936e-05,0.0001353793269881631
thousands,14,9,7,0.00038124285169653085,0.0002208353771567516,0.00012812990310436502,9.616512573912911e-05,5.908312787246985e-05,0.00017069567315898835
threat,25,6,4,0.00038124285169653085,0.0003312530657351272,0.00025540261425089115,0.00032954021549262946,0.00025058299844920657,0.00030018894245201395
threatened,6,10,7,0.00038124285169653085,0.00019875183944107635,0.00010710399599861124,9.108375533087037e-05,3.6500664531159836e-05,7.65187500367878e-05
threats,5,7,5,0.00038124285169653085,0.00028393119920153793,0.0001964862978263494,0.00020244541870664064,0.0001548063938549276,6.47466346465128e-05
three,48,5,3,0.00038124285169653085,0.00039750367888215276,0.00034828297622547605,0.0006124012352505361,0.0004056152820834941,0.00057094759642834
through,68,7,3,0.00038124285169653085,0.00028393119920153793,0.0001964862978263494,0.000514924050027708,0.0001548063938549276,0.0008063899042338411
throughout,6,10,5,0.00038124285169653085,0.00019875183944107635,0.00010710399599861124,0.00016845902488041943,3.6500664531159836e-05,7.65187500367878e-05
thursday,28,8,5,0.00038124285169653085,0.00024843979930134564,0.00015655740218654355,0.0001889850454194499,9.563705329842936e-05,0.000335505288622839
thus,10,4,3,0.00038124285169653085,0.0004968795986026909,0.0005090965792197441,0.0006870197387222442,0.0006565639252378155,0.000123607211597888
tickets,7,7,6,0.00038124285169653085,0.00028393119920153793,0.0001964862978263494,0.00014507809976654283,0.0001548063938549276,8.829086542706294e-05
tigers,12,6,5,0.00038124285169653085,0.0003312530657351272,0.00025540261425089115,0.0002191807834560667,0.00025058299844920657,0.00014715144237843818
time,173,4,3,0.00038124285169653085,0.0004968795986026909,0.0005090965792197441,0.0006870197387222442,0.0006565639252378155,0.002042462020212722
times,29,5,4,0.00038124285169653085,0.00039750367888215276,0.00034828297622547605,0.0003619985085280506,0.0004056152820834941,0.00034727740401311414
timing,5,6,5,0.00038124285169653085,0.0003312530657351272,0.00025540261425089115,0.0002191807834560667,0.00025058299844920657,6.47466346465128e-05
title,6,5,5,0.00038124285169653085,0.00039750367888215276,0.00034828297622547605,0.00024076914737248623,0.0004056152820834941,7.65187500367878e-05
to,2912,2,2,0.00038124285169653085,0.0009937591972053819,0.0016554907232327733,0.0020600976577472676,0.0017202930389990817,0.0342862860741761
today,51,5,4,0.00038124285169653085,0.00039750367888215276,0.00034828297622547605,0.0003619985085280506,0.0004056152820834941,0.0006062639425991653
together,31,8,6,0.00038124285169653085,0.00024843979930134564,0.00015655740218654355,0.00013543201643637974,9.563705329842936e-05,0.00037082163479366443
told,44,4,4,0.00038124285169653085,0.0004968795986026909,0.0005090965792197441,0.00040610649755635955,0.0006565639252378155,0.0005238591348672402
toll,5,4,3,0.00038124285169653085,0.0004968795986026909,0.0005090965792197441,0.0006870197387222442,0.0006565639252378155,6.47466346465128e-05
tom,9,3,3,0.00038124285169653085,0.0006625061314702545,0.0008305234720487999,0.0007967906891717805,0.0010627710714187356,0.00011183509620761298
tomorrow,21,8,6,0.00038124285169653085,0.00024843979930134564,0.00015655740218654355,0.00013543201643637974,9.563705329842936e-05,0.0002531004808909135
tonight,9,7,5,0.00038124285169653085,0.00028393119920153793,0.0001964862978263494,0.00020244541870664064,0.0001548063938549276,0.00011183509620761298
tons,5,4,4,0.00038124285169653085,0.0004968795986026909,0.0005090965792197441,0.00040610649755635955,0.0006565639252378155,6.47466346465128e-05
too,51,3,2,0.00038124285169653085,0.0006625061314702545,0.0008305234720487999,0.0016716921057774523,0.0010627710714187356,0.0006062639425991653
took,24,4,3,0.00038124285169653085,0.0004968795986026909,0.0005090965792197441,0.0006870197387222442,0.0006565639252378155,0.00028841682706173886
tool,10,4,3,0.00038124285169653085,0.0004968795986026909,0.0005090965792197441,0.0006870197387222442,0.0006565639252378155,0.000123607211597888
top,21,3,3,0.00038124285169653085,0.0006625061314702545,0.0008305234720487999,0.0007967906891717805,0.0010627710714187356,0.0002531004808909135
total,20,5,5,0.00038124285169653085,0.00039750367888215276,0.00034828297622547605,0.00024076914737248623,0.0004056152820834941,0.0002413283655006388
totally,7,7,6,0.00038124285169653085,0.00028393119920153793,0.0001964862978263494,0.00014507809976654283,0.0001548063938549276,8.829086542706294e-05
touch,7,5,3,0.00038124285169653085,0.00039750367888215276,0.00034828297622547605,0.0006124012352505361,0.0004056152820834941,8.829086542706294e-05
tough,6,5,3,0.00038124285169653085,0.00039750367888215276,0.00034828297622547605,0.0006124012352505361,0.0004056152820834941,7.65187500367878e-05
tour,5,4,3,0.00038124285169653085,0.0004968795986026909,0.0005090965792197441,0.0006870197387222442,0.0006565639252378155,6.47466346465128e-05
toward,12,6,6,0.00038124285169653085,0.0003312530657351272,0.00025540261425089115,0.00015707113439413758,0.00025058299844920657,0.00014715144237843818
town,12,4,3,0.00038124285169653085,0.0004968795986026909,0.0005090965792197441,0.0006870197387222442,0.0006565639252378155,0.00014715144237843818
track,6,5,4,0.00038124285169653085,0.00039750367888215276,0.00034828297622547605,0.0003619985085280506,0.0004056152820834941,7.65187500367878e-05
trade,17,5,4,0.00038124285169653085,0.00039750367888215276,0.00034828297622547605,0.0003619985085280506,0.0004056152820834941,0.0002060120193298133
trader,6,6,5,0.00038124285169653085,0.0003312530657351272,0.00025540261425089115,0.0002191807834560667,0.00025058299844920657,7.65187500367878e-05
traders,9,7,6,0.00038124285169653085,0.00028393119920153793,0.0001964862978263494,0.00014507809976654283,0.0001548063938549276,0.00011183509620761298
trading,22,7,6,0.00038124285169653085,0.00028393119920153793,0.0001964862978263494,0.00014507809976654283,0.0001548063938549276,0.00026487259628118863
traffic,5,7,6,0.00038124285169653085,0.00028393119920153793,0.0001964862978263494,0.00014507809976654283,0.0001548063938549276,6.47466346465128e-05
train,6,5,4,0.00038124285169653085,0.00039750367888215276,0.00034828297622547605,0.0003619985085280506,0.0004056152820834941,7.65187500367878e-05
trained,6,7,5,0.00038124285169653085,0.00028393119920153793,0.0001964862978263494,0.00020244541870664064,0.0001548063938549276,7.65187500367878e-05
training,12,8,6,0.00038124285169653085,0.00024843979930134564,0.00015655740218654355,0.00013543201643637974,9.563705329842936e-05,0.00014715144237843818
transaction,19,11,10,0.00038124285169653085,0.00018068349040097835,9.10723338548153e-05,4.518822339255976e-05,2.2549559564483765e-05,0.0002295562501103637
transactions,11,12,11,0.00038124285169653085,0.0001656265328675636,7.854142304403973e-05,3.630013456419744e-05,1.3930777510040114e-05,0.0001353793269881631
transfer,8,8,7,0.00038124285169653085,0.00024843979930134564,0.00015655740218654355,0.00010218192614137219,9.563705329842936e-05,0.00010006298081733804
transmission,11,12,10,0.00038124285169653085,0.0001656265328675636,7.854142304403973e-05,4.320704893103759e-05,1.3930777510040114e-05,0.0001353793269881631
transmitted,6,11,10,0.00038124285169653085,0.00018068349040097835,9.10723338548153e-05,4.518822339255976e-05,2.2549559564483765e-05,7.65187500367878e-05
transportation,11,14,12,0.00038124285169653085,0.00014196559960076894,6.042347485439901e-05,2.859920681272414e-05,5.316795311180411e-06,0.0001353793269881631
transwestern,7,12,11,0.00038124285169653085,0.0001656265328675636,7.854142304403973e-05,3.630013456419744e-05,1.3930777510040114e-05,8.829086542706294e-05
travel,9,6,6,0.00038124285169653085,0.0003312530657351272,0.00025540261425089115,0.00015707113439413758,0.00025058299844920657,0.00011183509620761298
travis,5,6,6,0.00038124285169653085,0.0003312530657351272,0.00025540261425089115,0.00015707113439413758,0.00025058299844920657,6.47466346465128e-05
treatments,7,10,9,0.00038124285169653085,0.00019875183944107635,0.00010710399599861124,5.7540833262736305e-05,3.6500664531159836e-05,8.829086542706294e-05
trial,9,5,5,0.00038124285169653085,0.00039750367888215276,0.00034828297622547605,0.00024076914737248623,0.0004056152820834941,0.00011183509620761298
tribe,6,5,4,0.00038124285169653085,0.00039750367888215276,0.00034828297622547605,0.0003619985085280506,0.0004056152820834941,7.65187500367878e-05
trillion,7,8,7,0.00038124285169653085,0.00024843979930134564,0.00015655740218654355,0.00010218192614137219,9.563705329842936e-05,8.829086542706294e-05
trip,11,4,4,0.00038124285169653085,0.0004968795986026909,0.0005090965792197441,0.00040610649755635955,0.0006565639252378155,0.0001353793269881631
troops,7,6,5,0.00038124285169653085,0.0003312530657351272,0.00025540261425089115,0.0002191807834560667,0.00025058299844920657,8.829086542706294e-05
trouble,7,7,6,0.00038124285169653085,0.00028393119920153793,0.0001964862978263494,0.00014507809976654283,0.0001548063938549276,8.829086542706294e-05
truck,7,5,4,0.00038124285169653085,0.00039750367888215276,0.00034828297622547605,0.0003619985085280506,0.0004056152820834941,8.829086542706294e-05
true,15,4,3,0.00038124285169653085,0.0004968795986026909,0.0005090965792197441,0.0006870197387222442,0.0006565639252378155,0.00018246778854926347
truly,5,5,5,0.00038124285169653085,0.00039750367888215276,0.00034828297622547605,0.00024076914737248623,0.0004056152820834941,6.47466346465128e-05
trust,5,5,5,0.00038124285169653085,0.00039750367888215276,0.00034828297622547605,0.00024076914737248623,0.0004056152820834941,6.47466346465128e-05
truth,11,5,4,0.00038124285169653085,0.00039750367888215276,0.00034828297622547605,0.0003619985085280506,0.0004056152820834941,0.0001353793269881631
try,24,3,3,0.00038124285169653085,0.0006625061314702545,0.0008305234720487999,0.0007967906891717805,0.0010627710714187356,0.00028841682706173886
trying,35,6,5,0.00038124285169653085,0.0003312530657351272,0.00025540261425089115,0.0002191807834560667,0.00025058299844920657,0.00041791009635476435
tuesday,16,7,5,0.00038124285169653085,0.00028393119920153793,0.0001964862978263494,0.00020244541870664064,0.0001548063938549276,0.00019423990393953826
turkey,5,6,4,0.00038124285169653085,0.0003312530657351272,0.00025540261425089115,0.00032954021549262946,0.00025058299844920657,6.47466346465128e-05
turn,13,4,3,0.00038124285169653085,0.0004968795986026909,0.0005090965792197441,0.0006870197387222442,0.0006565639252378155,0.0001589235577687132
turned,8,6,4,0.00038124285169653085,0.0003312530657351272,0.00025540261425089115,0.00032954021549262946,0.00025058299844920657,0.00010006298081733804
tv,12,2,4,0.00038124285169653085,0.0009937591972053819,0.0016554907232327733,0.0005804255083898234,0.0017202930389990817,0.00014715144237843818
two,98,3,2,0.00038124285169653085,0.0006625061314702545,0.0008305234720487999,0.0016716921057774523,0.0010627710714187356,0.0011595533659420926
type,10,4,3,0.00038124285169653085,0.0004968795986026909,0.0005090965792197441,0.0006870197387222442,0.0006565639252378155,0.000123607211597888
u,40,1,2,0.00038124285169653085,0.0019875183944107638,0.0053833587703735275,0.002944383400722856,0.0027846148804916812,0.0004767706733061398
uk,9,2,4,0.00038124285169653085,0.0009937591972053819,0.0016554907232327733,0.0005804255083898234,0.0017202930389990817,0.00011183509620761298
un,7,2,2,0.00038124285169653085,0.0009937591972053819,0.0016554907232327733,0.0020600976577472676,0.0017202930389990817,8.829086542706294e-05
unable,7,6,6,0.00038124285169653085,0.0003312530657351272,0.00025540261425089115,0.00015707113439413758,0.00025058299844920657,8.829086542706294e-05
under,61,5,4,0.00038124285169653085,0.00039750367888215276,0.00034828297622547605,0.0003619985085280506,0.0004056152820834941,0.0007239850965019161
understand,31,10,9,0.00038124285169653085,0.00019875183944107635,0.00010710399599861124,5.7540833262736305e-05,3.6500664531159836e-05,0.00037082163479366443
understanding,9,13,11,0.00038124285169653085,0.00015288603033928946,6.854248002491098e-05,3.483348782527399e-05,8.606224058579877e-06,0.00011183509620761298
unfortunately,11,13,12,0.00038124285169653085,0.00015288603033928946,6.854248002491098e-05,2.9712366059972322e-05,8.606224058579877e-06,0.0001353793269881631
union,10,5,6,0.00038124285169653085,0.00039750367888215276,0.00034828297622547605,0.00017254196516952429,0.0004056152820834941,0.000123607211597888
unit,15,4,5,0.00038124285169653085,0.0004968795986026909,0.0005090965792197441,0.00027010585086842897,0.0006565639252378155,0.00018246778854926347
united,81,6,7,0.00038124285169653085,0.0003312530657351272,0.00025540261425089115,0.00011850839613794607,0.00025058299844920657,0.0009594274043074168
units,5,5,6,0.00038124285169653085,0.00039750367888215276,0.00034828297622547605,0.00017254196516952429,0.0004056152820834941,6.47466346465128e-05
unity,6,5,6,0.00038124285169653085,0.00039750367888215276,0.00034828297622547605,0.00017254196516952429,0.0004056152820834941,7.65187500367878e-05
university,18,10,10,0.00038124285169653085,0.00019875183944107635,0.00010710399599861124,4.74627573073367e-05,3.6500664531159836e-05,0.00021778413472008836
unix,5,4,6,0.00038124285169653085,0.0004968795986026909,0.0005090965792197441,0.00019356547473470392,0.0006565639252378155,6.47466346465128e-05
unless,9,6,5,0.00038124285169653085,0.0003312530657351272,0.00025540261425089115,0.0002191807834560667,0.00025058299844920657,0.00011183509620761298
unlimited,5,9,9,0.00038124285169653085,0.0002208353771567516,0.00012812990310436502,6.0750914866702875e-05,5.908312787246985e-05,6.47466346465128e-05
until,29,5,5,0.00038124285169653085,0.00039750367888215276,0.00034828297622547605,0.00024076914737248623,0.0004056152820834941,0.00034727740401311414
up,171,2,2,0.00038124285169653085,0.0009937591972053819,0.0016554907232327733,0.0020600976577472676,0.0017202930389990817,0.0020189177894321723
update,12,6,5,0.00038124285169653085,0.0003312530657351272,0.00025540261425089115,0.0002191807834560667,0.00025058299844920657,0.00014715144237843818
updated,5,7,7,0.00038124285169653085,0.00028393119920153793,0.0001964862978263494,0.00010945978702192117,0.0001548063938549276,6.47466346465128e-05
updates,5,7,6,0.00038124285169653085,0.00028393119920153793,0.0001964862978263494,0.00014507809976654283,0.0001548063938549276,6.47466346465128e-05
upon,28,4,4,0.00038124285169653085,0.0004968795986026909,0.0005090965792197441,0.00040610649755635955,0.0006565639252378155,0.000335505288622839
us,255,2,2,0.00038124285169653085,0.0009937591972053819,0.0016554907232327733,0.0020600976577472676,0.0017202930389990817,0.003007775482215276
usa,11,3,5,0.00038124285169653085,0.0006625061314702545,0.0008305234720487999,0.0003132629456368448,0.0010627710714187356,0.0001353793269881631
use,64,3,3,0.00038124285169653085,0.0006625061314702545,0.0008305234720487999,0.0007967906891717805,0.0010627710714187356,0.0007593014426727414
used,54,4,4,0.00038124285169653085,0.0004968795986026909,0.0005090965792197441,0.00040610649755635955,0.0006565639252378155,0.0006415802887699908
useful,5,6,6,0.00038124285169653085,0.0003312530657351272,0.00025540261425089115,0.00015707113439413758,0.00025058299844920657,6.47466346465128e-05
users,5,5,5,0.00038124285169653085,0.00039750367888215276,0.00034828297622547605,0.00024076914737248623,0.0004056152820834941,6.47466346465128e-05
using,38,5,5,0.00038124285169653085,0.00039750367888215276,0.00034828297622547605,0.00024076914737248623,0.0004056152820834941,0.0004532264425255896
uss,5,3,6,0.00038124285169653085,0.0006625061314702545,0.0008305234720487999,0.0002244930666774945,0.0010627710714187356,6.47466346465128e-05
usual,5,5,7,0.00038124285169653085,0.00039750367888215276,0.00034828297622547605,0.00013018096315151365,0.0004056152820834941,6.47466346465128e-05
usually,11,7,8,0.00038124285169653085,0.00028393119920153793,0.0001964862978263494,8.575759275548628e-05,0.0001548063938549276,0.0001353793269881631
utility,5,7,8,0.00038124285169653085,0.00028393119920153793,0.0001964862978263494,8.575759275548628e-05,0.0001548063938549276,6.47466346465128e-05
v,8,1,2,0.00038124285169653085,0.0019875183944107638,0.0053833587703735275,0.002944383400722856,0.0027846148804916812,0.00010006298081733804
vacation,10,8,7,0.00038124285169653085,0.00024843979930134564,0.00015655740218654355,0.00010218192614137219,9.563705329842936e-05,0.000123607211597888
valley,11,6,4,0.00038124285169653085,0.0003312530657351272,0.00025540261425089115,0.00032954021549262946,0.00025058299844920657,0.0001353793269881631
value,22,5,5,0.00038124285169653085,0.00039750367888215276,0.00034828297622547605,0.00024076914737248623,0.0004056152820834941,0.00026487259628118863
values,11,6,6,0.00038124285169653085,0.0003312530657351272,0.00025540261425089115,0.00015707113439413758,0.00025058299844920657,0.0001353793269881631
various,11,7,6,0.00038124285169653085,0.00028393119920153793,0.0001964862978263494,0.00014507809976654283,0.0001548063938549276,0.0001353793269881631
vast,8,4,4,0.00038124285169653085,0.0004968795986026909,0.0005090965792197441,0.00040610649755635955,0.0006565639252378155,0.00010006298081733804
vendors,5,7,6,0.00038124285169653085,0.00028393119920153793,0.0001964862978263494,0.00014507809976654283,0.0001548063938549276,6.47466346465128e-05
venture,7,7,5,0.00038124285169653085,0.00028393119920153793,0.0001964862978263494,0.00020244541870664064,0.0001548063938549276,8.829086542706294e-05
version,15,7,5,0.00038124285169653085,0.00028393119920153793,0.0001964862978263494,0.00020244541870664064,0.0001548063938549276,0.00018246778854926347
very,97,4,4,0.00038124285169653085,0.0004968795986026909,0.0005090965792197441,0.00040610649755635955,0.0006565639252378155,0.0011477812505518176
veterans,5,8,7,0.00038124285169653085,0.00024843979930134564,0.00015655740218654355,0.00010218192614137219,9.563705329842936e-05,6.47466346465128e-05
via,13,3,3,0.00038124285169653085,0.0006625061314702545,0.0008305234720487999,0.0007967906891717805,0.0010627710714187356,0.0001589235577687132
vice,9,4,3,0.00038124285169653085,0.0004968795986026909,0.0005090965792197441,0.0006870197387222442,0.0006565639252378155,0.00011183509620761298
video,6,5,5,0.00038124285169653085,0.00039750367888215276,0.00034828297622547605,0.00024076914737248623,0.0004056152820834941,7.65187500367878e-05
vietnam,7,7,7,0.00038124285169653085,0.00028393119920153793,0.0001964862978263494,0.00010945978702192117,0.0001548063938549276,8.829086542706294e-05
view,14,4,3,0.00038124285169653085,0.0004968795986026909,0.0005090965792197441,0.0006870197387222442,0.0006565639252378155,0.00017069567315898835
views,5,5,4,0.00038124285169653085,0.00039750367888215276,0.00034828297622547605,0.0003619985085280506,0.0004056152820834941,6.47466346465128e-05
vince,26,5,4,0.00038124285169653085,0.00039750367888215276,0.00034828297622547605,0.0003619985085280506,0.0004056152820834941,0.00031196105784228904
violence,7,8,7,0.00038124285169653085,0.00024843979930134564,0.00015655740218654355,0.00010218192614137219,9.563705329842936e-05,8.829086542706294e-05
violent,5,7,7,0.00038124285169653085,0.00028393119920153793,0.0001964862978263494,0.00010945978702192117,0.0001548063938549276,6.47466346465128e-05
virtually,6,9,7,0.00038124285169653085,0.0002208353771567516,0.00012812990310436502,9.616512573912911e-05,5.908312787246985e-05,7.65187500367878e-05
visit,20,5,5,0.00038124285169653085,0.00039750367888215276,0.00034828297622547605,0.00024076914737248623,0.0004056152820834941,0.0002413283655006388
visited,7,7,7,0.00038124285169653085,0.00028393119920153793,0.0001964862978263494,0.00010945978702192117,0.0001548063938549276,8.829086542706294e-05
visits,5,6,6,0.00038124285169653085,0.0003312530657351272,0.00025540261425089115,0.00015707113439413758,0.00025058299844920657,6.47466346465128e-05
vital,6,5,5,0.00038124285169653085,0.00039750367888215276,0.00034828297622547605,0.00024076914737248623,0.0004056152820834941,7.65187500367878e-05
voice,8,5,3,0.00038124285169653085,0.00039750367888215276,0.00034828297622547605,0.0006124012352505361,0.0004056152820834941,0.00010006298081733804
volumes,5,7,7,0.00038124285169653085,0.00028393119920153793,0.0001964862978263494,0.00010945978702192117,0.0001548063938549276,6.47466346465128e-05
vote,9,4,3,0.00038124285169653085,0.0004968795986026909,0.0005090965792197441,0.0006870197387222442,0.0006565639252378155,0.00011183509620761298
voted,7,5,5,0.00038124285169653085,0.00039750367888215276,0.00034828297622547605,0.00024076914737248623,0.0004056152820834941,8.829086542706294e-05
vs,20,2,4,0.00038124285169653085,0.0009937591972053819,0.0016554907232327733,0.0005804255083898234,0.0017202930389990817,0.0002413283655006388
w,21,1,7,0.00038124285169653085,0.0019875183944107638,0.0053833587703735275,0.0002983278113451469,0.0027846148804916812,0.0002531004808909135
wait,9,4,3,0.00038124285169653085,0.0004968795986026909,0.0005090965792197441,0.0006870197387222442,0.0006565639252378155,0.00011183509620761298
waiting,7,7,5,0.00038124285169653085,0.00028393119920153793,0.0001964862978263494,0.00020244541870664064,0.0001548063938549276,8.829086542706294e-05
walk,5,4,3,0.00038124285169653085,0.0004968795986026909,0.0005090965792197441,0.0006870197387222442,0.0006565639252378155,6.47466346465128e-05
walked,5,6,4,0.00038124285169653085,0.0003312530657351272,0.00025540261425089115,0.00032954021549262946,0.00025058299844920657,6.47466346465128e-05
walker,7,6,4,0.00038124285169653085,0.0003312530657351272,0.00025540261425089115,0.00032954021549262946,0.00025058299844920657,8.829086542706294e-05
wall,5,4,3,0.00038124285169653085,0.0004968795986026909,0.0005090965792197441,0.0006870197387222442,0.0006565639252378155,6.47466346465128e-05
want,82,4,4,0.00038124285169653085,0.0004968795986026909,0.0005090965792197441,0.00040610649755635955,0.0006565639252378155,0.0009711995196976924
wanted,24,6,6,0.00038124285169653085,0.0003312530657351272,0.00025540261425089115,0.00015707113439413758,0.00025058299844920657,0.00028841682706173886
wants,11,5,5,0.00038124285169653085,0.00039750367888215276,0.00034828297622547605,0.00024076914737248623,0.0004056152820834941,0.0001353793269881631
war,64,3,3,0.00038124285169653085,0.0006625061314702545,0.0008305234720487999,0.0007967906891717805,0.0010627710714187356,0.0007593014426727414
warfare,5,7,6,0.00038124285169653085,0.00028393119920153793,0.0001964862978263494,0.00014507809976654283,0.0001548063938549276,6.47466346465128e-05
warm,6,4,4,0.00038124285169653085,0.0004968795986026909,0.0005090965792197441,0.00040610649755635955,0.0006565639252378155,7.65187500367878e-05
warming,19,7,6,0.00038124285169653085,0.00028393119920153793,0.0001964862978263494,0.00014507809976654283,0.0001548063938549276,0.0002295562501103637
warmth,5,6,5,0.00038124285169653085,0.0003312530657351272,0.00025540261425089115,0.0002191807834560667,0.00025058299844920657,6.47466346465128e-05
wars,10,4,4,0.00038124285169653085,0.0004968795986026909,0.0005090965792197441,0.00040610649755635955,0.0006565639252378155,0.000123607211597888
was,521,3,3,0.00038124285169653085,0.0006625061314702545,0.0008305234720487999,0.0007967906891717805,0.0010627710714187356,0.0061391581760284406
washington,23,10,8,0.00038124285169653085,0.00019875183944107635,0.00010710399599861124,7.13606686877693e-05,3.6500664531159836e-05,0.00027664471167146394
waste,9,5,4,0.00038124285169653085,0.00039750367888215276,0.00034828297622547605,0.0003619985085280506,0.0004056152820834941,0.00011183509620761298
watch,12,5,3,0.00038124285169653085,0.00039750367888215276,0.00034828297622547605,0.0006124012352505361,0.0004056152820834941,0.00014715144237843818
watching,5,8,5,0.00038124285169653085,0.00024843979930134564,0.00015655740218654355,0.0001889850454194499,9.563705329842936e-05,6.47466346465128e-05
water,13,5,4,0.00038124285169653085,0.00039750367888215276,0.00034828297622547605,0.0003619985085280506,0.0004056152820834941,0.0001589235577687132
waters,7,6,5,0.00038124285169653085,0.0003312530657351272,0.00025540261425089115,0.0002191807834560667,0.00025058299844920657,8.829086542706294e-05
wave,7,4,3,0.00038124285169653085,0.0004968795986026909,0.0005090965792197441,0.0006870197387222442,0.0006565639252378155,8.829086542706294e-05
way,84,3,2,0.00038124285169653085,0.0006625061314702545,0.0008305234720487999,0.0016716921057774523,0.0010627710714187356,0.0009947437504782418
ways,7,4,3,0.00038124285169653085,0.0004968795986026909,0.0005090965792197441,0.0006870197387222442,0.0006565639252378155,8.829086542706294e-05
we,526,2,2,0.00038124285169653085,0.0009937591972053819,0.0016554907232327733,0.0020600976577472676,0.0017202930389990817,0.006198018752979814
we'll,10,4,3,0.00038124285169653085,0.0004968795986026909,0.0005090965792197441,0.0006870197387222442,0.0006565639252378155,0.000123607211597888
we're,12,4,3,0.00038124285169653085,0.0004968795986026909,0.0005090965792197441,0.0006870197387222442,0.0006565639252378155,0.00014715144237843818
we've,11,4,3,0.00038124285169653085,0.0004968795986026909,0.0005090965792197441,0.0006870197387222442,0.0006565639252378155,0.0001353793269881631
wealth,8,6,4,0.00038124285169653085,0.0003312530657351272,0.00025540261425089115,0.00032954021549262946,0.00025058299844920657,0.00010006298081733804
weapon,9,6,5,0.00038124285169653085,0.0003312530657351272,0.00025540261425089115,0.0002191807834560667,0.00025058299844920657,0.00011183509620761298
weapons,34,7,6,0.00038124285169653085,0.00028393119920153793,0.0001964862978263494,0.00014507809976654283,0.0001548063938549276,0.0004061379809644894
web,14,3,3,0.00038124285169653085,0.0006625061314702545,0.0008305234720487999,0.0007967906891717805,0.0010627710714187356,0.00017069567315898835
website,19,7,6,0.00038124285169653085,0.00028393119920153793,0.0001964862978263494,0.00014507809976654283,0.0001548063938549276,0.0002295562501103637
wed,5,3,3,0.00038124285169653085,0.0006625061314702545,0.0008305234720487999,0.0007967906891717805,0.0010627710714187356,6.47466346465128e-05
wednesday,19,9,6,0.00038124285169653085,0.0002208353771567516,0.00012812990310436502,0.0001274573437937484,5.908312787246985e-05,0.0002295562501103637
week,55,4,3,0.00038124285169653085,0.0004968795986026909,0.0005090965792197441,0.0006870197387222442,0.0006565639252378155,0.0006533524041602659
weekend,18,7,6,0.00038124285169653085,0.00028393119920153793,0.0001964862978263494,0.00014507809976654283,0.0001548063938549276,0.00021778413472008836
weekly,6,6,5,0.00038124285169653085,0.0003312530657351272,0.00025540261425089115,0.0002191807834560667,0.00025058299844920657,7.65187500367878e-05
weeks,19,5,4,0.00038124285169653085,0.00039750367888215276,0.00034828297622547605,0.0003619985085280506,0.0004056152820834941,0.0002295562501103637
well,98,4,3,0.00038124285169653085,0.0004968795986026909,0.0005090965792197441,0.0006870197387222442,0.0006565639252378155,0.0011595533659420926
went,24,4,4,0.00038124285169653085,0.0004968795986026909,0.0005090965792197441,0.00040610649755635955,0.0006565639252378155,0.00028841682706173886
were,179,4,2,0.00038124285169653085,0.0004968795986026909,0.0005090965792197441,0.0014413891745259336,0.0006565639252378155,0.002113094712554373
west,15,4,4,0.00038124285169653085,0.0004968795986026909,0.0005090965792197441,0.00040610649755635955,0.0006565639252378155,0.00018246778854926347
western,23,7,6,0.00038124285169653085,0.00028393119920153793,0.0001964862978263494,0.00014507809976654283,0.0001548063938549276,0.00027664471167146394
what,195,4,3,0.00038124285169653085,0.0004968795986026909,0.0005090965792197441,0.0006870197387222442,0.0006565639252378155,0.0023014485587987727
what's,10,5,4,0.00038124285169653085,0.00039750367888215276,0.00034828297622547605,0.0003619985085280506,0.0004056152820834941,0.000123607211597888
whatever,8,8,6,0.00038124285169653085,0.00024843979930134564,0.00015655740218654355,0.00013543201643637974,9.563705329842936e-05,0.00010006298081733804
when,160,4,3,0.00038124285169653085,0.0004968795986026909,0.0005090965792197441,0.0006870197387222442,0.0006565639252378155,0.0018894245201391457
whenever,6,8,6,0.00038124285169653085,0.00024843979930134564,0.00015655740218654355,0.00013543201643637974,9.563705329842936e-05,7.65187500367878e-05
where,74,5,3,0.00038124285169653085,0.00039750367888215276,0.00034828297622547605,0.0006124012352505361,0.0004056152820834941,0.0008770225965754915
whether,34,7,4,0.00038124285169653085,0.00028393119920153793,0.0001964862978263494,0.00030437844894123353,0.0001548063938549276,0.0004061379809644894
which,225,5,3,0.00038124285169653085,0.00039750367888215276,0.00034828297622547605,0.0006124012352505361,0.0004056152820834941,0.002654612020507025
while,65,5,3,0.00038124285169653085,0.00039750367888215276,0.00034828297622547605,0.0006124012352505361,0.0004056152820834941,0.0007710735580630163
white,13,5,3,0.00038124285169653085,0.00039750367888215276,0.00034828297622547605,0.0006124012352505361,0.0004056152820834941,0.0001589235577687132
who,256,3,2,0.00038124285169653085,0.0006625061314702545,0.0008305234720487999,0.0016716921057774523,0.0010627710714187356,0.003019547597605553
whole,19,5,3,0.00038124285169653085,0.00039750367888215276,0.00034828297622547605,0.0006124012352505361,0.0004056152820834941,0.0002295562501103637
whom,15,4,3,0.00038124285169653085,0.0004968795986026909,0.0005090965792197441,0.0006870197387222442,0.0006565639252378155,0.00018246778854926347
whose,12,5,3,0.00038124285169653085,0.00039750367888215276,0.00034828297622547605,0.0006124012352505361,0.0004056152820834941,0.00014715144237843818
why,29,3,2,0.00038124285169653085,0.0006625061314702545,0.0008305234720487999,0.0016716921057774523,0.0010627710714187356,0.00034727740401311414
wife,6,4,3,0.00038124285169653085,0.0004968795986026909,0.0005090965792197441,0.0006870197387222442,0.0006565639252378155,7.65187500367878e-05
wikipedia,5,9,9,0.00038124285169653085,0.0002208353771567516,0.00012812990310436502,6.0750914866702875e-05,5.908312787246985e-05,6.47466346465128e-05
wild,5,4,4,0.00038124285169653085,0.0004968795986026909,0.0005090965792197441,0.00040610649755635955,0.0006565639252378155,6.47466346465128e-05
will,512,4,3,0.00038124285169653085,0.0004968795986026909,0.0005090965792197441,0.0006870197387222442,0.0006565639252378155,0.006033209137515967
william,9,7,6,0.00038124285169653085,0.00028393119920153793,0.0001964862978263494,0.00014507809976654283,0.0001548063938549276,0.00011183509620761298
willing,9,7,5,0.00038124285169653085,0.00028393119920153793,0.0001964862978263494,0.00020244541870664064,0.0001548063938549276,0.00011183509620761298
wilson,7,6,6,0.00038124285169653085,0.0003312530657351272,0.00025540261425089115,0.00015707113439413758,0.00025058299844920657,8.829086542706294e-05
win,10,3,3,0.00038124285169653085,0.0006625061314702545,0.0008305234720487999,0.0007967906891717805,0.0010627710714187356,0.000123607211597888
winter,13,6,5,0.00038124285169653085,0.0003312530657351272,0.00025540261425089115,0.0002191807834560667,0.00025058299844920657,0.0001589235577687132
wish,7,4,3,0.00038124285169653085,0.0004968795986026909,0.0005090965792197441,0.0006870197387222442,0.0006565639252378155,8.829086542706294e-05
with,659,4,3,0.00038124285169653085,0.0004968795986026909,0.0005090965792197441,0.0006870197387222442,0.0006565639252378155,0.007763710099886396
within,35,6,5,0.00038124285169653085,0.0003312530657351272,0.00025540261425089115,0.0002191807834560667,0.00025058299844920657,0.00041791009635476435
without,37,7,5,0.00038124285169653085,0.00028393119920153793,0.0001964862978263494,0.00020244541870664064,0.0001548063938549276,0.0004414543271353147
wolf,14,4,4,0.00038124285169653085,0.0004968795986026909,0.0005090965792197441,0.00040610649755635955,0.0006565639252378155,0.00017069567315898835
wolves,19,6,5,0.00038124285169653085,0.0003312530657351272,0.00025540261425089115,0.0002191807834560667,0.00025058299844920657,0.0002295562501103637
woman,9,5,5,0.00038124285169653085,0.00039750367888215276,0.00034828297622547605,0.00024076914737248623,0.0004056152820834941,0.00011183509620761298
women,17,5,5,0.00038124285169653085,0.00039750367888215276,0.00034828297622547605,0.00024076914737248623,0.0004056152820834941,0.0002060120193298133
won't,9,4,4,0.00038124285169653085,0.0004968795986026909,0.0005090965792197441,0.00040610649755635955,0.0006565639252378155,0.00011183509620761298
wonder,7,6,5,0.00038124285169653085,0.0003312530657351272,0.00025540261425089115,0.0002191807834560667,0.00025058299844920657,8.829086542706294e-05
word,32,4,3,0.00038124285169653085,0.0004968795986026909,0.0005090965792197441,0.0006870197387222442,0.0006565639252378155,0.0003825937501839394
words,11,5,4,0.00038124285169653085,0.00039750367888215276,0.00034828297622547605,0.0003619985085280506,0.0004056152820834941,0.0001353793269881631
work,87,4,3,0.00038124285169653085,0.0004968795986026909,0.0005090965792197441,0.0006870197387222442,0.0006565639252378155,0.0010300600966490674
worked,8,6,4,0.00038124285169653085,0.0003312530657351272,0.00025540261425089115,0.00032954021549262946,0.00025058299844920657,0.00010006298081733804
workers,8,7,5,0.00038124285169653085,0.00028393119920153793,0.0001964862978263494,0.00020244541870664064,0.0001548063938549276,0.00010006298081733804
workforce,5,9,7,0.00038124285169653085,0.0002208353771567516,0.00012812990310436502,9.616512573912911e-05,5.908312787246985e-05,6.47466346465128e-05
working,40,7,5,0.00038124285169653085,0.00028393119920153793,0.0001964862978263494,0.00020244541870664064,0.0001548063938549276,0.0004767706733061398
works,25,5,4,0.00038124285169653085,0.00039750367888215276,0.00034828297622547605,0.0003619985085280506,0.0004056152820834941,0.00030018894245201395
world,97,5,4,0.00038124285169653085,0.00039750367888215276,0.00034828297622547605,0.0003619985085280506,0.0004056152820834941,0.0011477812505518176
world's,10,6,5,0.00038124285169653085,0.0003312530657351272,0.00025540261425089115,0.0002191807834560667,0.00025058299844920657,0.000123607211597888
worldwide,7,9,7,0.00038124285169653085,0.0002208353771567516,0.00012812990310436502,9.616512573912911e-05,5.908312787246985e-05,8.829086542706294e-05
worry,6,5,3,0.00038124285169653085,0.00039750367888215276,0.00034828297622547605,0.0006124012352505361,0.0004056152820834941,7.65187500367878e-05
worse,5,5,3,0.00038124285169653085,0.00039750367888215276,0.00034828297622547605,0.0006124012352505361,0.0004056152820834941,6.47466346465128e-05
worst,5,5,4,0.00038124285169653085,0.00039750367888215276,0.00034828297622547605,0.0003619985085280506,0.0004056152820834941,6.47466346465128e-05
worth,15,5,3,0.00038124285169653085,0.00039750367888215276,0.00034828297622547605,0.0006124012352505361,0.0004056152820834941,0.00018246778854926347
would,279,5,3,0.00038124285169653085,0.00039750367888215276,0.00034828297622547605,0.0006124012352505361,0.0004056152820834941,0.003290306251581877
wouldn't,7,7,6,0.00038124285169653085,0.00028393119920153793,0.0001964862978263494,0.00014507809976654283,0.0001548063938549276,8.829086542706294e-05
write,5,5,3,0.00038124285169653085,0.00039750367888215276,0.00034828297622547605,0.0006124012352505361,0.0004056152820834941,6.47466346465128e-05
writing,9,7,5,0.00038124285169653085,0.00028393119920153793,0.0001964862978263494,0.00020244541870664064,0.0001548063938549276,0.00011183509620761298
written,15,7,5,0.00038124285169653085,0.00028393119920153793,0.0001964862978263494,0.00020244541870664064,0.0001548063938549276,0.00018246778854926347
wrong,7,5,3,0.00038124285169653085,0.00039750367888215276,0.00034828297622547605,0.0006124012352505361,0.0004056152820834941,8.829086542706294e-05
wrote,10,5,3,0.00038124285169653085,0.00039750367888215276,0.00034828297622547605,0.0006124012352505361,0.0004056152820834941,0.000123607211597888
wyndham,5,7,6,0.00038124285169653085,0.00028393119920153793,0.0001964862978263494,0.00014507809976654283,0.0001548063938549276,6.47466346465128e-05
x,20,1,3,0.00038124285169653085,0.0019875183944107638,0.0053833587703735275,0.001403402738422837,0.0027846148804916812,0.0002413283655006388
yahoo,9,5,4,0.00038124285169653085,0.00039750367888215276,0.00034828297622547605,0.0003619985085280506,0.0004056152820834941,0.00011183509620761298
year,120,4,3,0.00038124285169653085,0.0004968795986026909,0.0005090965792197441,0.0006870197387222442,0.0006565639252378155,0.0014185399045281448
year's,5,5,4,0.00038124285169653085,0.00039750367888215276,0.00034828297622547605,0.0003619985085280506,0.0004056152820834941,6.47466346465128e-05
years,81,5,4,0.00038124285169653085,0.00039750367888215276,0.00034828297622547605,0.0003619985085280506,0.0004056152820834941,0.0009594274043074168
yellowstone,9,11,8,0.00038124285169653085,0.00018068349040097835,9.10723338548153e-05,6.794088715125928e-05,2.2549559564483765e-05,0.00011183509620761298
yes,21,3,3,0.00038124285169653085,0.0006625061314702545,0.0008305234720487999,0.0007967906891717805,0.0010627710714187356,0.0002531004808909135
yesterday,15,9,7,0.00038124285169653085,0.0002208353771567516,0.00012812990310436502,9.616512573912911e-05,5.908312787246985e-05,0.00018246778854926347
yet,32,3,3,0.00038124285169653085,0.0006625061314702545,0.0008305234720487999,0.0007967906891717805,0.0010627710714187356,0.0003825937501839394
yo,10,2,2,0.00038124285169653085,0.0009937591972053819,0.0016554907232327733,0.0020600976577472676,0.0017202930389990817,0.000123607211597888
yoko,6,4,4,0.00038124285169653085,0.0004968795986026909,0.0005090965792197441,0.00040610649755635955,0.0006565639252378155,7.65187500367878e-05
york,18,4,4,0.00038124285169653085,0.0004968795986026909,0.0005090965792197441,0.00040610649755635955,0.0006565639252378155,0.00021778413472008836
you,949,3,2,0.00038124285169653085,0.0006625061314702545,0.0008305234720487999,0.0016716921057774523,0.0010627710714187356,0.011177623563066171
you'd,5,4,3,0.00038124285169653085,0.0004968795986026909,0.0005090965792197441,0.0006870197387222442,0.0006565639252378155,6.47466346465128e-05
you'll,25,5,3,0.00038124285169653085,0.00039750367888215276,0.00034828297622547605,0.0006124012352505361,0.0004056152820834941,0.00030018894245201395
you're,21,5,3,0.00038124285169653085,0.00039750367888215276,0.00034828297622547605,0.0006124012352505361,0.0004056152820834941,0.0002531004808909135
you've,5,5,3,0.00038124285169653085,0.00039750367888215276,0.00034828297622547605,0.0006124012352505361,0.0004056152820834941,6.47466346465128e-05
young,22,5,3,0.00038124285169653085,0.00039750367888215276,0.00034828297622547605,0.0006124012352505361,0.0004056152820834941,0.00026487259628118863
your,348,4,3,0.00038124285169653085,0.0004968795986026909,0.0005090965792197441,0.0006870197387222442,0.0006565639252378155,0.004102582213510856
yourself,19,8,6,0.00038124285169653085,0.00024843979930134564,0.00015655740218654355,0.00013543201643637974,9.563705329842936e-05,0.0002295562501103637
zacarias,7,8,8,0.00038124285169653085,0.00024843979930134564,0.00015655740218654355,8.005566470952506e-05,9.563705329842936e-05,8.829086542706294e-05
